WDIR,WSPD,GST,WVHT,DPD,APD,MWD,PRES,ATMP,WTMP,DEWP,VIS,PTDY,TIDE,datetime
100.0,20.0,25.0,4.0,8.0,,,1001.9,9.4,10.6,,,-5.2,,2025-10-18 17:00:00
100.0,19.0,24.0,4.4,8.0,,,1000.9,9.3,10.6,,,-3.8,,2025-10-18 18:00:00
110.0,18.0,22.0,4.7,8.0,,,1000.4,9.4,10.5,,,-2.4,,2025-10-18 19:00:00
110.0,17.0,22.0,4.4,8.0,,,1000.3,9.3,10.6,,,-1.6,,2025-10-18 20:00:00
110.0,16.0,22.0,4.5,8.0,,,1000.1,9.7,10.6,,,-0.8,,2025-10-18 21:00:00
110.0,13.0,18.0,4.5,8.0,,,999.5,10.4,10.6,,,-0.9,,2025-10-18 22:00:00
110.0,13.0,18.0,3.8,9.0,,,999.4,10.0,10.6,,,-0.9,,2025-10-18 23:00:00
110.0,12.0,15.0,3.6,8.0,,,998.8,10.5,10.6,,,-1.3,,2025-10-19 00:00:00
110.0,12.0,14.0,3.3,8.0,,,998.1,10.3,10.7,,,-1.4,,2025-10-19 01:00:00
110.0,11.0,15.0,3.4,8.0,,,997.8,10.7,10.7,,,-1.6,,2025-10-19 02:00:00
100.0,12.0,15.0,3.0,8.0,,,997.2,10.4,10.7,,,-1.6,,2025-10-19 03:00:00
100.0,11.0,14.0,3.1,8.0,,,996.7,10.4,10.6,,,-1.4,,2025-10-19 04:00:00
140.0,7.0,10.0,3.0,8.0,,,997.2,9.5,10.6,,,-0.6,,2025-10-19 05:00:00
110.0,10.0,15.0,3.1,8.0,,,996.3,10.3,10.5,,,-0.9,,2025-10-19 06:00:00
100.0,13.0,17.0,3.3,8.0,,,995.6,10.2,10.5,,,-1.1,,2025-10-19 07:00:00
100.0,12.0,14.0,3.0,8.0,,,996.1,10.2,10.5,,,-1.1,,2025-10-19 08:00:00
100.0,13.0,16.0,3.0,8.0,,,996.6,10.1,10.6,,,0.3,,2025-10-19 09:00:00
100.0,12.0,14.0,2.9,8.0,,,997.3,10.1,10.7,,,1.7,,2025-10-19 10:00:00
90.0,10.0,12.0,3.0,9.0,,,998.5,10.2,10.7,,,2.4,,2025-10-19 11:00:00
110.0,9.0,11.0,3.3,10.0,,,1000.0,10.4,10.6,,,3.4,,2025-10-19 12:00:00
110.0,8.0,10.0,4.3,13.0,,,1001.3,10.4,10.5,,,4.0,,2025-10-19 13:00:00
120.0,6.0,8.0,5.1,13.0,,,1002.5,10.6,10.5,,,4.0,,2025-10-19 14:00:00
120.0,4.0,5.0,4.5,13.0,,,1003.7,10.3,10.5,,,3.7,,2025-10-19 15:00:00
250.0,3.0,7.0,4.1,13.0,,,1005.0,10.6,10.4,,,3.7,,2025-10-19 16:00:00
110.0,1.0,2.0,4.2,12.0,,,1006.6,11.2,10.4,,,4.1,,2025-10-19 17:00:00
90.0,4.0,6.0,4.4,11.0,,,1015.9,11.3,11.3,,,3.9,,2025-10-20 00:00:00
180.0,2.0,5.0,4.8,12.0,,,1017.0,11.0,11.4,,,3.8,,2025-10-20 01:00:00
70.0,1.0,3.0,4.1,12.0,,,1017.4,11.1,11.4,,,2.7,,2025-10-20 02:00:00
340.0,1.0,3.0,4.1,11.0,,,1018.0,11.2,11.5,,,2.1,,2025-10-20 03:00:00
300.0,1.0,3.0,4.1,11.0,,,1018.6,11.4,11.5,,,1.6,,2025-10-20 04:00:00
300.0,3.0,4.0,4.3,11.0,,,1018.5,11.7,11.7,,,1.1,,2025-10-20 05:00:00
170.0,4.0,5.0,4.5,11.0,,,1018.9,11.8,11.8,,,0.9,,2025-10-20 06:00:00
170.0,4.0,6.0,3.7,10.0,,,1018.9,11.4,11.8,,,0.3,,2025-10-20 07:00:00
180.0,5.0,6.0,3.5,10.0,,,1019.1,11.8,11.8,,,0.6,,2025-10-20 08:00:00
160.0,7.0,8.0,3.1,11.0,,,1018.9,11.9,11.8,,,0.0,,2025-10-20 09:00:00
160.0,7.0,8.0,2.9,10.0,,,1019.2,12.0,11.8,,,0.3,,2025-10-20 10:00:00
160.0,9.0,10.0,2.9,11.0,,,1019.1,12.0,11.7,,,-0.0,,2025-10-20 11:00:00
140.0,9.0,11.0,2.8,10.0,,,1018.6,12.1,11.7,,,-0.3,,2025-10-20 12:00:00
30.0,3.0,6.0,2.9,10.0,,,1018.0,11.9,11.7,,,-1.2,,2025-10-20 13:00:00
140.0,12.0,15.0,3.1,10.0,,,1017.6,11.9,11.5,,,-1.5,,2025-10-20 14:00:00
130.0,13.0,16.0,3.2,10.0,,,1016.3,11.8,11.6,,,-2.3,,2025-10-20 15:00:00
140.0,14.0,17.0,3.4,8.0,,,1015.9,11.5,11.6,,,-2.1,,2025-10-20 16:00:00
140.0,15.0,17.0,3.5,7.0,,,1015.0,11.5,11.6,,,-2.6,,2025-10-20 17:00:00
140.0,16.0,21.0,3.6,8.0,,,1014.3,11.7,11.6,,,-2.0,,2025-10-20 18:00:00
170.0,14.0,18.0,4.0,8.0,,,1015.0,11.8,11.5,,,-0.9,,2025-10-20 19:00:00
170.0,11.0,14.0,3.5,8.0,,,1015.0,12.7,11.6,,,-0.0,,2025-10-20 20:00:00
170.0,11.0,14.0,3.5,9.0,,,1014.8,12.7,11.6,,,0.5,,2025-10-20 21:00:00
180.0,9.0,11.0,3.6,9.0,,,1015.3,12.6,11.6,,,0.3,,2025-10-20 22:00:00
190.0,8.0,10.0,3.1,9.0,,,1016.1,11.7,11.6,,,1.1,,2025-10-20 23:00:00
160.0,7.0,9.0,3.4,10.0,,,1016.2,12.5,11.6,,,1.4,,2025-10-21 00:00:00
190.0,8.0,10.0,3.4,10.0,,,1017.0,11.9,11.4,,,1.7,,2025-10-21 01:00:00
190.0,8.0,10.0,3.6,10.0,,,1017.1,12.2,11.1,,,1.0,,2025-10-21 02:00:00
190.0,5.0,8.0,3.5,10.0,,,1018.0,11.6,11.1,,,1.8,,2025-10-21 03:00:00
200.0,9.0,12.0,4.3,10.0,,,1018.7,11.9,11.1,,,1.7,,2025-10-21 04:00:00
180.0,4.0,6.0,4.2,10.0,,,1019.4,11.9,11.2,,,2.3,,2025-10-21 05:00:00
200.0,7.0,9.0,4.4,11.0,,,1019.8,12.0,11.3,,,1.8,,2025-10-21 06:00:00
200.0,8.0,11.0,4.5,11.0,,,1020.2,11.8,11.3,,,1.5,,2025-10-21 07:00:00
200.0,6.0,9.0,5.4,12.0,,,1020.9,10.7,11.3,,,1.5,,2025-10-21 08:00:00
180.0,6.0,9.0,5.6,14.0,,,1020.9,11.6,11.3,,,1.1,,2025-10-21 09:00:00
170.0,6.0,7.0,5.4,15.0,,,1021.2,11.8,11.3,,,1.0,,2025-10-21 10:00:00
170.0,4.0,6.0,4.8,15.0,,,1021.2,11.1,11.1,,,0.3,,2025-10-21 11:00:00
210.0,6.0,8.0,4.8,14.0,,,1021.5,10.3,11.2,,,0.6,,2025-10-21 12:00:00
190.0,3.0,5.0,5.1,15.0,,,1021.9,11.2,11.2,,,0.7,,2025-10-21 13:00:00
140.0,4.0,5.0,4.7,14.0,,,1020.9,11.1,11.1,,,-0.3,,2025-10-21 14:00:00
130.0,3.0,5.0,4.9,14.0,,,1020.5,11.2,11.1,,,-1.0,,2025-10-21 15:00:00
150.0,5.0,7.0,4.4,13.0,,,1020.2,11.5,11.1,,,-1.7,,2025-10-21 16:00:00
110.0,13.0,15.0,3.8,10.0,,,1017.9,9.4,10.3,,,-3.0,,2025-11-03 06:00:00
120.0,13.0,17.0,3.4,9.0,,,1017.1,9.9,10.3,,,-2.8,,2025-11-03 07:00:00
120.0,9.0,12.0,3.4,10.0,,,1017.8,9.1,10.4,,,-1.2,,2025-11-03 08:00:00
110.0,12.0,15.0,3.6,10.0,,,1016.6,9.6,10.5,,,-1.3,,2025-11-03 09:00:00
110.0,13.0,17.0,3.2,9.0,,,1015.4,9.8,10.5,,,-1.7,,2025-11-03 10:00:00
120.0,12.0,15.0,3.3,9.0,,,1015.5,9.4,10.3,,,-2.3,,2025-11-03 11:00:00
110.0,11.0,13.0,3.7,10.0,,,1015.0,9.4,10.4,,,-1.6,,2025-11-03 12:00:00
110.0,11.0,15.0,4.1,10.0,,,1014.3,9.4,10.4,,,-1.1,,2025-11-03 13:00:00
110.0,11.0,14.0,3.9,10.0,,,1013.7,9.4,10.4,,,-1.8,,2025-11-03 14:00:00
110.0,12.0,15.0,3.7,9.0,,,1013.2,9.3,10.4,,,-1.8,,2025-11-03 15:00:00
110.0,9.0,11.0,3.7,10.0,,,1013.3,9.4,10.4,,,-1.0,,2025-11-03 16:00:00
100.0,11.0,14.0,3.3,9.0,,,1012.9,9.2,10.4,,,-0.8,,2025-11-03 17:00:00
120.0,9.0,11.0,3.4,10.0,,,1013.0,9.5,10.4,,,-0.2,,2025-11-03 18:00:00
130.0,10.0,11.0,2.8,9.0,,,1012.7,9.8,10.4,,,-0.6,,2025-11-03 19:00:00
110.0,9.0,11.0,2.7,10.0,,,1012.5,9.8,10.5,,,-0.4,,2025-11-03 20:00:00
110.0,10.0,12.0,2.5,9.0,,,1012.0,10.0,10.5,,,-1.0,,2025-11-03 21:00:00
100.0,9.0,11.0,2.7,11.0,,,1011.7,9.9,10.5,,,-1.0,,2025-11-03 22:00:00
100.0,9.0,11.0,2.8,10.0,,,1011.2,10.2,10.6,,,-1.3,,2025-11-03 23:00:00
100.0,8.0,10.0,2.9,11.0,,,1010.9,10.6,10.6,,,-1.1,,2025-11-04 00:00:00
90.0,7.0,9.0,2.7,10.0,,,1010.6,10.7,10.6,,,-1.1,,2025-11-04 01:00:00
100.0,7.0,9.0,3.2,12.0,,,1010.4,10.9,10.6,,,-0.8,,2025-11-04 02:00:00
100.0,8.0,10.0,3.4,11.0,,,1010.3,10.8,10.6,,,-0.6,,2025-11-04 03:00:00
100.0,8.0,10.0,2.8,10.0,,,1010.0,10.5,10.6,,,-0.6,,2025-11-04 04:00:00
90.0,8.0,10.0,2.4,9.0,,,1009.9,10.1,10.6,,,-0.5,,2025-11-04 05:00:00
90.0,8.0,11.0,2.9,10.0,,,1009.8,9.7,10.6,,,-0.5,,2025-11-04 06:00:00
100.0,10.0,12.0,2.9,11.0,,,1009.8,9.7,10.6,,,-0.2,,2025-11-04 07:00:00
90.0,11.0,13.0,2.2,9.0,,,1009.7,9.8,10.6,,,-0.2,,2025-11-04 08:00:00
90.0,11.0,13.0,2.3,8.0,,,1009.8,9.8,10.6,,,-0.0,,2025-11-04 09:00:00
100.0,11.0,14.0,2.3,9.0,,,1009.7,9.9,10.5,,,-0.1,,2025-11-04 10:00:00
100.0,12.0,14.0,2.2,9.0,,,1009.9,9.9,10.5,,,0.2,,2025-11-04 11:00:00
100.0,12.0,14.0,2.3,9.0,,,1009.8,9.8,10.5,,,0.0,,2025-11-04 12:00:00
100.0,12.0,15.0,2.0,8.0,,,1009.8,9.7,10.5,,,0.1,,2025-11-04 13:00:00
100.0,13.0,16.0,2.0,8.0,,,1009.7,9.8,10.5,,,-0.2,,2025-11-04 14:00:00
100.0,13.0,16.0,2.3,7.0,,,1009.4,9.8,10.5,,,-0.4,,2025-11-04 15:00:00
100.0,13.0,16.0,2.2,6.0,,,1008.8,9.8,10.5,,,-1.0,,2025-11-04 16:00:00
100.0,13.0,16.0,2.3,7.0,,,1008.9,10.0,10.5,,,-0.8,,2025-11-04 17:00:00
100.0,15.0,18.0,2.4,7.0,,,1008.1,10.0,10.5,,,-1.3,,2025-11-04 18:00:00
110.0,15.0,18.0,2.5,7.0,,,1008.1,10.3,10.5,,,-0.7,,2025-11-04 19:00:00
150.0,10.0,13.0,3.3,9.0,,,1019.3,9.6,10.3,,,-0.8,,2025-11-10 21:00:00
150.0,12.0,14.0,3.5,9.0,,,1018.9,9.3,10.3,,,-1.4,,2025-11-10 22:00:00
140.0,12.0,14.0,3.4,9.0,,,1018.5,9.0,10.3,,,-1.0,,2025-11-10 23:00:00
140.0,12.0,15.0,2.9,8.0,,,1017.9,9.3,10.3,,,-1.4,,2025-11-11 00:00:00
130.0,13.0,16.0,3.1,8.0,,,1016.9,9.4,10.2,,,-2.0,,2025-11-11 01:00:00
140.0,14.0,16.0,3.3,8.0,,,1016.6,9.6,10.2,,,-1.9,,2025-11-11 02:00:00
140.0,14.0,17.0,3.2,9.0,,,1016.3,9.9,10.4,,,-1.6,,2025-11-11 03:00:00
140.0,13.0,16.0,3.4,8.0,,,1016.4,10.0,10.5,,,-0.5,,2025-11-11 04:00:00
180.0,12.0,17.0,3.3,7.0,,,1017.2,10.9,10.6,,,0.6,,2025-11-11 05:00:00
220.0,5.0,7.0,3.3,8.0,,,1019.0,11.0,10.6,,,2.7,,2025-11-11 06:00:00
200.0,4.0,6.0,3.0,8.0,,,1019.3,10.9,10.6,,,2.9,,2025-11-11 07:00:00
200.0,5.0,6.0,3.0,8.0,,,1019.5,10.8,10.6,,,2.3,,2025-11-11 08:00:00
200.0,4.0,6.0,3.1,9.0,,,1019.8,10.8,10.6,,,0.8,,2025-11-11 09:00:00
180.0,4.0,5.0,3.0,8.0,,,1020.1,10.6,10.7,,,0.8,,2025-11-11 10:00:00
210.0,4.0,5.0,2.2,7.0,,,1020.4,10.5,10.7,,,0.9,,2025-11-11 11:00:00
220.0,3.0,4.0,2.7,8.0,,,1020.3,10.5,10.7,,,0.5,,2025-11-11 12:00:00
220.0,4.0,5.0,2.8,9.0,,,1020.4,10.4,10.7,,,0.3,,2025-11-11 13:00:00
220.0,2.0,3.0,2.7,8.0,,,1020.2,10.3,10.6,,,-0.2,,2025-11-11 14:00:00
360.0,1.0,2.0,2.6,9.0,,,1020.2,10.2,10.4,,,-0.1,,2025-11-11 15:00:00
120.0,5.0,6.0,2.8,9.0,,,1020.3,9.9,10.4,,,-0.1,,2025-11-11 16:00:00
90.0,7.0,9.0,2.5,9.0,,,1020.3,9.7,10.4,,,0.1,,2025-11-11 17:00:00
110.0,8.0,9.0,2.8,10.0,,,1020.2,9.6,10.4,,,0.0,,2025-11-11 18:00:00
110.0,8.0,9.0,2.9,10.0,,,1020.0,9.6,10.4,,,-0.3,,2025-11-11 19:00:00
110.0,7.0,9.0,2.8,9.0,,,1019.7,9.6,10.5,,,-0.6,,2025-11-11 20:00:00
110.0,6.0,8.0,3.1,10.0,,,1019.0,9.5,10.6,,,-1.2,,2025-11-11 21:00:00
100.0,6.0,7.0,2.9,10.0,,,1018.5,9.5,10.6,,,-1.5,,2025-11-11 22:00:00
110.0,5.0,7.0,2.9,10.0,,,1017.6,9.6,10.6,,,-2.1,,2025-11-11 23:00:00
90.0,8.0,10.0,3.0,11.0,,,1016.6,9.3,10.6,,,-2.4,,2025-11-12 00:00:00
90.0,8.0,11.0,3.1,11.0,,,1015.7,9.4,10.6,,,-2.8,,2025-11-12 01:00:00
80.0,10.0,12.0,2.8,10.0,,,1014.6,9.3,10.5,,,-3.0,,2025-11-12 02:00:00
90.0,10.0,13.0,3.2,10.0,,,1014.1,9.0,10.3,,,-2.5,,2025-11-12 03:00:00
70.0,8.0,11.0,2.7,11.0,,,1013.8,8.8,10.3,,,-1.9,,2025-11-12 04:00:00
70.0,9.0,11.0,2.7,11.0,,,1013.1,9.0,10.2,,,-1.5,,2025-11-12 05:00:00
80.0,10.0,15.0,2.6,11.0,,,1012.3,8.8,10.2,,,-1.8,,2025-11-12 06:00:00
90.0,11.0,15.0,3.0,11.0,,,1011.4,9.4,10.2,,,-2.4,,2025-11-12 07:00:00
100.0,13.0,15.0,2.6,9.0,,,1010.4,10.1,10.2,,,-2.7,,2025-11-12 08:00:00
100.0,10.0,12.0,2.4,9.0,,,1010.2,10.2,10.2,,,-2.1,,2025-11-12 09:00:00
100.0,10.0,13.0,2.9,10.0,,,1009.4,10.2,10.2,,,-2.0,,2025-11-12 10:00:00
100.0,9.0,12.0,2.5,9.0,,,1009.0,10.2,10.2,,,-1.4,,2025-11-12 11:00:00
100.0,10.0,12.0,2.6,9.0,,,1008.3,9.9,10.3,,,-1.9,,2025-11-12 12:00:00
100.0,9.0,11.0,2.4,9.0,,,1008.0,9.9,10.3,,,-1.4,,2025-11-12 13:00:00
110.0,9.0,11.0,2.3,10.0,,,1007.4,9.6,10.3,,,-1.6,,2025-11-12 14:00:00
100.0,11.0,13.0,2.4,9.0,,,1006.5,9.2,10.3,,,-1.8,,2025-11-12 15:00:00
90.0,11.0,14.0,2.3,9.0,,,1006.1,9.5,10.3,,,-1.9,,2025-11-12 16:00:00
90.0,11.0,13.0,2.4,8.0,,,1005.8,9.7,10.3,,,-1.6,,2025-11-12 17:00:00
100.0,10.0,13.0,2.5,8.0,,,1006.1,9.9,10.3,,,-0.4,,2025-11-12 18:00:00
100.0,12.0,14.0,2.6,8.0,,,1005.7,10.1,10.3,,,-0.4,,2025-11-12 19:00:00
110.0,11.0,13.0,2.5,8.0,,,1005.3,10.1,10.2,,,-0.5,,2025-11-12 20:00:00
110.0,12.0,15.0,2.6,8.0,,,1004.7,10.0,10.2,,,-1.4,,2025-11-12 21:00:00
110.0,12.0,15.0,2.6,8.0,,,1004.5,9.7,10.2,,,-1.2,,2025-11-12 22:00:00
100.0,12.0,15.0,2.5,8.0,,,1004.1,9.6,10.2,,,-1.2,,2025-11-12 23:00:00
100.0,14.0,17.0,2.5,7.0,,,1003.6,9.4,10.3,,,-1.1,,2025-11-13 00:00:00
100.0,14.0,17.0,2.4,7.0,,,1003.4,9.4,10.3,,,-1.1,,2025-11-13 01:00:00
110.0,12.0,15.0,2.7,7.0,,,1003.5,9.4,10.2,,,-0.6,,2025-11-13 02:00:00
280.0,9.0,11.0,2.7,7.0,,,1004.6,8.4,10.2,,,1.0,,2025-11-13 03:00:00
290.0,8.0,10.0,2.5,8.0,,,1004.9,8.2,10.3,,,1.5,,2025-11-13 04:00:00
290.0,10.0,12.0,2.2,8.0,,,1005.4,8.4,10.3,,,1.9,,2025-11-13 05:00:00
300.0,11.0,14.0,2.4,8.0,,,1005.7,8.4,10.4,,,1.1,,2025-11-13 06:00:00
300.0,10.0,13.0,2.4,8.0,,,1005.8,8.9,10.4,,,0.9,,2025-11-13 07:00:00
300.0,9.0,11.0,2.5,8.0,,,1006.0,8.9,10.2,,,0.6,,2025-11-13 08:00:00
300.0,10.0,12.0,2.5,9.0,,,1006.3,8.9,10.1,,,0.6,,2025-11-13 09:00:00
290.0,11.0,13.0,2.3,8.0,,,1006.2,9.0,10.1,,,0.4,,2025-11-13 10:00:00
300.0,10.0,12.0,2.3,8.0,,,1006.1,8.9,10.2,,,0.1,,2025-11-13 11:00:00
290.0,9.0,12.0,2.3,8.0,,,1005.8,8.9,10.3,,,-0.5,,2025-11-13 12:00:00
290.0,10.0,12.0,2.1,7.0,,,1005.8,8.7,10.4,,,-0.4,,2025-11-13 13:00:00
310.0,11.0,13.0,2.1,7.0,,,1005.8,8.3,10.5,,,-0.3,,2025-11-13 14:00:00
310.0,9.0,11.0,2.1,7.0,,,1005.9,8.5,10.5,,,0.1,,2025-11-13 15:00:00
320.0,8.0,10.0,2.0,8.0,,,1005.7,8.5,10.5,,,-0.1,,2025-11-13 16:00:00
310.0,8.0,10.0,1.9,7.0,,,1005.9,8.4,10.5,,,0.1,,2025-11-13 17:00:00
310.0,8.0,9.0,1.8,8.0,,,1005.8,8.6,10.4,,,-0.1,,2025-11-13 18:00:00
310.0,7.0,8.0,1.8,9.0,,,1005.9,8.6,10.5,,,0.2,,2025-11-13 19:00:00
290.0,7.0,9.0,1.8,9.0,,,1005.7,8.4,10.6,,,-0.2,,2025-11-13 20:00:00
310.0,6.0,7.0,1.7,9.0,,,1005.7,8.7,10.6,,,-0.1,,2025-11-13 21:00:00
310.0,5.0,6.0,1.7,9.0,,,1005.8,8.7,10.6,,,-0.1,,2025-11-13 22:00:00
310.0,4.0,6.0,1.7,9.0,,,1005.8,8.5,10.6,,,0.1,,2025-11-13 23:00:00
310.0,3.0,5.0,1.5,8.0,,,1005.8,8.4,10.6,,,0.1,,2025-11-14 00:00:00
300.0,3.0,4.0,1.5,9.0,,,1005.9,8.3,10.6,,,0.1,,2025-11-14 01:00:00
230.0,5.0,7.0,1.3,8.0,,,1005.9,7.6,10.6,,,0.1,,2025-11-14 02:00:00
330.0,3.0,4.0,1.6,9.0,,,1006.1,7.7,10.5,,,0.3,,2025-11-14 03:00:00
320.0,1.0,1.0,1.4,9.0,,,1006.2,7.9,10.4,,,0.3,,2025-11-14 04:00:00
80.0,1.0,3.0,1.4,9.0,,,1005.9,8.0,10.4,,,0.0,,2025-11-14 05:00:00
100.0,3.0,4.0,1.3,9.0,,,1005.9,8.2,10.3,,,-0.2,,2025-11-14 06:00:00
100.0,4.0,5.0,1.2,10.0,,,1006.2,8.3,10.3,,,-0.0,,2025-11-14 07:00:00
100.0,5.0,6.0,1.5,11.0,,,1006.0,8.3,10.4,,,0.1,,2025-11-14 08:00:00
90.0,7.0,8.0,1.3,10.0,,,1005.9,7.8,10.4,,,0.0,,2025-11-14 09:00:00
80.0,7.0,8.0,1.4,9.0,,,1005.7,7.7,10.4,,,-0.5,,2025-11-14 10:00:00
90.0,8.0,9.0,1.4,9.0,,,1005.7,7.3,10.4,,,-0.3,,2025-11-14 11:00:00
90.0,9.0,10.0,1.4,8.0,,,1005.1,7.5,10.4,,,-0.8,,2025-11-14 12:00:00
90.0,9.0,10.0,1.4,7.0,,,1005.0,7.7,10.4,,,-0.7,,2025-11-14 13:00:00
90.0,9.0,11.0,1.4,7.0,,,1005.0,7.9,10.4,,,-0.7,,2025-11-14 14:00:00
100.0,10.0,12.0,1.4,7.0,,,1004.6,8.1,10.4,,,-0.5,,2025-11-14 15:00:00
100.0,10.0,12.0,1.5,7.0,,,1004.6,8.1,10.4,,,-0.4,,2025-11-14 16:00:00
100.0,10.0,12.0,1.5,7.0,,,1004.6,8.3,10.3,,,-0.4,,2025-11-14 17:00:00
100.0,10.0,12.0,1.5,6.0,,,1004.5,8.6,10.3,,,-0.1,,2025-11-14 18:00:00
100.0,12.0,14.0,1.6,7.0,,,1004.5,8.6,10.3,,,-0.1,,2025-11-14 19:00:00
100.0,12.0,15.0,1.8,7.0,,,1004.2,8.5,10.3,,,-0.4,,2025-11-14 20:00:00
100.0,13.0,16.0,2.0,7.0,,,1003.3,8.3,10.3,,,-1.2,,2025-11-14 21:00:00
100.0,14.0,17.0,2.1,6.0,,,1003.1,8.5,10.3,,,-1.4,,2025-11-14 22:00:00
90.0,15.0,19.0,2.3,6.0,,,1002.2,8.0,10.4,,,-2.0,,2025-11-14 23:00:00
100.0,15.0,19.0,2.6,6.0,,,1001.6,8.2,10.4,,,-1.7,,2025-11-15 00:00:00
100.0,16.0,19.0,2.8,6.0,,,1001.7,8.2,10.4,,,-1.4,,2025-11-15 01:00:00
100.0,16.0,19.0,3.1,7.0,,,1001.6,8.2,10.5,,,-0.6,,2025-11-15 02:00:00
110.0,15.0,19.0,3.1,7.0,,,1001.7,8.3,10.5,,,0.1,,2025-11-15 03:00:00
110.0,14.0,17.0,3.1,7.0,,,1001.9,8.4,10.5,,,0.2,,2025-11-15 04:00:00
110.0,13.0,17.0,3.0,7.0,,,1003.5,8.4,10.4,,,1.9,,2025-11-15 05:00:00
120.0,12.0,16.0,2.9,7.0,,,1004.7,8.5,10.4,,,3.0,,2025-11-15 06:00:00
200.0,6.0,8.0,2.6,7.0,,,1005.8,10.7,10.5,,,3.9,,2025-11-15 07:00:00
190.0,6.0,7.0,2.2,7.0,,,1006.9,10.8,10.5,,,3.4,,2025-11-15 08:00:00
210.0,6.0,9.0,2.1,7.0,,,1007.8,10.4,10.5,,,3.1,,2025-11-15 09:00:00
220.0,6.0,8.0,2.2,7.0,,,1008.6,10.6,10.5,,,2.8,,2025-11-15 10:00:00
210.0,5.0,7.0,2.0,8.0,,,1009.1,10.3,10.4,,,2.2,,2025-11-15 11:00:00
220.0,7.0,8.0,1.9,7.0,,,1010.3,10.3,10.4,,,2.5,,2025-11-15 12:00:00
220.0,5.0,7.0,2.2,8.0,,,1010.9,9.9,10.4,,,2.3,,2025-11-15 13:00:00
170.0,3.0,4.0,2.1,8.0,,,1011.2,10.0,10.4,,,2.1,,2025-11-15 14:00:00
160.0,4.0,5.0,2.4,8.0,,,1011.7,10.2,10.4,,,1.4,,2025-11-15 15:00:00
140.0,5.0,6.0,2.5,8.0,,,1011.9,10.2,10.4,,,1.0,,2025-11-15 16:00:00
130.0,4.0,5.0,2.5,9.0,,,1012.3,9.8,10.4,,,1.1,,2025-11-15 17:00:00
170.0,6.0,7.0,2.6,8.0,,,1012.7,9.4,10.5,,,1.0,,2025-11-15 18:00:00
110.0,7.0,9.0,2.7,9.0,,,1012.2,9.5,10.5,,,0.3,,2025-11-15 19:00:00
110.0,7.0,9.0,2.7,9.0,,,1011.4,9.2,10.5,,,-0.9,,2025-11-15 20:00:00
120.0,7.0,9.0,2.7,9.0,,,1011.0,9.2,10.5,,,-1.7,,2025-11-15 21:00:00
140.0,5.0,6.0,2.6,9.0,,,1010.4,9.2,10.5,,,-1.8,,2025-11-15 22:00:00
130.0,6.0,7.0,3.1,10.0,,,1009.4,9.2,10.5,,,-2.0,,2025-11-15 23:00:00
150.0,6.0,8.0,2.4,9.0,,,1009.2,9.5,10.5,,,-1.8,,2025-11-16 00:00:00
160.0,6.0,8.0,2.5,9.0,,,1008.1,9.4,10.5,,,-2.3,,2025-11-16 01:00:00
180.0,5.0,7.0,2.6,9.0,,,1007.2,9.2,10.5,,,-2.2,,2025-11-16 02:00:00
240.0,4.0,5.0,2.5,9.0,,,1006.3,8.8,10.5,,,-2.9,,2025-11-16 03:00:00
300.0,2.0,3.0,2.5,9.0,,,1005.4,8.8,10.5,,,-2.7,,2025-11-16 04:00:00
340.0,5.0,6.0,2.5,9.0,,,1004.2,8.6,10.4,,,-3.0,,2025-11-16 05:00:00
360.0,4.0,6.0,2.3,9.0,,,1002.9,9.1,10.4,,,-3.4,,2025-11-16 06:00:00
100.0,9.0,11.0,2.4,9.0,,,1001.4,9.5,10.5,,,-4.0,,2025-11-16 07:00:00
100.0,11.0,14.0,2.8,10.0,,,1000.3,9.5,10.5,,,-3.9,,2025-11-16 08:00:00
100.0,11.0,14.0,3.0,10.0,,,999.1,9.5,10.5,,,-3.8,,2025-11-16 09:00:00
100.0,12.0,15.0,3.2,10.0,,,997.7,9.6,10.4,,,-3.7,,2025-11-16 10:00:00
100.0,11.0,14.0,3.3,10.0,,,996.5,9.9,10.2,,,-3.8,,2025-11-16 11:00:00
100.0,11.0,14.0,3.4,10.0,,,995.5,10.0,10.1,,,-3.6,,2025-11-16 12:00:00
110.0,12.0,15.0,3.5,10.0,,,994.6,10.0,10.1,,,-3.1,,2025-11-16 13:00:00
100.0,11.0,14.0,3.2,10.0,,,994.0,10.0,10.1,,,-2.5,,2025-11-16 14:00:00
90.0,11.0,15.0,3.3,9.0,,,993.3,10.1,10.2,,,-2.2,,2025-11-16 15:00:00
10.0,7.0,10.0,3.3,10.0,,,994.7,8.7,10.2,,,0.1,,2025-11-16 16:00:00
300.0,10.0,12.0,3.1,9.0,,,994.5,7.2,10.2,,,0.5,,2025-11-16 17:00:00
290.0,11.0,13.0,2.9,8.0,,,994.7,7.4,10.2,,,1.4,,2025-11-16 18:00:00
290.0,11.0,14.0,3.3,9.0,,,995.5,7.3,10.2,,,0.8,,2025-11-16 19:00:00
300.0,11.0,13.0,2.9,9.0,,,996.2,7.5,10.2,,,1.7,,2025-11-16 20:00:00
290.0,10.0,12.0,3.1,9.0,,,996.9,8.1,10.2,,,2.2,,2025-11-16 21:00:00
280.0,11.0,14.0,3.0,10.0,,,997.5,8.4,10.2,,,2.0,,2025-11-16 22:00:00
300.0,12.0,14.0,3.0,9.0,,,998.0,9.0,10.2,,,1.8,,2025-11-16 23:00:00
280.0,11.0,14.0,3.0,9.0,,,999.4,8.9,10.2,,,2.5,,2025-11-17 00:00:00
280.0,11.0,13.0,3.1,9.0,,,1000.3,9.0,10.2,,,2.8,,2025-11-17 01:00:00
280.0,11.0,14.0,3.8,10.0,,,1001.3,8.9,10.2,,,3.3,,2025-11-17 02:00:00
280.0,12.0,14.0,3.7,9.0,,,1002.0,9.0,10.2,,,2.6,,2025-11-17 03:00:00
280.0,12.0,16.0,3.9,9.0,,,1002.8,9.0,10.2,,,2.5,,2025-11-17 04:00:00
290.0,12.0,14.0,3.9,9.0,,,1003.6,9.1,10.2,,,2.3,,2025-11-17 05:00:00
280.0,12.0,15.0,3.5,9.0,,,1004.5,9.2,10.2,,,2.5,,2025-11-17 06:00:00
280.0,12.0,14.0,3.6,8.0,,,1005.1,9.2,10.2,,,2.3,,2025-11-17 07:00:00
300.0,11.0,14.0,3.4,8.0,,,1005.9,8.9,10.1,,,2.3,,2025-11-17 08:00:00
290.0,11.0,13.0,3.2,9.0,,,1006.4,8.9,10.1,,,1.9,,2025-11-17 09:00:00
310.0,11.0,12.0,2.8,9.0,,,1007.1,8.7,10.1,,,2.0,,2025-11-17 10:00:00
300.0,11.0,14.0,3.1,10.0,,,1008.0,8.7,10.0,,,2.1,,2025-11-17 11:00:00
300.0,11.0,14.0,3.0,9.0,,,1008.6,8.6,10.0,,,2.2,,2025-11-17 12:00:00
300.0,11.0,13.0,3.1,9.0,,,1009.2,8.6,10.0,,,2.1,,2025-11-17 13:00:00
290.0,10.0,13.0,3.0,9.0,,,1009.8,8.7,10.1,,,1.8,,2025-11-17 14:00:00
300.0,10.0,12.0,3.2,9.0,,,1010.3,8.6,10.1,,,1.7,,2025-11-17 15:00:00
310.0,10.0,12.0,3.2,10.0,,,1010.8,8.4,10.1,,,1.6,,2025-11-17 16:00:00
320.0,8.0,10.0,3.2,10.0,,,1011.2,8.1,10.1,,,1.4,,2025-11-17 17:00:00
330.0,6.0,7.0,2.8,9.0,,,1011.5,7.8,10.1,,,1.2,,2025-11-17 18:00:00
330.0,4.0,6.0,2.7,10.0,,,1012.1,7.9,10.1,,,1.3,,2025-11-17 19:00:00
300.0,5.0,7.0,2.9,10.0,,,1012.8,7.9,10.1,,,1.6,,2025-11-17 20:00:00
300.0,7.0,8.0,2.4,10.0,,,1013.0,8.2,10.1,,,1.5,,2025-11-17 21:00:00
310.0,6.0,7.0,2.2,10.0,,,1013.5,8.3,10.1,,,1.4,,2025-11-17 22:00:00
320.0,5.0,6.0,2.3,11.0,,,1013.7,8.3,10.1,,,0.9,,2025-11-17 23:00:00
320.0,4.0,5.0,2.0,9.0,,,1014.2,8.3,10.1,,,1.2,,2025-11-18 00:00:00
350.0,3.0,4.0,2.1,9.0,,,1015.0,8.0,10.1,,,1.5,,2025-11-18 01:00:00
0.0,2.0,3.0,2.1,9.0,,,1015.4,7.8,9.9,,,1.7,,2025-11-18 02:00:00
50.0,2.0,4.0,2.2,9.0,,,1015.6,7.6,9.8,,,1.4,,2025-11-18 03:00:00
80.0,2.0,3.0,2.1,10.0,,,1015.8,7.5,9.4,,,0.8,,2025-11-18 04:00:00
90.0,2.0,3.0,2.1,9.0,,,1016.1,7.6,9.4,,,0.7,,2025-11-18 05:00:00
120.0,2.0,3.0,2.0,9.0,,,1016.6,8.0,9.4,,,1.0,,2025-11-18 06:00:00
120.0,3.0,4.0,1.9,9.0,,,1016.9,8.2,9.3,,,1.1,,2025-11-18 07:00:00
110.0,3.0,5.0,1.8,10.0,,,1017.3,8.2,9.4,,,1.2,,2025-11-18 08:00:00
90.0,4.0,5.0,1.5,9.0,,,1017.7,7.7,9.3,,,1.1,,2025-11-18 09:00:00
100.0,5.0,6.0,1.6,9.0,,,1018.0,7.5,9.3,,,1.1,,2025-11-18 10:00:00
90.0,5.0,6.0,1.5,9.0,,,1018.5,7.5,9.3,,,1.2,,2025-11-18 11:00:00
90.0,5.0,7.0,1.4,9.0,,,1018.7,7.8,9.4,,,1.0,,2025-11-18 12:00:00
100.0,6.0,7.0,1.4,9.0,,,1018.7,7.9,9.4,,,0.7,,2025-11-18 13:00:00
100.0,6.0,7.0,1.4,9.0,,,1018.8,7.8,9.4,,,0.3,,2025-11-18 14:00:00
100.0,6.0,7.0,1.4,8.0,,,1019.3,8.1,9.4,,,0.6,,2025-11-18 15:00:00
110.0,6.0,8.0,1.3,8.0,,,1019.9,8.4,9.3,,,1.2,,2025-11-18 16:00:00
110.0,5.0,7.0,1.3,8.0,,,1020.2,8.6,9.6,,,1.4,,2025-11-18 17:00:00
110.0,5.0,6.0,1.4,8.0,,,1020.9,8.7,9.9,,,1.6,,2025-11-18 18:00:00
110.0,6.0,8.0,1.4,8.0,,,1020.8,8.9,10.2,,,0.9,,2025-11-18 19:00:00
100.0,6.0,7.0,1.5,9.0,,,1020.6,8.7,10.3,,,0.4,,2025-11-18 20:00:00
100.0,6.0,7.0,1.5,9.0,,,1020.5,8.8,10.3,,,-0.4,,2025-11-18 21:00:00
100.0,5.0,6.0,1.5,9.0,,,1021.0,9.2,10.2,,,0.2,,2025-11-18 22:00:00
100.0,4.0,5.0,1.7,9.0,,,1020.9,9.2,10.2,,,0.3,,2025-11-18 23:00:00
110.0,4.0,5.0,1.5,10.0,,,1020.4,9.2,10.1,,,-0.1,,2025-11-19 00:00:00
110.0,5.0,6.0,1.5,9.0,,,1020.1,9.3,10.2,,,-0.9,,2025-11-19 01:00:00
120.0,4.0,5.0,1.7,9.0,,,1020.8,9.1,10.1,,,-0.1,,2025-11-19 02:00:00
110.0,5.0,7.0,1.7,9.0,,,1019.8,9.0,10.1,,,-0.6,,2025-11-19 03:00:00
100.0,7.0,8.0,1.7,9.0,,,1019.5,8.8,10.3,,,-0.6,,2025-11-19 04:00:00
110.0,9.0,11.0,1.7,8.0,,,1018.9,8.9,10.4,,,-1.9,,2025-11-19 05:00:00
100.0,10.0,12.0,1.7,8.0,,,1018.4,8.8,10.4,,,-1.4,,2025-11-19 06:00:00
100.0,11.0,13.0,1.8,8.0,,,1017.6,8.6,10.3,,,-1.9,,2025-11-19 07:00:00
110.0,12.0,15.0,2.2,8.0,,,1016.5,8.7,10.3,,,-2.4,,2025-11-19 08:00:00
100.0,12.0,14.0,2.1,8.0,,,1016.1,8.6,10.3,,,-2.3,,2025-11-19 09:00:00
100.0,12.0,14.0,2.0,7.0,,,1015.4,8.7,10.4,,,-2.2,,2025-11-19 10:00:00
90.0,13.0,15.0,2.0,7.0,,,1014.1,8.8,10.3,,,-2.4,,2025-11-19 11:00:00
90.0,13.0,17.0,2.1,7.0,,,1012.9,8.8,10.3,,,-3.2,,2025-11-19 12:00:00
100.0,15.0,17.0,2.4,7.0,,,1011.4,8.8,10.4,,,-4.0,,2025-11-19 13:00:00
100.0,14.0,17.0,2.3,6.0,,,1010.7,9.0,10.3,,,-3.4,,2025-11-19 14:00:00
110.0,14.0,18.0,2.4,6.0,,,1009.5,9.2,10.4,,,-3.4,,2025-11-19 15:00:00
100.0,13.0,16.0,2.4,7.0,,,1008.4,8.9,10.4,,,-3.0,,2025-11-19 16:00:00
90.0,15.0,18.0,2.4,6.0,,,1005.9,9.2,10.4,,,-4.8,,2025-11-19 17:00:00
90.0,16.0,19.0,2.6,6.0,,,1005.4,9.3,10.4,,,-4.1,,2025-11-19 18:00:00
90.0,16.0,19.0,3.3,7.0,,,1004.9,9.4,10.3,,,-3.5,,2025-11-19 19:00:00
100.0,15.0,19.0,3.2,7.0,,,1004.4,9.9,10.3,,,-1.5,,2025-11-19 20:00:00
110.0,16.0,19.0,3.1,7.0,,,1004.3,9.7,10.3,,,-1.1,,2025-11-19 21:00:00
100.0,13.0,16.0,2.8,7.0,,,1003.8,9.6,10.3,,,-1.1,,2025-11-19 22:00:00
100.0,17.0,21.0,3.2,8.0,,,1002.6,9.9,10.3,,,-1.8,,2025-11-19 23:00:00
100.0,17.0,21.0,3.2,8.0,,,1002.0,10.2,10.3,,,-2.3,,2025-11-20 00:00:00
100.0,16.0,20.0,3.6,8.0,,,1001.6,10.3,10.3,,,-2.2,,2025-11-20 01:00:00
100.0,15.0,20.0,3.7,8.0,,,1001.6,10.3,10.3,,,-1.0,,2025-11-20 02:00:00
100.0,16.0,20.0,4.0,9.0,,,1001.7,10.1,10.4,,,-0.3,,2025-11-20 03:00:00
100.0,16.0,20.0,3.8,9.0,,,1001.7,9.8,10.4,,,0.1,,2025-11-20 04:00:00
100.0,14.0,17.0,3.8,9.0,,,1001.8,9.9,10.3,,,0.2,,2025-11-20 05:00:00
100.0,15.0,20.0,4.1,9.0,,,1001.9,10.0,10.3,,,0.2,,2025-11-20 06:00:00
100.0,16.0,19.0,3.6,9.0,,,1002.0,10.1,10.3,,,0.3,,2025-11-20 07:00:00
100.0,15.0,19.0,3.2,8.0,,,1002.7,10.1,10.3,,,0.9,,2025-11-20 08:00:00
110.0,14.0,18.0,3.2,8.0,,,1003.5,10.1,10.3,,,1.6,,2025-11-20 09:00:00
100.0,15.0,19.0,3.2,8.0,,,1003.7,10.0,10.3,,,1.7,,2025-11-20 10:00:00
110.0,14.0,18.0,3.2,8.0,,,1004.4,9.7,10.3,,,1.7,,2025-11-20 11:00:00
110.0,15.0,18.0,3.0,8.0,,,1004.5,9.8,10.3,,,1.0,,2025-11-20 12:00:00
110.0,16.0,19.0,3.0,8.0,,,1004.2,9.7,10.2,,,0.5,,2025-11-20 13:00:00
110.0,13.0,16.0,3.1,8.0,,,1006.1,9.3,10.2,,,1.7,,2025-11-20 14:00:00
100.0,12.0,14.0,3.0,8.0,,,1007.6,9.7,10.2,,,3.1,,2025-11-20 15:00:00
110.0,12.0,15.0,3.4,9.0,,,1008.3,9.7,10.1,,,4.1,,2025-11-20 16:00:00
120.0,11.0,15.0,4.5,13.0,,,1009.2,9.9,10.2,,,3.1,,2025-11-20 17:00:00
120.0,11.0,14.0,6.5,14.0,,,1010.2,9.9,10.2,,,2.6,,2025-11-20 18:00:00
150.0,10.0,13.0,5.5,12.0,,,1011.0,10.8,10.3,,,2.7,,2025-11-20 19:00:00
150.0,11.0,13.0,5.3,13.0,,,1011.8,10.6,10.3,,,2.6,,2025-11-20 20:00:00
150.0,10.0,12.0,4.4,12.0,,,1012.2,10.4,10.3,,,2.0,,2025-11-20 21:00:00
140.0,13.0,16.0,4.2,12.0,,,1011.8,10.6,10.3,,,0.8,,2025-11-20 22:00:00
140.0,12.0,15.0,4.6,12.0,,,1012.0,10.6,10.2,,,0.2,,2025-11-20 23:00:00
130.0,13.0,16.0,4.2,12.0,,,1011.8,10.6,10.0,,,-0.4,,2025-11-21 00:00:00
130.0,14.0,18.0,4.0,11.0,,,1011.1,10.6,10.0,,,-0.7,,2025-11-21 01:00:00
140.0,16.0,19.0,4.4,11.0,,,1010.8,10.5,9.9,,,-1.2,,2025-11-21 02:00:00
140.0,16.0,19.0,4.6,10.0,,,1010.2,10.4,9.9,,,-1.6,,2025-11-21 03:00:00
140.0,16.0,19.0,5.0,10.0,,,1010.8,9.9,9.9,,,-0.3,,2025-11-21 04:00:00
140.0,18.0,23.0,5.2,10.0,,,1009.8,9.7,10.0,,,-1.0,,2025-11-21 05:00:00
140.0,18.0,23.0,5.1,10.0,,,1009.8,9.9,10.1,,,-0.4,,2025-11-21 06:00:00
140.0,17.0,22.0,4.9,10.0,,,1009.6,10.1,10.2,,,-1.2,,2025-11-21 07:00:00
150.0,17.0,21.0,4.9,9.0,,,1009.6,10.3,10.3,,,-0.2,,2025-11-21 08:00:00
140.0,14.0,18.0,4.6,9.0,,,1010.2,10.7,10.3,,,0.4,,2025-11-21 09:00:00
170.0,11.0,14.0,4.6,10.0,,,1010.7,11.0,10.3,,,1.1,,2025-11-21 10:00:00
220.0,9.0,12.0,4.2,9.0,,,1011.9,10.8,10.2,,,2.3,,2025-11-21 11:00:00
230.0,9.0,12.0,3.9,9.0,,,1012.5,10.9,10.3,,,2.3,,2025-11-21 12:00:00
240.0,7.0,9.0,3.6,10.0,,,1013.6,10.7,10.2,,,2.9,,2025-11-21 13:00:00
240.0,5.0,7.0,3.6,9.0,,,1014.5,10.6,10.1,,,2.6,,2025-11-21 14:00:00
210.0,5.0,7.0,3.2,9.0,,,1015.5,10.4,10.0,,,3.0,,2025-11-21 15:00:00
210.0,5.0,6.0,3.0,10.0,,,1016.2,10.4,10.0,,,2.6,,2025-11-21 16:00:00
220.0,3.0,4.0,3.2,10.0,,,1016.9,10.4,10.1,,,2.4,,2025-11-21 17:00:00
170.0,2.0,3.0,3.0,9.0,,,1017.2,10.7,10.3,,,1.7,,2025-11-21 18:00:00
160.0,4.0,5.0,2.9,9.0,,,1017.8,10.5,10.3,,,1.6,,2025-11-21 19:00:00
150.0,5.0,6.0,3.1,9.0,,,1017.6,10.9,10.3,,,0.7,,2025-11-21 20:00:00
140.0,5.0,7.0,3.2,10.0,,,1017.4,10.7,10.4,,,0.2,,2025-11-21 21:00:00
140.0,7.0,8.0,3.2,10.0,,,1016.8,10.6,10.4,,,-1.0,,2025-11-21 22:00:00
140.0,7.0,9.0,3.1,10.0,,,1016.7,10.6,10.4,,,-0.9,,2025-11-21 23:00:00
140.0,8.0,9.0,3.8,11.0,,,1017.0,10.7,10.4,,,-0.4,,2025-11-22 00:00:00
150.0,8.0,9.0,4.3,12.0,,,1016.8,10.7,10.3,,,0.0,,2025-11-22 01:00:00
140.0,8.0,10.0,3.7,11.0,,,1016.6,10.7,10.3,,,-0.1,,2025-11-22 02:00:00
130.0,8.0,10.0,3.8,11.0,,,1016.3,10.5,10.3,,,-0.7,,2025-11-22 03:00:00
140.0,8.0,11.0,4.0,11.0,,,1015.9,10.6,10.3,,,-0.9,,2025-11-22 04:00:00
150.0,8.0,11.0,3.3,10.0,,,1015.7,10.6,10.3,,,-0.9,,2025-11-22 05:00:00
200.0,7.0,10.0,3.3,11.0,,,1015.6,10.5,10.3,,,-0.7,,2025-11-22 06:00:00
190.0,4.0,6.0,3.0,10.0,,,1015.2,10.4,10.2,,,-0.7,,2025-11-22 07:00:00
200.0,5.0,6.0,3.1,11.0,,,1015.0,9.8,10.1,,,-0.7,,2025-11-22 08:00:00
200.0,4.0,5.0,3.2,12.0,,,1014.3,9.4,10.1,,,-1.3,,2025-11-22 09:00:00
170.0,1.0,2.0,3.1,12.0,,,1014.1,9.1,10.1,,,-1.1,,2025-11-22 10:00:00
210.0,4.0,5.0,3.0,12.0,,,1013.9,9.1,9.9,,,-1.1,,2025-11-22 11:00:00
210.0,4.0,5.0,3.2,12.0,,,1013.8,9.1,9.9,,,-0.5,,2025-11-22 12:00:00
230.0,5.0,7.0,3.7,13.0,,,1013.7,9.2,10.0,,,-0.4,,2025-11-22 13:00:00
200.0,4.0,6.0,3.3,12.0,,,1013.6,9.4,10.0,,,-0.3,,2025-11-22 14:00:00
180.0,5.0,6.0,3.7,12.0,,,1013.7,9.5,9.9,,,-0.1,,2025-11-22 15:00:00
230.0,5.0,7.0,3.3,11.0,,,1013.8,9.8,9.9,,,0.1,,2025-11-22 16:00:00
240.0,3.0,5.0,3.5,11.0,,,1014.2,9.7,9.9,,,0.6,,2025-11-22 17:00:00
250.0,3.0,5.0,3.0,11.0,,,1014.6,10.0,9.8,,,0.9,,2025-11-22 18:00:00
270.0,4.0,6.0,3.0,11.0,,,1014.9,9.8,9.8,,,1.1,,2025-11-22 19:00:00
260.0,4.0,6.0,2.9,11.0,,,1014.9,10.1,9.8,,,0.7,,2025-11-22 20:00:00
260.0,5.0,7.0,3.1,12.0,,,1014.8,9.9,9.8,,,0.2,,2025-11-22 21:00:00
260.0,5.0,6.0,2.7,11.0,,,1014.8,9.9,9.7,,,-0.1,,2025-11-22 22:00:00
250.0,4.0,6.0,2.7,12.0,,,1014.9,9.5,9.8,,,-0.0,,2025-11-22 23:00:00
240.0,4.0,6.0,2.7,12.0,,,1015.3,9.5,9.9,,,0.5,,2025-11-23 00:00:00
250.0,6.0,7.0,2.9,13.0,,,1015.6,9.2,9.8,,,0.8,,2025-11-23 01:00:00
220.0,4.0,6.0,3.0,13.0,,,1015.9,9.2,9.7,,,1.0,,2025-11-23 02:00:00
200.0,3.0,6.0,2.8,13.0,,,1016.5,9.0,9.8,,,1.2,,2025-11-23 03:00:00
220.0,4.0,5.0,2.7,13.0,,,1016.7,9.1,9.9,,,1.1,,2025-11-23 04:00:00
230.0,4.0,6.0,3.3,13.0,,,1016.9,9.2,9.9,,,1.0,,2025-11-23 05:00:00
230.0,4.0,5.0,3.4,12.0,,,1016.9,9.1,9.8,,,0.4,,2025-11-23 06:00:00
200.0,3.0,5.0,4.0,12.0,,,1017.2,8.9,9.8,,,0.5,,2025-11-23 07:00:00
230.0,4.0,5.0,3.3,12.0,,,1017.4,9.3,9.8,,,0.5,,2025-11-23 08:00:00
230.0,5.0,7.0,3.2,12.0,,,1017.2,8.9,9.8,,,0.3,,2025-11-23 09:00:00
220.0,5.0,6.0,3.3,11.0,,,1017.2,8.9,9.7,,,0.0,,2025-11-23 10:00:00
220.0,5.0,7.0,3.1,13.0,,,1017.1,8.5,9.7,,,-0.3,,2025-11-23 11:00:00
220.0,4.0,5.0,3.0,13.0,,,1017.3,8.7,9.7,,,0.1,,2025-11-23 12:00:00
230.0,5.0,6.0,3.0,12.0,,,1017.5,8.5,9.8,,,0.3,,2025-11-23 13:00:00
220.0,5.0,6.0,2.8,13.0,,,1017.8,8.5,9.8,,,0.7,,2025-11-23 14:00:00
220.0,5.0,7.0,2.4,12.0,,,1018.1,8.5,9.8,,,0.8,,2025-11-23 15:00:00
200.0,4.0,5.0,2.4,12.0,,,1018.6,8.5,9.8,,,1.1,,2025-11-23 16:00:00
200.0,3.0,5.0,2.4,12.0,,,1018.7,8.9,9.9,,,0.9,,2025-11-23 17:00:00
140.0,1.0,2.0,2.6,12.0,,,1018.9,9.3,9.9,,,0.8,,2025-11-23 18:00:00
50.0,3.0,7.0,2.8,12.0,,,1018.9,8.3,9.9,,,0.3,,2025-11-23 19:00:00
90.0,2.0,3.0,2.6,11.0,,,1019.0,7.1,9.9,,,0.3,,2025-11-23 20:00:00
90.0,2.0,3.0,2.5,11.0,,,1018.6,7.4,9.8,,,-0.3,,2025-11-23 21:00:00
170.0,6.0,8.0,2.8,11.0,,,1018.5,8.1,9.8,,,-0.4,,2025-11-23 22:00:00
160.0,6.0,7.0,2.8,11.0,,,1018.4,8.2,9.8,,,-0.6,,2025-11-23 23:00:00
170.0,6.0,7.0,2.7,11.0,,,1018.7,8.3,9.8,,,0.1,,2025-11-24 00:00:00
150.0,5.0,6.0,2.5,11.0,,,1018.8,8.1,9.7,,,0.3,,2025-11-24 01:00:00
190.0,3.0,5.0,2.3,11.0,,,1018.8,8.1,9.7,,,0.4,,2025-11-24 02:00:00
150.0,4.0,5.0,2.3,11.0,,,1018.6,8.2,9.7,,,-0.1,,2025-11-24 03:00:00
130.0,4.0,5.0,2.0,10.0,,,1018.6,7.9,9.7,,,-0.2,,2025-11-24 04:00:00
70.0,4.0,6.0,2.2,11.0,,,1018.6,7.7,9.7,,,-0.2,,2025-11-24 05:00:00
130.0,6.0,8.0,2.2,10.0,,,1018.7,7.5,9.7,,,0.1,,2025-11-24 06:00:00
110.0,5.0,7.0,1.9,9.0,,,1018.7,7.9,9.7,,,0.1,,2025-11-24 07:00:00
130.0,5.0,7.0,2.2,9.0,,,1019.0,7.2,9.8,,,0.4,,2025-11-24 08:00:00
130.0,5.0,9.0,2.1,10.0,,,1019.2,6.7,9.7,,,0.5,,2025-11-24 09:00:00
80.0,6.0,8.0,2.1,9.0,,,1019.6,5.7,9.7,,,0.9,,2025-11-24 10:00:00
50.0,5.0,7.0,2.0,10.0,,,1020.3,5.3,9.6,,,1.3,,2025-11-24 11:00:00
70.0,6.0,8.0,2.0,10.0,,,1020.6,4.9,9.5,,,1.4,,2025-11-24 12:00:00
70.0,5.0,7.0,2.2,11.0,,,1021.2,5.1,9.6,,,1.6,,2025-11-24 13:00:00
80.0,6.0,8.0,2.1,11.0,,,1021.6,5.6,9.7,,,1.3,,2025-11-24 14:00:00
90.0,5.0,7.0,2.3,11.0,,,1022.5,5.7,9.7,,,1.9,,2025-11-24 15:00:00
110.0,5.0,6.0,2.0,10.0,,,1023.4,5.8,9.6,,,2.2,,2025-11-24 16:00:00
110.0,5.0,6.0,2.0,10.0,,,1023.9,5.8,9.6,,,2.3,,2025-11-24 17:00:00
120.0,3.0,5.0,2.0,11.0,,,1024.7,5.9,9.5,,,2.2,,2025-11-24 18:00:00
140.0,4.0,5.0,1.8,10.0,,,1025.7,6.1,9.5,,,2.3,,2025-11-24 19:00:00
110.0,4.0,6.0,1.7,10.0,,,1025.7,6.3,9.5,,,1.8,,2025-11-24 20:00:00
100.0,4.0,5.0,1.7,10.0,,,1025.3,6.4,9.6,,,0.6,,2025-11-24 21:00:00
100.0,5.0,7.0,1.8,10.0,,,1025.4,6.5,9.6,,,-0.3,,2025-11-24 22:00:00
120.0,5.0,6.0,1.7,10.0,,,1025.8,6.3,9.3,,,0.1,,2025-11-24 23:00:00
120.0,5.0,7.0,1.7,10.0,,,1026.0,6.8,9.3,,,0.7,,2025-11-25 00:00:00
110.0,5.0,7.0,1.7,9.0,,,1025.8,7.0,9.3,,,0.4,,2025-11-25 01:00:00
80.0,7.0,8.0,1.7,9.0,,,1025.4,7.0,9.3,,,-0.4,,2025-11-25 02:00:00
100.0,7.0,9.0,1.6,10.0,,,1025.1,7.0,9.3,,,-0.9,,2025-11-25 03:00:00
100.0,9.0,10.0,1.7,9.0,,,1024.6,7.5,9.3,,,-1.2,,2025-11-25 04:00:00
100.0,9.0,11.0,1.7,9.0,,,1023.7,7.5,9.4,,,-1.7,,2025-11-25 05:00:00
100.0,11.0,14.0,1.9,8.0,,,1023.2,7.8,9.5,,,-1.9,,2025-11-25 06:00:00
110.0,13.0,15.0,2.1,7.0,,,1022.8,7.7,9.5,,,-1.8,,2025-11-25 07:00:00
100.0,12.0,14.0,2.2,7.0,,,1022.1,7.6,9.6,,,-1.6,,2025-11-25 08:00:00
90.0,13.0,15.0,2.1,7.0,,,1021.5,7.8,9.6,,,-1.7,,2025-11-25 09:00:00
100.0,13.0,17.0,2.2,7.0,,,1020.8,8.0,9.6,,,-2.0,,2025-11-25 10:00:00
100.0,14.0,17.0,2.1,7.0,,,1019.9,7.1,9.6,,,-2.2,,2025-11-25 11:00:00
90.0,15.0,19.0,2.2,6.0,,,1018.3,7.2,9.7,,,-3.2,,2025-11-25 12:00:00
90.0,16.0,20.0,2.3,6.0,,,1017.1,7.4,9.7,,,-3.7,,2025-11-25 13:00:00
90.0,17.0,21.0,2.9,6.0,,,1015.6,7.5,9.6,,,-4.3,,2025-11-25 14:00:00
80.0,18.0,22.0,3.1,7.0,,,1014.7,7.4,9.6,,,-3.6,,2025-11-25 15:00:00
90.0,19.0,23.0,3.0,7.0,,,1013.6,7.6,9.7,,,-3.5,,2025-11-25 16:00:00
90.0,18.0,24.0,2.9,7.0,,,1012.5,8.0,9.7,,,-3.1,,2025-11-25 17:00:00
90.0,18.0,22.0,3.6,7.0,,,1012.0,8.1,9.7,,,-2.7,,2025-11-25 18:00:00
100.0,19.0,24.0,3.9,8.0,,,1011.8,8.2,9.7,,,-1.8,,2025-11-25 19:00:00
100.0,19.0,23.0,4.2,8.0,,,1011.2,8.3,9.7,,,-1.3,,2025-11-25 20:00:00
100.0,18.0,23.0,4.0,7.0,,,1010.9,8.4,9.7,,,-1.1,,2025-11-25 21:00:00
100.0,18.0,23.0,3.8,8.0,,,1011.0,7.9,9.7,,,-0.8,,2025-11-25 22:00:00
100.0,18.0,21.0,3.7,8.0,,,1010.7,8.2,9.7,,,-0.5,,2025-11-25 23:00:00
100.0,17.0,21.0,3.9,8.0,,,1011.0,7.9,9.7,,,0.1,,2025-11-26 00:00:00
110.0,16.0,20.0,3.6,8.0,,,1011.6,7.9,9.7,,,0.6,,2025-11-26 01:00:00
100.0,15.0,20.0,3.5,8.0,,,1011.6,8.1,9.7,,,0.9,,2025-11-26 02:00:00
110.0,14.0,17.0,3.3,8.0,,,1012.6,7.9,9.7,,,1.6,,2025-11-26 03:00:00
110.0,13.0,16.0,2.8,8.0,,,1013.2,8.0,9.8,,,1.6,,2025-11-26 04:00:00
110.0,11.0,13.0,2.7,7.0,,,1013.8,8.4,9.8,,,2.2,,2025-11-26 05:00:00
110.0,10.0,13.0,2.5,7.0,,,1014.4,9.1,9.8,,,1.8,,2025-11-26 06:00:00
110.0,12.0,15.0,2.5,7.0,,,1015.0,8.3,9.8,,,1.8,,2025-11-26 07:00:00
110.0,12.0,15.0,2.5,7.0,,,1015.4,8.2,9.8,,,1.6,,2025-11-26 08:00:00
140.0,9.0,11.0,2.8,8.0,,,1016.0,9.3,9.8,,,1.6,,2025-11-26 09:00:00
150.0,7.0,9.0,2.7,7.0,,,1016.6,9.6,9.8,,,1.6,,2025-11-26 10:00:00
170.0,7.0,8.0,2.3,7.0,,,1017.5,9.6,9.8,,,2.1,,2025-11-26 11:00:00
190.0,7.0,9.0,2.8,8.0,,,1018.0,9.7,9.8,,,2.0,,2025-11-26 12:00:00
190.0,7.0,10.0,2.5,8.0,,,1018.5,9.5,9.9,,,1.9,,2025-11-26 13:00:00
180.0,7.0,8.0,2.9,8.0,,,1019.1,9.6,9.9,,,1.6,,2025-11-26 14:00:00
190.0,6.0,7.0,3.1,9.0,,,1019.7,9.5,9.7,,,1.7,,2025-11-26 15:00:00
160.0,5.0,7.0,3.3,10.0,,,1020.5,9.4,9.7,,,2.0,,2025-11-26 16:00:00
160.0,5.0,7.0,4.0,11.0,,,1021.5,9.3,9.9,,,2.4,,2025-11-26 17:00:00
160.0,5.0,6.0,4.3,12.0,,,1022.2,9.5,9.4,,,2.5,,2025-11-26 18:00:00
140.0,4.0,6.0,4.2,11.0,,,1022.8,9.5,9.4,,,2.3,,2025-11-26 19:00:00
130.0,5.0,7.0,3.6,10.0,,,1023.1,9.3,9.3,,,1.6,,2025-11-26 20:00:00
130.0,5.0,6.0,3.2,10.0,,,1023.2,9.1,9.4,,,1.0,,2025-11-26 21:00:00
120.0,6.0,8.0,3.3,10.0,,,1022.9,8.8,9.5,,,0.1,,2025-11-26 22:00:00
110.0,8.0,10.0,3.3,10.0,,,1023.1,9.2,9.8,,,-0.0,,2025-11-26 23:00:00
90.0,8.0,10.0,2.9,10.0,,,1023.0,8.6,9.8,,,-0.2,,2025-11-27 00:00:00
90.0,7.0,9.0,3.2,10.0,,,1022.9,9.0,9.8,,,0.0,,2025-11-27 01:00:00
110.0,6.0,8.0,3.0,10.0,,,1022.5,9.2,9.8,,,-0.6,,2025-11-27 02:00:00
90.0,7.0,9.0,3.3,11.0,,,1022.2,9.3,9.8,,,-0.8,,2025-11-27 03:00:00
80.0,7.0,9.0,3.6,10.0,,,1022.0,9.2,9.8,,,-0.9,,2025-11-27 04:00:00
30.0,6.0,8.0,3.3,11.0,,,1021.6,8.8,9.8,,,-0.9,,2025-11-27 05:00:00
20.0,6.0,8.0,3.3,10.0,,,1021.2,8.4,9.3,,,-1.0,,2025-11-27 06:00:00
10.0,6.0,8.0,3.2,10.0,,,1021.0,8.2,9.4,,,-1.0,,2025-11-27 07:00:00
10.0,5.0,6.0,2.9,10.0,,,1020.3,8.3,9.5,,,-1.3,,2025-11-27 08:00:00
50.0,3.0,5.0,2.4,9.0,,,1019.9,8.8,9.7,,,-1.3,,2025-11-27 09:00:00
10.0,3.0,4.0,2.5,10.0,,,1019.4,8.7,9.7,,,-1.6,,2025-11-27 10:00:00
10.0,4.0,5.0,2.0,10.0,,,1019.0,8.5,9.7,,,-1.3,,2025-11-27 11:00:00
0.0,5.0,6.0,1.8,10.0,,,1018.5,8.3,9.7,,,-1.4,,2025-11-27 12:00:00
350.0,6.0,6.0,1.8,10.0,,,1017.7,8.1,9.6,,,-1.7,,2025-11-27 13:00:00
340.0,6.0,8.0,1.7,10.0,,,1017.3,8.0,9.7,,,-1.7,,2025-11-27 14:00:00
350.0,6.0,7.0,1.5,10.0,,,1017.3,7.9,9.7,,,-1.2,,2025-11-27 15:00:00
350.0,6.0,7.0,1.6,11.0,,,1017.1,8.0,9.6,,,-0.6,,2025-11-27 16:00:00
350.0,6.0,7.0,1.6,10.0,,,1017.1,8.2,9.6,,,-0.2,,2025-11-27 17:00:00
350.0,5.0,6.0,1.8,10.0,,,1017.3,8.3,9.7,,,-0.0,,2025-11-27 18:00:00
330.0,5.0,7.0,1.6,11.0,,,1017.6,8.4,9.8,,,0.5,,2025-11-27 19:00:00
340.0,5.0,7.0,1.6,10.0,,,1017.6,8.5,9.7,,,0.5,,2025-11-27 20:00:00
340.0,4.0,5.0,1.5,10.0,,,1017.6,8.8,9.8,,,0.3,,2025-11-27 21:00:00
320.0,6.0,7.0,1.5,10.0,,,1017.8,9.3,9.8,,,0.2,,2025-11-27 22:00:00
330.0,6.0,7.0,1.4,9.0,,,1017.7,9.6,9.8,,,0.1,,2025-11-27 23:00:00
330.0,5.0,7.0,1.3,9.0,,,1017.8,9.7,9.9,,,0.2,,2025-11-28 00:00:00
330.0,6.0,7.0,1.3,8.0,,,1017.6,9.6,9.5,,,-0.2,,2025-11-28 01:00:00
330.0,6.0,8.0,1.3,9.0,,,1017.6,9.7,9.7,,,-0.1,,2025-11-28 02:00:00
340.0,6.0,7.0,1.3,10.0,,,1017.7,9.7,9.5,,,-0.1,,2025-11-28 03:00:00
320.0,6.0,7.0,1.3,10.0,,,1018.8,9.7,9.4,,,1.2,,2025-11-28 04:00:00
340.0,7.0,8.0,1.2,9.0,,,1019.1,9.7,9.7,,,1.5,,2025-11-28 05:00:00
350.0,6.0,8.0,1.6,10.0,,,1020.0,9.7,10.0,,,2.3,,2025-11-28 06:00:00
10.0,6.0,7.0,1.4,9.0,,,1019.9,9.5,10.0,,,1.1,,2025-11-28 07:00:00
10.0,6.0,7.0,1.7,10.0,,,1020.2,9.3,10.1,,,1.1,,2025-11-28 08:00:00
40.0,6.0,7.0,1.6,9.0,,,1020.3,8.8,10.1,,,0.3,,2025-11-28 09:00:00
50.0,2.0,4.0,1.7,10.0,,,1021.4,8.6,10.1,,,1.5,,2025-11-28 10:00:00
40.0,1.0,2.0,1.7,9.0,,,1022.0,8.4,10.1,,,1.8,,2025-11-28 11:00:00
350.0,2.0,3.0,1.7,9.0,,,1022.3,8.4,10.1,,,2.0,,2025-11-28 12:00:00
30.0,6.0,7.0,1.4,8.0,,,1022.1,8.8,10.1,,,0.7,,2025-11-28 13:00:00
30.0,5.0,6.0,1.4,9.0,,,1022.0,9.0,10.2,,,0.0,,2025-11-28 14:00:00
50.0,3.0,4.0,1.3,9.0,,,1021.9,8.9,10.2,,,-0.4,,2025-11-28 15:00:00
70.0,5.0,6.0,1.1,8.0,,,1021.7,8.6,10.2,,,-0.4,,2025-11-28 16:00:00
70.0,8.0,9.0,1.3,9.0,,,1021.9,8.7,10.2,,,-0.1,,2025-11-28 17:00:00
80.0,7.0,8.0,1.2,8.0,,,1022.8,8.0,10.2,,,0.9,,2025-11-28 18:00:00
90.0,8.0,9.0,1.2,7.0,,,1023.3,8.3,10.2,,,1.6,,2025-11-28 19:00:00
80.0,8.0,10.0,1.1,7.0,,,1023.6,8.2,10.1,,,1.7,,2025-11-28 20:00:00
80.0,8.0,9.0,1.2,7.0,,,1023.9,8.4,10.1,,,1.1,,2025-11-28 21:00:00
80.0,10.0,11.0,1.2,6.0,,,1023.4,8.6,10.1,,,0.1,,2025-11-28 22:00:00
90.0,10.0,12.0,1.3,6.0,,,1022.8,8.6,10.1,,,-0.8,,2025-11-28 23:00:00
90.0,9.0,11.0,1.3,6.0,,,1023.2,8.7,10.1,,,-0.7,,2025-11-29 00:00:00
80.0,10.0,12.0,1.2,6.0,,,1022.5,9.0,10.1,,,-0.9,,2025-11-29 01:00:00
90.0,8.0,9.0,1.3,7.0,,,1023.3,9.0,9.9,,,0.5,,2025-11-29 02:00:00
90.0,10.0,12.0,1.4,8.0,,,1022.2,9.1,9.7,,,-1.0,,2025-11-29 03:00:00
100.0,9.0,11.0,1.5,8.0,,,1022.7,9.4,9.6,,,0.2,,2025-11-29 04:00:00
100.0,9.0,10.0,1.3,7.0,,,1022.7,9.3,9.6,,,-0.6,,2025-11-29 05:00:00
110.0,8.0,9.0,1.2,8.0,,,1023.1,9.3,9.7,,,0.9,,2025-11-29 06:00:00
100.0,6.0,7.0,1.2,7.0,,,1023.3,9.5,9.9,,,0.6,,2025-11-29 07:00:00
100.0,7.0,8.0,1.2,9.0,,,1022.5,9.7,10.0,,,-0.2,,2025-11-29 08:00:00
90.0,7.0,8.0,1.1,9.0,,,1022.6,9.6,10.0,,,-0.5,,2025-11-29 09:00:00
90.0,6.0,7.0,1.1,9.0,,,1022.2,9.7,10.0,,,-1.1,,2025-11-29 10:00:00
90.0,7.0,8.0,1.0,8.0,,,1022.6,9.0,10.0,,,0.1,,2025-11-29 11:00:00
110.0,7.0,8.0,1.1,8.0,,,1022.4,8.8,10.0,,,-0.2,,2025-11-29 12:00:00
100.0,6.0,7.0,1.0,8.0,,,1022.1,8.6,10.0,,,-0.1,,2025-11-29 13:00:00
80.0,6.0,7.0,1.1,8.0,,,1021.8,8.6,9.8,,,-0.8,,2025-11-29 14:00:00
80.0,7.0,8.0,1.0,8.0,,,1021.3,8.4,9.7,,,-1.1,,2025-11-29 15:00:00
90.0,7.0,8.0,1.2,8.0,,,1020.9,8.5,9.7,,,-1.2,,2025-11-29 16:00:00
50.0,6.0,8.0,1.1,9.0,,,1021.6,8.6,9.8,,,-0.2,,2025-11-29 17:00:00
60.0,6.0,7.0,1.1,9.0,,,1022.1,8.5,9.8,,,0.8,,2025-11-29 18:00:00
80.0,6.0,7.0,1.2,9.0,,,1022.1,8.5,10.0,,,1.2,,2025-11-29 19:00:00
70.0,6.0,7.0,1.2,9.0,,,1022.4,8.5,10.1,,,0.8,,2025-11-29 20:00:00
60.0,5.0,7.0,1.2,9.0,,,1021.7,8.8,10.1,,,-0.4,,2025-11-29 21:00:00
50.0,4.0,5.0,1.2,10.0,,,1021.4,8.5,9.9,,,-0.7,,2025-11-29 22:00:00
40.0,3.0,5.0,1.1,11.0,,,1021.5,8.5,10.0,,,-0.9,,2025-11-29 23:00:00
30.0,3.0,3.0,1.4,13.0,,,1021.3,8.6,9.8,,,-0.4,,2025-11-30 00:00:00
360.0,2.0,3.0,1.4,14.0,,,1021.5,8.5,9.9,,,0.1,,2025-11-30 01:00:00
320.0,3.0,3.0,1.5,14.0,,,1021.9,8.6,10.0,,,0.4,,2025-11-30 02:00:00
330.0,3.0,4.0,1.7,15.0,,,1022.2,8.8,10.0,,,0.9,,2025-11-30 03:00:00
360.0,5.0,6.0,2.1,14.0,,,1022.2,8.8,9.9,,,0.7,,2025-11-30 04:00:00
10.0,3.0,5.0,1.7,13.0,,,1022.7,8.6,10.0,,,0.8,,2025-11-30 05:00:00
30.0,5.0,6.0,2.1,14.0,,,1022.7,8.1,9.6,,,0.5,,2025-11-30 06:00:00
40.0,4.0,6.0,2.1,13.0,,,1023.5,8.1,9.6,,,1.3,,2025-11-30 07:00:00
60.0,4.0,5.0,2.7,14.0,,,1023.5,8.1,9.5,,,0.8,,2025-11-30 08:00:00
60.0,5.0,7.0,2.2,12.0,,,1023.3,7.8,9.5,,,0.6,,2025-11-30 09:00:00
70.0,5.0,6.0,2.5,13.0,,,1023.4,7.7,9.5,,,-0.1,,2025-11-30 10:00:00
100.0,4.0,5.0,2.1,12.0,,,1024.2,7.9,9.6,,,0.7,,2025-11-30 11:00:00
90.0,6.0,7.0,1.9,11.0,,,1023.7,7.9,9.6,,,0.4,,2025-11-30 12:00:00
80.0,6.0,7.0,1.8,12.0,,,1023.8,7.7,9.6,,,0.4,,2025-11-30 13:00:00
80.0,7.0,8.0,1.6,11.0,,,1023.8,7.5,9.6,,,-0.4,,2025-11-30 14:00:00
90.0,7.0,8.0,1.6,11.0,,,1024.0,7.5,9.6,,,0.3,,2025-11-30 15:00:00
90.0,7.0,9.0,1.9,11.0,,,1024.1,7.8,9.6,,,0.3,,2025-11-30 16:00:00
90.0,7.0,8.0,1.8,11.0,,,1024.6,8.1,9.7,,,0.8,,2025-11-30 17:00:00
90.0,7.0,8.0,2.1,12.0,,,1025.1,8.4,9.7,,,1.1,,2025-11-30 18:00:00
100.0,7.0,8.0,1.8,11.0,,,1025.9,8.5,9.7,,,1.8,,2025-11-30 19:00:00
90.0,7.0,9.0,2.1,11.0,,,1025.7,8.3,9.6,,,1.1,,2025-11-30 20:00:00
90.0,9.0,10.0,2.1,11.0,,,1025.3,8.3,9.7,,,0.2,,2025-11-30 21:00:00
100.0,9.0,10.0,2.0,10.0,,,1024.8,8.3,9.7,,,-1.1,,2025-11-30 22:00:00
100.0,9.0,10.0,2.3,10.0,,,1024.3,8.7,9.7,,,-1.4,,2025-11-30 23:00:00
100.0,9.0,11.0,2.1,10.0,,,1024.1,8.8,9.7,,,-1.2,,2025-12-01 00:00:00
110.0,8.0,9.0,1.9,9.0,,,1024.9,9.1,9.7,,,0.1,,2025-12-01 01:00:00
100.0,7.0,9.0,1.9,10.0,,,1025.4,9.1,9.8,,,1.1,,2025-12-01 02:00:00
100.0,8.0,10.0,1.8,10.0,,,1025.0,9.1,9.8,,,0.9,,2025-12-01 03:00:00
100.0,8.0,10.0,1.7,9.0,,,1024.5,9.0,9.8,,,-0.4,,2025-12-01 04:00:00
100.0,9.0,11.0,1.5,9.0,,,1023.9,9.1,9.8,,,-1.5,,2025-12-01 05:00:00
100.0,10.0,12.0,1.6,8.0,,,1023.2,9.1,9.7,,,-1.8,,2025-12-01 06:00:00
120.0,11.0,13.0,1.7,8.0,,,1022.7,9.4,9.7,,,-1.8,,2025-12-01 07:00:00
110.0,10.0,12.0,1.7,8.0,,,1022.3,9.1,9.8,,,-1.6,,2025-12-01 08:00:00
110.0,9.0,11.0,1.8,7.0,,,1022.4,9.1,9.8,,,-0.8,,2025-12-01 09:00:00
130.0,10.0,11.0,1.9,7.0,,,1022.4,9.0,9.8,,,-0.3,,2025-12-01 10:00:00
130.0,12.0,15.0,2.0,7.0,,,1022.3,9.0,9.8,,,0.0,,2025-12-01 11:00:00
120.0,13.0,14.0,2.2,7.0,,,1021.3,8.7,9.8,,,-1.1,,2025-12-01 12:00:00
120.0,12.0,15.0,2.3,7.0,,,1020.5,9.1,9.8,,,-1.9,,2025-12-01 13:00:00
100.0,12.0,15.0,2.5,7.0,,,1019.7,8.3,9.8,,,-2.6,,2025-12-01 14:00:00
110.0,12.0,14.0,2.6,7.0,,,1019.4,8.3,9.8,,,-1.9,,2025-12-01 15:00:00
110.0,12.0,16.0,2.7,7.0,,,1018.8,8.3,9.8,,,-1.7,,2025-12-01 16:00:00
100.0,13.0,16.0,2.5,7.0,,,1018.3,8.3,9.8,,,-1.4,,2025-12-01 17:00:00
100.0,11.0,14.0,2.5,8.0,,,1018.5,8.4,9.8,,,-0.9,,2025-12-01 18:00:00
110.0,10.0,15.0,2.5,7.0,,,1019.2,8.7,9.8,,,0.4,,2025-12-01 19:00:00
110.0,9.0,11.0,2.3,8.0,,,1019.4,8.8,9.8,,,1.1,,2025-12-01 20:00:00
210.0,3.0,5.0,2.2,9.0,,,1019.6,9.9,9.8,,,1.1,,2025-12-01 21:00:00
220.0,5.0,7.0,2.1,9.0,,,1019.1,9.7,9.8,,,-0.1,,2025-12-01 22:00:00
220.0,6.0,7.0,2.4,11.0,,,1018.8,9.6,9.8,,,-0.6,,2025-12-01 23:00:00
240.0,6.0,7.0,2.0,10.0,,,1019.0,9.9,9.9,,,-0.6,,2025-12-02 00:00:00
250.0,6.0,8.0,2.0,10.0,,,1019.5,9.9,9.9,,,0.4,,2025-12-02 01:00:00
250.0,8.0,10.0,2.0,9.0,,,1019.8,10.1,10.0,,,1.0,,2025-12-02 02:00:00
260.0,8.0,10.0,2.4,10.0,,,1020.1,9.9,9.9,,,1.1,,2025-12-02 03:00:00
270.0,8.0,10.0,2.7,9.0,,,1020.3,9.8,9.9,,,0.8,,2025-12-02 04:00:00
280.0,6.0,8.0,2.7,9.0,,,1020.8,10.0,9.9,,,1.0,,2025-12-02 05:00:00
260.0,6.0,7.0,2.7,9.0,,,1021.5,10.1,9.9,,,1.4,,2025-12-02 06:00:00
260.0,6.0,8.0,2.8,9.0,,,1022.0,10.0,9.9,,,1.7,,2025-12-02 07:00:00
270.0,6.0,7.0,2.7,10.0,,,1022.3,10.0,9.9,,,1.5,,2025-12-02 08:00:00
280.0,4.0,5.0,2.8,10.0,,,1023.0,9.5,9.9,,,1.5,,2025-12-02 09:00:00
300.0,4.0,5.0,2.4,10.0,,,1023.9,9.6,9.9,,,1.9,,2025-12-02 10:00:00
260.0,4.0,6.0,2.4,10.0,,,1024.0,9.9,9.9,,,1.7,,2025-12-02 11:00:00
260.0,5.0,6.0,2.4,10.0,,,1024.2,9.8,9.9,,,1.2,,2025-12-02 12:00:00
270.0,4.0,5.0,2.8,13.0,,,1024.4,9.8,9.8,,,0.5,,2025-12-02 13:00:00
290.0,4.0,5.0,2.7,12.0,,,1024.5,9.8,9.8,,,0.5,,2025-12-02 14:00:00
300.0,3.0,4.0,2.6,12.0,,,1025.0,9.8,9.9,,,0.8,,2025-12-02 15:00:00
320.0,3.0,4.0,2.5,11.0,,,1024.7,9.7,9.9,,,0.3,,2025-12-02 16:00:00
320.0,4.0,6.0,3.1,11.0,,,1024.9,9.3,9.9,,,0.4,,2025-12-02 17:00:00
360.0,4.0,5.0,2.6,11.0,,,1025.4,9.1,9.9,,,0.4,,2025-12-02 18:00:00
340.0,4.0,6.0,3.1,11.0,,,1025.9,9.1,9.9,,,1.2,,2025-12-02 19:00:00
300.0,4.0,5.0,3.0,12.0,,,1026.0,9.1,9.9,,,1.1,,2025-12-02 20:00:00
310.0,4.0,5.0,2.8,12.0,,,1025.9,8.9,9.9,,,0.5,,2025-12-02 21:00:00
310.0,3.0,4.0,2.8,11.0,,,1026.0,8.9,9.8,,,0.1,,2025-12-02 22:00:00
280.0,4.0,5.0,2.9,13.0,,,1026.1,8.9,9.8,,,0.1,,2025-12-02 23:00:00
280.0,2.0,3.0,2.5,10.0,,,1026.4,8.8,9.6,,,,,2025-12-03 01:00:00
320.0,2.0,2.0,2.5,11.0,,,1026.4,8.4,9.6,,,,,2025-12-03 02:00:00
10.0,2.0,3.0,2.5,11.0,,,1025.7,8.6,9.6,,,,,2025-12-03 03:00:00
50.0,1.0,2.0,2.5,11.0,,,1026.0,8.6,9.6,,,-0.4,,2025-12-03 04:00:00
70.0,2.0,4.0,2.2,11.0,,,1025.7,8.4,9.7,,,-0.7,,2025-12-03 05:00:00
140.0,3.0,4.0,2.3,11.0,,,1025.7,8.4,9.7,,,0.0,,2025-12-03 06:00:00
130.0,3.0,4.0,2.2,11.0,,,1025.9,8.6,9.7,,,-0.1,,2025-12-03 07:00:00
130.0,4.0,5.0,2.2,12.0,,,1026.0,8.7,9.7,,,0.3,,2025-12-03 08:00:00
130.0,5.0,6.0,2.1,12.0,,,1026.2,8.8,9.7,,,0.5,,2025-12-03 09:00:00
140.0,4.0,5.0,2.3,12.0,,,1025.7,8.6,9.7,,,-0.2,,2025-12-03 10:00:00
120.0,5.0,6.0,2.3,12.0,,,1025.3,8.9,9.5,,,-0.7,,2025-12-03 11:00:00
110.0,8.0,10.0,2.1,11.0,,,1025.0,8.4,9.4,,,-1.2,,2025-12-03 12:00:00
120.0,7.0,11.0,2.3,10.0,,,1025.0,8.5,9.4,,,-0.7,,2025-12-03 13:00:00
170.0,4.0,6.0,2.3,11.0,,,1024.8,8.8,9.4,,,-0.5,,2025-12-03 14:00:00
160.0,5.0,7.0,2.2,10.0,,,1024.3,9.1,9.4,,,-0.7,,2025-12-03 15:00:00
150.0,6.0,8.0,2.0,10.0,,,1024.1,9.1,9.4,,,-0.9,,2025-12-03 16:00:00
150.0,8.0,9.0,1.9,9.0,,,1023.9,9.1,9.4,,,-0.9,,2025-12-03 17:00:00
130.0,8.0,10.0,1.8,9.0,,,1024.1,8.1,9.4,,,-0.2,,2025-12-03 18:00:00
120.0,9.0,11.0,1.8,9.0,,,1024.2,8.2,9.5,,,0.1,,2025-12-03 19:00:00
130.0,10.0,12.0,1.6,8.0,,,1023.8,8.4,9.5,,,-0.1,,2025-12-03 20:00:00
120.0,10.0,12.0,1.7,8.0,,,1023.2,8.9,9.5,,,-0.9,,2025-12-03 21:00:00
110.0,10.0,12.0,1.7,6.0,,,1022.5,8.6,9.4,,,-1.7,,2025-12-03 22:00:00
100.0,11.0,13.0,2.1,7.0,,,1022.1,8.4,9.3,,,-1.7,,2025-12-03 23:00:00
100.0,14.0,17.0,2.3,8.0,,,1020.8,8.3,9.3,,,-2.4,,2025-12-04 00:00:00
100.0,13.0,15.0,2.4,6.0,,,1020.4,8.5,9.3,,,-2.1,,2025-12-04 01:00:00
110.0,12.0,14.0,2.5,8.0,,,1020.8,8.5,9.4,,,-1.3,,2025-12-04 02:00:00
110.0,11.0,13.0,2.6,8.0,,,1021.0,8.5,9.4,,,0.2,,2025-12-04 03:00:00
110.0,10.0,12.0,2.7,7.0,,,1020.7,8.6,9.4,,,0.3,,2025-12-04 04:00:00
110.0,11.0,13.0,2.9,7.0,,,1020.4,8.6,9.4,,,-0.4,,2025-12-04 05:00:00
110.0,11.0,13.0,2.8,7.0,,,1020.3,8.5,9.4,,,-0.7,,2025-12-04 06:00:00
100.0,11.0,13.0,2.5,7.0,,,1020.8,8.5,9.5,,,0.1,,2025-12-04 07:00:00
100.0,11.0,13.0,2.6,7.0,,,1020.7,8.5,9.5,,,0.3,,2025-12-04 08:00:00
90.0,11.0,13.0,2.5,7.0,,,1020.7,8.6,9.5,,,0.4,,2025-12-04 09:00:00
100.0,12.0,14.0,2.4,7.0,,,1019.9,8.7,9.5,,,-0.9,,2025-12-04 10:00:00
100.0,10.0,12.0,2.3,7.0,,,1020.6,8.8,9.5,,,-0.1,,2025-12-04 11:00:00
110.0,10.0,11.0,2.1,7.0,,,1020.3,8.5,9.5,,,-0.4,,2025-12-04 12:00:00
110.0,9.0,10.0,2.0,7.0,,,1020.3,8.6,9.4,,,0.4,,2025-12-04 13:00:00
110.0,7.0,8.0,2.0,7.0,,,1020.7,8.6,9.4,,,0.1,,2025-12-04 14:00:00
100.0,8.0,9.0,2.0,8.0,,,1020.8,8.5,9.4,,,0.5,,2025-12-04 15:00:00
120.0,8.0,10.0,2.0,8.0,,,1020.5,8.6,9.4,,,0.2,,2025-12-04 16:00:00
110.0,6.0,8.0,1.9,8.0,,,1020.8,8.8,9.4,,,0.1,,2025-12-04 17:00:00
170.0,2.0,3.0,2.0,7.0,,,1021.6,9.7,9.4,,,0.8,,2025-12-04 18:00:00
110.0,1.0,2.0,2.0,8.0,,,1021.7,9.7,9.4,,,1.2,,2025-12-04 19:00:00
90.0,4.0,5.0,1.8,9.0,,,1021.3,9.2,9.4,,,0.5,,2025-12-04 20:00:00
100.0,6.0,8.0,2.0,9.0,,,1021.1,8.7,9.4,,,-0.5,,2025-12-04 21:00:00
110.0,5.0,6.0,1.8,9.0,,,1021.2,9.1,9.4,,,-0.5,,2025-12-04 22:00:00
110.0,5.0,6.0,1.8,9.0,,,1021.4,8.9,9.3,,,0.1,,2025-12-04 23:00:00
100.0,6.0,7.0,1.6,9.0,,,1021.0,8.9,9.3,,,-0.1,,2025-12-05 00:00:00
110.0,6.0,7.0,1.8,9.0,,,1021.0,8.8,9.3,,,-0.2,,2025-12-05 01:00:00
100.0,6.0,7.0,1.8,9.0,,,1020.8,8.7,9.3,,,-0.6,,2025-12-05 02:00:00
110.0,6.0,8.0,1.8,10.0,,,1020.2,8.7,9.3,,,-0.8,,2025-12-05 03:00:00
100.0,6.0,7.0,2.0,10.0,,,1019.7,8.7,9.3,,,-1.3,,2025-12-05 04:00:00
90.0,7.0,8.0,1.8,9.0,,,1018.9,8.6,9.3,,,-1.9,,2025-12-05 05:00:00
90.0,9.0,10.0,2.1,9.0,,,1017.5,8.7,9.3,,,-2.7,,2025-12-05 06:00:00
90.0,10.0,12.0,2.2,9.0,,,1016.6,8.8,9.3,,,-3.1,,2025-12-05 07:00:00
100.0,11.0,13.0,2.3,8.0,,,1015.4,8.7,9.3,,,-3.5,,2025-12-05 08:00:00
90.0,10.0,12.0,2.1,8.0,,,1014.5,8.7,9.3,,,-3.0,,2025-12-05 09:00:00
90.0,12.0,14.0,2.2,8.0,,,1012.4,8.4,9.3,,,-4.2,,2025-12-05 10:00:00
100.0,13.0,17.0,2.2,8.0,,,1010.1,8.4,9.3,,,-5.3,,2025-12-05 11:00:00
90.0,15.0,18.0,2.4,7.0,,,1007.6,8.3,9.4,,,-6.9,,2025-12-05 12:00:00
100.0,14.0,18.0,2.4,7.0,,,1005.9,8.5,9.4,,,-6.5,,2025-12-05 13:00:00
110.0,13.0,16.0,2.4,7.0,,,1004.8,8.6,9.4,,,-5.3,,2025-12-05 14:00:00
160.0,10.0,13.0,2.9,7.0,,,1003.5,10.1,9.4,,,-4.1,,2025-12-05 15:00:00
180.0,10.0,12.0,2.4,6.0,,,1002.6,9.9,9.4,,,-3.3,,2025-12-05 16:00:00
180.0,8.0,10.0,2.4,7.0,,,1002.0,9.7,9.4,,,-2.8,,2025-12-05 17:00:00
190.0,8.0,10.0,2.1,7.0,,,1001.5,9.9,9.4,,,-2.0,,2025-12-05 18:00:00
180.0,7.0,8.0,1.9,7.0,,,1000.9,9.7,9.5,,,-1.7,,2025-12-05 19:00:00
200.0,7.0,9.0,2.1,8.0,,,1000.1,9.8,9.5,,,-1.9,,2025-12-05 20:00:00
190.0,6.0,8.0,2.1,7.0,,,999.1,9.6,9.5,,,-2.4,,2025-12-05 21:00:00
210.0,4.0,6.0,2.2,8.0,,,998.6,9.4,9.5,,,-2.3,,2025-12-05 22:00:00
170.0,3.0,4.0,2.6,8.0,,,998.3,9.6,9.5,,,-1.8,,2025-12-05 23:00:00
150.0,2.0,5.0,2.4,9.0,,,998.7,9.7,9.5,,,-0.4,,2025-12-06 00:00:00
180.0,2.0,3.0,3.1,9.0,,,998.8,9.2,9.6,,,0.2,,2025-12-06 01:00:00
170.0,3.0,5.0,3.3,9.0,,,999.5,9.0,9.7,,,1.2,,2025-12-06 02:00:00
160.0,3.0,4.0,3.9,9.0,,,999.8,9.1,9.8,,,1.1,,2025-12-06 03:00:00
160.0,3.0,5.0,4.3,10.0,,,1000.0,9.2,9.7,,,1.2,,2025-12-06 04:00:00
180.0,4.0,6.0,4.7,10.0,,,1000.2,9.1,9.7,,,0.7,,2025-12-06 05:00:00
220.0,5.0,7.0,5.1,11.0,,,1000.7,9.3,9.8,,,0.9,,2025-12-06 06:00:00
250.0,7.0,10.0,4.8,11.0,,,1001.5,9.3,9.8,,,1.5,,2025-12-06 07:00:00
230.0,8.0,11.0,5.5,12.0,,,1002.3,9.1,9.9,,,2.1,,2025-12-06 08:00:00
230.0,9.0,11.0,4.8,12.0,,,1002.8,9.0,9.9,,,2.1,,2025-12-06 09:00:00
220.0,8.0,11.0,4.6,12.0,,,1003.5,9.7,9.8,,,2.0,,2025-12-06 10:00:00
230.0,10.0,13.0,4.6,11.0,,,1004.4,8.8,9.7,,,2.1,,2025-12-06 11:00:00
220.0,10.0,13.0,4.2,10.0,,,1004.9,9.6,9.8,,,2.1,,2025-12-06 12:00:00
200.0,9.0,11.0,4.3,10.0,,,1005.4,9.6,9.7,,,1.9,,2025-12-06 13:00:00
190.0,8.0,11.0,4.0,10.0,,,1005.8,8.8,9.7,,,1.4,,2025-12-06 14:00:00
200.0,8.0,11.0,3.8,10.0,,,1006.0,9.0,9.6,,,1.1,,2025-12-06 15:00:00
220.0,10.0,14.0,4.1,11.0,,,1006.2,9.0,9.7,,,0.8,,2025-12-06 16:00:00
210.0,8.0,11.0,3.9,10.0,,,1006.6,9.4,9.8,,,0.8,,2025-12-06 17:00:00
200.0,9.0,11.0,3.6,9.0,,,1007.4,9.4,9.8,,,1.4,,2025-12-06 18:00:00
190.0,10.0,12.0,3.7,10.0,,,1008.1,9.8,9.8,,,1.9,,2025-12-06 19:00:00
210.0,9.0,12.0,4.1,10.0,,,1008.6,8.4,9.8,,,2.0,,2025-12-06 20:00:00
190.0,7.0,9.0,3.7,10.0,,,1008.7,8.9,9.8,,,1.3,,2025-12-06 21:00:00
190.0,8.0,10.0,3.7,10.0,,,1009.0,9.0,9.8,,,0.9,,2025-12-06 22:00:00
190.0,7.0,9.0,3.0,9.0,,,1009.4,9.4,9.8,,,0.8,,2025-12-06 23:00:00
180.0,7.0,9.0,3.1,10.0,,,1009.9,9.6,9.9,,,1.2,,2025-12-07 00:00:00
150.0,7.0,9.0,3.2,10.0,,,1009.8,9.7,9.9,,,0.8,,2025-12-07 01:00:00
160.0,8.0,12.0,2.9,9.0,,,1009.9,9.0,9.9,,,0.5,,2025-12-07 02:00:00
140.0,9.0,10.0,2.7,8.0,,,1009.3,9.5,9.8,,,-0.6,,2025-12-07 03:00:00
140.0,11.0,13.0,2.8,9.0,,,1008.7,10.0,9.8,,,-1.1,,2025-12-07 04:00:00
140.0,13.0,16.0,3.2,9.0,,,1007.9,9.5,9.8,,,-2.0,,2025-12-07 05:00:00
120.0,14.0,17.0,3.2,8.0,,,1006.8,9.6,9.8,,,-2.5,,2025-12-07 06:00:00
100.0,13.0,15.0,3.1,8.0,,,1006.5,9.1,9.6,,,-2.2,,2025-12-07 07:00:00
110.0,13.0,17.0,3.4,8.0,,,1005.1,9.0,9.6,,,-2.8,,2025-12-07 08:00:00
100.0,15.0,18.0,3.8,8.0,,,1003.4,8.8,9.7,,,-3.4,,2025-12-07 09:00:00
110.0,14.0,18.0,3.9,7.0,,,1002.7,8.8,9.7,,,-3.8,,2025-12-07 10:00:00
150.0,12.0,15.0,4.2,8.0,,,1002.4,10.2,9.7,,,-2.7,,2025-12-07 11:00:00
140.0,12.0,15.0,4.1,9.0,,,1001.4,10.4,9.8,,,-2.0,,2025-12-07 12:00:00
160.0,10.0,13.0,3.6,8.0,,,1001.1,9.6,9.8,,,-1.6,,2025-12-07 13:00:00
180.0,11.0,13.0,3.7,9.0,,,1001.1,10.3,9.7,,,-1.3,,2025-12-07 14:00:00
190.0,10.0,12.0,3.5,9.0,,,1002.2,9.8,9.7,,,0.8,,2025-12-07 15:00:00
190.0,8.0,11.0,3.6,9.0,,,1002.6,9.7,9.7,,,1.5,,2025-12-07 16:00:00
180.0,8.0,10.0,3.5,9.0,,,1003.8,9.8,9.6,,,2.7,,2025-12-07 17:00:00
170.0,9.0,11.0,3.3,8.0,,,1004.6,9.9,9.6,,,2.4,,2025-12-07 18:00:00
170.0,11.0,13.0,3.4,9.0,,,1004.8,10.0,9.6,,,2.2,,2025-12-07 19:00:00
160.0,11.0,14.0,3.5,9.0,,,1004.8,10.0,9.6,,,1.0,,2025-12-07 20:00:00
150.0,12.0,16.0,3.9,9.0,,,1004.7,10.3,9.7,,,0.1,,2025-12-07 21:00:00
160.0,13.0,15.0,3.8,9.0,,,1004.4,10.3,9.7,,,-0.4,,2025-12-07 22:00:00
150.0,12.0,16.0,3.5,9.0,,,1004.9,10.0,9.7,,,0.1,,2025-12-07 23:00:00
150.0,12.0,15.0,3.9,9.0,,,1005.9,10.2,9.7,,,1.2,,2025-12-08 00:00:00
170.0,11.0,14.0,4.1,9.0,,,1006.5,9.5,9.7,,,2.1,,2025-12-08 01:00:00
160.0,13.0,16.0,4.5,10.0,,,1006.7,9.9,9.6,,,1.8,,2025-12-08 02:00:00
160.0,12.0,16.0,4.9,10.0,,,1007.3,10.4,9.6,,,1.4,,2025-12-08 03:00:00
180.0,13.0,16.0,5.4,10.0,,,1007.9,10.2,9.6,,,1.4,,2025-12-08 04:00:00
170.0,11.0,14.0,4.9,10.0,,,1007.8,9.1,9.6,,,1.1,,2025-12-08 05:00:00
160.0,12.0,15.0,4.9,10.0,,,1007.4,9.4,9.6,,,0.1,,2025-12-08 06:00:00
150.0,13.0,16.0,5.2,10.0,,,1007.2,9.7,9.6,,,-0.7,,2025-12-08 07:00:00
150.0,15.0,18.0,4.5,10.0,,,1007.4,10.1,9.6,,,-0.4,,2025-12-08 08:00:00
150.0,14.0,17.0,5.0,10.0,,,1007.0,10.3,9.6,,,-0.4,,2025-12-08 09:00:00
140.0,13.0,16.0,4.7,10.0,,,1006.4,10.4,9.6,,,-0.8,,2025-12-08 10:00:00
130.0,14.0,18.0,4.6,10.0,,,1004.9,10.1,9.6,,,-2.5,,2025-12-08 11:00:00
130.0,15.0,20.0,5.1,11.0,,,1003.0,10.2,9.6,,,-4.0,,2025-12-08 12:00:00
150.0,14.0,18.0,5.0,10.0,,,1002.1,10.4,9.6,,,-4.3,,2025-12-08 13:00:00
140.0,13.0,17.0,5.8,11.0,,,1001.0,10.2,9.6,,,-3.9,,2025-12-08 14:00:00
130.0,14.0,17.0,5.4,11.0,,,999.4,10.3,9.6,,,-3.6,,2025-12-08 15:00:00
140.0,14.0,18.0,5.8,11.0,,,998.2,10.4,9.6,,,-3.9,,2025-12-08 16:00:00
130.0,15.0,18.0,5.5,11.0,,,996.1,10.3,9.6,,,-4.9,,2025-12-08 17:00:00
120.0,17.0,22.0,6.1,11.0,,,994.2,10.2,9.7,,,-5.2,,2025-12-08 18:00:00
130.0,16.0,21.0,5.5,10.0,,,994.2,10.5,9.8,,,-4.0,,2025-12-08 19:00:00
200.0,13.0,16.0,5.1,10.0,,,996.0,10.7,9.9,,,-0.1,,2025-12-08 20:00:00
210.0,14.0,21.0,4.6,10.0,,,997.7,10.9,9.9,,,3.5,,2025-12-08 21:00:00
210.0,13.0,17.0,4.6,10.0,,,999.4,10.7,9.9,,,5.2,,2025-12-08 22:00:00
210.0,12.0,17.0,4.8,10.0,,,1000.6,10.5,9.9,,,4.6,,2025-12-08 23:00:00
200.0,11.0,16.0,5.2,10.0,,,1001.0,10.4,9.9,,,3.3,,2025-12-09 00:00:00
200.0,12.0,16.0,4.9,10.0,,,1001.7,9.9,9.9,,,2.3,,2025-12-09 01:00:00
200.0,13.0,17.0,5.4,11.0,,,1002.6,10.5,9.7,,,2.0,,2025-12-09 02:00:00
210.0,13.0,17.0,5.5,11.0,,,1003.6,10.4,9.7,,,2.6,,2025-12-09 03:00:00
190.0,12.0,16.0,5.3,11.0,,,1004.5,10.3,9.7,,,2.8,,2025-12-09 04:00:00
210.0,12.0,16.0,5.9,11.0,,,1005.5,10.0,9.7,,,2.9,,2025-12-09 05:00:00
200.0,13.0,16.0,5.7,11.0,,,1006.7,10.4,9.7,,,3.1,,2025-12-09 06:00:00
210.0,12.0,16.0,6.4,12.0,,,1007.8,10.3,9.7,,,3.3,,2025-12-09 07:00:00
210.0,11.0,15.0,6.1,12.0,,,1008.4,10.1,9.7,,,2.9,,2025-12-09 08:00:00
200.0,10.0,14.0,5.8,11.0,,,1009.5,10.3,9.7,,,2.8,,2025-12-09 09:00:00
190.0,10.0,12.0,6.4,12.0,,,1010.2,10.3,9.8,,,2.4,,2025-12-09 10:00:00
200.0,10.0,13.0,5.9,12.0,,,1010.8,10.3,9.8,,,2.4,,2025-12-09 11:00:00
200.0,9.0,12.0,6.1,12.0,,,1011.6,10.1,9.8,,,2.1,,2025-12-09 12:00:00
210.0,8.0,10.0,4.9,11.0,,,1012.1,10.0,9.8,,,1.9,,2025-12-09 13:00:00
190.0,5.0,7.0,4.3,11.0,,,1012.4,10.0,9.9,,,1.6,,2025-12-09 14:00:00
170.0,6.0,8.0,4.4,11.0,,,1012.9,10.0,9.8,,,1.3,,2025-12-09 15:00:00
140.0,6.0,10.0,3.9,11.0,,,1013.1,9.3,9.7,,,1.0,,2025-12-09 16:00:00
140.0,8.0,11.0,4.0,11.0,,,1012.7,10.2,9.7,,,0.3,,2025-12-09 17:00:00
130.0,9.0,11.0,3.6,10.0,,,1013.3,10.2,9.6,,,0.4,,2025-12-09 18:00:00
140.0,9.0,11.0,3.6,10.0,,,1013.4,10.3,9.6,,,0.3,,2025-12-09 19:00:00
140.0,10.0,13.0,3.3,10.0,,,1012.5,10.3,9.7,,,-0.2,,2025-12-09 20:00:00
110.0,11.0,14.0,3.3,10.0,,,1011.2,9.4,9.8,,,-2.1,,2025-12-09 21:00:00
90.0,13.0,17.0,3.5,9.0,,,1009.3,9.2,9.8,,,-4.1,,2025-12-09 22:00:00
90.0,15.0,18.0,3.6,9.0,,,1007.7,8.8,9.8,,,-4.8,,2025-12-09 23:00:00
100.0,15.0,19.0,3.7,9.0,,,1005.8,8.5,9.8,,,-5.4,,2025-12-10 00:00:00
90.0,15.0,19.0,4.2,9.0,,,1003.6,8.5,9.8,,,-5.7,,2025-12-10 01:00:00
100.0,16.0,21.0,4.0,9.0,,,1001.9,8.0,9.7,,,-5.8,,2025-12-10 02:00:00
100.0,17.0,21.0,4.0,9.0,,,999.9,8.3,9.7,,,-5.9,,2025-12-10 03:00:00
100.0,17.0,20.0,4.0,9.0,,,999.1,8.1,9.7,,,-4.5,,2025-12-10 04:00:00
110.0,15.0,19.0,4.7,9.0,,,998.9,8.2,9.7,,,-3.0,,2025-12-10 05:00:00
150.0,12.0,15.0,4.4,8.0,,,1000.2,10.1,9.7,,,0.3,,2025-12-10 06:00:00
180.0,10.0,12.0,4.4,10.0,,,1001.4,10.8,9.8,,,2.3,,2025-12-10 07:00:00
190.0,8.0,10.0,4.1,9.0,,,1002.6,10.3,9.8,,,3.7,,2025-12-10 08:00:00
200.0,9.0,12.0,3.6,9.0,,,1003.6,10.0,9.7,,,3.4,,2025-12-10 09:00:00
200.0,7.0,8.0,3.3,9.0,,,1003.8,10.0,9.7,,,2.4,,2025-12-10 10:00:00
190.0,8.0,11.0,3.2,9.0,,,1004.5,9.7,9.7,,,1.9,,2025-12-10 11:00:00
200.0,7.0,10.0,3.0,8.0,,,1005.4,9.6,9.6,,,1.8,,2025-12-10 12:00:00
200.0,7.0,10.0,3.3,9.0,,,1005.2,9.4,9.6,,,1.4,,2025-12-10 13:00:00
190.0,6.0,8.0,3.7,10.0,,,1005.5,9.7,9.6,,,1.0,,2025-12-10 14:00:00
170.0,4.0,5.0,3.1,9.0,,,1005.4,9.7,9.6,,,-0.0,,2025-12-10 15:00:00
150.0,4.0,5.0,3.6,10.0,,,1005.2,9.9,9.6,,,0.0,,2025-12-10 16:00:00
150.0,7.0,8.0,3.2,10.0,,,1005.1,10.0,9.5,,,-0.4,,2025-12-10 17:00:00
160.0,7.0,10.0,3.4,9.0,,,1005.1,9.7,9.5,,,-0.3,,2025-12-10 18:00:00
160.0,12.0,15.0,3.1,10.0,,,1004.1,10.2,9.5,,,-1.1,,2025-12-10 19:00:00
140.0,11.0,14.0,3.7,11.0,,,1003.7,9.5,9.5,,,-1.4,,2025-12-10 20:00:00
160.0,10.0,13.0,3.3,9.0,,,1003.7,9.6,9.5,,,-1.4,,2025-12-10 21:00:00
150.0,10.0,12.0,3.4,10.0,,,1003.1,9.6,9.5,,,-1.0,,2025-12-10 22:00:00
150.0,13.0,16.0,3.2,9.0,,,1001.8,9.6,9.5,,,-1.9,,2025-12-10 23:00:00
240.0,8.0,10.0,3.6,10.0,,,1002.8,9.2,9.5,,,-0.9,,2025-12-11 00:00:00
230.0,8.0,10.0,3.4,9.0,,,1003.8,9.6,9.5,,,0.7,,2025-12-11 01:00:00
210.0,10.0,13.0,3.0,9.0,,,1005.1,9.7,9.5,,,3.3,,2025-12-11 02:00:00
230.0,9.0,12.0,3.3,10.0,,,1006.7,9.5,9.4,,,3.9,,2025-12-11 03:00:00
220.0,8.0,11.0,2.9,9.0,,,1008.2,9.5,9.4,,,4.4,,2025-12-11 04:00:00
220.0,8.0,9.0,3.1,10.0,,,1009.5,9.3,9.4,,,4.4,,2025-12-11 05:00:00
240.0,7.0,10.0,3.0,11.0,,,1011.0,8.6,9.4,,,4.3,,2025-12-11 06:00:00
220.0,5.0,8.0,3.0,10.0,,,1012.4,8.3,9.5,,,4.2,,2025-12-11 07:00:00
210.0,7.0,9.0,2.8,9.0,,,1013.5,8.5,9.5,,,4.0,,2025-12-11 08:00:00
250.0,6.0,7.0,3.1,10.0,,,1014.5,8.9,9.4,,,3.5,,2025-12-11 09:00:00
240.0,6.0,8.0,3.2,10.0,,,1015.4,8.8,9.4,,,3.0,,2025-12-11 10:00:00
220.0,5.0,7.0,3.1,9.0,,,1016.2,8.6,9.4,,,2.7,,2025-12-11 11:00:00
200.0,4.0,6.0,3.2,9.0,,,1016.7,8.7,9.4,,,2.2,,2025-12-11 12:00:00
230.0,4.0,5.0,3.3,9.0,,,1017.4,7.8,9.4,,,2.0,,2025-12-11 13:00:00
200.0,5.0,6.0,3.0,9.0,,,1018.2,7.7,9.4,,,,,2025-12-11 15:00:00
190.0,5.0,7.0,2.6,9.0,,,1019.0,7.8,9.5,,,,,2025-12-11 16:00:00
190.0,4.0,6.0,2.5,10.0,,,1020.0,8.0,9.5,,,,,2025-12-11 17:00:00
160.0,4.0,6.0,2.4,10.0,,,1020.8,8.1,9.5,,,2.6,,2025-12-11 18:00:00
180.0,4.0,5.0,2.7,10.0,,,1021.3,8.3,9.3,,,2.3,,2025-12-11 19:00:00
190.0,3.0,4.0,2.5,9.0,,,1021.5,8.4,9.3,,,1.5,,2025-12-11 20:00:00
160.0,4.0,5.0,2.6,10.0,,,1021.6,8.5,9.4,,,0.8,,2025-12-11 21:00:00
140.0,4.0,5.0,2.7,10.0,,,1021.6,8.4,9.2,,,0.3,,2025-12-11 22:00:00
130.0,3.0,4.0,2.5,10.0,,,1021.8,8.4,9.2,,,0.3,,2025-12-11 23:00:00
120.0,2.0,3.0,2.1,9.0,,,1022.1,8.5,9.2,,,0.5,,2025-12-12 00:00:00
120.0,3.0,4.0,2.2,10.0,,,1022.1,8.5,9.2,,,0.5,,2025-12-12 01:00:00
120.0,3.0,4.0,2.3,10.0,,,1022.0,8.4,9.1,,,0.2,,2025-12-12 02:00:00
90.0,4.0,5.0,2.2,10.0,,,1021.9,8.2,9.1,,,-0.2,,2025-12-12 03:00:00
120.0,4.0,6.0,2.1,10.0,,,1022.0,8.5,9.1,,,-0.1,,2025-12-12 04:00:00
100.0,8.0,10.0,2.0,9.0,,,1021.9,8.6,9.0,,,-0.1,,2025-12-12 05:00:00
90.0,9.0,10.0,1.9,9.0,,,1021.6,8.3,9.1,,,-0.3,,2025-12-12 06:00:00
110.0,8.0,9.0,1.9,9.0,,,1021.6,8.4,9.1,,,-0.4,,2025-12-12 07:00:00
80.0,9.0,10.0,2.0,9.0,,,1021.5,7.8,9.1,,,-0.4,,2025-12-12 08:00:00
70.0,8.0,10.0,1.8,9.0,,,1021.2,7.5,9.1,,,-0.4,,2025-12-12 09:00:00
70.0,8.0,10.0,1.8,9.0,,,1020.3,7.4,9.1,,,-1.3,,2025-12-12 10:00:00
70.0,8.0,10.0,1.8,9.0,,,1020.3,7.5,9.1,,,-1.2,,2025-12-12 11:00:00
60.0,8.0,10.0,1.8,9.0,,,1019.4,7.3,9.1,,,-1.8,,2025-12-12 12:00:00
50.0,8.0,10.0,1.7,8.0,,,1018.9,7.2,9.1,,,-1.4,,2025-12-12 13:00:00
50.0,7.0,9.0,1.5,8.0,,,1018.5,7.4,9.1,,,-1.8,,2025-12-12 14:00:00
20.0,7.0,9.0,1.4,7.0,,,1018.3,7.1,9.1,,,-1.1,,2025-12-12 15:00:00
0.0,8.0,10.0,1.3,7.0,,,1018.3,7.1,9.1,,,-0.6,,2025-12-12 16:00:00
10.0,9.0,11.0,1.2,6.0,,,1017.7,6.9,9.1,,,-0.8,,2025-12-12 17:00:00
10.0,9.0,11.0,1.3,6.0,,,1017.4,6.9,9.1,,,-0.9,,2025-12-12 18:00:00
0.0,10.0,11.0,1.3,7.0,,,1017.4,6.6,9.1,,,-0.9,,2025-12-12 19:00:00
0.0,9.0,11.0,1.3,6.0,,,1017.0,6.9,9.1,,,-0.7,,2025-12-12 20:00:00
10.0,8.0,10.0,1.4,7.0,,,1016.3,7.2,9.1,,,-1.1,,2025-12-12 21:00:00
10.0,8.0,9.0,1.2,6.0,,,1015.6,7.1,9.1,,,-1.8,,2025-12-12 22:00:00
20.0,8.0,9.0,1.3,6.0,,,1014.7,7.1,9.1,,,-2.3,,2025-12-12 23:00:00
60.0,8.0,10.0,1.2,5.0,,,1014.1,7.6,9.1,,,-2.2,,2025-12-13 00:00:00
60.0,10.0,11.0,1.2,5.0,,,1012.8,7.8,9.1,,,-2.8,,2025-12-13 01:00:00
80.0,12.0,14.0,1.5,5.0,,,1011.7,8.5,9.1,,,-3.0,,2025-12-13 02:00:00
80.0,12.0,15.0,1.8,6.0,,,1010.7,8.5,9.1,,,-3.4,,2025-12-13 03:00:00
80.0,14.0,16.0,1.7,6.0,,,1009.6,8.5,9.1,,,-3.2,,2025-12-13 04:00:00
90.0,14.0,17.0,2.1,6.0,,,1008.8,8.7,9.1,,,-2.9,,2025-12-13 05:00:00
100.0,13.0,16.0,2.1,6.0,,,1007.8,9.1,9.1,,,-2.9,,2025-12-13 06:00:00
110.0,12.0,15.0,2.0,6.0,,,1007.6,9.5,9.1,,,-2.0,,2025-12-13 07:00:00
110.0,12.0,14.0,2.4,6.0,,,1007.4,9.7,9.2,,,-1.4,,2025-12-13 08:00:00
120.0,12.0,14.0,2.6,7.0,,,1007.0,9.8,9.2,,,-0.8,,2025-12-13 09:00:00
120.0,12.0,15.0,2.8,6.0,,,1006.5,10.6,9.2,,,-1.1,,2025-12-13 10:00:00
130.0,12.0,14.0,2.9,6.0,,,1006.4,10.6,9.2,,,-1.0,,2025-12-13 11:00:00
120.0,12.0,15.0,2.7,6.0,,,1005.6,10.6,9.2,,,-1.4,,2025-12-13 12:00:00
130.0,13.0,16.0,2.6,6.0,,,1004.7,10.7,9.3,,,-1.8,,2025-12-13 13:00:00
120.0,14.0,18.0,2.9,6.0,,,1003.9,10.8,9.3,,,-2.5,,2025-12-13 14:00:00
120.0,14.0,18.0,3.0,6.0,,,1003.4,10.7,9.3,,,-2.2,,2025-12-13 15:00:00
120.0,13.0,16.0,3.5,7.0,,,1003.5,9.6,9.3,,,-1.2,,2025-12-13 16:00:00
120.0,16.0,19.0,3.5,7.0,,,1002.5,10.7,9.3,,,-1.4,,2025-12-13 17:00:00
120.0,15.0,20.0,3.7,7.0,,,1001.7,10.6,9.3,,,-1.7,,2025-12-13 18:00:00
120.0,17.0,21.0,4.1,8.0,,,1002.3,10.7,9.4,,,-1.2,,2025-12-13 19:00:00
130.0,17.0,22.0,3.9,8.0,,,1002.3,10.7,9.4,,,-0.2,,2025-12-13 20:00:00
130.0,16.0,21.0,4.1,8.0,,,1002.9,10.7,9.4,,,1.2,,2025-12-13 21:00:00
130.0,13.0,16.0,3.8,8.0,,,1003.5,10.3,9.5,,,1.2,,2025-12-13 22:00:00
130.0,14.0,18.0,4.2,8.0,,,1002.7,10.4,9.5,,,0.4,,2025-12-13 23:00:00
110.0,9.0,11.0,3.7,8.0,,,1002.5,10.0,9.5,,,-0.4,,2025-12-14 00:00:00
100.0,10.0,13.0,3.1,8.0,,,1001.6,9.9,9.5,,,-1.9,,2025-12-14 01:00:00
90.0,11.0,14.0,3.1,8.0,,,1000.5,9.8,9.5,,,-2.2,,2025-12-14 02:00:00
100.0,12.0,14.0,2.9,8.0,,,999.7,10.0,9.5,,,-2.8,,2025-12-14 03:00:00
100.0,11.0,14.0,3.0,8.0,,,999.0,9.9,9.5,,,-2.6,,2025-12-14 04:00:00
100.0,13.0,15.0,2.9,8.0,,,998.5,10.2,9.5,,,-2.0,,2025-12-14 05:00:00
100.0,14.0,17.0,3.1,8.0,,,997.2,10.1,9.5,,,-2.5,,2025-12-14 06:00:00
100.0,13.0,17.0,3.0,8.0,,,996.7,10.0,9.5,,,-2.3,,2025-12-14 07:00:00
110.0,13.0,15.0,3.3,8.0,,,996.7,10.1,9.5,,,-1.8,,2025-12-14 08:00:00
110.0,13.0,17.0,3.4,8.0,,,996.7,10.9,9.6,,,-0.5,,2025-12-14 09:00:00
150.0,11.0,15.0,3.3,8.0,,,997.2,10.7,9.6,,,0.5,,2025-12-14 10:00:00
150.0,12.0,16.0,3.2,8.0,,,997.4,10.9,9.6,,,0.7,,2025-12-14 11:00:00
150.0,13.0,16.0,2.9,7.0,,,997.8,11.2,9.6,,,1.1,,2025-12-14 12:00:00
160.0,13.0,18.0,3.4,8.0,,,998.8,11.0,9.5,,,1.6,,2025-12-14 13:00:00
160.0,12.0,15.0,3.5,8.0,,,1000.0,10.9,9.5,,,2.6,,2025-12-14 14:00:00
150.0,13.0,16.0,3.5,8.0,,,1000.8,10.8,9.5,,,3.0,,2025-12-14 15:00:00
140.0,12.0,15.0,3.6,8.0,,,1001.7,10.7,9.6,,,2.9,,2025-12-14 16:00:00
130.0,11.0,13.0,3.3,9.0,,,1002.1,10.7,9.6,,,2.1,,2025-12-14 17:00:00
120.0,12.0,14.0,3.7,9.0,,,1002.5,10.8,9.7,,,1.7,,2025-12-14 18:00:00
110.0,12.0,15.0,3.5,9.0,,,1002.9,10.9,9.7,,,1.2,,2025-12-14 19:00:00
110.0,13.0,15.0,3.3,9.0,,,1002.6,11.0,9.7,,,0.5,,2025-12-14 20:00:00
110.0,15.0,20.0,3.6,9.0,,,1001.6,11.1,9.7,,,-0.9,,2025-12-14 21:00:00
110.0,16.0,19.0,3.6,9.0,,,1000.2,10.5,9.7,,,-2.7,,2025-12-14 22:00:00
90.0,15.0,19.0,3.5,8.0,,,998.5,9.9,9.7,,,-4.1,,2025-12-14 23:00:00
90.0,16.0,20.0,4.0,8.0,,,996.4,9.7,9.6,,,-5.2,,2025-12-15 00:00:00
90.0,19.0,24.0,4.3,8.0,,,994.1,9.7,9.5,,,-6.1,,2025-12-15 01:00:00
90.0,19.0,25.0,4.4,8.0,,,993.1,9.5,9.5,,,-5.4,,2025-12-15 02:00:00
100.0,19.0,24.0,4.8,8.0,,,991.9,9.6,9.5,,,-4.5,,2025-12-15 03:00:00
100.0,17.0,22.0,4.6,8.0,,,990.4,10.5,9.5,,,-3.7,,2025-12-15 04:00:00
120.0,19.0,26.0,5.4,9.0,,,989.8,11.8,9.5,,,-3.3,,2025-12-15 05:00:00
130.0,19.0,26.0,5.3,9.0,,,989.7,11.6,9.5,,,-2.2,,2025-12-15 06:00:00
120.0,18.0,22.0,5.2,9.0,,,989.4,11.7,9.5,,,-1.0,,2025-12-15 07:00:00
130.0,15.0,20.0,5.0,10.0,,,989.3,11.6,9.6,,,-0.5,,2025-12-15 08:00:00
130.0,17.0,22.0,5.5,10.0,,,988.2,11.8,9.6,,,-1.5,,2025-12-15 09:00:00
130.0,14.0,18.0,4.8,9.0,,,987.6,11.7,9.6,,,-1.8,,2025-12-15 10:00:00
150.0,15.0,18.0,4.9,9.0,,,988.2,12.2,9.6,,,-1.1,,2025-12-15 11:00:00
220.0,8.0,10.0,4.9,10.0,,,989.7,9.6,9.6,,,1.5,,2025-12-15 12:00:00
210.0,6.0,8.0,5.0,10.0,,,990.4,9.3,9.6,,,2.8,,2025-12-15 13:00:00
240.0,8.0,9.0,4.3,10.0,,,990.6,9.1,9.6,,,2.4,,2025-12-15 14:00:00
250.0,8.0,10.0,4.1,11.0,,,991.3,8.2,9.5,,,1.6,,2025-12-15 15:00:00
250.0,8.0,10.0,3.7,10.0,,,992.3,8.4,9.5,,,1.9,,2025-12-15 16:00:00
250.0,9.0,11.0,4.0,10.0,,,994.2,8.0,9.5,,,3.6,,2025-12-15 17:00:00
250.0,6.0,8.0,3.6,10.0,,,996.0,8.3,9.5,,,4.7,,2025-12-15 18:00:00
240.0,8.0,10.0,3.3,10.0,,,997.7,8.6,9.5,,,5.4,,2025-12-15 19:00:00
230.0,11.0,15.0,3.9,11.0,,,998.8,8.8,9.5,,,4.6,,2025-12-15 20:00:00
230.0,9.0,13.0,3.8,10.0,,,1000.7,8.7,9.5,,,4.7,,2025-12-15 21:00:00
190.0,8.0,10.0,3.5,10.0,,,1002.3,8.4,9.5,,,4.6,,2025-12-15 22:00:00
220.0,7.0,9.0,4.1,10.0,,,1003.6,7.8,9.5,,,4.8,,2025-12-15 23:00:00
170.0,10.0,14.0,3.9,10.0,,,1004.1,8.9,9.5,,,3.4,,2025-12-16 00:00:00
170.0,10.0,13.0,3.6,10.0,,,1004.5,8.7,9.5,,,2.2,,2025-12-16 01:00:00
150.0,7.0,10.0,3.9,9.0,,,1005.1,7.4,9.5,,,1.5,,2025-12-16 02:00:00
160.0,10.0,12.0,3.2,9.0,,,1005.1,7.9,9.5,,,1.0,,2025-12-16 03:00:00
170.0,11.0,13.0,3.3,10.0,,,1005.2,9.2,9.6,,,0.7,,2025-12-16 04:00:00
160.0,13.0,15.0,3.3,9.0,,,1005.5,9.2,9.6,,,0.4,,2025-12-16 05:00:00
160.0,13.0,17.0,3.5,10.0,,,1005.0,9.5,9.6,,,-0.1,,2025-12-16 06:00:00
160.0,13.0,16.0,3.5,9.0,,,1005.2,9.2,9.6,,,0.0,,2025-12-16 07:00:00
160.0,14.0,17.0,3.4,9.0,,,1005.1,9.4,9.6,,,-0.4,,2025-12-16 08:00:00
160.0,14.0,18.0,3.8,9.0,,,1005.4,9.8,9.6,,,0.4,,2025-12-16 09:00:00
160.0,13.0,16.0,4.0,10.0,,,1005.6,9.5,9.6,,,0.4,,2025-12-16 10:00:00
180.0,12.0,15.0,4.2,10.0,,,1005.8,9.7,9.6,,,0.7,,2025-12-16 11:00:00
170.0,11.0,14.0,4.3,9.0,,,1005.7,9.7,9.6,,,0.3,,2025-12-16 12:00:00
150.0,11.0,13.0,4.8,10.0,,,1004.7,9.7,9.6,,,-0.9,,2025-12-16 13:00:00
150.0,10.0,13.0,3.9,10.0,,,1003.4,9.7,9.6,,,-2.4,,2025-12-16 14:00:00
160.0,10.0,13.0,4.5,10.0,,,1002.3,9.4,9.6,,,-3.4,,2025-12-16 15:00:00
150.0,12.0,15.0,4.1,10.0,,,1001.0,9.9,9.6,,,-3.7,,2025-12-16 16:00:00
150.0,12.0,15.0,4.4,10.0,,,1000.2,9.9,9.6,,,-3.2,,2025-12-16 17:00:00
150.0,11.0,14.0,4.3,10.0,,,999.4,9.7,9.6,,,-2.9,,2025-12-16 18:00:00
130.0,9.0,12.0,4.3,10.0,,,998.7,9.6,9.6,,,-2.3,,2025-12-16 19:00:00
120.0,9.0,12.0,4.3,11.0,,,996.9,9.4,9.5,,,-3.3,,2025-12-16 20:00:00
140.0,13.0,15.0,4.0,10.0,,,994.3,10.6,9.6,,,-5.1,,2025-12-16 21:00:00
120.0,12.0,15.0,4.0,10.0,,,992.5,9.6,9.6,,,-6.2,,2025-12-16 22:00:00
190.0,14.0,16.0,4.4,11.0,,,991.2,8.4,9.6,,,-5.7,,2025-12-16 23:00:00
160.0,12.0,17.0,4.6,10.0,,,989.2,10.1,9.6,,,-5.1,,2025-12-17 00:00:00
170.0,16.0,21.0,5.0,10.0,,,988.4,8.8,9.6,,,-4.1,,2025-12-17 01:00:00
170.0,17.0,22.0,4.7,9.0,,,987.6,8.8,9.5,,,-3.6,,2025-12-17 02:00:00
170.0,18.0,24.0,5.8,9.0,,,986.9,8.1,9.5,,,-2.3,,2025-12-17 03:00:00
180.0,19.0,23.0,6.1,10.0,,,986.7,7.5,9.5,,,-1.7,,2025-12-17 04:00:00
190.0,17.0,22.0,5.6,10.0,,,986.6,7.2,9.5,,,-1.0,,2025-12-17 05:00:00
200.0,17.0,21.0,6.4,11.0,,,987.3,6.9,9.5,,,0.4,,2025-12-17 06:00:00
220.0,16.0,22.0,5.9,10.0,,,988.1,7.0,9.6,,,1.4,,2025-12-17 07:00:00
230.0,14.0,17.0,5.8,11.0,,,989.2,7.5,9.5,,,2.6,,2025-12-17 08:00:00
240.0,14.0,18.0,5.1,9.0,,,989.8,8.0,9.5,,,2.5,,2025-12-17 09:00:00
230.0,15.0,18.0,5.0,10.0,,,991.0,8.2,9.5,,,2.9,,2025-12-17 10:00:00
240.0,15.0,18.0,4.9,10.0,,,993.2,8.4,9.5,,,4.0,,2025-12-17 11:00:00
230.0,14.0,18.0,4.9,10.0,,,995.3,8.4,9.5,,,5.5,,2025-12-17 12:00:00
230.0,13.0,15.0,4.4,9.0,,,997.2,7.9,9.5,,,6.2,,2025-12-17 13:00:00
220.0,11.0,14.0,4.4,10.0,,,998.9,7.7,9.5,,,5.7,,2025-12-17 14:00:00
220.0,12.0,16.0,4.4,9.0,,,1000.3,7.1,9.5,,,5.0,,2025-12-17 15:00:00
210.0,9.0,12.0,4.4,10.0,,,1001.3,7.6,9.5,,,4.1,,2025-12-17 16:00:00
240.0,8.0,13.0,4.2,10.0,,,1002.5,5.9,9.5,,,3.6,,2025-12-17 17:00:00
230.0,7.0,10.0,3.7,10.0,,,1003.7,6.1,9.5,,,3.4,,2025-12-17 18:00:00
170.0,10.0,14.0,4.0,9.0,,,1004.3,6.8,9.5,,,3.0,,2025-12-17 19:00:00
170.0,10.0,13.0,3.4,9.0,,,1004.3,8.1,9.5,,,1.8,,2025-12-17 20:00:00
210.0,10.0,13.0,3.3,9.0,,,1004.6,6.2,9.5,,,0.9,,2025-12-17 21:00:00
160.0,9.0,14.0,3.9,9.0,,,1004.9,7.8,9.5,,,0.6,,2025-12-17 22:00:00
150.0,11.0,14.0,4.2,9.0,,,1004.8,8.0,9.5,,,0.5,,2025-12-17 23:00:00
180.0,11.0,14.0,3.8,10.0,,,1005.0,7.7,9.5,,,0.4,,2025-12-18 00:00:00
180.0,12.0,15.0,3.5,9.0,,,1005.2,8.5,9.5,,,0.3,,2025-12-18 01:00:00
160.0,11.0,13.0,3.5,9.0,,,1005.1,8.7,9.5,,,0.3,,2025-12-18 02:00:00
190.0,5.0,7.0,3.6,9.0,,,1005.4,7.7,9.5,,,0.4,,2025-12-18 03:00:00
190.0,12.0,17.0,3.7,10.0,,,1004.7,6.8,9.5,,,-0.5,,2025-12-18 04:00:00
150.0,12.0,14.0,3.8,10.0,,,1003.9,9.1,9.9,,,-1.2,,2025-12-18 05:00:00
140.0,14.0,18.0,3.8,9.0,,,1002.8,8.2,9.9,,,-2.6,,2025-12-18 06:00:00
150.0,13.0,16.0,4.1,10.0,,,1001.8,8.6,9.9,,,-2.9,,2025-12-18 07:00:00
160.0,13.0,16.0,4.0,10.0,,,1001.3,9.1,9.8,,,-2.6,,2025-12-18 08:00:00
160.0,12.0,15.0,4.0,9.0,,,1000.3,9.2,9.9,,,-2.5,,2025-12-18 09:00:00
160.0,14.0,17.0,4.3,9.0,,,999.2,9.1,9.7,,,-2.6,,2025-12-18 10:00:00
160.0,11.0,13.0,4.6,10.0,,,998.3,8.5,9.6,,,-3.0,,2025-12-18 11:00:00
150.0,10.0,13.0,4.3,10.0,,,997.2,8.4,9.6,,,-3.1,,2025-12-18 12:00:00
160.0,11.0,14.0,4.2,10.0,,,995.7,8.0,9.6,,,-3.5,,2025-12-18 13:00:00
150.0,10.0,12.0,3.9,10.0,,,994.1,7.9,9.6,,,-4.2,,2025-12-18 14:00:00
240.0,5.0,9.0,3.7,10.0,,,993.5,6.6,9.7,,,-3.7,,2025-12-18 15:00:00
210.0,3.0,5.0,3.9,10.0,,,992.1,6.5,9.7,,,-3.6,,2025-12-18 16:00:00
260.0,5.0,7.0,3.8,10.0,,,990.9,6.0,9.8,,,-3.2,,2025-12-18 17:00:00
270.0,6.0,8.0,3.5,10.0,,,990.2,5.1,9.7,,,-3.3,,2025-12-18 18:00:00
290.0,8.0,9.0,3.5,10.0,,,989.5,4.0,9.7,,,-2.6,,2025-12-18 19:00:00
260.0,7.0,9.0,3.5,11.0,,,989.1,3.9,9.7,,,-1.8,,2025-12-18 20:00:00
260.0,6.0,8.0,3.4,11.0,,,988.1,4.4,9.7,,,-2.1,,2025-12-18 21:00:00
230.0,10.0,12.0,3.6,11.0,,,987.4,5.4,9.7,,,-2.1,,2025-12-18 22:00:00
250.0,9.0,13.0,3.6,11.0,,,987.6,4.9,9.7,,,-1.5,,2025-12-18 23:00:00
240.0,10.0,13.0,3.7,11.0,,,988.0,6.4,9.6,,,-0.1,,2025-12-19 00:00:00
250.0,10.0,12.0,3.8,10.0,,,988.7,6.5,9.6,,,1.3,,2025-12-19 01:00:00
240.0,10.0,13.0,3.4,9.0,,,989.4,6.6,9.7,,,1.8,,2025-12-19 02:00:00
250.0,7.0,11.0,3.4,9.0,,,990.4,5.8,9.7,,,2.4,,2025-12-19 03:00:00
220.0,10.0,13.0,3.0,8.0,,,991.0,6.0,9.7,,,2.3,,2025-12-19 04:00:00
210.0,8.0,10.0,2.9,9.0,,,991.3,6.0,9.7,,,1.9,,2025-12-19 05:00:00
210.0,8.0,11.0,3.1,8.0,,,991.8,5.5,9.7,,,1.4,,2025-12-19 06:00:00
220.0,10.0,13.0,2.7,8.0,,,992.2,7.0,9.7,,,1.2,,2025-12-19 07:00:00
240.0,10.0,13.0,2.7,8.0,,,993.0,7.3,9.7,,,1.7,,2025-12-19 08:00:00
220.0,11.0,13.0,2.9,8.0,,,994.0,7.0,9.7,,,2.2,,2025-12-19 09:00:00
240.0,9.0,11.0,2.5,8.0,,,994.9,7.0,9.7,,,2.7,,2025-12-19 10:00:00
230.0,10.0,12.0,2.5,8.0,,,995.9,6.7,9.7,,,2.9,,2025-12-19 11:00:00
220.0,5.0,7.0,2.7,9.0,,,996.8,5.2,9.7,,,2.8,,2025-12-19 12:00:00
240.0,8.0,10.0,2.4,9.0,,,996.9,6.6,9.7,,,2.0,,2025-12-19 13:00:00
250.0,7.0,9.0,2.4,8.0,,,997.3,6.5,9.7,,,1.4,,2025-12-19 14:00:00
240.0,7.0,9.0,2.5,8.0,,,998.1,6.5,9.8,,,1.3,,2025-12-19 15:00:00
240.0,5.0,7.0,2.4,8.0,,,998.4,6.4,9.8,,,1.5,,2025-12-19 16:00:00
250.0,5.0,6.0,2.4,8.0,,,999.0,6.4,9.7,,,1.7,,2025-12-19 17:00:00
260.0,3.0,4.0,2.4,8.0,,,999.7,6.2,9.8,,,1.6,,2025-12-19 18:00:00
300.0,5.0,7.0,2.2,8.0,,,1000.4,5.2,9.7,,,2.0,,2025-12-19 19:00:00
330.0,2.0,3.0,2.1,8.0,,,1000.5,6.2,9.7,,,1.5,,2025-12-19 20:00:00
150.0,2.0,4.0,2.0,9.0,,,1000.6,6.0,9.7,,,0.9,,2025-12-19 21:00:00
140.0,7.0,9.0,2.3,9.0,,,1000.5,5.5,9.8,,,0.1,,2025-12-19 22:00:00
160.0,2.0,3.0,2.2,9.0,,,1000.8,3.3,9.7,,,0.3,,2025-12-19 23:00:00
180.0,8.0,11.0,2.1,9.0,,,1000.6,4.8,9.7,,,0.0,,2025-12-20 00:00:00
210.0,7.0,9.0,2.1,9.0,,,1000.7,5.2,9.7,,,0.2,,2025-12-20 01:00:00
200.0,10.0,13.0,2.1,9.0,,,1000.4,6.4,9.7,,,-0.4,,2025-12-20 02:00:00
190.0,11.0,13.0,1.9,8.0,,,1000.5,6.5,9.7,,,-0.1,,2025-12-20 03:00:00
190.0,11.0,13.0,2.3,8.0,,,1000.9,6.0,9.7,,,0.2,,2025-12-20 04:00:00
160.0,8.0,11.0,2.2,7.0,,,1001.4,5.5,9.7,,,1.0,,2025-12-20 05:00:00
180.0,10.0,12.0,2.4,8.0,,,1001.3,6.4,9.7,,,0.8,,2025-12-20 06:00:00
190.0,9.0,10.0,2.3,7.0,,,1001.7,5.6,9.7,,,0.8,,2025-12-20 07:00:00
200.0,10.0,14.0,2.3,8.0,,,1001.7,5.3,9.6,,,0.3,,2025-12-20 08:00:00
170.0,10.0,13.0,2.2,8.0,,,1001.4,5.7,9.6,,,0.1,,2025-12-20 09:00:00
170.0,8.0,10.0,2.4,8.0,,,1001.8,6.0,9.6,,,0.1,,2025-12-20 10:00:00
190.0,9.0,11.0,2.5,8.0,,,1001.9,6.8,9.5,,,0.2,,2025-12-20 11:00:00
170.0,9.0,11.0,2.4,8.0,,,1001.7,5.9,9.6,,,0.3,,2025-12-20 12:00:00
170.0,8.0,10.0,2.4,8.0,,,1001.6,5.7,9.6,,,-0.2,,2025-12-20 13:00:00
170.0,9.0,16.0,2.3,8.0,,,1001.3,5.3,9.7,,,-0.6,,2025-12-20 14:00:00
210.0,9.0,11.0,2.7,8.0,,,1001.3,5.8,9.7,,,-0.4,,2025-12-20 15:00:00
190.0,8.0,11.0,2.6,9.0,,,1001.5,5.9,9.8,,,-0.1,,2025-12-20 16:00:00
200.0,8.0,10.0,2.4,8.0,,,1001.7,6.5,9.7,,,0.4,,2025-12-20 17:00:00
200.0,7.0,9.0,2.3,8.0,,,1002.1,6.2,9.7,,,0.8,,2025-12-20 18:00:00
220.0,3.0,5.0,2.1,8.0,,,1002.7,4.9,9.7,,,1.2,,2025-12-20 19:00:00
210.0,10.0,12.0,2.2,7.0,,,1002.3,6.6,9.7,,,0.6,,2025-12-20 20:00:00
200.0,7.0,9.0,2.2,8.0,,,1002.7,5.8,9.7,,,0.6,,2025-12-20 21:00:00
200.0,10.0,13.0,2.1,7.0,,,1002.8,5.5,9.7,,,0.1,,2025-12-20 22:00:00
190.0,8.0,9.0,2.1,8.0,,,1002.9,6.0,9.7,,,0.6,,2025-12-20 23:00:00
200.0,7.0,9.0,2.2,8.0,,,1002.8,6.2,9.6,,,0.1,,2025-12-21 00:00:00
210.0,6.0,11.0,2.3,8.0,,,1002.7,6.0,9.6,,,-0.1,,2025-12-21 01:00:00
170.0,7.0,9.0,2.0,8.0,,,1002.7,6.4,9.8,,,-0.2,,2025-12-21 02:00:00
170.0,7.0,9.0,2.0,7.0,,,1002.8,6.1,9.8,,,-0.0,,2025-12-21 03:00:00
160.0,5.0,7.0,2.1,8.0,,,1002.5,5.8,9.8,,,-0.2,,2025-12-21 04:00:00
180.0,4.0,6.0,2.3,8.0,,,1002.3,5.8,9.8,,,-0.4,,2025-12-21 05:00:00
120.0,6.0,7.0,2.1,7.0,,,1001.4,6.0,9.8,,,-1.4,,2025-12-21 06:00:00
120.0,3.0,6.0,1.9,8.0,,,1000.9,4.3,9.8,,,-1.6,,2025-12-21 07:00:00
110.0,8.0,12.0,1.8,7.0,,,999.5,6.0,9.8,,,-2.8,,2025-12-21 08:00:00
110.0,9.0,12.0,1.9,7.0,,,998.5,6.5,9.6,,,-2.9,,2025-12-21 09:00:00
130.0,12.0,16.0,2.0,7.0,,,997.7,5.0,9.4,,,-3.2,,2025-12-21 10:00:00
100.0,6.0,8.0,1.8,7.0,,,996.7,4.8,9.3,,,-2.8,,2025-12-21 11:00:00
100.0,13.0,15.0,1.8,7.0,,,994.6,5.9,9.5,,,-3.9,,2025-12-21 12:00:00
100.0,14.0,16.0,2.0,7.0,,,993.4,6.1,9.8,,,-4.3,,2025-12-21 13:00:00
100.0,11.0,15.0,2.0,6.0,,,992.7,5.9,9.8,,,-4.0,,2025-12-21 14:00:00
110.0,13.0,17.0,2.3,6.0,,,991.9,5.8,9.8,,,-2.7,,2025-12-21 15:00:00
160.0,10.0,11.0,2.3,7.0,,,991.9,7.2,9.8,,,-1.5,,2025-12-21 16:00:00
200.0,9.0,11.0,1.9,6.0,,,992.1,6.1,9.8,,,-0.6,,2025-12-21 17:00:00
220.0,6.0,8.0,1.9,6.0,,,992.9,5.8,9.8,,,1.0,,2025-12-21 18:00:00
190.0,6.0,9.0,1.8,7.0,,,993.4,5.4,9.8,,,1.5,,2025-12-21 19:00:00
240.0,7.0,8.0,1.7,7.0,,,993.5,5.9,9.8,,,1.4,,2025-12-21 20:00:00
200.0,6.0,9.0,1.5,7.0,,,994.0,6.2,9.8,,,1.1,,2025-12-21 21:00:00
210.0,6.0,9.0,1.5,7.0,,,994.2,6.2,9.8,,,0.8,,2025-12-21 22:00:00
180.0,4.0,4.0,1.5,8.0,,,995.0,5.4,9.8,,,1.5,,2025-12-21 23:00:00
230.0,6.0,8.0,1.5,8.0,,,995.5,6.1,9.7,,,1.5,,2025-12-22 00:00:00
260.0,4.0,5.0,1.4,7.0,,,996.2,5.6,9.7,,,2.0,,2025-12-22 01:00:00
270.0,2.0,3.0,1.4,8.0,,,996.6,5.4,9.7,,,1.6,,2025-12-22 02:00:00
210.0,4.0,8.0,1.5,8.0,,,997.5,3.2,9.6,,,2.0,,2025-12-22 03:00:00
80.0,2.0,3.0,1.5,7.0,,,997.9,4.3,9.6,,,1.7,,2025-12-22 04:00:00
120.0,5.0,7.0,1.6,8.0,,,998.1,5.2,9.5,,,1.5,,2025-12-22 05:00:00
110.0,6.0,8.0,1.7,7.0,,,998.0,5.7,9.6,,,0.5,,2025-12-22 06:00:00
150.0,10.0,14.0,1.8,7.0,,,998.6,3.9,9.7,,,0.7,,2025-12-22 07:00:00
160.0,10.0,13.0,1.7,7.0,,,998.5,5.1,9.7,,,0.4,,2025-12-22 08:00:00
140.0,9.0,13.0,1.6,7.0,,,998.3,5.4,9.2,,,0.3,,2025-12-22 09:00:00
120.0,9.0,12.0,1.6,7.0,,,998.6,4.7,9.4,,,-0.0,,2025-12-22 10:00:00
140.0,10.0,13.0,1.5,7.0,,,998.9,5.3,9.3,,,0.4,,2025-12-22 11:00:00
120.0,8.0,10.0,1.7,7.0,,,999.1,5.5,9.3,,,0.8,,2025-12-22 12:00:00
160.0,8.0,10.0,1.7,6.0,,,998.9,6.4,9.2,,,0.3,,2025-12-22 13:00:00
160.0,7.0,9.0,2.1,7.0,,,998.9,6.5,9.6,,,0.0,,2025-12-22 14:00:00
90.0,11.0,13.0,2.1,7.0,,,998.5,5.6,9.7,,,-0.6,,2025-12-22 15:00:00
90.0,12.0,15.0,1.8,6.0,,,997.8,5.7,9.7,,,-1.1,,2025-12-22 16:00:00
80.0,8.0,13.0,2.0,6.0,,,997.4,4.9,9.7,,,-1.5,,2025-12-22 17:00:00
70.0,15.0,20.0,2.5,6.0,,,995.5,5.1,9.6,,,-3.0,,2025-12-22 18:00:00
70.0,15.0,19.0,2.5,6.0,,,994.4,5.5,9.3,,,-3.4,,2025-12-22 19:00:00
90.0,15.0,20.0,2.7,6.0,,,992.2,6.1,9.2,,,-5.2,,2025-12-22 20:00:00
90.0,15.0,20.0,2.8,7.0,,,990.6,6.2,9.2,,,-4.9,,2025-12-22 21:00:00
100.0,14.0,18.0,3.0,7.0,,,989.9,5.6,9.2,,,-4.5,,2025-12-22 22:00:00
100.0,14.0,17.0,2.8,7.0,,,989.0,6.1,9.2,,,-3.2,,2025-12-22 23:00:00
150.0,10.0,12.0,2.4,6.0,,,989.0,6.5,9.2,,,-1.6,,2025-12-23 00:00:00
180.0,8.0,10.0,2.2,7.0,,,989.9,5.0,9.2,,,-0.0,,2025-12-23 01:00:00
220.0,11.0,14.0,2.1,7.0,,,990.9,5.3,9.2,,,1.9,,2025-12-23 02:00:00
230.0,11.0,14.0,1.9,6.0,,,992.5,4.9,9.2,,,3.5,,2025-12-23 03:00:00
230.0,12.0,15.0,2.2,7.0,,,994.5,5.7,9.2,,,4.6,,2025-12-23 04:00:00
210.0,11.0,13.0,2.4,7.0,,,996.4,6.0,9.1,,,5.5,,2025-12-23 05:00:00
210.0,8.0,11.0,2.4,7.0,,,998.3,5.3,9.2,,,5.8,,2025-12-23 06:00:00
200.0,6.0,10.0,2.2,7.0,,,999.2,5.9,9.2,,,4.7,,2025-12-23 07:00:00
140.0,11.0,14.0,2.0,6.0,,,999.7,5.2,9.2,,,3.3,,2025-12-23 08:00:00
160.0,8.0,10.0,1.8,7.0,,,999.8,6.3,9.2,,,1.5,,2025-12-23 09:00:00
140.0,10.0,14.0,2.1,6.0,,,999.9,5.5,9.2,,,0.7,,2025-12-23 10:00:00
100.0,12.0,16.0,2.1,6.0,,,999.8,4.0,9.1,,,0.1,,2025-12-23 11:00:00
150.0,8.0,12.0,2.3,7.0,,,1000.7,4.3,9.1,,,,,2025-12-23 13:00:00
170.0,11.0,13.0,2.4,7.0,,,1001.2,5.3,9.1,,,,,2025-12-23 14:00:00
170.0,11.0,15.0,2.5,7.0,,,1001.8,5.3,9.2,,,,,2025-12-23 15:00:00
180.0,9.0,12.0,2.6,7.0,,,1002.3,5.5,9.2,,,1.6,,2025-12-23 16:00:00
150.0,14.0,18.0,2.6,8.0,,,1002.9,4.0,9.2,,,1.7,,2025-12-23 17:00:00
120.0,11.0,13.0,2.8,7.0,,,1003.3,5.2,9.2,,,1.5,,2025-12-23 18:00:00
100.0,12.0,15.0,3.0,7.0,,,1002.9,3.7,9.2,,,0.6,,2025-12-23 19:00:00
120.0,14.0,18.0,2.7,7.0,,,1002.0,5.0,9.3,,,-0.9,,2025-12-23 20:00:00
110.0,12.0,17.0,2.9,7.0,,,1001.5,4.8,9.3,,,-1.8,,2025-12-23 21:00:00
110.0,14.0,17.0,3.0,7.0,,,1001.0,5.2,9.3,,,-1.9,,2025-12-23 22:00:00
160.0,8.0,10.0,2.7,7.0,,,1002.2,3.0,9.2,,,0.2,,2025-12-23 23:00:00
110.0,7.0,10.0,2.5,7.0,,,1002.9,3.6,9.2,,,1.4,,2025-12-24 00:00:00
100.0,6.0,8.0,2.2,7.0,,,1003.1,3.5,9.2,,,2.1,,2025-12-24 01:00:00
90.0,7.0,9.0,2.1,7.0,,,1003.5,4.7,9.2,,,1.3,,2025-12-24 02:00:00
90.0,9.0,11.0,1.9,7.0,,,1003.7,3.8,9.1,,,0.8,,2025-12-24 03:00:00
100.0,8.0,10.0,1.8,7.0,,,1004.3,5.0,9.2,,,1.2,,2025-12-24 04:00:00
100.0,10.0,11.0,1.9,7.0,,,1004.6,5.1,9.2,,,1.1,,2025-12-24 05:00:00
90.0,9.0,10.0,1.8,7.0,,,1004.8,5.4,9.2,,,1.1,,2025-12-24 06:00:00
80.0,9.0,11.0,1.8,7.0,,,1004.8,5.0,9.1,,,0.5,,2025-12-24 07:00:00
70.0,7.0,9.0,1.7,7.0,,,1005.0,4.6,9.1,,,0.4,,2025-12-24 08:00:00
110.0,7.0,9.0,1.5,7.0,,,1004.7,4.3,9.1,,,-0.1,,2025-12-24 09:00:00
100.0,8.0,10.0,1.5,6.0,,,1004.2,4.8,9.2,,,-0.6,,2025-12-24 10:00:00
140.0,3.0,5.0,1.4,7.0,,,1003.9,5.1,9.1,,,-1.1,,2025-12-24 11:00:00
10.0,8.0,9.0,1.6,6.0,,,1002.7,5.3,9.2,,,-2.0,,2025-12-24 12:00:00
360.0,7.0,8.0,1.5,7.0,,,1001.5,5.1,9.2,,,-2.7,,2025-12-24 13:00:00
350.0,8.0,10.0,1.5,6.0,,,1000.7,4.8,9.3,,,-3.2,,2025-12-24 14:00:00
340.0,9.0,10.0,1.4,7.0,,,1000.0,4.7,9.3,,,-2.7,,2025-12-24 15:00:00
340.0,9.0,11.0,1.4,6.0,,,999.1,4.6,9.2,,,-2.4,,2025-12-24 16:00:00
340.0,9.0,12.0,1.4,6.0,,,998.3,4.4,9.0,,,-2.4,,2025-12-24 17:00:00
330.0,10.0,12.0,1.5,6.0,,,997.4,4.7,9.3,,,-2.6,,2025-12-24 18:00:00
330.0,10.0,12.0,1.6,6.0,,,997.1,4.2,9.4,,,-2.0,,2025-12-24 19:00:00
340.0,9.0,11.0,1.6,6.0,,,996.9,4.2,9.5,,,-1.4,,2025-12-24 20:00:00
340.0,8.0,9.0,1.5,6.0,,,996.6,4.2,9.5,,,-0.8,,2025-12-24 21:00:00
330.0,7.0,8.0,1.5,6.0,,,996.6,4.4,9.5,,,-0.5,,2025-12-24 22:00:00
340.0,6.0,7.0,1.4,6.0,,,996.9,4.6,9.5,,,-0.0,,2025-12-24 23:00:00
350.0,5.0,6.0,1.2,6.0,,,997.7,4.5,9.4,,,1.1,,2025-12-25 00:00:00
360.0,3.0,4.0,1.1,6.0,,,999.2,4.5,9.4,,,2.6,,2025-12-25 01:00:00
340.0,3.0,4.0,1.1,6.0,,,1000.3,4.4,9.4,,,3.4,,2025-12-25 02:00:00
350.0,1.0,3.0,1.0,7.0,,,1001.5,4.6,9.4,,,3.8,,2025-12-25 03:00:00
90.0,1.0,2.0,1.0,7.0,,,1002.9,4.8,9.4,,,3.7,,2025-12-25 04:00:00
160.0,2.0,3.0,0.9,7.0,,,1003.5,5.1,9.4,,,3.2,,2025-12-25 05:00:00
150.0,2.0,3.0,0.9,7.0,,,1004.3,5.4,9.4,,,2.8,,2025-12-25 06:00:00
120.0,3.0,4.0,1.0,7.0,,,1005.0,5.7,9.5,,,2.1,,2025-12-25 07:00:00
120.0,3.0,5.0,1.0,7.0,,,1005.3,6.4,9.5,,,1.8,,2025-12-25 08:00:00
100.0,7.0,9.0,1.1,6.0,,,1005.4,7.0,9.6,,,1.1,,2025-12-25 09:00:00
70.0,10.0,13.0,1.4,6.0,,,1005.3,6.7,9.5,,,0.3,,2025-12-25 10:00:00
70.0,10.0,12.0,1.5,6.0,,,1005.6,6.6,9.5,,,0.3,,2025-12-25 11:00:00
80.0,10.0,12.0,1.3,5.0,,,1005.3,6.6,9.5,,,-0.1,,2025-12-25 12:00:00
80.0,8.0,10.0,1.4,6.0,,,1005.3,6.5,9.4,,,0.0,,2025-12-25 13:00:00
90.0,7.0,9.0,1.3,7.0,,,1005.4,6.3,9.5,,,-0.2,,2025-12-25 14:00:00
80.0,5.0,7.0,1.2,7.0,,,1005.8,6.1,9.5,,,0.5,,2025-12-25 15:00:00
60.0,5.0,6.0,1.3,8.0,,,1005.7,5.7,9.5,,,0.4,,2025-12-25 16:00:00
70.0,5.0,6.0,1.1,8.0,,,1005.9,5.7,9.5,,,0.5,,2025-12-25 17:00:00
0.0,4.0,6.0,1.2,9.0,,,1005.8,5.5,9.5,,,0.0,,2025-12-25 18:00:00
0.0,5.0,7.0,1.4,10.0,,,1006.0,5.4,9.6,,,0.3,,2025-12-25 19:00:00
340.0,6.0,7.0,1.3,9.0,,,1005.4,5.1,9.6,,,-0.5,,2025-12-25 20:00:00
340.0,6.0,8.0,1.2,9.0,,,1004.9,5.1,9.6,,,-0.9,,2025-12-25 21:00:00
320.0,6.0,8.0,1.2,9.0,,,1004.0,5.4,9.5,,,-2.0,,2025-12-25 22:00:00
320.0,7.0,8.0,1.3,9.0,,,1003.7,5.6,9.5,,,-1.7,,2025-12-25 23:00:00
320.0,7.0,8.0,1.2,8.0,,,1003.6,5.6,9.4,,,-1.3,,2025-12-26 00:00:00
310.0,6.0,8.0,1.0,8.0,,,1003.3,5.4,9.3,,,-0.7,,2025-12-26 01:00:00
300.0,6.0,7.0,1.2,9.0,,,1003.4,5.6,9.4,,,-0.3,,2025-12-26 02:00:00
270.0,5.0,7.0,1.2,9.0,,,1003.6,5.2,9.5,,,-0.0,,2025-12-26 03:00:00
270.0,4.0,6.0,1.0,7.0,,,1003.7,5.5,9.5,,,0.4,,2025-12-26 04:00:00
270.0,6.0,7.0,1.1,8.0,,,1003.6,5.0,9.5,,,0.2,,2025-12-26 05:00:00
300.0,4.0,6.0,1.2,7.0,,,1003.7,4.2,9.4,,,0.1,,2025-12-26 06:00:00
300.0,7.0,8.0,1.1,6.0,,,1003.5,4.1,9.4,,,-0.2,,2025-12-26 07:00:00
310.0,5.0,7.0,1.1,7.0,,,1003.2,4.8,9.4,,,-0.4,,2025-12-26 08:00:00
0.0,4.0,5.0,1.2,6.0,,,1003.1,3.8,9.4,,,-0.6,,2025-12-26 09:00:00
90.0,2.0,3.0,1.1,6.0,,,1002.6,4.2,9.4,,,-0.9,,2025-12-26 10:00:00
90.0,3.0,3.0,1.0,7.0,,,1002.2,4.6,9.3,,,-1.0,,2025-12-26 11:00:00
180.0,7.0,9.0,1.1,6.0,,,1001.1,4.4,9.4,,,-2.0,,2025-12-26 12:00:00
200.0,5.0,7.0,1.0,7.0,,,1000.9,2.9,9.3,,,-1.7,,2025-12-26 13:00:00
190.0,3.0,4.0,1.0,6.0,,,1000.5,3.5,9.3,,,-1.7,,2025-12-26 14:00:00
270.0,11.0,15.0,1.0,6.0,,,999.9,5.3,9.4,,,-1.2,,2025-12-26 15:00:00
280.0,9.0,11.0,1.1,6.0,,,1000.1,5.3,9.4,,,-0.8,,2025-12-26 16:00:00
280.0,12.0,15.0,1.3,5.0,,,1000.9,4.8,9.4,,,0.4,,2025-12-26 17:00:00
280.0,11.0,13.0,1.5,6.0,,,1001.6,5.5,9.4,,,1.7,,2025-12-26 18:00:00
270.0,13.0,15.0,2.0,7.0,,,1002.0,5.8,9.4,,,1.9,,2025-12-26 19:00:00
310.0,10.0,12.0,2.1,7.0,,,1003.3,4.4,9.3,,,2.4,,2025-12-26 20:00:00
290.0,9.0,12.0,2.6,8.0,,,1004.5,3.6,9.4,,,2.9,,2025-12-26 21:00:00
310.0,11.0,13.0,2.7,8.0,,,1005.4,4.4,9.4,,,3.4,,2025-12-26 22:00:00
300.0,12.0,15.0,3.0,8.0,,,1006.2,5.0,9.4,,,2.9,,2025-12-26 23:00:00
300.0,13.0,16.0,3.1,8.0,,,1007.4,5.2,9.4,,,2.9,,2025-12-27 00:00:00
300.0,12.0,16.0,3.4,8.0,,,1008.7,5.3,9.3,,,3.3,,2025-12-27 01:00:00
300.0,13.0,17.0,3.3,8.0,,,1009.8,4.4,9.3,,,3.6,,2025-12-27 02:00:00
290.0,12.0,15.0,3.3,8.0,,,1010.9,4.9,9.3,,,3.5,,2025-12-27 03:00:00
300.0,12.0,15.0,3.3,8.0,,,1012.0,4.8,9.4,,,3.3,,2025-12-27 04:00:00
290.0,11.0,14.0,3.4,8.0,,,1013.2,4.6,9.3,,,3.4,,2025-12-27 05:00:00
290.0,9.0,12.0,3.1,8.0,,,1014.5,4.3,9.2,,,3.6,,2025-12-27 06:00:00
300.0,9.0,12.0,3.0,8.0,,,1015.6,4.2,9.2,,,3.6,,2025-12-27 07:00:00
300.0,9.0,11.0,2.9,8.0,,,1016.8,4.2,9.3,,,3.6,,2025-12-27 08:00:00
310.0,7.0,10.0,2.8,8.0,,,1017.6,4.0,9.2,,,3.1,,2025-12-27 09:00:00
300.0,7.0,10.0,2.3,8.0,,,1018.8,3.8,9.2,,,3.2,,2025-12-27 10:00:00
300.0,7.0,9.0,2.4,8.0,,,1019.4,3.7,9.1,,,2.6,,2025-12-27 11:00:00
300.0,6.0,8.0,2.3,8.0,,,1020.3,3.6,9.1,,,2.7,,2025-12-27 12:00:00
310.0,6.0,8.0,2.0,8.0,,,1021.0,3.7,9.2,,,2.2,,2025-12-27 13:00:00
310.0,5.0,7.0,1.9,7.0,,,1022.1,3.9,9.3,,,2.7,,2025-12-27 14:00:00
20.0,4.0,5.0,1.6,7.0,,,1022.6,3.6,9.3,,,2.3,,2025-12-27 15:00:00
40.0,4.0,5.0,1.5,8.0,,,1023.1,2.9,9.1,,,2.1,,2025-12-27 16:00:00
40.0,4.0,6.0,1.4,7.0,,,1023.6,2.8,9.1,,,1.5,,2025-12-27 17:00:00
70.0,4.0,6.0,1.2,7.0,,,1024.4,3.4,9.1,,,1.8,,2025-12-27 18:00:00
90.0,5.0,7.0,1.2,7.0,,,1024.9,4.1,9.0,,,1.8,,2025-12-27 19:00:00
90.0,6.0,8.0,1.1,7.0,,,1025.3,3.9,9.0,,,1.7,,2025-12-27 20:00:00
100.0,8.0,11.0,1.2,7.0,,,1024.9,4.2,9.0,,,0.5,,2025-12-27 21:00:00
130.0,7.0,9.0,1.2,7.0,,,1024.9,4.0,9.1,,,0.0,,2025-12-27 22:00:00
120.0,9.0,11.0,1.3,6.0,,,1025.1,3.8,9.1,,,-0.2,,2025-12-27 23:00:00
100.0,10.0,13.0,1.2,6.0,,,1025.0,4.2,9.1,,,0.1,,2025-12-28 00:00:00
100.0,13.0,16.0,1.4,5.0,,,1024.6,4.3,9.2,,,-0.3,,2025-12-28 01:00:00
100.0,14.0,17.0,1.8,5.0,,,1024.2,4.5,9.2,,,-0.9,,2025-12-28 02:00:00
100.0,15.0,17.0,2.0,5.0,,,1024.2,4.8,9.2,,,-0.8,,2025-12-28 03:00:00
100.0,15.0,18.0,2.2,6.0,,,1024.2,4.7,9.2,,,-0.4,,2025-12-28 04:00:00
100.0,15.0,19.0,2.6,6.0,,,1024.1,4.9,9.3,,,-0.1,,2025-12-28 05:00:00
100.0,15.0,19.0,2.8,6.0,,,1024.1,5.0,9.2,,,-0.1,,2025-12-28 06:00:00
100.0,16.0,19.0,2.9,6.0,,,1024.3,5.2,9.2,,,0.1,,2025-12-28 07:00:00
110.0,15.0,18.0,3.2,7.0,,,1024.8,5.5,9.2,,,0.7,,2025-12-28 08:00:00
110.0,15.0,18.0,3.0,7.0,,,1024.6,5.8,9.3,,,0.5,,2025-12-28 09:00:00
110.0,15.0,18.0,3.1,7.0,,,1024.9,5.8,9.2,,,0.6,,2025-12-28 10:00:00
100.0,15.0,19.0,3.6,7.0,,,1025.3,5.8,9.2,,,0.5,,2025-12-28 11:00:00
100.0,15.0,19.0,3.6,7.0,,,1025.4,6.1,9.2,,,0.8,,2025-12-28 12:00:00
100.0,17.0,20.0,3.7,7.0,,,1025.1,6.1,9.2,,,0.2,,2025-12-28 13:00:00
100.0,16.0,20.0,3.5,7.0,,,1025.6,6.3,9.2,,,0.3,,2025-12-28 14:00:00
100.0,16.0,19.0,3.3,7.0,,,1025.8,6.4,9.2,,,0.4,,2025-12-28 15:00:00
90.0,15.0,19.0,3.4,7.0,,,1026.1,6.8,9.3,,,1.0,,2025-12-28 16:00:00
90.0,15.0,19.0,3.7,8.0,,,1026.6,6.6,9.3,,,1.0,,2025-12-28 17:00:00
90.0,15.0,18.0,4.5,8.0,,,1026.8,6.9,9.3,,,1.0,,2025-12-28 18:00:00
100.0,14.0,18.0,4.0,8.0,,,1027.1,7.4,9.2,,,1.0,,2025-12-28 19:00:00
140.0,11.0,14.0,4.0,8.0,,,1027.8,8.6,9.2,,,1.2,,2025-12-28 20:00:00
110.0,11.0,14.0,4.0,9.0,,,1027.1,7.7,9.2,,,0.3,,2025-12-28 21:00:00
90.0,14.0,18.0,3.9,8.0,,,1026.6,7.3,9.2,,,-0.5,,2025-12-28 22:00:00
90.0,13.0,17.0,3.7,8.0,,,1026.6,7.3,9.2,,,-1.2,,2025-12-28 23:00:00
100.0,14.0,18.0,4.0,9.0,,,1026.6,7.3,9.2,,,-0.5,,2025-12-29 00:00:00
100.0,14.0,18.0,4.2,9.0,,,1026.4,7.4,9.2,,,-0.2,,2025-12-29 01:00:00
100.0,15.0,18.0,4.3,9.0,,,1026.2,7.4,9.2,,,-0.4,,2025-12-29 02:00:00
100.0,14.0,18.0,4.5,9.0,,,1026.3,7.7,9.2,,,-0.3,,2025-12-29 03:00:00
100.0,14.0,18.0,4.3,8.0,,,1026.3,7.7,9.2,,,-0.1,,2025-12-29 04:00:00
110.0,14.0,17.0,4.7,9.0,,,1026.5,7.8,9.2,,,0.3,,2025-12-29 05:00:00
100.0,14.0,18.0,4.4,8.0,,,1026.6,7.5,9.2,,,0.3,,2025-12-29 06:00:00
100.0,13.0,17.0,4.5,9.0,,,1027.0,7.9,9.2,,,0.7,,2025-12-29 07:00:00
100.0,14.0,17.0,5.0,9.0,,,1027.1,8.1,9.2,,,0.6,,2025-12-29 08:00:00
100.0,14.0,17.0,5.1,10.0,,,1026.7,8.0,9.2,,,0.1,,2025-12-29 09:00:00
100.0,13.0,17.0,4.2,8.0,,,1027.1,8.0,9.3,,,0.1,,2025-12-29 10:00:00
100.0,14.0,17.0,5.5,10.0,,,1027.5,8.0,9.3,,,0.4,,2025-12-29 11:00:00
90.0,15.0,18.0,5.1,10.0,,,1026.8,7.4,9.3,,,0.1,,2025-12-29 12:00:00
90.0,14.0,18.0,4.5,10.0,,,1026.8,7.3,9.2,,,-0.3,,2025-12-29 13:00:00
90.0,14.0,17.0,4.8,9.0,,,1026.6,7.4,9.2,,,-0.9,,2025-12-29 14:00:00
100.0,15.0,18.0,5.1,9.0,,,1026.6,7.5,9.2,,,-0.2,,2025-12-29 15:00:00
100.0,14.0,18.0,4.4,10.0,,,1026.2,7.6,9.2,,,-0.6,,2025-12-29 16:00:00
90.0,15.0,19.0,4.8,9.0,,,1026.2,7.8,9.2,,,-0.4,,2025-12-29 17:00:00
90.0,15.0,19.0,4.3,9.0,,,1026.8,7.6,9.2,,,0.2,,2025-12-29 18:00:00
90.0,15.0,19.0,4.4,9.0,,,1027.0,7.9,9.2,,,0.8,,2025-12-29 19:00:00
100.0,15.0,18.0,4.5,9.0,,,1026.4,8.0,9.1,,,0.2,,2025-12-29 20:00:00
100.0,14.0,17.0,4.1,9.0,,,1026.4,8.4,9.1,,,-0.4,,2025-12-29 21:00:00
90.0,15.0,19.0,4.5,9.0,,,1026.0,8.5,9.2,,,-1.0,,2025-12-29 22:00:00
90.0,14.0,17.0,4.4,9.0,,,1025.8,8.2,9.2,,,-0.6,,2025-12-29 23:00:00
100.0,14.0,18.0,4.7,9.0,,,1025.2,8.7,9.2,,,-1.2,,2025-12-30 00:00:00
100.0,14.0,17.0,5.0,10.0,,,1024.9,8.8,9.2,,,-1.1,,2025-12-30 01:00:00
100.0,14.0,17.0,4.5,10.0,,,1024.5,9.0,9.2,,,-1.3,,2025-12-30 02:00:00
100.0,13.0,17.0,4.6,10.0,,,1024.3,8.9,9.2,,,-0.9,,2025-12-30 03:00:00
100.0,14.0,18.0,4.6,10.0,,,1023.2,8.6,9.2,,,-1.7,,2025-12-30 04:00:00
100.0,15.0,19.0,4.5,10.0,,,1023.0,8.4,9.2,,,-1.5,,2025-12-30 05:00:00
100.0,14.0,17.0,4.4,10.0,,,1022.6,8.3,9.2,,,-1.7,,2025-12-30 06:00:00
100.0,15.0,18.0,4.3,9.0,,,1022.6,8.7,9.2,,,-0.6,,2025-12-30 07:00:00
100.0,14.0,17.0,4.5,11.0,,,1022.5,8.7,9.2,,,-0.5,,2025-12-30 08:00:00
100.0,14.0,17.0,4.7,10.0,,,1021.5,9.0,9.3,,,-1.1,,2025-12-30 09:00:00
100.0,14.0,17.0,4.4,10.0,,,1021.7,8.7,9.2,,,-0.9,,2025-12-30 10:00:00
100.0,15.0,18.0,4.3,10.0,,,1020.7,8.6,9.2,,,-1.8,,2025-12-30 11:00:00
100.0,14.0,16.0,4.3,9.0,,,1020.0,9.0,9.2,,,-1.5,,2025-12-30 12:00:00
100.0,14.0,17.0,4.4,9.0,,,1019.6,8.8,9.2,,,-2.1,,2025-12-30 13:00:00
100.0,14.0,18.0,5.0,10.0,,,1018.1,8.7,9.2,,,-2.6,,2025-12-30 14:00:00
100.0,15.0,17.0,4.1,9.0,,,1017.5,8.6,9.2,,,-2.5,,2025-12-30 15:00:00
100.0,13.0,17.0,3.9,9.0,,,1016.9,8.9,9.2,,,-2.7,,2025-12-30 16:00:00
100.0,14.0,17.0,4.1,9.0,,,1016.6,8.9,9.2,,,-1.5,,2025-12-30 17:00:00
100.0,14.0,17.0,4.2,10.0,,,1017.2,8.9,9.2,,,-0.3,,2025-12-30 18:00:00
100.0,15.0,19.0,4.4,9.0,,,1015.9,9.2,9.2,,,-1.0,,2025-12-30 19:00:00
100.0,13.0,16.0,4.3,10.0,,,1016.5,9.3,9.2,,,-0.1,,2025-12-30 20:00:00
100.0,13.0,16.0,4.1,10.0,,,1016.4,8.8,9.2,,,-0.8,,2025-12-30 21:00:00
100.0,12.0,15.0,4.1,9.0,,,1016.4,8.7,9.2,,,0.5,,2025-12-30 22:00:00
100.0,13.0,16.0,4.1,9.0,,,1016.3,8.7,9.2,,,-0.2,,2025-12-30 23:00:00
100.0,13.0,16.0,3.8,9.0,,,1016.0,8.7,9.2,,,-0.4,,2025-12-31 00:00:00
100.0,13.0,16.0,3.8,9.0,,,1016.1,8.6,9.2,,,-0.3,,2025-12-31 01:00:00
100.0,13.0,17.0,3.4,8.0,,,1015.9,8.9,9.2,,,-0.4,,2025-12-31 02:00:00
100.0,13.0,16.0,3.4,8.0,,,1015.7,8.7,9.2,,,-0.3,,2025-12-31 03:00:00
100.0,15.0,18.0,3.6,9.0,,,1015.5,8.6,9.2,,,-0.6,,2025-12-31 04:00:00
100.0,14.0,17.0,3.5,9.0,,,1015.6,8.6,9.2,,,-0.3,,2025-12-31 05:00:00
100.0,15.0,19.0,3.5,9.0,,,1015.3,8.6,9.2,,,-0.4,,2025-12-31 06:00:00
100.0,13.0,16.0,3.6,8.0,,,1015.2,8.6,9.2,,,-0.3,,2025-12-31 07:00:00
100.0,14.0,17.0,3.9,9.0,,,1015.3,8.6,9.2,,,-0.3,,2025-12-31 08:00:00
100.0,14.0,17.0,3.5,9.0,,,1015.0,8.3,9.2,,,-0.3,,2025-12-31 09:00:00
100.0,13.0,16.0,3.3,9.0,,,1014.6,8.4,9.1,,,-0.6,,2025-12-31 10:00:00
100.0,13.0,17.0,3.3,9.0,,,1015.0,8.1,9.1,,,-0.3,,2025-12-31 11:00:00
100.0,12.0,15.0,3.2,9.0,,,1014.8,8.2,9.1,,,-0.2,,2025-12-31 12:00:00
90.0,14.0,17.0,3.2,9.0,,,1013.6,8.1,9.1,,,-1.0,,2025-12-31 13:00:00
90.0,13.0,16.0,3.3,8.0,,,1013.9,8.3,9.1,,,-1.1,,2025-12-31 14:00:00
90.0,14.0,17.0,3.3,9.0,,,1013.4,8.4,9.1,,,-1.4,,2025-12-31 15:00:00
100.0,14.0,18.0,3.0,8.0,,,1013.9,8.4,9.1,,,0.3,,2025-12-31 16:00:00
110.0,14.0,17.0,3.1,8.0,,,1014.4,8.0,9.1,,,0.5,,2025-12-31 17:00:00
100.0,13.0,17.0,3.6,9.0,,,1014.3,8.1,9.1,,,0.9,,2025-12-31 18:00:00
90.0,13.0,16.0,3.4,9.0,,,1014.3,8.1,9.1,,,0.4,,2025-12-31 19:00:00
90.0,13.0,16.0,3.3,9.0,,,1013.8,8.5,9.1,,,-0.6,,2025-12-31 20:00:00
100.0,13.0,15.0,3.1,8.0,,,1012.9,8.4,9.1,,,-1.4,,2025-12-31 21:00:00
90.0,14.0,16.0,3.3,10.0,,,1012.4,8.4,9.1,,,-1.9,,2025-12-31 22:00:00
100.0,12.0,15.0,3.1,9.0,,,1012.3,8.7,9.1,,,-1.5,,2025-12-31 23:00:00
90.0,13.0,16.0,3.1,9.0,,,1011.6,8.2,9.1,,,-1.3,,2026-01-01 00:00:00
90.0,13.0,16.0,3.2,9.0,,,1011.3,8.2,9.1,,,-1.1,,2026-01-01 01:00:00
90.0,13.0,17.0,3.3,9.0,,,1010.9,8.0,9.1,,,-1.4,,2026-01-01 02:00:00
90.0,13.0,16.0,3.2,9.0,,,1010.5,7.9,9.1,,,-1.1,,2026-01-01 03:00:00
90.0,11.0,14.0,2.7,8.0,,,1010.3,8.1,9.1,,,-1.0,,2026-01-01 04:00:00
90.0,11.0,14.0,2.9,9.0,,,1009.8,7.9,9.1,,,-1.1,,2026-01-01 05:00:00
90.0,11.0,15.0,2.7,10.0,,,1009.7,7.8,9.1,,,-0.8,,2026-01-01 06:00:00
90.0,11.0,14.0,2.7,10.0,,,1009.2,7.9,9.1,,,-1.1,,2026-01-01 07:00:00
90.0,12.0,14.0,2.6,9.0,,,1008.8,7.9,9.1,,,-1.0,,2026-01-01 08:00:00
90.0,11.0,13.0,2.5,9.0,,,1008.5,7.9,9.1,,,-1.2,,2026-01-01 09:00:00
90.0,10.0,12.0,2.6,9.0,,,1008.3,7.9,9.1,,,-0.9,,2026-01-01 10:00:00
80.0,10.0,12.0,2.5,9.0,,,1008.2,7.8,9.1,,,-0.6,,2026-01-01 11:00:00
90.0,10.0,12.0,2.3,8.0,,,1007.7,7.9,9.1,,,-0.8,,2026-01-01 12:00:00
90.0,10.0,12.0,2.2,8.0,,,1007.6,7.8,9.1,,,-0.7,,2026-01-01 13:00:00
80.0,9.0,11.0,2.2,8.0,,,1007.0,8.0,9.1,,,-1.2,,2026-01-01 14:00:00
90.0,8.0,11.0,2.1,8.0,,,1006.8,8.0,9.1,,,-0.9,,2026-01-01 15:00:00
100.0,8.0,10.0,2.2,9.0,,,1006.6,8.1,9.1,,,-1.0,,2026-01-01 16:00:00
90.0,7.0,9.0,2.0,9.0,,,1006.8,8.2,9.2,,,-0.2,,2026-01-01 17:00:00
80.0,8.0,10.0,2.0,9.0,,,1006.8,8.3,9.3,,,-0.0,,2026-01-01 18:00:00
100.0,7.0,9.0,1.9,10.0,,,1007.0,8.5,9.3,,,0.4,,2026-01-01 19:00:00
110.0,7.0,8.0,2.0,10.0,,,1007.3,8.1,9.2,,,0.5,,2026-01-01 20:00:00
100.0,8.0,9.0,1.9,9.0,,,1006.8,7.6,9.2,,,0.0,,2026-01-01 21:00:00
100.0,7.0,9.0,1.8,9.0,,,1006.7,8.0,9.2,,,-0.3,,2026-01-01 22:00:00
100.0,6.0,8.0,2.0,10.0,,,1006.8,8.1,9.2,,,-0.5,,2026-01-01 23:00:00
110.0,6.0,8.0,1.7,9.0,,,1007.1,8.4,9.2,,,0.3,,2026-01-02 00:00:00
130.0,6.0,7.0,1.6,9.0,,,1007.2,8.6,9.2,,,0.5,,2026-01-02 01:00:00
130.0,5.0,6.0,1.7,9.0,,,1007.2,8.0,9.3,,,0.4,,2026-01-02 02:00:00
120.0,4.0,5.0,1.7,9.0,,,1007.3,7.8,9.3,,,0.2,,2026-01-02 03:00:00
290.0,4.0,5.0,1.8,9.0,,,1007.7,7.5,9.4,,,0.5,,2026-01-02 04:00:00
310.0,5.0,6.0,1.7,9.0,,,1007.9,7.9,9.4,,,0.7,,2026-01-02 05:00:00
310.0,5.0,6.0,1.7,9.0,,,1007.9,7.9,9.4,,,0.6,,2026-01-02 06:00:00
320.0,5.0,6.0,1.8,9.0,,,1008.1,7.8,9.3,,,0.4,,2026-01-02 07:00:00
310.0,4.0,6.0,1.6,9.0,,,1008.4,8.0,9.3,,,0.5,,2026-01-02 08:00:00
310.0,6.0,7.0,1.5,9.0,,,1008.5,7.8,9.2,,,0.6,,2026-01-02 09:00:00
310.0,6.0,7.0,1.4,9.0,,,1008.8,7.8,9.2,,,0.7,,2026-01-02 10:00:00
310.0,7.0,8.0,1.5,9.0,,,1009.2,7.5,9.2,,,0.8,,2026-01-02 11:00:00
320.0,7.0,8.0,1.5,9.0,,,1009.1,7.4,9.2,,,0.6,,2026-01-02 12:00:00
330.0,6.0,8.0,1.5,9.0,,,1009.1,7.3,9.2,,,0.3,,2026-01-02 13:00:00
350.0,5.0,6.0,1.3,8.0,,,1009.4,7.2,9.1,,,0.2,,2026-01-02 14:00:00
350.0,5.0,6.0,1.3,7.0,,,1009.1,7.2,9.1,,,0.0,,2026-01-02 15:00:00
340.0,4.0,5.0,1.3,8.0,,,1009.5,7.1,9.2,,,0.4,,2026-01-02 16:00:00
340.0,5.0,6.0,1.5,9.0,,,1009.5,6.9,9.2,,,0.1,,2026-01-02 17:00:00
340.0,5.0,6.0,1.2,8.0,,,1009.5,7.0,9.2,,,0.4,,2026-01-02 18:00:00
350.0,4.0,5.0,1.5,9.0,,,1010.1,6.9,9.2,,,0.6,,2026-01-02 19:00:00
340.0,4.0,6.0,1.4,9.0,,,1010.1,6.9,9.2,,,0.6,,2026-01-02 20:00:00
330.0,5.0,6.0,1.4,9.0,,,1009.6,6.6,9.3,,,0.1,,2026-01-02 21:00:00
340.0,5.0,6.0,1.1,9.0,,,1009.0,6.7,9.2,,,-1.1,,2026-01-02 22:00:00
10.0,5.0,6.0,1.1,10.0,,,1008.5,6.7,9.2,,,-1.6,,2026-01-02 23:00:00
30.0,5.0,6.0,1.1,10.0,,,1008.2,7.1,9.2,,,-1.4,,2026-01-03 00:00:00
20.0,5.0,6.0,1.1,10.0,,,1007.9,7.2,9.2,,,-1.1,,2026-01-03 01:00:00
10.0,5.0,7.0,1.2,10.0,,,1007.4,7.0,9.1,,,-1.1,,2026-01-03 02:00:00
0.0,6.0,7.0,1.2,9.0,,,1006.8,6.7,9.1,,,-1.4,,2026-01-03 03:00:00
0.0,6.0,7.0,1.2,10.0,,,1006.1,6.4,9.4,,,-1.8,,2026-01-03 04:00:00
10.0,5.0,7.0,1.1,9.0,,,1005.2,6.3,9.4,,,-2.2,,2026-01-03 05:00:00
350.0,6.0,7.0,1.1,9.0,,,1004.3,6.5,9.5,,,-2.5,,2026-01-03 06:00:00
350.0,6.0,7.0,1.1,9.0,,,1003.6,6.4,9.5,,,-2.5,,2026-01-03 07:00:00
340.0,7.0,8.0,1.0,8.0,,,1002.7,6.4,9.5,,,-2.5,,2026-01-03 08:00:00
350.0,7.0,9.0,1.1,8.0,,,1001.4,6.5,9.4,,,-2.9,,2026-01-03 09:00:00
360.0,8.0,9.0,1.1,7.0,,,1000.4,6.3,9.4,,,-3.2,,2026-01-03 10:00:00
360.0,7.0,9.0,0.9,6.0,,,999.7,6.5,9.4,,,-3.0,,2026-01-03 11:00:00
360.0,8.0,9.0,1.0,7.0,,,998.5,6.4,9.4,,,-2.9,,2026-01-03 12:00:00
350.0,7.0,8.0,1.0,6.0,,,997.6,6.5,9.3,,,-2.8,,2026-01-03 13:00:00
350.0,6.0,7.0,1.0,7.0,,,996.8,6.4,9.3,,,-2.9,,2026-01-03 14:00:00
340.0,7.0,8.0,1.0,7.0,,,996.1,6.2,9.3,,,-2.4,,2026-01-03 15:00:00
340.0,7.0,8.0,1.1,8.0,,,994.9,6.1,9.3,,,-2.7,,2026-01-03 16:00:00
340.0,7.0,9.0,1.0,6.0,,,994.6,6.0,9.3,,,-2.2,,2026-01-03 17:00:00
350.0,7.0,7.0,0.9,6.0,,,994.0,6.0,9.3,,,-2.1,,2026-01-03 18:00:00
0.0,6.0,7.0,0.9,6.0,,,993.5,5.9,9.4,,,-1.4,,2026-01-03 19:00:00
340.0,7.0,8.0,0.9,6.0,,,992.3,5.9,9.3,,,-2.3,,2026-01-03 20:00:00
340.0,7.0,8.0,1.0,6.0,,,991.4,5.9,9.2,,,-2.6,,2026-01-03 21:00:00
340.0,8.0,10.0,1.0,5.0,,,990.6,5.7,9.1,,,-2.9,,2026-01-03 22:00:00
340.0,8.0,10.0,0.9,5.0,,,990.3,5.7,9.1,,,-2.0,,2026-01-03 23:00:00
320.0,10.0,11.0,1.0,5.0,,,989.8,5.7,9.3,,,-1.6,,2026-01-04 00:00:00
330.0,10.0,12.0,1.1,5.0,,,989.5,5.5,9.3,,,-1.1,,2026-01-04 01:00:00
340.0,11.0,13.0,1.2,4.0,,,989.0,5.7,9.3,,,-1.3,,2026-01-04 02:00:00
320.0,11.0,14.0,1.3,6.0,,,987.8,5.7,9.3,,,-2.0,,2026-01-04 03:00:00
330.0,11.0,14.0,1.5,6.0,,,987.9,5.6,9.4,,,-1.6,,2026-01-04 04:00:00
330.0,12.0,14.0,1.7,6.0,,,987.5,5.3,9.3,,,-1.5,,2026-01-04 05:00:00
330.0,11.0,13.0,2.1,7.0,,,988.2,4.4,9.3,,,0.4,,2026-01-04 06:00:00
320.0,11.0,13.0,2.2,6.0,,,988.4,3.7,9.2,,,0.5,,2026-01-04 07:00:00
310.0,11.0,14.0,2.0,6.0,,,988.6,3.7,9.1,,,1.1,,2026-01-04 08:00:00
300.0,11.0,13.0,1.9,6.0,,,988.6,4.5,9.4,,,0.4,,2026-01-04 09:00:00
290.0,10.0,12.0,1.9,7.0,,,988.9,5.1,9.4,,,0.5,,2026-01-04 10:00:00
280.0,10.0,12.0,1.9,7.0,,,989.8,5.8,9.4,,,1.2,,2026-01-04 11:00:00
280.0,11.0,13.0,1.9,7.0,,,990.2,6.0,9.4,,,1.6,,2026-01-04 12:00:00
290.0,11.0,14.0,2.1,7.0,,,991.0,6.0,9.4,,,2.1,,2026-01-04 13:00:00
290.0,11.0,13.0,2.4,7.0,,,991.7,6.0,9.4,,,1.9,,2026-01-04 14:00:00
280.0,11.0,14.0,2.6,7.0,,,992.6,5.8,9.4,,,2.4,,2026-01-04 15:00:00
290.0,11.0,14.0,2.2,7.0,,,993.3,5.9,9.4,,,2.3,,2026-01-04 16:00:00
290.0,11.0,14.0,2.5,7.0,,,994.3,6.2,9.4,,,2.6,,2026-01-04 17:00:00
290.0,12.0,15.0,2.5,8.0,,,995.4,5.9,9.4,,,2.8,,2026-01-04 18:00:00
290.0,11.0,13.0,2.7,8.0,,,996.5,5.9,9.3,,,3.2,,2026-01-04 19:00:00
290.0,9.0,12.0,2.4,7.0,,,997.4,6.0,9.3,,,3.1,,2026-01-04 20:00:00
280.0,9.0,11.0,2.1,7.0,,,997.9,6.1,9.3,,,2.5,,2026-01-04 21:00:00
270.0,9.0,11.0,2.0,7.0,,,998.6,6.0,9.3,,,2.1,,2026-01-04 22:00:00
290.0,8.0,10.0,2.2,7.0,,,999.8,6.1,9.3,,,2.4,,2026-01-04 23:00:00
290.0,7.0,9.0,1.8,7.0,,,1001.0,6.1,9.4,,,3.1,,2026-01-05 00:00:00
300.0,6.0,8.0,1.6,8.0,,,1001.9,6.1,9.4,,,3.3,,2026-01-05 01:00:00
300.0,3.0,5.0,1.6,8.0,,,1003.0,6.0,9.4,,,3.2,,2026-01-05 02:00:00
320.0,3.0,7.0,1.5,8.0,,,1003.7,5.9,9.4,,,2.7,,2026-01-05 03:00:00
340.0,2.0,3.0,1.4,8.0,,,1004.5,5.9,9.4,,,2.6,,2026-01-05 04:00:00
320.0,1.0,2.0,1.4,8.0,,,1005.1,6.0,9.4,,,2.1,,2026-01-05 05:00:00
260.0,4.0,6.0,1.3,7.0,,,1005.5,5.0,9.4,,,1.8,,2026-01-05 06:00:00
340.0,3.0,4.0,1.4,8.0,,,1006.6,5.2,9.3,,,2.1,,2026-01-05 07:00:00
30.0,3.0,5.0,1.2,8.0,,,1006.7,5.3,9.3,,,1.6,,2026-01-05 08:00:00
40.0,2.0,3.0,1.2,7.0,,,1007.1,5.4,9.3,,,1.6,,2026-01-05 09:00:00
30.0,2.0,4.0,1.2,8.0,,,1007.7,5.7,9.2,,,1.1,,2026-01-05 10:00:00
20.0,3.0,5.0,1.4,9.0,,,1008.5,5.6,9.2,,,1.8,,2026-01-05 11:00:00
30.0,3.0,4.0,1.5,10.0,,,1008.9,5.8,9.2,,,1.8,,2026-01-05 12:00:00
140.0,4.0,5.0,1.3,9.0,,,1009.0,5.7,9.1,,,1.3,,2026-01-05 13:00:00
120.0,3.0,5.0,1.6,10.0,,,1009.0,5.7,9.2,,,0.5,,2026-01-05 14:00:00
120.0,5.0,7.0,1.5,10.0,,,1008.6,5.8,9.2,,,-0.3,,2026-01-05 15:00:00
130.0,6.0,7.0,1.6,10.0,,,1009.0,5.9,9.2,,,-0.0,,2026-01-05 16:00:00
150.0,5.0,7.0,1.8,9.0,,,1009.2,6.1,9.1,,,0.2,,2026-01-05 17:00:00
150.0,8.0,10.0,1.7,9.0,,,1009.0,6.6,9.2,,,0.4,,2026-01-05 18:00:00
150.0,9.0,10.0,1.6,9.0,,,1009.1,6.8,9.3,,,0.1,,2026-01-05 19:00:00
140.0,10.0,13.0,1.5,7.0,,,1008.5,6.9,9.3,,,-0.7,,2026-01-05 20:00:00
140.0,12.0,14.0,1.6,6.0,,,1007.4,6.8,9.2,,,-1.6,,2026-01-05 21:00:00
150.0,14.0,18.0,1.8,6.0,,,1006.0,6.2,9.2,,,-3.1,,2026-01-05 22:00:00
140.0,15.0,19.0,2.3,6.0,,,1004.9,6.2,9.2,,,-3.6,,2026-01-05 23:00:00
150.0,15.0,18.0,2.7,6.0,,,1004.3,6.0,9.2,,,-3.1,,2026-01-06 00:00:00
150.0,15.0,19.0,3.2,7.0,,,1003.8,6.0,9.2,,,-2.2,,2026-01-06 01:00:00
140.0,16.0,20.0,3.8,7.0,,,1002.4,6.3,9.2,,,-2.5,,2026-01-06 02:00:00
140.0,17.0,21.0,3.8,8.0,,,1001.4,6.3,9.2,,,-2.9,,2026-01-06 03:00:00
130.0,17.0,21.0,4.1,7.0,,,1000.2,6.8,9.4,,,-3.6,,2026-01-06 04:00:00
130.0,16.0,21.0,4.1,8.0,,,1000.4,7.2,9.3,,,-2.0,,2026-01-06 05:00:00
180.0,3.0,4.0,4.1,8.0,,,1001.2,8.5,9.4,,,-0.2,,2026-01-06 06:00:00
190.0,8.0,10.0,3.8,8.0,,,1000.5,9.1,9.4,,,0.3,,2026-01-06 07:00:00
180.0,7.0,10.0,3.8,8.0,,,1000.3,9.0,9.1,,,-0.1,,2026-01-06 08:00:00
210.0,6.0,9.0,3.3,8.0,,,1000.2,7.7,9.0,,,-1.0,,2026-01-06 09:00:00
190.0,7.0,9.0,3.3,9.0,,,999.5,8.6,9.0,,,-1.0,,2026-01-06 10:00:00
190.0,7.0,9.0,3.3,9.0,,,999.5,8.9,9.0,,,-0.8,,2026-01-06 11:00:00
200.0,10.0,12.0,3.3,9.0,,,999.1,8.8,9.1,,,-1.1,,2026-01-06 12:00:00
180.0,8.0,10.0,3.4,9.0,,,998.5,8.0,9.1,,,-1.0,,2026-01-06 13:00:00
200.0,9.0,12.0,3.2,9.0,,,998.1,8.4,9.1,,,-1.4,,2026-01-06 14:00:00
190.0,7.0,10.0,3.2,9.0,,,998.0,7.4,9.0,,,-1.1,,2026-01-06 15:00:00
210.0,7.0,9.0,3.4,9.0,,,998.0,6.9,9.3,,,-0.5,,2026-01-06 16:00:00
210.0,11.0,15.0,3.2,9.0,,,998.1,7.5,9.3,,,-0.0,,2026-01-06 17:00:00
210.0,8.0,10.0,3.6,9.0,,,998.4,7.9,9.4,,,0.4,,2026-01-06 18:00:00
220.0,10.0,12.0,3.3,9.0,,,998.6,7.2,9.3,,,0.6,,2026-01-06 19:00:00
230.0,10.0,12.0,3.3,9.0,,,998.4,7.8,9.3,,,0.3,,2026-01-06 20:00:00
240.0,12.0,14.0,2.9,8.0,,,998.1,6.7,9.2,,,-0.3,,2026-01-06 21:00:00
220.0,11.0,13.0,3.3,8.0,,,998.2,6.7,9.0,,,-0.4,,2026-01-06 22:00:00
220.0,11.0,13.0,3.3,9.0,,,998.4,7.4,9.0,,,-0.0,,2026-01-06 23:00:00
230.0,9.0,11.0,3.3,9.0,,,999.1,7.2,9.0,,,1.0,,2026-01-07 00:00:00
210.0,10.0,12.0,3.0,9.0,,,999.3,7.2,9.2,,,1.1,,2026-01-07 01:00:00
190.0,9.0,12.0,3.3,9.0,,,999.4,6.7,9.3,,,1.0,,2026-01-07 02:00:00
180.0,7.0,10.0,3.1,9.0,,,999.2,7.0,9.3,,,0.1,,2026-01-07 03:00:00
220.0,10.0,13.0,3.3,10.0,,,999.0,7.2,9.2,,,-0.3,,2026-01-07 04:00:00
210.0,9.0,12.0,3.6,10.0,,,999.0,6.7,9.2,,,-0.4,,2026-01-07 05:00:00
210.0,10.0,13.0,4.0,10.0,,,998.7,6.8,9.2,,,-0.5,,2026-01-07 06:00:00
220.0,9.0,12.0,4.1,11.0,,,998.9,5.6,9.1,,,-0.1,,2026-01-07 07:00:00
190.0,8.0,12.0,4.1,11.0,,,998.9,5.3,9.1,,,-0.1,,2026-01-07 08:00:00
190.0,8.0,10.0,3.6,10.0,,,998.2,6.6,9.1,,,-0.5,,2026-01-07 09:00:00
170.0,9.0,11.0,3.6,10.0,,,997.5,7.2,9.2,,,-1.4,,2026-01-07 10:00:00
130.0,8.0,9.0,3.5,10.0,,,997.3,6.6,9.2,,,-1.6,,2026-01-07 11:00:00
120.0,9.0,12.0,3.6,12.0,,,996.5,6.0,9.2,,,-1.7,,2026-01-07 12:00:00
100.0,9.0,12.0,3.7,11.0,,,995.7,5.8,9.1,,,-1.8,,2026-01-07 13:00:00
150.0,3.0,7.0,4.1,13.0,,,996.2,4.2,9.1,,,-1.1,,2026-01-07 14:00:00
180.0,6.0,9.0,4.0,13.0,,,996.0,4.9,9.0,,,-0.5,,2026-01-07 15:00:00
80.0,7.0,9.0,4.0,13.0,,,996.5,3.4,9.0,,,0.8,,2026-01-07 16:00:00
80.0,5.0,7.0,4.2,13.0,,,997.3,3.8,9.0,,,1.1,,2026-01-07 17:00:00
100.0,7.0,9.0,3.8,12.0,,,997.3,4.4,9.0,,,1.3,,2026-01-07 18:00:00
120.0,8.0,10.0,4.7,13.0,,,997.7,5.5,9.0,,,1.2,,2026-01-07 19:00:00
80.0,7.0,10.0,4.0,13.0,,,997.8,6.2,9.1,,,0.5,,2026-01-07 20:00:00
160.0,7.0,10.0,3.4,12.0,,,998.5,6.5,9.1,,,1.2,,2026-01-07 21:00:00
190.0,7.0,9.0,3.2,11.0,,,998.9,6.4,9.1,,,1.2,,2026-01-07 22:00:00
260.0,11.0,16.0,3.3,12.0,,,999.7,5.0,9.0,,,1.9,,2026-01-07 23:00:00
260.0,14.0,17.0,3.1,11.0,,,1000.7,6.1,9.1,,,2.2,,2026-01-08 00:00:00
260.0,12.0,15.0,4.3,12.0,,,1002.4,6.3,9.1,,,3.5,,2026-01-08 01:00:00
240.0,14.0,17.0,5.5,12.0,,,1003.6,6.2,9.1,,,3.9,,2026-01-08 02:00:00
250.0,11.0,13.0,4.6,11.0,,,1004.9,6.2,9.1,,,4.2,,2026-01-08 03:00:00
240.0,10.0,12.0,5.3,13.0,,,1005.7,6.2,9.2,,,3.3,,2026-01-08 04:00:00
240.0,8.0,11.0,4.8,13.0,,,1006.6,6.1,9.1,,,3.0,,2026-01-08 05:00:00
280.0,3.0,6.0,4.2,12.0,,,1007.5,4.3,9.1,,,2.6,,2026-01-08 06:00:00
230.0,10.0,12.0,4.8,13.0,,,1007.5,5.4,9.1,,,1.8,,2026-01-08 07:00:00
210.0,8.0,11.0,4.5,13.0,,,1008.3,5.4,9.1,,,1.7,,2026-01-08 08:00:00
210.0,10.0,13.0,4.7,13.0,,,1008.7,5.7,9.1,,,1.2,,2026-01-08 09:00:00
240.0,8.0,12.0,3.5,12.0,,,1009.4,4.3,9.2,,,1.9,,2026-01-08 10:00:00
240.0,10.0,13.0,3.7,11.0,,,1009.9,6.5,9.2,,,1.6,,2026-01-08 11:00:00
220.0,10.0,14.0,3.6,11.0,,,1011.0,5.1,9.2,,,2.3,,2026-01-08 12:00:00
270.0,8.0,10.0,3.9,12.0,,,1011.7,5.5,9.2,,,2.3,,2026-01-08 13:00:00
240.0,10.0,13.0,4.0,12.0,,,1012.1,7.1,9.1,,,2.2,,2026-01-08 14:00:00
240.0,11.0,13.0,4.3,12.0,,,1012.8,7.6,9.0,,,1.8,,2026-01-08 15:00:00
200.0,6.0,9.0,4.2,13.0,,,1014.0,7.1,9.2,,,2.3,,2026-01-08 16:00:00
180.0,6.0,8.0,4.3,12.0,,,1015.5,5.9,9.1,,,3.4,,2026-01-08 17:00:00
180.0,5.0,8.0,4.4,13.0,,,1016.4,7.0,9.0,,,3.6,,2026-01-08 18:00:00
170.0,5.0,7.0,4.4,13.0,,,1017.0,6.9,9.1,,,3.0,,2026-01-08 19:00:00
180.0,6.0,7.0,3.7,11.0,,,1017.8,7.6,9.1,,,2.3,,2026-01-08 20:00:00
190.0,6.0,8.0,3.4,12.0,,,1017.9,7.6,9.1,,,1.5,,2026-01-08 21:00:00
180.0,5.0,7.0,3.2,11.0,,,1018.0,7.2,9.2,,,1.0,,2026-01-08 22:00:00
170.0,7.0,9.0,3.4,13.0,,,1018.4,7.8,9.2,,,0.6,,2026-01-08 23:00:00
160.0,7.0,9.0,3.3,12.0,,,1018.3,7.7,9.2,,,0.4,,2026-01-09 00:00:00
150.0,7.0,9.0,3.0,12.0,,,1018.1,7.9,9.2,,,0.1,,2026-01-09 01:00:00
140.0,8.0,10.0,3.1,12.0,,,1017.9,8.1,9.1,,,-0.5,,2026-01-09 02:00:00
160.0,10.0,12.0,3.4,12.0,,,1017.8,8.5,9.1,,,-0.5,,2026-01-09 03:00:00
140.0,10.0,13.0,3.1,11.0,,,1017.7,8.6,9.1,,,-0.4,,2026-01-09 04:00:00
130.0,12.0,15.0,3.8,11.0,,,1017.6,8.7,9.2,,,-0.3,,2026-01-09 05:00:00
120.0,11.0,14.0,3.2,11.0,,,1018.0,9.0,9.2,,,0.2,,2026-01-09 06:00:00
120.0,13.0,15.0,3.3,11.0,,,1018.1,8.9,9.2,,,0.4,,2026-01-09 07:00:00
120.0,13.0,17.0,3.6,10.0,,,1017.5,9.3,9.2,,,-0.1,,2026-01-09 08:00:00
120.0,13.0,16.0,3.3,8.0,,,1017.3,9.5,9.2,,,-0.7,,2026-01-09 09:00:00
130.0,13.0,17.0,3.3,8.0,,,1016.8,9.1,9.1,,,-1.3,,2026-01-09 10:00:00
130.0,13.0,18.0,3.1,7.0,,,1016.5,9.1,9.1,,,-1.0,,2026-01-09 11:00:00
130.0,13.0,17.0,3.2,8.0,,,1016.7,9.4,9.1,,,-0.6,,2026-01-09 12:00:00
130.0,14.0,17.0,3.5,7.0,,,1016.6,9.4,9.1,,,-0.2,,2026-01-09 13:00:00
100.0,14.0,18.0,3.4,7.0,,,1016.3,8.2,9.1,,,-0.2,,2026-01-09 14:00:00
100.0,14.0,18.0,3.6,7.0,,,1016.2,8.1,9.1,,,-0.5,,2026-01-09 15:00:00
90.0,15.0,19.0,3.9,8.0,,,1016.2,8.2,9.1,,,-0.4,,2026-01-09 16:00:00
90.0,15.0,19.0,3.8,8.0,,,1016.3,8.0,9.1,,,-0.0,,2026-01-09 17:00:00
100.0,16.0,19.0,3.6,8.0,,,1016.6,8.4,9.1,,,0.4,,2026-01-09 18:00:00
90.0,15.0,18.0,4.2,8.0,,,1017.2,8.2,9.1,,,1.0,,2026-01-09 19:00:00
90.0,15.0,18.0,4.1,8.0,,,1016.6,8.5,9.1,,,0.3,,2026-01-09 20:00:00
100.0,15.0,18.0,4.1,8.0,,,1016.3,8.6,9.2,,,-0.3,,2026-01-09 21:00:00
110.0,16.0,22.0,4.3,8.0,,,1015.5,9.5,9.2,,,-1.7,,2026-01-09 22:00:00
100.0,16.0,19.0,4.2,8.0,,,1015.3,8.4,9.1,,,-1.3,,2026-01-09 23:00:00
100.0,14.0,18.0,4.7,9.0,,,1015.3,8.9,9.2,,,-1.0,,2026-01-10 00:00:00
100.0,16.0,20.0,4.9,9.0,,,1014.9,8.7,9.2,,,-0.6,,2026-01-10 01:00:00
90.0,17.0,22.0,5.0,9.0,,,1013.9,8.8,9.2,,,-1.4,,2026-01-10 02:00:00
90.0,18.0,23.0,4.8,9.0,,,1012.6,9.2,9.2,,,-2.7,,2026-01-10 03:00:00
100.0,18.0,23.0,5.2,9.0,,,1012.5,9.1,9.2,,,-2.4,,2026-01-10 04:00:00
90.0,19.0,25.0,5.7,9.0,,,1011.7,9.0,9.2,,,-2.2,,2026-01-10 05:00:00
100.0,19.0,24.0,6.1,9.0,,,1011.6,8.9,9.2,,,-1.0,,2026-01-10 06:00:00
100.0,18.0,22.0,5.3,9.0,,,1012.6,8.7,9.2,,,0.1,,2026-01-10 07:00:00
100.0,18.0,22.0,5.7,9.0,,,1013.2,8.7,9.2,,,1.5,,2026-01-10 08:00:00
100.0,17.0,22.0,6.4,10.0,,,1013.7,8.6,9.2,,,2.1,,2026-01-10 09:00:00
90.0,16.0,20.0,7.1,11.0,,,1013.8,8.5,9.2,,,1.2,,2026-01-10 10:00:00
100.0,17.0,21.0,5.9,10.0,,,1013.8,8.4,9.3,,,0.6,,2026-01-10 11:00:00
100.0,16.0,20.0,6.8,11.0,,,1014.4,8.4,9.3,,,0.7,,2026-01-10 12:00:00
100.0,14.0,20.0,5.3,10.0,,,1015.1,8.9,9.3,,,1.3,,2026-01-10 13:00:00
110.0,13.0,17.0,5.4,10.0,,,1015.7,9.0,9.3,,,1.9,,2026-01-10 14:00:00
110.0,12.0,15.0,5.3,12.0,,,1015.8,9.1,9.3,,,1.4,,2026-01-10 15:00:00
100.0,12.0,14.0,4.5,11.0,,,1015.6,9.2,9.3,,,0.5,,2026-01-10 16:00:00
100.0,13.0,16.0,5.0,12.0,,,1015.9,9.2,9.3,,,0.2,,2026-01-10 17:00:00
100.0,12.0,15.0,5.1,12.0,,,1016.0,9.3,9.3,,,0.2,,2026-01-10 18:00:00
100.0,12.0,15.0,4.9,11.0,,,1016.2,9.2,9.3,,,0.6,,2026-01-10 19:00:00
100.0,12.0,15.0,5.1,12.0,,,1016.0,9.4,9.4,,,0.1,,2026-01-10 20:00:00
100.0,14.0,17.0,4.0,10.0,,,1015.7,9.3,9.4,,,-0.3,,2026-01-10 21:00:00
100.0,13.0,16.0,4.8,11.0,,,1016.1,9.5,9.4,,,-0.1,,2026-01-10 22:00:00
110.0,11.0,14.0,4.8,11.0,,,1016.0,9.6,9.3,,,-0.0,,2026-01-10 23:00:00
130.0,12.0,16.0,4.6,11.0,,,1016.5,10.1,9.3,,,0.8,,2026-01-11 00:00:00
130.0,13.0,16.0,4.5,11.0,,,1016.7,10.0,9.3,,,0.6,,2026-01-11 01:00:00
140.0,13.0,16.0,3.9,10.0,,,1017.4,9.7,9.3,,,1.4,,2026-01-11 02:00:00
130.0,12.0,15.0,4.3,10.0,,,1017.6,9.8,9.3,,,1.1,,2026-01-11 03:00:00
120.0,11.0,14.0,3.9,10.0,,,1017.7,9.5,9.3,,,1.0,,2026-01-11 04:00:00
100.0,14.0,17.0,4.1,10.0,,,1017.2,9.1,9.3,,,-0.2,,2026-01-11 05:00:00
100.0,15.0,20.0,3.8,9.0,,,1017.0,9.2,9.3,,,-0.6,,2026-01-11 06:00:00
90.0,16.0,20.0,3.9,10.0,,,1016.5,9.3,9.3,,,-1.2,,2026-01-11 07:00:00
100.0,17.0,21.0,3.5,9.0,,,1016.4,9.4,9.3,,,-0.8,,2026-01-11 08:00:00
90.0,16.0,19.0,3.5,9.0,,,1016.0,9.3,9.3,,,-1.0,,2026-01-11 09:00:00
90.0,16.0,20.0,3.8,9.0,,,1015.6,9.4,9.3,,,-0.9,,2026-01-11 10:00:00
90.0,16.0,20.0,3.5,8.0,,,1015.1,9.4,9.3,,,-1.3,,2026-01-11 11:00:00
90.0,16.0,22.0,3.7,10.0,,,1014.3,9.5,9.3,,,-1.7,,2026-01-11 12:00:00
90.0,17.0,22.0,3.7,10.0,,,1013.3,9.4,9.3,,,-2.3,,2026-01-11 13:00:00
90.0,15.0,20.0,4.0,9.0,,,1013.4,9.6,9.4,,,-1.7,,2026-01-11 14:00:00
100.0,14.0,18.0,3.8,9.0,,,1013.1,9.5,9.5,,,-1.2,,2026-01-11 15:00:00
90.0,14.0,18.0,4.2,10.0,,,1012.1,9.4,9.5,,,-1.2,,2026-01-11 16:00:00
80.0,15.0,20.0,4.3,9.0,,,1010.5,9.3,9.4,,,-2.9,,2026-01-11 17:00:00
90.0,17.0,21.0,4.3,9.0,,,1010.0,9.5,9.3,,,-3.1,,2026-01-11 18:00:00
90.0,18.0,23.0,4.1,9.0,,,1009.1,9.4,9.3,,,-3.0,,2026-01-11 19:00:00
90.0,19.0,23.0,4.5,10.0,,,1007.9,9.6,9.3,,,-2.6,,2026-01-11 20:00:00
90.0,19.0,25.0,4.4,9.0,,,1006.1,9.5,9.3,,,-3.9,,2026-01-11 21:00:00
90.0,20.0,24.0,4.7,9.0,,,1004.0,9.1,9.4,,,-5.1,,2026-01-11 22:00:00
100.0,20.0,26.0,4.8,9.0,,,1002.4,8.8,9.5,,,-5.5,,2026-01-11 23:00:00
100.0,19.0,24.0,5.0,9.0,,,1002.5,9.1,9.6,,,-3.6,,2026-01-12 00:00:00
130.0,15.0,20.0,5.2,9.0,,,1004.0,11.2,9.6,,,-0.0,,2026-01-12 01:00:00
130.0,13.0,17.0,5.2,9.0,,,1004.5,11.3,9.6,,,2.1,,2026-01-12 02:00:00
140.0,13.0,17.0,5.1,11.0,,,1005.2,11.0,9.6,,,2.7,,2026-01-12 03:00:00
150.0,10.0,12.0,4.9,11.0,,,1006.6,11.0,9.6,,,2.6,,2026-01-12 04:00:00
150.0,10.0,13.0,5.0,11.0,,,1007.4,10.8,9.7,,,2.9,,2026-01-12 05:00:00
160.0,11.0,15.0,4.9,11.0,,,1008.1,11.2,9.6,,,2.9,,2026-01-12 06:00:00
150.0,11.0,13.0,4.3,10.0,,,1009.4,11.0,9.6,,,2.8,,2026-01-12 07:00:00
150.0,10.0,14.0,4.4,11.0,,,1010.5,11.0,9.6,,,3.1,,2026-01-12 08:00:00
160.0,10.0,12.0,4.0,11.0,,,1011.0,10.8,9.6,,,2.9,,2026-01-12 09:00:00
150.0,10.0,12.0,4.2,11.0,,,1012.0,10.8,9.6,,,2.6,,2026-01-12 10:00:00
150.0,10.0,11.0,3.8,11.0,,,1012.9,10.6,9.6,,,2.4,,2026-01-12 11:00:00
130.0,10.0,12.0,3.5,11.0,,,1013.4,10.5,9.6,,,2.4,,2026-01-12 12:00:00
140.0,10.0,13.0,3.5,10.0,,,1013.8,10.6,9.6,,,1.8,,2026-01-12 13:00:00
140.0,9.0,12.0,3.3,10.0,,,1013.9,10.4,9.6,,,1.0,,2026-01-12 14:00:00
140.0,10.0,12.0,3.3,11.0,,,1014.8,10.4,9.7,,,1.4,,2026-01-12 15:00:00
130.0,10.0,12.0,3.3,10.0,,,1015.0,10.4,9.7,,,1.2,,2026-01-12 16:00:00
130.0,9.0,11.0,3.5,11.0,,,1015.4,10.3,9.6,,,1.5,,2026-01-12 17:00:00
120.0,9.0,12.0,3.6,10.0,,,1015.2,10.5,9.6,,,0.4,,2026-01-12 18:00:00
120.0,9.0,11.0,3.8,11.0,,,1015.4,10.0,9.6,,,0.4,,2026-01-12 19:00:00
130.0,10.0,13.0,3.5,11.0,,,1015.5,10.4,9.6,,,0.1,,2026-01-12 20:00:00
130.0,10.0,13.0,3.8,10.0,,,1015.7,10.3,9.7,,,0.5,,2026-01-12 21:00:00
150.0,10.0,12.0,3.6,9.0,,,1015.7,10.3,9.7,,,0.3,,2026-01-12 22:00:00
150.0,8.0,10.0,3.0,10.0,,,1015.5,10.4,9.7,,,0.0,,2026-01-12 23:00:00
150.0,8.0,10.0,3.2,11.0,,,1016.1,10.3,9.7,,,0.4,,2026-01-13 00:00:00
160.0,6.0,7.0,3.1,11.0,,,1016.9,10.3,9.6,,,1.2,,2026-01-13 01:00:00
150.0,7.0,8.0,3.1,11.0,,,1016.8,10.3,9.8,,,1.3,,2026-01-13 02:00:00
140.0,7.0,9.0,2.9,11.0,,,1017.2,10.3,9.8,,,1.1,,2026-01-13 03:00:00
140.0,7.0,8.0,2.9,11.0,,,1018.3,10.3,9.8,,,1.4,,2026-01-13 04:00:00
140.0,6.0,7.0,2.9,11.0,,,1018.8,10.3,9.8,,,2.0,,2026-01-13 05:00:00
120.0,6.0,8.0,2.9,11.0,,,1019.4,10.1,9.8,,,2.2,,2026-01-13 06:00:00
110.0,8.0,10.0,3.0,11.0,,,1019.2,9.9,9.8,,,0.9,,2026-01-13 07:00:00
100.0,10.0,12.0,3.5,11.0,,,1019.2,10.0,9.8,,,0.4,,2026-01-13 08:00:00
80.0,11.0,13.0,3.3,10.0,,,1019.3,10.0,9.8,,,-0.1,,2026-01-13 09:00:00
110.0,11.0,13.0,3.2,9.0,,,1019.0,10.1,9.8,,,-0.2,,2026-01-13 10:00:00
110.0,10.0,12.0,3.7,10.0,,,1019.8,10.1,9.8,,,0.6,,2026-01-13 11:00:00
110.0,10.0,12.0,3.5,10.0,,,1019.8,10.2,9.9,,,0.5,,2026-01-13 12:00:00
130.0,11.0,13.0,3.2,10.0,,,1019.5,10.3,9.9,,,0.5,,2026-01-13 13:00:00
140.0,12.0,15.0,3.7,10.0,,,1019.8,10.4,9.9,,,-0.0,,2026-01-13 14:00:00
130.0,14.0,18.0,3.7,10.0,,,1020.0,10.6,10.0,,,0.2,,2026-01-13 15:00:00
130.0,13.0,16.0,3.3,9.0,,,1020.5,10.6,10.0,,,1.0,,2026-01-13 16:00:00
130.0,12.0,16.0,3.4,9.0,,,1021.3,10.6,9.9,,,1.5,,2026-01-13 17:00:00
110.0,10.0,14.0,3.5,9.0,,,1022.4,10.3,9.9,,,2.4,,2026-01-13 18:00:00
130.0,13.0,17.0,3.5,9.0,,,1023.3,10.5,9.8,,,2.8,,2026-01-13 19:00:00
130.0,13.0,16.0,2.9,8.0,,,1023.5,10.5,9.8,,,2.2,,2026-01-13 20:00:00
120.0,11.0,14.0,3.4,9.0,,,1023.5,10.9,9.8,,,1.1,,2026-01-13 21:00:00
120.0,12.0,14.0,3.4,8.0,,,1023.6,11.0,9.8,,,0.3,,2026-01-13 22:00:00
130.0,12.0,16.0,3.2,8.0,,,1023.5,10.8,9.8,,,0.0,,2026-01-13 23:00:00
130.0,12.0,15.0,3.2,9.0,,,1023.9,10.3,9.8,,,0.4,,2026-01-14 00:00:00
130.0,13.0,15.0,3.3,9.0,,,1023.8,10.3,9.8,,,0.2,,2026-01-14 01:00:00
130.0,14.0,17.0,3.1,8.0,,,1023.2,10.3,9.8,,,-0.3,,2026-01-14 02:00:00
120.0,12.0,15.0,3.6,9.0,,,1022.8,10.6,9.7,,,-1.1,,2026-01-14 03:00:00
120.0,13.0,17.0,3.1,8.0,,,1022.0,10.6,9.7,,,-1.8,,2026-01-14 04:00:00
120.0,13.0,16.0,3.2,8.0,,,1022.9,10.6,9.7,,,-0.3,,2026-01-14 05:00:00
120.0,13.0,16.0,3.5,8.0,,,1022.9,10.5,9.6,,,0.1,,2026-01-14 06:00:00
130.0,11.0,14.0,3.4,8.0,,,1023.4,10.3,9.6,,,1.4,,2026-01-14 07:00:00
140.0,15.0,20.0,3.8,9.0,,,1023.5,9.9,9.6,,,0.6,,2026-01-14 08:00:00
140.0,15.0,18.0,3.7,8.0,,,1024.1,9.9,9.6,,,1.2,,2026-01-14 09:00:00
150.0,15.0,19.0,4.2,9.0,,,1024.6,9.8,9.6,,,1.2,,2026-01-14 10:00:00
140.0,14.0,17.0,3.8,9.0,,,1025.0,10.0,9.6,,,1.5,,2026-01-14 11:00:00
150.0,12.0,15.0,4.0,9.0,,,1026.4,10.0,9.6,,,2.3,,2026-01-14 12:00:00
160.0,9.0,11.0,4.0,10.0,,,1026.9,10.3,9.6,,,2.3,,2026-01-14 13:00:00
160.0,8.0,9.0,3.8,10.0,,,1027.2,10.2,9.6,,,2.2,,2026-01-14 14:00:00
170.0,6.0,8.0,3.6,11.0,,,1027.8,10.3,9.6,,,1.4,,2026-01-14 15:00:00
160.0,5.0,6.0,3.5,11.0,,,1028.4,10.2,9.6,,,1.5,,2026-01-14 16:00:00
150.0,5.0,6.0,3.5,11.0,,,1029.5,10.2,9.6,,,2.3,,2026-01-14 17:00:00
200.0,4.0,7.0,3.9,11.0,,,1031.2,10.2,9.6,,,3.4,,2026-01-14 18:00:00
230.0,3.0,5.0,3.3,11.0,,,1032.8,10.1,9.6,,,4.4,,2026-01-14 19:00:00
200.0,4.0,6.0,3.6,11.0,,,1033.3,10.1,9.6,,,3.8,,2026-01-14 20:00:00
190.0,2.0,4.0,3.9,11.0,,,1033.0,9.7,9.6,,,1.8,,2026-01-14 21:00:00
170.0,3.0,5.0,3.4,11.0,,,1033.3,9.7,9.6,,,0.5,,2026-01-14 22:00:00
180.0,4.0,5.0,3.7,12.0,,,1033.4,10.1,9.7,,,0.1,,2026-01-14 23:00:00
210.0,4.0,6.0,3.1,11.0,,,1034.0,10.0,9.7,,,1.0,,2026-01-15 00:00:00
220.0,4.0,6.0,3.0,11.0,,,1035.0,9.7,9.6,,,1.7,,2026-01-15 01:00:00
230.0,3.0,4.0,2.8,11.0,,,1035.5,9.7,9.3,,,2.1,,2026-01-15 02:00:00
220.0,2.0,4.0,3.2,11.0,,,1035.3,9.2,9.3,,,1.3,,2026-01-15 03:00:00
200.0,2.0,3.0,3.0,11.0,,,1035.7,9.1,9.3,,,0.7,,2026-01-15 04:00:00
270.0,6.0,7.0,2.8,11.0,,,1035.9,9.0,9.6,,,0.4,,2026-01-15 05:00:00
320.0,6.0,7.0,3.1,11.0,,,1036.3,8.9,9.7,,,1.0,,2026-01-15 06:00:00
0.0,5.0,7.0,2.7,11.0,,,1036.1,8.9,9.7,,,0.4,,2026-01-15 07:00:00
340.0,4.0,6.0,2.6,11.0,,,1036.8,8.8,9.6,,,0.9,,2026-01-15 08:00:00
330.0,3.0,3.0,2.7,11.0,,,1037.3,8.6,9.5,,,1.0,,2026-01-15 09:00:00
310.0,5.0,6.0,2.4,11.0,,,1037.8,8.7,9.2,,,1.7,,2026-01-15 10:00:00
330.0,6.0,8.0,2.8,11.0,,,1037.8,8.8,9.2,,,1.0,,2026-01-15 11:00:00
330.0,5.0,7.0,2.9,11.0,,,1037.8,8.6,9.2,,,0.5,,2026-01-15 12:00:00
340.0,5.0,7.0,2.6,11.0,,,1037.1,7.6,9.2,,,-0.7,,2026-01-15 13:00:00
330.0,6.0,7.0,2.4,10.0,,,1036.7,7.3,9.4,,,-1.1,,2026-01-15 14:00:00
310.0,6.0,7.0,2.3,10.0,,,1036.5,7.7,9.4,,,-1.3,,2026-01-15 15:00:00
320.0,7.0,8.0,2.3,11.0,,,1036.7,7.4,9.2,,,-0.4,,2026-01-15 16:00:00
330.0,5.0,7.0,2.3,10.0,,,1037.0,7.9,9.2,,,0.3,,2026-01-15 17:00:00
320.0,5.0,7.0,2.0,10.0,,,1037.4,7.2,9.1,,,0.9,,2026-01-15 18:00:00
330.0,6.0,7.0,2.3,10.0,,,1036.7,6.7,9.2,,,0.0,,2026-01-15 19:00:00
330.0,6.0,7.0,1.9,10.0,,,1036.3,7.7,9.4,,,-0.7,,2026-01-15 20:00:00
320.0,6.0,8.0,2.1,11.0,,,1036.0,8.2,9.5,,,-1.4,,2026-01-15 21:00:00
310.0,7.0,9.0,2.0,11.0,,,1035.7,7.9,9.5,,,-1.0,,2026-01-15 22:00:00
320.0,7.0,9.0,1.8,10.0,,,1034.9,8.1,9.5,,,-1.4,,2026-01-15 23:00:00
350.0,6.0,8.0,1.8,10.0,,,1034.4,7.8,9.5,,,-1.6,,2026-01-16 00:00:00
340.0,5.0,6.0,1.8,10.0,,,1034.4,7.7,9.5,,,-1.3,,2026-01-16 01:00:00
330.0,4.0,6.0,1.8,10.0,,,1034.2,7.8,9.4,,,-0.7,,2026-01-16 02:00:00
330.0,4.0,5.0,1.7,10.0,,,1033.7,8.0,9.4,,,-0.7,,2026-01-16 03:00:00
360.0,4.0,6.0,1.7,10.0,,,1033.2,8.1,9.4,,,-1.2,,2026-01-16 04:00:00
330.0,5.0,6.0,1.6,9.0,,,1033.7,8.2,9.4,,,-0.5,,2026-01-16 05:00:00
330.0,4.0,5.0,1.5,9.0,,,1033.6,8.2,9.4,,,-0.1,,2026-01-16 06:00:00
10.0,4.0,6.0,1.5,9.0,,,1033.1,8.2,9.4,,,-0.1,,2026-01-16 07:00:00
360.0,4.0,5.0,1.5,10.0,,,1033.5,8.3,9.4,,,-0.2,,2026-01-16 08:00:00
320.0,5.0,6.0,1.5,9.0,,,1033.2,8.2,9.4,,,-0.4,,2026-01-16 09:00:00
330.0,6.0,7.0,1.4,10.0,,,1032.6,8.1,9.3,,,-0.5,,2026-01-16 10:00:00
0.0,6.0,7.0,1.4,11.0,,,1032.7,8.2,9.3,,,-0.8,,2026-01-16 11:00:00
20.0,4.0,5.0,1.2,9.0,,,1032.8,7.8,9.2,,,-0.4,,2026-01-16 12:00:00
20.0,3.0,4.0,1.4,10.0,,,1032.4,7.7,9.4,,,-0.2,,2026-01-16 13:00:00
20.0,4.0,5.0,1.5,10.0,,,1031.7,8.2,9.5,,,-1.0,,2026-01-16 14:00:00
20.0,4.0,5.0,1.4,10.0,,,1031.8,7.7,9.4,,,-1.0,,2026-01-16 15:00:00
0.0,3.0,4.0,1.4,10.0,,,1031.9,7.5,9.4,,,-0.5,,2026-01-16 16:00:00
0.0,4.0,5.0,1.3,10.0,,,1032.1,7.7,9.4,,,0.4,,2026-01-16 17:00:00
350.0,5.0,7.0,1.1,9.0,,,1032.1,7.8,9.4,,,0.3,,2026-01-16 18:00:00
10.0,4.0,5.0,1.1,8.0,,,1031.9,8.1,9.5,,,0.0,,2026-01-16 19:00:00
0.0,4.0,5.0,1.1,9.0,,,1031.2,8.5,9.3,,,-0.9,,2026-01-16 20:00:00
320.0,5.0,6.0,1.0,9.0,,,1031.5,8.5,9.3,,,-0.6,,2026-01-16 21:00:00
320.0,5.0,6.0,1.1,9.0,,,1031.1,8.6,9.5,,,-0.8,,2026-01-16 22:00:00
340.0,4.0,5.0,1.1,9.0,,,1030.8,8.7,9.5,,,-0.4,,2026-01-16 23:00:00
340.0,2.0,3.0,1.1,9.0,,,1030.7,8.8,9.5,,,-0.8,,2026-01-17 00:00:00
320.0,2.0,3.0,1.0,9.0,,,1030.5,8.6,9.5,,,-0.6,,2026-01-17 01:00:00
320.0,3.0,4.0,1.0,10.0,,,1030.3,8.6,9.5,,,-0.5,,2026-01-17 02:00:00
330.0,3.0,4.0,1.0,9.0,,,1030.2,8.5,9.4,,,-0.5,,2026-01-17 03:00:00
340.0,4.0,5.0,1.1,10.0,,,1029.9,8.5,9.4,,,-0.6,,2026-01-17 04:00:00
360.0,4.0,5.0,0.9,9.0,,,1029.7,8.6,9.4,,,-0.6,,2026-01-17 05:00:00
0.0,4.0,5.0,1.0,9.0,,,1029.5,8.6,9.4,,,-0.7,,2026-01-17 06:00:00
20.0,4.0,5.0,1.0,9.0,,,1029.4,8.5,9.4,,,-0.5,,2026-01-17 07:00:00
30.0,4.0,5.0,0.9,8.0,,,1029.1,8.3,9.4,,,-0.6,,2026-01-17 08:00:00
30.0,2.0,3.0,1.0,9.0,,,1028.9,8.2,9.4,,,-0.6,,2026-01-17 09:00:00
350.0,2.0,2.0,0.9,9.0,,,1029.2,8.5,9.3,,,-0.2,,2026-01-17 10:00:00
340.0,3.0,4.0,0.8,9.0,,,1029.5,8.2,9.2,,,0.4,,2026-01-17 11:00:00
10.0,5.0,5.0,0.8,9.0,,,1029.1,7.9,9.2,,,0.2,,2026-01-17 12:00:00
350.0,5.0,6.0,0.9,10.0,,,1029.0,7.9,9.2,,,-0.2,,2026-01-17 13:00:00
350.0,4.0,5.0,0.8,9.0,,,1028.6,8.0,9.3,,,-0.9,,2026-01-17 14:00:00
350.0,3.0,4.0,0.9,10.0,,,1028.0,7.9,9.3,,,-1.1,,2026-01-17 15:00:00
340.0,4.0,6.0,0.9,10.0,,,1027.5,8.0,9.2,,,-1.5,,2026-01-17 16:00:00
10.0,4.0,5.0,1.1,11.0,,,1027.5,8.1,9.2,,,-1.1,,2026-01-17 17:00:00
10.0,3.0,5.0,1.1,11.0,,,1028.0,8.2,9.2,,,-0.0,,2026-01-17 18:00:00
10.0,2.0,3.0,1.2,11.0,,,1028.1,8.3,9.3,,,0.6,,2026-01-17 19:00:00
350.0,3.0,4.0,1.3,12.0,,,1027.7,8.3,9.2,,,0.2,,2026-01-17 20:00:00
360.0,3.0,4.0,1.3,12.0,,,1027.7,8.4,9.2,,,-0.3,,2026-01-17 21:00:00
330.0,2.0,3.0,1.2,12.0,,,1027.1,8.7,9.3,,,-1.0,,2026-01-17 22:00:00
340.0,3.0,4.0,1.1,12.0,,,1026.9,8.5,9.3,,,-0.8,,2026-01-17 23:00:00
310.0,4.0,5.0,1.4,12.0,,,1026.8,8.5,9.2,,,-0.9,,2026-01-18 00:00:00
310.0,6.0,7.0,1.3,12.0,,,1026.8,8.3,9.2,,,-0.3,,2026-01-18 01:00:00
340.0,5.0,6.0,1.1,11.0,,,1026.2,8.3,9.1,,,-0.7,,2026-01-18 02:00:00
330.0,4.0,5.0,1.5,12.0,,,1026.0,8.4,9.2,,,-0.8,,2026-01-18 03:00:00
310.0,4.0,5.0,1.2,11.0,,,1026.0,8.5,9.1,,,-0.8,,2026-01-18 04:00:00
310.0,4.0,5.0,1.5,11.0,,,1025.9,8.4,8.7,,,-0.3,,2026-01-18 05:00:00
320.0,3.0,4.0,1.2,11.0,,,1025.9,8.5,8.7,,,-0.1,,2026-01-18 06:00:00
340.0,4.0,5.0,1.4,11.0,,,1026.1,8.5,8.8,,,0.1,,2026-01-18 07:00:00
0.0,3.0,4.0,1.3,10.0,,,1026.0,8.2,9.0,,,0.1,,2026-01-18 08:00:00
350.0,3.0,3.0,1.4,11.0,,,1026.0,8.2,9.1,,,0.1,,2026-01-18 09:00:00
340.0,1.0,2.0,1.3,10.0,,,1026.0,8.1,9.1,,,-0.1,,2026-01-18 10:00:00
320.0,1.0,2.0,1.3,11.0,,,1026.2,8.0,9.2,,,0.2,,2026-01-18 11:00:00
350.0,3.0,4.0,1.3,11.0,,,1026.1,8.0,9.2,,,0.1,,2026-01-18 12:00:00
20.0,4.0,5.0,1.4,12.0,,,1025.8,7.5,9.0,,,-0.2,,2026-01-18 13:00:00
20.0,2.0,3.0,1.4,12.0,,,1026.0,7.6,8.7,,,-0.2,,2026-01-18 14:00:00
10.0,2.0,3.0,1.4,12.0,,,1025.9,7.6,8.6,,,-0.2,,2026-01-18 15:00:00
0.0,2.0,2.0,1.3,11.0,,,1026.0,7.7,8.5,,,0.2,,2026-01-18 16:00:00
30.0,3.0,3.0,1.3,11.0,,,1026.6,8.3,8.7,,,0.6,,2026-01-18 17:00:00
60.0,3.0,4.0,1.5,11.0,,,1027.0,8.0,8.7,,,1.1,,2026-01-18 18:00:00
340.0,2.0,3.0,1.2,11.0,,,1027.3,8.5,8.8,,,1.3,,2026-01-18 19:00:00
50.0,1.0,2.0,1.4,11.0,,,1027.7,9.0,8.9,,,1.1,,2026-01-18 20:00:00
20.0,3.0,4.0,1.3,11.0,,,1027.4,8.3,8.9,,,0.4,,2026-01-18 21:00:00
50.0,4.0,5.0,1.4,11.0,,,1027.1,8.3,8.9,,,-0.2,,2026-01-18 22:00:00
40.0,4.0,5.0,1.2,11.0,,,1027.2,8.5,8.9,,,-0.5,,2026-01-18 23:00:00
50.0,3.0,4.0,1.2,11.0,,,1027.2,8.9,8.9,,,-0.2,,2026-01-19 00:00:00
40.0,3.0,4.0,1.4,11.0,,,1027.0,8.5,8.8,,,-0.1,,2026-01-19 01:00:00
10.0,3.0,5.0,1.3,11.0,,,1027.0,8.4,8.8,,,-0.2,,2026-01-19 02:00:00
20.0,1.0,2.0,1.5,11.0,,,1027.4,8.4,8.7,,,0.2,,2026-01-19 03:00:00
20.0,2.0,2.0,1.6,11.0,,,1027.4,8.5,8.7,,,0.4,,2026-01-19 04:00:00
10.0,2.0,3.0,1.2,10.0,,,1027.3,8.5,8.9,,,0.3,,2026-01-19 05:00:00
30.0,4.0,4.0,1.1,10.0,,,1027.1,8.4,9.0,,,-0.3,,2026-01-19 06:00:00
40.0,5.0,6.0,1.3,10.0,,,1027.2,8.3,9.1,,,-0.2,,2026-01-19 07:00:00
80.0,5.0,5.0,1.1,10.0,,,1027.2,8.4,9.2,,,-0.1,,2026-01-19 08:00:00
70.0,4.0,5.0,1.2,10.0,,,1027.4,8.6,9.1,,,0.3,,2026-01-19 09:00:00
50.0,4.0,5.0,1.1,10.0,,,1027.5,8.4,9.2,,,0.3,,2026-01-19 10:00:00
40.0,4.0,5.0,1.2,11.0,,,1027.9,8.3,9.2,,,0.7,,2026-01-19 11:00:00
30.0,4.0,5.0,1.1,10.0,,,1027.7,8.2,9.2,,,0.3,,2026-01-19 12:00:00
40.0,4.0,4.0,1.1,11.0,,,1027.5,8.1,9.2,,,0.0,,2026-01-19 13:00:00
60.0,4.0,4.0,1.2,10.0,,,1027.6,7.8,9.1,,,-0.3,,2026-01-19 14:00:00
70.0,4.0,5.0,1.1,10.0,,,1027.4,7.8,9.1,,,-0.3,,2026-01-19 15:00:00
70.0,4.0,5.0,1.1,10.0,,,1027.4,8.3,9.1,,,-0.1,,2026-01-19 16:00:00
90.0,4.0,5.0,1.1,10.0,,,1027.4,8.4,9.0,,,-0.2,,2026-01-19 17:00:00
80.0,6.0,6.0,1.2,10.0,,,1027.1,8.5,9.1,,,-0.3,,2026-01-19 18:00:00
100.0,5.0,6.0,1.0,10.0,,,1027.1,8.6,8.9,,,-0.3,,2026-01-19 19:00:00
70.0,4.0,5.0,1.1,10.0,,,1027.0,8.5,9.0,,,-0.4,,2026-01-19 20:00:00
60.0,4.0,5.0,1.2,10.0,,,1026.6,8.4,8.7,,,-0.5,,2026-01-19 21:00:00
70.0,3.0,4.0,1.1,11.0,,,1026.6,8.4,8.7,,,-0.5,,2026-01-19 22:00:00
30.0,3.0,4.0,1.2,12.0,,,1026.7,8.6,8.8,,,-0.3,,2026-01-19 23:00:00
20.0,5.0,6.0,1.2,12.0,,,1026.3,8.3,8.8,,,-0.3,,2026-01-20 00:00:00
0.0,4.0,5.0,1.3,13.0,,,1026.0,8.3,8.8,,,-0.6,,2026-01-20 01:00:00
340.0,2.0,3.0,1.4,12.0,,,1025.7,8.4,8.8,,,-1.0,,2026-01-20 02:00:00
320.0,2.0,3.0,1.2,12.0,,,1025.8,8.5,8.9,,,-0.5,,2026-01-20 03:00:00
310.0,4.0,4.0,1.3,13.0,,,1025.6,8.6,8.9,,,-0.4,,2026-01-20 04:00:00
310.0,5.0,5.0,1.3,13.0,,,1025.5,8.6,9.0,,,-0.2,,2026-01-20 05:00:00
320.0,4.0,5.0,1.3,13.0,,,1025.2,8.6,9.1,,,-0.6,,2026-01-20 06:00:00
320.0,5.0,5.0,1.4,13.0,,,1025.2,8.5,9.1,,,-0.4,,2026-01-20 07:00:00
320.0,4.0,5.0,1.3,13.0,,,1025.3,8.4,9.0,,,-0.2,,2026-01-20 08:00:00
320.0,6.0,7.0,1.3,13.0,,,1024.8,8.2,8.9,,,-0.4,,2026-01-20 09:00:00
330.0,6.0,6.0,1.3,12.0,,,1024.3,8.3,8.8,,,-0.9,,2026-01-20 10:00:00
330.0,5.0,6.0,1.5,13.0,,,1024.3,7.9,8.8,,,-1.0,,2026-01-20 11:00:00
320.0,5.0,6.0,1.3,13.0,,,1024.1,8.0,8.9,,,-0.7,,2026-01-20 12:00:00
320.0,5.0,6.0,1.3,12.0,,,1024.2,7.7,8.9,,,-0.1,,2026-01-20 13:00:00
350.0,4.0,5.0,1.1,11.0,,,1024.2,7.5,9.0,,,-0.1,,2026-01-20 14:00:00
20.0,3.0,4.0,1.2,12.0,,,1024.3,7.3,9.0,,,0.2,,2026-01-20 15:00:00
10.0,2.0,3.0,1.3,12.0,,,1024.5,7.3,9.0,,,0.3,,2026-01-20 16:00:00
40.0,2.0,3.0,1.2,11.0,,,1024.7,7.3,8.9,,,0.5,,2026-01-20 17:00:00
50.0,2.0,3.0,1.1,12.0,,,1025.2,8.0,8.8,,,0.9,,2026-01-20 18:00:00
50.0,1.0,2.0,1.3,12.0,,,1025.5,8.0,8.8,,,1.0,,2026-01-20 19:00:00
160.0,0.0,1.0,1.3,12.0,,,1025.1,9.3,8.8,,,0.4,,2026-01-20 20:00:00
90.0,1.0,2.0,1.3,12.0,,,1024.8,8.3,8.8,,,-0.4,,2026-01-20 21:00:00
30.0,1.0,1.0,1.4,12.0,,,1024.4,8.9,8.8,,,-1.1,,2026-01-20 22:00:00
10.0,1.0,1.0,1.3,11.0,,,1024.2,9.0,8.8,,,-0.9,,2026-01-20 23:00:00
120.0,2.0,2.0,1.3,11.0,,,1024.3,8.2,8.9,,,-0.5,,2026-01-21 00:00:00
0.0,1.0,2.0,1.2,11.0,,,1024.4,7.6,8.8,,,-0.0,,2026-01-21 01:00:00
30.0,1.0,2.0,1.3,11.0,,,1024.4,7.4,8.7,,,0.2,,2026-01-21 02:00:00
320.0,1.0,2.0,1.4,11.0,,,1024.6,7.5,8.7,,,0.3,,2026-01-21 03:00:00
320.0,1.0,1.0,1.5,11.0,,,1024.6,7.5,8.6,,,0.2,,2026-01-21 04:00:00
150.0,1.0,1.0,1.4,11.0,,,1024.6,7.5,8.6,,,0.2,,2026-01-21 05:00:00
130.0,1.0,1.0,1.3,10.0,,,1024.4,7.5,8.6,,,-0.2,,2026-01-21 06:00:00
150.0,1.0,2.0,1.3,10.0,,,1024.8,7.6,8.5,,,0.2,,2026-01-21 07:00:00
180.0,1.0,2.0,1.2,10.0,,,1024.6,7.7,8.5,,,0.0,,2026-01-21 08:00:00
240.0,1.0,1.0,1.2,10.0,,,1024.2,7.6,8.7,,,-0.2,,2026-01-21 09:00:00
340.0,2.0,3.0,1.2,10.0,,,1024.1,7.7,8.7,,,-0.7,,2026-01-21 10:00:00
340.0,1.0,2.0,1.4,11.0,,,1024.2,7.8,8.7,,,-0.4,,2026-01-21 11:00:00
350.0,1.0,2.0,1.2,10.0,,,1023.8,7.8,8.7,,,-0.4,,2026-01-21 12:00:00
,0.0,1.0,1.1,10.0,,,1024.0,7.5,8.7,,,-0.1,,2026-01-21 13:00:00
330.0,1.0,1.0,1.2,10.0,,,1023.6,7.6,8.7,,,-0.6,,2026-01-21 14:00:00
330.0,1.0,1.0,1.0,10.0,,,1023.9,7.6,8.8,,,0.1,,2026-01-21 15:00:00
340.0,1.0,2.0,1.0,10.0,,,1023.8,7.7,8.7,,,-0.2,,2026-01-21 16:00:00
60.0,1.0,2.0,1.1,10.0,,,1024.0,8.4,8.8,,,0.4,,2026-01-21 17:00:00
320.0,2.0,2.0,1.1,10.0,,,1024.4,7.9,8.8,,,0.5,,2026-01-21 18:00:00
330.0,2.0,2.0,1.1,10.0,,,1024.3,8.0,8.9,,,0.5,,2026-01-21 19:00:00
350.0,2.0,2.0,1.0,10.0,,,1024.4,7.8,8.9,,,0.4,,2026-01-21 20:00:00
230.0,2.0,3.0,1.0,9.0,,,1024.0,8.1,9.0,,,-0.4,,2026-01-21 21:00:00
260.0,3.0,3.0,1.0,10.0,,,1023.4,8.2,9.1,,,-0.9,,2026-01-21 22:00:00
270.0,3.0,4.0,0.9,10.0,,,1023.1,7.9,9.1,,,-1.3,,2026-01-21 23:00:00
290.0,2.0,3.0,1.0,10.0,,,1023.1,8.1,9.1,,,-0.9,,2026-01-22 00:00:00
280.0,3.0,4.0,1.1,10.0,,,1023.2,7.6,9.1,,,-0.2,,2026-01-22 01:00:00
290.0,4.0,5.0,1.0,10.0,,,1023.0,7.9,9.2,,,-0.1,,2026-01-22 02:00:00
280.0,3.0,4.0,1.1,10.0,,,1022.9,7.6,9.0,,,-0.2,,2026-01-22 03:00:00
260.0,3.0,5.0,1.0,10.0,,,1023.0,7.5,9.0,,,-0.2,,2026-01-22 04:00:00
230.0,3.0,4.0,1.0,11.0,,,1023.0,7.7,8.9,,,-0.0,,2026-01-22 05:00:00
220.0,3.0,4.0,0.9,10.0,,,1022.9,7.9,8.9,,,0.0,,2026-01-22 06:00:00
260.0,4.0,5.0,1.0,11.0,,,1022.9,8.0,9.2,,,-0.1,,2026-01-22 07:00:00
220.0,3.0,4.0,1.0,10.0,,,1022.8,7.8,9.4,,,-0.2,,2026-01-22 08:00:00
250.0,2.0,3.0,1.0,10.0,,,1022.4,7.8,9.4,,,-0.5,,2026-01-22 09:00:00
220.0,3.0,4.0,1.0,11.0,,,1021.9,7.8,9.1,,,-1.0,,2026-01-22 10:00:00
230.0,4.0,5.0,1.0,11.0,,,1021.9,7.8,9.0,,,-0.9,,2026-01-22 11:00:00
220.0,4.0,4.0,0.9,11.0,,,1021.5,7.7,9.1,,,-0.9,,2026-01-22 12:00:00
220.0,4.0,5.0,1.0,11.0,,,1021.5,7.7,9.2,,,-0.4,,2026-01-22 13:00:00
210.0,3.0,4.0,1.0,11.0,,,1021.3,7.7,9.4,,,-0.6,,2026-01-22 14:00:00
200.0,2.0,3.0,1.0,11.0,,,1021.5,7.7,9.5,,,-0.0,,2026-01-22 15:00:00
170.0,2.0,3.0,0.9,10.0,,,1021.4,7.7,9.5,,,-0.1,,2026-01-22 16:00:00
190.0,2.0,2.0,1.0,11.0,,,1021.4,7.7,9.1,,,0.1,,2026-01-22 17:00:00
100.0,2.0,3.0,1.0,11.0,,,1021.4,7.8,9.0,,,-0.1,,2026-01-22 18:00:00
90.0,5.0,6.0,1.0,11.0,,,1021.4,7.6,9.2,,,0.0,,2026-01-22 19:00:00
90.0,5.0,7.0,1.0,10.0,,,1021.2,7.7,9.6,,,-0.2,,2026-01-22 20:00:00
90.0,5.0,6.0,1.0,9.0,,,1021.1,7.3,9.2,,,-0.3,,2026-01-22 21:00:00
110.0,5.0,5.0,1.0,9.0,,,1021.0,7.3,9.2,,,-0.4,,2026-01-22 22:00:00
90.0,4.0,5.0,0.9,10.0,,,1020.8,7.2,9.0,,,,,2026-01-22 23:00:00
70.0,3.0,4.0,0.8,10.0,,,1021.3,7.2,9.0,,,,,2026-01-23 00:00:00
30.0,3.0,5.0,0.9,10.0,,,1021.3,7.1,9.0,,,,,2026-01-23 01:00:00
10.0,3.0,4.0,0.9,10.0,,,1021.7,7.0,9.1,,,0.9,,2026-01-23 02:00:00
350.0,3.0,4.0,0.7,10.0,,,1022.0,7.0,9.2,,,0.7,,2026-01-23 03:00:00
340.0,5.0,6.0,0.9,10.0,,,1022.2,7.2,9.2,,,0.9,,2026-01-23 04:00:00
340.0,5.0,6.0,0.8,10.0,,,1022.3,7.5,9.2,,,0.6,,2026-01-23 05:00:00
340.0,6.0,7.0,0.8,9.0,,,1022.8,7.3,9.2,,,0.8,,2026-01-23 06:00:00
350.0,6.0,7.0,0.9,9.0,,,1023.2,7.1,9.2,,,1.0,,2026-01-23 07:00:00
0.0,6.0,7.0,0.7,8.0,,,1023.4,7.0,9.1,,,1.1,,2026-01-23 08:00:00
30.0,5.0,7.0,0.8,9.0,,,1023.5,6.8,9.1,,,0.7,,2026-01-23 09:00:00
70.0,3.0,4.0,0.8,9.0,,,1023.9,6.6,9.1,,,0.7,,2026-01-23 10:00:00
40.0,3.0,4.0,0.8,10.0,,,1024.3,6.5,9.1,,,0.9,,2026-01-23 11:00:00
40.0,2.0,3.0,0.8,9.0,,,1024.7,6.6,9.0,,,1.2,,2026-01-23 12:00:00
10.0,3.0,4.0,0.8,10.0,,,1025.0,6.8,9.0,,,1.1,,2026-01-23 13:00:00
30.0,6.0,7.0,0.8,10.0,,,1024.9,6.8,9.0,,,0.6,,2026-01-23 14:00:00
30.0,5.0,7.0,0.9,10.0,,,1025.5,6.7,9.2,,,0.8,,2026-01-23 15:00:00
40.0,2.0,3.0,0.8,9.0,,,1025.9,6.6,9.2,,,0.9,,2026-01-23 16:00:00
110.0,1.0,2.0,0.8,10.0,,,1026.8,7.5,9.2,,,1.9,,2026-01-23 17:00:00
80.0,4.0,5.0,0.8,10.0,,,1027.6,7.0,9.2,,,2.1,,2026-01-23 18:00:00
60.0,5.0,6.0,0.8,10.0,,,1028.3,6.9,9.2,,,2.4,,2026-01-23 19:00:00
90.0,3.0,4.0,0.9,10.0,,,1028.4,7.1,9.2,,,1.6,,2026-01-23 20:00:00
90.0,4.0,5.0,1.0,10.0,,,1028.1,7.1,9.2,,,0.5,,2026-01-23 21:00:00
110.0,3.0,3.0,1.0,11.0,,,1028.2,7.2,9.2,,,-0.1,,2026-01-23 22:00:00
30.0,2.0,2.0,1.0,11.0,,,1028.2,7.4,9.3,,,-0.2,,2026-01-23 23:00:00
30.0,2.0,3.0,0.9,11.0,,,1028.6,7.5,9.2,,,0.5,,2026-01-24 00:00:00
350.0,3.0,5.0,1.0,11.0,,,1028.7,7.0,9.0,,,0.5,,2026-01-24 01:00:00
10.0,3.0,4.0,0.9,10.0,,,1028.3,7.3,9.0,,,0.1,,2026-01-24 02:00:00
0.0,3.0,5.0,0.9,11.0,,,1028.6,7.3,9.0,,,-0.0,,2026-01-24 03:00:00
330.0,2.0,3.0,0.9,11.0,,,1029.3,7.4,9.0,,,0.6,,2026-01-24 04:00:00
310.0,2.0,2.0,0.9,10.0,,,1029.8,7.4,9.1,,,1.5,,2026-01-24 05:00:00
360.0,3.0,4.0,1.1,11.0,,,1029.5,7.2,9.0,,,0.9,,2026-01-24 06:00:00
350.0,3.0,4.0,1.0,10.0,,,1029.9,7.0,9.1,,,0.6,,2026-01-24 07:00:00
350.0,3.0,4.0,1.0,10.0,,,1030.1,6.9,9.0,,,0.3,,2026-01-24 08:00:00
10.0,3.0,4.0,1.0,10.0,,,1029.5,6.6,9.1,,,0.0,,2026-01-24 09:00:00
90.0,2.0,3.0,1.2,11.0,,,1029.1,6.8,9.0,,,-0.8,,2026-01-24 10:00:00
90.0,2.0,3.0,1.1,11.0,,,1029.0,6.7,9.0,,,-1.1,,2026-01-24 11:00:00
90.0,3.0,4.0,1.0,10.0,,,1028.5,6.8,9.1,,,-1.0,,2026-01-24 12:00:00
90.0,3.0,4.0,1.1,11.0,,,1028.2,6.8,9.0,,,-0.9,,2026-01-24 13:00:00
120.0,2.0,3.0,1.0,10.0,,,1028.7,6.6,8.9,,,-0.3,,2026-01-24 14:00:00
60.0,3.0,4.0,0.9,10.0,,,1028.1,6.3,9.0,,,-0.4,,2026-01-24 15:00:00
70.0,2.0,3.0,1.0,10.0,,,1028.3,6.1,9.0,,,0.1,,2026-01-24 16:00:00
70.0,4.0,5.0,0.9,10.0,,,1027.9,6.0,9.0,,,-0.8,,2026-01-24 17:00:00
130.0,3.0,4.0,1.0,10.0,,,1028.2,6.4,9.0,,,0.1,,2026-01-24 18:00:00
130.0,2.0,3.0,0.9,10.0,,,1028.1,6.6,9.0,,,-0.2,,2026-01-24 19:00:00
100.0,3.0,4.0,1.0,9.0,,,1027.5,6.5,9.1,,,-0.4,,2026-01-24 20:00:00
100.0,3.0,3.0,0.9,9.0,,,1027.3,6.6,9.1,,,-0.9,,2026-01-24 21:00:00
100.0,2.0,3.0,0.9,9.0,,,1026.8,6.7,9.1,,,-1.3,,2026-01-24 22:00:00
130.0,1.0,2.0,0.9,10.0,,,1026.3,6.9,9.0,,,-1.2,,2026-01-24 23:00:00
170.0,2.0,3.0,0.9,10.0,,,1025.8,6.6,8.9,,,-1.5,,2026-01-25 00:00:00
130.0,1.0,2.0,0.8,10.0,,,1025.4,6.3,8.8,,,-1.4,,2026-01-25 01:00:00
340.0,1.0,1.0,0.8,10.0,,,1025.1,6.1,8.7,,,-1.2,,2026-01-25 02:00:00
270.0,1.0,2.0,0.9,10.0,,,1025.0,6.2,9.0,,,-0.8,,2026-01-25 03:00:00
210.0,1.0,1.0,0.9,10.0,,,1024.6,6.2,9.0,,,-0.8,,2026-01-25 04:00:00
70.0,0.0,1.0,1.0,10.0,,,1024.3,6.0,9.0,,,-0.8,,2026-01-25 05:00:00
160.0,1.0,2.0,1.1,11.0,,,1024.2,6.3,9.1,,,-0.8,,2026-01-25 06:00:00
50.0,1.0,2.0,1.1,10.0,,,1024.0,6.4,9.1,,,-0.6,,2026-01-25 07:00:00
100.0,1.0,2.0,1.1,10.0,,,1024.0,6.4,9.0,,,-0.3,,2026-01-25 08:00:00
120.0,1.0,2.0,1.1,10.0,,,1023.9,6.4,8.9,,,-0.3,,2026-01-25 09:00:00
180.0,1.0,2.0,1.1,10.0,,,1023.4,6.4,8.6,,,-0.6,,2026-01-25 10:00:00
90.0,2.0,4.0,1.0,10.0,,,1023.3,6.4,8.7,,,-0.7,,2026-01-25 11:00:00
100.0,4.0,5.0,1.0,10.0,,,1022.9,6.3,8.7,,,-1.0,,2026-01-25 12:00:00
100.0,4.0,4.0,1.0,10.0,,,1022.3,6.1,8.8,,,-1.1,,2026-01-25 13:00:00
110.0,3.0,4.0,1.0,10.0,,,1022.2,6.2,8.8,,,-1.1,,2026-01-25 14:00:00
110.0,4.0,5.0,0.9,10.0,,,1022.0,6.1,8.8,,,-0.9,,2026-01-25 15:00:00
100.0,4.0,5.0,1.1,10.0,,,1022.2,6.1,8.8,,,-0.1,,2026-01-25 16:00:00
100.0,5.0,5.0,1.1,10.0,,,1022.4,6.1,8.9,,,0.2,,2026-01-25 17:00:00
110.0,6.0,6.0,1.1,9.0,,,1022.5,6.1,8.9,,,0.5,,2026-01-25 18:00:00
110.0,6.0,8.0,1.2,10.0,,,1022.4,5.9,9.0,,,0.2,,2026-01-25 19:00:00
110.0,6.0,8.0,1.1,9.0,,,1022.3,5.7,9.1,,,-0.1,,2026-01-25 20:00:00
80.0,7.0,8.0,1.2,9.0,,,1022.0,5.5,8.9,,,-0.5,,2026-01-25 21:00:00
100.0,6.0,7.0,1.1,9.0,,,1021.7,5.7,8.8,,,-0.7,,2026-01-25 22:00:00
90.0,5.0,6.0,1.1,9.0,,,1021.3,6.0,8.9,,,-1.0,,2026-01-25 23:00:00
100.0,5.0,6.0,0.9,9.0,,,1021.1,6.0,9.0,,,-0.9,,2026-01-26 00:00:00
90.0,6.0,7.0,0.9,9.0,,,1020.9,6.2,8.9,,,-0.8,,2026-01-26 01:00:00
110.0,6.0,6.0,1.0,10.0,,,1020.6,6.4,8.9,,,-0.7,,2026-01-26 02:00:00
110.0,6.0,7.0,1.0,9.0,,,1020.4,6.5,9.0,,,-0.7,,2026-01-26 03:00:00
130.0,6.0,7.0,1.0,8.0,,,1020.2,6.8,9.0,,,-0.7,,2026-01-26 04:00:00
110.0,6.0,8.0,1.0,9.0,,,1019.9,7.0,9.0,,,-0.7,,2026-01-26 05:00:00
110.0,7.0,8.0,1.0,8.0,,,1019.9,6.8,9.0,,,-0.5,,2026-01-26 06:00:00
110.0,6.0,8.0,1.1,8.0,,,1020.0,7.1,9.0,,,-0.2,,2026-01-26 07:00:00
110.0,7.0,9.0,1.1,7.0,,,1020.0,7.2,9.0,,,0.1,,2026-01-26 08:00:00
100.0,7.0,10.0,1.1,6.0,,,1019.7,7.3,9.0,,,-0.2,,2026-01-26 09:00:00
100.0,8.0,10.0,1.2,7.0,,,1019.3,6.8,9.0,,,-0.7,,2026-01-26 10:00:00
100.0,8.0,10.0,1.3,6.0,,,1019.1,6.9,9.0,,,-0.9,,2026-01-26 11:00:00
110.0,11.0,13.0,1.3,6.0,,,1018.5,6.6,8.9,,,-1.2,,2026-01-26 12:00:00
100.0,12.0,14.0,1.6,6.0,,,1017.8,6.2,8.9,,,-1.5,,2026-01-26 13:00:00
100.0,12.0,14.0,1.8,6.0,,,1017.3,6.2,8.9,,,-1.8,,2026-01-26 14:00:00
90.0,12.0,15.0,1.8,6.0,,,1017.0,6.5,8.9,,,-1.5,,2026-01-26 15:00:00
110.0,11.0,14.0,1.7,6.0,,,1017.4,6.7,8.8,,,-0.4,,2026-01-26 16:00:00
90.0,11.0,13.0,1.8,6.0,,,1017.6,7.0,8.9,,,0.3,,2026-01-26 17:00:00
90.0,11.0,13.0,1.7,6.0,,,1018.1,7.2,8.9,,,1.1,,2026-01-26 18:00:00
110.0,11.0,13.0,1.9,6.0,,,1018.3,6.6,8.9,,,0.9,,2026-01-26 19:00:00
100.0,11.0,14.0,1.9,6.0,,,1018.2,6.7,8.9,,,0.6,,2026-01-26 20:00:00
100.0,12.0,15.0,1.9,6.0,,,1017.7,7.0,8.8,,,-0.4,,2026-01-26 21:00:00
100.0,13.0,16.0,2.2,6.0,,,1017.2,7.1,8.8,,,-1.1,,2026-01-26 22:00:00
110.0,13.0,17.0,2.4,6.0,,,1017.3,7.1,8.7,,,-0.9,,2026-01-26 23:00:00
100.0,14.0,17.0,2.1,6.0,,,1017.0,7.4,8.8,,,-0.7,,2026-01-27 00:00:00
90.0,14.0,16.0,2.1,6.0,,,1016.5,8.0,8.8,,,-0.7,,2026-01-27 01:00:00
100.0,15.0,18.0,2.2,6.0,,,1015.6,8.2,8.8,,,-1.7,,2026-01-27 02:00:00
110.0,14.0,18.0,2.5,6.0,,,1015.2,8.3,8.8,,,-1.8,,2026-01-27 03:00:00
110.0,14.0,18.0,2.5,6.0,,,1014.9,8.3,8.8,,,-1.6,,2026-01-27 04:00:00
100.0,15.0,18.0,2.5,7.0,,,1015.1,8.2,8.8,,,-0.5,,2026-01-27 05:00:00
100.0,15.0,19.0,2.6,6.0,,,1015.0,8.2,8.8,,,-0.2,,2026-01-27 06:00:00
120.0,16.0,19.0,2.5,7.0,,,1014.6,8.4,8.8,,,-0.3,,2026-01-27 07:00:00
110.0,15.0,19.0,2.6,7.0,,,1014.7,8.6,8.8,,,-0.4,,2026-01-27 08:00:00
110.0,16.0,20.0,2.8,6.0,,,1014.3,8.6,8.8,,,-0.7,,2026-01-27 09:00:00
110.0,16.0,19.0,2.9,7.0,,,1014.1,8.6,8.8,,,-0.5,,2026-01-27 10:00:00
100.0,16.0,19.0,2.7,7.0,,,1013.7,8.8,8.9,,,-1.0,,2026-01-27 11:00:00
110.0,16.0,20.0,3.0,7.0,,,1012.6,9.0,8.9,,,-1.7,,2026-01-27 12:00:00
110.0,17.0,22.0,2.9,7.0,,,1012.1,9.2,8.9,,,-2.0,,2026-01-27 13:00:00
100.0,16.0,21.0,2.7,7.0,,,1011.6,9.3,9.0,,,-2.1,,2026-01-27 14:00:00
110.0,17.0,22.0,3.1,7.0,,,1010.6,9.4,9.0,,,-2.0,,2026-01-27 15:00:00
110.0,16.0,20.0,2.7,7.0,,,1010.2,9.7,9.0,,,-1.9,,2026-01-27 16:00:00
110.0,16.0,20.0,3.2,7.0,,,1009.9,10.0,9.0,,,-1.7,,2026-01-27 17:00:00
110.0,17.0,21.0,3.2,7.0,,,1008.9,10.0,9.0,,,-1.7,,2026-01-27 18:00:00
110.0,18.0,23.0,3.2,7.0,,,1008.6,10.2,9.0,,,-1.6,,2026-01-27 19:00:00
110.0,16.0,21.0,3.0,7.0,,,1008.1,10.3,9.1,,,-1.8,,2026-01-27 20:00:00
110.0,17.0,21.0,3.0,7.0,,,1006.9,10.4,9.1,,,-2.0,,2026-01-27 21:00:00
100.0,18.0,22.0,3.0,7.0,,,1005.3,10.6,9.1,,,-3.3,,2026-01-27 22:00:00
110.0,17.0,22.0,3.0,7.0,,,1004.2,10.8,9.1,,,-3.9,,2026-01-27 23:00:00
110.0,17.0,21.0,3.2,7.0,,,1003.6,10.5,9.0,,,-3.3,,2026-01-28 00:00:00
110.0,18.0,23.0,3.0,7.0,,,1003.7,9.6,9.0,,,-1.6,,2026-01-28 01:00:00
110.0,18.0,22.0,3.1,7.0,,,1004.0,8.9,9.0,,,-0.2,,2026-01-28 02:00:00
110.0,17.0,22.0,3.3,7.0,,,1004.3,9.1,9.0,,,0.7,,2026-01-28 03:00:00
110.0,16.0,21.0,3.6,8.0,,,1004.4,9.3,9.0,,,0.7,,2026-01-28 04:00:00
110.0,14.0,19.0,3.4,8.0,,,1005.0,9.5,8.9,,,1.0,,2026-01-28 05:00:00
120.0,16.0,20.0,3.5,8.0,,,1005.6,9.0,8.9,,,1.3,,2026-01-28 06:00:00
110.0,16.0,20.0,3.4,8.0,,,1006.1,8.9,9.0,,,1.7,,2026-01-28 07:00:00
100.0,17.0,21.0,3.8,8.0,,,1006.0,8.9,9.0,,,1.0,,2026-01-28 08:00:00
110.0,17.0,21.0,3.7,8.0,,,1006.1,9.0,9.1,,,0.5,,2026-01-28 09:00:00
110.0,18.0,22.0,3.6,8.0,,,1006.4,9.2,9.1,,,0.3,,2026-01-28 10:00:00
110.0,16.0,20.0,3.4,8.0,,,1007.5,8.8,9.1,,,1.5,,2026-01-28 11:00:00
100.0,15.0,18.0,3.5,9.0,,,1008.3,8.4,9.1,,,2.2,,2026-01-28 12:00:00
100.0,14.0,18.0,3.4,9.0,,,1008.7,8.8,9.0,,,2.3,,2026-01-28 13:00:00
100.0,14.0,18.0,2.8,9.0,,,1008.4,9.1,9.0,,,0.9,,2026-01-28 14:00:00
100.0,16.0,21.0,3.0,8.0,,,1007.6,9.0,9.0,,,-0.7,,2026-01-28 15:00:00
100.0,18.0,22.0,3.2,7.0,,,1007.1,9.0,9.0,,,-1.6,,2026-01-28 16:00:00
100.0,18.0,23.0,3.7,8.0,,,1007.3,9.0,9.0,,,-1.1,,2026-01-28 17:00:00
110.0,19.0,23.0,3.9,8.0,,,1006.8,8.9,9.0,,,-0.8,,2026-01-28 18:00:00
100.0,20.0,25.0,4.5,9.0,,,1006.4,8.9,9.0,,,-0.7,,2026-01-28 19:00:00
100.0,21.0,26.0,4.2,8.0,,,1005.9,9.1,9.0,,,-1.4,,2026-01-28 20:00:00
100.0,19.0,24.0,4.3,8.0,,,1005.9,8.9,9.0,,,-0.9,,2026-01-28 21:00:00
110.0,20.0,25.0,4.3,8.0,,,1006.2,8.9,9.0,,,-0.2,,2026-01-28 22:00:00
120.0,19.0,24.0,4.7,8.0,,,1006.5,8.7,9.0,,,0.6,,2026-01-28 23:00:00
110.0,17.0,21.0,4.5,8.0,,,1007.5,8.6,9.0,,,1.6,,2026-01-29 00:00:00
110.0,17.0,22.0,4.5,8.0,,,1008.1,8.7,9.0,,,1.9,,2026-01-29 01:00:00
110.0,15.0,19.0,3.9,8.0,,,1009.0,8.6,9.0,,,2.5,,2026-01-29 02:00:00
80.0,15.0,19.0,3.7,9.0,,,1009.2,8.7,9.0,,,1.7,,2026-01-29 03:00:00
80.0,16.0,19.0,3.6,9.0,,,1009.4,8.7,9.0,,,1.3,,2026-01-29 04:00:00
80.0,15.0,19.0,3.5,8.0,,,1009.2,8.9,9.0,,,0.2,,2026-01-29 05:00:00
80.0,14.0,18.0,3.9,10.0,,,1009.7,9.1,9.0,,,0.5,,2026-01-29 06:00:00
80.0,14.0,18.0,3.6,9.0,,,1009.9,9.6,9.0,,,0.5,,2026-01-29 07:00:00
80.0,14.0,17.0,3.9,10.0,,,1010.1,9.9,9.0,,,0.9,,2026-01-29 08:00:00
80.0,15.0,19.0,3.9,10.0,,,1009.9,10.2,9.0,,,0.2,,2026-01-29 09:00:00
70.0,15.0,18.0,3.8,10.0,,,1010.0,9.9,9.0,,,0.1,,2026-01-29 10:00:00
110.0,16.0,19.0,4.1,10.0,,,1010.2,10.4,9.0,,,0.1,,2026-01-29 11:00:00
100.0,14.0,17.0,4.1,10.0,,,1010.4,10.4,9.0,,,0.5,,2026-01-29 12:00:00
100.0,15.0,19.0,3.6,9.0,,,1010.2,10.3,8.9,,,0.2,,2026-01-29 13:00:00
100.0,14.0,18.0,3.9,10.0,,,1010.4,10.2,8.9,,,0.2,,2026-01-29 14:00:00
100.0,13.0,17.0,3.8,11.0,,,1010.7,10.2,8.9,,,0.3,,2026-01-29 15:00:00
100.0,13.0,17.0,3.5,10.0,,,1011.2,10.2,8.9,,,1.0,,2026-01-29 16:00:00
100.0,13.0,18.0,3.9,11.0,,,1012.4,10.2,8.9,,,2.0,,2026-01-29 17:00:00
100.0,13.0,18.0,4.0,11.0,,,1012.9,10.2,8.9,,,2.2,,2026-01-29 18:00:00
80.0,13.0,17.0,4.5,12.0,,,1013.3,10.3,8.9,,,2.1,,2026-01-29 19:00:00
90.0,14.0,18.0,3.7,10.0,,,1013.2,10.4,8.9,,,0.8,,2026-01-29 20:00:00
100.0,14.0,17.0,3.6,11.0,,,1013.0,10.3,8.9,,,0.1,,2026-01-29 21:00:00
90.0,12.0,15.0,3.3,10.0,,,1013.0,10.2,9.0,,,-0.3,,2026-01-29 22:00:00
100.0,12.0,15.0,4.2,12.0,,,1013.0,10.1,9.1,,,-0.2,,2026-01-29 23:00:00
100.0,12.0,15.0,3.9,11.0,,,1012.4,10.5,9.1,,,-0.6,,2026-01-30 00:00:00
100.0,15.0,18.0,3.8,10.0,,,1011.3,10.6,9.1,,,-1.7,,2026-01-30 01:00:00
90.0,15.0,19.0,3.6,10.0,,,1009.4,10.4,9.1,,,-3.6,,2026-01-30 02:00:00
90.0,16.0,21.0,3.5,10.0,,,1007.4,10.3,9.0,,,-5.0,,2026-01-30 03:00:00
90.0,15.0,20.0,3.6,9.0,,,1005.5,10.2,9.0,,,-5.8,,2026-01-30 04:00:00
90.0,16.0,21.0,3.8,9.0,,,1004.4,10.3,9.0,,,-5.0,,2026-01-30 05:00:00
100.0,19.0,23.0,3.8,9.0,,,1003.9,10.0,9.0,,,-3.5,,2026-01-30 06:00:00
100.0,19.0,23.0,4.0,8.0,,,1003.4,9.7,9.1,,,-2.1,,2026-01-30 07:00:00
100.0,18.0,22.0,4.2,8.0,,,1003.5,9.6,9.1,,,-0.9,,2026-01-30 08:00:00
110.0,18.0,22.0,4.2,9.0,,,1003.6,9.6,9.1,,,-0.3,,2026-01-30 09:00:00
80.0,17.0,20.0,4.0,8.0,,,1003.8,9.5,9.1,,,0.4,,2026-01-30 10:00:00
80.0,16.0,19.0,4.0,8.0,,,1003.8,9.6,9.1,,,0.3,,2026-01-30 11:00:00
80.0,15.0,19.0,4.0,8.0,,,1003.8,9.6,9.1,,,0.2,,2026-01-30 12:00:00
100.0,16.0,20.0,3.8,8.0,,,1004.0,9.7,9.3,,,0.2,,2026-01-30 13:00:00
110.0,15.0,19.0,3.7,8.0,,,1004.4,9.7,9.3,,,0.6,,2026-01-30 14:00:00
110.0,15.0,19.0,3.5,9.0,,,1005.0,9.6,9.3,,,1.2,,2026-01-30 15:00:00
80.0,14.0,18.0,3.3,8.0,,,1005.6,9.7,9.3,,,1.6,,2026-01-30 16:00:00
80.0,14.0,18.0,3.2,8.0,,,1007.4,9.3,9.3,,,3.0,,2026-01-30 17:00:00
100.0,13.0,18.0,3.2,9.0,,,1008.6,9.4,9.3,,,3.6,,2026-01-30 18:00:00
100.0,11.0,14.0,3.2,10.0,,,1010.2,9.6,9.3,,,4.6,,2026-01-30 19:00:00
100.0,10.0,12.0,3.3,10.0,,,1012.0,9.5,9.3,,,4.6,,2026-01-30 20:00:00
210.0,5.0,7.0,3.1,10.0,,,1013.5,8.8,9.3,,,4.9,,2026-01-30 21:00:00
200.0,4.0,6.0,2.8,9.0,,,1014.9,8.4,9.3,,,4.7,,2026-01-30 22:00:00
200.0,4.0,6.0,3.0,10.0,,,1016.3,8.4,9.3,,,4.3,,2026-01-30 23:00:00
130.0,2.0,4.0,2.8,10.0,,,1017.4,8.2,9.3,,,3.9,,2026-01-31 00:00:00
70.0,2.0,3.0,2.6,10.0,,,1017.9,7.5,9.3,,,3.0,,2026-01-31 01:00:00
90.0,4.0,5.0,2.5,10.0,,,1018.6,7.7,9.2,,,2.3,,2026-01-31 02:00:00
70.0,5.0,6.0,2.7,10.0,,,1018.3,8.0,9.3,,,0.9,,2026-01-31 03:00:00
90.0,6.0,8.0,2.8,10.0,,,1018.9,9.0,9.3,,,1.0,,2026-01-31 04:00:00
100.0,8.0,11.0,2.6,10.0,,,1018.9,9.6,9.3,,,0.3,,2026-01-31 05:00:00
90.0,8.0,10.0,2.5,9.0,,,1019.3,9.5,9.4,,,1.0,,2026-01-31 06:00:00
90.0,9.0,11.0,2.3,9.0,,,1019.1,9.5,9.4,,,0.2,,2026-01-31 07:00:00
70.0,8.0,10.0,2.2,10.0,,,1019.0,9.7,9.4,,,0.1,,2026-01-31 08:00:00
80.0,8.0,11.0,2.3,10.0,,,1018.5,9.6,9.4,,,-0.8,,2026-01-31 09:00:00
90.0,11.0,14.0,2.2,10.0,,,1017.1,9.7,9.4,,,-2.0,,2026-01-31 10:00:00
80.0,11.0,13.0,2.2,9.0,,,1017.2,9.8,9.4,,,-1.8,,2026-01-31 11:00:00
70.0,11.0,14.0,2.4,9.0,,,1015.9,10.0,9.3,,,-2.6,,2026-01-31 12:00:00
80.0,12.0,16.0,2.4,8.0,,,1014.7,10.2,9.3,,,-2.4,,2026-01-31 13:00:00
80.0,10.0,12.0,2.3,8.0,,,1013.9,10.0,9.3,,,-3.3,,2026-01-31 14:00:00
70.0,12.0,15.0,2.3,8.0,,,1012.3,10.4,9.3,,,-3.6,,2026-01-31 15:00:00
80.0,13.0,16.0,2.5,8.0,,,1012.1,10.4,9.4,,,-2.6,,2026-01-31 16:00:00
90.0,15.0,19.0,2.6,8.0,,,1010.7,10.3,9.4,,,-3.2,,2026-01-31 17:00:00
90.0,15.0,19.0,2.8,7.0,,,1009.6,10.6,9.4,,,-2.7,,2026-01-31 18:00:00
100.0,14.0,16.0,2.5,8.0,,,1009.8,10.3,9.4,,,-2.3,,2026-01-31 19:00:00
100.0,15.0,19.0,2.7,8.0,,,1008.8,10.4,9.3,,,-1.9,,2026-01-31 20:00:00
110.0,16.0,19.0,2.7,8.0,,,1009.3,10.4,9.4,,,-0.3,,2026-01-31 21:00:00
90.0,16.0,20.0,3.0,8.0,,,1007.4,10.8,9.4,,,-2.4,,2026-01-31 22:00:00
100.0,17.0,20.0,3.3,8.0,,,1006.8,10.8,9.4,,,-2.0,,2026-01-31 23:00:00
110.0,16.0,20.0,3.2,8.0,,,1007.5,10.2,9.4,,,-1.8,,2026-02-01 00:00:00
80.0,14.0,17.0,3.4,8.0,,,1007.9,10.5,9.3,,,0.5,,2026-02-01 01:00:00
290.0,13.0,15.0,3.6,8.0,,,1008.5,10.3,9.3,,,1.7,,2026-02-01 02:00:00
270.0,12.0,14.0,3.6,8.0,,,1008.5,10.1,9.4,,,1.0,,2026-02-01 03:00:00
260.0,12.0,14.0,3.1,8.0,,,1008.1,10.1,9.4,,,0.2,,2026-02-01 04:00:00
270.0,13.0,15.0,3.0,8.0,,,1007.4,10.5,9.4,,,-1.1,,2026-02-01 05:00:00
280.0,14.0,18.0,2.8,9.0,,,1007.3,10.2,9.4,,,-1.2,,2026-02-01 06:00:00
280.0,14.0,17.0,2.9,8.0,,,1006.9,10.0,9.5,,,-1.2,,2026-02-01 07:00:00
270.0,12.0,15.0,2.7,8.0,,,1006.6,9.8,9.5,,,-0.8,,2026-02-01 08:00:00
290.0,12.0,15.0,2.9,9.0,,,1006.4,9.9,9.5,,,-0.9,,2026-02-01 09:00:00
270.0,11.0,14.0,2.9,8.0,,,1006.4,9.9,9.5,,,-0.5,,2026-02-01 10:00:00
260.0,12.0,14.0,2.5,9.0,,,1006.0,10.3,9.5,,,-0.6,,2026-02-01 11:00:00
280.0,12.0,15.0,3.0,9.0,,,1005.8,10.0,9.4,,,-0.6,,2026-02-01 12:00:00
290.0,14.0,17.0,2.9,8.0,,,1005.4,10.1,9.4,,,-1.0,,2026-02-01 13:00:00
290.0,14.0,16.0,3.1,9.0,,,1005.4,9.8,9.4,,,-0.6,,2026-02-01 14:00:00
290.0,12.0,15.0,3.2,9.0,,,1005.6,9.6,9.4,,,-0.2,,2026-02-01 15:00:00
290.0,13.0,15.0,3.1,9.0,,,1005.7,9.3,9.4,,,0.3,,2026-02-01 16:00:00
290.0,13.0,16.0,2.8,8.0,,,1005.8,9.3,9.3,,,0.4,,2026-02-01 17:00:00
290.0,13.0,16.0,2.7,9.0,,,1006.1,9.6,9.3,,,0.5,,2026-02-01 18:00:00
280.0,12.0,15.0,2.7,9.0,,,1006.3,9.6,9.3,,,0.6,,2026-02-01 19:00:00
300.0,13.0,17.0,2.6,9.0,,,1006.7,9.5,9.4,,,0.9,,2026-02-01 20:00:00
330.0,13.0,16.0,2.8,8.0,,,1007.2,10.0,9.4,,,1.1,,2026-02-01 21:00:00
310.0,11.0,14.0,3.1,8.0,,,1007.6,10.4,9.4,,,1.3,,2026-02-01 22:00:00
330.0,13.0,17.0,2.9,8.0,,,1007.8,10.3,9.3,,,1.1,,2026-02-01 23:00:00
340.0,13.0,17.0,3.0,9.0,,,1008.4,10.1,9.3,,,1.2,,2026-02-02 00:00:00
340.0,13.0,16.0,3.3,8.0,,,1009.2,9.7,9.3,,,1.6,,2026-02-02 01:00:00
330.0,13.0,16.0,3.6,9.0,,,1010.1,9.3,9.3,,,2.3,,2026-02-02 02:00:00
310.0,11.0,13.0,3.4,9.0,,,1010.9,9.4,9.3,,,2.5,,2026-02-02 03:00:00
300.0,12.0,16.0,3.6,9.0,,,1011.2,10.1,9.3,,,2.0,,2026-02-02 04:00:00
300.0,12.0,15.0,3.5,9.0,,,1011.8,9.7,9.3,,,1.7,,2026-02-02 05:00:00
320.0,12.0,15.0,3.6,9.0,,,1012.4,10.1,9.3,,,1.5,,2026-02-02 06:00:00
290.0,12.0,15.0,3.7,9.0,,,1012.9,10.1,9.3,,,1.7,,2026-02-02 07:00:00
300.0,12.0,15.0,3.4,9.0,,,1012.7,10.2,9.4,,,0.9,,2026-02-02 08:00:00
290.0,11.0,14.0,3.6,10.0,,,1012.4,9.9,9.4,,,0.0,,2026-02-02 09:00:00
290.0,11.0,15.0,3.6,10.0,,,1012.6,9.6,9.4,,,-0.3,,2026-02-02 10:00:00
280.0,12.0,15.0,3.7,10.0,,,1012.2,9.4,9.2,,,-0.5,,2026-02-02 11:00:00
270.0,14.0,16.0,3.6,10.0,,,1011.3,9.3,9.1,,,-1.1,,2026-02-02 12:00:00
260.0,14.0,17.0,3.4,9.0,,,1010.8,9.5,9.1,,,-1.8,,2026-02-02 13:00:00
280.0,12.0,16.0,3.2,9.0,,,1011.4,9.9,9.1,,,-0.8,,2026-02-02 14:00:00
290.0,12.0,15.0,3.5,9.0,,,1012.0,9.9,9.1,,,0.7,,2026-02-02 15:00:00
280.0,11.0,14.0,3.5,10.0,,,1012.2,9.8,9.0,,,1.4,,2026-02-02 16:00:00
300.0,11.0,13.0,3.1,9.0,,,1014.0,10.0,9.0,,,2.6,,2026-02-02 17:00:00
290.0,11.0,13.0,3.3,9.0,,,1014.9,10.0,9.0,,,2.9,,2026-02-02 18:00:00
290.0,11.0,13.0,3.2,9.0,,,1015.7,9.9,9.0,,,3.5,,2026-02-02 19:00:00
270.0,12.0,15.0,3.4,9.0,,,1015.7,10.0,8.9,,,1.7,,2026-02-02 20:00:00
260.0,10.0,12.0,3.2,9.0,,,1016.4,10.2,9.0,,,1.5,,2026-02-02 21:00:00
270.0,8.0,10.0,2.8,9.0,,,1017.2,10.1,9.0,,,1.5,,2026-02-02 22:00:00
270.0,10.0,12.0,3.1,9.0,,,1017.6,10.2,9.2,,,1.9,,2026-02-02 23:00:00
290.0,10.0,13.0,3.0,9.0,,,1018.4,10.3,9.4,,,2.0,,2026-02-03 00:00:00
270.0,11.0,14.0,3.2,9.0,,,1018.7,10.5,9.5,,,1.5,,2026-02-03 01:00:00
260.0,12.0,14.0,3.0,9.0,,,1019.1,10.5,9.4,,,1.5,,2026-02-03 02:00:00
290.0,13.0,16.0,3.0,8.0,,,1019.1,10.3,9.4,,,0.7,,2026-02-03 03:00:00
300.0,13.0,17.0,3.1,9.0,,,1019.2,10.3,9.4,,,0.5,,2026-02-03 04:00:00
290.0,14.0,19.0,2.9,8.0,,,1018.4,10.3,9.5,,,-0.7,,2026-02-03 05:00:00
300.0,14.0,18.0,3.0,8.0,,,1019.7,10.4,9.5,,,0.6,,2026-02-03 06:00:00
300.0,14.0,17.0,2.9,8.0,,,1020.6,10.1,9.5,,,1.4,,2026-02-03 07:00:00
290.0,13.0,17.0,2.7,8.0,,,1019.6,10.1,9.5,,,1.2,,2026-02-03 08:00:00
290.0,15.0,19.0,2.9,7.0,,,1018.7,10.4,9.4,,,-1.0,,2026-02-03 09:00:00
290.0,16.0,21.0,3.0,7.0,,,1018.0,10.5,9.3,,,-2.6,,2026-02-03 10:00:00
290.0,17.0,21.0,3.3,7.0,,,1017.5,10.6,9.2,,,-2.1,,2026-02-03 11:00:00
280.0,16.0,19.0,3.3,8.0,,,1017.2,10.8,9.4,,,-1.5,,2026-02-03 12:00:00
290.0,17.0,21.0,3.0,7.0,,,1016.6,10.9,9.4,,,-1.4,,2026-02-03 13:00:00
290.0,18.0,22.0,3.1,7.0,,,1015.9,10.9,9.5,,,-1.6,,2026-02-03 14:00:00
290.0,18.0,23.0,3.1,7.0,,,1014.9,10.9,9.5,,,-2.3,,2026-02-03 15:00:00
290.0,18.0,23.0,3.4,7.0,,,1014.0,10.7,9.5,,,-2.6,,2026-02-03 16:00:00
290.0,20.0,25.0,3.6,7.0,,,1012.2,11.0,9.5,,,-3.7,,2026-02-03 17:00:00
300.0,18.0,22.0,3.6,7.0,,,1013.9,10.8,9.4,,,-1.0,,2026-02-03 18:00:00
300.0,16.0,21.0,3.9,8.0,,,1015.4,10.4,9.4,,,1.4,,2026-02-03 19:00:00
300.0,16.0,19.0,3.9,8.0,,,1014.6,10.3,9.4,,,2.4,,2026-02-03 20:00:00
310.0,15.0,18.0,4.0,8.0,,,1014.3,10.7,9.4,,,0.4,,2026-02-03 21:00:00
300.0,12.0,15.0,4.2,9.0,,,1014.4,10.2,9.4,,,-1.0,,2026-02-03 22:00:00
280.0,11.0,14.0,4.5,9.0,,,1014.6,10.1,9.4,,,-0.0,,2026-02-03 23:00:00
260.0,12.0,14.0,5.1,10.0,,,1014.8,10.0,9.3,,,0.5,,2026-02-04 00:00:00
290.0,12.0,15.0,5.6,10.0,,,1014.6,10.2,9.3,,,0.2,,2026-02-04 01:00:00
300.0,12.0,15.0,4.7,10.0,,,1014.7,10.4,9.4,,,0.1,,2026-02-04 02:00:00
290.0,12.0,15.0,4.8,10.0,,,1014.6,10.3,9.4,,,-0.2,,2026-02-04 03:00:00
300.0,13.0,16.0,4.6,10.0,,,1014.6,10.1,9.4,,,0.0,,2026-02-04 04:00:00
300.0,14.0,17.0,5.2,11.0,,,1013.6,10.5,9.4,,,-1.1,,2026-02-04 05:00:00
290.0,15.0,19.0,5.2,11.0,,,1013.3,11.2,9.4,,,-1.3,,2026-02-04 06:00:00
290.0,14.0,17.0,5.1,11.0,,,1013.6,11.3,9.4,,,-1.0,,2026-02-04 07:00:00
300.0,14.0,17.0,4.9,11.0,,,1013.9,11.2,9.3,,,0.3,,2026-02-04 08:00:00
310.0,12.0,15.0,4.6,11.0,,,1014.7,11.2,9.3,,,1.4,,2026-02-04 09:00:00
300.0,13.0,16.0,4.5,10.0,,,1014.2,11.6,9.3,,,0.6,,2026-02-04 10:00:00
310.0,12.0,15.0,4.7,9.0,,,1015.0,11.7,9.3,,,1.1,,2026-02-04 11:00:00
300.0,14.0,19.0,4.6,10.0,,,1013.9,11.9,9.3,,,-0.8,,2026-02-04 12:00:00
290.0,13.0,16.0,4.7,10.0,,,1013.9,11.4,9.3,,,-0.3,,2026-02-04 13:00:00
270.0,13.0,16.0,4.6,10.0,,,1013.7,11.6,9.3,,,-1.3,,2026-02-04 14:00:00
290.0,14.0,17.0,4.4,9.0,,,1013.5,11.7,9.4,,,-0.4,,2026-02-04 15:00:00
290.0,13.0,16.0,4.3,10.0,,,1013.6,11.8,9.4,,,-0.3,,2026-02-04 16:00:00
290.0,15.0,18.0,5.2,11.0,,,1012.8,12.0,9.4,,,-0.9,,2026-02-04 17:00:00
300.0,15.0,18.0,4.7,10.0,,,1013.6,12.4,9.4,,,0.1,,2026-02-04 18:00:00
310.0,12.0,15.0,4.4,9.0,,,1014.2,12.2,9.3,,,0.6,,2026-02-04 19:00:00
330.0,11.0,14.0,4.1,9.0,,,1014.7,11.9,9.4,,,1.9,,2026-02-04 20:00:00
330.0,17.0,22.0,4.8,10.0,,,1015.0,13.5,9.4,,,1.4,,2026-02-04 21:00:00
330.0,16.0,20.0,4.2,9.0,,,1015.1,12.8,9.4,,,0.9,,2026-02-04 22:00:00
320.0,16.0,21.0,4.2,10.0,,,1015.8,12.4,9.4,,,1.1,,2026-02-04 23:00:00
330.0,15.0,21.0,4.2,10.0,,,1016.4,11.5,9.4,,,1.4,,2026-02-05 00:00:00
330.0,14.0,18.0,4.2,9.0,,,1016.5,11.2,9.4,,,1.4,,2026-02-05 01:00:00
330.0,13.0,18.0,4.0,10.0,,,1017.4,10.9,9.4,,,1.6,,2026-02-05 02:00:00
300.0,14.0,17.0,3.7,9.0,,,1018.6,10.8,9.4,,,2.2,,2026-02-05 03:00:00
320.0,13.0,16.0,3.6,9.0,,,1019.3,11.0,9.4,,,2.8,,2026-02-05 04:00:00
330.0,11.0,14.0,3.8,10.0,,,1019.8,10.8,9.5,,,2.4,,2026-02-05 05:00:00
320.0,11.0,14.0,3.4,9.0,,,1020.2,10.9,9.4,,,1.6,,2026-02-05 06:00:00
330.0,9.0,11.0,3.2,10.0,,,1020.5,10.7,9.2,,,1.2,,2026-02-05 07:00:00
290.0,4.0,5.0,2.8,10.0,,,1020.8,10.4,9.1,,,1.0,,2026-02-05 08:00:00
290.0,3.0,4.0,2.7,10.0,,,1020.7,10.4,9.2,,,0.5,,2026-02-05 09:00:00
300.0,2.0,3.0,2.7,10.0,,,1020.5,10.2,9.2,,,0.0,,2026-02-05 10:00:00
290.0,2.0,3.0,3.0,11.0,,,1020.0,10.3,9.3,,,-0.8,,2026-02-05 11:00:00
270.0,3.0,3.0,3.2,12.0,,,1019.4,10.2,9.3,,,-1.3,,2026-02-05 12:00:00
300.0,5.0,7.0,2.7,11.0,,,1018.8,11.2,9.3,,,-1.7,,2026-02-05 13:00:00
280.0,7.0,9.0,2.9,11.0,,,1018.4,11.3,9.4,,,-1.6,,2026-02-05 14:00:00
280.0,8.0,10.0,3.1,11.0,,,1018.1,11.4,9.4,,,-1.3,,2026-02-05 15:00:00
280.0,8.0,10.0,2.9,10.0,,,1018.2,11.4,9.6,,,-0.6,,2026-02-05 16:00:00
290.0,9.0,12.0,3.0,11.0,,,1018.1,11.8,9.6,,,-0.3,,2026-02-05 17:00:00
300.0,9.0,11.0,3.2,11.0,,,1018.0,11.7,9.6,,,-0.1,,2026-02-05 18:00:00
270.0,9.0,12.0,3.5,12.0,,,1017.8,11.3,9.6,,,-0.4,,2026-02-05 19:00:00
280.0,8.0,10.0,2.9,11.0,,,1017.8,11.3,9.5,,,-0.3,,2026-02-05 20:00:00
280.0,5.0,6.0,3.0,11.0,,,1017.3,11.5,9.5,,,-0.7,,2026-02-05 21:00:00
290.0,5.0,6.0,3.0,11.0,,,1016.4,11.4,9.4,,,-1.4,,2026-02-05 22:00:00
300.0,3.0,4.0,2.9,12.0,,,1015.6,11.5,9.5,,,-2.2,,2026-02-05 23:00:00
200.0,3.0,4.0,2.7,11.0,,,1014.7,11.3,9.6,,,-2.6,,2026-02-06 00:00:00
230.0,3.0,4.0,2.6,12.0,,,1013.9,11.1,9.8,,,-2.5,,2026-02-06 01:00:00
200.0,2.0,4.0,2.9,12.0,,,1013.3,10.1,9.7,,,-2.3,,2026-02-06 02:00:00
210.0,2.0,3.0,2.9,12.0,,,1012.8,10.1,9.7,,,-1.9,,2026-02-06 03:00:00
230.0,2.0,4.0,2.8,12.0,,,1012.3,10.1,9.7,,,-1.6,,2026-02-06 04:00:00
220.0,2.0,3.0,2.3,11.0,,,1012.1,10.4,9.7,,,-1.2,,2026-02-06 05:00:00
280.0,5.0,6.0,2.7,12.0,,,1011.9,10.2,9.4,,,-0.9,,2026-02-06 06:00:00
270.0,6.0,7.0,2.6,12.0,,,1011.7,10.6,9.3,,,-0.6,,2026-02-06 07:00:00
260.0,7.0,8.0,2.9,12.0,,,1011.3,10.3,9.4,,,-0.8,,2026-02-06 08:00:00
280.0,7.0,8.0,2.5,11.0,,,1010.9,10.5,9.4,,,-1.0,,2026-02-06 09:00:00
270.0,8.0,9.0,2.6,12.0,,,1010.2,10.5,9.5,,,-1.5,,2026-02-06 10:00:00
260.0,10.0,12.0,2.7,11.0,,,1009.3,11.0,9.5,,,-2.0,,2026-02-06 11:00:00
270.0,11.0,14.0,2.7,10.0,,,1009.2,11.5,9.6,,,-1.7,,2026-02-06 12:00:00
320.0,7.0,10.0,2.6,10.0,,,1010.1,11.0,9.6,,,-0.1,,2026-02-06 13:00:00
330.0,11.0,13.0,2.6,9.0,,,1010.0,10.7,9.7,,,0.7,,2026-02-06 14:00:00
330.0,14.0,16.0,2.6,9.0,,,1009.4,10.7,9.7,,,0.2,,2026-02-06 15:00:00
320.0,12.0,15.0,2.8,8.0,,,1009.6,10.5,9.7,,,-0.5,,2026-02-06 16:00:00
150.0,10.0,11.0,3.0,9.0,,,1009.8,10.4,9.7,,,-0.2,,2026-02-06 17:00:00
160.0,13.0,15.0,2.9,9.0,,,1010.5,10.6,9.7,,,1.1,,2026-02-06 18:00:00
160.0,14.0,18.0,2.7,8.0,,,1010.6,10.9,9.7,,,1.0,,2026-02-06 19:00:00
160.0,13.0,16.0,2.7,8.0,,,1010.6,10.5,9.7,,,0.8,,2026-02-06 20:00:00
160.0,13.0,16.0,3.0,9.0,,,1010.2,10.5,9.7,,,-0.3,,2026-02-06 21:00:00
150.0,12.0,14.0,2.8,9.0,,,1009.4,10.6,9.7,,,-1.2,,2026-02-06 22:00:00
150.0,11.0,14.0,2.8,11.0,,,1008.6,10.9,9.7,,,-2.0,,2026-02-06 23:00:00
160.0,10.0,13.0,2.3,10.0,,,1008.4,10.6,9.7,,,-1.8,,2026-02-07 00:00:00
130.0,10.0,12.0,2.7,11.0,,,1007.6,10.6,9.5,,,-1.8,,2026-02-07 01:00:00
140.0,10.0,12.0,2.8,10.0,,,1007.0,10.6,9.3,,,-1.6,,2026-02-07 02:00:00
130.0,10.0,12.0,3.0,10.0,,,1006.3,10.4,9.3,,,-2.1,,2026-02-07 03:00:00
130.0,10.0,13.0,2.7,10.0,,,1005.6,10.3,9.3,,,-2.0,,2026-02-07 04:00:00
120.0,11.0,14.0,2.7,8.0,,,1005.1,10.2,9.2,,,-1.9,,2026-02-07 05:00:00
120.0,11.0,14.0,3.2,8.0,,,1005.2,9.8,9.2,,,-1.1,,2026-02-07 06:00:00
120.0,12.0,15.0,3.3,9.0,,,1004.4,9.8,9.1,,,-1.2,,2026-02-07 07:00:00
120.0,14.0,18.0,3.2,8.0,,,1003.4,9.7,9.1,,,-1.7,,2026-02-07 08:00:00
110.0,16.0,21.0,3.8,9.0,,,1002.3,9.7,9.1,,,-2.9,,2026-02-07 09:00:00
120.0,17.0,22.0,3.6,8.0,,,1001.7,9.7,9.1,,,-2.7,,2026-02-07 10:00:00
120.0,16.0,20.0,3.6,8.0,,,1002.0,9.6,9.1,,,-1.4,,2026-02-07 11:00:00
120.0,17.0,20.0,3.6,9.0,,,1002.1,9.6,9.1,,,-0.2,,2026-02-07 12:00:00
120.0,16.0,20.0,3.6,8.0,,,1001.9,9.5,9.1,,,0.2,,2026-02-07 13:00:00
120.0,15.0,19.0,3.6,8.0,,,1002.1,9.6,9.1,,,0.1,,2026-02-07 14:00:00
120.0,15.0,18.0,3.5,8.0,,,1002.3,9.6,9.1,,,0.2,,2026-02-07 15:00:00
120.0,13.0,16.0,3.3,8.0,,,1003.1,9.4,9.1,,,1.2,,2026-02-07 16:00:00
130.0,11.0,14.0,3.2,9.0,,,1004.1,9.4,9.1,,,2.0,,2026-02-07 17:00:00
140.0,5.0,7.0,3.2,9.0,,,1005.3,9.8,9.1,,,3.0,,2026-02-07 18:00:00
170.0,5.0,7.0,2.8,9.0,,,1006.1,9.8,9.1,,,3.0,,2026-02-07 19:00:00
200.0,7.0,9.0,2.5,9.0,,,1006.9,9.8,9.1,,,2.8,,2026-02-07 20:00:00
230.0,7.0,10.0,2.6,9.0,,,1007.5,9.4,9.1,,,2.2,,2026-02-07 21:00:00
230.0,7.0,9.0,2.5,9.0,,,1008.5,9.2,9.1,,,2.4,,2026-02-07 22:00:00
220.0,9.0,12.0,2.5,9.0,,,1009.2,9.5,9.1,,,2.3,,2026-02-07 23:00:00
220.0,8.0,11.0,2.7,9.0,,,1010.3,9.6,9.1,,,2.8,,2026-02-08 00:00:00
220.0,8.0,10.0,2.5,9.0,,,1011.5,9.4,9.1,,,3.0,,2026-02-08 01:00:00
200.0,7.0,9.0,2.7,9.0,,,1012.7,9.4,9.1,,,3.5,,2026-02-08 02:00:00
190.0,6.0,7.0,2.5,9.0,,,1013.7,9.4,9.1,,,3.4,,2026-02-08 03:00:00
170.0,6.0,8.0,2.4,9.0,,,1014.3,9.5,9.1,,,2.8,,2026-02-08 04:00:00
180.0,7.0,9.0,2.5,9.0,,,1014.9,9.5,9.1,,,2.2,,2026-02-08 05:00:00
170.0,7.0,8.0,2.4,9.0,,,1015.3,9.4,9.1,,,1.6,,2026-02-08 06:00:00
170.0,8.0,10.0,2.3,9.0,,,1015.5,9.4,9.1,,,1.2,,2026-02-08 07:00:00
160.0,9.0,11.0,2.3,9.0,,,1015.7,9.4,9.1,,,0.8,,2026-02-08 08:00:00
160.0,10.0,13.0,2.4,8.0,,,1015.9,8.9,9.1,,,0.6,,2026-02-08 09:00:00
150.0,9.0,12.0,2.4,9.0,,,1016.0,9.5,9.1,,,0.5,,2026-02-08 10:00:00
140.0,10.0,13.0,2.3,9.0,,,1015.8,9.5,9.1,,,0.1,,2026-02-08 11:00:00
120.0,11.0,13.0,2.4,8.0,,,1015.4,9.2,9.1,,,-0.5,,2026-02-08 12:00:00
110.0,12.0,14.0,2.8,9.0,,,1014.9,8.7,9.1,,,-1.1,,2026-02-08 13:00:00
110.0,12.0,15.0,2.8,9.0,,,1014.5,8.7,9.1,,,-1.3,,2026-02-08 14:00:00
120.0,13.0,16.0,2.8,8.0,,,1013.9,8.7,9.1,,,-1.5,,2026-02-08 15:00:00
140.0,13.0,17.0,3.5,9.0,,,1014.3,8.6,9.1,,,-0.6,,2026-02-08 16:00:00
130.0,13.0,17.0,3.3,9.0,,,1014.8,8.2,9.1,,,0.3,,2026-02-08 17:00:00
140.0,13.0,16.0,3.3,8.0,,,1014.5,9.5,9.1,,,0.6,,2026-02-08 18:00:00
160.0,11.0,14.0,3.3,9.0,,,1015.6,9.7,9.1,,,1.3,,2026-02-08 19:00:00
170.0,8.0,10.0,3.1,8.0,,,1016.1,9.7,9.1,,,1.3,,2026-02-08 20:00:00
160.0,9.0,11.0,3.3,9.0,,,1015.9,9.7,9.2,,,1.4,,2026-02-08 21:00:00
170.0,9.0,11.0,3.6,10.0,,,1015.6,9.7,9.2,,,0.0,,2026-02-08 22:00:00
170.0,8.0,9.0,3.6,11.0,,,1015.6,9.5,9.2,,,-0.5,,2026-02-08 23:00:00
160.0,7.0,9.0,3.6,11.0,,,1015.7,9.5,9.2,,,-0.2,,2026-02-09 00:00:00
150.0,6.0,8.0,3.7,11.0,,,1015.4,9.4,9.2,,,-0.2,,2026-02-09 01:00:00
110.0,7.0,9.0,3.6,11.0,,,1015.2,8.7,9.2,,,-0.4,,2026-02-09 02:00:00
120.0,11.0,14.0,3.8,10.0,,,1014.6,8.6,9.1,,,-1.1,,2026-02-09 03:00:00
110.0,13.0,16.0,3.6,10.0,,,1014.5,8.5,9.1,,,-0.9,,2026-02-09 04:00:00
130.0,11.0,15.0,3.7,11.0,,,1014.9,8.0,9.1,,,-0.3,,2026-02-09 05:00:00
120.0,10.0,13.0,3.7,12.0,,,1014.6,7.8,9.1,,,0.0,,2026-02-09 06:00:00
130.0,10.0,14.0,3.5,11.0,,,1014.4,7.8,9.1,,,-0.1,,2026-02-09 07:00:00
120.0,12.0,14.0,3.5,11.0,,,1014.4,7.6,9.1,,,-0.5,,2026-02-09 08:00:00
120.0,9.0,12.0,3.5,11.0,,,1015.0,7.7,9.1,,,0.4,,2026-02-09 09:00:00
120.0,10.0,12.0,3.7,11.0,,,1014.7,7.9,9.1,,,0.3,,2026-02-09 10:00:00
130.0,9.0,11.0,3.4,11.0,,,1014.9,8.0,9.1,,,0.5,,2026-02-09 11:00:00
140.0,9.0,12.0,3.4,11.0,,,1014.3,8.0,9.2,,,-0.7,,2026-02-09 12:00:00
190.0,10.0,12.0,3.9,11.0,,,1014.6,9.0,9.2,,,-0.1,,2026-02-09 13:00:00
180.0,9.0,11.0,3.7,11.0,,,1014.9,9.0,9.2,,,-0.0,,2026-02-09 14:00:00
180.0,10.0,12.0,3.8,11.0,,,1014.8,8.4,9.1,,,0.5,,2026-02-09 15:00:00
180.0,9.0,12.0,3.4,11.0,,,1014.8,7.9,9.1,,,0.2,,2026-02-09 16:00:00
160.0,11.0,15.0,3.4,12.0,,,1014.6,8.8,9.1,,,-0.3,,2026-02-09 17:00:00
160.0,10.0,13.0,3.3,10.0,,,1014.7,8.5,9.1,,,-0.1,,2026-02-09 18:00:00
160.0,9.0,11.0,3.1,10.0,,,1015.1,8.3,9.2,,,0.3,,2026-02-09 19:00:00
160.0,10.0,13.0,3.1,10.0,,,1014.8,8.6,9.1,,,0.2,,2026-02-09 20:00:00
170.0,11.0,13.0,3.3,10.0,,,1014.5,7.6,9.1,,,-0.2,,2026-02-09 21:00:00
170.0,11.0,13.0,3.5,10.0,,,1014.1,8.7,9.2,,,-1.0,,2026-02-09 22:00:00
190.0,11.0,17.0,3.4,10.0,,,1013.9,7.0,9.2,,,-0.9,,2026-02-09 23:00:00
170.0,10.0,13.0,3.3,10.0,,,1013.5,8.2,9.2,,,-1.0,,2026-02-10 00:00:00
180.0,10.0,13.0,3.6,10.0,,,1013.5,8.5,9.2,,,-0.6,,2026-02-10 01:00:00
170.0,9.0,11.0,3.6,10.0,,,1013.7,8.1,9.2,,,-0.2,,2026-02-10 02:00:00
190.0,9.0,12.0,3.7,10.0,,,1013.8,8.0,9.2,,,0.3,,2026-02-10 03:00:00
180.0,8.0,10.0,3.3,10.0,,,1013.7,8.1,9.2,,,0.2,,2026-02-10 04:00:00
190.0,9.0,11.0,3.6,11.0,,,1013.9,7.8,9.1,,,0.2,,2026-02-10 05:00:00
180.0,7.0,11.0,3.6,10.0,,,1014.3,8.0,9.1,,,0.5,,2026-02-10 06:00:00
180.0,7.0,8.0,3.3,10.0,,,1014.5,8.0,9.1,,,0.8,,2026-02-10 07:00:00
190.0,7.0,9.0,3.3,10.0,,,1014.7,8.3,9.1,,,0.8,,2026-02-10 08:00:00
200.0,5.0,7.0,3.3,10.0,,,1015.1,7.4,9.2,,,0.8,,2026-02-10 09:00:00
190.0,6.0,8.0,3.0,10.0,,,1015.3,8.2,9.2,,,0.8,,2026-02-10 10:00:00
200.0,5.0,7.0,3.1,10.0,,,1015.4,7.9,9.2,,,0.7,,2026-02-10 11:00:00
200.0,5.0,8.0,3.0,10.0,,,1015.8,7.8,9.2,,,0.7,,2026-02-10 12:00:00
190.0,6.0,8.0,2.5,10.0,,,1015.8,8.0,9.2,,,0.5,,2026-02-10 13:00:00
190.0,5.0,7.0,2.7,10.0,,,1016.0,8.0,9.2,,,0.6,,2026-02-10 14:00:00
210.0,4.0,6.0,2.7,10.0,,,1016.2,7.6,9.2,,,0.4,,2026-02-10 15:00:00
190.0,3.0,4.0,2.5,9.0,,,1016.7,8.0,9.2,,,0.9,,2026-02-10 16:00:00
110.0,2.0,3.0,2.5,10.0,,,1017.4,7.2,9.2,,,1.4,,2026-02-10 17:00:00
150.0,4.0,5.0,2.4,10.0,,,1017.7,7.8,9.2,,,1.5,,2026-02-10 18:00:00
160.0,3.0,4.0,2.5,10.0,,,1018.0,8.3,9.2,,,1.3,,2026-02-10 19:00:00
130.0,3.0,5.0,2.6,10.0,,,1018.7,8.6,9.3,,,1.3,,2026-02-10 20:00:00
140.0,4.0,5.0,2.3,10.0,,,1019.2,8.0,9.3,,,1.5,,2026-02-10 21:00:00
140.0,3.0,4.0,2.2,9.0,,,1019.4,8.2,9.3,,,1.4,,2026-02-10 22:00:00
160.0,3.0,4.0,2.3,10.0,,,1019.1,7.8,9.3,,,0.4,,2026-02-10 23:00:00
180.0,3.0,3.0,2.2,10.0,,,1019.4,8.5,9.3,,,0.2,,2026-02-11 00:00:00
170.0,1.0,2.0,2.0,10.0,,,1019.8,8.6,9.1,,,0.4,,2026-02-11 01:00:00
260.0,2.0,3.0,2.2,10.0,,,1020.3,8.1,9.1,,,1.2,,2026-02-11 02:00:00
270.0,1.0,2.0,2.2,10.0,,,1020.1,8.0,9.1,,,0.7,,2026-02-11 03:00:00
260.0,1.0,2.0,2.2,10.0,,,1020.2,8.0,9.0,,,0.4,,2026-02-11 04:00:00
250.0,2.0,3.0,2.1,9.0,,,1020.7,8.1,8.9,,,0.4,,2026-02-11 05:00:00
230.0,1.0,2.0,1.9,9.0,,,1020.7,8.0,8.9,,,0.6,,2026-02-11 06:00:00
220.0,1.0,2.0,1.9,9.0,,,1020.9,8.0,8.9,,,0.7,,2026-02-11 07:00:00
170.0,1.0,2.0,2.1,10.0,,,1020.9,8.0,8.9,,,0.2,,2026-02-11 08:00:00
130.0,3.0,4.0,1.9,9.0,,,1020.7,8.0,8.9,,,0.0,,2026-02-11 09:00:00
140.0,3.0,4.0,1.8,9.0,,,1020.5,8.0,8.9,,,-0.4,,2026-02-11 10:00:00
140.0,4.0,5.0,1.6,9.0,,,1020.7,7.9,8.9,,,-0.2,,2026-02-11 11:00:00
170.0,4.0,5.0,1.8,9.0,,,1020.6,8.1,8.9,,,-0.1,,2026-02-11 12:00:00
170.0,3.0,4.0,1.7,9.0,,,1020.8,8.2,8.9,,,0.3,,2026-02-11 13:00:00
150.0,3.0,4.0,1.6,9.0,,,1020.1,8.1,8.9,,,-0.6,,2026-02-11 14:00:00
110.0,7.0,9.0,1.6,9.0,,,1019.5,7.7,8.9,,,-1.1,,2026-02-11 15:00:00
130.0,7.0,9.0,1.7,9.0,,,1019.6,7.8,8.9,,,-1.2,,2026-02-11 16:00:00
130.0,8.0,10.0,1.5,9.0,,,1019.8,7.4,8.9,,,-0.3,,2026-02-11 17:00:00
130.0,8.0,9.0,1.6,9.0,,,1019.8,7.5,8.9,,,0.3,,2026-02-11 18:00:00
130.0,9.0,10.0,1.7,9.0,,,1019.8,7.5,8.9,,,0.2,,2026-02-11 19:00:00
130.0,9.0,11.0,1.8,9.0,,,1019.4,7.7,8.9,,,-0.4,,2026-02-11 20:00:00
150.0,9.0,11.0,1.6,8.0,,,1019.6,8.2,8.9,,,-0.2,,2026-02-11 21:00:00
160.0,9.0,11.0,1.6,8.0,,,1019.5,8.5,8.9,,,-0.3,,2026-02-11 22:00:00
160.0,10.0,12.0,1.7,7.0,,,1018.6,8.5,8.9,,,-0.8,,2026-02-11 23:00:00
160.0,11.0,13.0,1.9,7.0,,,1018.1,8.5,8.9,,,-1.5,,2026-02-12 00:00:00
150.0,12.0,15.0,2.0,7.0,,,1017.6,8.2,9.0,,,-1.9,,2026-02-12 01:00:00
150.0,12.0,15.0,2.1,7.0,,,1017.6,8.1,9.0,,,-1.0,,2026-02-12 02:00:00
140.0,12.0,15.0,2.2,7.0,,,1017.2,8.1,9.1,,,-0.9,,2026-02-12 03:00:00
130.0,12.0,15.0,2.4,7.0,,,1016.9,7.9,9.1,,,-0.7,,2026-02-12 04:00:00
140.0,12.0,14.0,2.5,7.0,,,1017.4,7.9,9.1,,,-0.2,,2026-02-12 05:00:00
130.0,12.0,15.0,2.7,8.0,,,1017.1,7.5,9.1,,,-0.1,,2026-02-12 06:00:00
130.0,13.0,16.0,3.2,7.0,,,1016.0,7.3,9.1,,,-0.9,,2026-02-12 07:00:00
120.0,14.0,17.0,3.6,7.0,,,1015.7,7.1,9.1,,,-1.7,,2026-02-12 08:00:00
130.0,14.0,17.0,3.6,7.0,,,1015.2,7.4,9.1,,,-1.9,,2026-02-12 09:00:00
130.0,13.0,17.0,3.8,7.0,,,1015.5,8.0,9.1,,,-0.5,,2026-02-12 10:00:00
150.0,14.0,18.0,3.8,7.0,,,1016.0,8.7,9.2,,,0.3,,2026-02-12 11:00:00
150.0,11.0,14.0,3.3,8.0,,,1016.0,9.3,9.2,,,0.8,,2026-02-12 12:00:00
170.0,11.0,14.0,3.5,8.0,,,1016.1,9.2,9.1,,,0.6,,2026-02-12 13:00:00
190.0,7.0,9.0,3.1,7.0,,,1017.0,8.5,9.0,,,1.0,,2026-02-12 14:00:00
220.0,9.0,11.0,2.8,7.0,,,1017.6,9.4,9.0,,,1.6,,2026-02-12 15:00:00
230.0,8.0,10.0,2.9,8.0,,,1018.5,9.1,9.2,,,2.4,,2026-02-12 16:00:00
240.0,7.0,9.0,3.1,9.0,,,1019.1,9.0,9.2,,,2.1,,2026-02-12 17:00:00
240.0,5.0,7.0,3.2,8.0,,,1019.9,9.0,9.2,,,2.3,,2026-02-12 18:00:00
230.0,4.0,6.0,2.9,9.0,,,1020.4,9.0,9.2,,,1.9,,2026-02-12 19:00:00
230.0,4.0,6.0,2.8,9.0,,,1020.8,8.9,9.1,,,1.7,,2026-02-12 20:00:00
200.0,4.0,5.0,3.1,10.0,,,1020.7,9.1,9.1,,,0.8,,2026-02-12 21:00:00
200.0,4.0,6.0,3.2,10.0,,,1020.5,8.8,9.1,,,0.1,,2026-02-12 22:00:00
190.0,5.0,6.0,3.6,11.0,,,1020.1,8.6,9.1,,,-0.7,,2026-02-12 23:00:00
180.0,5.0,7.0,3.9,12.0,,,1020.0,8.8,9.0,,,-0.7,,2026-02-13 00:00:00
170.0,6.0,7.0,3.6,12.0,,,1019.6,8.6,9.0,,,-0.9,,2026-02-13 01:00:00
160.0,6.0,7.0,4.1,14.0,,,1019.2,8.4,8.9,,,-0.9,,2026-02-13 02:00:00
160.0,7.0,9.0,3.9,13.0,,,1018.7,8.4,8.9,,,-1.3,,2026-02-13 03:00:00
150.0,7.0,10.0,3.7,13.0,,,1018.4,8.4,8.9,,,-1.2,,2026-02-13 04:00:00
170.0,8.0,10.0,4.0,13.0,,,1018.1,8.5,8.9,,,-1.1,,2026-02-13 05:00:00
170.0,9.0,11.0,4.0,13.0,,,1017.7,8.6,8.9,,,-1.0,,2026-02-13 06:00:00
160.0,9.0,15.0,3.8,12.0,,,1017.2,8.6,8.9,,,-1.2,,2026-02-13 07:00:00
160.0,10.0,13.0,3.8,13.0,,,1017.0,8.0,8.9,,,-1.1,,2026-02-13 08:00:00
190.0,7.0,9.0,4.2,12.0,,,1017.1,7.5,8.9,,,-0.6,,2026-02-13 09:00:00
170.0,10.0,11.0,3.8,12.0,,,1016.5,7.1,8.9,,,-0.7,,2026-02-13 10:00:00
160.0,5.0,7.0,3.7,12.0,,,1016.4,6.3,8.8,,,-0.6,,2026-02-13 11:00:00
170.0,6.0,8.0,3.6,12.0,,,1016.1,6.9,8.8,,,-1.0,,2026-02-13 12:00:00
170.0,5.0,6.0,3.2,11.0,,,1015.7,7.3,8.8,,,-0.8,,2026-02-13 13:00:00
150.0,3.0,4.0,3.3,11.0,,,1015.6,6.7,8.8,,,-0.8,,2026-02-13 14:00:00
210.0,6.0,8.0,3.7,12.0,,,1015.1,7.3,8.8,,,-1.0,,2026-02-13 15:00:00
220.0,4.0,6.0,3.1,11.0,,,1015.0,7.2,8.8,,,-0.7,,2026-02-13 16:00:00
200.0,5.0,6.0,3.1,11.0,,,1014.9,7.3,8.9,,,-0.7,,2026-02-13 17:00:00
220.0,5.0,7.0,3.0,12.0,,,1015.0,7.4,8.9,,,-0.1,,2026-02-13 18:00:00
180.0,4.0,5.0,3.0,11.0,,,1015.1,7.3,8.9,,,0.1,,2026-02-13 19:00:00
210.0,5.0,6.0,2.8,11.0,,,1014.9,7.6,8.9,,,0.0,,2026-02-13 20:00:00
220.0,4.0,8.0,2.5,11.0,,,1014.5,7.3,9.0,,,-0.5,,2026-02-13 21:00:00
220.0,4.0,6.0,2.6,12.0,,,1014.4,7.3,9.0,,,-0.7,,2026-02-13 22:00:00
250.0,4.0,6.0,2.7,12.0,,,1014.3,7.3,9.0,,,-0.6,,2026-02-13 23:00:00
290.0,4.0,6.0,3.0,12.0,,,1014.3,6.9,9.1,,,-0.2,,2026-02-14 00:00:00
260.0,6.0,9.0,2.9,12.0,,,1014.1,7.1,9.0,,,-0.3,,2026-02-14 01:00:00
250.0,6.0,7.0,2.7,10.0,,,1014.0,7.2,9.0,,,-0.3,,2026-02-14 02:00:00
250.0,5.0,6.0,2.7,10.0,,,1013.8,7.1,8.9,,,-0.5,,2026-02-14 03:00:00
280.0,5.0,6.0,2.9,11.0,,,1014.0,6.9,8.9,,,-0.1,,2026-02-14 04:00:00
290.0,7.0,9.0,2.6,10.0,,,1013.9,6.4,8.8,,,-0.1,,2026-02-14 05:00:00
290.0,5.0,6.0,2.6,10.0,,,1014.2,6.8,8.9,,,0.4,,2026-02-14 06:00:00
270.0,4.0,6.0,2.7,11.0,,,1014.3,6.1,8.9,,,0.3,,2026-02-14 07:00:00
310.0,4.0,6.0,2.2,10.0,,,1014.5,6.6,8.8,,,0.6,,2026-02-14 08:00:00
290.0,4.0,7.0,2.0,10.0,,,1014.9,6.6,8.9,,,0.7,,2026-02-14 09:00:00
320.0,7.0,8.0,2.2,11.0,,,1015.1,6.3,8.9,,,0.8,,2026-02-14 10:00:00
350.0,7.0,9.0,2.2,11.0,,,1015.7,6.1,8.9,,,1.2,,2026-02-14 11:00:00
340.0,7.0,8.0,2.0,10.0,,,1016.0,6.0,8.9,,,1.1,,2026-02-14 12:00:00
330.0,6.0,8.0,2.2,10.0,,,1016.5,6.0,8.9,,,1.4,,2026-02-14 13:00:00
320.0,6.0,8.0,1.9,11.0,,,1017.0,6.0,8.9,,,1.3,,2026-02-14 14:00:00
330.0,7.0,9.0,2.0,10.0,,,1017.3,6.1,8.9,,,1.3,,2026-02-14 15:00:00
340.0,8.0,10.0,1.9,10.0,,,1017.8,5.9,8.9,,,1.3,,2026-02-14 16:00:00
330.0,9.0,11.0,2.2,11.0,,,1018.4,6.3,8.9,,,1.4,,2026-02-14 17:00:00
320.0,8.0,10.0,2.1,9.0,,,1019.0,6.4,8.9,,,1.7,,2026-02-14 18:00:00
320.0,8.0,10.0,2.2,10.0,,,1019.6,6.5,8.9,,,1.8,,2026-02-14 19:00:00
320.0,8.0,10.0,2.2,9.0,,,1020.0,6.5,8.9,,,1.6,,2026-02-14 20:00:00
320.0,9.0,10.0,2.2,9.0,,,1020.1,6.4,8.9,,,1.1,,2026-02-14 21:00:00
320.0,8.0,10.0,2.5,10.0,,,1020.2,6.5,8.9,,,0.6,,2026-02-14 22:00:00
310.0,9.0,12.0,2.3,9.0,,,1020.5,6.5,9.0,,,0.5,,2026-02-14 23:00:00
310.0,10.0,12.0,2.1,8.0,,,1020.8,6.8,9.0,,,0.7,,2026-02-15 00:00:00
320.0,11.0,14.0,2.3,9.0,,,1020.7,6.8,8.9,,,0.5,,2026-02-15 01:00:00
320.0,10.0,12.0,2.4,9.0,,,1020.8,7.0,8.9,,,0.3,,2026-02-15 02:00:00
320.0,10.0,13.0,2.5,9.0,,,1021.2,7.2,8.9,,,0.4,,2026-02-15 03:00:00
320.0,10.0,12.0,2.5,8.0,,,1021.5,7.4,9.0,,,0.8,,2026-02-15 04:00:00
320.0,9.0,12.0,2.6,9.0,,,1021.5,7.4,8.9,,,0.7,,2026-02-15 05:00:00
320.0,9.0,11.0,2.8,9.0,,,1021.3,7.4,8.9,,,0.1,,2026-02-15 06:00:00
320.0,9.0,11.0,2.6,9.0,,,1021.3,7.2,8.9,,,-0.2,,2026-02-15 07:00:00
310.0,8.0,10.0,2.3,9.0,,,1021.4,7.1,8.9,,,-0.1,,2026-02-15 08:00:00
320.0,7.0,9.0,2.3,9.0,,,1021.4,6.8,8.9,,,0.1,,2026-02-15 09:00:00
320.0,9.0,11.0,2.3,9.0,,,1021.1,6.5,8.8,,,-0.2,,2026-02-15 10:00:00
330.0,6.0,7.0,2.1,10.0,,,1021.2,6.5,8.9,,,-0.2,,2026-02-15 11:00:00
310.0,5.0,9.0,2.3,11.0,,,1020.5,6.7,8.8,,,-0.9,,2026-02-15 12:00:00
290.0,4.0,5.0,2.0,11.0,,,1020.0,6.2,8.9,,,-1.1,,2026-02-15 13:00:00
360.0,2.0,4.0,2.0,11.0,,,1019.3,6.4,8.9,,,-1.9,,2026-02-15 14:00:00
10.0,1.0,2.0,2.3,12.0,,,1018.6,5.5,8.9,,,-1.9,,2026-02-15 15:00:00
210.0,3.0,4.0,2.1,12.0,,,1018.3,6.2,8.9,,,-1.7,,2026-02-15 16:00:00
250.0,5.0,8.0,1.8,11.0,,,1017.7,6.4,8.9,,,-1.6,,2026-02-15 17:00:00
260.0,4.0,6.0,1.8,10.0,,,1017.3,5.8,9.0,,,-1.3,,2026-02-15 18:00:00
230.0,1.0,2.0,1.7,10.0,,,1016.4,5.2,9.0,,,-1.9,,2026-02-15 19:00:00
270.0,5.0,6.0,1.8,9.0,,,1015.3,6.2,9.0,,,-2.4,,2026-02-15 20:00:00
220.0,5.0,6.0,1.9,10.0,,,1014.2,7.0,9.0,,,-3.1,,2026-02-15 21:00:00
230.0,7.0,8.0,1.9,11.0,,,1013.0,6.5,9.0,,,-3.4,,2026-02-15 22:00:00
200.0,7.0,9.0,1.8,10.0,,,1012.1,6.3,8.9,,,-3.2,,2026-02-15 23:00:00
180.0,5.0,7.0,1.9,11.0,,,1011.1,5.9,8.9,,,-3.1,,2026-02-16 00:00:00
170.0,7.0,8.0,1.7,10.0,,,1009.7,6.2,8.9,,,-3.3,,2026-02-16 01:00:00
180.0,5.0,6.0,1.7,10.0,,,1008.9,6.3,8.8,,,-3.2,,2026-02-16 02:00:00
220.0,6.0,8.0,1.7,9.0,,,1007.7,7.0,8.8,,,-3.4,,2026-02-16 03:00:00
190.0,5.0,6.0,1.6,8.0,,,1006.5,7.0,8.8,,,-3.2,,2026-02-16 04:00:00
250.0,5.0,9.0,1.6,8.0,,,1005.2,7.1,8.8,,,-3.7,,2026-02-16 05:00:00
310.0,10.0,12.0,1.9,7.0,,,1004.1,6.8,8.8,,,-3.6,,2026-02-16 06:00:00
310.0,4.0,8.0,2.0,7.0,,,1003.6,6.0,8.8,,,-2.9,,2026-02-16 07:00:00
320.0,6.0,8.0,2.4,8.0,,,1002.4,5.9,8.8,,,-2.8,,2026-02-16 08:00:00
290.0,5.0,6.0,2.2,8.0,,,1001.4,6.3,8.8,,,-2.7,,2026-02-16 09:00:00
290.0,11.0,13.0,2.4,8.0,,,1000.6,3.6,8.8,,,-3.0,,2026-02-16 10:00:00
340.0,5.0,6.0,2.6,9.0,,,999.6,3.8,8.8,,,-2.8,,2026-02-16 11:00:00
310.0,6.0,8.0,2.8,10.0,,,998.7,4.0,8.7,,,-2.7,,2026-02-16 12:00:00
280.0,11.0,14.0,3.3,10.0,,,997.3,5.4,8.8,,,-3.3,,2026-02-16 13:00:00
300.0,13.0,15.0,3.3,9.0,,,996.0,6.1,8.7,,,-3.6,,2026-02-16 14:00:00
290.0,12.0,15.0,3.9,10.0,,,995.3,5.9,8.7,,,-3.4,,2026-02-16 15:00:00
290.0,11.0,14.0,4.0,9.0,,,995.0,5.7,8.7,,,-2.3,,2026-02-16 16:00:00
300.0,10.0,13.0,3.9,10.0,,,994.7,5.5,8.8,,,-1.3,,2026-02-16 17:00:00
290.0,9.0,10.0,3.5,10.0,,,994.2,5.4,8.7,,,-1.1,,2026-02-16 18:00:00
290.0,7.0,10.0,3.2,9.0,,,993.5,5.4,8.7,,,-1.5,,2026-02-16 19:00:00
290.0,8.0,11.0,3.2,9.0,,,992.8,5.2,8.7,,,-1.9,,2026-02-16 20:00:00
280.0,6.0,8.0,2.9,9.0,,,992.3,5.3,8.7,,,-1.9,,2026-02-16 21:00:00
270.0,7.0,8.0,2.8,9.0,,,991.6,5.1,8.8,,,-1.9,,2026-02-16 22:00:00
270.0,6.0,9.0,2.6,9.0,,,991.2,5.1,8.7,,,-1.6,,2026-02-16 23:00:00
280.0,5.0,7.0,2.6,9.0,,,990.9,5.1,8.7,,,-1.4,,2026-02-17 00:00:00
280.0,3.0,5.0,2.6,9.0,,,990.9,5.0,8.7,,,-0.7,,2026-02-17 01:00:00
280.0,2.0,3.0,2.7,10.0,,,990.7,4.6,8.7,,,-0.5,,2026-02-17 02:00:00
40.0,2.0,4.0,2.2,9.0,,,990.6,4.3,8.7,,,-0.3,,2026-02-17 03:00:00
40.0,3.0,6.0,2.4,9.0,,,990.4,4.0,8.7,,,-0.5,,2026-02-17 04:00:00
310.0,5.0,7.0,2.3,10.0,,,990.6,2.8,8.7,,,-0.1,,2026-02-17 05:00:00
290.0,3.0,5.0,2.2,10.0,,,990.9,3.3,8.7,,,0.3,,2026-02-17 06:00:00
0.0,2.0,4.0,2.5,11.0,,,991.1,4.0,8.8,,,0.7,,2026-02-17 07:00:00
0.0,3.0,5.0,2.7,11.0,,,991.3,4.3,8.9,,,0.7,,2026-02-17 08:00:00
30.0,4.0,6.0,2.4,10.0,,,991.5,4.3,8.9,,,0.6,,2026-02-17 09:00:00
30.0,3.0,5.0,2.4,10.0,,,992.3,4.4,8.9,,,1.2,,2026-02-17 10:00:00
50.0,5.0,7.0,2.5,11.0,,,993.0,4.4,8.9,,,1.7,,2026-02-17 11:00:00
10.0,5.0,8.0,2.4,11.0,,,994.1,3.4,8.8,,,2.6,,2026-02-17 12:00:00
20.0,9.0,11.0,2.3,11.0,,,994.8,4.4,8.7,,,2.5,,2026-02-17 13:00:00
20.0,8.0,10.0,2.0,10.0,,,995.9,4.0,8.7,,,2.9,,2026-02-17 14:00:00
20.0,9.0,10.0,2.3,9.0,,,996.9,3.9,8.8,,,2.8,,2026-02-17 15:00:00
10.0,10.0,12.0,2.2,9.0,,,997.9,3.7,8.7,,,3.1,,2026-02-17 16:00:00
10.0,10.0,13.0,2.2,9.0,,,998.9,3.4,8.8,,,3.0,,2026-02-17 17:00:00
10.0,11.0,13.0,2.2,8.0,,,999.8,3.1,8.8,,,2.9,,2026-02-17 18:00:00
10.0,11.0,13.0,2.3,8.0,,,1000.7,3.1,8.8,,,2.8,,2026-02-17 19:00:00
10.0,10.0,13.0,2.3,8.0,,,1001.7,3.0,8.8,,,2.8,,2026-02-17 20:00:00
360.0,9.0,11.0,2.2,8.0,,,1002.2,2.9,8.7,,,2.4,,2026-02-17 21:00:00
360.0,8.0,10.0,2.1,8.0,,,1002.8,2.9,8.8,,,2.1,,2026-02-17 22:00:00
350.0,8.0,10.0,1.9,8.0,,,1003.3,2.6,8.8,,,1.6,,2026-02-17 23:00:00
350.0,9.0,11.0,1.8,8.0,,,1003.6,2.4,8.8,,,1.4,,2026-02-18 00:00:00
340.0,10.0,12.0,1.8,8.0,,,1004.1,2.4,8.8,,,1.3,,2026-02-18 01:00:00
340.0,11.0,13.0,1.8,7.0,,,1004.5,2.1,8.8,,,1.2,,2026-02-18 02:00:00
350.0,11.0,13.0,1.8,6.0,,,1004.8,2.0,8.8,,,1.2,,2026-02-18 03:00:00
340.0,11.0,13.0,1.7,7.0,,,1005.0,1.8,8.8,,,0.9,,2026-02-18 04:00:00
340.0,10.0,12.0,1.6,7.0,,,1005.1,1.6,8.7,,,0.6,,2026-02-18 05:00:00
330.0,9.0,12.0,1.8,7.0,,,1005.7,1.5,8.6,,,0.9,,2026-02-18 06:00:00
330.0,10.0,12.0,1.7,7.0,,,1005.9,1.3,8.5,,,0.9,,2026-02-18 07:00:00
340.0,10.0,12.0,1.6,7.0,,,1006.0,1.0,8.6,,,0.9,,2026-02-18 08:00:00
340.0,9.0,12.0,1.6,6.0,,,1005.9,0.8,8.6,,,0.2,,2026-02-18 09:00:00
330.0,10.0,12.0,1.4,6.0,,,1005.8,0.5,8.6,,,-0.1,,2026-02-18 10:00:00
330.0,9.0,11.0,1.5,7.0,,,1005.8,0.3,8.7,,,-0.2,,2026-02-18 11:00:00
330.0,8.0,11.0,1.4,7.0,,,1006.0,-0.1,8.6,,,0.1,,2026-02-18 12:00:00
330.0,9.0,12.0,1.3,7.0,,,1005.8,-0.1,8.6,,,0.0,,2026-02-18 13:00:00
340.0,9.0,12.0,1.5,7.0,,,1006.1,-0.1,8.5,,,0.3,,2026-02-18 14:00:00
330.0,10.0,12.0,1.6,7.0,,,1006.2,-0.4,8.6,,,0.2,,2026-02-18 15:00:00
340.0,9.0,12.0,1.4,6.0,,,1006.5,-0.5,8.5,,,0.7,,2026-02-18 16:00:00
340.0,10.0,13.0,1.5,6.0,,,1006.6,-0.4,8.6,,,0.5,,2026-02-18 17:00:00
340.0,11.0,13.0,1.5,6.0,,,1007.1,-0.4,8.6,,,0.9,,2026-02-18 18:00:00
340.0,10.0,12.0,1.7,6.0,,,1007.7,-0.5,8.5,,,1.2,,2026-02-18 19:00:00
340.0,11.0,13.0,1.6,6.0,,,1008.0,-0.3,8.6,,,1.4,,2026-02-18 20:00:00
340.0,11.0,13.0,1.7,5.0,,,1008.2,0.0,8.6,,,1.1,,2026-02-18 21:00:00
350.0,10.0,13.0,1.6,5.0,,,1008.5,0.1,8.5,,,0.8,,2026-02-18 22:00:00
340.0,10.0,13.0,1.6,5.0,,,1009.1,0.4,8.5,,,1.1,,2026-02-18 23:00:00
340.0,11.0,13.0,1.7,5.0,,,1009.6,0.5,8.5,,,1.4,,2026-02-19 00:00:00
340.0,10.0,13.0,1.7,6.0,,,1010.4,0.7,8.5,,,1.9,,2026-02-19 01:00:00
350.0,11.0,13.0,1.8,6.0,,,1011.0,0.5,8.5,,,1.9,,2026-02-19 02:00:00
350.0,10.0,13.0,1.6,6.0,,,1012.0,0.5,8.2,,,2.4,,2026-02-19 03:00:00
350.0,10.0,13.0,1.8,6.0,,,1012.3,0.0,8.1,,,1.9,,2026-02-19 04:00:00
340.0,11.0,13.0,1.8,6.0,,,1012.9,0.0,8.0,,,1.9,,2026-02-19 05:00:00
350.0,12.0,14.0,1.8,6.0,,,1013.0,0.3,8.0,,,1.0,,2026-02-19 06:00:00
350.0,11.0,13.0,1.8,6.0,,,1013.1,0.2,8.1,,,0.8,,2026-02-19 07:00:00
340.0,11.0,13.0,2.0,7.0,,,1013.4,0.3,8.2,,,0.5,,2026-02-19 08:00:00
350.0,10.0,12.0,2.0,6.0,,,1013.7,0.1,8.4,,,0.7,,2026-02-19 09:00:00
350.0,9.0,11.0,1.9,6.0,,,1013.9,0.0,8.2,,,0.8,,2026-02-19 10:00:00
350.0,10.0,12.0,1.8,6.0,,,1014.1,-0.1,8.1,,,0.7,,2026-02-19 11:00:00
350.0,9.0,10.0,1.6,6.0,,,1014.5,0.0,7.8,,,0.8,,2026-02-19 12:00:00
360.0,8.0,10.0,1.5,6.0,,,1014.5,-0.2,7.4,,,0.6,,2026-02-19 13:00:00
360.0,8.0,9.0,1.6,6.0,,,1014.9,0.2,7.1,,,0.8,,2026-02-19 14:00:00
0.0,8.0,10.0,1.5,6.0,,,1014.7,0.5,7.1,,,0.2,,2026-02-19 15:00:00
0.0,7.0,9.0,1.4,5.0,,,1014.8,0.8,7.1,,,0.3,,2026-02-19 16:00:00
10.0,7.0,9.0,1.3,6.0,,,1014.9,0.9,7.0,,,-0.0,,2026-02-19 17:00:00
0.0,5.0,7.0,1.3,6.0,,,1014.9,0.8,7.0,,,0.2,,2026-02-19 18:00:00
360.0,4.0,5.0,1.2,6.0,,,1015.1,1.0,7.2,,,0.3,,2026-02-19 19:00:00
330.0,4.0,5.0,1.1,6.0,,,1015.1,1.0,7.2,,,0.2,,2026-02-19 20:00:00
330.0,3.0,5.0,1.0,6.0,,,1014.8,1.3,7.4,,,-0.1,,2026-02-19 21:00:00
330.0,5.0,6.0,1.0,5.0,,,1014.3,1.5,7.4,,,-0.8,,2026-02-19 22:00:00
0.0,4.0,6.0,0.9,5.0,,,1013.8,1.7,7.4,,,-1.3,,2026-02-19 23:00:00
330.0,4.0,5.0,0.8,6.0,,,1013.4,2.0,7.4,,,-1.4,,2026-02-20 00:00:00
340.0,3.0,4.0,0.8,6.0,,,1013.0,2.4,7.4,,,-1.3,,2026-02-20 01:00:00
320.0,3.0,4.0,0.7,7.0,,,1012.9,2.2,7.3,,,-0.9,,2026-02-20 02:00:00
320.0,4.0,5.0,0.7,7.0,,,1012.9,2.5,7.4,,,-0.5,,2026-02-20 03:00:00
340.0,2.0,3.0,0.7,8.0,,,1012.5,2.6,7.6,,,-0.5,,2026-02-20 04:00:00
350.0,2.0,3.0,0.6,7.0,,,1011.8,2.6,7.5,,,-1.1,,2026-02-20 05:00:00
10.0,1.0,2.0,0.7,8.0,,,1011.5,2.6,7.5,,,-1.4,,2026-02-20 06:00:00
100.0,1.0,3.0,0.7,8.0,,,1011.4,2.6,7.5,,,-1.1,,2026-02-20 07:00:00
100.0,3.0,4.0,0.8,9.0,,,1011.0,2.7,7.2,,,-0.8,,2026-02-20 08:00:00
100.0,3.0,4.0,0.8,8.0,,,1010.7,2.9,7.3,,,-0.8,,2026-02-20 09:00:00
120.0,3.0,5.0,0.9,9.0,,,1010.5,3.2,7.3,,,-0.9,,2026-02-20 10:00:00
140.0,3.0,4.0,0.9,9.0,,,1010.3,3.5,7.5,,,-0.7,,2026-02-20 11:00:00
140.0,3.0,5.0,0.9,9.0,,,1009.7,3.9,7.6,,,-1.0,,2026-02-20 12:00:00
140.0,4.0,6.0,1.1,10.0,,,1009.3,4.1,7.6,,,-1.2,,2026-02-20 13:00:00
130.0,3.0,4.0,1.1,9.0,,,1009.1,3.9,7.3,,,-1.2,,2026-02-20 14:00:00
120.0,8.0,10.0,1.2,8.0,,,1008.5,4.6,7.3,,,-1.2,,2026-02-20 15:00:00
110.0,11.0,12.0,1.3,7.0,,,1008.1,4.3,7.2,,,-1.2,,2026-02-20 16:00:00
120.0,11.0,12.0,1.5,6.0,,,1008.2,4.1,7.4,,,-0.9,,2026-02-20 17:00:00
110.0,11.0,13.0,1.6,6.0,,,1007.9,4.0,7.4,,,-0.6,,2026-02-20 18:00:00
120.0,11.0,13.0,1.8,6.0,,,1007.9,4.3,7.8,,,-0.2,,2026-02-20 19:00:00
130.0,7.0,11.0,1.8,6.0,,,1008.4,3.9,8.1,,,0.2,,2026-02-20 20:00:00
120.0,11.0,14.0,1.7,6.0,,,1007.8,4.6,8.2,,,-0.1,,2026-02-20 21:00:00
120.0,11.0,13.0,1.8,6.0,,,1007.6,4.6,8.2,,,-0.3,,2026-02-20 22:00:00
120.0,11.0,14.0,1.8,6.0,,,1007.7,4.5,8.0,,,-0.7,,2026-02-20 23:00:00
110.0,14.0,18.0,2.1,6.0,,,1007.3,4.4,8.0,,,-0.5,,2026-02-21 00:00:00
110.0,15.0,19.0,2.4,6.0,,,1007.2,4.6,8.1,,,-0.4,,2026-02-21 01:00:00
100.0,15.0,18.0,2.5,6.0,,,1007.6,4.6,8.1,,,-0.1,,2026-02-21 02:00:00
100.0,15.0,18.0,2.4,7.0,,,1007.7,4.7,8.2,,,0.4,,2026-02-21 03:00:00
100.0,16.0,19.0,2.6,6.0,,,1007.9,4.7,8.3,,,0.7,,2026-02-21 04:00:00
100.0,15.0,19.0,2.7,7.0,,,1008.1,5.0,8.3,,,0.5,,2026-02-21 05:00:00
100.0,15.0,19.0,2.5,6.0,,,1008.3,5.2,8.4,,,0.6,,2026-02-21 06:00:00
100.0,15.0,19.0,2.5,7.0,,,1008.3,5.2,8.4,,,0.4,,2026-02-21 07:00:00
100.0,15.0,19.0,2.6,6.0,,,1008.1,5.8,8.5,,,0.0,,2026-02-21 08:00:00
100.0,15.0,19.0,2.7,7.0,,,1007.9,5.8,8.5,,,-0.4,,2026-02-21 09:00:00
100.0,16.0,21.0,2.3,6.0,,,1007.8,6.0,8.6,,,-0.5,,2026-02-21 10:00:00
90.0,16.0,21.0,2.8,7.0,,,1007.8,5.4,8.6,,,-0.3,,2026-02-21 11:00:00
90.0,16.0,20.0,2.9,7.0,,,1007.4,5.4,8.6,,,-0.5,,2026-02-21 12:00:00
90.0,18.0,22.0,2.7,7.0,,,1006.6,6.2,8.5,,,-1.2,,2026-02-21 13:00:00
80.0,16.0,20.0,2.7,6.0,,,1006.4,6.4,8.4,,,-1.4,,2026-02-21 14:00:00
70.0,12.0,16.0,2.2,6.0,,,1006.5,7.5,8.4,,,-0.9,,2026-02-21 15:00:00
70.0,11.0,14.0,2.0,6.0,,,1007.2,7.7,8.3,,,0.6,,2026-02-21 16:00:00
70.0,11.0,13.0,1.7,6.0,,,1007.3,7.8,8.2,,,0.9,,2026-02-21 17:00:00
90.0,15.0,19.0,2.2,6.0,,,1007.6,7.0,8.1,,,1.1,,2026-02-21 18:00:00
80.0,16.0,21.0,2.4,6.0,,,1007.8,5.9,8.0,,,0.6,,2026-02-21 19:00:00
80.0,14.0,17.0,2.5,6.0,,,1008.0,5.7,7.9,,,0.7,,2026-02-21 20:00:00
80.0,13.0,17.0,2.3,7.0,,,1008.2,5.6,8.0,,,0.6,,2026-02-21 21:00:00
50.0,10.0,12.0,2.1,7.0,,,1008.2,5.1,8.1,,,0.4,,2026-02-21 22:00:00
20.0,12.0,15.0,2.6,7.0,,,1007.7,4.9,8.2,,,-0.3,,2026-02-21 23:00:00
30.0,10.0,12.0,2.6,7.0,,,1007.7,6.0,8.2,,,-0.5,,2026-02-22 00:00:00
40.0,9.0,11.0,2.8,7.0,,,1007.5,6.9,8.2,,,-0.7,,2026-02-22 01:00:00
70.0,13.0,18.0,2.7,7.0,,,1007.2,8.0,8.2,,,-0.5,,2026-02-22 02:00:00
90.0,16.0,20.0,2.8,7.0,,,1006.6,8.0,8.2,,,-1.1,,2026-02-22 03:00:00
70.0,11.0,15.0,2.4,7.0,,,1006.4,8.0,8.1,,,-1.1,,2026-02-22 04:00:00
90.0,13.0,18.0,2.7,7.0,,,1006.2,7.4,8.1,,,-1.0,,2026-02-22 05:00:00
70.0,14.0,17.0,2.7,7.0,,,1005.9,6.3,8.1,,,-0.7,,2026-02-22 06:00:00
40.0,12.0,15.0,2.2,6.0,,,1005.1,5.3,8.0,,,-1.3,,2026-02-22 07:00:00
20.0,12.0,15.0,2.0,6.0,,,1004.4,4.9,7.9,,,-1.8,,2026-02-22 08:00:00
40.0,11.0,14.0,2.0,6.0,,,1003.4,5.1,7.9,,,-2.5,,2026-02-22 09:00:00
50.0,10.0,13.0,2.1,6.0,,,1002.7,5.9,7.9,,,-2.4,,2026-02-22 10:00:00
90.0,14.0,18.0,3.0,7.0,,,1001.5,8.2,8.0,,,-2.9,,2026-02-22 11:00:00
90.0,15.0,19.0,3.1,7.0,,,1000.5,8.7,8.1,,,-2.9,,2026-02-22 12:00:00
90.0,15.0,18.0,3.3,8.0,,,999.7,9.2,8.1,,,-3.0,,2026-02-22 13:00:00
90.0,15.0,19.0,3.5,8.0,,,999.4,9.3,8.2,,,-2.1,,2026-02-22 14:00:00
100.0,15.0,20.0,3.7,8.0,,,999.4,9.3,8.2,,,-1.1,,2026-02-22 15:00:00
110.0,17.0,20.0,3.5,8.0,,,999.9,9.1,8.2,,,0.2,,2026-02-22 16:00:00
110.0,17.0,22.0,4.0,8.0,,,1001.2,8.5,8.2,,,1.8,,2026-02-22 17:00:00
100.0,18.0,22.0,3.9,9.0,,,1001.1,8.2,8.2,,,1.7,,2026-02-22 18:00:00
100.0,18.0,22.0,3.6,9.0,,,1001.6,8.0,8.2,,,1.7,,2026-02-22 19:00:00
100.0,18.0,22.0,3.4,8.0,,,1002.5,7.9,8.3,,,1.3,,2026-02-22 20:00:00
100.0,18.0,23.0,3.4,7.0,,,1002.9,7.6,8.4,,,1.8,,2026-02-22 21:00:00
100.0,17.0,21.0,3.2,7.0,,,1003.8,8.0,8.4,,,2.2,,2026-02-22 22:00:00
100.0,17.0,21.0,2.9,7.0,,,1003.7,7.9,8.5,,,1.2,,2026-02-22 23:00:00
100.0,16.0,20.0,2.8,7.0,,,1003.8,8.6,8.5,,,0.9,,2026-02-23 00:00:00
100.0,15.0,19.0,2.9,8.0,,,1004.1,8.8,8.4,,,0.3,,2026-02-23 01:00:00
110.0,15.0,19.0,3.1,8.0,,,1004.2,8.4,8.5,,,0.5,,2026-02-23 02:00:00
120.0,15.0,19.0,3.6,9.0,,,1004.8,7.6,8.4,,,1.0,,2026-02-23 03:00:00
120.0,15.0,18.0,3.2,8.0,,,1005.9,7.2,8.4,,,1.8,,2026-02-23 04:00:00
110.0,14.0,17.0,3.0,8.0,,,1006.7,7.0,8.3,,,2.5,,2026-02-23 05:00:00
110.0,13.0,15.0,2.6,8.0,,,1007.7,6.9,8.2,,,2.9,,2026-02-23 06:00:00
100.0,12.0,15.0,2.7,8.0,,,1008.5,7.1,8.1,,,2.6,,2026-02-23 07:00:00
100.0,9.0,11.0,2.6,9.0,,,1009.1,7.1,8.0,,,2.4,,2026-02-23 08:00:00
110.0,9.0,11.0,2.4,8.0,,,1009.3,6.9,8.0,,,1.6,,2026-02-23 09:00:00
110.0,10.0,12.0,2.4,9.0,,,1009.1,7.4,8.0,,,0.6,,2026-02-23 10:00:00
190.0,6.0,10.0,2.4,10.0,,,1009.8,6.3,8.0,,,0.7,,2026-02-23 11:00:00
200.0,1.0,2.0,2.0,9.0,,,1010.3,5.6,7.9,,,1.0,,2026-02-23 12:00:00
140.0,6.0,7.0,2.3,10.0,,,1010.7,7.0,7.9,,,1.6,,2026-02-23 13:00:00
120.0,7.0,9.0,2.3,10.0,,,1011.1,6.7,7.9,,,1.3,,2026-02-23 14:00:00
110.0,7.0,8.0,2.4,11.0,,,1011.9,6.8,8.0,,,1.6,,2026-02-23 15:00:00
120.0,8.0,9.0,2.5,10.0,,,1013.0,6.9,7.9,,,2.3,,2026-02-23 16:00:00
90.0,9.0,10.0,2.6,10.0,,,1014.0,6.9,8.0,,,2.9,,2026-02-23 17:00:00
100.0,10.0,12.0,2.2,10.0,,,1014.8,6.7,8.1,,,2.9,,2026-02-23 18:00:00
120.0,9.0,11.0,2.1,8.0,,,1015.5,7.3,8.1,,,2.5,,2026-02-23 19:00:00
120.0,8.0,10.0,2.5,9.0,,,1016.2,6.9,8.1,,,2.2,,2026-02-23 20:00:00
110.0,8.0,10.0,2.7,9.0,,,1016.7,6.7,8.1,,,1.9,,2026-02-23 21:00:00
100.0,9.0,11.0,2.4,8.0,,,1016.2,7.2,8.1,,,0.7,,2026-02-23 22:00:00
100.0,8.0,11.0,2.4,9.0,,,1016.4,7.7,8.1,,,0.2,,2026-02-23 23:00:00
110.0,8.0,10.0,2.4,9.0,,,1016.7,7.9,8.1,,,-0.0,,2026-02-24 00:00:00
120.0,7.0,9.0,2.2,8.0,,,1017.0,8.2,8.1,,,0.8,,2026-02-24 01:00:00
140.0,9.0,10.0,2.4,9.0,,,1017.0,8.2,8.1,,,0.6,,2026-02-24 02:00:00
130.0,7.0,8.0,2.1,8.0,,,1017.4,8.3,8.1,,,0.7,,2026-02-24 03:00:00
120.0,7.0,9.0,2.2,9.0,,,1017.7,8.4,8.2,,,0.7,,2026-02-24 04:00:00
120.0,8.0,9.0,2.2,10.0,,,1017.9,8.4,8.1,,,0.9,,2026-02-24 05:00:00
130.0,8.0,9.0,2.0,9.0,,,1017.9,7.9,8.1,,,0.5,,2026-02-24 06:00:00
130.0,7.0,8.0,2.1,9.0,,,1018.2,8.1,8.1,,,0.5,,2026-02-24 07:00:00
140.0,8.0,9.0,1.9,9.0,,,1018.0,7.9,8.1,,,0.1,,2026-02-24 08:00:00
130.0,6.0,8.0,1.9,9.0,,,1017.9,8.0,8.1,,,0.0,,2026-02-24 09:00:00
150.0,6.0,7.0,1.8,9.0,,,1017.5,7.9,8.1,,,-0.7,,2026-02-24 10:00:00
170.0,6.0,7.0,1.8,9.0,,,1017.2,7.3,8.1,,,-0.8,,2026-02-24 11:00:00
130.0,5.0,6.0,1.5,8.0,,,1016.8,7.4,8.1,,,-1.1,,2026-02-24 12:00:00
200.0,3.0,4.0,1.6,9.0,,,1016.4,8.0,8.0,,,-1.1,,2026-02-24 13:00:00
200.0,5.0,6.0,1.4,9.0,,,1015.7,8.0,8.0,,,-1.5,,2026-02-24 14:00:00
200.0,2.0,3.0,1.4,9.0,,,1015.4,7.9,8.0,,,-1.4,,2026-02-24 15:00:00
190.0,1.0,2.0,1.6,9.0,,,1015.4,6.9,8.0,,,-1.0,,2026-02-24 16:00:00
210.0,4.0,5.0,1.5,9.0,,,1015.5,7.8,8.1,,,-0.2,,2026-02-24 17:00:00
220.0,4.0,5.0,1.5,9.0,,,1015.4,7.8,8.1,,,0.0,,2026-02-24 18:00:00
210.0,4.0,5.0,1.5,9.0,,,1015.2,7.9,8.2,,,-0.2,,2026-02-24 19:00:00
230.0,4.0,5.0,1.5,9.0,,,1015.2,7.9,8.4,,,-0.3,,2026-02-24 20:00:00
230.0,6.0,7.0,1.4,9.0,,,1014.7,8.0,8.4,,,-0.7,,2026-02-24 21:00:00
220.0,6.0,7.0,1.4,8.0,,,1014.2,7.9,8.4,,,-1.0,,2026-02-24 22:00:00
230.0,6.0,7.0,1.3,8.0,,,1013.7,7.9,8.3,,,-1.5,,2026-02-24 23:00:00
220.0,5.0,6.0,1.2,7.0,,,1013.6,7.5,8.2,,,-1.1,,2026-02-25 00:00:00
230.0,8.0,10.0,1.2,7.0,,,1012.9,7.0,8.2,,,-1.3,,2026-02-25 01:00:00
250.0,8.0,10.0,1.2,7.0,,,1012.9,7.2,8.1,,,-0.8,,2026-02-25 02:00:00
230.0,5.0,6.0,1.2,8.0,,,1012.7,7.4,8.1,,,-0.9,,2026-02-25 03:00:00
200.0,6.0,7.0,1.2,8.0,,,1012.3,7.0,8.1,,,-0.6,,2026-02-25 04:00:00
220.0,8.0,10.0,1.2,7.0,,,1012.2,7.8,8.1,,,-0.7,,2026-02-25 05:00:00
220.0,9.0,11.0,1.2,7.0,,,1012.2,7.3,8.2,,,-0.5,,2026-02-25 06:00:00
220.0,9.0,12.0,1.4,6.0,,,1012.2,7.8,8.2,,,-0.1,,2026-02-25 07:00:00
200.0,10.0,12.0,1.5,6.0,,,1012.1,7.8,8.2,,,-0.1,,2026-02-25 08:00:00
200.0,11.0,13.0,1.5,6.0,,,1011.8,7.8,8.3,,,-0.4,,2026-02-25 09:00:00
200.0,10.0,13.0,1.7,6.0,,,1011.7,8.0,8.2,,,-0.5,,2026-02-25 10:00:00
210.0,12.0,14.0,1.7,6.0,,,1011.3,8.0,8.2,,,-0.8,,2026-02-25 11:00:00
190.0,11.0,14.0,1.8,6.0,,,1010.9,7.5,8.2,,,-0.9,,2026-02-25 12:00:00
210.0,11.0,14.0,1.9,6.0,,,1010.6,7.7,8.2,,,-1.1,,2026-02-25 13:00:00
200.0,11.0,13.0,2.2,6.0,,,1010.5,7.7,8.2,,,-0.8,,2026-02-25 14:00:00
210.0,12.0,14.0,2.2,7.0,,,1010.2,7.7,8.3,,,-0.7,,2026-02-25 15:00:00
200.0,12.0,15.0,2.3,7.0,,,1010.2,7.5,8.3,,,-0.4,,2026-02-25 16:00:00
200.0,12.0,14.0,2.4,7.0,,,1010.5,7.4,8.3,,,-0.0,,2026-02-25 17:00:00
200.0,11.0,13.0,2.7,8.0,,,1010.9,7.7,8.3,,,0.7,,2026-02-25 18:00:00
200.0,10.0,12.0,2.7,8.0,,,1011.3,8.1,8.4,,,1.1,,2026-02-25 19:00:00
190.0,10.0,13.0,2.8,8.0,,,1012.0,7.4,8.3,,,1.5,,2026-02-25 20:00:00
180.0,11.0,13.0,3.1,8.0,,,1012.0,7.3,8.3,,,1.1,,2026-02-25 21:00:00
190.0,11.0,14.0,3.1,8.0,,,1011.7,7.6,8.3,,,0.4,,2026-02-25 22:00:00
190.0,10.0,12.0,3.2,9.0,,,1011.4,7.6,8.3,,,-0.6,,2026-02-25 23:00:00
200.0,11.0,15.0,3.0,8.0,,,1011.4,7.7,8.3,,,-0.6,,2026-02-26 00:00:00
200.0,11.0,14.0,3.0,8.0,,,1011.1,8.0,8.3,,,-0.6,,2026-02-26 01:00:00
200.0,10.0,13.0,3.2,8.0,,,1010.9,7.9,8.4,,,-0.5,,2026-02-26 02:00:00
210.0,10.0,13.0,3.1,8.0,,,1011.0,7.8,8.4,,,-0.4,,2026-02-26 03:00:00
220.0,11.0,13.0,2.8,8.0,,,1011.1,7.8,8.4,,,-0.0,,2026-02-26 04:00:00
190.0,11.0,14.0,3.1,8.0,,,1011.2,8.2,8.4,,,0.3,,2026-02-26 05:00:00
210.0,12.0,15.0,2.9,8.0,,,1011.4,8.0,8.4,,,0.4,,2026-02-26 06:00:00
210.0,12.0,15.0,2.9,8.0,,,1011.7,7.8,8.4,,,0.6,,2026-02-26 07:00:00
200.0,11.0,14.0,3.2,9.0,,,1012.0,7.9,8.4,,,0.8,,2026-02-26 08:00:00
210.0,12.0,14.0,3.3,9.0,,,1012.6,8.2,8.4,,,1.2,,2026-02-26 09:00:00
210.0,12.0,15.0,3.0,8.0,,,1012.8,8.2,8.4,,,1.1,,2026-02-26 10:00:00
220.0,13.0,15.0,3.2,9.0,,,1013.0,7.9,8.3,,,1.0,,2026-02-26 11:00:00
210.0,11.0,14.0,3.2,8.0,,,1013.4,8.2,8.3,,,0.8,,2026-02-26 12:00:00
230.0,11.0,15.0,3.2,8.0,,,1014.2,6.6,8.3,,,1.4,,2026-02-26 13:00:00
230.0,10.0,14.0,3.1,9.0,,,1015.0,6.7,8.3,,,2.0,,2026-02-26 14:00:00
230.0,9.0,10.0,2.8,8.0,,,1015.4,7.3,8.3,,,2.0,,2026-02-26 15:00:00
230.0,9.0,11.0,3.0,9.0,,,1015.8,7.8,8.3,,,1.6,,2026-02-26 16:00:00
230.0,10.0,13.0,3.1,9.0,,,1016.4,7.6,8.3,,,1.4,,2026-02-26 17:00:00
240.0,8.0,10.0,2.8,9.0,,,1017.5,7.0,8.3,,,2.1,,2026-02-26 18:00:00
250.0,7.0,9.0,2.8,9.0,,,1018.3,7.0,8.3,,,2.5,,2026-02-26 19:00:00
240.0,7.0,8.0,3.1,9.0,,,1019.2,7.1,8.3,,,2.8,,2026-02-26 20:00:00
220.0,6.0,8.0,3.1,9.0,,,1019.6,7.3,8.3,,,2.1,,2026-02-26 21:00:00
230.0,8.0,9.0,3.0,10.0,,,1019.9,6.9,8.3,,,1.6,,2026-02-26 22:00:00
230.0,4.0,6.0,2.8,9.0,,,1020.2,6.5,8.4,,,1.0,,2026-02-26 23:00:00
200.0,5.0,7.0,2.9,10.0,,,1020.3,6.7,8.4,,,0.7,,2026-02-27 00:00:00
210.0,7.0,9.0,2.9,10.0,,,1020.2,6.4,8.4,,,0.3,,2026-02-27 01:00:00
220.0,7.0,10.0,2.8,9.0,,,1020.3,6.6,8.6,,,0.1,,2026-02-27 02:00:00
230.0,8.0,10.0,2.9,9.0,,,1020.4,6.5,8.6,,,0.1,,2026-02-27 03:00:00
250.0,7.0,10.0,2.6,9.0,,,1020.7,5.9,8.6,,,0.5,,2026-02-27 04:00:00
230.0,9.0,11.0,2.7,9.0,,,1021.0,7.1,8.5,,,0.7,,2026-02-27 05:00:00
220.0,6.0,7.0,2.7,10.0,,,1021.5,6.1,8.4,,,1.1,,2026-02-27 06:00:00
210.0,6.0,7.0,2.6,10.0,,,1021.6,6.2,8.3,,,0.9,,2026-02-27 07:00:00
230.0,10.0,13.0,2.6,9.0,,,1021.6,6.1,8.3,,,0.6,,2026-02-27 08:00:00
210.0,7.0,9.0,2.5,9.0,,,1022.1,6.5,8.3,,,0.6,,2026-02-27 09:00:00
210.0,8.0,10.0,2.4,9.0,,,1021.7,6.4,8.3,,,0.1,,2026-02-27 10:00:00
220.0,8.0,11.0,2.8,9.0,,,1021.8,6.9,8.4,,,0.2,,2026-02-27 11:00:00
220.0,6.0,8.0,2.5,9.0,,,1021.6,5.7,8.4,,,-0.5,,2026-02-27 12:00:00
220.0,8.0,11.0,2.5,9.0,,,1021.4,6.3,8.4,,,-0.3,,2026-02-27 13:00:00
220.0,8.0,10.0,2.5,8.0,,,1021.5,6.8,8.5,,,-0.3,,2026-02-27 14:00:00
240.0,10.0,15.0,2.5,9.0,,,1021.6,6.5,8.4,,,-0.0,,2026-02-27 15:00:00
260.0,9.0,11.0,2.2,8.0,,,1021.8,5.5,8.5,,,0.4,,2026-02-27 16:00:00
240.0,8.0,10.0,2.3,9.0,,,1022.4,5.7,8.4,,,0.9,,2026-02-27 17:00:00
270.0,7.0,8.0,2.2,9.0,,,1022.9,5.9,8.5,,,1.3,,2026-02-27 18:00:00
230.0,7.0,9.0,2.1,8.0,,,1023.4,6.1,8.5,,,1.6,,2026-02-27 19:00:00
230.0,9.0,11.0,2.1,9.0,,,1023.8,6.4,8.5,,,1.4,,2026-02-27 20:00:00
270.0,8.0,11.0,2.0,8.0,,,1024.6,5.9,8.5,,,1.7,,2026-02-27 21:00:00
270.0,7.0,8.0,1.9,9.0,,,1024.7,6.1,8.5,,,1.3,,2026-02-27 22:00:00
280.0,7.0,9.0,1.8,8.0,,,1025.2,5.7,8.5,,,1.4,,2026-02-27 23:00:00
270.0,6.0,7.0,1.8,8.0,,,1025.5,6.4,8.5,,,0.9,,2026-02-28 00:00:00
290.0,6.0,8.0,2.0,9.0,,,1025.5,5.8,8.1,,,0.8,,2026-02-28 01:00:00
310.0,4.0,5.0,1.8,8.0,,,1025.9,5.8,8.1,,,0.7,,2026-02-28 02:00:00
270.0,5.0,7.0,1.8,8.0,,,1025.8,6.1,8.1,,,0.3,,2026-02-28 03:00:00
350.0,5.0,7.0,1.7,8.0,,,1026.0,4.6,8.1,,,0.5,,2026-02-28 04:00:00
330.0,6.0,8.0,1.7,8.0,,,1026.0,4.5,8.1,,,0.1,,2026-02-28 05:00:00
320.0,3.0,5.0,1.5,8.0,,,1026.3,4.7,8.1,,,0.5,,2026-02-28 06:00:00
360.0,5.0,8.0,1.5,8.0,,,1026.2,5.2,8.0,,,0.2,,2026-02-28 07:00:00
360.0,5.0,7.0,1.8,10.0,,,1026.1,5.3,8.0,,,0.1,,2026-02-28 08:00:00
360.0,5.0,7.0,1.6,9.0,,,1026.1,5.2,8.0,,,-0.2,,2026-02-28 09:00:00
0.0,3.0,4.0,1.6,9.0,,,1026.5,5.2,7.9,,,0.3,,2026-02-28 10:00:00
340.0,4.0,6.0,1.5,9.0,,,1026.3,5.1,7.9,,,0.2,,2026-02-28 11:00:00
340.0,3.0,4.0,1.5,9.0,,,1026.2,5.1,7.9,,,0.1,,2026-02-28 12:00:00
0.0,4.0,5.0,1.6,10.0,,,1025.5,5.1,7.8,,,-1.0,,2026-02-28 13:00:00
20.0,5.0,7.0,1.6,9.0,,,1024.3,5.0,7.7,,,-2.0,,2026-02-28 14:00:00
20.0,5.0,7.0,1.8,10.0,,,1024.7,4.8,7.7,,,-1.5,,2026-02-28 15:00:00
20.0,4.0,6.0,1.5,9.0,,,1025.0,4.7,7.7,,,-0.5,,2026-02-28 16:00:00
30.0,5.0,6.0,1.5,9.0,,,1025.1,4.9,7.8,,,0.8,,2026-02-28 17:00:00
40.0,4.0,6.0,1.5,9.0,,,1025.0,4.9,7.8,,,0.3,,2026-02-28 18:00:00
40.0,5.0,6.0,1.4,9.0,,,1024.9,5.0,7.9,,,-0.1,,2026-02-28 19:00:00
30.0,5.0,6.0,1.3,9.0,,,1024.9,5.1,7.9,,,-0.2,,2026-02-28 20:00:00
0.0,5.0,6.0,1.2,9.0,,,1024.6,5.2,8.0,,,-0.4,,2026-02-28 21:00:00
360.0,5.0,7.0,1.2,9.0,,,1023.9,5.3,8.0,,,-1.0,,2026-02-28 22:00:00
340.0,5.0,7.0,1.1,9.0,,,1023.5,5.5,8.0,,,-1.4,,2026-02-28 23:00:00
350.0,5.0,7.0,1.0,9.0,,,1023.2,5.7,8.0,,,-1.4,,2026-03-01 00:00:00
340.0,4.0,5.0,1.1,9.0,,,1022.7,5.9,8.0,,,-1.2,,2026-03-01 01:00:00
330.0,4.0,5.0,1.2,9.0,,,1022.4,5.7,8.0,,,-1.1,,2026-03-01 02:00:00
330.0,5.0,6.0,1.0,9.0,,,1022.3,5.7,7.9,,,-0.9,,2026-03-01 03:00:00
330.0,5.0,7.0,1.2,9.0,,,1022.7,5.7,7.9,,,-0.0,,2026-03-01 04:00:00
340.0,5.0,6.0,1.1,9.0,,,1022.5,5.7,7.8,,,0.1,,2026-03-01 05:00:00
350.0,5.0,7.0,1.1,9.0,,,1022.2,5.8,7.8,,,-0.1,,2026-03-01 06:00:00
350.0,4.0,5.0,1.1,8.0,,,1022.3,5.8,7.8,,,-0.4,,2026-03-01 07:00:00
360.0,3.0,4.0,1.0,9.0,,,1022.0,5.8,7.7,,,-0.5,,2026-03-01 08:00:00
350.0,4.0,5.0,1.0,9.0,,,1022.1,5.8,7.7,,,-0.1,,2026-03-01 09:00:00
10.0,4.0,6.0,0.9,9.0,,,1021.6,5.7,7.7,,,-0.7,,2026-03-01 10:00:00
10.0,4.0,5.0,0.8,9.0,,,1021.4,5.6,7.7,,,-0.6,,2026-03-01 11:00:00
10.0,4.0,5.0,0.9,9.0,,,1021.0,5.6,7.7,,,-1.1,,2026-03-01 12:00:00
0.0,4.0,5.0,0.8,9.0,,,1020.8,5.5,7.7,,,-0.8,,2026-03-01 13:00:00
10.0,4.0,5.0,0.7,8.0,,,1020.4,5.4,7.8,,,-1.0,,2026-03-01 14:00:00
10.0,4.0,5.0,0.8,9.0,,,1020.0,5.4,7.7,,,-1.0,,2026-03-01 15:00:00
20.0,3.0,4.0,0.6,8.0,,,1019.8,5.7,7.7,,,-1.0,,2026-03-01 16:00:00
10.0,3.0,4.0,0.7,8.0,,,1020.1,6.0,7.7,,,-0.3,,2026-03-01 17:00:00
0.0,2.0,3.0,0.8,9.0,,,1020.0,6.0,7.8,,,-0.0,,2026-03-01 18:00:00
0.0,1.0,2.0,0.7,8.0,,,1020.3,6.3,7.8,,,0.5,,2026-03-01 19:00:00
350.0,1.0,2.0,0.8,9.0,,,1020.6,6.0,7.9,,,0.5,,2026-03-01 20:00:00
330.0,2.0,3.0,0.7,9.0,,,1020.6,6.1,8.0,,,0.6,,2026-03-01 21:00:00
360.0,2.0,3.0,0.7,9.0,,,1020.5,6.1,8.1,,,0.2,,2026-03-01 22:00:00
360.0,2.0,3.0,0.7,10.0,,,1020.5,6.3,8.2,,,-0.1,,2026-03-01 23:00:00
20.0,2.0,3.0,0.7,9.0,,,1020.1,6.2,8.2,,,-0.5,,2026-03-02 00:00:00
0.0,2.0,3.0,0.7,9.0,,,1019.9,6.1,8.2,,,-0.6,,2026-03-02 01:00:00
350.0,2.0,3.0,0.7,9.0,,,1019.4,6.1,8.0,,,-1.1,,2026-03-02 02:00:00
360.0,3.0,4.0,0.6,9.0,,,1019.2,6.2,8.0,,,-0.9,,2026-03-02 03:00:00
10.0,2.0,3.0,0.7,8.0,,,1018.7,6.2,7.9,,,-1.2,,2026-03-02 04:00:00
0.0,2.0,3.0,0.7,9.0,,,1018.3,6.3,7.8,,,-1.1,,2026-03-02 05:00:00
50.0,2.0,3.0,0.6,9.0,,,1017.9,6.4,7.8,,,-1.3,,2026-03-02 06:00:00
70.0,2.0,2.0,0.7,8.0,,,1017.3,6.5,7.8,,,-1.4,,2026-03-02 07:00:00
310.0,1.0,1.0,0.6,9.0,,,1017.2,6.6,7.7,,,-1.1,,2026-03-02 08:00:00
300.0,2.0,2.0,0.6,8.0,,,1017.3,6.6,7.7,,,-0.6,,2026-03-02 09:00:00
300.0,2.0,3.0,0.6,9.0,,,1017.6,6.7,8.1,,,0.3,,2026-03-02 10:00:00
240.0,1.0,2.0,0.7,9.0,,,1017.2,6.6,8.5,,,0.0,,2026-03-02 11:00:00
220.0,1.0,2.0,0.6,9.0,,,1017.1,6.6,8.5,,,-0.2,,2026-03-02 12:00:00
280.0,1.0,2.0,0.6,8.0,,,1017.4,6.6,8.4,,,-0.2,,2026-03-02 13:00:00
280.0,1.0,1.0,0.7,9.0,,,1017.2,6.6,8.4,,,0.0,,2026-03-02 14:00:00
180.0,1.0,2.0,0.6,9.0,,,1017.2,6.8,8.4,,,0.1,,2026-03-02 15:00:00
150.0,3.0,3.0,0.6,9.0,,,1017.0,6.9,7.6,,,-0.4,,2026-03-02 16:00:00
140.0,3.0,4.0,0.7,9.0,,,1017.3,7.1,7.7,,,0.1,,2026-03-02 17:00:00
130.0,5.0,5.0,0.7,8.0,,,1017.1,7.2,7.8,,,-0.1,,2026-03-02 18:00:00
140.0,4.0,5.0,0.7,8.0,,,1017.2,7.3,7.9,,,0.2,,2026-03-02 19:00:00
130.0,5.0,6.0,0.8,9.0,,,1016.7,7.6,7.9,,,-0.6,,2026-03-02 20:00:00
130.0,6.0,7.0,0.8,6.0,,,1016.3,7.9,8.1,,,-0.8,,2026-03-02 21:00:00
120.0,7.0,8.0,0.8,6.0,,,1015.6,8.1,8.3,,,-1.6,,2026-03-02 22:00:00
120.0,6.0,7.0,0.9,5.0,,,1015.1,8.2,8.4,,,-1.6,,2026-03-02 23:00:00
120.0,4.0,5.0,0.9,6.0,,,1015.1,8.7,8.5,,,-1.2,,2026-03-03 00:00:00
130.0,5.0,7.0,0.9,6.0,,,1014.4,8.9,8.6,,,-1.2,,2026-03-03 01:00:00
150.0,7.0,8.0,0.9,6.0,,,1014.0,8.9,8.7,,,-1.1,,2026-03-03 02:00:00
160.0,11.0,13.0,1.3,5.0,,,1013.0,8.9,8.4,,,-2.1,,2026-03-03 03:00:00
150.0,9.0,12.0,1.8,6.0,,,1012.3,9.0,8.3,,,-2.1,,2026-03-03 04:00:00
160.0,11.0,13.0,1.9,6.0,,,1012.1,9.0,8.3,,,-1.9,,2026-03-03 05:00:00
150.0,13.0,16.0,1.7,6.0,,,1011.4,9.2,8.2,,,-1.6,,2026-03-03 06:00:00
150.0,12.0,16.0,1.8,6.0,,,1010.4,9.1,8.2,,,-1.9,,2026-03-03 07:00:00
150.0,11.0,13.0,2.1,6.0,,,1009.5,8.9,8.2,,,-2.6,,2026-03-03 08:00:00
150.0,10.0,13.0,1.9,6.0,,,1009.2,8.8,8.2,,,-2.2,,2026-03-03 09:00:00
150.0,11.0,14.0,2.1,6.0,,,1008.6,8.4,8.2,,,-1.8,,2026-03-03 10:00:00
150.0,14.0,18.0,2.1,6.0,,,1007.3,8.9,8.3,,,-2.2,,2026-03-03 11:00:00
150.0,10.0,13.0,2.1,6.0,,,1006.9,8.5,8.3,,,-2.3,,2026-03-03 12:00:00
160.0,13.0,16.0,2.0,6.0,,,1006.3,8.8,8.3,,,-2.3,,2026-03-03 13:00:00
150.0,12.0,15.0,2.1,6.0,,,1006.1,8.4,8.4,,,-1.2,,2026-03-03 14:00:00
150.0,13.0,17.0,2.1,6.0,,,1005.2,8.5,8.4,,,-1.7,,2026-03-03 15:00:00
150.0,12.0,15.0,2.2,6.0,,,1005.2,8.7,8.3,,,-1.1,,2026-03-03 16:00:00
160.0,11.0,14.0,2.3,6.0,,,1005.3,9.0,8.4,,,-0.8,,2026-03-03 17:00:00
160.0,12.0,15.0,2.1,6.0,,,1005.5,9.0,8.4,,,0.3,,2026-03-03 18:00:00
160.0,10.0,13.0,2.1,6.0,,,1005.9,9.0,8.4,,,0.7,,2026-03-03 19:00:00
170.0,9.0,12.0,2.0,6.0,,,1006.3,9.0,8.4,,,1.0,,2026-03-03 20:00:00
180.0,9.0,11.0,2.1,6.0,,,1006.4,9.0,8.4,,,0.9,,2026-03-03 21:00:00
200.0,7.0,9.0,1.9,6.0,,,1006.5,8.9,8.4,,,0.6,,2026-03-03 22:00:00
180.0,6.0,7.0,1.9,7.0,,,1006.6,9.3,8.5,,,0.3,,2026-03-03 23:00:00
160.0,6.0,7.0,1.8,7.0,,,1006.9,9.1,8.6,,,0.5,,2026-03-04 00:00:00
150.0,7.0,9.0,1.6,7.0,,,1006.9,8.9,8.7,,,0.4,,2026-03-04 01:00:00
150.0,7.0,9.0,1.6,7.0,,,1006.9,8.8,8.7,,,0.3,,2026-03-04 02:00:00
150.0,7.0,8.0,1.6,6.0,,,1007.2,8.7,8.7,,,0.3,,2026-03-04 03:00:00
150.0,8.0,9.0,1.6,7.0,,,1007.0,9.0,8.7,,,0.1,,2026-03-04 04:00:00
150.0,9.0,11.0,1.8,7.0,,,1006.6,8.8,8.8,,,-0.3,,2026-03-04 05:00:00
160.0,8.0,9.0,1.8,7.0,,,1006.9,9.0,8.7,,,-0.3,,2026-03-04 06:00:00
150.0,8.0,9.0,1.8,7.0,,,1006.6,8.9,8.6,,,-0.4,,2026-03-04 07:00:00
150.0,8.0,9.0,1.8,7.0,,,1006.3,8.9,8.6,,,-0.3,,2026-03-04 08:00:00
160.0,6.0,8.0,1.7,7.0,,,1006.5,8.0,8.4,,,-0.4,,2026-03-04 09:00:00
160.0,8.0,9.0,1.6,7.0,,,1006.5,8.9,8.3,,,-0.1,,2026-03-04 10:00:00
150.0,7.0,9.0,1.7,8.0,,,1006.2,8.7,8.2,,,-0.1,,2026-03-04 11:00:00
140.0,9.0,11.0,1.5,7.0,,,1006.5,8.7,8.2,,,-0.0,,2026-03-04 12:00:00
130.0,8.0,10.0,1.7,7.0,,,1006.8,8.7,8.2,,,0.3,,2026-03-04 13:00:00
150.0,8.0,10.0,1.7,8.0,,,1007.0,8.7,8.2,,,0.8,,2026-03-04 14:00:00
170.0,7.0,9.0,1.8,8.0,,,1007.4,8.8,8.3,,,0.9,,2026-03-04 15:00:00
220.0,7.0,9.0,1.8,8.0,,,1008.4,7.4,8.2,,,1.6,,2026-03-04 16:00:00
230.0,8.0,9.0,1.8,8.0,,,1009.3,8.4,8.2,,,2.3,,2026-03-04 17:00:00
240.0,8.0,9.0,2.0,7.0,,,1010.1,8.3,8.2,,,2.7,,2026-03-04 18:00:00
240.0,8.0,9.0,2.0,8.0,,,1011.0,8.3,8.2,,,2.6,,2026-03-04 19:00:00
240.0,8.0,10.0,2.2,9.0,,,1011.9,8.0,8.2,,,2.6,,2026-03-04 20:00:00
260.0,8.0,11.0,2.2,9.0,,,1012.8,7.8,8.2,,,2.7,,2026-03-04 21:00:00
260.0,9.0,12.0,2.4,9.0,,,1013.3,7.6,8.2,,,2.3,,2026-03-04 22:00:00
260.0,9.0,11.0,2.8,10.0,,,1014.2,8.1,8.2,,,2.3,,2026-03-04 23:00:00
260.0,10.0,12.0,3.1,10.0,,,1015.1,7.8,8.3,,,2.3,,2026-03-05 00:00:00
260.0,10.0,12.0,3.4,10.0,,,1016.0,7.7,8.2,,,2.7,,2026-03-05 01:00:00
260.0,10.0,11.0,3.3,10.0,,,1016.7,7.6,8.2,,,2.5,,2026-03-05 02:00:00
250.0,10.0,12.0,2.9,9.0,,,1017.7,7.4,8.3,,,2.6,,2026-03-05 03:00:00
250.0,9.0,12.0,3.2,10.0,,,1018.3,7.4,8.2,,,2.3,,2026-03-05 04:00:00
260.0,8.0,10.0,3.2,9.0,,,1019.1,7.4,8.2,,,2.4,,2026-03-05 05:00:00
260.0,8.0,10.0,3.1,10.0,,,1019.7,7.3,8.2,,,2.0,,2026-03-05 06:00:00
280.0,7.0,9.0,3.3,10.0,,,1020.3,7.3,8.2,,,2.0,,2026-03-05 07:00:00
260.0,5.0,7.0,3.4,11.0,,,1020.5,7.3,8.2,,,1.4,,2026-03-05 08:00:00
250.0,6.0,8.0,2.8,10.0,,,1021.0,7.4,8.2,,,1.3,,2026-03-05 09:00:00
230.0,5.0,6.0,3.1,10.0,,,1021.5,7.4,8.2,,,1.2,,2026-03-05 10:00:00
210.0,6.0,8.0,3.1,10.0,,,1021.6,7.1,8.2,,,1.1,,2026-03-05 11:00:00
190.0,5.0,6.0,2.7,10.0,,,1021.9,6.7,8.2,,,0.9,,2026-03-05 12:00:00
190.0,4.0,6.0,2.7,10.0,,,1022.1,7.2,8.2,,,0.6,,2026-03-05 13:00:00
170.0,5.0,6.0,2.2,10.0,,,1022.3,7.4,8.2,,,0.7,,2026-03-05 14:00:00
170.0,6.0,7.0,2.6,10.0,,,1022.3,7.7,8.2,,,0.4,,2026-03-05 15:00:00
160.0,7.0,8.0,2.4,9.0,,,1022.4,7.8,8.2,,,0.3,,2026-03-05 16:00:00
160.0,8.0,10.0,2.2,9.0,,,1022.4,7.9,8.2,,,0.1,,2026-03-05 17:00:00
150.0,10.0,11.0,2.6,9.0,,,1022.0,7.9,8.2,,,-0.3,,2026-03-05 18:00:00
140.0,10.0,12.0,2.1,8.0,,,1022.4,7.8,8.2,,,-0.0,,2026-03-05 19:00:00
150.0,11.0,13.0,2.5,9.0,,,1022.1,7.9,8.2,,,-0.3,,2026-03-05 20:00:00
150.0,11.0,13.0,2.1,8.0,,,1022.0,8.1,8.2,,,0.0,,2026-03-05 21:00:00
150.0,11.0,14.0,2.4,8.0,,,1021.4,8.3,8.2,,,-1.0,,2026-03-05 22:00:00
150.0,12.0,15.0,2.8,8.0,,,1020.8,8.2,8.3,,,-1.3,,2026-03-05 23:00:00
150.0,13.0,16.0,2.6,8.0,,,1020.1,8.1,8.3,,,-1.9,,2026-03-06 00:00:00
150.0,14.0,17.0,2.7,7.0,,,1019.2,8.3,8.3,,,-2.2,,2026-03-06 01:00:00
150.0,13.0,16.0,2.5,7.0,,,1018.7,8.3,8.3,,,-2.1,,2026-03-06 02:00:00
150.0,10.0,13.0,2.5,7.0,,,1019.4,8.5,8.3,,,-0.7,,2026-03-06 03:00:00
150.0,10.0,12.0,2.4,8.0,,,1019.4,8.6,8.3,,,0.2,,2026-03-06 04:00:00
150.0,10.0,12.0,2.3,7.0,,,1018.9,8.6,8.3,,,0.2,,2026-03-06 05:00:00
160.0,10.0,11.0,2.4,7.0,,,1019.1,8.7,8.3,,,-0.3,,2026-03-06 06:00:00
160.0,7.0,8.0,2.4,7.0,,,1019.3,8.7,8.3,,,-0.1,,2026-03-06 07:00:00
160.0,6.0,7.0,2.4,7.0,,,1019.2,8.6,8.3,,,0.3,,2026-03-06 08:00:00
150.0,6.0,6.0,2.4,8.0,,,1019.3,8.6,8.3,,,0.2,,2026-03-06 09:00:00
120.0,10.0,13.0,2.2,7.0,,,1018.8,7.8,8.3,,,-0.5,,2026-03-06 10:00:00
120.0,12.0,14.0,2.6,7.0,,,1018.8,7.6,8.3,,,-0.4,,2026-03-06 11:00:00
120.0,13.0,15.0,2.2,7.0,,,1018.5,7.7,8.3,,,-0.8,,2026-03-06 12:00:00
120.0,13.0,16.0,2.5,7.0,,,1018.5,7.8,8.3,,,-0.3,,2026-03-06 13:00:00
120.0,13.0,15.0,2.6,7.0,,,1018.7,7.9,8.4,,,-0.1,,2026-03-06 14:00:00
110.0,13.0,15.0,2.5,7.0,,,1018.3,7.9,8.3,,,-0.2,,2026-03-06 15:00:00
120.0,13.0,17.0,2.8,8.0,,,1017.5,7.9,8.3,,,-1.0,,2026-03-06 16:00:00
130.0,13.0,16.0,2.7,7.0,,,1017.5,8.0,8.4,,,-1.2,,2026-03-06 17:00:00
140.0,9.0,13.0,2.5,7.0,,,1019.1,8.3,8.4,,,0.8,,2026-03-06 18:00:00
150.0,11.0,12.0,2.6,7.0,,,1018.1,8.9,8.4,,,0.6,,2026-03-06 19:00:00
150.0,10.0,12.0,2.6,8.0,,,1018.7,8.9,8.4,,,1.2,,2026-03-06 20:00:00
150.0,11.0,12.0,2.4,8.0,,,1018.7,9.0,8.4,,,-0.4,,2026-03-06 21:00:00
160.0,10.0,12.0,2.4,8.0,,,1018.6,8.9,8.4,,,0.5,,2026-03-06 22:00:00
170.0,9.0,11.0,2.4,8.0,,,1019.1,8.9,8.4,,,0.4,,2026-03-06 23:00:00
170.0,9.0,11.0,2.5,8.0,,,1019.1,8.8,8.3,,,0.4,,2026-03-07 00:00:00
170.0,9.0,11.0,2.2,8.0,,,1018.7,8.8,8.3,,,0.1,,2026-03-07 01:00:00
160.0,8.0,11.0,2.5,8.0,,,1018.8,8.8,8.3,,,-0.3,,2026-03-07 02:00:00
160.0,8.0,9.0,2.3,8.0,,,1019.8,8.8,8.4,,,0.7,,2026-03-07 03:00:00
160.0,7.0,8.0,2.5,8.0,,,1020.3,8.8,8.4,,,1.6,,2026-03-07 04:00:00
170.0,8.0,9.0,2.8,8.0,,,1020.0,8.8,8.4,,,1.2,,2026-03-07 05:00:00
180.0,9.0,11.0,2.7,8.0,,,1019.5,8.8,8.4,,,-0.3,,2026-03-07 06:00:00
190.0,9.0,10.0,3.3,9.0,,,1019.6,8.9,8.4,,,-0.7,,2026-03-07 07:00:00
200.0,9.0,10.0,3.0,8.0,,,1019.7,9.0,8.4,,,-0.3,,2026-03-07 08:00:00
200.0,8.0,10.0,2.9,9.0,,,1019.8,8.9,8.4,,,0.3,,2026-03-07 09:00:00
200.0,6.0,8.0,2.8,8.0,,,1020.5,8.9,8.4,,,0.9,,2026-03-07 10:00:00
180.0,6.0,7.0,2.8,9.0,,,1019.8,8.9,8.4,,,0.1,,2026-03-07 11:00:00
170.0,7.0,8.0,2.8,9.0,,,1018.7,8.8,8.4,,,-1.1,,2026-03-07 12:00:00
170.0,7.0,8.0,2.8,10.0,,,1018.5,8.8,8.4,,,-2.0,,2026-03-07 13:00:00
170.0,7.0,10.0,2.7,9.0,,,1017.9,8.8,8.4,,,-1.9,,2026-03-07 14:00:00
170.0,9.0,11.0,2.9,10.0,,,1017.4,8.8,8.4,,,-1.3,,2026-03-07 15:00:00
160.0,9.0,11.0,2.8,9.0,,,1016.8,8.9,8.4,,,-1.7,,2026-03-07 16:00:00
170.0,9.0,12.0,2.8,10.0,,,1017.0,8.9,8.4,,,-0.9,,2026-03-07 17:00:00
180.0,9.0,11.0,3.1,9.0,,,1016.9,8.9,8.4,,,-0.5,,2026-03-07 18:00:00
180.0,9.0,11.0,2.8,10.0,,,1016.5,8.9,8.4,,,-0.3,,2026-03-07 19:00:00
200.0,9.0,11.0,3.0,10.0,,,1016.1,9.0,8.4,,,-0.9,,2026-03-07 20:00:00
210.0,9.0,11.0,3.4,10.0,,,1015.5,9.1,8.4,,,-1.4,,2026-03-07 21:00:00
230.0,10.0,13.0,3.1,9.0,,,1015.4,9.2,8.4,,,-1.1,,2026-03-07 22:00:00
240.0,10.0,12.0,3.0,9.0,,,1015.6,9.1,8.4,,,-0.5,,2026-03-07 23:00:00
250.0,9.0,11.0,3.1,9.0,,,1016.2,8.9,8.4,,,0.7,,2026-03-08 00:00:00
260.0,7.0,9.0,3.2,9.0,,,1016.6,8.8,8.4,,,1.2,,2026-03-08 01:00:00
240.0,8.0,10.0,3.3,9.0,,,1016.8,8.9,8.4,,,1.2,,2026-03-08 02:00:00
250.0,8.0,10.0,2.9,9.0,,,1016.9,8.7,8.5,,,0.7,,2026-03-08 03:00:00
250.0,9.0,11.0,3.0,9.0,,,1017.4,8.4,8.4,,,0.8,,2026-03-08 04:00:00
250.0,9.0,11.0,3.4,10.0,,,1017.9,7.9,8.4,,,1.1,,2026-03-08 05:00:00
260.0,10.0,13.0,3.4,10.0,,,1018.0,7.9,8.4,,,1.1,,2026-03-08 06:00:00
260.0,10.0,12.0,3.2,10.0,,,1017.9,7.4,8.3,,,0.5,,2026-03-08 07:00:00
260.0,9.0,11.0,3.4,10.0,,,1018.0,7.2,8.3,,,0.1,,2026-03-08 08:00:00
270.0,10.0,12.0,3.6,10.0,,,1018.3,7.0,8.3,,,0.3,,2026-03-08 09:00:00
260.0,8.0,10.0,3.6,9.0,,,1018.3,6.9,8.3,,,0.4,,2026-03-08 10:00:00
250.0,7.0,10.0,3.2,10.0,,,1017.8,6.6,8.3,,,-0.2,,2026-03-08 11:00:00
240.0,8.0,10.0,2.7,9.0,,,1017.3,6.5,8.3,,,-1.0,,2026-03-08 12:00:00
230.0,7.0,9.0,2.8,10.0,,,1016.8,6.7,8.3,,,-1.5,,2026-03-08 13:00:00
210.0,6.0,8.0,2.6,9.0,,,1017.2,3.9,8.3,,,-0.6,,2026-03-08 14:00:00
210.0,9.0,12.0,2.3,9.0,,,1016.5,4.6,8.3,,,-0.8,,2026-03-08 15:00:00
250.0,11.0,16.0,2.8,9.0,,,1016.0,4.4,8.3,,,-0.8,,2026-03-08 16:00:00
270.0,10.0,13.0,2.9,10.0,,,1016.0,4.6,8.2,,,-1.2,,2026-03-08 17:00:00
270.0,8.0,11.0,2.9,10.0,,,1015.6,5.2,8.2,,,-0.9,,2026-03-08 18:00:00
250.0,11.0,16.0,3.1,9.0,,,1015.5,6.0,8.2,,,-0.5,,2026-03-08 19:00:00
250.0,10.0,13.0,3.2,9.0,,,1015.6,5.5,8.2,,,-0.4,,2026-03-08 20:00:00
250.0,10.0,13.0,3.1,9.0,,,1015.5,5.9,8.1,,,-0.1,,2026-03-08 21:00:00
250.0,10.0,12.0,3.2,9.0,,,1015.0,5.8,8.1,,,-0.5,,2026-03-08 22:00:00
260.0,9.0,11.0,2.9,8.0,,,1014.8,5.3,8.2,,,-0.8,,2026-03-08 23:00:00
250.0,7.0,10.0,3.0,9.0,,,1014.6,4.0,8.2,,,-0.9,,2026-03-09 00:00:00
240.0,7.0,10.0,3.0,9.0,,,1013.7,5.7,8.2,,,-1.3,,2026-03-09 01:00:00
250.0,11.0,14.0,3.0,10.0,,,1013.3,5.2,8.2,,,-1.5,,2026-03-09 02:00:00
250.0,10.0,13.0,3.1,10.0,,,1013.2,5.1,8.3,,,-1.4,,2026-03-09 03:00:00
230.0,12.0,14.0,3.0,9.0,,,1013.2,4.2,8.3,,,-0.5,,2026-03-09 04:00:00
230.0,7.0,9.0,2.9,9.0,,,1013.1,3.8,8.3,,,-0.2,,2026-03-09 05:00:00
230.0,8.0,10.0,2.9,10.0,,,1012.6,4.6,8.3,,,-0.6,,2026-03-09 06:00:00
270.0,4.0,7.0,3.2,10.0,,,1012.7,2.7,8.1,,,-0.5,,2026-03-09 07:00:00
260.0,10.0,12.0,3.2,9.0,,,1012.2,2.7,8.1,,,-0.9,,2026-03-09 08:00:00
250.0,9.0,11.0,2.9,9.0,,,1012.1,4.2,8.0,,,-0.5,,2026-03-09 09:00:00
240.0,10.0,12.0,3.4,10.0,,,1011.8,4.3,8.0,,,-0.9,,2026-03-09 10:00:00
210.0,8.0,10.0,3.2,9.0,,,1012.0,3.4,8.1,,,-0.2,,2026-03-09 11:00:00
260.0,6.0,10.0,3.0,9.0,,,1011.9,2.8,8.0,,,-0.2,,2026-03-09 12:00:00
250.0,6.0,11.0,2.9,10.0,,,1012.1,3.5,8.1,,,0.3,,2026-03-09 13:00:00
260.0,6.0,9.0,2.9,10.0,,,1012.3,3.0,8.1,,,0.3,,2026-03-09 14:00:00
250.0,10.0,13.0,2.6,9.0,,,1012.5,1.5,8.0,,,0.6,,2026-03-09 15:00:00
260.0,1.0,2.0,2.5,10.0,,,1012.5,2.0,7.9,,,0.4,,2026-03-09 16:00:00
220.0,4.0,10.0,2.5,10.0,,,1012.6,3.6,7.9,,,0.3,,2026-03-09 17:00:00
230.0,5.0,8.0,2.7,10.0,,,1012.5,4.5,8.0,,,0.0,,2026-03-09 18:00:00
240.0,3.0,6.0,2.7,9.0,,,1013.3,1.9,7.9,,,0.8,,2026-03-09 19:00:00
290.0,6.0,10.0,2.7,10.0,,,1013.3,3.1,8.0,,,0.7,,2026-03-09 20:00:00
230.0,6.0,8.0,3.0,10.0,,,1013.6,3.9,8.0,,,1.1,,2026-03-09 21:00:00
300.0,3.0,5.0,3.1,10.0,,,1013.7,3.0,8.1,,,0.4,,2026-03-09 22:00:00
200.0,2.0,4.0,3.0,10.0,,,1013.6,4.6,8.2,,,0.3,,2026-03-09 23:00:00
210.0,7.0,9.0,2.9,10.0,,,1013.0,4.4,8.1,,,-0.6,,2026-03-10 00:00:00
210.0,7.0,10.0,3.1,11.0,,,1012.2,5.4,8.1,,,-1.5,,2026-03-10 01:00:00
180.0,10.0,12.0,2.6,10.0,,,1011.6,5.1,8.1,,,-2.0,,2026-03-10 02:00:00
210.0,10.0,13.0,2.7,9.0,,,1011.7,3.5,8.0,,,-1.3,,2026-03-10 03:00:00
200.0,10.0,12.0,3.1,11.0,,,1011.1,5.1,8.0,,,-1.1,,2026-03-10 04:00:00
170.0,9.0,11.0,2.8,10.0,,,1010.9,3.6,8.0,,,-0.7,,2026-03-10 05:00:00
200.0,11.0,14.0,3.1,10.0,,,1009.8,5.2,8.0,,,-1.9,,2026-03-10 06:00:00
200.0,9.0,12.0,3.0,9.0,,,1010.1,3.9,8.0,,,-1.0,,2026-03-10 07:00:00
200.0,10.0,12.0,3.1,10.0,,,1009.7,4.9,8.0,,,-1.2,,2026-03-10 08:00:00
220.0,10.0,14.0,3.3,10.0,,,1009.7,5.0,8.0,,,-0.1,,2026-03-10 09:00:00
210.0,9.0,11.0,3.4,10.0,,,1010.1,4.3,8.0,,,-0.0,,2026-03-10 10:00:00
210.0,10.0,12.0,3.0,9.0,,,1009.8,4.9,8.0,,,0.1,,2026-03-10 11:00:00
200.0,9.0,12.0,3.0,10.0,,,1009.7,4.5,8.0,,,0.0,,2026-03-10 12:00:00
210.0,9.0,12.0,2.9,9.0,,,1009.4,5.0,8.0,,,-0.7,,2026-03-10 13:00:00
180.0,8.0,10.0,2.7,9.0,,,1009.5,3.5,8.0,,,-0.3,,2026-03-10 14:00:00
190.0,7.0,10.0,2.6,9.0,,,1009.8,3.2,7.9,,,0.1,,2026-03-10 15:00:00
200.0,10.0,13.0,2.8,9.0,,,1010.0,4.6,7.9,,,0.6,,2026-03-10 16:00:00
210.0,9.0,12.0,2.7,9.0,,,1010.4,4.7,7.9,,,0.9,,2026-03-10 17:00:00
180.0,9.0,12.0,2.5,9.0,,,1011.1,4.3,7.9,,,1.3,,2026-03-10 18:00:00
200.0,9.0,12.0,3.0,10.0,,,1011.5,5.0,8.0,,,1.5,,2026-03-10 19:00:00
200.0,10.0,12.0,2.8,9.0,,,1012.3,5.1,8.0,,,1.9,,2026-03-10 20:00:00
220.0,12.0,18.0,2.8,9.0,,,1012.7,4.3,8.0,,,1.6,,2026-03-10 21:00:00
210.0,9.0,11.0,2.7,9.0,,,1013.4,4.5,8.0,,,1.9,,2026-03-10 22:00:00
200.0,9.0,11.0,2.7,8.0,,,1014.2,3.8,8.0,,,1.9,,2026-03-10 23:00:00
200.0,8.0,11.0,2.7,8.0,,,1014.5,4.9,8.1,,,1.8,,2026-03-11 00:00:00
220.0,8.0,10.0,2.4,9.0,,,1014.7,5.4,8.0,,,1.3,,2026-03-11 01:00:00
210.0,7.0,10.0,2.5,9.0,,,1014.9,5.4,8.0,,,0.7,,2026-03-11 02:00:00
170.0,7.0,8.0,2.3,8.0,,,1015.1,5.1,8.0,,,0.6,,2026-03-11 03:00:00
170.0,12.0,16.0,2.6,10.0,,,1015.2,3.7,8.0,,,0.5,,2026-03-11 04:00:00
140.0,6.0,8.0,2.4,9.0,,,1015.7,4.4,8.0,,,0.8,,2026-03-11 05:00:00
160.0,11.0,14.0,2.6,9.0,,,1015.7,4.0,8.0,,,0.6,,2026-03-11 06:00:00
200.0,9.0,10.0,2.4,8.0,,,1015.8,4.7,8.0,,,0.6,,2026-03-11 07:00:00
160.0,8.0,9.0,2.5,9.0,,,1016.2,3.2,8.0,,,0.5,,2026-03-11 08:00:00
210.0,6.0,8.0,2.6,10.0,,,1015.9,4.8,8.0,,,0.2,,2026-03-11 09:00:00
200.0,9.0,11.0,2.8,9.0,,,1015.9,5.2,8.0,,,0.1,,2026-03-11 10:00:00
190.0,9.0,11.0,2.5,9.0,,,1015.5,5.3,8.0,,,-0.7,,2026-03-11 11:00:00
210.0,14.0,17.0,2.5,8.0,,,1015.0,3.2,8.0,,,-0.9,,2026-03-11 12:00:00
170.0,9.0,11.0,2.4,9.0,,,1014.3,5.3,8.0,,,-1.6,,2026-03-11 13:00:00
150.0,9.0,11.0,2.1,8.0,,,1013.8,5.3,8.0,,,-1.7,,2026-03-11 14:00:00
140.0,9.0,11.0,2.2,8.0,,,1012.9,6.0,8.0,,,-2.1,,2026-03-11 15:00:00
150.0,7.0,9.0,2.2,8.0,,,1012.4,4.4,8.1,,,-1.9,,2026-03-11 16:00:00
120.0,6.0,8.0,2.1,8.0,,,1011.8,2.6,8.0,,,-2.0,,2026-03-11 17:00:00
130.0,11.0,13.0,2.2,8.0,,,1010.2,3.6,8.0,,,-2.7,,2026-03-11 18:00:00
120.0,11.0,13.0,2.2,7.0,,,1009.0,3.8,8.0,,,-3.4,,2026-03-11 19:00:00
120.0,11.0,13.0,2.2,7.0,,,1008.4,3.6,8.1,,,-3.4,,2026-03-11 20:00:00
120.0,10.0,12.0,2.1,7.0,,,1007.2,4.0,8.0,,,-3.0,,2026-03-11 21:00:00
120.0,9.0,11.0,2.1,7.0,,,1005.6,4.0,8.0,,,-3.4,,2026-03-11 22:00:00
250.0,4.0,7.0,2.0,8.0,,,1005.4,2.4,7.9,,,-3.0,,2026-03-11 23:00:00
290.0,4.0,6.0,1.9,8.0,,,1004.7,3.3,7.9,,,-2.5,,2026-03-12 00:00:00
280.0,7.0,9.0,1.8,9.0,,,1004.5,4.3,7.9,,,-1.1,,2026-03-12 01:00:00
280.0,11.0,13.0,1.8,8.0,,,1005.4,3.9,7.9,,,-0.0,,2026-03-12 02:00:00
300.0,10.0,12.0,2.0,7.0,,,1006.6,3.7,7.9,,,1.9,,2026-03-12 03:00:00
260.0,5.0,7.0,1.7,8.0,,,1008.2,4.1,8.0,,,3.7,,2026-03-12 04:00:00
210.0,5.0,7.0,1.6,8.0,,,1009.6,3.3,7.9,,,4.2,,2026-03-12 05:00:00
290.0,5.0,7.0,1.6,8.0,,,1010.6,4.6,7.9,,,4.0,,2026-03-12 06:00:00
300.0,4.0,6.0,1.6,8.0,,,1011.8,3.8,8.0,,,3.6,,2026-03-12 07:00:00
240.0,5.0,7.0,1.5,8.0,,,1012.3,5.2,8.0,,,2.7,,2026-03-12 08:00:00
230.0,8.0,11.0,1.4,7.0,,,1013.4,3.9,8.0,,,2.8,,2026-03-12 09:00:00
260.0,8.0,14.0,1.5,8.0,,,1014.6,3.5,8.0,,,2.8,,2026-03-12 10:00:00
260.0,10.0,12.0,1.9,7.0,,,1015.2,4.2,8.0,,,2.9,,2026-03-12 11:00:00
250.0,11.0,14.0,1.8,7.0,,,1015.6,5.4,8.0,,,2.2,,2026-03-12 12:00:00
260.0,12.0,14.0,2.0,7.0,,,1016.3,4.2,8.0,,,1.7,,2026-03-12 13:00:00
220.0,11.0,15.0,2.2,7.0,,,1016.7,5.2,8.0,,,1.5,,2026-03-12 14:00:00
260.0,7.0,9.0,2.3,7.0,,,1017.7,4.5,8.0,,,2.1,,2026-03-12 15:00:00
260.0,6.0,8.0,2.2,7.0,,,1018.6,4.1,8.0,,,2.3,,2026-03-12 16:00:00
170.0,5.0,6.0,2.1,8.0,,,1018.9,4.0,7.9,,,2.2,,2026-03-12 17:00:00
210.0,7.0,9.0,2.1,8.0,,,1019.1,5.1,8.0,,,1.4,,2026-03-12 18:00:00
230.0,5.0,7.0,2.0,8.0,,,1019.7,4.9,8.0,,,1.1,,2026-03-12 19:00:00
220.0,9.0,12.0,2.2,8.0,,,1020.2,2.7,7.9,,,1.3,,2026-03-12 20:00:00
190.0,7.0,9.0,2.2,9.0,,,1019.9,5.0,8.0,,,0.8,,2026-03-12 21:00:00
180.0,8.0,11.0,2.3,9.0,,,1019.7,4.2,8.0,,,0.0,,2026-03-12 22:00:00
190.0,7.0,9.0,2.2,9.0,,,1019.9,2.3,8.0,,,-0.3,,2026-03-12 23:00:00
240.0,11.0,15.0,2.5,9.0,,,1019.1,4.0,8.1,,,-0.8,,2026-03-13 00:00:00
200.0,7.0,8.0,2.8,9.0,,,1018.2,4.9,8.1,,,-1.5,,2026-03-13 01:00:00
190.0,6.0,7.0,2.6,8.0,,,1017.8,4.3,8.1,,,-2.1,,2026-03-13 02:00:00
220.0,8.0,11.0,2.8,9.0,,,1017.3,4.7,8.0,,,-1.8,,2026-03-13 03:00:00
200.0,9.0,12.0,2.7,9.0,,,1017.1,4.9,8.0,,,-1.1,,2026-03-13 04:00:00
180.0,7.0,8.0,3.0,10.0,,,1017.0,5.1,8.0,,,-0.8,,2026-03-13 05:00:00
220.0,5.0,9.0,2.9,9.0,,,1017.2,4.5,8.0,,,-0.1,,2026-03-13 06:00:00
190.0,7.0,9.0,2.6,9.0,,,1017.1,4.9,8.0,,,0.0,,2026-03-13 07:00:00
240.0,6.0,8.0,2.7,9.0,,,1017.3,5.4,7.9,,,0.3,,2026-03-13 08:00:00
260.0,8.0,10.0,2.5,9.0,,,1017.3,5.0,7.9,,,0.1,,2026-03-13 09:00:00
270.0,7.0,11.0,2.6,9.0,,,1017.8,4.4,7.9,,,0.7,,2026-03-13 10:00:00
260.0,8.0,9.0,2.2,9.0,,,1017.8,4.9,7.9,,,0.5,,2026-03-13 11:00:00
270.0,8.0,9.0,2.1,8.0,,,1017.4,5.0,7.9,,,0.1,,2026-03-13 12:00:00
290.0,7.0,10.0,2.0,8.0,,,1017.6,5.0,7.9,,,-0.2,,2026-03-13 13:00:00
290.0,7.0,9.0,2.2,8.0,,,1017.9,4.7,7.9,,,0.1,,2026-03-13 14:00:00
310.0,9.0,10.0,2.1,8.0,,,1018.0,4.4,8.0,,,0.6,,2026-03-13 15:00:00
310.0,8.0,10.0,2.3,8.0,,,1018.3,4.4,8.0,,,0.7,,2026-03-13 16:00:00
320.0,7.0,9.0,2.2,8.0,,,1018.8,4.4,8.0,,,0.9,,2026-03-13 17:00:00
330.0,7.0,10.0,2.0,8.0,,,1019.1,4.5,8.0,,,1.1,,2026-03-13 18:00:00
330.0,6.0,8.0,1.9,8.0,,,1019.3,4.9,8.0,,,1.0,,2026-03-13 19:00:00
320.0,6.0,8.0,1.7,8.0,,,1019.4,4.9,8.0,,,0.6,,2026-03-13 20:00:00
330.0,6.0,7.0,1.9,8.0,,,1019.4,5.1,8.0,,,0.3,,2026-03-13 21:00:00
310.0,5.0,7.0,1.6,9.0,,,1019.3,5.1,8.1,,,0.0,,2026-03-13 22:00:00
320.0,5.0,7.0,1.5,8.0,,,1019.2,5.1,8.1,,,-0.2,,2026-03-13 23:00:00
300.0,5.0,7.0,1.5,8.0,,,1019.1,5.2,8.2,,,-0.3,,2026-03-14 00:00:00
310.0,6.0,7.0,1.6,8.0,,,1018.8,5.4,8.2,,,-0.5,,2026-03-14 01:00:00
320.0,7.0,9.0,1.3,7.0,,,1018.5,5.1,8.2,,,-0.7,,2026-03-14 02:00:00
320.0,7.0,9.0,1.4,8.0,,,1018.4,5.3,8.1,,,-0.7,,2026-03-14 03:00:00
310.0,7.0,9.0,1.3,7.0,,,1018.6,5.1,8.1,,,-0.2,,2026-03-14 04:00:00
310.0,7.0,9.0,1.3,8.0,,,1018.9,5.1,8.0,,,0.4,,2026-03-14 05:00:00
310.0,7.0,9.0,1.2,7.0,,,1019.1,5.1,8.0,,,0.7,,2026-03-14 06:00:00
310.0,6.0,9.0,1.1,7.0,,,1019.6,5.2,7.9,,,1.0,,2026-03-14 07:00:00
300.0,6.0,7.0,1.1,8.0,,,1020.2,5.1,7.9,,,1.3,,2026-03-14 08:00:00
300.0,5.0,7.0,1.1,8.0,,,1020.6,5.2,7.9,,,1.5,,2026-03-14 09:00:00
290.0,4.0,5.0,1.1,8.0,,,1021.2,5.3,7.9,,,1.6,,2026-03-14 10:00:00
250.0,9.0,11.0,1.1,8.0,,,1021.4,4.3,7.9,,,1.2,,2026-03-14 11:00:00
270.0,6.0,7.0,1.1,7.0,,,1021.7,4.5,7.9,,,1.1,,2026-03-14 12:00:00
260.0,4.0,5.0,1.0,8.0,,,1022.0,4.2,7.8,,,0.8,,2026-03-14 13:00:00
230.0,3.0,4.0,0.9,9.0,,,1022.4,4.4,7.8,,,1.0,,2026-03-14 14:00:00
310.0,4.0,7.0,1.0,8.0,,,1022.5,3.6,7.7,,,0.8,,2026-03-14 15:00:00
180.0,2.0,3.0,1.0,8.0,,,1023.2,2.9,7.8,,,1.2,,2026-03-14 16:00:00
200.0,4.0,5.0,1.0,7.0,,,1024.3,4.0,7.8,,,1.9,,2026-03-14 17:00:00
110.0,5.0,7.0,1.0,7.0,,,1024.8,4.4,7.7,,,2.3,,2026-03-14 18:00:00
260.0,2.0,4.0,0.9,7.0,,,1025.7,5.7,7.8,,,2.5,,2026-03-14 19:00:00
240.0,5.0,7.0,1.0,7.0,,,1026.6,5.7,7.9,,,2.3,,2026-03-14 20:00:00
250.0,6.0,8.0,0.9,7.0,,,1027.1,5.7,7.9,,,2.3,,2026-03-14 21:00:00
250.0,5.0,6.0,0.9,7.0,,,1027.2,5.8,7.9,,,1.5,,2026-03-14 22:00:00
260.0,3.0,4.0,0.9,7.0,,,1027.7,5.9,7.9,,,1.1,,2026-03-14 23:00:00
250.0,3.0,4.0,0.9,7.0,,,1028.2,5.8,7.9,,,1.1,,2026-03-15 00:00:00
250.0,4.0,5.0,1.0,8.0,,,1028.2,5.6,7.9,,,1.0,,2026-03-15 01:00:00
230.0,4.0,6.0,0.9,7.0,,,1028.5,5.5,7.8,,,0.8,,2026-03-15 02:00:00
240.0,3.0,5.0,1.1,7.0,,,1028.7,5.6,7.7,,,0.5,,2026-03-15 03:00:00
200.0,3.0,4.0,1.0,7.0,,,1028.7,5.6,7.8,,,0.5,,2026-03-15 04:00:00
180.0,3.0,3.0,1.1,7.0,,,1028.7,5.7,7.7,,,0.2,,2026-03-15 05:00:00
150.0,4.0,5.0,1.0,7.0,,,1028.6,5.7,7.8,,,-0.1,,2026-03-15 06:00:00
150.0,4.0,6.0,1.0,7.0,,,1028.8,5.8,7.8,,,0.1,,2026-03-15 07:00:00
140.0,5.0,7.0,0.9,8.0,,,1028.5,5.9,7.8,,,-0.2,,2026-03-15 08:00:00
130.0,7.0,9.0,0.9,7.0,,,1027.9,6.0,7.6,,,-0.7,,2026-03-15 09:00:00
130.0,9.0,10.0,0.9,7.0,,,1027.4,6.0,7.8,,,-1.4,,2026-03-15 10:00:00
130.0,9.0,12.0,1.0,6.0,,,1026.9,5.7,7.7,,,-1.6,,2026-03-15 11:00:00
140.0,9.0,12.0,1.2,5.0,,,1025.8,5.1,7.7,,,-2.1,,2026-03-15 12:00:00
130.0,11.0,13.0,1.3,5.0,,,1024.9,4.6,7.8,,,-2.5,,2026-03-15 13:00:00
120.0,13.0,15.0,1.5,5.0,,,1024.0,4.2,7.8,,,-2.9,,2026-03-15 14:00:00
120.0,14.0,17.0,1.7,5.0,,,1022.5,4.5,7.9,,,-3.3,,2026-03-15 15:00:00
110.0,16.0,20.0,2.1,5.0,,,1020.6,4.4,7.9,,,-4.3,,2026-03-15 16:00:00
110.0,16.0,19.0,2.5,6.0,,,1019.4,4.5,8.0,,,-4.6,,2026-03-15 17:00:00
110.0,17.0,21.0,2.9,6.0,,,1017.5,4.4,8.1,,,-5.0,,2026-03-15 18:00:00
110.0,18.0,22.0,3.1,7.0,,,1015.7,4.4,8.2,,,-4.9,,2026-03-15 19:00:00
110.0,19.0,25.0,3.7,7.0,,,1013.9,4.6,8.2,,,-5.5,,2026-03-15 20:00:00
120.0,20.0,25.0,3.9,7.0,,,1012.9,4.6,8.2,,,-4.6,,2026-03-15 21:00:00
120.0,19.0,24.0,4.1,8.0,,,1011.8,4.4,8.2,,,-3.9,,2026-03-15 22:00:00
120.0,18.0,23.0,4.9,8.0,,,1010.3,4.7,8.2,,,-3.6,,2026-03-15 23:00:00
120.0,19.0,25.0,5.8,9.0,,,1009.1,5.1,8.2,,,-3.8,,2026-03-16 00:00:00
120.0,18.0,23.0,5.4,9.0,,,1008.7,5.2,8.2,,,-3.1,,2026-03-16 01:00:00
120.0,18.0,22.0,5.3,9.0,,,1007.7,5.5,8.2,,,-2.6,,2026-03-16 02:00:00
120.0,19.0,24.0,5.0,9.0,,,1007.2,5.6,8.2,,,-1.9,,2026-03-16 03:00:00
120.0,19.0,23.0,5.1,9.0,,,1006.5,5.7,8.2,,,-2.2,,2026-03-16 04:00:00
120.0,19.0,23.0,4.5,8.0,,,1006.3,5.8,8.2,,,-1.4,,2026-03-16 05:00:00
120.0,18.0,23.0,4.4,8.0,,,1005.9,6.1,8.2,,,-1.3,,2026-03-16 06:00:00
120.0,19.0,24.0,4.5,8.0,,,1005.7,6.1,8.1,,,-0.8,,2026-03-16 07:00:00
120.0,18.0,23.0,4.4,8.0,,,1006.0,6.3,8.1,,,-0.3,,2026-03-16 08:00:00
120.0,17.0,21.0,4.3,8.0,,,1005.8,6.6,8.1,,,-0.1,,2026-03-16 09:00:00
120.0,16.0,20.0,4.3,8.0,,,1005.9,6.6,8.1,,,0.2,,2026-03-16 10:00:00
120.0,17.0,20.0,3.8,8.0,,,1005.1,6.7,8.2,,,-0.9,,2026-03-16 11:00:00
120.0,17.0,21.0,4.3,8.0,,,1004.4,6.8,8.2,,,-1.4,,2026-03-16 12:00:00
120.0,16.0,20.0,4.1,8.0,,,1004.1,6.9,8.2,,,-1.8,,2026-03-16 13:00:00
120.0,17.0,21.0,4.0,8.0,,,1003.6,6.9,8.2,,,-1.5,,2026-03-16 14:00:00
120.0,17.0,22.0,4.1,8.0,,,1002.1,7.2,8.2,,,-2.3,,2026-03-16 15:00:00
120.0,17.0,21.0,3.8,8.0,,,1001.8,7.2,8.2,,,-2.3,,2026-03-16 16:00:00
120.0,17.0,20.0,4.2,8.0,,,1000.8,7.3,8.2,,,-2.8,,2026-03-16 17:00:00
130.0,16.0,20.0,3.7,8.0,,,1000.3,7.5,8.1,,,-1.8,,2026-03-16 18:00:00
130.0,14.0,18.0,4.4,8.0,,,999.9,8.4,8.1,,,-1.9,,2026-03-16 19:00:00
130.0,14.0,16.0,4.3,8.0,,,999.8,8.3,8.1,,,-1.0,,2026-03-16 20:00:00
140.0,16.0,20.0,4.0,8.0,,,999.5,9.4,8.1,,,-0.8,,2026-03-16 21:00:00
150.0,15.0,19.0,4.5,8.0,,,999.2,9.4,8.1,,,-0.7,,2026-03-16 22:00:00
160.0,14.0,18.0,4.5,9.0,,,999.5,9.5,8.1,,,-0.3,,2026-03-16 23:00:00
160.0,13.0,17.0,4.4,9.0,,,1000.1,9.6,8.2,,,0.6,,2026-03-17 00:00:00
150.0,13.0,15.0,4.2,9.0,,,999.7,9.6,8.2,,,0.5,,2026-03-17 01:00:00
150.0,12.0,14.0,5.2,10.0,,,999.7,9.5,8.2,,,0.2,,2026-03-17 02:00:00
150.0,12.0,14.0,4.8,10.0,,,999.7,9.5,8.2,,,-0.4,,2026-03-17 03:00:00
160.0,11.0,13.0,5.0,9.0,,,1000.0,9.5,8.2,,,0.3,,2026-03-17 04:00:00
170.0,11.0,13.0,4.9,10.0,,,1001.3,9.4,8.2,,,1.6,,2026-03-17 05:00:00
170.0,9.0,11.0,4.9,10.0,,,1002.1,9.2,8.2,,,2.4,,2026-03-17 06:00:00
180.0,10.0,12.0,4.8,10.0,,,1002.8,9.1,8.2,,,2.8,,2026-03-17 07:00:00
170.0,10.0,13.0,4.2,9.0,,,1003.0,9.2,8.2,,,1.7,,2026-03-17 08:00:00
180.0,9.0,12.0,4.3,10.0,,,1003.7,9.0,8.2,,,1.6,,2026-03-17 09:00:00
180.0,9.0,11.0,3.9,10.0,,,1004.2,8.8,8.2,,,1.4,,2026-03-17 10:00:00
180.0,10.0,12.0,3.6,10.0,,,1004.3,8.8,8.3,,,1.3,,2026-03-17 11:00:00
190.0,8.0,11.0,3.7,10.0,,,1004.4,8.6,8.3,,,0.7,,2026-03-17 12:00:00
200.0,8.0,11.0,3.2,10.0,,,1005.0,8.6,8.3,,,0.8,,2026-03-17 13:00:00
210.0,7.0,8.0,3.8,10.0,,,1005.4,8.4,8.3,,,1.1,,2026-03-17 14:00:00
220.0,7.0,9.0,3.5,10.0,,,1005.8,8.2,8.3,,,1.4,,2026-03-17 15:00:00
220.0,6.0,8.0,3.3,10.0,,,1006.5,8.1,8.3,,,1.5,,2026-03-17 16:00:00
200.0,6.0,8.0,3.5,10.0,,,1006.9,8.0,8.3,,,1.5,,2026-03-17 17:00:00
200.0,5.0,7.0,3.1,10.0,,,1007.4,8.0,8.3,,,1.6,,2026-03-17 18:00:00
210.0,6.0,7.0,3.2,11.0,,,1007.7,7.8,8.3,,,1.2,,2026-03-17 19:00:00
210.0,5.0,7.0,3.1,10.0,,,1008.1,7.9,8.3,,,1.2,,2026-03-17 20:00:00
210.0,5.0,7.0,3.3,11.0,,,1008.4,7.9,8.3,,,1.0,,2026-03-17 21:00:00
220.0,4.0,6.0,3.0,11.0,,,1008.3,7.8,8.3,,,0.6,,2026-03-17 22:00:00
210.0,3.0,5.0,3.6,11.0,,,1008.2,7.8,8.3,,,0.1,,2026-03-17 23:00:00
180.0,3.0,4.0,3.5,10.0,,,1008.4,7.9,8.3,,,-0.0,,2026-03-18 00:00:00
260.0,2.0,4.0,3.6,11.0,,,1007.9,7.9,8.3,,,-0.4,,2026-03-18 01:00:00
30.0,1.0,2.0,3.3,11.0,,,1007.2,7.8,8.2,,,-1.0,,2026-03-18 02:00:00
70.0,1.0,2.0,3.4,10.0,,,1007.3,7.7,8.2,,,-1.1,,2026-03-18 03:00:00
50.0,2.0,3.0,3.0,10.0,,,1007.1,7.8,8.2,,,-0.8,,2026-03-18 04:00:00
0.0,2.0,4.0,3.0,10.0,,,1006.9,7.8,8.1,,,-0.3,,2026-03-18 05:00:00
350.0,1.0,3.0,3.0,11.0,,,1006.7,8.0,8.1,,,-0.6,,2026-03-18 06:00:00
50.0,1.0,2.0,2.6,11.0,,,1006.4,8.3,8.1,,,-0.7,,2026-03-18 07:00:00
160.0,3.0,4.0,2.7,11.0,,,1006.0,8.7,8.1,,,-0.9,,2026-03-18 08:00:00
180.0,7.0,8.0,2.9,11.0,,,1005.9,8.9,8.1,,,-0.8,,2026-03-18 09:00:00
160.0,5.0,7.0,2.7,11.0,,,1005.7,8.8,8.1,,,-0.7,,2026-03-18 10:00:00
170.0,7.0,9.0,2.6,11.0,,,1005.6,8.8,8.1,,,-0.4,,2026-03-18 11:00:00
170.0,7.0,8.0,3.0,11.0,,,1005.4,8.8,8.1,,,-0.5,,2026-03-18 12:00:00
180.0,9.0,11.0,2.7,11.0,,,1005.9,8.7,8.1,,,0.2,,2026-03-18 13:00:00
180.0,9.0,11.0,2.9,10.0,,,1006.1,8.6,8.1,,,0.5,,2026-03-18 14:00:00
180.0,9.0,11.0,2.9,10.0,,,1006.7,8.6,8.1,,,1.3,,2026-03-18 15:00:00
170.0,9.0,12.0,2.9,10.0,,,1006.9,8.6,8.1,,,1.0,,2026-03-18 16:00:00
170.0,10.0,13.0,3.0,9.0,,,1007.2,8.6,8.1,,,1.1,,2026-03-18 17:00:00
170.0,11.0,14.0,2.7,9.0,,,1007.6,8.7,8.1,,,0.9,,2026-03-18 18:00:00
170.0,10.0,13.0,2.5,9.0,,,1008.4,8.8,8.1,,,1.5,,2026-03-18 19:00:00
180.0,10.0,12.0,2.6,9.0,,,1008.8,8.6,8.1,,,1.6,,2026-03-18 20:00:00
180.0,10.0,12.0,2.6,8.0,,,1008.9,8.8,8.2,,,1.3,,2026-03-18 21:00:00
170.0,9.0,11.0,2.7,10.0,,,1008.9,8.9,8.2,,,0.5,,2026-03-18 22:00:00
160.0,10.0,12.0,2.4,9.0,,,1008.1,9.1,8.2,,,-0.7,,2026-03-18 23:00:00
170.0,8.0,10.0,2.5,10.0,,,1008.4,9.0,8.3,,,-0.5,,2026-03-19 00:00:00
180.0,7.0,8.0,2.3,10.0,,,1008.4,9.0,8.2,,,-0.5,,2026-03-19 01:00:00
190.0,7.0,9.0,2.6,10.0,,,1008.5,9.0,8.3,,,0.4,,2026-03-19 02:00:00
200.0,6.0,8.0,2.6,10.0,,,1009.1,8.8,8.3,,,0.7,,2026-03-19 03:00:00
200.0,7.0,9.0,2.7,10.0,,,1009.8,8.6,8.3,,,1.4,,2026-03-19 04:00:00
260.0,5.0,7.0,2.5,10.0,,,1010.5,7.9,8.3,,,2.0,,2026-03-19 05:00:00
270.0,6.0,7.0,2.5,10.0,,,1011.1,7.7,8.3,,,2.0,,2026-03-19 06:00:00
270.0,6.0,8.0,2.5,10.0,,,1011.8,7.3,8.2,,,2.0,,2026-03-19 07:00:00
270.0,6.0,9.0,2.1,10.0,,,1012.3,7.5,8.2,,,1.8,,2026-03-19 08:00:00
270.0,7.0,8.0,1.9,9.0,,,1012.9,7.3,8.2,,,1.8,,2026-03-19 09:00:00
280.0,7.0,9.0,1.8,10.0,,,1013.3,7.3,8.2,,,1.5,,2026-03-19 10:00:00
280.0,6.0,8.0,1.8,10.0,,,1013.8,6.8,8.2,,,1.5,,2026-03-19 11:00:00
280.0,5.0,6.0,1.5,9.0,,,1014.4,6.9,8.2,,,1.5,,2026-03-19 12:00:00
300.0,4.0,5.0,1.7,10.0,,,1014.9,7.0,8.2,,,1.6,,2026-03-19 13:00:00
300.0,3.0,5.0,1.7,10.0,,,1015.4,7.0,8.2,,,1.6,,2026-03-19 14:00:00
270.0,2.0,3.0,1.6,10.0,,,1015.8,7.1,8.2,,,1.4,,2026-03-19 15:00:00
260.0,4.0,5.0,1.7,10.0,,,1016.1,6.8,8.3,,,1.2,,2026-03-19 16:00:00
270.0,5.0,6.0,1.5,9.0,,,1016.7,6.7,8.3,,,1.3,,2026-03-19 17:00:00
260.0,4.0,5.0,1.6,9.0,,,1017.3,6.9,8.3,,,1.5,,2026-03-19 18:00:00
240.0,3.0,5.0,1.6,9.0,,,1017.5,6.1,8.3,,,1.4,,2026-03-19 19:00:00
300.0,3.0,5.0,1.6,9.0,,,1017.8,5.6,8.3,,,1.1,,2026-03-19 20:00:00
310.0,2.0,3.0,1.5,9.0,,,1017.7,5.4,8.3,,,0.4,,2026-03-19 21:00:00
350.0,3.0,4.0,1.5,9.0,,,1017.4,5.5,8.3,,,-0.1,,2026-03-19 22:00:00
340.0,4.0,6.0,1.4,9.0,,,1016.9,5.2,8.3,,,-0.9,,2026-03-19 23:00:00
360.0,4.0,6.0,1.5,9.0,,,1016.5,5.1,8.3,,,-1.2,,2026-03-20 00:00:00
360.0,6.0,7.0,1.5,10.0,,,1015.7,5.1,8.3,,,-1.7,,2026-03-20 01:00:00
350.0,7.0,9.0,1.3,10.0,,,1014.8,4.9,8.2,,,-2.1,,2026-03-20 02:00:00
0.0,8.0,9.0,1.3,9.0,,,1014.0,4.9,8.2,,,-2.5,,2026-03-20 03:00:00
0.0,8.0,10.0,1.3,8.0,,,1013.0,5.2,8.2,,,-2.7,,2026-03-20 04:00:00
340.0,8.0,9.0,1.4,8.0,,,1012.8,5.1,8.2,,,-2.0,,2026-03-20 05:00:00
340.0,8.0,10.0,1.4,7.0,,,1011.9,5.2,8.1,,,-2.1,,2026-03-20 06:00:00
330.0,9.0,11.0,1.3,7.0,,,1011.1,5.3,8.1,,,-1.9,,2026-03-20 07:00:00
340.0,7.0,9.0,1.4,8.0,,,1011.7,4.8,8.1,,,-1.1,,2026-03-20 08:00:00
330.0,7.0,9.0,1.2,8.0,,,1011.4,5.2,8.1,,,-0.5,,2026-03-20 09:00:00
320.0,7.0,9.0,1.4,9.0,,,1011.8,5.5,8.1,,,0.7,,2026-03-20 10:00:00
310.0,11.0,14.0,3.0,8.0,,,1025.2,8.9,8.7,,,-0.4,,2026-04-23 21:00:00
310.0,10.0,13.0,3.1,8.0,,,1025.1,9.1,8.7,,,-0.6,,2026-04-23 22:00:00
310.0,11.0,14.0,2.9,8.0,,,1024.7,9.3,8.7,,,-0.7,,2026-04-23 23:00:00
310.0,11.0,14.0,2.9,8.0,,,1024.2,9.3,8.7,,,-1.0,,2026-04-24 00:00:00
300.0,11.0,14.0,2.7,7.0,,,1024.1,9.3,8.7,,,-1.0,,2026-04-24 01:00:00
300.0,10.0,13.0,2.8,7.0,,,1023.7,9.3,8.7,,,-1.0,,2026-04-24 02:00:00
290.0,10.0,12.0,2.8,7.0,,,1023.2,9.2,8.7,,,-1.0,,2026-04-24 03:00:00
300.0,10.0,12.0,2.8,7.0,,,1023.3,9.1,8.7,,,-0.8,,2026-04-24 04:00:00
310.0,11.0,14.0,2.5,7.0,,,1023.1,9.4,8.7,,,-0.6,,2026-04-24 05:00:00
310.0,11.0,14.0,2.5,7.0,,,1023.0,9.6,8.7,,,-0.2,,2026-04-24 06:00:00
310.0,10.0,12.0,2.6,7.0,,,1023.0,9.6,8.7,,,-0.3,,2026-04-24 07:00:00
310.0,10.0,12.0,2.3,7.0,,,1023.1,9.4,8.7,,,-0.0,,2026-04-24 08:00:00
310.0,9.0,12.0,2.4,7.0,,,1023.3,9.4,8.7,,,0.3,,2026-04-24 09:00:00
320.0,9.0,11.0,2.3,7.0,,,1023.3,9.3,8.6,,,0.3,,2026-04-24 10:00:00
320.0,10.0,11.0,2.1,7.0,,,1023.2,9.1,8.6,,,0.1,,2026-04-24 11:00:00
320.0,10.0,12.0,2.1,7.0,,,1023.0,8.9,8.6,,,-0.3,,2026-04-24 12:00:00
320.0,9.0,10.0,2.3,7.0,,,1023.0,8.9,8.7,,,-0.3,,2026-04-24 13:00:00
320.0,8.0,9.0,2.2,7.0,,,1022.9,9.0,8.7,,,-0.3,,2026-04-24 14:00:00
320.0,7.0,9.0,2.0,7.0,,,1023.1,9.1,8.7,,,0.1,,2026-04-24 15:00:00
320.0,8.0,9.0,1.8,7.0,,,1023.2,9.1,8.7,,,0.2,,2026-04-24 16:00:00
330.0,8.0,9.0,1.7,7.0,,,1023.2,9.0,8.8,,,0.3,,2026-04-24 17:00:00
330.0,7.0,9.0,1.7,7.0,,,1023.5,9.1,8.8,,,0.4,,2026-04-24 18:00:00
330.0,6.0,8.0,1.7,7.0,,,1023.3,9.1,8.9,,,0.1,,2026-04-24 19:00:00
320.0,6.0,7.0,1.7,7.0,,,1023.2,9.3,8.9,,,0.0,,2026-04-24 20:00:00
310.0,9.0,10.0,1.8,7.0,,,1022.7,9.1,8.9,,,-0.8,,2026-04-24 21:00:00
310.0,9.0,10.0,1.7,7.0,,,1022.2,9.2,8.9,,,-1.1,,2026-04-24 22:00:00
300.0,9.0,10.0,1.8,7.0,,,1021.3,9.3,8.8,,,-1.9,,2026-04-24 23:00:00
300.0,10.0,12.0,1.8,6.0,,,1020.2,9.3,8.9,,,-2.5,,2026-04-25 00:00:00
290.0,10.0,13.0,1.9,7.0,,,1019.6,9.2,8.9,,,-2.6,,2026-04-25 01:00:00
290.0,10.0,12.0,2.2,7.0,,,1019.3,9.2,8.8,,,-2.0,,2026-04-25 02:00:00
300.0,10.0,12.0,2.1,7.0,,,1018.5,9.2,8.8,,,-1.7,,2026-04-25 03:00:00
300.0,10.0,13.0,2.2,7.0,,,1018.0,9.2,8.8,,,-1.6,,2026-04-25 04:00:00
300.0,10.0,12.0,2.1,7.0,,,1017.9,9.3,8.8,,,-1.4,,2026-04-25 05:00:00
300.0,10.0,13.0,2.1,7.0,,,1017.5,9.3,8.8,,,-1.0,,2026-04-25 06:00:00
310.0,10.0,13.0,2.2,7.0,,,1017.0,9.2,8.8,,,-1.0,,2026-04-25 07:00:00
310.0,10.0,12.0,2.1,7.0,,,1016.8,9.2,8.7,,,-1.1,,2026-04-25 08:00:00
310.0,10.0,13.0,2.0,7.0,,,1016.6,9.1,8.7,,,-0.9,,2026-04-25 09:00:00
310.0,10.0,12.0,2.3,8.0,,,1016.3,9.0,8.6,,,-0.7,,2026-04-25 10:00:00
320.0,9.0,11.0,2.2,7.0,,,1016.0,9.1,8.6,,,-0.8,,2026-04-25 11:00:00
320.0,9.0,11.0,2.3,7.0,,,1015.7,9.1,8.6,,,-0.9,,2026-04-25 12:00:00
320.0,9.0,11.0,2.2,7.0,,,1015.5,9.1,8.6,,,-0.8,,2026-04-25 13:00:00
320.0,9.0,12.0,2.1,7.0,,,1015.5,9.0,8.7,,,-0.5,,2026-04-25 14:00:00
320.0,10.0,12.0,2.3,7.0,,,1015.6,9.2,8.8,,,-0.1,,2026-04-25 15:00:00
320.0,9.0,11.0,2.2,7.0,,,1015.9,9.2,8.8,,,0.4,,2026-04-25 16:00:00
320.0,9.0,11.0,2.3,7.0,,,1015.9,9.2,8.8,,,0.4,,2026-04-25 17:00:00
320.0,9.0,11.0,2.5,8.0,,,1015.5,9.1,8.8,,,-0.1,,2026-04-25 18:00:00
320.0,9.0,11.0,2.3,8.0,,,1015.6,9.1,8.9,,,-0.3,,2026-04-25 19:00:00
310.0,9.0,11.0,2.5,8.0,,,1015.3,9.1,8.9,,,-0.6,,2026-04-25 20:00:00
310.0,9.0,11.0,2.3,8.0,,,1015.1,9.2,8.9,,,-0.4,,2026-04-25 21:00:00
310.0,9.0,11.0,2.5,8.0,,,1014.7,9.2,8.8,,,-0.9,,2026-04-25 22:00:00
300.0,10.0,12.0,2.4,8.0,,,1014.1,9.2,8.8,,,-1.2,,2026-04-25 23:00:00
300.0,10.0,12.0,2.4,7.0,,,1013.4,9.2,8.8,,,-1.7,,2026-04-26 00:00:00
300.0,10.0,12.0,2.4,8.0,,,1012.9,9.1,8.9,,,-1.8,,2026-04-26 01:00:00
300.0,10.0,12.0,2.6,8.0,,,1012.4,9.1,8.8,,,-1.7,,2026-04-26 02:00:00
300.0,9.0,11.0,2.6,7.0,,,1012.2,9.1,8.8,,,-1.2,,2026-04-26 03:00:00
300.0,8.0,11.0,2.5,8.0,,,1012.0,9.0,8.7,,,-0.9,,2026-04-26 04:00:00
300.0,8.0,10.0,2.6,8.0,,,1012.0,9.1,8.7,,,-0.4,,2026-04-26 05:00:00
310.0,9.0,11.0,2.4,8.0,,,1011.5,9.1,8.8,,,-0.7,,2026-04-26 06:00:00
310.0,9.0,10.0,2.3,7.0,,,1011.3,9.1,8.8,,,-0.7,,2026-04-26 07:00:00
310.0,9.0,11.0,2.0,8.0,,,1011.5,9.1,8.7,,,-0.5,,2026-04-26 08:00:00
320.0,10.0,12.0,2.2,8.0,,,1011.3,9.1,8.8,,,-0.2,,2026-04-26 09:00:00
320.0,10.0,12.0,2.3,7.0,,,1011.0,9.0,8.8,,,-0.3,,2026-04-26 10:00:00
320.0,10.0,12.0,2.4,7.0,,,1010.8,8.9,8.7,,,-0.7,,2026-04-26 11:00:00
310.0,9.0,11.0,2.3,8.0,,,1011.2,8.9,8.8,,,-0.1,,2026-04-26 12:00:00
310.0,10.0,13.0,2.4,8.0,,,1011.5,8.8,8.8,,,0.5,,2026-04-26 13:00:00
310.0,10.0,12.0,2.3,8.0,,,1011.6,8.8,8.8,,,0.8,,2026-04-26 14:00:00
310.0,9.0,11.0,2.7,8.0,,,1011.9,8.8,8.8,,,0.7,,2026-04-26 15:00:00
310.0,8.0,11.0,2.5,7.0,,,1012.0,8.5,8.8,,,0.5,,2026-04-26 16:00:00
300.0,9.0,11.0,2.3,7.0,,,1012.3,8.4,8.8,,,0.7,,2026-04-26 17:00:00
300.0,9.0,11.0,2.4,8.0,,,1012.5,8.1,8.8,,,0.6,,2026-04-26 18:00:00
290.0,9.0,11.0,2.3,8.0,,,1012.8,8.2,8.8,,,0.8,,2026-04-26 19:00:00
290.0,9.0,11.0,2.4,8.0,,,1012.9,8.1,8.8,,,0.6,,2026-04-26 20:00:00
290.0,10.0,12.0,2.1,8.0,,,1013.1,8.2,8.9,,,0.6,,2026-04-26 21:00:00
290.0,9.0,11.0,2.2,8.0,,,1013.2,8.2,8.9,,,0.4,,2026-04-26 22:00:00
300.0,9.0,11.0,2.3,8.0,,,1013.2,8.1,8.9,,,0.3,,2026-04-26 23:00:00
290.0,9.0,11.0,2.3,7.0,,,1013.0,8.4,8.9,,,-0.1,,2026-04-27 00:00:00
290.0,9.0,11.0,2.2,8.0,,,1013.0,8.6,8.9,,,-0.2,,2026-04-27 01:00:00
300.0,8.0,9.0,2.1,7.0,,,1013.0,9.1,8.9,,,-0.2,,2026-04-27 02:00:00
290.0,7.0,9.0,1.9,7.0,,,1013.1,9.3,8.9,,,0.1,,2026-04-27 03:00:00
290.0,7.0,8.0,2.0,7.0,,,1013.2,9.2,8.9,,,0.2,,2026-04-27 04:00:00
280.0,9.0,10.0,2.0,7.0,,,1013.2,9.3,8.9,,,0.2,,2026-04-27 05:00:00
300.0,9.0,11.0,2.1,7.0,,,1013.2,9.2,8.8,,,0.1,,2026-04-27 06:00:00
300.0,10.0,13.0,2.3,7.0,,,1013.3,9.0,8.8,,,0.1,,2026-04-27 07:00:00
300.0,9.0,11.0,2.2,7.0,,,1013.8,8.7,8.8,,,0.6,,2026-04-27 08:00:00
300.0,10.0,12.0,2.4,7.0,,,1013.9,8.4,8.8,,,0.7,,2026-04-27 09:00:00
300.0,9.0,11.0,2.7,8.0,,,1014.2,8.3,8.8,,,0.9,,2026-04-27 10:00:00
300.0,8.0,11.0,2.4,7.0,,,1014.3,8.2,8.7,,,0.5,,2026-04-27 11:00:00
290.0,9.0,11.0,2.5,7.0,,,1014.8,8.1,8.7,,,0.9,,2026-04-27 12:00:00
300.0,9.0,12.0,2.4,8.0,,,1015.1,8.0,8.7,,,0.9,,2026-04-27 13:00:00
310.0,8.0,11.0,2.5,7.0,,,1015.4,7.8,8.8,,,1.1,,2026-04-27 14:00:00
300.0,9.0,10.0,2.5,7.0,,,1015.7,7.8,8.8,,,0.9,,2026-04-27 15:00:00
300.0,9.0,11.0,2.3,7.0,,,1016.3,7.9,8.8,,,1.2,,2026-04-27 16:00:00
290.0,9.0,12.0,2.3,7.0,,,1016.5,7.9,8.8,,,1.1,,2026-04-27 17:00:00
290.0,8.0,10.0,2.5,7.0,,,1017.0,8.2,8.8,,,1.3,,2026-04-27 18:00:00
300.0,8.0,10.0,2.4,7.0,,,1017.5,8.2,8.8,,,1.2,,2026-04-27 19:00:00
290.0,8.0,9.0,2.3,7.0,,,1017.9,8.3,8.8,,,1.4,,2026-04-27 20:00:00
290.0,7.0,8.0,2.3,7.0,,,1018.4,8.4,8.8,,,1.4,,2026-04-27 21:00:00
280.0,7.0,8.0,2.0,7.0,,,1018.9,8.4,8.9,,,1.4,,2026-04-27 22:00:00
280.0,6.0,7.0,1.9,8.0,,,1019.3,8.5,8.9,,,1.4,,2026-04-27 23:00:00
270.0,7.0,8.0,1.8,7.0,,,1019.3,8.5,8.9,,,0.9,,2026-04-28 00:00:00
270.0,6.0,7.0,1.7,7.0,,,1019.5,8.6,9.0,,,0.6,,2026-04-28 01:00:00
260.0,5.0,7.0,1.8,7.0,,,1019.6,8.6,9.2,,,0.3,,2026-04-28 02:00:00
270.0,6.0,7.0,1.7,7.0,,,1019.6,8.6,9.2,,,0.3,,2026-04-28 03:00:00
260.0,6.0,7.0,1.6,7.0,,,1019.7,8.4,9.2,,,0.2,,2026-04-28 04:00:00
250.0,6.0,7.0,1.6,7.0,,,1020.0,8.4,8.9,,,0.4,,2026-04-28 05:00:00
250.0,6.0,7.0,1.6,7.0,,,1020.0,8.5,8.7,,,0.4,,2026-04-28 06:00:00
250.0,6.0,6.0,1.5,7.0,,,1020.2,8.5,8.7,,,0.5,,2026-04-28 07:00:00
280.0,6.0,7.0,1.3,7.0,,,1020.5,8.6,8.7,,,0.5,,2026-04-28 08:00:00
280.0,6.0,7.0,1.3,7.0,,,1020.8,8.7,8.7,,,0.8,,2026-04-28 09:00:00
280.0,6.0,7.0,1.2,8.0,,,1021.1,8.7,9.0,,,0.9,,2026-04-28 10:00:00
310.0,6.0,8.0,1.3,7.0,,,1021.5,8.4,9.2,,,1.0,,2026-04-28 11:00:00
310.0,7.0,9.0,1.4,8.0,,,1022.0,8.6,9.2,,,1.2,,2026-04-28 12:00:00
300.0,7.0,9.0,1.3,7.0,,,1022.3,8.6,9.3,,,1.2,,2026-04-28 13:00:00
310.0,7.0,8.0,1.3,7.0,,,1022.8,8.5,9.3,,,1.3,,2026-04-28 14:00:00
300.0,7.0,8.0,1.5,7.0,,,1023.5,8.6,9.3,,,1.5,,2026-04-28 15:00:00
300.0,7.0,8.0,1.4,7.0,,,1023.9,8.7,9.3,,,1.6,,2026-04-28 16:00:00
310.0,6.0,8.0,1.4,6.0,,,1023.9,8.8,9.4,,,1.1,,2026-04-28 17:00:00
290.0,6.0,7.0,1.4,7.0,,,1024.2,8.7,9.4,,,0.7,,2026-04-28 18:00:00
290.0,6.0,7.0,1.4,7.0,,,1024.5,8.6,9.4,,,0.6,,2026-04-28 19:00:00
290.0,7.0,8.0,1.5,7.0,,,1025.0,8.6,9.5,,,1.1,,2026-04-28 20:00:00
290.0,8.0,10.0,1.4,6.0,,,1025.1,8.7,9.5,,,0.9,,2026-04-28 21:00:00
290.0,8.0,10.0,1.4,7.0,,,1025.0,8.8,9.5,,,0.5,,2026-04-28 22:00:00
300.0,7.0,8.0,1.3,7.0,,,1025.5,8.9,9.5,,,0.5,,2026-04-28 23:00:00
280.0,9.0,10.0,1.3,6.0,,,1026.0,8.8,9.5,,,0.9,,2026-04-29 00:00:00
290.0,8.0,10.0,1.3,6.0,,,1025.8,9.1,9.4,,,0.8,,2026-04-29 01:00:00
290.0,7.0,9.0,1.4,7.0,,,1025.9,9.2,9.2,,,0.4,,2026-04-29 02:00:00
290.0,6.0,8.0,,,,,1025.9,9.2,9.2,,,-0.1,,2026-04-29 03:00:00
290.0,5.0,6.0,1.4,8.0,,,1026.0,9.0,9.1,,,0.2,,2026-04-29 04:00:00
290.0,5.0,6.0,1.2,8.0,,,1026.3,9.0,9.1,,,0.4,,2026-04-29 05:00:00
300.0,4.0,5.0,1.2,8.0,,,1026.4,9.1,9.1,,,0.5,,2026-04-29 06:00:00
280.0,5.0,5.0,1.1,8.0,,,1026.7,9.1,9.1,,,0.7,,2026-04-29 07:00:00
300.0,4.0,5.0,1.2,9.0,,,1026.9,9.1,9.1,,,0.6,,2026-04-29 08:00:00
320.0,3.0,4.0,1.2,11.0,,,1026.8,9.1,9.1,,,0.4,,2026-04-29 09:00:00
310.0,3.0,3.0,1.0,9.0,,,1027.2,9.1,9.1,,,0.5,,2026-04-29 10:00:00
290.0,2.0,2.0,1.3,11.0,,,1027.1,9.0,9.1,,,0.2,,2026-04-29 11:00:00
300.0,2.0,2.0,1.1,11.0,,,1027.1,8.9,9.2,,,0.3,,2026-04-29 12:00:00
270.0,2.0,2.0,1.2,11.0,,,1027.1,8.8,9.2,,,-0.1,,2026-04-29 13:00:00
340.0,1.0,1.0,1.3,12.0,,,1027.0,9.4,9.2,,,-0.1,,2026-04-29 14:00:00
80.0,1.0,1.0,1.3,12.0,,,1027.1,9.8,9.3,,,-0.0,,2026-04-29 15:00:00
150.0,1.0,1.0,1.4,11.0,,,1027.2,9.4,9.4,,,0.1,,2026-04-29 16:00:00
160.0,2.0,2.0,1.5,12.0,,,1027.1,9.7,9.6,,,0.1,,2026-04-29 17:00:00
130.0,2.0,3.0,1.2,11.0,,,1027.0,9.6,9.8,,,-0.1,,2026-04-29 18:00:00
120.0,3.0,3.0,1.3,11.0,,,1026.9,9.4,9.9,,,-0.3,,2026-04-29 19:00:00
170.0,3.0,3.0,1.3,12.0,,,1027.0,9.7,10.2,,,-0.1,,2026-04-29 20:00:00
200.0,2.0,3.0,1.3,12.0,,,1027.0,9.8,10.4,,,-0.0,,2026-04-29 21:00:00
240.0,2.0,3.0,1.2,12.0,,,1027.0,10.0,10.5,,,0.1,,2026-04-29 22:00:00
270.0,2.0,4.0,1.3,12.0,,,1026.5,9.8,10.7,,,-0.5,,2026-04-29 23:00:00
270.0,4.0,5.0,1.3,12.0,,,1026.2,9.7,10.6,,,-0.8,,2026-04-30 00:00:00
290.0,4.0,5.0,1.3,11.0,,,1026.1,9.9,10.6,,,-0.9,,2026-04-30 01:00:00
290.0,4.0,5.0,1.3,11.0,,,1025.7,9.9,10.5,,,-0.8,,2026-04-30 02:00:00
290.0,4.0,5.0,1.2,11.0,,,1025.4,9.7,10.3,,,-0.8,,2026-04-30 03:00:00
310.0,3.0,5.0,1.2,11.0,,,1025.2,8.3,10.1,,,-0.9,,2026-04-30 04:00:00
290.0,3.0,4.0,1.3,11.0,,,1025.2,8.0,10.0,,,-0.5,,2026-04-30 05:00:00
280.0,4.0,4.0,1.4,11.0,,,1024.8,8.1,10.0,,,-0.6,,2026-04-30 06:00:00
270.0,4.0,5.0,1.2,11.0,,,1024.4,7.9,10.0,,,-0.8,,2026-04-30 07:00:00
290.0,3.0,4.0,1.3,11.0,,,1024.2,7.9,10.0,,,-1.0,,2026-04-30 08:00:00
260.0,5.0,6.0,1.2,11.0,,,1024.1,8.3,9.9,,,-0.7,,2026-04-30 09:00:00
270.0,5.0,6.0,1.2,11.0,,,1024.2,9.0,9.9,,,-0.2,,2026-04-30 10:00:00
280.0,6.0,7.0,1.2,11.0,,,1023.9,9.2,9.6,,,-0.3,,2026-04-30 11:00:00
290.0,5.0,6.0,1.3,11.0,,,1023.9,9.3,9.6,,,-0.2,,2026-04-30 12:00:00
300.0,5.0,6.0,1.4,11.0,,,1023.8,9.2,9.6,,,-0.4,,2026-04-30 13:00:00
310.0,5.0,6.0,1.3,11.0,,,1023.7,9.2,9.6,,,-0.2,,2026-04-30 14:00:00
310.0,4.0,5.0,1.2,10.0,,,1023.7,9.3,9.6,,,-0.2,,2026-04-30 15:00:00
310.0,5.0,6.0,1.3,10.0,,,1023.4,9.3,9.5,,,-0.4,,2026-04-30 16:00:00
300.0,4.0,5.0,1.2,10.0,,,1023.5,9.2,9.6,,,-0.2,,2026-04-30 17:00:00
280.0,5.0,7.0,1.2,10.0,,,1023.4,9.2,9.6,,,-0.3,,2026-04-30 18:00:00
290.0,5.0,6.0,1.3,10.0,,,1023.3,9.2,9.7,,,-0.1,,2026-04-30 19:00:00
300.0,5.0,6.0,1.2,9.0,,,1023.2,9.3,9.8,,,-0.3,,2026-04-30 20:00:00
300.0,6.0,7.0,1.3,11.0,,,1022.7,9.6,9.8,,,,,2026-04-30 22:00:00
290.0,7.0,8.0,1.2,11.0,,,1022.3,9.6,9.8,,,,,2026-04-30 23:00:00
290.0,7.0,8.0,1.2,10.0,,,1021.8,9.5,9.7,,,,,2026-05-01 00:00:00
290.0,6.0,7.0,1.4,11.0,,,1021.4,9.5,9.7,,,-1.3,,2026-05-01 01:00:00
280.0,6.0,7.0,1.3,10.0,,,1021.0,9.6,9.7,,,-1.3,,2026-05-01 02:00:00
280.0,7.0,8.0,1.4,10.0,,,1020.7,9.5,9.6,,,-1.1,,2026-05-01 03:00:00
280.0,7.0,9.0,1.3,9.0,,,1020.4,9.5,9.4,,,-1.0,,2026-05-01 04:00:00
280.0,7.0,8.0,1.4,9.0,,,1020.8,9.4,9.4,,,-0.2,,2026-05-01 05:00:00
290.0,7.0,8.0,1.3,8.0,,,1020.5,9.4,9.4,,,-0.2,,2026-05-01 06:00:00
300.0,6.0,7.0,1.4,8.0,,,1020.4,9.6,9.4,,,0.0,,2026-05-01 07:00:00
300.0,6.0,7.0,1.3,9.0,,,1020.4,9.6,9.4,,,-0.4,,2026-05-01 08:00:00
310.0,6.0,6.0,1.2,8.0,,,1020.2,9.6,9.5,,,-0.3,,2026-05-01 09:00:00
300.0,6.0,7.0,1.3,9.0,,,1019.9,9.6,9.5,,,-0.5,,2026-05-01 10:00:00
300.0,6.0,7.0,1.3,9.0,,,1019.8,9.5,9.4,,,-0.6,,2026-05-01 11:00:00
300.0,6.0,8.0,1.3,9.0,,,1019.7,9.5,9.4,,,-0.5,,2026-05-01 12:00:00
290.0,7.0,8.0,1.5,9.0,,,1019.6,9.5,9.4,,,-0.3,,2026-05-01 13:00:00
290.0,7.0,9.0,1.5,10.0,,,1020.0,9.3,9.4,,,0.2,,2026-05-01 14:00:00
290.0,6.0,8.0,1.5,9.0,,,1020.4,9.4,9.4,,,0.7,,2026-05-01 15:00:00
290.0,7.0,9.0,1.5,8.0,,,1020.7,9.4,9.4,,,1.1,,2026-05-01 16:00:00
300.0,8.0,10.0,1.6,8.0,,,1020.6,9.4,9.5,,,0.6,,2026-05-01 17:00:00
300.0,8.0,10.0,1.5,8.0,,,1020.9,9.2,9.6,,,0.5,,2026-05-01 18:00:00
310.0,8.0,9.0,1.9,8.0,,,1021.1,9.1,9.6,,,0.4,,2026-05-01 19:00:00
310.0,8.0,9.0,1.9,7.0,,,1021.1,9.3,9.8,,,0.5,,2026-05-01 20:00:00
290.0,8.0,10.0,1.8,8.0,,,1021.3,9.0,9.8,,,0.4,,2026-05-01 21:00:00
290.0,8.0,10.0,1.7,8.0,,,1021.5,9.1,9.9,,,0.4,,2026-05-01 22:00:00
290.0,7.0,9.0,1.5,7.0,,,1021.4,9.9,10.1,,,0.3,,2026-05-01 23:00:00
280.0,9.0,10.0,1.5,8.0,,,1021.2,10.0,10.1,,,-0.1,,2026-05-02 00:00:00
290.0,9.0,11.0,1.6,8.0,,,1021.3,10.1,10.1,,,-0.2,,2026-05-02 01:00:00
290.0,9.0,10.0,1.7,7.0,,,1020.8,10.2,10.1,,,-0.6,,2026-05-02 02:00:00
280.0,9.0,11.0,1.7,7.0,,,1020.8,10.4,9.9,,,-0.4,,2026-05-02 03:00:00
280.0,9.0,11.0,1.7,7.0,,,1021.0,10.1,9.9,,,-0.3,,2026-05-02 04:00:00
290.0,9.0,11.0,1.6,7.0,,,1021.3,10.1,9.8,,,0.5,,2026-05-02 05:00:00
280.0,9.0,11.0,1.7,7.0,,,1021.1,10.1,9.8,,,0.3,,2026-05-02 06:00:00
290.0,9.0,10.0,1.7,7.0,,,1021.2,10.1,9.8,,,0.2,,2026-05-02 07:00:00
290.0,9.0,11.0,1.7,7.0,,,1021.2,10.1,9.8,,,-0.1,,2026-05-02 08:00:00
290.0,9.0,12.0,1.7,6.0,,,1021.2,10.2,9.8,,,0.1,,2026-05-02 09:00:00
310.0,9.0,12.0,1.7,6.0,,,1021.2,10.2,9.8,,,0.0,,2026-05-02 10:00:00
300.0,9.0,11.0,1.7,6.0,,,1021.4,10.1,9.7,,,0.2,,2026-05-02 11:00:00
300.0,10.0,12.0,1.6,6.0,,,1021.8,9.9,9.7,,,0.6,,2026-05-02 12:00:00
310.0,9.0,11.0,1.6,6.0,,,1022.1,9.8,9.7,,,0.9,,2026-05-02 13:00:00
310.0,9.0,11.0,1.6,6.0,,,1022.3,9.8,9.7,,,0.9,,2026-05-02 14:00:00
320.0,9.0,10.0,1.9,6.0,,,1022.7,10.0,9.7,,,0.9,,2026-05-02 15:00:00
320.0,8.0,10.0,1.8,7.0,,,1022.8,9.9,9.7,,,0.7,,2026-05-02 16:00:00
300.0,8.0,10.0,1.7,7.0,,,1022.8,9.7,9.7,,,0.5,,2026-05-02 17:00:00
300.0,9.0,11.0,1.9,7.0,,,1022.8,9.7,9.8,,,0.1,,2026-05-02 18:00:00
300.0,10.0,11.0,2.0,6.0,,,1022.7,9.7,9.8,,,-0.1,,2026-05-02 19:00:00
310.0,10.0,11.0,2.0,7.0,,,1022.5,9.7,9.9,,,-0.3,,2026-05-02 20:00:00
310.0,9.0,10.0,2.0,6.0,,,1022.3,9.9,9.9,,,-0.5,,2026-05-02 21:00:00
310.0,9.0,11.0,1.8,7.0,,,1021.9,10.2,9.9,,,-0.8,,2026-05-02 22:00:00
300.0,10.0,11.0,1.7,6.0,,,1021.4,10.4,10.0,,,-1.1,,2026-05-02 23:00:00
300.0,10.0,12.0,1.9,7.0,,,1020.8,10.7,9.9,,,-1.5,,2026-05-03 00:00:00
300.0,9.0,10.0,1.9,9.0,,,1020.6,10.7,9.9,,,-1.3,,2026-05-03 01:00:00
300.0,9.0,11.0,2.0,9.0,,,1020.2,10.7,9.9,,,-1.2,,2026-05-03 02:00:00
300.0,10.0,12.0,2.1,9.0,,,1019.7,11.0,10.0,,,-1.1,,2026-05-03 03:00:00
300.0,11.0,13.0,2.0,7.0,,,1019.8,11.1,9.9,,,-0.8,,2026-05-03 04:00:00
300.0,11.0,13.0,2.0,8.0,,,1019.9,11.2,9.8,,,-0.3,,2026-05-03 05:00:00
310.0,10.0,13.0,2.0,7.0,,,1019.7,11.2,9.8,,,0.0,,2026-05-03 06:00:00
310.0,9.0,11.0,2.2,9.0,,,1019.5,11.1,9.8,,,-0.3,,2026-05-03 07:00:00
310.0,10.0,12.0,2.3,9.0,,,1019.3,10.9,9.8,,,-0.6,,2026-05-03 08:00:00
310.0,11.0,14.0,2.3,8.0,,,1019.1,10.3,9.8,,,-0.6,,2026-05-03 09:00:00
310.0,10.0,13.0,2.3,8.0,,,1019.2,9.7,9.7,,,-0.3,,2026-05-03 10:00:00
310.0,10.0,12.0,2.2,8.0,,,1019.3,9.8,9.7,,,-0.0,,2026-05-03 11:00:00
310.0,10.0,13.0,2.6,9.0,,,1018.9,9.9,9.7,,,-0.2,,2026-05-03 12:00:00
310.0,11.0,12.0,2.7,8.0,,,1018.8,9.9,9.7,,,-0.4,,2026-05-03 13:00:00
310.0,11.0,14.0,2.8,9.0,,,1018.8,9.8,9.7,,,-0.5,,2026-05-03 14:00:00
310.0,10.0,13.0,2.7,9.0,,,1019.1,9.8,9.7,,,0.2,,2026-05-03 15:00:00
310.0,10.0,12.0,2.9,9.0,,,1018.8,10.0,9.7,,,0.0,,2026-05-03 16:00:00
310.0,10.0,12.0,3.0,9.0,,,1018.5,10.2,9.7,,,-0.3,,2026-05-03 17:00:00
310.0,10.0,12.0,2.8,9.0,,,1018.1,10.3,9.8,,,-1.0,,2026-05-03 18:00:00
300.0,10.0,13.0,2.8,9.0,,,1017.6,10.5,9.9,,,-1.2,,2026-05-03 19:00:00
310.0,10.0,13.0,2.7,8.0,,,1017.2,10.3,9.9,,,-1.3,,2026-05-03 20:00:00
310.0,10.0,12.0,2.7,8.0,,,1016.7,10.7,10.0,,,-1.4,,2026-05-03 21:00:00
310.0,9.0,11.0,2.7,9.0,,,1016.4,10.9,10.0,,,-1.2,,2026-05-03 22:00:00
300.0,9.0,11.0,2.7,8.0,,,1015.8,11.1,10.1,,,-1.4,,2026-05-03 23:00:00
300.0,10.0,13.0,2.5,8.0,,,1015.0,11.2,10.1,,,-1.7,,2026-05-04 00:00:00
310.0,11.0,12.0,2.6,8.0,,,1014.1,11.8,10.1,,,-2.3,,2026-05-04 01:00:00
310.0,10.0,12.0,2.9,8.0,,,1013.6,11.8,10.1,,,-2.2,,2026-05-04 02:00:00
310.0,10.0,12.0,2.4,8.0,,,1013.2,12.1,10.1,,,-1.8,,2026-05-04 03:00:00
300.0,9.0,11.0,2.7,9.0,,,1013.2,11.8,10.1,,,-0.9,,2026-05-04 04:00:00
310.0,9.0,12.0,2.7,9.0,,,1013.1,12.0,10.0,,,-0.5,,2026-05-04 05:00:00
310.0,9.0,11.0,2.6,8.0,,,1012.8,11.7,9.9,,,-0.4,,2026-05-04 06:00:00
310.0,9.0,11.0,2.6,8.0,,,1012.4,11.6,9.9,,,-0.8,,2026-05-04 07:00:00
300.0,9.0,10.0,2.6,8.0,,,1012.2,11.3,9.9,,,-0.9,,2026-05-04 08:00:00
310.0,8.0,9.0,2.5,8.0,,,1012.0,11.2,9.9,,,-0.8,,2026-05-04 09:00:00
330.0,8.0,9.0,2.4,8.0,,,1011.6,11.2,9.9,,,-0.8,,2026-05-04 10:00:00
330.0,7.0,8.0,2.3,8.0,,,1011.3,11.0,9.8,,,-0.9,,2026-05-04 11:00:00
320.0,6.0,7.0,2.2,8.0,,,1011.3,10.9,9.8,,,-0.7,,2026-05-04 12:00:00
340.0,5.0,6.0,2.2,9.0,,,1011.1,10.8,9.8,,,-0.5,,2026-05-04 13:00:00
340.0,2.0,3.0,1.9,9.0,,,1011.4,11.0,9.8,,,0.1,,2026-05-04 14:00:00
330.0,3.0,4.0,2.0,9.0,,,1011.5,11.0,9.8,,,0.2,,2026-05-04 15:00:00
320.0,4.0,5.0,1.9,9.0,,,1011.4,11.1,10.0,,,0.3,,2026-05-04 16:00:00
320.0,4.0,4.0,2.0,9.0,,,1011.5,11.1,10.1,,,0.1,,2026-05-04 17:00:00
310.0,3.0,4.0,1.9,9.0,,,1011.7,11.2,10.2,,,0.2,,2026-05-04 18:00:00
300.0,3.0,4.0,1.7,8.0,,,1011.6,11.2,10.5,,,0.2,,2026-05-04 19:00:00
300.0,5.0,6.0,2.0,8.0,,,1011.4,11.3,10.6,,,-0.1,,2026-05-04 20:00:00
300.0,5.0,5.0,1.9,8.0,,,1011.3,11.4,10.5,,,-0.4,,2026-05-04 21:00:00
290.0,5.0,6.0,1.8,9.0,,,1011.1,11.5,10.5,,,-0.5,,2026-05-04 22:00:00
300.0,6.0,7.0,1.7,8.0,,,1010.6,11.7,10.7,,,-0.8,,2026-05-04 23:00:00
310.0,6.0,7.0,1.6,8.0,,,1010.2,11.5,10.4,,,-1.1,,2026-05-05 00:00:00
300.0,5.0,6.0,1.6,8.0,,,1010.3,11.6,10.5,,,-0.8,,2026-05-05 01:00:00
320.0,4.0,4.0,1.6,8.0,,,1010.3,11.7,10.4,,,-0.3,,2026-05-05 02:00:00
290.0,2.0,3.0,1.3,9.0,,,1010.4,11.9,10.5,,,0.2,,2026-05-05 03:00:00
210.0,3.0,3.0,1.5,9.0,,,1010.6,11.1,10.7,,,0.3,,2026-05-05 04:00:00
250.0,3.0,4.0,1.3,9.0,,,1010.8,11.1,10.6,,,0.5,,2026-05-05 05:00:00
250.0,4.0,5.0,1.3,10.0,,,1010.9,10.9,10.3,,,0.5,,2026-05-05 06:00:00
240.0,4.0,5.0,1.3,9.0,,,1010.9,10.9,10.2,,,0.3,,2026-05-05 07:00:00
240.0,5.0,6.0,1.2,9.0,,,1011.3,10.8,10.1,,,0.5,,2026-05-05 08:00:00
260.0,3.0,4.0,1.2,9.0,,,1011.6,10.9,10.0,,,0.7,,2026-05-05 09:00:00
270.0,2.0,2.0,1.2,8.0,,,1011.7,10.8,10.1,,,0.8,,2026-05-05 10:00:00
180.0,3.0,4.0,1.2,9.0,,,1012.1,10.5,10.2,,,0.8,,2026-05-05 11:00:00
190.0,4.0,5.0,1.1,10.0,,,1012.4,10.7,10.1,,,0.8,,2026-05-05 12:00:00
190.0,6.0,7.0,1.0,10.0,,,1012.8,10.6,10.2,,,1.1,,2026-05-05 13:00:00
200.0,5.0,5.0,1.0,9.0,,,1013.3,10.8,10.2,,,1.2,,2026-05-05 14:00:00
180.0,4.0,5.0,1.3,10.0,,,1014.0,10.8,10.2,,,1.6,,2026-05-05 15:00:00
170.0,5.0,7.0,1.1,9.0,,,1014.5,10.3,10.2,,,1.7,,2026-05-05 16:00:00
180.0,5.0,6.0,1.2,9.0,,,1015.1,9.5,10.2,,,1.8,,2026-05-05 17:00:00
170.0,6.0,7.0,1.2,9.0,,,1015.4,10.2,10.3,,,1.4,,2026-05-05 18:00:00
170.0,5.0,7.0,1.2,9.0,,,1015.8,10.7,10.4,,,1.3,,2026-05-05 19:00:00
170.0,5.0,6.0,1.1,9.0,,,1016.0,10.8,10.6,,,0.9,,2026-05-05 20:00:00
180.0,6.0,7.0,1.1,8.0,,,1016.2,10.9,10.7,,,0.8,,2026-05-05 21:00:00
200.0,5.0,6.0,1.0,7.0,,,1016.3,11.0,10.7,,,0.5,,2026-05-05 22:00:00
280.0,4.0,7.0,1.2,8.0,,,1016.4,11.2,10.7,,,0.4,,2026-05-05 23:00:00
290.0,6.0,8.0,1.2,7.0,,,1016.3,11.1,10.7,,,0.1,,2026-05-06 00:00:00
310.0,5.0,6.0,1.3,8.0,,,1016.2,11.4,10.8,,,-0.1,,2026-05-06 01:00:00
280.0,8.0,9.0,1.5,9.0,,,1016.4,11.3,10.8,,,-0.0,,2026-05-06 02:00:00
280.0,7.0,9.0,1.7,9.0,,,1016.6,11.0,10.7,,,0.3,,2026-05-06 03:00:00
270.0,8.0,10.0,1.8,9.0,,,1017.1,10.8,10.5,,,0.9,,2026-05-06 04:00:00
280.0,8.0,10.0,2.1,9.0,,,1017.7,10.8,10.7,,,1.3,,2026-05-06 05:00:00
280.0,9.0,11.0,2.1,10.0,,,1018.1,10.4,10.6,,,1.5,,2026-05-06 06:00:00
280.0,9.0,11.0,2.3,9.0,,,1018.4,10.3,10.5,,,1.3,,2026-05-06 07:00:00
300.0,10.0,12.0,2.0,8.0,,,1018.9,10.4,10.4,,,1.2,,2026-05-06 08:00:00
300.0,10.0,13.0,2.4,8.0,,,1019.2,10.0,10.3,,,1.1,,2026-05-06 09:00:00
310.0,10.0,12.0,2.5,8.0,,,1019.2,9.6,10.1,,,0.8,,2026-05-06 10:00:00
310.0,11.0,12.0,2.6,7.0,,,1019.4,9.5,10.1,,,0.5,,2026-05-06 11:00:00
310.0,10.0,11.0,2.8,7.0,,,1020.1,9.4,10.0,,,0.9,,2026-05-06 12:00:00
300.0,10.0,12.0,2.4,8.0,,,1020.6,9.1,9.9,,,1.4,,2026-05-06 13:00:00
310.0,9.0,11.0,2.4,8.0,,,1021.1,9.2,9.6,,,1.7,,2026-05-06 14:00:00
310.0,9.0,11.0,2.6,8.0,,,1021.7,9.4,9.7,,,1.6,,2026-05-06 15:00:00
300.0,9.0,11.0,2.6,8.0,,,1022.1,9.3,9.7,,,1.5,,2026-05-06 16:00:00
300.0,9.0,11.0,2.4,8.0,,,1022.7,9.3,9.8,,,1.6,,2026-05-06 17:00:00
300.0,9.0,11.0,2.3,9.0,,,1023.1,9.0,9.6,,,1.4,,2026-05-06 18:00:00
310.0,8.0,10.0,2.4,9.0,,,1023.4,9.1,9.6,,,1.3,,2026-05-06 19:00:00
290.0,7.0,9.0,2.2,8.0,,,1023.8,9.2,9.7,,,1.1,,2026-05-06 20:00:00
290.0,8.0,9.0,2.4,9.0,,,1023.8,9.2,9.7,,,0.7,,2026-05-06 21:00:00
280.0,7.0,9.0,2.3,9.0,,,1024.0,9.4,9.7,,,0.6,,2026-05-06 22:00:00
300.0,8.0,9.0,2.1,8.0,,,1024.0,9.3,9.8,,,0.2,,2026-05-06 23:00:00
290.0,8.0,10.0,2.1,8.0,,,1023.9,9.2,9.8,,,0.1,,2026-05-07 00:00:00
290.0,9.0,11.0,2.1,8.0,,,1024.2,9.3,9.9,,,0.2,,2026-05-07 01:00:00
290.0,8.0,11.0,2.0,9.0,,,1024.0,9.3,9.9,,,0.0,,2026-05-07 02:00:00
290.0,8.0,9.0,2.1,9.0,,,1024.1,9.4,9.8,,,0.2,,2026-05-07 03:00:00
290.0,7.0,9.0,2.2,9.0,,,1023.7,9.4,9.7,,,-0.5,,2026-05-07 04:00:00
280.0,8.0,10.0,2.3,10.0,,,1023.8,9.4,9.7,,,-0.2,,2026-05-07 05:00:00
290.0,7.0,9.0,2.5,9.0,,,1023.7,9.4,9.6,,,-0.4,,2026-05-07 06:00:00
300.0,8.0,10.0,2.4,10.0,,,1023.5,9.1,9.6,,,-0.2,,2026-05-07 07:00:00
300.0,7.0,9.0,2.1,9.0,,,1023.3,9.2,9.7,,,-0.5,,2026-05-07 08:00:00
310.0,9.0,11.0,2.1,9.0,,,1023.2,9.6,9.7,,,-0.5,,2026-05-07 09:00:00
310.0,10.0,12.0,2.0,8.0,,,1022.8,9.1,9.6,,,-0.7,,2026-05-07 10:00:00
320.0,8.0,10.0,2.1,8.0,,,1022.9,8.8,9.7,,,-0.4,,2026-05-07 11:00:00
310.0,8.0,9.0,1.9,8.0,,,1022.6,8.8,9.7,,,-0.6,,2026-05-07 12:00:00
320.0,7.0,9.0,1.7,7.0,,,1022.4,8.8,9.7,,,-0.4,,2026-05-07 13:00:00
310.0,8.0,9.0,1.7,8.0,,,1022.5,8.7,9.7,,,-0.4,,2026-05-07 14:00:00
310.0,7.0,9.0,1.8,7.0,,,1022.5,8.8,9.7,,,-0.1,,2026-05-07 15:00:00
320.0,6.0,8.0,1.7,7.0,,,1022.5,8.9,9.7,,,0.1,,2026-05-07 16:00:00
310.0,7.0,8.0,1.7,8.0,,,1022.3,8.9,9.7,,,-0.2,,2026-05-07 17:00:00
330.0,6.0,7.0,1.9,8.0,,,1021.9,9.0,9.7,,,-0.6,,2026-05-07 18:00:00
320.0,4.0,5.0,1.8,8.0,,,1021.9,9.1,9.9,,,-0.6,,2026-05-07 19:00:00
310.0,4.0,5.0,1.8,8.0,,,1021.5,9.3,10.0,,,-0.8,,2026-05-07 20:00:00
320.0,4.0,5.0,1.8,9.0,,,1020.9,9.3,10.1,,,-1.0,,2026-05-07 21:00:00
300.0,5.0,6.0,1.8,9.0,,,1020.5,9.3,10.3,,,-1.4,,2026-05-07 22:00:00
290.0,5.0,6.0,1.6,8.0,,,1019.6,9.2,10.3,,,-1.9,,2026-05-07 23:00:00
300.0,5.0,6.0,1.5,8.0,,,1018.7,9.1,10.1,,,-2.2,,2026-05-08 00:00:00
290.0,4.0,5.0,1.3,8.0,,,1018.5,9.3,10.2,,,-2.0,,2026-05-08 01:00:00
310.0,5.0,5.0,1.3,8.0,,,1017.7,9.3,10.2,,,-1.9,,2026-05-08 02:00:00
320.0,3.0,4.0,1.3,9.0,,,1017.0,9.0,10.3,,,-1.7,,2026-05-08 03:00:00
350.0,3.0,3.0,1.2,8.0,,,1016.4,8.9,10.2,,,-2.1,,2026-05-08 04:00:00
10.0,2.0,3.0,1.2,9.0,,,1015.9,8.9,10.2,,,-1.8,,2026-05-08 05:00:00
90.0,1.0,2.0,1.1,9.0,,,1015.4,8.9,10.1,,,-1.6,,2026-05-08 06:00:00
90.0,2.0,3.0,1.2,9.0,,,1014.7,9.1,9.9,,,-1.7,,2026-05-08 07:00:00
130.0,3.0,4.0,1.1,9.0,,,1014.4,9.3,10.0,,,-1.5,,2026-05-08 08:00:00
160.0,4.0,5.0,1.3,9.0,,,1014.6,9.6,10.0,,,-0.8,,2026-05-08 09:00:00
160.0,5.0,5.0,1.1,8.0,,,1014.1,10.0,9.9,,,-0.6,,2026-05-08 10:00:00
150.0,4.0,5.0,1.2,9.0,,,1013.9,10.1,9.9,,,-0.5,,2026-05-08 11:00:00
170.0,5.0,6.0,1.0,8.0,,,1014.0,10.0,9.9,,,-0.6,,2026-05-08 12:00:00
160.0,6.0,8.0,1.0,9.0,,,1013.8,9.6,10.0,,,-0.3,,2026-05-08 13:00:00
170.0,8.0,10.0,0.8,7.0,,,1013.6,9.9,10.0,,,-0.3,,2026-05-08 14:00:00
170.0,8.0,9.0,0.9,7.0,,,1014.0,9.9,10.0,,,-0.0,,2026-05-08 15:00:00
160.0,9.0,11.0,1.0,5.0,,,1014.3,9.9,9.9,,,0.5,,2026-05-08 16:00:00
150.0,8.0,10.0,1.1,5.0,,,1014.7,10.0,9.9,,,1.1,,2026-05-08 17:00:00
150.0,10.0,12.0,1.3,5.0,,,1015.0,10.2,10.0,,,1.0,,2026-05-08 18:00:00
150.0,11.0,14.0,1.6,5.0,,,1015.1,10.2,10.0,,,0.8,,2026-05-08 19:00:00
150.0,13.0,16.0,1.7,5.0,,,1015.1,10.5,10.0,,,0.4,,2026-05-08 20:00:00
150.0,13.0,16.0,1.9,6.0,,,1015.3,10.5,10.0,,,0.3,,2026-05-08 21:00:00
150.0,12.0,14.0,2.1,6.0,,,1015.8,10.4,10.0,,,0.7,,2026-05-08 22:00:00
150.0,11.0,14.0,2.0,6.0,,,1016.1,10.5,10.0,,,1.0,,2026-05-08 23:00:00
150.0,13.0,16.0,2.1,6.0,,,1015.8,10.8,10.0,,,0.5,,2026-05-09 00:00:00
150.0,13.0,16.0,2.3,6.0,,,1015.7,10.9,9.8,,,-0.1,,2026-05-09 01:00:00
160.0,14.0,18.0,2.3,6.0,,,1015.6,10.9,9.8,,,-0.5,,2026-05-09 02:00:00
160.0,12.0,15.0,2.5,7.0,,,1016.1,10.8,9.8,,,0.3,,2026-05-09 03:00:00
150.0,9.0,12.0,2.1,7.0,,,1016.6,10.6,9.8,,,0.9,,2026-05-09 04:00:00
160.0,13.0,16.0,2.1,7.0,,,1016.9,10.3,9.9,,,1.3,,2026-05-09 05:00:00
150.0,10.0,12.0,2.0,7.0,,,1017.1,10.3,9.8,,,1.0,,2026-05-09 06:00:00
150.0,9.0,12.0,1.9,7.0,,,1017.5,10.4,9.8,,,0.9,,2026-05-09 07:00:00
140.0,11.0,13.0,1.7,6.0,,,1017.6,10.5,9.8,,,0.7,,2026-05-09 08:00:00
140.0,11.0,14.0,1.7,6.0,,,1017.7,10.5,9.8,,,0.6,,2026-05-09 09:00:00
140.0,12.0,15.0,1.9,6.0,,,1017.3,10.8,9.7,,,-0.2,,2026-05-09 10:00:00
130.0,11.0,14.0,1.8,7.0,,,1017.5,10.8,9.8,,,-0.1,,2026-05-09 11:00:00
140.0,11.0,13.0,2.0,6.0,,,1017.3,11.0,9.8,,,-0.4,,2026-05-09 12:00:00
130.0,9.0,11.0,1.9,7.0,,,1017.3,10.9,9.8,,,0.0,,2026-05-09 13:00:00
130.0,11.0,13.0,1.9,7.0,,,1017.3,10.9,9.8,,,-0.2,,2026-05-09 14:00:00
130.0,10.0,12.0,1.9,7.0,,,1017.6,11.0,9.7,,,0.3,,2026-05-09 15:00:00
140.0,12.0,14.0,2.0,7.0,,,1017.8,11.3,9.8,,,0.5,,2026-05-09 16:00:00
130.0,10.0,12.0,2.1,7.0,,,1017.8,10.9,9.8,,,0.5,,2026-05-09 17:00:00
140.0,11.0,15.0,2.2,7.0,,,1017.9,11.1,9.9,,,0.3,,2026-05-09 18:00:00
150.0,14.0,16.0,2.2,8.0,,,1017.5,11.3,10.0,,,-0.3,,2026-05-09 19:00:00
150.0,13.0,16.0,2.2,7.0,,,1017.5,11.4,10.0,,,-0.3,,2026-05-09 20:00:00
140.0,14.0,17.0,2.5,7.0,,,1016.8,11.6,9.9,,,-1.1,,2026-05-09 21:00:00
160.0,13.0,15.0,2.7,8.0,,,1016.7,11.5,9.9,,,-0.8,,2026-05-09 22:00:00
160.0,12.0,15.0,2.6,8.0,,,1016.0,11.6,9.9,,,-1.5,,2026-05-09 23:00:00
160.0,12.0,15.0,2.5,8.0,,,1015.3,11.4,9.9,,,-1.5,,2026-05-10 00:00:00
150.0,13.0,16.0,2.7,8.0,,,1014.7,11.3,9.9,,,-2.0,,2026-05-10 01:00:00
150.0,13.0,15.0,2.6,8.0,,,1014.2,11.2,9.9,,,-1.8,,2026-05-10 02:00:00
150.0,12.0,15.0,2.5,8.0,,,1014.1,11.1,9.9,,,-1.2,,2026-05-10 03:00:00
160.0,11.0,14.0,2.7,8.0,,,1014.5,10.8,9.9,,,-0.2,,2026-05-10 04:00:00
160.0,11.0,14.0,2.3,8.0,,,1014.5,10.7,9.8,,,0.3,,2026-05-10 05:00:00
160.0,9.0,11.0,2.4,8.0,,,1014.8,10.5,9.8,,,0.7,,2026-05-10 06:00:00
170.0,8.0,10.0,2.6,8.0,,,1015.1,10.3,9.9,,,0.6,,2026-05-10 07:00:00
170.0,7.0,8.0,2.5,9.0,,,1015.4,10.3,9.9,,,0.9,,2026-05-10 08:00:00
170.0,5.0,6.0,2.4,8.0,,,1015.5,10.3,9.9,,,0.7,,2026-05-10 09:00:00
170.0,4.0,5.0,2.3,9.0,,,1015.6,10.2,9.9,,,0.5,,2026-05-10 10:00:00
190.0,4.0,5.0,2.1,9.0,,,1015.8,10.1,9.9,,,0.4,,2026-05-10 11:00:00
190.0,5.0,6.0,2.1,9.0,,,1015.7,10.0,10.0,,,0.2,,2026-05-10 12:00:00
210.0,3.0,4.0,2.1,9.0,,,1015.8,10.0,10.0,,,0.2,,2026-05-10 13:00:00
200.0,3.0,4.0,1.9,9.0,,,1016.0,10.2,10.0,,,0.2,,2026-05-10 14:00:00
220.0,3.0,4.0,2.0,9.0,,,1016.2,10.4,10.0,,,0.5,,2026-05-10 15:00:00
230.0,5.0,6.0,1.9,10.0,,,1016.8,10.6,10.1,,,1.0,,2026-05-10 16:00:00
200.0,4.0,5.0,1.9,9.0,,,1017.3,10.6,10.2,,,1.3,,2026-05-10 17:00:00
180.0,4.0,5.0,1.8,10.0,,,1017.8,10.6,10.3,,,1.6,,2026-05-10 18:00:00
190.0,5.0,6.0,2.1,10.0,,,1018.6,10.6,10.4,,,1.8,,2026-05-10 19:00:00
190.0,5.0,6.0,2.2,9.0,,,1019.4,10.7,10.5,,,2.1,,2026-05-10 20:00:00
180.0,5.0,6.0,2.4,10.0,,,1019.9,10.6,10.6,,,2.1,,2026-05-10 21:00:00
180.0,5.0,6.0,2.2,10.0,,,1020.5,10.8,10.8,,,1.9,,2026-05-10 22:00:00
170.0,4.0,6.0,2.2,10.0,,,1020.8,10.8,10.7,,,1.4,,2026-05-10 23:00:00
170.0,6.0,7.0,2.2,9.0,,,1020.9,10.7,10.6,,,1.0,,2026-05-11 00:00:00
190.0,6.0,7.0,2.3,10.0,,,1021.1,10.5,10.6,,,0.6,,2026-05-11 01:00:00
200.0,3.0,4.0,2.0,9.0,,,1021.2,9.9,10.4,,,0.4,,2026-05-11 02:00:00
190.0,4.0,5.0,2.0,9.0,,,1021.4,10.4,10.4,,,0.5,,2026-05-11 03:00:00
210.0,2.0,3.0,2.1,10.0,,,1021.8,10.0,10.4,,,0.7,,2026-05-11 04:00:00
190.0,2.0,3.0,1.8,10.0,,,1022.4,10.1,10.3,,,1.2,,2026-05-11 05:00:00
200.0,2.0,3.0,2.1,10.0,,,1023.0,10.1,10.2,,,1.6,,2026-05-11 06:00:00
220.0,3.0,4.0,1.8,10.0,,,1023.8,10.2,10.3,,,2.0,,2026-05-11 07:00:00
200.0,2.0,3.0,2.0,10.0,,,1024.4,10.1,10.3,,,2.0,,2026-05-11 08:00:00
160.0,2.0,2.0,1.9,10.0,,,1024.6,9.9,10.2,,,1.6,,2026-05-11 09:00:00
150.0,2.0,2.0,1.8,10.0,,,1024.6,10.0,10.2,,,0.8,,2026-05-11 10:00:00
140.0,2.0,3.0,1.9,10.0,,,1024.9,10.0,10.1,,,0.5,,2026-05-11 11:00:00
180.0,1.0,2.0,1.9,10.0,,,1024.9,10.0,10.2,,,0.3,,2026-05-11 12:00:00
160.0,1.0,2.0,1.9,9.0,,,1025.1,10.0,10.3,,,0.5,,2026-05-11 13:00:00
130.0,1.0,2.0,1.7,9.0,,,1025.3,10.2,10.4,,,0.4,,2026-05-11 14:00:00
100.0,1.0,2.0,1.7,9.0,,,1025.2,11.1,10.3,,,0.3,,2026-05-11 15:00:00
20.0,2.0,3.0,1.9,9.0,,,1025.3,10.7,10.5,,,0.2,,2026-05-11 16:00:00
30.0,2.0,2.0,1.6,9.0,,,1025.6,10.8,10.9,,,0.3,,2026-05-11 17:00:00
10.0,2.0,3.0,1.5,9.0,,,1025.6,10.7,11.1,,,0.4,,2026-05-11 18:00:00
360.0,2.0,3.0,1.6,10.0,,,1025.5,10.8,11.5,,,0.2,,2026-05-11 19:00:00
290.0,2.0,3.0,1.4,10.0,,,1025.6,10.9,12.0,,,-0.0,,2026-05-11 20:00:00
310.0,3.0,4.0,1.6,10.0,,,1025.2,11.2,12.2,,,-0.4,,2026-05-11 21:00:00
310.0,4.0,4.0,1.4,10.0,,,1025.0,11.0,11.7,,,-0.5,,2026-05-11 22:00:00
310.0,5.0,6.0,1.5,9.0,,,1024.2,11.0,11.5,,,-1.4,,2026-05-11 23:00:00
320.0,5.0,6.0,1.4,9.0,,,1023.4,11.0,11.1,,,-1.8,,2026-05-12 00:00:00
310.0,6.0,7.0,1.5,9.0,,,1022.8,11.0,10.9,,,-2.2,,2026-05-12 01:00:00
320.0,6.0,7.0,1.4,9.0,,,1021.7,10.9,10.8,,,-2.5,,2026-05-12 02:00:00
310.0,6.0,7.0,1.3,8.0,,,1021.0,10.8,10.6,,,-2.4,,2026-05-12 03:00:00
330.0,7.0,8.0,1.5,9.0,,,1020.2,10.6,10.6,,,-2.6,,2026-05-12 04:00:00
330.0,6.0,7.0,1.4,9.0,,,1019.8,10.6,10.5,,,-1.9,,2026-05-12 05:00:00
330.0,7.0,8.0,1.3,8.0,,,1019.0,10.6,10.4,,,-2.0,,2026-05-12 06:00:00
330.0,6.0,7.0,1.2,8.0,,,1018.3,10.6,10.5,,,-1.9,,2026-05-12 07:00:00
330.0,7.0,8.0,1.3,9.0,,,1017.7,10.5,10.4,,,-2.1,,2026-05-12 08:00:00
330.0,6.0,7.0,1.4,9.0,,,1017.1,10.4,10.5,,,-1.9,,2026-05-12 09:00:00
330.0,6.0,7.0,1.3,9.0,,,1016.2,10.4,10.5,,,-2.1,,2026-05-12 10:00:00
340.0,5.0,6.0,1.3,10.0,,,1015.4,10.4,10.5,,,-2.3,,2026-05-12 11:00:00
350.0,4.0,4.0,1.2,9.0,,,1014.8,10.6,10.5,,,-2.3,,2026-05-12 12:00:00
0.0,3.0,4.0,1.2,9.0,,,1014.2,10.6,10.5,,,-2.0,,2026-05-12 13:00:00
350.0,3.0,3.0,1.1,9.0,,,1013.8,10.8,10.5,,,-1.6,,2026-05-12 14:00:00
10.0,3.0,4.0,1.1,9.0,,,1013.6,10.9,10.6,,,-1.2,,2026-05-12 15:00:00
30.0,2.0,3.0,1.0,8.0,,,1013.4,11.3,10.6,,,-0.8,,2026-05-12 16:00:00
40.0,2.0,3.0,1.1,9.0,,,1013.0,11.4,10.8,,,-0.8,,2026-05-12 17:00:00
20.0,1.0,1.0,1.0,9.0,,,1012.7,12.3,11.0,,,-0.9,,2026-05-12 18:00:00
340.0,2.0,4.0,1.0,9.0,,,1012.6,12.1,11.7,,,-0.8,,2026-05-12 19:00:00
360.0,1.0,2.0,0.9,10.0,,,1012.2,12.5,12.0,,,-0.8,,2026-05-12 20:00:00
330.0,3.0,3.0,1.0,10.0,,,1011.5,12.0,12.2,,,-1.2,,2026-05-12 21:00:00
330.0,1.0,1.0,0.8,9.0,,,1011.7,12.7,12.3,,,-0.9,,2026-05-12 22:00:00
330.0,1.0,2.0,0.9,9.0,,,1010.9,12.2,12.2,,,-1.3,,2026-05-12 23:00:00
320.0,1.0,2.0,0.8,9.0,,,1010.8,11.9,11.7,,,,,2026-05-13 01:00:00
300.0,2.0,3.0,0.9,9.0,,,1010.5,11.8,12.0,,,,,2026-05-13 02:00:00
270.0,2.0,3.0,0.9,9.0,,,1010.5,11.5,11.7,,,,,2026-05-13 03:00:00
160.0,1.0,2.0,0.9,9.0,,,1010.6,11.3,11.7,,,-0.2,,2026-05-13 04:00:00
190.0,2.0,2.0,0.9,10.0,,,1010.6,11.2,11.7,,,0.1,,2026-05-13 05:00:00
220.0,2.0,3.0,1.0,9.0,,,1010.5,11.0,11.3,,,0.0,,2026-05-13 06:00:00
260.0,2.0,3.0,1.1,10.0,,,1010.2,10.8,11.1,,,-0.4,,2026-05-13 07:00:00
260.0,4.0,5.0,1.2,10.0,,,1010.1,10.7,10.8,,,-0.5,,2026-05-13 08:00:00
250.0,6.0,7.0,1.3,10.0,,,1010.1,10.5,10.8,,,-0.4,,2026-05-13 09:00:00
250.0,4.0,5.0,1.3,10.0,,,1010.5,10.5,10.8,,,0.3,,2026-05-13 10:00:00
270.0,4.0,5.0,1.2,10.0,,,1010.8,10.8,10.6,,,0.7,,2026-05-13 11:00:00
290.0,5.0,6.0,1.3,9.0,,,1010.6,10.6,10.5,,,0.5,,2026-05-13 12:00:00
300.0,4.0,5.0,1.4,10.0,,,1010.9,10.7,10.6,,,0.4,,2026-05-13 13:00:00
280.0,4.0,5.0,1.4,9.0,,,1011.4,10.7,10.9,,,0.6,,2026-05-13 14:00:00
260.0,3.0,3.0,1.5,10.0,,,1011.7,10.8,11.2,,,1.1,,2026-05-13 15:00:00
260.0,6.0,7.0,1.5,10.0,,,1011.8,10.7,11.2,,,0.9,,2026-05-13 16:00:00
270.0,8.0,10.0,1.6,9.0,,,1012.2,10.3,10.9,,,0.8,,2026-05-13 17:00:00
290.0,5.0,6.0,1.5,9.0,,,1012.8,10.6,10.6,,,1.1,,2026-05-13 18:00:00
290.0,4.0,5.0,1.4,9.0,,,1013.2,10.8,10.6,,,1.4,,2026-05-13 19:00:00
250.0,4.0,5.0,1.4,10.0,,,1013.8,11.0,10.7,,,1.6,,2026-05-13 20:00:00
220.0,5.0,6.0,1.4,10.0,,,1014.3,11.0,10.9,,,1.5,,2026-05-13 21:00:00
220.0,4.0,5.0,1.4,10.0,,,1014.8,11.0,11.1,,,1.6,,2026-05-13 22:00:00
200.0,4.0,5.0,1.2,9.0,,,1015.2,11.2,11.2,,,1.4,,2026-05-13 23:00:00
190.0,4.0,5.0,1.3,9.0,,,1015.3,11.0,11.2,,,1.0,,2026-05-14 00:00:00
200.0,6.0,8.0,1.3,9.0,,,1015.4,10.1,11.1,,,0.6,,2026-05-14 01:00:00
180.0,7.0,9.0,1.3,9.0,,,1015.2,10.1,10.9,,,0.0,,2026-05-14 02:00:00
240.0,7.0,8.0,1.3,8.0,,,1015.4,10.1,10.6,,,0.1,,2026-05-14 03:00:00
220.0,6.0,8.0,1.2,7.0,,,1015.7,10.3,10.6,,,0.3,,2026-05-14 04:00:00
230.0,7.0,8.0,1.2,7.0,,,1016.0,9.6,10.5,,,0.8,,2026-05-14 05:00:00
220.0,7.0,8.0,1.2,7.0,,,1016.2,9.8,10.7,,,0.8,,2026-05-14 06:00:00
230.0,5.0,7.0,1.2,8.0,,,1016.6,10.1,10.9,,,0.9,,2026-05-14 07:00:00
220.0,6.0,7.0,1.2,7.0,,,1016.9,10.2,11.0,,,0.9,,2026-05-14 08:00:00
210.0,5.0,7.0,1.2,7.0,,,1017.1,9.4,10.9,,,0.9,,2026-05-14 09:00:00
200.0,10.0,12.0,1.2,7.0,,,1017.2,9.0,10.8,,,0.6,,2026-05-14 10:00:00
230.0,4.0,5.0,1.2,7.0,,,1017.3,9.3,10.7,,,0.4,,2026-05-14 11:00:00
210.0,5.0,7.0,1.1,8.0,,,1017.2,9.7,10.5,,,0.1,,2026-05-14 12:00:00
160.0,6.0,7.0,1.2,7.0,,,1016.9,9.5,10.5,,,-0.3,,2026-05-14 13:00:00
140.0,5.0,6.0,1.4,7.0,,,1016.8,9.4,10.5,,,-0.5,,2026-05-14 14:00:00
150.0,7.0,9.0,1.3,7.0,,,1016.7,9.3,10.5,,,-0.5,,2026-05-14 15:00:00
160.0,5.0,7.0,1.5,7.0,,,1016.7,9.5,10.5,,,-0.2,,2026-05-14 16:00:00
150.0,8.0,10.0,1.4,6.0,,,1016.6,9.3,10.5,,,-0.2,,2026-05-14 17:00:00
160.0,7.0,8.0,1.4,6.0,,,1016.6,9.3,10.5,,,-0.1,,2026-05-14 18:00:00
150.0,7.0,8.0,1.4,7.0,,,1016.4,9.6,10.6,,,-0.3,,2026-05-14 19:00:00
130.0,6.0,7.0,1.2,7.0,,,1016.5,9.8,10.8,,,-0.1,,2026-05-14 20:00:00
130.0,6.0,7.0,1.1,7.0,,,1016.4,9.7,11.0,,,-0.2,,2026-05-14 21:00:00
170.0,4.0,5.0,1.1,7.0,,,1016.4,10.0,11.0,,,0.0,,2026-05-14 22:00:00
210.0,3.0,4.0,1.1,8.0,,,1016.6,10.4,11.1,,,0.1,,2026-05-14 23:00:00
260.0,4.0,5.0,1.1,8.0,,,1016.5,10.4,11.2,,,0.1,,2026-05-15 00:00:00
280.0,3.0,4.0,1.0,8.0,,,1016.4,9.9,11.2,,,0.0,,2026-05-15 01:00:00
270.0,2.0,3.0,1.1,9.0,,,1016.4,10.0,11.3,,,-0.2,,2026-05-15 02:00:00
260.0,3.0,3.0,1.1,8.0,,,1016.3,9.8,11.2,,,-0.2,,2026-05-15 03:00:00
250.0,4.0,5.0,1.1,8.0,,,1015.9,9.9,11.0,,,-0.5,,2026-05-15 04:00:00
220.0,4.0,5.0,1.2,8.0,,,1015.8,9.8,10.9,,,-0.6,,2026-05-15 05:00:00
240.0,8.0,10.0,1.2,8.0,,,1015.5,8.9,10.8,,,-0.8,,2026-05-15 06:00:00
240.0,4.0,5.0,1.2,8.0,,,1015.5,9.5,10.7,,,-0.4,,2026-05-15 07:00:00
240.0,3.0,5.0,1.3,8.0,,,1015.2,9.1,10.7,,,-0.6,,2026-05-15 08:00:00
210.0,4.0,5.0,1.1,8.0,,,1014.8,9.6,10.7,,,-0.7,,2026-05-15 09:00:00
170.0,3.0,4.0,1.1,8.0,,,1014.7,9.3,10.6,,,-0.8,,2026-05-15 10:00:00
180.0,3.0,4.0,1.3,9.0,,,1014.6,7.7,10.7,,,-0.6,,2026-05-15 11:00:00
180.0,6.0,7.0,1.3,8.0,,,1014.6,8.0,10.7,,,-0.2,,2026-05-15 12:00:00
200.0,7.0,8.0,1.4,9.0,,,1014.2,8.0,10.6,,,-0.5,,2026-05-15 13:00:00
160.0,5.0,7.0,1.4,8.0,,,1014.2,7.7,10.6,,,-0.4,,2026-05-15 14:00:00
180.0,5.0,7.0,1.4,9.0,,,1014.2,7.8,10.6,,,-0.4,,2026-05-15 15:00:00
150.0,5.0,7.0,1.5,8.0,,,1014.2,7.4,10.7,,,0.0,,2026-05-15 16:00:00
190.0,4.0,6.0,1.6,9.0,,,1014.2,7.1,10.8,,,0.0,,2026-05-15 17:00:00
110.0,3.0,4.0,1.7,9.0,,,1014.2,7.7,10.8,,,0.0,,2026-05-15 18:00:00
120.0,5.0,6.0,1.6,8.0,,,1014.4,7.5,10.7,,,0.2,,2026-05-15 19:00:00
120.0,6.0,8.0,1.6,8.0,,,1014.5,8.0,10.8,,,0.3,,2026-05-15 20:00:00
130.0,5.0,6.0,1.8,9.0,,,1014.8,8.4,10.8,,,0.6,,2026-05-15 21:00:00
170.0,3.0,4.0,1.6,9.0,,,1015.1,8.4,10.8,,,0.7,,2026-05-15 22:00:00
180.0,2.0,3.0,1.6,10.0,,,1015.3,9.2,11.0,,,0.8,,2026-05-15 23:00:00
220.0,3.0,4.0,1.7,10.0,,,1015.6,9.4,11.2,,,0.8,,2026-05-16 00:00:00
240.0,3.0,4.0,1.7,9.0,,,1015.8,9.5,11.3,,,0.7,,2026-05-16 01:00:00
240.0,3.0,4.0,1.9,10.0,,,1016.1,9.5,11.3,,,0.8,,2026-05-16 02:00:00
270.0,4.0,6.0,2.0,11.0,,,1016.4,9.7,11.2,,,0.8,,2026-05-16 03:00:00
270.0,4.0,5.0,2.0,10.0,,,1016.6,9.6,11.0,,,0.8,,2026-05-16 04:00:00
280.0,4.0,5.0,2.0,10.0,,,1017.1,9.4,10.9,,,1.0,,2026-05-16 05:00:00
260.0,4.0,5.0,2.0,10.0,,,1017.3,9.6,10.8,,,0.9,,2026-05-16 06:00:00
270.0,4.0,5.0,1.8,9.0,,,1017.4,9.5,10.8,,,0.8,,2026-05-16 07:00:00
270.0,3.0,5.0,1.8,10.0,,,1017.8,9.2,10.7,,,0.7,,2026-05-16 08:00:00
250.0,5.0,7.0,1.8,10.0,,,1018.1,9.5,10.7,,,0.8,,2026-05-16 09:00:00
250.0,5.0,6.0,1.8,10.0,,,1018.4,9.5,10.6,,,1.0,,2026-05-16 10:00:00
250.0,5.0,6.0,1.7,10.0,,,1018.8,9.5,10.6,,,1.0,,2026-05-16 11:00:00
230.0,4.0,7.0,1.9,10.0,,,1019.3,9.4,10.7,,,1.2,,2026-05-16 12:00:00
260.0,4.0,5.0,1.8,10.0,,,1019.5,9.6,10.7,,,1.1,,2026-05-16 13:00:00
330.0,5.0,5.0,1.7,10.0,,,1019.9,9.4,10.7,,,1.1,,2026-05-16 14:00:00
340.0,2.0,4.0,2.0,10.0,,,1020.5,9.9,10.7,,,1.2,,2026-05-16 15:00:00
300.0,2.0,4.0,2.0,9.0,,,1020.9,9.8,10.8,,,1.4,,2026-05-16 16:00:00
320.0,4.0,5.0,2.0,9.0,,,1021.1,9.7,10.8,,,1.2,,2026-05-16 17:00:00
300.0,4.0,5.0,2.0,9.0,,,1021.2,9.7,10.9,,,0.7,,2026-05-16 18:00:00
300.0,3.0,5.0,2.1,9.0,,,1021.7,9.6,11.0,,,0.8,,2026-05-16 19:00:00
300.0,4.0,5.0,2.1,9.0,,,1022.3,9.7,11.1,,,1.2,,2026-05-16 20:00:00
290.0,5.0,6.0,2.0,9.0,,,1022.9,9.9,11.2,,,1.7,,2026-05-16 21:00:00
290.0,5.0,7.0,2.0,9.0,,,1023.2,9.9,11.2,,,1.5,,2026-05-16 22:00:00
300.0,6.0,7.0,2.0,9.0,,,1023.6,10.2,11.2,,,1.3,,2026-05-16 23:00:00
310.0,7.0,9.0,1.9,10.0,,,1024.2,10.2,11.3,,,1.3,,2026-05-17 00:00:00
300.0,7.0,9.0,1.8,10.0,,,1024.3,10.2,11.1,,,1.1,,2026-05-17 01:00:00
300.0,8.0,9.0,1.9,10.0,,,1024.4,10.1,11.0,,,0.8,,2026-05-17 02:00:00
300.0,8.0,9.0,2.0,10.0,,,1024.5,10.0,10.9,,,0.3,,2026-05-17 03:00:00
300.0,7.0,9.0,1.9,9.0,,,1024.6,9.9,10.8,,,0.3,,2026-05-17 04:00:00
290.0,7.0,8.0,1.9,8.0,,,1025.2,9.9,10.8,,,0.8,,2026-05-17 05:00:00
290.0,7.0,8.0,2.0,9.0,,,1025.4,9.9,10.8,,,0.9,,2026-05-17 06:00:00
290.0,7.0,9.0,1.9,9.0,,,1025.6,10.0,10.7,,,1.0,,2026-05-17 07:00:00
290.0,7.0,9.0,2.0,8.0,,,1025.6,10.0,10.5,,,0.4,,2026-05-17 08:00:00
300.0,6.0,8.0,1.7,8.0,,,1025.8,10.0,10.5,,,0.4,,2026-05-17 09:00:00
300.0,7.0,8.0,1.7,9.0,,,1026.1,10.0,10.5,,,0.5,,2026-05-17 10:00:00
310.0,5.0,6.0,1.5,9.0,,,1026.3,10.0,10.5,,,0.7,,2026-05-17 11:00:00
320.0,5.0,6.0,1.6,9.0,,,1026.4,10.0,10.6,,,0.6,,2026-05-17 12:00:00
320.0,4.0,5.0,1.6,9.0,,,1026.8,10.1,10.5,,,0.7,,2026-05-17 13:00:00
300.0,5.0,6.0,1.5,9.0,,,1027.5,10.3,10.5,,,1.2,,2026-05-17 14:00:00
300.0,5.0,6.0,1.5,9.0,,,1027.6,10.4,10.6,,,1.2,,2026-05-17 15:00:00
300.0,4.0,5.0,1.6,9.0,,,1027.8,10.4,10.7,,,1.0,,2026-05-17 16:00:00
300.0,3.0,4.0,1.7,9.0,,,1027.9,10.4,10.9,,,0.4,,2026-05-17 17:00:00
290.0,3.0,4.0,1.6,9.0,,,1027.9,10.5,11.1,,,0.3,,2026-05-17 18:00:00
270.0,2.0,3.0,1.4,8.0,,,1027.9,10.6,11.1,,,0.1,,2026-05-17 19:00:00
270.0,3.0,4.0,1.4,8.0,,,1027.7,10.7,11.2,,,-0.2,,2026-05-17 20:00:00
250.0,3.0,4.0,1.3,8.0,,,1027.8,10.7,11.3,,,-0.1,,2026-05-17 21:00:00
250.0,3.0,4.0,1.3,9.0,,,1027.5,10.5,11.5,,,-0.4,,2026-05-17 22:00:00
250.0,4.0,5.0,1.2,9.0,,,1027.4,10.4,11.4,,,-0.3,,2026-05-17 23:00:00
250.0,2.0,3.0,1.0,9.0,,,1027.0,10.4,11.6,,,-0.8,,2026-05-18 00:00:00
240.0,3.0,4.0,1.1,9.0,,,1026.8,10.3,11.6,,,-0.7,,2026-05-18 01:00:00
240.0,5.0,5.0,1.1,9.0,,,1026.7,10.2,11.5,,,-0.7,,2026-05-18 02:00:00
250.0,3.0,4.0,1.0,9.0,,,1026.7,10.0,11.2,,,-0.3,,2026-05-18 03:00:00
240.0,3.0,3.0,1.0,9.0,,,1026.4,9.8,11.1,,,-0.4,,2026-05-18 04:00:00
190.0,2.0,3.0,1.0,9.0,,,1026.2,9.8,11.0,,,-0.5,,2026-05-18 05:00:00
100.0,4.0,5.0,0.9,8.0,,,1025.4,9.9,11.1,,,-1.3,,2026-05-18 06:00:00
120.0,4.0,5.0,1.0,9.0,,,1025.0,9.9,11.0,,,-1.4,,2026-05-18 07:00:00
130.0,5.0,6.0,0.9,9.0,,,1024.5,10.0,11.0,,,-1.7,,2026-05-18 08:00:00
140.0,6.0,7.0,1.0,9.0,,,1024.1,10.1,10.9,,,-1.3,,2026-05-18 09:00:00
140.0,7.0,8.0,1.0,9.0,,,1023.9,9.4,10.8,,,-1.1,,2026-05-18 10:00:00
120.0,7.0,8.0,1.1,9.0,,,1023.7,9.6,11.0,,,-0.8,,2026-05-18 11:00:00
120.0,7.0,9.0,1.4,10.0,,,1023.3,9.5,11.0,,,-0.8,,2026-05-18 12:00:00
140.0,7.0,8.0,1.4,10.0,,,1023.1,10.0,10.9,,,-0.8,,2026-05-18 13:00:00
140.0,8.0,9.0,1.6,10.0,,,1022.9,10.2,10.9,,,-0.8,,2026-05-18 14:00:00
140.0,8.0,9.0,2.0,13.0,,,1023.0,10.4,10.9,,,-0.3,,2026-05-18 15:00:00
140.0,8.0,10.0,1.9,11.0,,,1022.8,10.5,10.9,,,-0.3,,2026-05-18 16:00:00
140.0,8.0,9.0,2.2,12.0,,,1022.7,10.5,10.9,,,-0.2,,2026-05-18 17:00:00
140.0,9.0,10.0,2.2,11.0,,,1022.6,10.7,10.8,,,-0.4,,2026-05-18 18:00:00
130.0,8.0,11.0,2.3,11.0,,,1022.3,10.7,10.9,,,-0.5,,2026-05-18 19:00:00
160.0,9.0,11.0,2.3,11.0,,,1022.4,10.5,10.9,,,-0.3,,2026-05-18 20:00:00
140.0,10.0,12.0,2.3,10.0,,,1021.9,10.6,10.8,,,-0.7,,2026-05-18 21:00:00
150.0,11.0,13.0,2.1,10.0,,,1021.7,10.5,10.8,,,-0.6,,2026-05-18 22:00:00
150.0,9.0,11.0,2.5,10.0,,,1021.9,10.5,10.9,,,-0.5,,2026-05-18 23:00:00
160.0,8.0,10.0,2.1,9.0,,,1021.8,10.6,10.9,,,-0.1,,2026-05-19 00:00:00
220.0,4.0,5.0,2.1,10.0,,,1022.1,10.7,10.9,,,0.4,,2026-05-19 01:00:00
250.0,5.0,6.0,1.9,11.0,,,1022.5,10.8,10.9,,,0.6,,2026-05-19 02:00:00
260.0,7.0,8.0,2.2,11.0,,,1022.9,10.1,10.8,,,1.1,,2026-05-19 03:00:00
250.0,7.0,9.0,2.1,10.0,,,1023.2,10.2,10.8,,,1.1,,2026-05-19 04:00:00
240.0,7.0,9.0,2.2,10.0,,,1023.6,10.2,10.6,,,1.1,,2026-05-19 05:00:00
240.0,6.0,7.0,2.4,11.0,,,1023.7,10.1,10.5,,,0.8,,2026-05-19 06:00:00
240.0,5.0,6.0,2.2,11.0,,,1023.9,10.1,10.4,,,0.7,,2026-05-19 07:00:00
290.0,4.0,5.0,2.1,9.0,,,1024.2,10.4,10.4,,,0.6,,2026-05-19 08:00:00
310.0,5.0,8.0,2.1,11.0,,,1024.3,10.3,10.3,,,0.6,,2026-05-19 09:00:00
310.0,6.0,8.0,2.1,10.0,,,1024.6,10.4,10.4,,,0.7,,2026-05-19 10:00:00
320.0,8.0,10.0,1.9,10.0,,,1024.9,10.3,10.5,,,0.7,,2026-05-19 11:00:00
310.0,8.0,10.0,2.0,10.0,,,1025.3,9.9,10.5,,,1.0,,2026-05-19 12:00:00
330.0,8.0,9.0,1.8,9.0,,,1025.7,9.6,10.4,,,1.1,,2026-05-19 13:00:00
330.0,7.0,8.0,2.0,10.0,,,1026.2,9.8,10.2,,,1.3,,2026-05-19 14:00:00
320.0,8.0,9.0,2.1,9.0,,,1026.8,9.9,10.2,,,1.5,,2026-05-19 15:00:00
320.0,7.0,8.0,2.0,9.0,,,1027.4,9.7,10.4,,,1.7,,2026-05-19 16:00:00
320.0,6.0,8.0,2.1,9.0,,,1027.9,9.7,10.5,,,1.7,,2026-05-19 17:00:00
310.0,6.0,7.0,2.3,9.0,,,1028.0,9.8,10.5,,,1.2,,2026-05-19 18:00:00
310.0,6.0,7.0,2.1,9.0,,,1028.1,9.9,10.7,,,0.7,,2026-05-19 19:00:00
310.0,6.0,8.0,2.2,10.0,,,1027.9,9.9,10.8,,,0.0,,2026-05-19 20:00:00
310.0,6.0,7.0,1.8,8.0,,,1028.0,9.8,10.9,,,0.0,,2026-05-19 21:00:00
290.0,7.0,8.0,1.7,9.0,,,1028.1,9.8,10.9,,,-0.0,,2026-05-19 22:00:00
290.0,7.0,8.0,1.8,8.0,,,1028.0,9.8,10.9,,,0.1,,2026-05-19 23:00:00
290.0,8.0,10.0,1.8,8.0,,,1027.6,9.8,11.0,,,-0.4,,2026-05-20 00:00:00
300.0,8.0,10.0,1.7,8.0,,,1027.6,9.8,11.0,,,-0.5,,2026-05-20 01:00:00
300.0,8.0,9.0,1.6,8.0,,,1027.3,9.9,11.0,,,-0.7,,2026-05-20 02:00:00
300.0,8.0,10.0,1.6,8.0,,,1027.2,9.9,11.1,,,-0.4,,2026-05-20 03:00:00
300.0,8.0,9.0,1.7,9.0,,,1027.2,10.0,11.0,,,-0.4,,2026-05-20 04:00:00
310.0,7.0,9.0,1.8,9.0,,,1027.0,10.2,11.0,,,-0.3,,2026-05-20 05:00:00
290.0,9.0,10.0,1.6,9.0,,,1027.3,10.4,10.8,,,0.1,,2026-05-20 06:00:00
300.0,8.0,10.0,1.7,8.0,,,1027.2,10.4,11.0,,,-0.0,,2026-05-20 07:00:00
300.0,8.0,10.0,1.7,8.0,,,1027.1,10.4,11.1,,,0.1,,2026-05-20 08:00:00
300.0,9.0,11.0,1.6,7.0,,,1026.9,10.4,11.1,,,-0.4,,2026-05-20 09:00:00
300.0,9.0,11.0,1.8,7.0,,,1026.9,10.4,11.0,,,-0.3,,2026-05-20 10:00:00
320.0,9.0,11.0,1.6,7.0,,,1026.9,10.4,11.0,,,-0.2,,2026-05-20 11:00:00
320.0,10.0,12.0,1.7,7.0,,,1026.4,10.3,10.9,,,-0.5,,2026-05-20 12:00:00
320.0,8.0,10.0,1.6,6.0,,,1026.3,10.3,10.9,,,-0.6,,2026-05-20 13:00:00
310.0,10.0,11.0,1.5,7.0,,,1026.5,10.4,11.0,,,-0.4,,2026-05-20 14:00:00
310.0,9.0,11.0,1.5,7.0,,,1027.0,10.4,11.0,,,0.6,,2026-05-20 15:00:00
310.0,9.0,10.0,1.7,8.0,,,1027.4,10.4,11.0,,,1.1,,2026-05-20 16:00:00
320.0,9.0,10.0,1.7,7.0,,,1027.7,10.5,11.1,,,1.2,,2026-05-20 17:00:00
310.0,8.0,10.0,1.6,7.0,,,1027.7,10.4,11.1,,,0.7,,2026-05-20 18:00:00
310.0,8.0,10.0,1.7,8.0,,,1027.8,10.4,11.1,,,0.4,,2026-05-20 19:00:00
300.0,9.0,10.0,1.6,7.0,,,1027.9,10.4,11.2,,,0.2,,2026-05-20 20:00:00
300.0,7.0,9.0,1.6,8.0,,,1027.9,10.5,11.2,,,0.2,,2026-05-20 21:00:00
300.0,7.0,8.0,1.6,7.0,,,1027.9,10.5,11.3,,,0.1,,2026-05-20 22:00:00
290.0,8.0,10.0,1.5,7.0,,,1027.8,10.5,11.3,,,-0.1,,2026-05-20 23:00:00
280.0,8.0,9.0,1.4,7.0,,,1027.4,10.6,11.3,,,-0.5,,2026-05-21 00:00:00
290.0,7.0,8.0,1.4,7.0,,,1027.1,10.5,11.4,,,-0.8,,2026-05-21 01:00:00
290.0,7.0,8.0,1.3,8.0,,,1026.7,10.5,11.4,,,-1.1,,2026-05-21 02:00:00
280.0,8.0,9.0,1.4,8.0,,,1026.6,10.7,11.4,,,-0.8,,2026-05-21 03:00:00
280.0,7.0,8.0,1.2,7.0,,,1026.3,10.5,11.1,,,-0.8,,2026-05-21 04:00:00
280.0,7.0,8.0,1.2,8.0,,,1026.5,10.4,11.1,,,-0.2,,2026-05-21 05:00:00
280.0,8.0,9.0,1.3,9.0,,,1026.1,10.6,11.0,,,-0.5,,2026-05-21 06:00:00
280.0,7.0,8.0,1.4,9.0,,,1026.1,10.5,11.0,,,-0.2,,2026-05-21 07:00:00
280.0,7.0,8.0,1.4,9.0,,,1025.9,10.4,10.9,,,-0.6,,2026-05-21 08:00:00
280.0,7.0,8.0,1.3,8.0,,,1025.8,10.4,10.9,,,-0.3,,2026-05-21 09:00:00
290.0,6.0,7.0,1.2,8.0,,,1025.4,10.4,11.1,,,-0.7,,2026-05-21 10:00:00
310.0,5.0,5.0,1.1,7.0,,,1025.2,10.4,11.1,,,-0.7,,2026-05-21 11:00:00
300.0,4.0,5.0,1.1,7.0,,,1025.0,10.4,11.2,,,-0.8,,2026-05-21 12:00:00
300.0,3.0,4.0,1.0,8.0,,,1024.7,10.4,11.3,,,-0.7,,2026-05-21 13:00:00
290.0,2.0,3.0,1.0,8.0,,,1024.6,10.4,11.4,,,-0.6,,2026-05-21 14:00:00
280.0,1.0,2.0,0.9,8.0,,,1024.6,10.0,11.4,,,-0.4,,2026-05-21 15:00:00
270.0,1.0,2.0,0.9,9.0,,,1024.5,10.4,11.4,,,-0.2,,2026-05-21 16:00:00
240.0,3.0,4.0,1.0,9.0,,,1024.6,10.6,11.5,,,-0.0,,2026-05-21 17:00:00
200.0,3.0,3.0,0.9,9.0,,,1024.4,10.8,11.6,,,-0.2,,2026-05-21 18:00:00
210.0,3.0,4.0,1.0,9.0,,,1024.3,10.8,11.4,,,-0.2,,2026-05-21 19:00:00
210.0,4.0,5.0,1.3,9.0,,,1024.0,10.9,11.4,,,-0.6,,2026-05-21 20:00:00
210.0,2.0,3.0,1.3,8.0,,,1023.8,11.6,11.5,,,-0.6,,2026-05-21 21:00:00
160.0,2.0,3.0,1.3,8.0,,,1023.4,11.6,11.7,,,-0.9,,2026-05-21 22:00:00
150.0,3.0,4.0,1.3,8.0,,,1022.8,11.8,12.1,,,-1.2,,2026-05-21 23:00:00
200.0,4.0,5.0,1.3,8.0,,,1022.1,11.8,11.9,,,-1.7,,2026-05-22 00:00:00
230.0,3.0,3.0,1.1,9.0,,,1021.6,11.8,11.8,,,-1.8,,2026-05-22 01:00:00
230.0,3.0,3.0,1.3,10.0,,,1021.4,11.6,11.8,,,-1.4,,2026-05-22 02:00:00
260.0,4.0,5.0,1.2,10.0,,,1020.7,11.2,11.5,,,-1.4,,2026-05-22 03:00:00
280.0,3.0,4.0,1.4,10.0,,,1020.3,11.1,11.6,,,-1.3,,2026-05-22 04:00:00
280.0,4.0,5.0,1.4,10.0,,,1020.3,11.0,11.5,,,-1.1,,2026-05-22 05:00:00
270.0,5.0,7.0,1.3,10.0,,,1020.1,10.3,11.3,,,-0.6,,2026-05-22 06:00:00
290.0,4.0,6.0,1.4,9.0,,,1019.5,10.3,11.3,,,-0.8,,2026-05-22 07:00:00
270.0,5.0,6.0,1.4,9.0,,,1019.3,9.4,11.1,,,-1.0,,2026-05-22 08:00:00
270.0,6.0,7.0,1.5,9.0,,,1019.0,9.2,11.1,,,-1.1,,2026-05-22 09:00:00
300.0,4.0,5.0,1.3,9.0,,,1018.8,9.8,11.1,,,-0.7,,2026-05-22 10:00:00
310.0,5.0,6.0,1.3,9.0,,,1018.4,9.9,11.2,,,-0.9,,2026-05-22 11:00:00
310.0,5.0,6.0,1.3,8.0,,,1018.4,10.5,11.3,,,-0.6,,2026-05-22 12:00:00
300.0,5.0,7.0,1.2,7.0,,,1018.4,10.5,11.2,,,-0.4,,2026-05-22 13:00:00
310.0,6.0,7.0,1.2,7.0,,,1018.2,10.7,11.2,,,-0.2,,2026-05-22 14:00:00
300.0,8.0,10.0,1.2,7.0,,,1018.2,10.5,11.1,,,-0.2,,2026-05-22 15:00:00
310.0,8.0,10.0,1.2,7.0,,,1018.3,10.5,11.2,,,-0.1,,2026-05-22 16:00:00
310.0,8.0,9.0,1.3,7.0,,,1018.2,10.7,11.2,,,0.0,,2026-05-22 17:00:00
300.0,9.0,11.0,1.4,7.0,,,1018.2,10.7,11.1,,,0.0,,2026-05-22 18:00:00
310.0,9.0,11.0,1.6,7.0,,,1018.2,10.5,11.1,,,-0.1,,2026-05-22 19:00:00
300.0,9.0,12.0,1.8,7.0,,,1018.3,10.3,11.1,,,0.1,,2026-05-22 20:00:00
300.0,10.0,12.0,2.0,7.0,,,1018.4,9.9,11.1,,,0.2,,2026-05-22 21:00:00
300.0,9.0,11.0,1.9,7.0,,,1018.1,9.9,11.1,,,-0.1,,2026-05-22 22:00:00
290.0,10.0,12.0,2.0,7.0,,,1017.5,10.0,11.1,,,-0.8,,2026-05-22 23:00:00
290.0,10.0,12.0,2.0,7.0,,,1017.0,9.9,11.1,,,-1.4,,2026-05-23 00:00:00
290.0,10.0,11.0,2.2,7.0,,,1016.7,9.8,11.1,,,-1.4,,2026-05-23 01:00:00
290.0,9.0,10.0,2.0,6.0,,,1016.4,9.8,11.0,,,-1.1,,2026-05-23 02:00:00
290.0,8.0,10.0,1.9,6.0,,,1016.0,10.1,10.9,,,-1.0,,2026-05-23 03:00:00
290.0,9.0,10.0,1.6,6.0,,,1015.5,10.1,10.8,,,-1.2,,2026-05-23 04:00:00
280.0,8.0,9.0,1.5,6.0,,,1015.7,10.0,10.8,,,-0.7,,2026-05-23 05:00:00
280.0,7.0,9.0,1.4,7.0,,,1015.3,10.1,10.7,,,-0.7,,2026-05-23 06:00:00
280.0,7.0,9.0,1.4,7.0,,,1014.9,10.1,10.7,,,-0.6,,2026-05-23 07:00:00
270.0,7.0,8.0,1.4,6.0,,,1014.7,10.1,10.7,,,-1.0,,2026-05-23 08:00:00
280.0,6.0,7.0,1.5,7.0,,,1014.5,10.3,10.7,,,-0.8,,2026-05-23 09:00:00
270.0,7.0,8.0,1.5,7.0,,,1014.5,10.4,10.7,,,-0.4,,2026-05-23 10:00:00
270.0,7.0,9.0,1.5,7.0,,,1014.1,10.2,10.7,,,-0.6,,2026-05-23 11:00:00
270.0,7.0,9.0,1.5,6.0,,,1014.3,10.2,10.7,,,-0.2,,2026-05-23 12:00:00
260.0,7.0,8.0,1.5,7.0,,,1014.3,10.2,10.8,,,-0.2,,2026-05-23 13:00:00
260.0,6.0,8.0,1.4,7.0,,,1014.7,10.0,10.8,,,0.6,,2026-05-23 14:00:00
280.0,9.0,10.0,1.3,7.0,,,1015.1,10.0,10.7,,,0.8,,2026-05-23 15:00:00
280.0,6.0,7.0,1.6,7.0,,,1015.6,9.9,10.7,,,1.3,,2026-05-23 16:00:00
250.0,7.0,8.0,1.3,7.0,,,1016.0,10.1,10.7,,,1.3,,2026-05-23 17:00:00
250.0,6.0,7.0,1.3,7.0,,,1016.5,10.3,10.7,,,1.4,,2026-05-23 18:00:00
240.0,5.0,6.0,1.2,7.0,,,1017.0,10.4,10.6,,,1.4,,2026-05-23 19:00:00
220.0,5.0,6.0,1.2,8.0,,,1017.4,10.4,10.7,,,1.4,,2026-05-23 20:00:00
220.0,5.0,6.0,1.2,8.0,,,1017.7,10.4,10.8,,,1.2,,2026-05-23 21:00:00
210.0,6.0,7.0,1.3,8.0,,,1018.0,10.2,10.8,,,1.0,,2026-05-23 22:00:00
210.0,5.0,6.0,1.3,9.0,,,1018.4,10.1,10.9,,,1.0,,2026-05-23 23:00:00
210.0,4.0,5.0,1.3,8.0,,,1018.3,10.6,10.9,,,0.6,,2026-05-24 00:00:00
220.0,5.0,6.0,1.4,8.0,,,1018.0,10.8,11.0,,,0.0,,2026-05-24 01:00:00
220.0,5.0,6.0,1.6,10.0,,,1017.7,10.6,11.0,,,-0.7,,2026-05-24 02:00:00
250.0,5.0,6.0,1.5,10.0,,,1017.7,10.9,11.0,,,-0.6,,2026-05-24 03:00:00
260.0,5.0,6.0,1.3,9.0,,,1017.5,10.4,10.9,,,-0.5,,2026-05-24 04:00:00
260.0,4.0,5.0,1.3,10.0,,,1017.5,10.1,10.8,,,-0.2,,2026-05-24 05:00:00
270.0,4.0,5.0,1.3,10.0,,,1017.3,9.9,10.7,,,-0.4,,2026-05-24 06:00:00
260.0,2.0,3.0,1.1,9.0,,,1016.9,9.7,10.7,,,-0.6,,2026-05-24 07:00:00
220.0,2.0,2.0,1.3,12.0,,,1016.4,9.6,10.7,,,-1.1,,2026-05-24 08:00:00
180.0,2.0,3.0,1.4,11.0,,,1015.9,9.6,10.7,,,-1.4,,2026-05-24 09:00:00
170.0,2.0,3.0,1.4,11.0,,,1015.5,9.7,10.7,,,-1.4,,2026-05-24 10:00:00
160.0,3.0,4.0,1.6,10.0,,,1015.0,9.9,10.9,,,-1.4,,2026-05-24 11:00:00
120.0,5.0,5.0,1.3,10.0,,,1014.3,9.9,10.9,,,-1.6,,2026-05-24 12:00:00
130.0,5.0,6.0,1.4,9.0,,,1013.8,10.0,10.8,,,-1.7,,2026-05-24 13:00:00
120.0,6.0,6.0,1.5,9.0,,,1013.8,10.2,10.8,,,-1.2,,2026-05-24 14:00:00
130.0,9.0,11.0,1.6,10.0,,,1012.9,10.0,10.7,,,-1.4,,2026-05-24 15:00:00
120.0,10.0,12.0,1.6,9.0,,,1011.2,9.8,10.6,,,-2.6,,2026-05-24 16:00:00
120.0,12.0,14.0,1.6,8.0,,,1010.0,9.9,10.5,,,-3.8,,2026-05-24 17:00:00
120.0,13.0,16.0,1.8,7.0,,,1008.7,10.1,10.5,,,-4.2,,2026-05-24 18:00:00
120.0,13.0,16.0,2.0,7.0,,,1008.6,10.2,10.5,,,-2.6,,2026-05-24 19:00:00
120.0,13.0,16.0,2.0,6.0,,,1007.6,10.1,10.5,,,-2.4,,2026-05-24 20:00:00
120.0,12.0,15.0,2.1,7.0,,,1006.4,10.2,10.6,,,-2.3,,2026-05-24 21:00:00
130.0,11.0,14.0,2.5,6.0,,,1005.7,10.4,10.6,,,-2.9,,2026-05-24 22:00:00
120.0,13.0,17.0,2.5,7.0,,,1003.6,10.4,10.6,,,-4.0,,2026-05-24 23:00:00
120.0,13.0,16.0,2.8,7.0,,,1002.7,10.5,10.5,,,-3.7,,2026-05-25 00:00:00
130.0,14.0,18.0,3.4,7.0,,,1001.5,10.7,10.5,,,-4.2,,2026-05-25 01:00:00
120.0,15.0,19.0,3.3,7.0,,,999.2,10.8,10.4,,,-4.4,,2026-05-25 02:00:00
120.0,15.0,19.0,3.4,8.0,,,997.3,11.0,10.3,,,-5.4,,2026-05-25 03:00:00
120.0,15.0,18.0,3.9,8.0,,,996.1,11.0,10.3,,,-5.4,,2026-05-25 04:00:00
120.0,17.0,23.0,4.1,8.0,,,995.1,11.1,10.3,,,-4.1,,2026-05-25 05:00:00
120.0,17.0,22.0,4.7,9.0,,,994.5,11.0,10.2,,,-2.8,,2026-05-25 06:00:00
120.0,17.0,22.0,4.9,9.0,,,994.2,10.9,10.1,,,-1.9,,2026-05-25 07:00:00
120.0,16.0,21.0,5.2,10.0,,,993.7,11.0,10.2,,,-1.4,,2026-05-25 08:00:00
130.0,15.0,19.0,5.1,10.0,,,993.9,10.8,10.2,,,-0.6,,2026-05-25 09:00:00
130.0,13.0,16.0,5.1,10.0,,,994.6,9.7,10.2,,,0.4,,2026-05-25 10:00:00
120.0,11.0,14.0,4.8,10.0,,,994.7,9.6,10.2,,,1.0,,2026-05-25 11:00:00
140.0,13.0,16.0,4.2,10.0,,,994.5,10.5,10.2,,,0.6,,2026-05-25 12:00:00
120.0,11.0,14.0,3.5,10.0,,,994.8,10.2,10.2,,,0.2,,2026-05-25 13:00:00
110.0,10.0,12.0,4.5,11.0,,,995.2,10.2,10.2,,,0.5,,2026-05-25 14:00:00
110.0,11.0,14.0,3.8,10.0,,,995.8,10.3,10.2,,,1.3,,2026-05-25 15:00:00
120.0,10.0,12.0,4.0,11.0,,,996.8,10.2,10.2,,,2.0,,2026-05-25 16:00:00
110.0,10.0,14.0,3.9,11.0,,,997.6,10.3,10.2,,,2.4,,2026-05-25 17:00:00
110.0,9.0,11.0,4.1,11.0,,,998.6,10.5,10.2,,,2.8,,2026-05-25 18:00:00
110.0,9.0,11.0,4.2,11.0,,,999.9,10.9,10.3,,,3.1,,2026-05-25 19:00:00
130.0,7.0,8.0,4.0,11.0,,,1001.4,10.8,10.3,,,3.8,,2026-05-25 20:00:00
130.0,3.0,4.0,4.1,12.0,,,1002.7,10.8,10.4,,,4.1,,2026-05-25 21:00:00
160.0,2.0,4.0,4.1,12.0,,,1003.8,11.0,10.5,,,3.9,,2026-05-25 22:00:00
200.0,3.0,4.0,3.6,11.0,,,1005.0,11.1,10.7,,,3.6,,2026-05-25 23:00:00
180.0,4.0,6.0,4.0,13.0,,,1006.3,11.3,10.8,,,3.6,,2026-05-26 00:00:00
200.0,3.0,5.0,4.1,12.0,,,1007.3,11.4,10.9,,,3.5,,2026-05-26 01:00:00
230.0,3.0,5.0,4.0,12.0,,,1008.5,11.4,10.8,,,3.5,,2026-05-26 02:00:00
250.0,3.0,5.0,4.3,12.0,,,1009.6,11.0,10.8,,,3.3,,2026-05-26 03:00:00
310.0,2.0,3.0,3.8,13.0,,,1010.6,11.1,10.7,,,3.3,,2026-05-26 04:00:00
340.0,2.0,3.0,3.8,13.0,,,1011.8,10.8,10.6,,,3.3,,2026-05-26 05:00:00
320.0,2.0,3.0,3.3,11.0,,,1012.5,10.6,10.5,,,2.9,,2026-05-26 06:00:00
290.0,3.0,4.0,3.2,11.0,,,1013.1,10.5,10.4,,,2.5,,2026-05-26 07:00:00
300.0,2.0,3.0,3.2,12.0,,,1013.4,10.4,10.4,,,1.6,,2026-05-26 08:00:00
320.0,4.0,5.0,2.8,11.0,,,1014.1,10.4,10.4,,,1.6,,2026-05-26 09:00:00
280.0,7.0,8.0,3.0,11.0,,,1014.8,10.4,10.4,,,1.7,,2026-05-26 10:00:00
290.0,6.0,7.0,3.0,11.0,,,1015.3,10.4,10.3,,,1.9,,2026-05-26 11:00:00
300.0,6.0,7.0,3.4,11.0,,,1015.5,10.5,10.4,,,1.4,,2026-05-26 12:00:00
300.0,7.0,9.0,3.7,11.0,,,1015.9,10.5,10.3,,,1.1,,2026-05-26 13:00:00
300.0,7.0,9.0,3.3,11.0,,,1016.7,10.7,10.3,,,1.4,,2026-05-26 14:00:00
310.0,7.0,9.0,3.4,10.0,,,1017.0,10.3,10.2,,,1.5,,2026-05-26 15:00:00
300.0,7.0,9.0,3.1,10.0,,,1017.0,10.0,10.2,,,1.1,,2026-05-26 16:00:00
300.0,8.0,10.0,2.5,9.0,,,1017.5,9.7,10.2,,,0.8,,2026-05-26 17:00:00
290.0,9.0,12.0,2.8,10.0,,,1017.7,9.5,10.2,,,0.7,,2026-05-26 18:00:00
300.0,10.0,12.0,2.5,10.0,,,1018.2,9.6,10.2,,,1.2,,2026-05-26 19:00:00
290.0,9.0,12.0,2.2,8.0,,,1018.4,9.7,10.2,,,0.9,,2026-05-26 20:00:00
290.0,10.0,12.0,2.3,9.0,,,1018.2,10.0,10.3,,,0.5,,2026-05-26 21:00:00
300.0,9.0,11.0,2.2,8.0,,,1018.4,10.1,10.4,,,0.2,,2026-05-26 22:00:00
290.0,9.0,12.0,2.2,9.0,,,1018.5,10.2,10.4,,,0.1,,2026-05-26 23:00:00
290.0,8.0,10.0,2.2,8.0,,,1018.3,10.3,10.4,,,0.1,,2026-05-27 00:00:00
280.0,9.0,10.0,2.2,8.0,,,1018.3,10.5,10.4,,,-0.1,,2026-05-27 01:00:00
280.0,9.0,11.0,2.3,8.0,,,1018.6,10.7,10.4,,,0.1,,2026-05-27 02:00:00
280.0,9.0,11.0,2.2,8.0,,,1018.5,10.6,10.4,,,0.2,,2026-05-27 03:00:00
280.0,6.0,8.0,2.1,8.0,,,1018.8,10.7,10.3,,,0.5,,2026-05-27 04:00:00
280.0,6.0,8.0,1.9,7.0,,,1019.0,10.5,10.3,,,0.4,,2026-05-27 05:00:00
280.0,5.0,6.0,1.8,7.0,,,1019.1,10.5,10.4,,,0.6,,2026-05-27 06:00:00
280.0,5.0,6.0,1.7,7.0,,,1018.8,10.4,10.4,,,0.0,,2026-05-27 07:00:00
280.0,7.0,8.0,1.7,7.0,,,1019.1,10.2,10.4,,,0.1,,2026-05-27 08:00:00
280.0,5.0,6.0,1.8,8.0,,,1019.3,10.2,10.3,,,0.2,,2026-05-27 09:00:00
280.0,6.0,7.0,1.7,8.0,,,1019.4,10.2,10.3,,,0.6,,2026-05-27 10:00:00
280.0,4.0,5.0,1.8,8.0,,,1019.3,10.3,10.4,,,0.2,,2026-05-27 11:00:00
280.0,5.0,6.0,1.5,8.0,,,1019.6,10.4,10.4,,,0.3,,2026-05-27 12:00:00
290.0,5.0,6.0,1.4,8.0,,,1019.3,10.5,10.4,,,-0.1,,2026-05-27 13:00:00
290.0,5.0,6.0,1.4,8.0,,,1019.5,10.6,10.4,,,0.2,,2026-05-27 14:00:00
280.0,6.0,7.0,1.4,8.0,,,1019.7,10.8,10.4,,,0.1,,2026-05-27 15:00:00
300.0,5.0,6.0,1.4,8.0,,,1019.6,10.7,10.4,,,0.3,,2026-05-27 16:00:00
300.0,4.0,5.0,1.5,7.0,,,1019.7,10.8,10.5,,,0.2,,2026-05-27 17:00:00
310.0,6.0,7.0,1.5,8.0,,,1019.3,10.8,10.6,,,-0.4,,2026-05-27 18:00:00
300.0,5.0,6.0,1.4,8.0,,,1019.7,10.9,10.7,,,0.1,,2026-05-27 19:00:00
290.0,6.0,7.0,1.2,9.0,,,1019.4,10.9,10.8,,,-0.3,,2026-05-27 20:00:00
290.0,7.0,8.0,1.3,9.0,,,1019.1,10.9,10.8,,,-0.2,,2026-05-27 21:00:00
300.0,7.0,8.0,1.2,9.0,,,1018.7,10.9,10.9,,,-1.0,,2026-05-27 22:00:00
290.0,8.0,9.0,1.5,11.0,,,1018.5,11.0,10.9,,,-0.9,,2026-05-27 23:00:00
290.0,7.0,8.0,1.6,13.0,,,1018.1,11.1,10.9,,,-1.0,,2026-05-28 00:00:00
290.0,7.0,9.0,1.7,12.0,,,1017.7,11.0,10.9,,,-1.0,,2026-05-28 01:00:00
290.0,7.0,9.0,1.4,10.0,,,1017.3,10.9,10.8,,,-1.2,,2026-05-28 02:00:00
300.0,6.0,7.0,1.9,13.0,,,1016.9,10.8,10.8,,,-1.2,,2026-05-28 03:00:00
290.0,6.0,7.0,1.6,11.0,,,1016.1,11.0,10.8,,,-1.6,,2026-05-28 04:00:00
290.0,5.0,6.0,2.2,15.0,,,1015.8,10.6,10.7,,,-1.5,,2026-05-28 05:00:00
290.0,5.0,6.0,2.5,16.0,,,1015.1,10.5,10.7,,,-1.8,,2026-05-28 06:00:00
270.0,6.0,7.0,2.5,16.0,,,1014.8,10.5,10.6,,,-1.3,,2026-05-28 07:00:00
270.0,6.0,7.0,2.3,15.0,,,1014.5,10.6,10.6,,,-1.3,,2026-05-28 08:00:00
280.0,5.0,7.0,2.7,15.0,,,1014.1,10.6,10.6,,,-1.0,,2026-05-28 09:00:00
290.0,4.0,5.0,2.4,15.0,,,1013.9,10.6,10.6,,,-0.9,,2026-05-28 10:00:00
290.0,4.0,5.0,2.3,14.0,,,1013.6,10.6,10.6,,,-0.9,,2026-05-28 11:00:00
260.0,5.0,7.0,2.7,15.0,,,1013.4,10.6,10.6,,,-0.7,,2026-05-28 12:00:00
270.0,6.0,7.0,2.5,14.0,,,1013.1,10.5,10.6,,,-0.8,,2026-05-28 13:00:00
280.0,5.0,6.0,2.3,12.0,,,1013.0,10.5,10.7,,,-0.6,,2026-05-28 14:00:00
270.0,4.0,5.0,2.4,13.0,,,1012.7,10.7,10.7,,,-0.7,,2026-05-28 15:00:00
260.0,4.0,5.0,2.2,12.0,,,1012.6,10.7,10.7,,,-0.5,,2026-05-28 16:00:00
250.0,7.0,8.0,2.4,13.0,,,1012.4,10.7,10.7,,,-0.6,,2026-05-28 17:00:00
260.0,7.0,9.0,2.5,12.0,,,1012.3,10.6,10.7,,,-0.4,,2026-05-28 18:00:00
270.0,7.0,8.0,1.9,11.0,,,1012.5,10.1,10.6,,,-0.1,,2026-05-28 19:00:00
280.0,7.0,8.0,2.1,12.0,,,1012.8,10.3,10.7,,,0.4,,2026-05-28 20:00:00
270.0,8.0,10.0,2.5,13.0,,,1013.1,9.8,10.6,,,0.8,,2026-05-28 21:00:00
280.0,7.0,8.0,1.9,11.0,,,1013.4,10.0,10.6,,,0.9,,2026-05-28 22:00:00
280.0,6.0,7.0,2.8,13.0,,,1013.4,10.2,10.7,,,0.6,,2026-05-28 23:00:00
300.0,9.0,11.0,2.2,11.0,,,1013.5,9.3,10.7,,,0.4,,2026-05-29 00:00:00
280.0,8.0,9.0,2.4,12.0,,,1013.7,9.9,10.6,,,0.3,,2026-05-29 01:00:00
290.0,7.0,8.0,2.7,12.0,,,1013.7,9.9,10.6,,,0.3,,2026-05-29 02:00:00
280.0,7.0,9.0,2.5,12.0,,,1013.7,10.0,10.5,,,0.2,,2026-05-29 03:00:00
280.0,7.0,9.0,2.6,11.0,,,1013.7,9.8,10.5,,,0.0,,2026-05-29 04:00:00
290.0,7.0,9.0,2.7,11.0,,,1013.9,10.0,10.5,,,0.2,,2026-05-29 05:00:00
280.0,8.0,10.0,2.4,10.0,,,1013.6,10.0,10.4,,,-0.1,,2026-05-29 06:00:00
280.0,8.0,10.0,2.7,11.0,,,1013.6,9.9,10.5,,,-0.1,,2026-05-29 07:00:00
280.0,8.0,9.0,2.2,10.0,,,1013.7,9.9,10.4,,,-0.2,,2026-05-29 08:00:00
280.0,8.0,10.0,2.2,10.0,,,1013.9,9.8,10.4,,,0.3,,2026-05-29 09:00:00
280.0,8.0,9.0,2.1,10.0,,,1014.2,9.8,10.4,,,0.6,,2026-05-29 10:00:00
270.0,9.0,11.0,1.9,9.0,,,1013.8,9.6,10.4,,,0.1,,2026-05-29 11:00:00
270.0,8.0,9.0,2.1,10.0,,,1014.2,9.6,10.4,,,0.3,,2026-05-29 12:00:00
280.0,7.0,9.0,1.9,9.0,,,1014.5,9.7,10.4,,,0.3,,2026-05-29 13:00:00
280.0,7.0,8.0,2.1,11.0,,,1015.1,9.8,10.4,,,1.3,,2026-05-29 14:00:00
280.0,6.0,7.0,2.1,11.0,,,1015.5,9.8,10.4,,,1.3,,2026-05-29 15:00:00
270.0,6.0,7.0,2.0,10.0,,,1015.9,9.8,10.4,,,1.4,,2026-05-29 16:00:00
260.0,5.0,6.0,1.8,10.0,,,1016.4,9.8,10.5,,,1.3,,2026-05-29 17:00:00
260.0,4.0,5.0,2.1,10.0,,,1017.0,9.8,10.6,,,1.5,,2026-05-29 18:00:00
250.0,4.0,5.0,2.3,10.0,,,1017.6,9.9,10.7,,,1.7,,2026-05-29 19:00:00
230.0,4.0,5.0,2.0,10.0,,,1018.2,10.0,11.0,,,1.8,,2026-05-29 20:00:00
210.0,4.0,5.0,1.9,10.0,,,1018.7,10.1,11.2,,,1.7,,2026-05-29 21:00:00
200.0,4.0,5.0,1.7,10.0,,,1019.3,10.2,11.4,,,1.7,,2026-05-29 22:00:00
180.0,4.0,5.0,1.7,11.0,,,1019.7,10.4,11.5,,,1.5,,2026-05-29 23:00:00
190.0,5.0,6.0,2.1,11.0,,,1020.0,10.2,11.5,,,1.3,,2026-05-30 00:00:00
230.0,4.0,7.0,1.9,10.0,,,1020.3,9.6,11.4,,,1.0,,2026-05-30 01:00:00
170.0,4.0,5.0,1.8,10.0,,,1020.3,10.3,11.3,,,0.6,,2026-05-30 02:00:00
200.0,3.0,4.0,1.7,10.0,,,1020.6,9.7,11.2,,,0.6,,2026-05-30 03:00:00
180.0,4.0,5.0,1.5,10.0,,,1020.6,10.1,11.1,,,0.3,,2026-05-30 04:00:00
190.0,5.0,6.0,1.7,10.0,,,1020.7,10.2,11.0,,,0.4,,2026-05-30 05:00:00
190.0,5.0,6.0,1.5,9.0,,,1021.0,10.1,10.6,,,0.4,,2026-05-30 07:00:00
190.0,6.0,7.0,1.6,9.0,,,1021.3,9.9,10.6,,,0.6,,2026-05-30 08:00:00
190.0,6.0,7.0,1.5,9.0,,,1021.7,10.0,10.5,,,0.9,,2026-05-30 09:00:00
160.0,4.0,5.0,1.4,9.0,,,1022.2,9.5,10.6,,,1.2,,2026-05-30 10:00:00
150.0,6.0,9.0,1.5,10.0,,,1022.7,9.0,10.7,,,1.4,,2026-05-30 11:00:00
150.0,3.0,5.0,1.6,10.0,,,1022.9,9.6,10.8,,,1.2,,2026-05-30 12:00:00
190.0,5.0,7.0,1.6,9.0,,,1023.6,9.8,10.9,,,1.4,,2026-05-30 13:00:00
210.0,4.0,5.0,1.7,10.0,,,1024.3,9.6,11.0,,,1.6,,2026-05-30 14:00:00
180.0,4.0,5.0,1.5,9.0,,,1025.0,10.0,11.0,,,2.1,,2026-05-30 15:00:00
190.0,3.0,5.0,1.9,10.0,,,1025.4,10.1,11.2,,,1.8,,2026-05-30 16:00:00
180.0,4.0,6.0,1.9,10.0,,,1025.8,10.3,11.3,,,1.5,,2026-05-30 17:00:00
220.0,2.0,3.0,2.0,10.0,,,1026.1,10.3,11.3,,,1.1,,2026-05-30 18:00:00
180.0,3.0,4.0,1.8,9.0,,,1026.5,10.3,11.6,,,1.1,,2026-05-30 19:00:00
190.0,3.0,4.0,2.0,9.0,,,1027.1,10.5,11.7,,,1.3,,2026-05-30 20:00:00
190.0,3.0,4.0,1.9,9.0,,,1027.5,10.6,12.0,,,1.4,,2026-05-30 21:00:00
200.0,3.0,4.0,1.7,9.0,,,1027.7,10.7,12.1,,,1.2,,2026-05-30 22:00:00
200.0,3.0,4.0,1.8,10.0,,,1028.1,10.9,12.4,,,1.0,,2026-05-30 23:00:00
210.0,3.0,4.0,1.7,10.0,,,1028.5,11.0,12.7,,,1.0,,2026-05-31 00:00:00
200.0,2.0,4.0,1.9,10.0,,,1028.8,11.2,12.8,,,1.1,,2026-05-31 01:00:00
200.0,3.0,4.0,1.7,10.0,,,1029.1,11.3,12.5,,,1.0,,2026-05-31 02:00:00
220.0,2.0,4.0,1.8,9.0,,,1029.1,11.3,12.5,,,0.6,,2026-05-31 03:00:00
230.0,1.0,3.0,1.5,9.0,,,1029.4,11.2,12.5,,,0.6,,2026-05-31 04:00:00
230.0,1.0,2.0,1.7,9.0,,,1029.8,10.7,12.3,,,0.7,,2026-05-31 05:00:00
200.0,1.0,1.0,1.5,9.0,,,1029.9,10.5,12.1,,,0.8,,2026-05-31 06:00:00
20.0,1.0,2.0,1.4,9.0,,,1029.9,10.5,11.7,,,0.5,,2026-05-31 07:00:00
30.0,1.0,2.0,1.6,9.0,,,1029.9,10.4,11.5,,,0.1,,2026-05-31 08:00:00
10.0,1.0,2.0,1.5,9.0,,,1030.0,10.4,11.5,,,0.1,,2026-05-31 09:00:00
320.0,1.0,2.0,1.4,9.0,,,1030.1,10.3,11.8,,,0.2,,2026-05-31 10:00:00
350.0,1.0,2.0,1.3,9.0,,,1030.5,10.3,11.9,,,0.6,,2026-05-31 11:00:00
10.0,2.0,2.0,1.3,9.0,,,1030.6,10.3,11.9,,,0.6,,2026-05-31 12:00:00
350.0,2.0,3.0,1.3,9.0,,,1030.9,10.6,11.7,,,0.8,,2026-05-31 13:00:00
360.0,2.0,3.0,1.3,9.0,,,1031.1,10.9,11.7,,,0.6,,2026-05-31 14:00:00
350.0,2.0,3.0,1.3,9.0,,,1031.3,11.0,11.7,,,0.7,,2026-05-31 15:00:00
330.0,2.0,3.0,1.3,9.0,,,1031.3,10.9,11.8,,,0.4,,2026-05-31 16:00:00
330.0,3.0,3.0,1.4,9.0,,,1031.3,10.9,11.9,,,0.2,,2026-05-31 17:00:00
310.0,3.0,4.0,1.4,8.0,,,1031.2,10.8,12.1,,,-0.1,,2026-05-31 18:00:00
320.0,4.0,5.0,1.4,8.0,,,1031.2,10.8,12.3,,,-0.1,,2026-05-31 19:00:00
310.0,5.0,5.0,1.3,8.0,,,1031.1,10.9,12.3,,,-0.2,,2026-05-31 20:00:00
310.0,5.0,6.0,1.2,8.0,,,1031.2,11.1,12.4,,,-0.0,,2026-05-31 21:00:00
300.0,6.0,7.0,1.2,8.0,,,1031.2,11.1,12.4,,,-0.0,,2026-05-31 22:00:00
290.0,7.0,8.0,1.1,8.0,,,1031.1,11.2,12.2,,,0.0,,2026-05-31 23:00:00
300.0,7.0,8.0,1.1,8.0,,,1030.8,11.3,12.0,,,-0.4,,2026-06-01 00:00:00
290.0,8.0,9.0,1.2,8.0,,,1030.6,11.4,12.2,,,-0.6,,2026-06-01 01:00:00
290.0,7.0,9.0,1.2,8.0,,,1030.4,11.5,12.0,,,-0.7,,2026-06-01 02:00:00
300.0,7.0,9.0,1.2,7.0,,,1030.2,11.5,11.7,,,-0.6,,2026-06-01 03:00:00
300.0,7.0,9.0,1.2,7.0,,,1029.8,11.4,11.7,,,-0.8,,2026-06-01 04:00:00
300.0,8.0,9.0,1.1,7.0,,,1029.8,11.3,11.8,,,-0.6,,2026-06-01 05:00:00
310.0,7.0,9.0,1.3,7.0,,,1029.5,11.2,11.7,,,-0.7,,2026-06-01 06:00:00
300.0,8.0,10.0,1.3,6.0,,,1029.3,11.2,11.7,,,-0.5,,2026-06-01 07:00:00
310.0,8.0,9.0,1.2,6.0,,,1029.0,11.2,11.7,,,-0.8,,2026-06-01 08:00:00
300.0,8.0,9.0,1.2,6.0,,,1028.6,11.2,11.7,,,-0.9,,2026-06-01 09:00:00
300.0,7.0,10.0,1.2,6.0,,,1028.0,11.3,11.5,,,-1.3,,2026-06-01 10:00:00
300.0,8.0,9.0,1.2,6.0,,,1027.4,11.3,11.5,,,-1.6,,2026-06-01 11:00:00
300.0,7.0,9.0,1.1,6.0,,,1027.0,11.3,11.4,,,-1.6,,2026-06-01 12:00:00
310.0,7.0,8.0,1.1,6.0,,,1026.6,11.4,11.4,,,-1.4,,2026-06-01 13:00:00
310.0,7.0,8.0,1.1,6.0,,,1026.6,11.5,11.4,,,-0.8,,2026-06-01 14:00:00
310.0,6.0,7.0,1.0,6.0,,,1026.7,11.5,11.4,,,-0.3,,2026-06-01 15:00:00
320.0,5.0,6.0,0.9,6.0,,,1026.7,11.5,11.5,,,0.1,,2026-06-01 16:00:00
320.0,5.0,5.0,1.0,7.0,,,1026.6,11.6,11.5,,,0.0,,2026-06-01 17:00:00
310.0,5.0,5.0,0.9,7.0,,,1026.2,11.7,11.6,,,-0.5,,2026-06-01 18:00:00
300.0,5.0,6.0,1.0,7.0,,,1025.9,11.6,11.6,,,-0.8,,2026-06-01 19:00:00
310.0,6.0,7.0,1.0,6.0,,,1025.4,11.6,11.7,,,-1.2,,2026-06-01 20:00:00
300.0,6.0,7.0,1.0,6.0,,,1025.1,11.9,11.7,,,-1.1,,2026-06-01 21:00:00
300.0,6.0,8.0,1.0,6.0,,,1024.6,12.0,11.8,,,-1.3,,2026-06-01 22:00:00
300.0,7.0,8.0,0.9,6.0,,,1023.9,12.2,11.8,,,-1.5,,2026-06-01 23:00:00
290.0,7.0,8.0,1.0,6.0,,,1023.1,12.4,11.9,,,-2.0,,2026-06-02 00:00:00
300.0,7.0,8.0,0.9,6.0,,,1022.5,12.5,11.9,,,-2.1,,2026-06-02 01:00:00
310.0,6.0,7.0,0.9,6.0,,,1021.9,12.9,11.8,,,-2.0,,2026-06-02 02:00:00
290.0,6.0,7.0,0.9,6.0,,,1021.5,13.0,11.8,,,-1.6,,2026-06-02 03:00:00
310.0,6.0,7.0,0.9,7.0,,,1021.0,13.1,11.7,,,-1.5,,2026-06-02 04:00:00
300.0,4.0,5.0,0.9,8.0,,,1020.9,12.7,11.6,,,-1.0,,2026-06-02 05:00:00
260.0,5.0,6.0,0.9,7.0,,,1020.6,12.3,11.5,,,-0.9,,2026-06-02 06:00:00
290.0,5.0,6.0,1.0,7.0,,,1020.0,12.4,11.5,,,-1.0,,2026-06-02 07:00:00
290.0,4.0,5.0,0.9,6.0,,,1019.5,12.3,11.4,,,-1.4,,2026-06-02 08:00:00
300.0,3.0,4.0,0.9,7.0,,,1019.4,12.2,11.4,,,-1.2,,2026-06-02 09:00:00
330.0,4.0,4.0,1.0,7.0,,,1018.8,12.1,11.4,,,-1.2,,2026-06-02 10:00:00
260.0,1.0,2.0,1.0,9.0,,,1018.6,11.7,11.5,,,-0.9,,2026-06-02 11:00:00
50.0,2.0,2.0,0.8,7.0,,,1017.9,11.6,11.7,,,-1.5,,2026-06-02 12:00:00
140.0,1.0,2.0,0.9,9.0,,,1018.0,12.1,11.8,,,-0.8,,2026-06-02 13:00:00
240.0,2.0,3.0,0.8,9.0,,,1018.1,12.5,11.8,,,-0.5,,2026-06-02 14:00:00
110.0,2.0,2.0,0.9,10.0,,,1017.8,12.7,12.0,,,-0.1,,2026-06-02 15:00:00
100.0,3.0,3.0,0.9,10.0,,,1017.5,12.5,12.2,,,-0.5,,2026-06-02 16:00:00
100.0,2.0,3.0,0.9,9.0,,,1016.9,13.0,12.3,,,-1.2,,2026-06-02 17:00:00
270.0,1.0,1.0,1.0,10.0,,,1016.9,14.2,12.6,,,-0.9,,2026-06-02 18:00:00
70.0,2.0,3.0,1.0,10.0,,,1016.1,13.6,13.1,,,-1.4,,2026-06-02 19:00:00
70.0,3.0,4.0,1.2,11.0,,,1015.8,13.7,12.7,,,-1.1,,2026-06-02 20:00:00
100.0,3.0,3.0,1.2,10.0,,,1015.3,14.3,13.3,,,-1.6,,2026-06-02 21:00:00
130.0,2.0,3.0,1.3,11.0,,,1015.2,14.2,12.9,,,-0.9,,2026-06-02 22:00:00
160.0,4.0,4.0,1.4,10.0,,,1015.2,14.5,13.2,,,-0.6,,2026-06-02 23:00:00
180.0,3.0,4.0,1.4,11.0,,,1014.8,14.6,13.3,,,-0.5,,2026-06-03 00:00:00
180.0,3.0,4.0,1.5,10.0,,,1014.3,14.4,13.3,,,-0.9,,2026-06-03 01:00:00
200.0,7.0,8.0,1.6,11.0,,,1014.1,13.7,13.0,,,-1.1,,2026-06-03 02:00:00
200.0,5.0,6.0,1.7,11.0,,,1013.9,13.3,12.7,,,-0.9,,2026-06-03 03:00:00
190.0,4.0,5.0,2.0,10.0,,,1014.2,12.9,12.6,,,-0.1,,2026-06-03 04:00:00
160.0,2.0,4.0,1.7,11.0,,,1014.4,12.7,12.5,,,0.3,,2026-06-03 05:00:00
180.0,3.0,4.0,2.1,11.0,,,1014.4,12.6,12.4,,,0.5,,2026-06-03 06:00:00
180.0,3.0,4.0,2.0,10.0,,,1014.2,12.6,12.4,,,0.0,,2026-06-03 07:00:00
180.0,2.0,3.0,2.0,10.0,,,1014.0,12.5,12.4,,,-0.4,,2026-06-03 08:00:00
200.0,1.0,3.0,1.9,10.0,,,1013.8,12.5,12.3,,,-0.6,,2026-06-03 09:00:00
190.0,2.0,4.0,2.3,11.0,,,1014.0,12.6,12.4,,,-0.2,,2026-06-03 10:00:00
190.0,3.0,4.0,2.3,10.0,,,1014.3,12.5,12.4,,,0.3,,2026-06-03 11:00:00
200.0,3.0,4.0,1.7,10.0,,,1014.1,12.4,12.3,,,0.3,,2026-06-03 12:00:00
190.0,3.0,4.0,2.1,11.0,,,1014.4,12.4,12.5,,,0.4,,2026-06-03 13:00:00
160.0,2.0,3.0,1.9,11.0,,,1014.6,12.5,12.5,,,0.3,,2026-06-03 14:00:00
170.0,2.0,3.0,2.0,11.0,,,1015.0,12.7,12.9,,,0.9,,2026-06-03 15:00:00
180.0,4.0,5.0,2.0,10.0,,,1015.5,12.7,12.9,,,1.1,,2026-06-03 16:00:00
190.0,5.0,6.0,2.4,10.0,,,1015.9,12.7,12.9,,,1.3,,2026-06-03 17:00:00
200.0,4.0,6.0,2.4,11.0,,,1016.4,12.5,12.9,,,1.4,,2026-06-03 18:00:00
190.0,3.0,4.0,2.5,10.0,,,1016.3,12.6,12.9,,,0.8,,2026-06-03 19:00:00
150.0,3.0,5.0,2.4,10.0,,,1016.8,12.9,13.1,,,0.9,,2026-06-03 20:00:00
180.0,7.0,9.0,2.2,10.0,,,1016.9,12.4,13.1,,,0.5,,2026-06-03 21:00:00
180.0,7.0,9.0,2.1,10.0,,,1017.1,11.9,12.8,,,0.8,,2026-06-03 22:00:00
170.0,7.0,8.0,1.9,10.0,,,1017.2,11.9,12.6,,,0.4,,2026-06-03 23:00:00
180.0,6.0,8.0,2.1,10.0,,,1017.4,11.9,12.5,,,0.5,,2026-06-04 00:00:00
240.0,4.0,5.0,1.6,9.0,,,1017.7,11.2,12.3,,,0.6,,2026-06-04 01:00:00
240.0,4.0,6.0,1.7,10.0,,,1017.7,10.7,12.3,,,0.5,,2026-06-04 02:00:00
220.0,4.0,5.0,1.7,10.0,,,1017.8,10.8,12.3,,,0.4,,2026-06-04 03:00:00
220.0,6.0,8.0,1.9,10.0,,,1017.8,11.4,12.2,,,0.1,,2026-06-04 04:00:00
210.0,5.0,6.0,1.9,9.0,,,1018.5,11.3,12.1,,,0.8,,2026-06-04 05:00:00
180.0,4.0,5.0,1.9,9.0,,,1018.5,11.6,12.1,,,0.7,,2026-06-04 06:00:00
170.0,7.0,8.0,1.9,9.0,,,1018.4,11.8,12.1,,,0.6,,2026-06-04 07:00:00
160.0,7.0,9.0,1.6,9.0,,,1018.2,11.8,12.0,,,-0.3,,2026-06-04 08:00:00
150.0,8.0,9.0,1.9,9.0,,,1017.9,11.7,12.0,,,-0.6,,2026-06-04 09:00:00
150.0,8.0,9.0,2.2,9.0,,,1017.8,11.6,12.1,,,-0.6,,2026-06-04 10:00:00
150.0,8.0,11.0,1.8,8.0,,,1017.4,11.4,12.1,,,-0.8,,2026-06-04 11:00:00
140.0,10.0,12.0,2.0,8.0,,,1016.8,11.3,12.0,,,-1.1,,2026-06-04 12:00:00
140.0,9.0,12.0,1.8,7.0,,,1016.9,10.9,12.0,,,-0.9,,2026-06-04 13:00:00
140.0,8.0,9.0,1.8,8.0,,,1016.9,11.3,12.0,,,-0.5,,2026-06-04 14:00:00
150.0,8.0,10.0,1.7,8.0,,,1016.8,11.8,12.0,,,0.0,,2026-06-04 15:00:00
160.0,10.0,13.0,1.8,8.0,,,1016.7,11.7,12.0,,,-0.2,,2026-06-04 16:00:00
160.0,9.0,11.0,1.8,8.0,,,1017.0,11.1,11.9,,,0.1,,2026-06-04 17:00:00
170.0,9.0,11.0,1.9,7.0,,,1017.0,11.7,11.8,,,0.2,,2026-06-04 18:00:00
160.0,10.0,12.0,1.9,7.0,,,1016.7,11.7,11.8,,,0.0,,2026-06-04 19:00:00
150.0,11.0,13.0,2.1,7.0,,,1016.5,11.0,11.7,,,-0.5,,2026-06-04 20:00:00
150.0,10.0,12.0,2.3,8.0,,,1016.0,11.2,11.6,,,-1.0,,2026-06-04 21:00:00
160.0,9.0,11.0,2.3,7.0,,,1015.8,11.5,11.7,,,-0.9,,2026-06-04 22:00:00
170.0,10.0,12.0,2.4,8.0,,,1015.7,10.4,11.8,,,-0.8,,2026-06-04 23:00:00
170.0,10.0,12.0,2.5,9.0,,,1015.3,10.9,11.8,,,-0.7,,2026-06-05 00:00:00
170.0,9.0,11.0,2.9,9.0,,,1014.9,11.4,11.7,,,-0.9,,2026-06-05 01:00:00
160.0,9.0,12.0,2.6,9.0,,,1014.3,11.2,11.7,,,-1.4,,2026-06-05 02:00:00
170.0,8.0,10.0,2.3,8.0,,,1014.0,11.4,11.7,,,-1.3,,2026-06-05 03:00:00
160.0,9.0,11.0,2.3,9.0,,,1013.8,10.8,11.6,,,-1.1,,2026-06-05 04:00:00
160.0,8.0,10.0,2.4,9.0,,,1013.5,10.7,11.6,,,-0.8,,2026-06-05 05:00:00
160.0,7.0,9.0,2.4,9.0,,,1013.1,10.3,11.6,,,-0.9,,2026-06-05 06:00:00
150.0,9.0,10.0,2.3,9.0,,,1012.4,10.4,11.6,,,-1.4,,2026-06-05 07:00:00
150.0,8.0,10.0,,,,,1012.0,10.4,11.6,,,-1.5,,2026-06-05 08:00:00
140.0,8.0,10.0,2.4,9.0,,,1011.5,10.3,11.5,,,-1.6,,2026-06-05 09:00:00
140.0,7.0,9.0,2.2,8.0,,,1011.2,10.4,11.5,,,-1.2,,2026-06-05 10:00:00
140.0,6.0,8.0,2.3,10.0,,,1010.9,10.4,11.5,,,-1.1,,2026-06-05 11:00:00
160.0,6.0,7.0,2.1,9.0,,,1010.6,10.5,11.5,,,-0.9,,2026-06-05 12:00:00
140.0,7.0,8.0,2.2,9.0,,,1010.4,10.6,11.5,,,-0.8,,2026-06-05 13:00:00
160.0,8.0,9.0,2.4,9.0,,,1010.2,10.7,11.5,,,-0.7,,2026-06-05 14:00:00
130.0,7.0,8.0,2.5,9.0,,,1010.5,10.2,11.5,,,-0.1,,2026-06-05 15:00:00
120.0,9.0,11.0,2.4,10.0,,,1010.4,9.6,11.4,,,-0.0,,2026-06-05 16:00:00
140.0,8.0,10.0,2.1,9.0,,,1010.8,9.6,11.4,,,0.6,,2026-06-05 17:00:00
130.0,9.0,11.0,2.1,9.0,,,1010.7,9.8,11.5,,,0.2,,2026-06-05 18:00:00
140.0,8.0,9.0,2.1,9.0,,,1010.9,10.6,11.5,,,0.5,,2026-06-05 19:00:00
130.0,7.0,9.0,2.5,9.0,,,1011.0,10.3,11.5,,,0.2,,2026-06-05 20:00:00
140.0,7.0,8.0,2.4,8.0,,,1011.0,10.9,11.6,,,0.3,,2026-06-05 21:00:00
150.0,6.0,7.0,2.3,9.0,,,1010.9,10.9,11.7,,,0.0,,2026-06-05 22:00:00
150.0,6.0,8.0,2.1,9.0,,,1011.1,10.9,11.8,,,0.1,,2026-06-05 23:00:00
140.0,6.0,7.0,2.0,9.0,,,1011.3,10.9,11.8,,,0.3,,2026-06-06 00:00:00
150.0,5.0,6.0,2.0,9.0,,,1011.3,11.2,11.9,,,0.4,,2026-06-06 01:00:00
150.0,4.0,5.0,1.8,9.0,,,1011.6,10.8,11.9,,,0.5,,2026-06-06 02:00:00
160.0,3.0,4.0,1.9,9.0,,,1011.7,10.8,12.0,,,0.4,,2026-06-06 03:00:00
220.0,2.0,3.0,1.8,10.0,,,1011.9,10.7,12.0,,,0.6,,2026-06-06 04:00:00
240.0,2.0,3.0,1.8,9.0,,,1012.5,10.5,11.9,,,0.9,,2026-06-06 05:00:00
230.0,2.0,2.0,1.8,10.0,,,1012.7,10.5,11.9,,,1.0,,2026-06-06 06:00:00
240.0,1.0,2.0,1.8,10.0,,,1013.0,10.5,11.7,,,1.1,,2026-06-06 07:00:00
260.0,1.0,2.0,1.9,9.0,,,1012.9,10.4,11.6,,,0.4,,2026-06-06 08:00:00
270.0,1.0,2.0,2.0,9.0,,,1012.9,10.5,11.6,,,0.2,,2026-06-06 09:00:00
260.0,3.0,3.0,2.0,9.0,,,1012.9,10.5,11.6,,,-0.1,,2026-06-06 10:00:00
270.0,3.0,3.0,2.1,9.0,,,1013.1,10.6,11.6,,,0.2,,2026-06-06 11:00:00
280.0,3.0,4.0,1.9,9.0,,,1013.2,10.6,11.6,,,0.3,,2026-06-06 12:00:00
310.0,3.0,3.0,1.7,9.0,,,1013.4,10.9,11.6,,,0.5,,2026-06-06 13:00:00
280.0,3.0,3.0,1.6,9.0,,,1013.6,10.9,11.6,,,0.5,,2026-06-06 14:00:00
290.0,3.0,4.0,1.5,10.0,,,1014.0,11.1,11.7,,,0.8,,2026-06-06 15:00:00
300.0,3.0,4.0,1.6,10.0,,,1014.4,11.1,11.8,,,1.0,,2026-06-06 16:00:00
300.0,4.0,5.0,1.6,10.0,,,1014.8,11.1,12.0,,,1.2,,2026-06-06 17:00:00
280.0,4.0,5.0,1.5,10.0,,,1014.8,11.2,12.2,,,0.8,,2026-06-06 18:00:00
280.0,4.0,5.0,1.5,9.0,,,1015.2,11.3,12.4,,,0.8,,2026-06-06 19:00:00
290.0,4.0,5.0,1.6,9.0,,,1015.4,11.4,12.4,,,0.6,,2026-06-06 20:00:00
300.0,3.0,4.0,1.5,9.0,,,1015.6,11.5,12.5,,,0.8,,2026-06-06 21:00:00
280.0,3.0,5.0,1.6,10.0,,,1015.7,11.6,12.6,,,0.5,,2026-06-06 22:00:00
260.0,4.0,5.0,1.6,9.0,,,1015.6,11.8,12.8,,,0.2,,2026-06-06 23:00:00
240.0,4.0,5.0,1.5,9.0,,,1015.6,12.0,13.0,,,0.0,,2026-06-07 00:00:00
240.0,4.0,6.0,1.3,9.0,,,1015.3,12.2,12.9,,,-0.4,,2026-06-07 01:00:00
250.0,5.0,6.0,1.4,9.0,,,1015.0,12.4,12.9,,,-0.6,,2026-06-07 02:00:00
250.0,5.0,6.0,1.3,10.0,,,1014.9,12.5,12.8,,,-0.7,,2026-06-07 03:00:00
260.0,5.0,6.0,1.3,10.0,,,1014.9,12.3,12.6,,,-0.4,,2026-06-07 04:00:00
250.0,3.0,4.0,1.2,10.0,,,1014.9,11.9,12.5,,,-0.1,,2026-06-07 05:00:00
240.0,4.0,5.0,1.1,10.0,,,1014.9,11.9,12.3,,,0.0,,2026-06-07 06:00:00
230.0,2.0,3.0,1.2,9.0,,,1014.6,11.8,12.0,,,-0.3,,2026-06-07 07:00:00
220.0,3.0,4.0,1.2,8.0,,,1014.4,11.7,11.8,,,-0.5,,2026-06-07 08:00:00
190.0,3.0,4.0,1.1,9.0,,,1014.2,11.7,11.9,,,-0.7,,2026-06-07 09:00:00
210.0,2.0,3.0,1.1,8.0,,,1014.0,11.5,11.9,,,-0.6,,2026-06-07 10:00:00
190.0,2.0,3.0,1.2,8.0,,,1013.5,11.5,12.2,,,-0.9,,2026-06-07 11:00:00
160.0,3.0,4.0,1.1,8.0,,,1013.2,11.6,12.3,,,-1.0,,2026-06-07 12:00:00
140.0,5.0,7.0,1.2,8.0,,,1013.0,11.6,12.4,,,-1.0,,2026-06-07 13:00:00
150.0,7.0,9.0,1.1,8.0,,,1012.8,11.6,12.3,,,-0.7,,2026-06-07 14:00:00
170.0,8.0,10.0,1.0,6.0,,,1012.9,10.3,12.2,,,-0.3,,2026-06-07 15:00:00
140.0,4.0,5.0,1.1,8.0,,,1012.8,10.4,12.1,,,-0.2,,2026-06-07 16:00:00
130.0,9.0,11.0,1.1,8.0,,,1012.4,11.3,12.1,,,-0.4,,2026-06-07 17:00:00
140.0,9.0,11.0,1.2,7.0,,,1012.2,11.7,12.0,,,-0.7,,2026-06-07 18:00:00
150.0,9.0,12.0,1.4,5.0,,,1012.1,11.9,11.9,,,-0.7,,2026-06-07 19:00:00
150.0,9.0,11.0,1.5,5.0,,,1012.1,11.9,11.8,,,-0.3,,2026-06-07 20:00:00
160.0,10.0,12.0,1.5,6.0,,,1011.9,12.1,11.6,,,-0.3,,2026-06-07 21:00:00
150.0,12.0,15.0,1.6,5.0,,,1011.7,11.5,11.5,,,-0.4,,2026-06-07 22:00:00
150.0,13.0,16.0,2.0,6.0,,,1011.5,11.2,11.5,,,-0.6,,2026-06-07 23:00:00
140.0,10.0,13.0,2.1,6.0,,,1011.5,11.1,11.5,,,-0.4,,2026-06-08 00:00:00
140.0,12.0,14.0,2.0,6.0,,,1010.9,11.4,11.6,,,-0.8,,2026-06-08 01:00:00
130.0,10.0,12.0,1.8,6.0,,,1010.4,11.2,11.7,,,-1.1,,2026-06-08 02:00:00
130.0,11.0,13.0,1.8,6.0,,,1009.9,11.0,11.6,,,-1.6,,2026-06-08 03:00:00
130.0,10.0,12.0,1.9,6.0,,,1009.7,11.3,11.5,,,-1.2,,2026-06-08 04:00:00
130.0,10.0,13.0,1.9,7.0,,,1009.6,11.0,11.5,,,-0.8,,2026-06-08 05:00:00
130.0,8.0,10.0,2.0,7.0,,,1009.3,11.4,11.5,,,-0.6,,2026-06-08 06:00:00
110.0,8.0,9.0,2.1,7.0,,,1008.7,11.6,11.5,,,-1.0,,2026-06-08 07:00:00
120.0,8.0,10.0,2.2,7.0,,,1008.0,11.6,11.4,,,-1.6,,2026-06-08 08:00:00
110.0,8.0,9.0,2.3,7.0,,,1007.6,11.7,11.4,,,-1.7,,2026-06-08 09:00:00
110.0,9.0,11.0,2.1,7.0,,,1007.0,11.6,11.4,,,-1.7,,2026-06-08 10:00:00
110.0,8.0,10.0,1.9,7.0,,,1006.6,11.5,11.3,,,-1.4,,2026-06-08 11:00:00
110.0,7.0,8.0,2.1,8.0,,,1006.2,11.6,11.3,,,-1.4,,2026-06-08 12:00:00
110.0,7.0,8.0,2.0,8.0,,,1005.9,11.7,11.3,,,-1.1,,2026-06-08 13:00:00
110.0,5.0,6.0,1.7,8.0,,,1005.6,11.9,11.4,,,-1.0,,2026-06-08 14:00:00
90.0,4.0,5.0,1.6,8.0,,,1005.5,11.9,11.4,,,-0.7,,2026-06-08 15:00:00
50.0,3.0,4.0,1.5,8.0,,,1005.3,11.8,11.6,,,-0.6,,2026-06-08 16:00:00
80.0,4.0,6.0,1.4,8.0,,,1005.2,12.2,11.7,,,-0.4,,2026-06-08 17:00:00
110.0,9.0,11.0,1.4,8.0,,,1004.9,12.2,11.7,,,-0.6,,2026-06-08 18:00:00
110.0,10.0,12.0,1.4,7.0,,,1004.9,12.0,11.7,,,-0.4,,2026-06-08 19:00:00
120.0,9.0,12.0,1.6,7.0,,,1005.0,12.1,11.6,,,-0.2,,2026-06-08 20:00:00
120.0,10.0,12.0,1.8,6.0,,,1004.7,12.1,11.6,,,-0.2,,2026-06-08 21:00:00
120.0,9.0,10.0,1.5,6.0,,,1004.7,12.4,11.6,,,-0.2,,2026-06-08 22:00:00
130.0,7.0,9.0,1.5,6.0,,,1005.0,12.4,11.5,,,-0.0,,2026-06-08 23:00:00
150.0,6.0,8.0,1.3,7.0,,,1005.1,12.3,11.6,,,0.4,,2026-06-09 00:00:00
190.0,4.0,5.0,1.1,7.0,,,1005.0,12.1,11.8,,,0.3,,2026-06-09 01:00:00
230.0,2.0,2.0,1.2,7.0,,,1004.8,12.5,12.0,,,-0.2,,2026-06-09 02:00:00
180.0,1.0,2.0,1.1,7.0,,,1004.8,12.3,11.9,,,-0.3,,2026-06-09 03:00:00
220.0,2.0,2.0,1.0,8.0,,,1004.7,12.1,11.8,,,-0.3,,2026-06-09 04:00:00
300.0,1.0,1.0,1.0,8.0,,,1004.5,11.8,11.7,,,-0.3,,2026-06-09 05:00:00
10.0,2.0,2.0,1.1,9.0,,,1004.6,11.6,11.7,,,-0.2,,2026-06-09 06:00:00
10.0,1.0,1.0,1.1,7.0,,,1004.7,11.6,11.7,,,-0.0,,2026-06-09 07:00:00
40.0,1.0,1.0,1.0,8.0,,,1004.4,11.6,11.7,,,-0.1,,2026-06-09 08:00:00
210.0,1.0,1.0,1.0,8.0,,,1004.8,11.6,11.6,,,0.2,,2026-06-09 09:00:00
130.0,1.0,2.0,1.0,8.0,,,1004.8,11.6,11.6,,,0.1,,2026-06-09 10:00:00
160.0,2.0,2.0,1.1,8.0,,,1004.8,11.8,11.5,,,0.4,,2026-06-09 11:00:00
190.0,3.0,4.0,1.1,8.0,,,1004.7,11.6,11.5,,,-0.1,,2026-06-09 12:00:00
180.0,5.0,5.0,0.9,7.0,,,1004.7,11.7,11.5,,,-0.1,,2026-06-09 13:00:00
270.0,9.0,11.0,0.9,7.0,,,1005.1,11.0,11.7,,,0.3,,2026-06-09 14:00:00
260.0,9.0,11.0,1.1,6.0,,,1005.8,11.2,11.8,,,1.1,,2026-06-09 15:00:00
250.0,8.0,10.0,1.3,6.0,,,1006.5,10.7,11.8,,,1.8,,2026-06-09 16:00:00
250.0,7.0,8.0,1.2,6.0,,,1007.4,11.2,11.8,,,2.3,,2026-06-09 17:00:00
240.0,7.0,9.0,1.3,6.0,,,1008.1,11.2,11.8,,,2.3,,2026-06-09 18:00:00
240.0,8.0,9.0,1.2,6.0,,,1009.1,11.4,11.8,,,2.6,,2026-06-09 19:00:00
240.0,6.0,7.0,1.3,6.0,,,1010.2,11.5,11.7,,,2.8,,2026-06-09 20:00:00
240.0,6.0,7.0,1.3,7.0,,,1011.0,11.5,11.7,,,2.9,,2026-06-09 21:00:00
230.0,6.0,7.0,1.3,7.0,,,1011.8,11.5,11.6,,,2.7,,2026-06-09 22:00:00
230.0,6.0,7.0,1.3,7.0,,,1012.6,11.6,11.7,,,2.4,,2026-06-09 23:00:00
230.0,6.0,7.0,1.5,8.0,,,1013.2,11.7,11.8,,,2.2,,2026-06-10 00:00:00
230.0,5.0,6.0,1.6,8.0,,,1013.6,11.8,11.9,,,1.8,,2026-06-10 01:00:00
240.0,6.0,6.0,1.6,8.0,,,1014.0,11.8,11.9,,,1.4,,2026-06-10 02:00:00
240.0,5.0,7.0,1.7,8.0,,,1014.7,11.6,11.9,,,1.5,,2026-06-10 03:00:00
250.0,5.0,7.0,1.7,9.0,,,1015.3,11.7,11.8,,,1.7,,2026-06-10 04:00:00
250.0,4.0,5.0,1.7,8.0,,,1015.9,11.6,11.8,,,1.9,,2026-06-10 05:00:00
240.0,4.0,5.0,1.7,8.0,,,1016.7,11.4,11.8,,,2.0,,2026-06-10 06:00:00
230.0,4.0,6.0,1.8,9.0,,,1017.3,11.5,11.7,,,2.0,,2026-06-10 07:00:00
240.0,4.0,5.0,1.7,9.0,,,1017.8,11.4,11.7,,,1.9,,2026-06-10 08:00:00
240.0,4.0,4.0,1.8,9.0,,,1018.6,11.4,11.6,,,1.9,,2026-06-10 09:00:00
240.0,2.0,3.0,1.7,9.0,,,1019.0,11.4,11.6,,,1.7,,2026-06-10 10:00:00
230.0,2.0,3.0,1.9,9.0,,,1019.3,11.3,11.6,,,1.5,,2026-06-10 11:00:00
220.0,2.0,3.0,1.7,9.0,,,1019.5,11.3,11.5,,,0.9,,2026-06-10 12:00:00
190.0,2.0,3.0,1.7,9.0,,,1020.3,11.5,11.5,,,1.3,,2026-06-10 13:00:00
170.0,3.0,3.0,1.7,9.0,,,1020.6,11.5,11.5,,,1.3,,2026-06-10 14:00:00
180.0,3.0,4.0,1.8,9.0,,,1021.1,11.6,11.6,,,1.6,,2026-06-10 15:00:00
160.0,2.0,3.0,1.7,9.0,,,1021.6,11.9,11.8,,,1.3,,2026-06-10 16:00:00
180.0,3.0,4.0,1.7,9.0,,,1022.0,11.9,11.9,,,1.4,,2026-06-10 17:00:00
160.0,3.0,4.0,1.7,9.0,,,1022.3,12.0,12.1,,,1.2,,2026-06-10 18:00:00
150.0,3.0,4.0,1.7,9.0,,,1022.8,12.0,12.4,,,1.2,,2026-06-10 19:00:00
160.0,4.0,4.0,1.7,9.0,,,1023.3,12.0,12.5,,,1.3,,2026-06-10 20:00:00
180.0,4.0,5.0,1.7,10.0,,,1023.5,12.1,12.6,,,1.2,,2026-06-10 21:00:00
170.0,4.0,5.0,,,,,1023.9,12.1,12.7,,,1.1,,2026-06-10 22:00:00
190.0,4.0,4.0,1.5,9.0,,,1024.3,12.3,12.9,,,1.0,,2026-06-10 23:00:00
180.0,3.0,4.0,1.6,9.0,,,1024.3,12.4,12.9,,,0.8,,2026-06-11 00:00:00
160.0,3.0,3.0,1.6,9.0,,,1024.3,12.6,13.0,,,0.4,,2026-06-11 01:00:00
190.0,3.0,4.0,1.5,9.0,,,1024.2,12.4,13.0,,,-0.1,,2026-06-11 02:00:00
180.0,3.0,4.0,1.4,9.0,,,1023.9,12.1,12.8,,,-0.4,,2026-06-11 03:00:00
160.0,2.0,3.0,1.4,9.0,,,1023.8,12.1,12.9,,,-0.5,,2026-06-11 04:00:00
170.0,3.0,4.0,1.3,9.0,,,1023.8,12.1,12.9,,,-0.4,,2026-06-11 05:00:00
180.0,3.0,4.0,1.3,9.0,,,1023.7,12.0,12.9,,,-0.2,,2026-06-11 06:00:00
170.0,3.0,4.0,1.2,9.0,,,1023.7,12.1,12.9,,,-0.1,,2026-06-11 07:00:00
180.0,2.0,2.0,1.3,10.0,,,1024.0,12.0,12.6,,,0.2,,2026-06-11 08:00:00
140.0,2.0,3.0,1.4,10.0,,,1024.1,12.0,12.5,,,0.4,,2026-06-11 09:00:00
130.0,1.0,2.0,1.3,9.0,,,1024.0,12.0,12.5,,,0.3,,2026-06-11 10:00:00
90.0,1.0,2.0,1.4,10.0,,,1023.8,11.9,12.4,,,-0.2,,2026-06-11 11:00:00
90.0,2.0,2.0,1.3,9.0,,,1023.6,12.0,12.3,,,-0.5,,2026-06-11 12:00:00
80.0,2.0,2.0,1.2,9.0,,,1023.4,12.0,12.2,,,-0.6,,2026-06-11 13:00:00
130.0,1.0,1.0,1.2,8.0,,,1023.3,12.1,12.3,,,-0.5,,2026-06-11 14:00:00
100.0,1.0,2.0,1.2,10.0,,,1023.2,12.1,12.3,,,-0.4,,2026-06-11 15:00:00
210.0,1.0,2.0,1.1,8.0,,,1023.2,12.1,12.4,,,-0.2,,2026-06-11 16:00:00
230.0,1.0,1.0,1.1,9.0,,,1023.4,12.3,12.6,,,0.1,,2026-06-11 17:00:00
270.0,1.0,2.0,1.0,9.0,,,1023.6,12.5,12.8,,,0.4,,2026-06-11 18:00:00
270.0,2.0,2.0,0.9,9.0,,,1023.7,12.6,13.2,,,0.5,,2026-06-11 19:00:00
300.0,2.0,3.0,0.9,10.0,,,1023.9,12.7,13.5,,,0.5,,2026-06-11 20:00:00
290.0,3.0,4.0,0.9,11.0,,,1024.1,12.7,13.5,,,0.5,,2026-06-11 21:00:00
290.0,4.0,5.0,0.9,10.0,,,1024.2,12.7,13.4,,,0.5,,2026-06-11 22:00:00
290.0,5.0,6.0,0.8,10.0,,,1024.2,12.8,13.2,,,0.3,,2026-06-11 23:00:00
290.0,6.0,7.0,0.9,10.0,,,1024.3,12.7,13.0,,,0.2,,2026-06-12 00:00:00
290.0,6.0,7.0,1.0,9.0,,,1024.1,12.8,12.9,,,-0.1,,2026-06-12 01:00:00
290.0,6.0,7.0,1.0,9.0,,,1024.1,12.8,12.8,,,-0.1,,2026-06-12 02:00:00
290.0,6.0,8.0,1.0,7.0,,,1023.9,12.8,12.6,,,-0.4,,2026-06-12 03:00:00
300.0,7.0,8.0,1.0,8.0,,,1023.8,12.6,12.6,,,-0.3,,2026-06-12 04:00:00
300.0,7.0,8.0,0.9,7.0,,,1023.9,12.4,12.8,,,-0.2,,2026-06-12 05:00:00
300.0,6.0,7.0,0.8,6.0,,,1024.1,12.4,12.9,,,0.2,,2026-06-12 06:00:00
310.0,6.0,7.0,0.8,7.0,,,1024.1,12.3,12.8,,,0.3,,2026-06-12 07:00:00
310.0,7.0,8.0,0.8,7.0,,,1024.0,12.3,12.7,,,0.1,,2026-06-12 08:00:00
300.0,7.0,9.0,0.9,6.0,,,1024.0,12.3,12.6,,,-0.1,,2026-06-12 09:00:00
300.0,8.0,9.0,0.8,7.0,,,1024.1,12.2,12.8,,,-0.0,,2026-06-12 10:00:00
310.0,7.0,9.0,0.9,6.0,,,1024.2,12.3,12.8,,,0.2,,2026-06-12 11:00:00
310.0,8.0,10.0,1.0,7.0,,,1024.4,12.2,12.6,,,0.4,,2026-06-12 12:00:00
310.0,8.0,9.0,1.0,6.0,,,1024.7,12.3,12.5,,,0.6,,2026-06-12 13:00:00
310.0,7.0,9.0,1.0,7.0,,,1025.0,12.4,12.5,,,0.8,,2026-06-12 14:00:00
320.0,8.0,9.0,1.2,6.0,,,1025.0,12.4,12.6,,,0.6,,2026-06-12 15:00:00
310.0,8.0,10.0,1.2,6.0,,,1025.0,12.3,12.6,,,0.3,,2026-06-12 16:00:00
310.0,8.0,10.0,1.2,6.0,,,1025.1,12.4,12.7,,,0.1,,2026-06-12 17:00:00
310.0,8.0,10.0,1.2,6.0,,,1025.1,12.3,12.8,,,0.1,,2026-06-12 18:00:00
300.0,9.0,11.0,1.2,5.0,,,1025.4,12.1,12.9,,,0.4,,2026-06-12 19:00:00
290.0,9.0,10.0,1.2,6.0,,,1025.9,12.1,12.9,,,0.8,,2026-06-12 20:00:00
300.0,8.0,10.0,1.2,6.0,,,1025.9,12.2,12.8,,,0.8,,2026-06-12 21:00:00
300.0,8.0,10.0,1.1,6.0,,,1026.0,12.3,12.8,,,0.6,,2026-06-12 22:00:00
300.0,8.0,9.0,1.1,6.0,,,1025.9,12.4,12.9,,,0.0,,2026-06-12 23:00:00
300.0,8.0,9.0,1.1,6.0,,,1025.9,12.5,12.9,,,0.0,,2026-06-13 00:00:00
290.0,8.0,9.0,1.2,6.0,,,1025.6,12.4,12.8,,,-0.4,,2026-06-13 01:00:00
290.0,8.0,9.0,1.1,6.0,,,1025.6,12.6,12.7,,,-0.3,,2026-06-13 02:00:00
290.0,8.0,9.0,1.2,6.0,,,1025.6,12.6,12.6,,,-0.3,,2026-06-13 03:00:00
280.0,8.0,9.0,1.2,6.0,,,1025.7,12.6,12.6,,,0.1,,2026-06-13 04:00:00
290.0,7.0,9.0,1.1,6.0,,,1025.9,12.4,12.7,,,0.3,,2026-06-13 05:00:00
290.0,5.0,7.0,1.1,6.0,,,1026.1,12.4,12.7,,,0.5,,2026-06-13 06:00:00
290.0,5.0,6.0,0.9,6.0,,,1026.1,12.4,12.8,,,0.4,,2026-06-13 07:00:00
280.0,5.0,6.0,0.8,6.0,,,1025.9,12.4,12.8,,,0.0,,2026-06-13 08:00:00
280.0,5.0,6.0,0.8,7.0,,,1026.0,12.4,12.8,,,-0.1,,2026-06-13 09:00:00
290.0,5.0,6.0,0.8,7.0,,,1026.1,12.4,12.7,,,-0.0,,2026-06-13 10:00:00
310.0,4.0,5.0,0.8,7.0,,,1025.7,12.5,12.6,,,-0.2,,2026-06-13 11:00:00
300.0,4.0,5.0,0.8,7.0,,,1026.2,12.7,12.5,,,0.2,,2026-06-13 12:00:00
310.0,4.0,5.0,0.9,8.0,,,1026.2,12.9,12.4,,,0.1,,2026-06-13 13:00:00
340.0,4.0,4.0,0.8,7.0,,,1026.1,12.9,12.4,,,0.4,,2026-06-13 14:00:00
310.0,3.0,3.0,0.8,7.0,,,1026.6,12.9,12.5,,,0.4,,2026-06-13 15:00:00
330.0,3.0,4.0,0.8,8.0,,,1026.4,12.9,12.7,,,0.2,,2026-06-13 16:00:00
360.0,2.0,3.0,0.8,7.0,,,1026.5,13.0,12.9,,,0.4,,2026-06-13 17:00:00
300.0,1.0,1.0,0.7,7.0,,,1026.7,13.5,13.3,,,0.1,,2026-06-13 18:00:00
300.0,2.0,3.0,0.7,7.0,,,1026.6,13.2,13.8,,,0.2,,2026-06-13 19:00:00
320.0,2.0,3.0,0.7,7.0,,,1026.4,13.2,13.9,,,-0.1,,2026-06-13 20:00:00
290.0,4.0,4.0,0.6,6.0,,,1026.3,13.4,14.1,,,-0.4,,2026-06-13 21:00:00
290.0,4.0,5.0,0.6,8.0,,,1025.9,13.6,13.8,,,-0.7,,2026-06-13 22:00:00
280.0,7.0,8.0,0.5,8.0,,,1026.1,13.8,13.6,,,-0.3,,2026-06-13 23:00:00
290.0,6.0,7.0,0.6,7.0,,,1025.7,13.8,13.6,,,-0.6,,2026-06-14 00:00:00
300.0,5.0,6.0,0.5,7.0,,,1025.5,14.0,13.2,,,-0.4,,2026-06-14 01:00:00
310.0,5.0,6.0,0.5,7.0,,,1025.0,14.1,13.2,,,-1.1,,2026-06-14 02:00:00
300.0,5.0,6.0,0.6,7.0,,,1024.6,14.2,13.7,,,-1.1,,2026-06-14 03:00:00
300.0,5.0,6.0,0.5,7.0,,,1024.5,14.1,13.7,,,-1.0,,2026-06-14 04:00:00
300.0,5.0,6.0,0.5,7.0,,,1024.2,13.8,13.5,,,-0.8,,2026-06-14 05:00:00
300.0,5.0,5.0,0.5,6.0,,,1024.0,13.7,13.1,,,-0.6,,2026-06-14 06:00:00
290.0,4.0,5.0,0.5,6.0,,,1023.5,13.7,13.0,,,-1.0,,2026-06-14 07:00:00
290.0,4.0,5.0,0.4,6.0,,,1023.3,13.7,13.1,,,-0.9,,2026-06-14 08:00:00
280.0,4.0,5.0,0.5,8.0,,,1023.3,13.4,13.2,,,-0.7,,2026-06-14 09:00:00
290.0,3.0,4.0,0.5,8.0,,,1023.3,13.5,13.1,,,-0.2,,2026-06-14 10:00:00
300.0,4.0,4.0,0.5,8.0,,,1023.2,13.5,13.0,,,-0.1,,2026-06-14 11:00:00
300.0,4.0,5.0,0.5,9.0,,,1023.4,13.8,13.0,,,0.1,,2026-06-14 12:00:00
310.0,2.0,2.0,0.6,10.0,,,1023.3,14.0,13.0,,,0.0,,2026-06-14 13:00:00
310.0,1.0,2.0,0.7,10.0,,,1023.5,14.3,13.1,,,0.3,,2026-06-14 14:00:00
290.0,2.0,3.0,0.7,10.0,,,1023.8,13.9,13.2,,,0.4,,2026-06-14 15:00:00
280.0,2.0,3.0,1.0,9.0,,,1024.0,14.1,13.5,,,0.7,,2026-06-14 16:00:00
310.0,2.0,2.0,1.0,9.0,,,1023.8,14.2,14.0,,,0.3,,2026-06-14 17:00:00
300.0,3.0,4.0,1.0,9.0,,,1023.7,14.5,14.3,,,-0.1,,2026-06-14 18:00:00
320.0,2.0,2.0,1.1,9.0,,,1023.6,15.1,14.7,,,-0.4,,2026-06-14 19:00:00
290.0,4.0,4.0,1.0,9.0,,,1023.8,14.6,14.9,,,-0.0,,2026-06-14 20:00:00
330.0,3.0,3.0,0.9,9.0,,,1023.5,14.8,14.9,,,-0.2,,2026-06-14 21:00:00
310.0,3.0,4.0,1.0,10.0,,,1023.5,14.9,15.1,,,-0.1,,2026-06-14 22:00:00
280.0,5.0,6.0,1.0,10.0,,,1023.5,14.8,15.0,,,-0.3,,2026-06-14 23:00:00
280.0,3.0,4.0,1.1,10.0,,,1022.9,14.9,15.0,,,-0.6,,2026-06-15 00:00:00
280.0,4.0,4.0,1.1,10.0,,,1022.9,14.7,15.0,,,-0.6,,2026-06-15 01:00:00
270.0,3.0,3.0,1.1,10.0,,,1022.6,14.4,14.8,,,-0.9,,2026-06-15 02:00:00
250.0,3.0,4.0,1.1,10.0,,,1022.5,14.3,14.5,,,-0.4,,2026-06-15 03:00:00
250.0,1.0,2.0,1.1,9.0,,,1021.8,14.2,14.3,,,-1.1,,2026-06-15 04:00:00
140.0,2.0,2.0,1.4,9.0,,,1021.2,14.3,14.2,,,-1.4,,2026-06-15 05:00:00
160.0,2.0,3.0,1.3,9.0,,,1021.2,14.4,14.4,,,-1.3,,2026-06-15 06:00:00
100.0,5.0,6.0,1.2,8.0,,,1019.9,14.3,14.4,,,-1.9,,2026-06-15 07:00:00
190.0,5.0,7.0,1.1,9.0,,,1020.4,14.2,14.4,,,-0.8,,2026-06-15 08:00:00
210.0,5.0,6.0,1.1,9.0,,,1020.2,14.1,14.4,,,-1.0,,2026-06-15 09:00:00
180.0,2.0,3.0,1.0,9.0,,,1019.8,14.1,14.0,,,-0.1,,2026-06-15 10:00:00
180.0,2.0,2.0,1.0,9.0,,,1019.5,14.2,13.8,,,-0.9,,2026-06-15 11:00:00
190.0,2.0,3.0,1.1,9.0,,,1019.2,14.2,13.8,,,-1.0,,2026-06-15 12:00:00
200.0,2.0,3.0,1.1,9.0,,,1019.2,14.2,13.8,,,-0.6,,2026-06-15 13:00:00
210.0,2.0,3.0,1.1,9.0,,,1019.2,14.0,14.0,,,-0.3,,2026-06-15 14:00:00
80.0,3.0,5.0,1.2,9.0,,,1018.4,14.0,14.0,,,-0.8,,2026-06-15 15:00:00
170.0,5.0,6.0,1.3,9.0,,,1019.5,13.9,14.0,,,0.3,,2026-06-15 16:00:00
200.0,5.0,6.0,1.4,8.0,,,1019.4,13.9,13.9,,,0.2,,2026-06-15 17:00:00
180.0,5.0,5.0,1.4,8.0,,,1019.0,13.9,14.1,,,0.6,,2026-06-15 18:00:00
170.0,6.0,7.0,1.5,8.0,,,1018.8,13.8,14.0,,,-0.7,,2026-06-15 19:00:00
170.0,7.0,8.0,1.5,8.0,,,1018.9,13.8,14.1,,,-0.5,,2026-06-15 20:00:00
160.0,6.0,7.0,1.6,8.0,,,1018.6,13.9,14.2,,,-0.4,,2026-06-15 21:00:00
180.0,8.0,9.0,1.3,7.0,,,1018.8,13.7,14.2,,,-0.0,,2026-06-15 22:00:00
170.0,7.0,8.0,1.3,8.0,,,1018.4,14.0,14.3,,,-0.5,,2026-06-15 23:00:00
170.0,7.0,9.0,1.3,7.0,,,1018.5,13.8,14.2,,,-0.1,,2026-06-16 00:00:00
180.0,7.0,9.0,1.4,8.0,,,1018.2,13.7,14.2,,,-0.6,,2026-06-16 01:00:00
180.0,8.0,9.0,1.4,8.0,,,1017.8,13.6,14.2,,,-0.6,,2026-06-16 02:00:00
180.0,8.0,9.0,1.4,7.0,,,1017.4,13.5,14.0,,,-1.1,,2026-06-16 03:00:00
170.0,7.0,8.0,1.4,7.0,,,1016.8,13.4,13.9,,,-1.4,,2026-06-16 04:00:00
190.0,7.0,8.0,1.5,7.0,,,1016.8,13.2,13.7,,,-1.0,,2026-06-16 05:00:00
200.0,6.0,8.0,1.6,7.0,,,1016.8,13.1,13.6,,,-0.6,,2026-06-16 06:00:00
210.0,7.0,8.0,1.6,7.0,,,1016.5,13.0,13.5,,,-0.3,,2026-06-16 07:00:00
220.0,7.0,8.0,1.5,7.0,,,1016.3,12.9,13.5,,,-0.5,,2026-06-16 08:00:00
230.0,9.0,10.0,1.6,7.0,,,1016.5,12.8,13.3,,,-0.3,,2026-06-16 09:00:00
240.0,9.0,10.0,1.5,7.0,,,1016.7,13.0,13.2,,,0.2,,2026-06-16 10:00:00
240.0,8.0,10.0,1.5,6.0,,,1017.0,12.8,13.1,,,0.7,,2026-06-16 11:00:00
250.0,8.0,10.0,1.6,7.0,,,1017.5,12.5,13.2,,,1.0,,2026-06-16 12:00:00
260.0,8.0,10.0,1.5,7.0,,,1018.2,12.4,13.2,,,1.5,,2026-06-16 13:00:00
260.0,8.0,9.0,1.7,7.0,,,1018.9,12.5,13.1,,,1.9,,2026-06-16 14:00:00
260.0,8.0,9.0,1.8,7.0,,,1019.5,12.6,13.0,,,2.0,,2026-06-16 15:00:00
260.0,7.0,9.0,1.7,7.0,,,1020.2,12.6,13.0,,,2.0,,2026-06-16 16:00:00
250.0,7.0,8.0,1.9,7.0,,,1020.7,12.4,13.0,,,1.8,,2026-06-16 17:00:00
260.0,7.0,8.0,2.0,7.0,,,1021.0,12.7,13.0,,,1.5,,2026-06-16 18:00:00
270.0,6.0,7.0,2.0,7.0,,,1021.3,12.9,13.1,,,1.1,,2026-06-16 19:00:00
280.0,6.0,7.0,2.2,7.0,,,1022.0,13.2,13.2,,,1.3,,2026-06-16 20:00:00
320.0,4.0,5.0,2.0,7.0,,,1022.4,13.1,13.2,,,1.4,,2026-06-16 21:00:00
310.0,5.0,5.0,1.8,7.0,,,1022.6,13.3,13.3,,,1.3,,2026-06-16 22:00:00
290.0,6.0,7.0,1.7,7.0,,,1023.0,13.3,13.4,,,1.0,,2026-06-16 23:00:00
280.0,7.0,8.0,1.7,7.0,,,1023.4,13.2,13.4,,,1.0,,2026-06-17 00:00:00
270.0,6.0,8.0,1.7,8.0,,,1023.5,13.2,13.4,,,0.9,,2026-06-17 01:00:00
270.0,6.0,8.0,1.6,8.0,,,1023.7,13.2,13.4,,,0.7,,2026-06-17 02:00:00
270.0,7.0,8.0,1.5,8.0,,,1023.8,13.2,13.5,,,0.4,,2026-06-17 03:00:00
270.0,7.0,8.0,1.7,7.0,,,1023.8,12.9,13.4,,,0.3,,2026-06-17 04:00:00
270.0,7.0,8.0,1.7,8.0,,,1023.5,12.5,13.4,,,-0.2,,2026-06-17 05:00:00
270.0,6.0,7.0,1.8,7.0,,,1023.9,12.7,13.3,,,0.1,,2026-06-17 06:00:00
280.0,6.0,7.0,1.9,7.0,,,1023.8,12.8,13.3,,,-0.0,,2026-06-17 07:00:00
280.0,6.0,7.0,1.7,7.0,,,1023.6,12.9,13.3,,,0.1,,2026-06-17 08:00:00
280.0,7.0,8.0,1.8,7.0,,,1023.7,12.9,13.2,,,-0.2,,2026-06-17 09:00:00
300.0,6.0,7.0,1.8,7.0,,,1023.9,13.0,13.2,,,0.1,,2026-06-17 10:00:00
300.0,7.0,9.0,1.8,7.0,,,1024.0,13.0,13.1,,,0.4,,2026-06-17 11:00:00
300.0,9.0,11.0,1.6,7.0,,,1023.8,12.9,13.1,,,0.1,,2026-06-17 12:00:00
300.0,10.0,12.0,1.7,7.0,,,1024.4,12.7,13.1,,,0.5,,2026-06-17 13:00:00
310.0,9.0,10.0,1.7,7.0,,,1024.7,12.3,13.0,,,0.7,,2026-06-17 14:00:00
310.0,9.0,11.0,1.6,7.0,,,1025.1,12.4,12.9,,,1.3,,2026-06-17 15:00:00
310.0,9.0,10.0,1.7,7.0,,,1025.5,12.5,12.8,,,1.1,,2026-06-17 16:00:00
300.0,9.0,11.0,1.7,7.0,,,1025.7,12.6,12.7,,,1.0,,2026-06-17 17:00:00
300.0,8.0,9.0,1.8,6.0,,,1026.0,12.6,12.8,,,0.9,,2026-06-17 18:00:00
300.0,8.0,10.0,1.8,7.0,,,1026.1,12.5,12.9,,,0.6,,2026-06-17 19:00:00
310.0,8.0,10.0,1.7,7.0,,,1026.0,12.4,12.9,,,0.3,,2026-06-17 20:00:00
300.0,9.0,11.0,1.7,6.0,,,1025.8,12.5,13.0,,,-0.2,,2026-06-17 21:00:00
290.0,10.0,13.0,1.9,6.0,,,1025.7,12.5,12.9,,,-0.4,,2026-06-17 22:00:00
290.0,10.0,12.0,1.8,6.0,,,1025.5,12.5,12.9,,,-0.5,,2026-06-17 23:00:00
300.0,10.0,12.0,1.7,7.0,,,1025.2,12.5,13.0,,,-0.6,,2026-06-18 00:00:00
300.0,10.0,12.0,1.8,6.0,,,1025.1,12.7,13.0,,,-0.6,,2026-06-18 01:00:00
300.0,10.0,13.0,1.8,6.0,,,1024.8,12.8,12.9,,,-0.7,,2026-06-18 02:00:00
300.0,11.0,13.0,1.8,6.0,,,1024.9,13.0,12.9,,,-0.3,,2026-06-18 03:00:00
300.0,10.0,13.0,2.0,6.0,,,1024.7,12.9,12.8,,,-0.4,,2026-06-18 04:00:00
300.0,11.0,14.0,2.1,6.0,,,1024.5,12.8,12.8,,,-0.3,,2026-06-18 05:00:00
310.0,11.0,14.0,2.3,7.0,,,1024.5,12.8,12.8,,,-0.4,,2026-06-18 06:00:00
300.0,12.0,14.0,2.2,7.0,,,1024.2,12.8,12.8,,,-0.5,,2026-06-18 07:00:00
310.0,11.0,14.0,2.3,7.0,,,1023.8,12.6,12.7,,,-0.7,,2026-06-18 08:00:00
310.0,12.0,15.0,2.3,6.0,,,1023.8,12.3,12.7,,,-0.7,,2026-06-18 09:00:00
300.0,12.0,15.0,2.4,6.0,,,1023.6,12.0,12.5,,,-0.6,,2026-06-18 10:00:00
300.0,12.0,16.0,2.5,7.0,,,1023.6,11.9,12.4,,,-0.2,,2026-06-18 11:00:00
310.0,12.0,15.0,2.8,7.0,,,1023.7,11.8,12.3,,,-0.1,,2026-06-18 12:00:00
310.0,12.0,14.0,2.8,7.0,,,1023.6,11.7,12.3,,,0.0,,2026-06-18 13:00:00
310.0,12.0,15.0,2.6,7.0,,,1023.6,11.8,12.3,,,0.0,,2026-06-18 14:00:00
310.0,13.0,15.0,3.1,7.0,,,1023.6,11.9,12.3,,,-0.1,,2026-06-18 15:00:00
310.0,12.0,14.0,2.7,7.0,,,1023.9,11.9,12.6,,,0.3,,2026-06-18 16:00:00
310.0,11.0,13.0,2.5,7.0,,,1024.0,12.0,12.8,,,0.4,,2026-06-18 17:00:00
310.0,12.0,14.0,3.1,7.0,,,1023.9,12.0,12.9,,,0.3,,2026-06-18 18:00:00
300.0,13.0,15.0,2.8,8.0,,,1023.8,12.1,13.0,,,-0.1,,2026-06-18 19:00:00
300.0,11.0,14.0,2.4,7.0,,,1024.0,12.2,13.0,,,-0.0,,2026-06-18 20:00:00
300.0,12.0,15.0,3.0,7.0,,,1023.4,12.3,12.9,,,-0.5,,2026-06-18 21:00:00
300.0,12.0,14.0,2.8,7.0,,,1023.3,12.4,13.0,,,-0.5,,2026-06-18 22:00:00
290.0,11.0,14.0,2.9,7.0,,,1022.9,12.4,13.0,,,-1.1,,2026-06-18 23:00:00
290.0,10.0,13.0,2.5,7.0,,,1022.8,12.5,13.0,,,-0.6,,2026-06-19 00:00:00
290.0,10.0,11.0,2.3,7.0,,,1022.6,12.7,13.0,,,-0.7,,2026-06-19 01:00:00
290.0,10.0,13.0,2.4,7.0,,,1021.9,13.1,13.0,,,-1.0,,2026-06-19 02:00:00
290.0,10.0,12.0,2.2,6.0,,,1021.4,13.0,12.9,,,-1.4,,2026-06-19 03:00:00
300.0,9.0,12.0,2.0,7.0,,,1021.2,13.0,12.8,,,-1.4,,2026-06-19 04:00:00
300.0,10.0,12.0,2.1,7.0,,,1021.1,12.8,12.7,,,-0.8,,2026-06-19 05:00:00
300.0,9.0,11.0,2.0,7.0,,,1021.0,12.8,12.7,,,-0.4,,2026-06-19 06:00:00
300.0,10.0,12.0,2.1,7.0,,,1020.7,12.8,12.6,,,-0.5,,2026-06-19 07:00:00
300.0,11.0,14.0,2.2,7.0,,,1020.2,12.5,12.6,,,-0.9,,2026-06-19 08:00:00
300.0,13.0,16.0,2.3,6.0,,,1019.6,12.3,12.5,,,-1.4,,2026-06-19 09:00:00
300.0,13.0,16.0,2.5,7.0,,,1019.3,12.1,12.5,,,-1.4,,2026-06-19 10:00:00
300.0,12.0,15.0,2.4,7.0,,,1019.1,11.8,12.4,,,-1.1,,2026-06-19 11:00:00
300.0,12.0,15.0,2.7,7.0,,,1018.9,11.4,12.3,,,-0.7,,2026-06-19 12:00:00
300.0,12.0,15.0,2.8,7.0,,,1018.8,11.7,12.3,,,-0.5,,2026-06-19 13:00:00
300.0,12.0,15.0,2.6,6.0,,,1018.4,11.7,12.4,,,-0.7,,2026-06-19 14:00:00
310.0,13.0,15.0,2.5,7.0,,,1018.5,11.8,12.6,,,-0.4,,2026-06-19 15:00:00
310.0,12.0,16.0,2.7,7.0,,,1018.8,11.8,12.3,,,-0.0,,2026-06-19 16:00:00
310.0,11.0,14.0,2.6,7.0,,,1018.9,11.9,12.0,,,0.5,,2026-06-19 17:00:00
300.0,11.0,14.0,2.6,7.0,,,1018.9,11.9,12.1,,,0.4,,2026-06-19 18:00:00
300.0,11.0,14.0,2.7,7.0,,,1019.1,12.1,12.1,,,0.3,,2026-06-19 19:00:00
290.0,13.0,15.0,2.8,7.0,,,1018.7,12.1,12.2,,,-0.2,,2026-06-19 20:00:00
290.0,10.0,13.0,2.7,7.0,,,1018.9,12.1,12.1,,,0.0,,2026-06-19 21:00:00
300.0,11.0,14.0,2.5,7.0,,,1018.7,12.4,12.1,,,-0.4,,2026-06-19 22:00:00
290.0,10.0,12.0,2.8,7.0,,,1018.6,12.5,12.1,,,-0.1,,2026-06-19 23:00:00
300.0,10.0,12.0,2.7,7.0,,,1018.2,12.6,12.2,,,-0.7,,2026-06-20 00:00:00
300.0,10.0,13.0,2.6,7.0,,,1017.6,12.7,12.2,,,-1.1,,2026-06-20 01:00:00
300.0,10.0,13.0,2.3,7.0,,,1017.4,12.8,12.1,,,-1.2,,2026-06-20 02:00:00
300.0,10.0,12.0,1.9,6.0,,,1017.1,12.8,12.1,,,-1.1,,2026-06-20 03:00:00
300.0,9.0,11.0,2.0,6.0,,,1017.2,12.8,12.1,,,-0.4,,2026-06-20 04:00:00
300.0,10.0,12.0,1.8,6.0,,,1017.2,12.6,12.0,,,-0.2,,2026-06-20 05:00:00
310.0,9.0,12.0,2.1,7.0,,,1017.4,12.6,11.9,,,0.3,,2026-06-20 06:00:00
300.0,9.0,11.0,2.1,7.0,,,1017.3,12.3,11.9,,,0.1,,2026-06-20 07:00:00
300.0,9.0,11.0,2.0,7.0,,,1017.2,12.2,12.0,,,0.0,,2026-06-20 08:00:00
290.0,9.0,11.0,2.1,7.0,,,1016.9,12.1,12.0,,,-0.5,,2026-06-20 09:00:00
290.0,9.0,11.0,1.9,7.0,,,1016.7,12.0,12.0,,,-0.6,,2026-06-20 10:00:00
300.0,10.0,12.0,1.9,6.0,,,1016.1,11.8,11.9,,,-1.1,,2026-06-20 11:00:00
310.0,10.0,12.0,2.0,7.0,,,1015.7,11.7,11.9,,,-1.2,,2026-06-20 12:00:00
310.0,9.0,12.0,2.2,7.0,,,1015.8,11.8,11.9,,,-0.9,,2026-06-20 13:00:00
310.0,9.0,10.0,1.9,7.0,,,1015.8,12.0,11.9,,,-0.3,,2026-06-20 14:00:00
310.0,8.0,10.0,1.8,7.0,,,1016.0,12.1,11.9,,,0.3,,2026-06-20 15:00:00
310.0,8.0,10.0,1.7,7.0,,,1015.9,12.3,11.9,,,0.1,,2026-06-20 16:00:00
300.0,9.0,11.0,1.7,7.0,,,1016.2,12.1,11.9,,,0.4,,2026-06-20 17:00:00
290.0,9.0,12.0,1.8,7.0,,,1016.2,12.0,12.0,,,0.2,,2026-06-20 18:00:00
280.0,10.0,12.0,1.9,7.0,,,1016.7,12.1,12.0,,,0.8,,2026-06-20 19:00:00
290.0,10.0,13.0,1.9,7.0,,,1016.9,11.8,12.0,,,0.7,,2026-06-20 20:00:00
290.0,10.0,12.0,2.0,6.0,,,1017.0,11.9,12.0,,,0.8,,2026-06-20 21:00:00
290.0,9.0,11.0,2.1,6.0,,,1016.9,12.0,12.1,,,0.2,,2026-06-20 22:00:00
290.0,9.0,10.0,2.0,7.0,,,1016.9,12.4,12.1,,,0.0,,2026-06-20 23:00:00
290.0,9.0,10.0,1.9,6.0,,,1016.9,12.6,12.1,,,-0.1,,2026-06-21 00:00:00
300.0,8.0,10.0,1.9,6.0,,,1016.7,13.0,12.1,,,-0.2,,2026-06-21 01:00:00
300.0,8.0,10.0,1.7,6.0,,,1016.6,13.2,12.1,,,-0.3,,2026-06-21 02:00:00
270.0,7.0,9.0,1.5,6.0,,,1017.0,13.1,12.1,,,0.1,,2026-06-21 03:00:00
270.0,8.0,10.0,1.5,6.0,,,1017.3,12.9,12.0,,,0.6,,2026-06-21 04:00:00
280.0,8.0,9.0,1.3,6.0,,,1017.4,13.0,11.9,,,0.8,,2026-06-21 05:00:00
280.0,7.0,8.0,1.5,6.0,,,1017.5,13.1,12.0,,,0.5,,2026-06-21 06:00:00
290.0,7.0,9.0,1.3,6.0,,,1017.8,13.0,12.0,,,0.5,,2026-06-21 07:00:00
300.0,5.0,6.0,1.4,6.0,,,1018.1,12.9,11.9,,,0.7,,2026-06-21 08:00:00
290.0,5.0,6.0,1.4,6.0,,,1018.0,12.9,11.9,,,0.5,,2026-06-21 09:00:00
270.0,5.0,7.0,1.4,6.0,,,1018.5,12.7,11.9,,,0.7,,2026-06-21 10:00:00
290.0,7.0,8.0,1.4,6.0,,,1018.3,12.5,11.9,,,0.2,,2026-06-21 11:00:00
300.0,7.0,9.0,1.4,6.0,,,1018.2,12.3,11.8,,,0.2,,2026-06-21 12:00:00
310.0,7.0,8.0,1.5,6.0,,,1018.5,11.3,11.9,,,-0.0,,2026-06-21 13:00:00
300.0,6.0,7.0,1.5,6.0,,,1019.2,10.9,11.9,,,0.9,,2026-06-21 14:00:00
290.0,5.0,6.0,1.4,6.0,,,1019.5,10.8,11.8,,,1.3,,2026-06-21 15:00:00
290.0,5.0,6.0,1.2,6.0,,,1019.9,10.7,12.0,,,1.4,,2026-06-21 16:00:00
300.0,4.0,5.0,1.2,6.0,,,1020.2,10.7,12.1,,,1.0,,2026-06-21 17:00:00
300.0,5.0,6.0,1.3,7.0,,,1020.3,10.9,12.2,,,0.8,,2026-06-21 18:00:00
300.0,5.0,7.0,1.2,7.0,,,1020.5,11.1,12.3,,,0.6,,2026-06-21 19:00:00
310.0,5.0,6.0,1.2,7.0,,,1020.5,11.1,12.4,,,0.3,,2026-06-21 20:00:00
290.0,5.0,6.0,1.2,7.0,,,1020.7,11.2,12.5,,,0.4,,2026-06-21 21:00:00
290.0,6.0,8.0,1.2,6.0,,,1020.3,11.3,12.5,,,-0.2,,2026-06-21 22:00:00
280.0,7.0,8.0,1.2,6.0,,,1020.2,11.2,12.5,,,-0.3,,2026-06-21 23:00:00
290.0,7.0,8.0,1.2,6.0,,,1020.0,11.4,12.5,,,-0.7,,2026-06-22 00:00:00
280.0,7.0,9.0,1.3,6.0,,,1020.2,11.3,12.4,,,-0.1,,2026-06-22 01:00:00
290.0,8.0,9.0,1.2,6.0,,,1019.7,11.3,12.3,,,-0.5,,2026-06-22 02:00:00
280.0,7.0,8.0,1.2,6.0,,,1019.9,11.4,12.3,,,-0.1,,2026-06-22 03:00:00
280.0,5.0,6.0,1.1,6.0,,,1020.1,12.7,12.5,,,-0.1,,2026-06-22 04:00:00
260.0,5.0,6.0,1.0,8.0,,,1020.4,11.4,12.5,,,0.7,,2026-06-22 05:00:00
250.0,3.0,4.0,0.9,7.0,,,1020.7,11.6,12.5,,,0.8,,2026-06-22 06:00:00
250.0,4.0,5.0,0.9,7.0,,,1020.7,11.5,12.4,,,0.6,,2026-06-22 07:00:00
250.0,4.0,5.0,0.8,7.0,,,1020.7,12.3,12.4,,,0.3,,2026-06-22 08:00:00
260.0,4.0,5.0,0.9,8.0,,,1020.7,12.4,12.4,,,0.0,,2026-06-22 09:00:00
270.0,4.0,4.0,0.8,7.0,,,1020.6,12.7,12.4,,,-0.1,,2026-06-22 10:00:00
290.0,3.0,4.0,0.8,7.0,,,1020.7,12.7,12.4,,,-0.0,,2026-06-22 11:00:00
310.0,3.0,4.0,0.8,7.0,,,1020.6,12.6,12.4,,,-0.1,,2026-06-22 12:00:00
300.0,3.0,4.0,1.0,7.0,,,1021.1,12.6,12.4,,,0.5,,2026-06-22 13:00:00
300.0,4.0,5.0,0.9,6.0,,,1021.5,12.4,12.4,,,0.8,,2026-06-22 14:00:00
320.0,4.0,5.0,0.9,6.0,,,1021.8,12.3,12.4,,,1.2,,2026-06-22 15:00:00
310.0,4.0,5.0,0.9,7.0,,,1022.0,11.2,12.4,,,0.9,,2026-06-22 16:00:00
310.0,3.0,4.0,0.7,7.0,,,1022.4,11.1,12.4,,,0.9,,2026-06-22 17:00:00
300.0,3.0,4.0,0.8,8.0,,,1022.4,11.2,12.4,,,0.6,,2026-06-22 18:00:00
310.0,3.0,4.0,0.7,8.0,,,1022.3,11.1,12.5,,,0.3,,2026-06-22 19:00:00
300.0,4.0,5.0,0.8,8.0,,,1022.4,11.2,12.6,,,-0.0,,2026-06-22 20:00:00
290.0,5.0,6.0,0.8,7.0,,,1022.4,11.0,12.8,,,-0.0,,2026-06-22 21:00:00
300.0,7.0,8.0,0.8,7.0,,,1022.0,11.3,12.6,,,-0.3,,2026-06-22 22:00:00
310.0,6.0,7.0,0.9,7.0,,,1021.8,11.5,12.7,,,-0.6,,2026-06-22 23:00:00
290.0,6.0,7.0,0.8,6.0,,,1021.7,11.9,12.7,,,-0.7,,2026-06-23 00:00:00
290.0,6.0,8.0,0.9,6.0,,,1021.6,13.2,12.7,,,-0.4,,2026-06-23 01:00:00
280.0,8.0,10.0,0.9,6.0,,,1021.4,13.2,12.7,,,-0.4,,2026-06-23 02:00:00
280.0,8.0,9.0,1.0,5.0,,,1021.4,13.4,12.7,,,-0.3,,2026-06-23 03:00:00
280.0,8.0,9.0,1.0,5.0,,,1021.2,13.4,12.7,,,-0.4,,2026-06-23 04:00:00
290.0,6.0,8.0,0.9,5.0,,,1021.4,13.4,12.6,,,-0.0,,2026-06-23 05:00:00
300.0,5.0,6.0,0.8,6.0,,,1021.6,13.3,12.6,,,0.2,,2026-06-23 06:00:00
300.0,5.0,6.0,0.8,5.0,,,1021.7,13.5,12.7,,,0.5,,2026-06-23 07:00:00
310.0,4.0,5.0,0.8,6.0,,,1021.4,13.7,12.8,,,0.0,,2026-06-23 08:00:00
320.0,4.0,5.0,0.9,7.0,,,1021.2,13.5,12.7,,,-0.4,,2026-06-23 09:00:00
320.0,3.0,4.0,0.9,7.0,,,1021.5,13.3,12.7,,,-0.2,,2026-06-23 10:00:00
300.0,6.0,7.0,0.8,6.0,,,1021.4,13.4,12.7,,,-0.0,,2026-06-23 11:00:00
300.0,7.0,8.0,0.8,6.0,,,1021.1,13.4,12.7,,,-0.1,,2026-06-23 12:00:00
310.0,6.0,8.0,0.9,6.0,,,1021.2,13.5,12.7,,,-0.3,,2026-06-23 13:00:00
300.0,7.0,8.0,0.9,6.0,,,1021.2,13.4,12.7,,,-0.2,,2026-06-23 14:00:00
300.0,7.0,9.0,0.8,5.0,,,1021.2,13.3,12.7,,,0.1,,2026-06-23 15:00:00
300.0,8.0,10.0,1.0,5.0,,,1021.3,13.2,12.7,,,0.1,,2026-06-23 16:00:00
300.0,8.0,9.0,1.0,5.0,,,1021.5,13.2,12.8,,,0.3,,2026-06-23 17:00:00
300.0,7.0,9.0,0.8,5.0,,,1021.6,13.2,12.8,,,0.4,,2026-06-23 18:00:00
300.0,8.0,10.0,0.9,5.0,,,1021.7,13.4,12.9,,,0.4,,2026-06-23 19:00:00
300.0,8.0,9.0,1.0,5.0,,,1021.9,13.5,13.0,,,0.4,,2026-06-23 20:00:00
300.0,8.0,9.0,1.0,5.0,,,1021.8,13.6,13.1,,,0.2,,2026-06-23 21:00:00
300.0,7.0,8.0,1.0,5.0,,,1021.6,13.8,13.2,,,-0.1,,2026-06-23 22:00:00
300.0,7.0,8.0,1.1,6.0,,,1021.3,14.0,13.2,,,-0.6,,2026-06-23 23:00:00
290.0,7.0,8.0,1.1,6.0,,,1021.0,14.1,13.2,,,-0.8,,2026-06-24 00:00:00
280.0,7.0,8.0,1.1,6.0,,,1020.9,14.0,13.3,,,-0.7,,2026-06-24 01:00:00
290.0,7.0,8.0,1.0,6.0,,,1020.5,14.0,13.3,,,-0.8,,2026-06-24 02:00:00
290.0,6.0,7.0,1.1,5.0,,,1020.5,13.9,13.2,,,-0.5,,2026-06-24 03:00:00
290.0,6.0,7.0,1.0,6.0,,,1020.4,14.0,13.2,,,-0.5,,2026-06-24 04:00:00
280.0,6.0,7.0,0.9,5.0,,,1020.4,13.7,13.2,,,-0.1,,2026-06-24 05:00:00
270.0,7.0,8.0,0.9,6.0,,,1020.3,13.6,13.2,,,-0.2,,2026-06-24 06:00:00
270.0,7.0,8.0,1.0,6.0,,,1019.9,13.6,13.1,,,-0.5,,2026-06-24 07:00:00
280.0,7.0,8.0,0.9,6.0,,,1019.6,13.7,13.1,,,-0.8,,2026-06-24 08:00:00
270.0,7.0,8.0,0.9,5.0,,,1019.6,13.7,13.2,,,-0.7,,2026-06-24 09:00:00
270.0,8.0,9.0,0.9,5.0,,,1019.4,13.6,13.1,,,-0.5,,2026-06-24 10:00:00
270.0,8.0,9.0,0.9,5.0,,,1019.3,13.4,13.1,,,-0.3,,2026-06-24 11:00:00
270.0,8.0,10.0,1.0,5.0,,,1019.0,13.3,13.0,,,-0.6,,2026-06-24 12:00:00
280.0,7.0,8.0,1.1,5.0,,,1019.0,13.2,13.0,,,-0.4,,2026-06-24 13:00:00
280.0,7.0,9.0,0.9,5.0,,,1019.1,13.2,12.9,,,-0.2,,2026-06-24 14:00:00
280.0,7.0,8.0,1.0,6.0,,,1018.9,13.2,13.0,,,-0.1,,2026-06-24 15:00:00
280.0,7.0,9.0,1.0,5.0,,,1018.8,12.1,12.9,,,-0.2,,2026-06-24 16:00:00
280.0,7.0,8.0,1.0,5.0,,,1018.6,11.9,13.0,,,-0.5,,2026-06-24 17:00:00
270.0,7.0,9.0,0.9,6.0,,,1018.7,12.0,13.0,,,-0.2,,2026-06-24 18:00:00
270.0,6.0,7.0,1.0,6.0,,,1018.7,12.0,13.0,,,-0.1,,2026-06-24 19:00:00
260.0,6.0,7.0,0.9,6.0,,,1018.7,12.0,13.0,,,0.1,,2026-06-24 20:00:00
260.0,5.0,6.0,0.9,6.0,,,1018.2,11.8,13.3,,,-0.5,,2026-06-24 21:00:00
260.0,6.0,8.0,0.9,6.0,,,1017.9,11.9,13.4,,,-0.8,,2026-06-24 22:00:00
250.0,7.0,8.0,0.9,6.0,,,1017.7,12.1,13.4,,,-1.0,,2026-06-24 23:00:00
260.0,5.0,7.0,0.8,6.0,,,1017.2,11.8,13.5,,,-1.0,,2026-06-25 00:00:00
260.0,6.0,7.0,0.8,6.0,,,1016.6,11.8,13.5,,,-1.3,,2026-06-25 01:00:00
260.0,6.0,8.0,0.8,6.0,,,1016.0,11.8,13.4,,,-1.7,,2026-06-25 02:00:00
260.0,6.0,7.0,0.8,6.0,,,1015.6,12.0,13.3,,,-1.6,,2026-06-25 03:00:00
270.0,3.0,5.0,0.8,6.0,,,1015.1,11.8,13.4,,,-1.5,,2026-06-25 04:00:00
250.0,4.0,6.0,0.8,6.0,,,1015.0,12.0,13.4,,,-1.0,,2026-06-25 05:00:00
250.0,3.0,4.0,0.8,6.0,,,1014.6,12.1,13.4,,,-1.0,,2026-06-25 06:00:00
230.0,4.0,5.0,0.7,6.0,,,1014.2,12.2,13.4,,,-0.9,,2026-06-25 07:00:00
220.0,3.0,3.0,0.7,5.0,,,1013.8,12.2,13.4,,,-1.2,,2026-06-25 08:00:00
190.0,3.0,4.0,0.8,6.0,,,1013.1,12.3,13.4,,,-1.5,,2026-06-25 09:00:00
180.0,2.0,3.0,0.8,7.0,,,1012.7,11.7,13.3,,,-1.5,,2026-06-25 10:00:00
150.0,3.0,4.0,0.8,8.0,,,1012.2,11.8,13.2,,,-1.6,,2026-06-25 11:00:00
140.0,3.0,4.0,0.8,8.0,,,1011.6,12.3,13.1,,,-1.5,,2026-06-25 12:00:00
130.0,5.0,6.0,0.7,7.0,,,1010.9,12.4,13.1,,,-1.8,,2026-06-25 13:00:00
130.0,7.0,8.0,0.8,7.0,,,1010.3,12.2,13.1,,,-1.9,,2026-06-25 14:00:00
130.0,8.0,10.0,0.8,6.0,,,1009.8,12.0,13.1,,,-1.8,,2026-06-25 15:00:00
120.0,9.0,11.0,0.9,5.0,,,1009.3,11.8,13.1,,,-1.6,,2026-06-25 16:00:00
110.0,9.0,10.0,0.9,5.0,,,1008.9,12.0,13.1,,,-1.4,,2026-06-25 17:00:00
120.0,9.0,10.0,0.9,5.0,,,1008.5,12.3,13.3,,,-1.3,,2026-06-25 18:00:00
110.0,8.0,9.0,0.9,5.0,,,1008.4,12.5,13.3,,,-0.9,,2026-06-25 19:00:00
120.0,7.0,8.0,0.9,5.0,,,1008.2,12.9,13.3,,,-0.7,,2026-06-25 20:00:00
120.0,7.0,9.0,1.0,5.0,,,1007.8,12.6,13.2,,,-0.7,,2026-06-25 21:00:00
120.0,7.0,8.0,1.0,6.0,,,1007.4,12.7,13.2,,,-1.0,,2026-06-25 22:00:00
120.0,6.0,7.0,1.0,6.0,,,1007.2,12.8,13.2,,,-1.0,,2026-06-25 23:00:00
140.0,5.0,7.0,1.0,6.0,,,1007.0,13.0,13.2,,,-0.8,,2026-06-26 00:00:00
150.0,6.0,8.0,1.0,6.0,,,1006.4,12.6,13.2,,,-1.0,,2026-06-26 01:00:00
150.0,6.0,7.0,1.1,6.0,,,1006.0,12.8,13.1,,,-1.2,,2026-06-26 02:00:00
140.0,4.0,5.0,1.2,6.0,,,1005.7,12.7,13.1,,,-1.3,,2026-06-26 03:00:00
140.0,3.0,4.0,1.2,6.0,,,1005.4,12.7,13.0,,,-1.0,,2026-06-26 04:00:00
70.0,3.0,3.0,1.3,6.0,,,1005.2,12.8,12.9,,,-0.8,,2026-06-26 05:00:00
60.0,3.0,3.0,1.4,7.0,,,1004.9,12.8,12.9,,,-0.8,,2026-06-26 06:00:00
60.0,3.0,4.0,1.4,7.0,,,1004.5,12.6,12.9,,,-0.9,,2026-06-26 07:00:00
50.0,4.0,5.0,1.0,7.0,,,1004.2,12.7,13.0,,,-1.0,,2026-06-26 08:00:00
50.0,5.0,6.0,1.2,7.0,,,1004.0,12.8,13.1,,,-0.9,,2026-06-26 09:00:00
40.0,2.0,3.0,1.0,7.0,,,1003.8,12.8,13.1,,,-0.7,,2026-06-26 10:00:00
30.0,3.0,3.0,1.0,7.0,,,1003.5,12.8,13.1,,,-0.7,,2026-06-26 11:00:00
110.0,5.0,7.0,1.3,8.0,,,1003.1,12.9,13.1,,,-0.9,,2026-06-26 12:00:00
110.0,4.0,6.0,1.2,7.0,,,1002.9,12.8,13.1,,,-0.9,,2026-06-26 13:00:00
120.0,5.0,6.0,1.1,7.0,,,1002.5,12.7,13.1,,,-1.0,,2026-06-26 14:00:00
130.0,6.0,7.0,1.2,7.0,,,1002.3,12.8,13.1,,,-0.8,,2026-06-26 15:00:00
120.0,4.0,4.0,1.1,7.0,,,1002.4,12.7,13.1,,,-0.5,,2026-06-26 16:00:00
100.0,5.0,6.0,1.0,7.0,,,1002.3,12.9,13.2,,,-0.2,,2026-06-26 17:00:00
130.0,4.0,5.0,1.1,8.0,,,1002.3,13.2,13.2,,,0.0,,2026-06-26 18:00:00
130.0,3.0,4.0,1.2,8.0,,,1002.6,13.3,13.3,,,0.2,,2026-06-26 19:00:00
160.0,3.0,3.0,1.3,8.0,,,1003.0,13.4,13.5,,,0.7,,2026-06-26 20:00:00
220.0,3.0,3.0,1.4,8.0,,,1003.4,13.4,13.6,,,1.1,,2026-06-26 21:00:00
280.0,3.0,4.0,1.7,8.0,,,1003.8,13.3,13.5,,,1.2,,2026-06-26 22:00:00
290.0,4.0,5.0,1.6,8.0,,,1004.2,13.1,13.5,,,1.2,,2026-06-26 23:00:00
300.0,6.0,6.0,2.0,8.0,,,1005.2,13.0,13.1,,,,,2026-06-27 01:00:00
280.0,4.0,5.0,1.8,8.0,,,1005.8,13.0,13.1,,,,,2026-06-27 02:00:00
260.0,4.0,5.0,1.9,8.0,,,1006.2,13.0,13.1,,,,,2026-06-27 03:00:00
260.0,4.0,5.0,2.1,8.0,,,1006.5,13.0,13.1,,,1.3,,2026-06-27 04:00:00
280.0,4.0,5.0,2.3,8.0,,,1006.9,13.2,13.1,,,1.1,,2026-06-27 05:00:00
270.0,5.0,6.0,2.2,8.0,,,1007.3,13.0,13.1,,,1.1,,2026-06-27 06:00:00
270.0,7.0,8.0,2.3,8.0,,,1007.5,13.2,13.1,,,1.0,,2026-06-27 07:00:00
280.0,6.0,7.0,2.2,8.0,,,1007.8,13.2,13.1,,,0.9,,2026-06-27 08:00:00
300.0,6.0,8.0,1.9,8.0,,,1008.3,13.0,13.1,,,1.0,,2026-06-27 09:00:00
300.0,7.0,9.0,2.1,8.0,,,1009.0,13.4,13.1,,,1.5,,2026-06-27 10:00:00
300.0,7.0,10.0,2.2,8.0,,,1009.6,13.2,13.0,,,1.8,,2026-06-27 11:00:00
300.0,9.0,10.0,2.3,8.0,,,1010.0,13.0,13.0,,,1.7,,2026-06-27 12:00:00
300.0,8.0,11.0,1.9,8.0,,,1010.8,12.9,12.9,,,1.8,,2026-06-27 13:00:00
300.0,9.0,10.0,2.3,8.0,,,1011.6,12.8,12.8,,,2.0,,2026-06-27 14:00:00
300.0,8.0,9.0,2.5,8.0,,,1012.3,12.8,12.8,,,2.3,,2026-06-27 15:00:00
300.0,8.0,10.0,2.4,8.0,,,1012.8,12.6,12.7,,,2.0,,2026-06-27 16:00:00
300.0,8.0,10.0,2.5,7.0,,,1013.4,12.5,12.7,,,1.8,,2026-06-27 17:00:00
290.0,8.0,10.0,2.7,8.0,,,1014.0,12.5,12.8,,,1.7,,2026-06-27 18:00:00
300.0,8.0,10.0,2.5,7.0,,,1014.7,12.6,12.8,,,1.9,,2026-06-27 19:00:00
290.0,8.0,10.0,2.4,7.0,,,1015.6,12.8,12.8,,,2.2,,2026-06-27 20:00:00
290.0,8.0,10.0,2.2,7.0,,,1016.2,12.9,12.8,,,2.2,,2026-06-27 21:00:00
290.0,8.0,10.0,2.2,7.0,,,1016.8,13.0,12.8,,,2.1,,2026-06-27 22:00:00
290.0,9.0,11.0,2.2,7.0,,,1017.4,13.1,12.8,,,1.8,,2026-06-27 23:00:00
290.0,8.0,10.0,2.0,7.0,,,1018.0,13.1,12.9,,,1.8,,2026-06-28 00:00:00
280.0,8.0,10.0,2.1,8.0,,,1018.4,13.2,12.9,,,1.6,,2026-06-28 01:00:00
270.0,7.0,9.0,2.1,7.0,,,1018.7,13.2,12.9,,,1.3,,2026-06-28 02:00:00
280.0,7.0,9.0,2.1,7.0,,,1019.2,13.2,12.8,,,1.2,,2026-06-28 03:00:00
280.0,7.0,8.0,2.1,7.0,,,1019.1,13.1,12.8,,,0.7,,2026-06-28 04:00:00
280.0,7.0,8.0,2.2,8.0,,,1019.5,12.9,12.8,,,0.8,,2026-06-28 05:00:00
280.0,7.0,9.0,2.3,8.0,,,1019.6,13.0,12.7,,,0.4,,2026-06-28 06:00:00
290.0,8.0,11.0,2.1,7.0,,,1019.4,12.9,12.7,,,0.3,,2026-06-28 07:00:00
290.0,9.0,10.0,2.0,7.0,,,1019.5,12.7,12.7,,,0.0,,2026-06-28 08:00:00
290.0,8.0,10.0,2.0,8.0,,,1019.7,12.6,12.6,,,0.1,,2026-06-28 09:00:00
300.0,8.0,11.0,1.9,6.0,,,1020.1,12.5,12.5,,,0.7,,2026-06-28 10:00:00
300.0,9.0,11.0,1.8,7.0,,,1020.3,12.4,12.5,,,0.8,,2026-06-28 11:00:00
290.0,8.0,9.0,1.9,7.0,,,1020.5,12.6,12.2,,,0.8,,2026-06-28 12:00:00
300.0,10.0,13.0,2.1,7.0,,,1020.5,12.2,12.2,,,0.4,,2026-06-28 13:00:00
300.0,9.0,12.0,1.9,7.0,,,1021.1,12.2,12.2,,,0.8,,2026-06-28 14:00:00
290.0,10.0,12.0,1.9,7.0,,,1020.9,12.3,12.2,,,0.4,,2026-06-28 15:00:00
300.0,10.0,13.0,1.9,7.0,,,1020.9,12.1,12.1,,,0.4,,2026-06-28 16:00:00
300.0,10.0,12.0,2.3,7.0,,,1021.3,12.3,12.1,,,0.2,,2026-06-28 17:00:00
300.0,10.0,12.0,2.2,6.0,,,1021.5,12.3,12.1,,,0.6,,2026-06-28 18:00:00
300.0,10.0,12.0,2.2,6.0,,,1021.5,12.3,12.1,,,0.6,,2026-06-28 19:00:00
290.0,10.0,12.0,2.2,7.0,,,1021.5,12.4,12.1,,,0.2,,2026-06-28 20:00:00
290.0,10.0,13.0,2.2,7.0,,,1021.8,12.4,12.0,,,0.3,,2026-06-28 21:00:00
290.0,9.0,11.0,2.2,6.0,,,1022.0,12.4,12.0,,,0.5,,2026-06-28 22:00:00
300.0,8.0,10.0,1.9,6.0,,,1022.5,12.5,12.1,,,1.0,,2026-06-28 23:00:00
290.0,8.0,11.0,2.0,7.0,,,1022.5,12.8,12.3,,,0.7,,2026-06-29 00:00:00
290.0,8.0,10.0,2.0,7.0,,,1022.4,12.8,12.5,,,0.4,,2026-06-29 01:00:00
280.0,8.0,12.0,2.1,7.0,,,1022.2,12.9,12.7,,,-0.3,,2026-06-29 02:00:00
290.0,8.0,10.0,2.0,7.0,,,1022.1,13.0,12.7,,,-0.4,,2026-06-29 03:00:00
290.0,9.0,10.0,2.0,7.0,,,1022.3,12.9,12.7,,,-0.1,,2026-06-29 04:00:00
290.0,9.0,11.0,1.9,7.0,,,1021.6,12.6,12.6,,,-0.6,,2026-06-29 05:00:00
290.0,9.0,11.0,2.0,7.0,,,1021.7,12.6,12.6,,,-0.4,,2026-06-29 06:00:00
300.0,9.0,11.0,2.1,7.0,,,1021.9,12.4,12.6,,,-0.4,,2026-06-29 07:00:00
300.0,10.0,12.0,2.1,7.0,,,1021.8,12.3,12.6,,,0.2,,2026-06-29 08:00:00
300.0,10.0,12.0,2.2,7.0,,,1021.4,12.2,12.6,,,-0.3,,2026-06-29 09:00:00
300.0,11.0,13.0,2.1,7.0,,,1021.2,12.0,12.6,,,-0.7,,2026-06-29 10:00:00
300.0,12.0,14.0,2.1,7.0,,,1021.0,12.0,12.7,,,-0.8,,2026-06-29 11:00:00
300.0,12.0,14.0,2.4,7.0,,,1020.9,12.0,12.7,,,-0.5,,2026-06-29 12:00:00
300.0,10.0,13.0,2.9,7.0,,,1021.1,12.1,12.8,,,-0.1,,2026-06-29 13:00:00
310.0,11.0,14.0,2.7,7.0,,,1020.9,11.8,12.7,,,-0.1,,2026-06-29 14:00:00
300.0,11.0,14.0,2.8,7.0,,,1021.1,11.6,12.4,,,0.2,,2026-06-29 15:00:00
300.0,12.0,14.0,3.0,7.0,,,1021.2,11.5,12.2,,,0.1,,2026-06-29 16:00:00
300.0,11.0,13.0,2.8,7.0,,,1021.3,11.6,12.1,,,0.4,,2026-06-29 17:00:00
300.0,10.0,13.0,2.6,7.0,,,1021.1,11.8,12.1,,,0.0,,2026-06-29 18:00:00
300.0,11.0,13.0,2.7,7.0,,,1021.2,11.8,12.1,,,0.0,,2026-06-29 19:00:00
290.0,10.0,13.0,2.8,7.0,,,1021.1,11.8,12.1,,,-0.2,,2026-06-29 20:00:00
300.0,10.0,12.0,2.5,7.0,,,1021.2,12.0,12.2,,,0.1,,2026-06-29 21:00:00
300.0,9.0,11.0,2.5,7.0,,,1021.1,12.0,12.2,,,-0.1,,2026-06-29 22:00:00
290.0,9.0,10.0,2.4,7.0,,,1021.3,12.3,12.1,,,0.2,,2026-06-29 23:00:00
290.0,8.0,9.0,2.3,7.0,,,1021.4,12.4,12.1,,,0.2,,2026-06-30 00:00:00
290.0,7.0,9.0,2.1,7.0,,,1021.5,12.5,12.1,,,0.4,,2026-06-30 01:00:00
290.0,8.0,9.0,1.9,7.0,,,1021.2,12.5,12.2,,,-0.1,,2026-06-30 02:00:00
280.0,8.0,9.0,2.0,7.0,,,1021.1,12.3,12.1,,,-0.3,,2026-06-30 03:00:00
290.0,8.0,10.0,1.8,7.0,,,1020.9,12.4,12.1,,,-0.6,,2026-06-30 04:00:00
280.0,9.0,12.0,1.8,7.0,,,1020.8,12.2,12.0,,,-0.4,,2026-06-30 05:00:00
280.0,9.0,13.0,2.0,7.0,,,1020.5,12.3,11.9,,,-0.6,,2026-06-30 06:00:00
290.0,10.0,12.0,2.0,7.0,,,1020.4,12.2,11.9,,,-0.5,,2026-06-30 07:00:00
290.0,8.0,10.0,2.0,7.0,,,1020.4,12.2,11.8,,,-0.4,,2026-06-30 08:00:00
300.0,8.0,11.0,2.2,7.0,,,1020.2,12.2,11.8,,,-0.3,,2026-06-30 09:00:00
300.0,9.0,11.0,2.5,7.0,,,1020.0,12.2,11.8,,,-0.4,,2026-06-30 10:00:00
300.0,10.0,13.0,2.4,7.0,,,1019.8,12.2,11.8,,,-0.6,,2026-06-30 11:00:00
310.0,10.0,12.0,2.2,7.0,,,1019.9,11.9,11.8,,,-0.3,,2026-06-30 12:00:00
300.0,11.0,13.0,2.7,7.0,,,1019.9,11.8,11.8,,,-0.1,,2026-06-30 13:00:00
300.0,11.0,12.0,2.7,7.0,,,1020.2,11.8,11.9,,,0.4,,2026-06-30 14:00:00
310.0,11.0,14.0,2.4,7.0,,,1020.5,11.6,11.9,,,0.6,,2026-06-30 15:00:00
300.0,11.0,14.0,2.5,7.0,,,1020.5,11.6,11.8,,,0.6,,2026-06-30 16:00:00
300.0,11.0,13.0,2.8,7.0,,,1020.5,11.7,11.8,,,0.3,,2026-06-30 17:00:00
300.0,10.0,13.0,2.7,7.0,,,1020.4,11.9,11.7,,,-0.1,,2026-06-30 18:00:00
290.0,10.0,12.0,2.5,7.0,,,1020.5,11.8,11.7,,,-0.0,,2026-06-30 19:00:00
290.0,9.0,11.0,2.6,7.0,,,1020.5,11.9,11.7,,,-0.0,,2026-06-30 20:00:00
290.0,7.0,9.0,2.3,7.0,,,1020.7,12.0,11.8,,,0.3,,2026-06-30 21:00:00
280.0,8.0,10.0,2.3,7.0,,,1020.8,11.9,11.8,,,0.3,,2026-06-30 22:00:00
280.0,6.0,7.0,2.1,7.0,,,1021.0,12.1,11.9,,,0.5,,2026-06-30 23:00:00
260.0,5.0,8.0,1.9,7.0,,,1020.9,12.3,11.9,,,0.2,,2026-07-01 00:00:00
250.0,8.0,10.0,1.8,7.0,,,1020.6,12.2,12.0,,,-0.2,,2026-07-01 01:00:00
260.0,8.0,10.0,1.8,7.0,,,1020.3,11.9,12.1,,,-0.7,,2026-07-01 02:00:00
260.0,7.0,9.0,1.6,6.0,,,1020.1,12.0,12.0,,,-0.8,,2026-07-01 03:00:00
270.0,6.0,8.0,1.8,6.0,,,1019.8,12.0,12.1,,,-0.8,,2026-07-01 04:00:00
270.0,6.0,7.0,1.8,7.0,,,1019.6,12.0,12.3,,,-0.7,,2026-07-01 05:00:00
270.0,5.0,7.0,1.8,7.0,,,1019.4,12.0,12.3,,,-0.7,,2026-07-01 06:00:00
270.0,5.0,6.0,1.7,7.0,,,1019.0,11.9,12.3,,,-0.8,,2026-07-01 07:00:00
270.0,5.0,6.0,1.5,6.0,,,1018.6,11.9,12.3,,,-1.0,,2026-07-01 08:00:00
270.0,4.0,5.0,1.6,6.0,,,1018.4,11.9,12.3,,,-1.0,,2026-07-01 09:00:00
270.0,4.0,5.0,1.3,6.0,,,1018.1,11.9,12.3,,,-0.9,,2026-07-01 10:00:00
270.0,3.0,4.0,1.3,6.0,,,1017.9,11.8,12.3,,,-0.7,,2026-07-01 11:00:00
260.0,3.0,3.0,1.1,7.0,,,1017.7,11.8,12.2,,,-0.7,,2026-07-01 12:00:00
250.0,2.0,3.0,0.9,7.0,,,1017.8,11.9,12.3,,,-0.3,,2026-07-01 13:00:00
260.0,3.0,3.0,0.9,7.0,,,1017.6,11.8,12.3,,,-0.3,,2026-07-01 14:00:00
230.0,2.0,3.0,0.9,7.0,,,1017.6,11.7,12.2,,,-0.1,,2026-07-01 15:00:00
250.0,2.0,3.0,0.9,7.0,,,1017.6,12.1,12.2,,,-0.2,,2026-07-01 16:00:00
230.0,2.0,2.0,0.8,7.0,,,1017.6,11.4,12.3,,,0.0,,2026-07-01 17:00:00
200.0,3.0,4.0,0.8,7.0,,,1017.5,11.6,12.4,,,-0.1,,2026-07-01 18:00:00
230.0,3.0,4.0,0.8,6.0,,,1017.4,12.5,12.5,,,-0.2,,2026-07-01 19:00:00
220.0,3.0,4.0,0.9,6.0,,,1017.4,12.3,12.6,,,-0.2,,2026-07-01 20:00:00
210.0,3.0,4.0,0.9,6.0,,,1017.4,12.2,12.7,,,-0.1,,2026-07-01 21:00:00
160.0,4.0,4.0,0.9,6.0,,,1017.3,12.3,12.7,,,-0.1,,2026-07-01 22:00:00
180.0,4.0,5.0,0.9,7.0,,,1017.1,12.3,12.8,,,-0.3,,2026-07-01 23:00:00
160.0,6.0,7.0,0.8,6.0,,,1016.8,12.1,12.8,,,-0.6,,2026-07-02 00:00:00
150.0,6.0,7.0,0.7,7.0,,,1016.3,12.0,12.6,,,-1.0,,2026-07-02 01:00:00
150.0,7.0,8.0,0.8,7.0,,,1015.9,12.0,12.4,,,-1.2,,2026-07-02 02:00:00
140.0,7.0,8.0,0.8,6.0,,,1015.4,12.0,12.4,,,-1.4,,2026-07-02 03:00:00
160.0,8.0,9.0,0.9,7.0,,,1014.8,11.9,12.4,,,-1.5,,2026-07-02 04:00:00
150.0,9.0,11.0,1.0,6.0,,,1014.2,11.8,12.3,,,-1.7,,2026-07-02 05:00:00
140.0,10.0,12.0,1.0,5.0,,,1013.4,11.7,12.2,,,-2.0,,2026-07-02 06:00:00
140.0,11.0,13.0,1.2,5.0,,,1012.4,11.7,12.2,,,-2.4,,2026-07-02 07:00:00
140.0,10.0,12.0,1.4,5.0,,,1011.7,11.6,12.0,,,-2.5,,2026-07-02 08:00:00
140.0,9.0,11.0,1.4,5.0,,,1011.0,11.7,11.9,,,-2.4,,2026-07-02 09:00:00
140.0,11.0,13.0,1.6,5.0,,,1009.6,11.7,11.8,,,-2.8,,2026-07-02 10:00:00
140.0,11.0,13.0,1.6,5.0,,,1009.4,11.9,11.7,,,-2.3,,2026-07-02 11:00:00
140.0,9.0,12.0,1.6,5.0,,,1009.2,11.9,11.8,,,-1.8,,2026-07-02 12:00:00
140.0,9.0,10.0,1.6,5.0,,,1009.4,11.7,11.8,,,-0.2,,2026-07-02 13:00:00
140.0,11.0,14.0,1.7,5.0,,,1009.5,11.7,11.8,,,0.1,,2026-07-02 14:00:00
150.0,11.0,13.0,1.6,6.0,,,1009.7,11.9,11.9,,,0.5,,2026-07-02 15:00:00
160.0,10.0,12.0,1.7,6.0,,,1010.1,11.8,11.9,,,0.7,,2026-07-02 16:00:00
160.0,9.0,11.0,1.4,6.0,,,1010.4,11.8,11.9,,,0.9,,2026-07-02 17:00:00
160.0,8.0,10.0,1.2,5.0,,,1010.9,12.0,11.9,,,1.2,,2026-07-02 18:00:00
170.0,6.0,7.0,1.2,5.0,,,1011.5,12.0,12.0,,,1.4,,2026-07-02 19:00:00
170.0,6.0,7.0,1.2,6.0,,,1012.1,12.1,12.0,,,1.7,,2026-07-02 20:00:00
170.0,4.0,4.0,1.2,6.0,,,1012.6,12.4,12.1,,,1.7,,2026-07-02 21:00:00
190.0,3.0,3.0,1.2,6.0,,,1013.0,12.6,12.3,,,1.5,,2026-07-02 22:00:00
170.0,3.0,4.0,1.1,6.0,,,1013.6,12.9,12.5,,,1.5,,2026-07-02 23:00:00
190.0,3.0,4.0,1.0,6.0,,,1014.1,13.2,12.7,,,1.5,,2026-07-03 00:00:00
250.0,1.0,1.0,0.9,7.0,,,1014.6,13.0,12.7,,,1.6,,2026-07-03 01:00:00
220.0,1.0,2.0,0.9,7.0,,,1015.2,13.1,12.8,,,1.6,,2026-07-03 02:00:00
250.0,1.0,2.0,0.9,7.0,,,1015.4,13.3,12.8,,,1.3,,2026-07-03 03:00:00
210.0,1.0,2.0,0.9,7.0,,,1015.7,13.2,12.9,,,1.1,,2026-07-03 04:00:00
210.0,3.0,3.0,1.1,7.0,,,1016.2,13.1,12.7,,,1.0,,2026-07-03 05:00:00
230.0,3.0,3.0,1.1,7.0,,,1016.5,12.8,12.6,,,1.1,,2026-07-03 06:00:00
240.0,3.0,4.0,1.1,7.0,,,1016.9,12.8,12.5,,,1.2,,2026-07-03 07:00:00
240.0,5.0,6.0,1.2,7.0,,,1016.9,12.6,12.4,,,0.7,,2026-07-03 08:00:00
240.0,4.0,5.0,1.2,6.0,,,1017.1,12.5,12.4,,,0.6,,2026-07-03 09:00:00
240.0,4.0,5.0,1.1,7.0,,,1017.1,12.4,12.3,,,0.2,,2026-07-03 10:00:00
240.0,3.0,4.0,1.0,7.0,,,1017.5,12.4,12.3,,,0.6,,2026-07-03 11:00:00
240.0,3.0,4.0,1.0,7.0,,,1017.8,12.4,12.3,,,0.7,,2026-07-03 12:00:00
200.0,3.0,4.0,1.0,7.0,,,1018.1,12.6,12.3,,,1.0,,2026-07-03 13:00:00
140.0,2.0,3.0,0.9,7.0,,,1018.1,12.6,12.3,,,0.6,,2026-07-03 14:00:00
160.0,3.0,4.0,0.9,7.0,,,1018.7,12.6,12.3,,,0.9,,2026-07-03 15:00:00
150.0,3.0,4.0,0.9,8.0,,,1018.8,12.5,12.3,,,0.7,,2026-07-03 16:00:00
160.0,4.0,5.0,1.1,8.0,,,1018.6,12.6,12.3,,,0.5,,2026-07-03 17:00:00
150.0,4.0,5.0,0.9,7.0,,,1018.5,12.8,12.5,,,-0.2,,2026-07-03 18:00:00
190.0,6.0,7.0,1.1,7.0,,,1019.5,12.4,12.5,,,0.7,,2026-07-03 19:00:00
190.0,6.0,7.0,1.2,7.0,,,1019.4,12.1,12.4,,,0.8,,2026-07-03 20:00:00
170.0,5.0,6.0,1.1,7.0,,,1018.9,12.4,12.4,,,0.4,,2026-07-03 21:00:00
180.0,7.0,8.0,1.0,6.0,,,1019.2,12.5,12.4,,,-0.3,,2026-07-03 22:00:00
170.0,6.0,8.0,1.0,7.0,,,1019.0,12.6,12.4,,,-0.4,,2026-07-03 23:00:00
180.0,7.0,9.0,0.9,6.0,,,1018.7,12.3,12.5,,,,,2026-07-04 01:00:00
170.0,7.0,9.0,0.9,6.0,,,1018.6,12.3,12.4,,,,,2026-07-04 02:00:00
170.0,7.0,8.0,0.9,6.0,,,1018.2,12.4,12.4,,,,,2026-07-04 03:00:00
170.0,7.0,9.0,0.9,7.0,,,1018.1,12.3,12.3,,,-0.6,,2026-07-04 04:00:00
160.0,7.0,8.0,1.0,7.0,,,1017.9,12.2,12.3,,,-0.7,,2026-07-04 05:00:00
160.0,7.0,8.0,1.1,8.0,,,1017.8,12.1,12.3,,,-0.4,,2026-07-04 06:00:00
160.0,7.0,8.0,1.1,7.0,,,1017.6,12.1,12.3,,,-0.5,,2026-07-04 07:00:00
160.0,6.0,7.0,1.1,6.0,,,1017.3,12.1,12.3,,,-0.6,,2026-07-04 08:00:00
160.0,7.0,8.0,1.3,7.0,,,1017.0,12.2,12.2,,,-0.8,,2026-07-04 09:00:00
170.0,8.0,9.0,1.1,6.0,,,1016.8,11.8,12.2,,,-0.8,,2026-07-04 10:00:00
160.0,8.0,10.0,1.1,6.0,,,1016.3,11.7,12.1,,,-1.0,,2026-07-04 11:00:00
160.0,9.0,11.0,1.1,5.0,,,1016.2,11.7,12.2,,,-0.8,,2026-07-04 12:00:00
210.0,5.0,6.0,1.2,5.0,,,1016.9,11.4,12.2,,,0.1,,2026-07-04 13:00:00
210.0,4.0,5.0,1.1,6.0,,,1017.5,11.7,12.2,,,1.2,,2026-07-04 14:00:00
230.0,5.0,6.0,1.0,6.0,,,1018.2,12.2,12.2,,,2.0,,2026-07-04 15:00:00
220.0,5.0,7.0,1.1,7.0,,,1018.8,12.3,12.2,,,1.9,,2026-07-04 16:00:00
220.0,5.0,6.0,1.2,6.0,,,1019.5,12.3,12.2,,,2.0,,2026-07-04 17:00:00
210.0,5.0,6.0,1.1,7.0,,,1020.2,12.0,12.2,,,2.0,,2026-07-04 18:00:00
250.0,4.0,7.0,1.2,7.0,,,1020.8,11.8,12.3,,,2.0,,2026-07-04 19:00:00
230.0,5.0,6.0,1.2,7.0,,,1021.5,12.5,12.3,,,2.0,,2026-07-04 20:00:00
220.0,3.0,4.0,1.3,6.0,,,1022.0,12.8,12.5,,,1.8,,2026-07-04 21:00:00
260.0,3.0,4.0,1.4,6.0,,,1022.5,12.9,12.7,,,1.7,,2026-07-04 22:00:00
210.0,3.0,3.0,1.2,6.0,,,1022.6,12.8,12.8,,,1.1,,2026-07-04 23:00:00
230.0,3.0,4.0,1.2,7.0,,,1022.8,13.2,13.1,,,0.8,,2026-07-05 00:00:00
200.0,4.0,5.0,1.2,7.0,,,1023.1,13.3,13.2,,,0.6,,2026-07-05 01:00:00
190.0,4.0,5.0,1.1,7.0,,,1023.3,13.0,13.1,,,0.7,,2026-07-05 02:00:00
210.0,4.0,5.0,1.0,7.0,,,1023.5,12.8,13.1,,,0.7,,2026-07-05 03:00:00
240.0,5.0,6.0,1.2,7.0,,,1023.7,12.4,13.0,,,0.6,,2026-07-05 04:00:00
230.0,3.0,3.0,1.3,8.0,,,1023.9,12.8,12.9,,,0.6,,2026-07-05 05:00:00
240.0,3.0,4.0,1.4,8.0,,,1024.1,12.8,12.8,,,0.6,,2026-07-05 06:00:00
230.0,3.0,4.0,1.4,8.0,,,1024.2,12.7,12.7,,,0.5,,2026-07-05 07:00:00
280.0,3.0,4.0,1.3,8.0,,,1024.2,12.2,12.7,,,0.3,,2026-07-05 08:00:00
230.0,2.0,2.0,1.4,8.0,,,1024.3,12.3,12.6,,,0.2,,2026-07-05 09:00:00
220.0,5.0,6.0,1.2,7.0,,,1024.2,11.4,12.5,,,0.0,,2026-07-05 10:00:00
220.0,3.0,3.0,1.1,7.0,,,1024.1,11.8,12.5,,,-0.1,,2026-07-05 11:00:00
230.0,2.0,3.0,1.1,7.0,,,1023.9,12.2,12.6,,,-0.4,,2026-07-05 12:00:00
290.0,1.0,2.0,1.1,8.0,,,1024.1,12.1,12.6,,,-0.1,,2026-07-05 13:00:00
240.0,1.0,1.0,1.1,7.0,,,1024.1,12.2,12.6,,,-0.0,,2026-07-05 14:00:00
100.0,1.0,2.0,1.2,8.0,,,1024.2,12.4,12.6,,,0.3,,2026-07-05 15:00:00
100.0,2.0,3.0,1.1,8.0,,,1024.2,12.6,12.6,,,0.1,,2026-07-05 16:00:00
100.0,2.0,3.0,1.1,8.0,,,1024.4,12.7,13.0,,,0.3,,2026-07-05 17:00:00
110.0,2.0,3.0,1.3,8.0,,,1024.4,12.8,13.0,,,0.2,,2026-07-05 18:00:00
120.0,2.0,3.0,1.3,9.0,,,1024.2,13.0,13.4,,,0.0,,2026-07-05 19:00:00
170.0,2.0,3.0,1.3,8.0,,,1024.2,13.1,13.6,,,-0.2,,2026-07-05 20:00:00
190.0,2.0,3.0,1.3,8.0,,,1023.8,13.2,13.8,,,-0.6,,2026-07-05 21:00:00
200.0,3.0,3.0,1.2,7.0,,,1023.6,13.5,14.1,,,-0.6,,2026-07-05 22:00:00
250.0,3.0,4.0,1.1,7.0,,,1023.3,13.6,14.2,,,-0.9,,2026-07-05 23:00:00
270.0,6.0,7.0,1.0,8.0,,,1022.9,13.5,14.0,,,-0.9,,2026-07-06 00:00:00
280.0,6.0,8.0,1.1,8.0,,,1022.6,13.3,13.7,,,-1.0,,2026-07-06 01:00:00
280.0,6.0,7.0,1.0,7.0,,,1022.1,13.2,13.4,,,-1.2,,2026-07-06 02:00:00
280.0,5.0,6.0,1.0,8.0,,,1022.0,13.0,13.4,,,-0.9,,2026-07-06 03:00:00
290.0,5.0,6.0,1.0,9.0,,,1021.7,12.7,13.3,,,-0.9,,2026-07-06 04:00:00
290.0,5.0,6.0,1.1,9.0,,,1021.3,12.7,13.3,,,-0.8,,2026-07-06 05:00:00
300.0,4.0,5.0,1.1,9.0,,,1021.1,12.7,13.6,,,-0.9,,2026-07-06 06:00:00
290.0,4.0,5.0,1.1,8.0,,,1020.5,12.6,13.4,,,-1.2,,2026-07-06 07:00:00
280.0,3.0,4.0,1.2,8.0,,,1020.2,12.5,13.2,,,-1.1,,2026-07-06 08:00:00
280.0,3.0,4.0,1.2,8.0,,,1019.8,12.4,13.0,,,-1.3,,2026-07-06 09:00:00
290.0,3.0,4.0,1.2,8.0,,,1019.2,12.3,12.9,,,-1.3,,2026-07-06 10:00:00
300.0,2.0,3.0,1.1,8.0,,,1019.0,12.3,13.0,,,-1.2,,2026-07-06 11:00:00
300.0,1.0,2.0,1.1,9.0,,,1018.7,12.3,12.9,,,-1.1,,2026-07-06 12:00:00
250.0,2.0,3.0,0.9,8.0,,,1018.6,12.4,13.1,,,-0.6,,2026-07-06 13:00:00
240.0,1.0,2.0,0.9,8.0,,,1018.7,12.5,13.1,,,-0.3,,2026-07-06 14:00:00
180.0,1.0,2.0,0.8,8.0,,,1018.6,12.6,13.1,,,-0.1,,2026-07-06 15:00:00
190.0,2.0,3.0,0.8,9.0,,,1018.5,12.6,13.1,,,-0.1,,2026-07-06 16:00:00
180.0,3.0,4.0,0.8,9.0,,,1018.3,12.8,13.2,,,-0.4,,2026-07-06 17:00:00
180.0,3.0,4.0,0.8,9.0,,,1018.3,12.8,13.6,,,-0.3,,2026-07-06 18:00:00
180.0,3.0,4.0,0.9,9.0,,,1018.1,12.9,13.5,,,-0.4,,2026-07-06 19:00:00
180.0,3.0,4.0,0.8,9.0,,,1018.0,13.0,13.8,,,-0.3,,2026-07-06 20:00:00
160.0,3.0,4.0,0.8,9.0,,,1017.6,13.1,14.0,,,-0.7,,2026-07-06 21:00:00
160.0,4.0,5.0,0.9,9.0,,,1017.2,13.2,13.9,,,-0.9,,2026-07-06 22:00:00
180.0,4.0,5.0,1.0,8.0,,,1016.9,13.1,13.9,,,-1.1,,2026-07-06 23:00:00
180.0,5.0,6.0,1.1,7.0,,,1016.5,12.9,13.8,,,-1.1,,2026-07-07 00:00:00
180.0,5.0,6.0,1.2,7.0,,,1016.2,13.0,13.7,,,-1.0,,2026-07-07 01:00:00
170.0,5.0,6.0,1.1,8.0,,,1015.9,13.0,13.6,,,-1.0,,2026-07-07 02:00:00
170.0,5.0,6.0,1.1,8.0,,,1015.9,13.2,13.5,,,-0.6,,2026-07-07 03:00:00
180.0,5.0,6.0,1.1,8.0,,,1015.8,13.4,13.5,,,-0.4,,2026-07-07 04:00:00
160.0,5.0,7.0,1.1,8.0,,,1015.6,13.4,13.5,,,-0.3,,2026-07-07 05:00:00
160.0,6.0,7.0,1.3,8.0,,,1015.3,13.4,13.6,,,-0.6,,2026-07-07 06:00:00
160.0,7.0,8.0,1.4,9.0,,,1015.0,13.3,13.6,,,-0.8,,2026-07-07 07:00:00
170.0,7.0,8.0,1.4,8.0,,,1014.8,13.2,13.6,,,-0.8,,2026-07-07 08:00:00
160.0,7.0,8.0,1.5,8.0,,,1014.7,13.3,13.6,,,-0.6,,2026-07-07 09:00:00
170.0,7.0,8.0,1.6,7.0,,,1014.3,13.2,13.5,,,-0.7,,2026-07-07 10:00:00
170.0,6.0,8.0,1.6,8.0,,,1014.1,13.3,13.3,,,-0.7,,2026-07-07 11:00:00
160.0,7.0,8.0,1.5,7.0,,,1013.9,13.2,13.4,,,-0.8,,2026-07-07 12:00:00
160.0,7.0,8.0,1.4,7.0,,,1013.9,13.2,13.4,,,-0.4,,2026-07-07 13:00:00
160.0,7.0,8.0,1.3,7.0,,,1014.1,13.1,13.3,,,-0.0,,2026-07-07 14:00:00
160.0,7.0,8.0,1.3,7.0,,,1014.2,13.2,13.3,,,0.3,,2026-07-07 15:00:00
160.0,7.0,9.0,1.2,7.0,,,1014.4,13.2,13.3,,,0.5,,2026-07-07 16:00:00
170.0,7.0,8.0,1.2,7.0,,,1014.7,13.3,13.2,,,0.6,,2026-07-07 17:00:00
170.0,6.0,7.0,1.2,7.0,,,1015.1,13.4,13.3,,,0.9,,2026-07-07 18:00:00
280.0,7.0,8.0,1.3,8.0,,,1015.8,11.9,13.3,,,1.4,,2026-07-07 19:00:00
280.0,6.0,7.0,1.3,8.0,,,1016.6,11.8,13.3,,,1.9,,2026-07-07 20:00:00
270.0,5.0,7.0,1.3,7.0,,,1017.4,12.2,13.3,,,2.3,,2026-07-07 21:00:00
260.0,5.0,7.0,1.4,8.0,,,1018.1,12.1,13.4,,,2.3,,2026-07-07 22:00:00
260.0,3.0,4.0,1.4,7.0,,,1018.6,12.5,13.4,,,2.0,,2026-07-07 23:00:00
240.0,5.0,6.0,1.3,7.0,,,1019.1,13.1,13.5,,,1.7,,2026-07-08 00:00:00
250.0,6.0,7.0,1.2,7.0,,,1019.5,13.3,13.5,,,1.4,,2026-07-08 01:00:00
240.0,5.0,7.0,1.1,7.0,,,1019.7,13.4,13.5,,,1.1,,2026-07-08 02:00:00
240.0,5.0,6.0,1.1,6.0,,,1020.0,13.5,13.5,,,0.9,,2026-07-08 03:00:00
230.0,4.0,5.0,1.1,7.0,,,1020.5,13.1,13.4,,,1.0,,2026-07-08 04:00:00
230.0,5.0,7.0,1.0,7.0,,,1020.9,13.0,13.2,,,1.2,,2026-07-08 05:00:00
230.0,4.0,5.0,1.0,8.0,,,1021.3,12.9,13.0,,,1.3,,2026-07-08 06:00:00
220.0,4.0,5.0,1.1,9.0,,,1021.6,12.9,12.9,,,1.1,,2026-07-08 07:00:00
210.0,4.0,5.0,1.2,8.0,,,1021.9,12.9,12.8,,,1.0,,2026-07-08 08:00:00
190.0,4.0,5.0,1.2,8.0,,,1022.0,12.9,12.8,,,0.7,,2026-07-08 09:00:00
190.0,4.0,5.0,1.4,8.0,,,1022.2,13.0,12.8,,,0.6,,2026-07-08 10:00:00
200.0,4.0,5.0,1.5,7.0,,,1022.5,13.0,12.8,,,0.6,,2026-07-08 11:00:00
230.0,5.0,6.0,1.6,8.0,,,1022.8,13.0,12.7,,,0.8,,2026-07-08 12:00:00
240.0,4.0,5.0,1.7,8.0,,,1022.9,12.7,12.7,,,0.7,,2026-07-08 13:00:00
220.0,4.0,5.0,1.8,8.0,,,1023.1,12.9,12.7,,,0.6,,2026-07-08 14:00:00
220.0,4.0,5.0,1.4,7.0,,,1023.2,12.8,12.8,,,0.4,,2026-07-08 15:00:00
210.0,3.0,4.0,1.4,8.0,,,1023.7,12.9,12.8,,,0.8,,2026-07-08 16:00:00
220.0,3.0,4.0,1.4,8.0,,,1024.0,13.2,13.0,,,0.9,,2026-07-08 17:00:00
240.0,3.0,4.0,1.3,8.0,,,1024.1,12.9,13.0,,,0.9,,2026-07-08 18:00:00
160.0,4.0,5.0,1.4,9.0,,,1024.2,13.3,13.1,,,0.5,,2026-07-08 19:00:00
190.0,4.0,5.0,1.5,9.0,,,1024.7,13.1,13.1,,,0.7,,2026-07-08 20:00:00
180.0,4.0,5.0,1.5,9.0,,,1024.5,12.9,13.0,,,0.4,,2026-07-08 21:00:00
120.0,4.0,5.0,1.6,8.0,,,1023.5,12.6,13.0,,,-0.7,,2026-07-08 22:00:00
160.0,6.0,8.0,1.6,9.0,,,1023.3,12.8,13.0,,,-1.4,,2026-07-08 23:00:00
170.0,7.0,9.0,1.6,8.0,,,1023.0,12.7,12.9,,,-1.5,,2026-07-09 00:00:00
170.0,8.0,9.0,1.6,7.0,,,1022.6,12.7,12.8,,,-0.9,,2026-07-09 01:00:00
170.0,8.0,9.0,1.5,8.0,,,1022.0,12.5,12.9,,,-1.3,,2026-07-09 02:00:00
170.0,8.0,10.0,1.4,7.0,,,1021.4,12.5,12.9,,,-1.6,,2026-07-09 03:00:00
170.0,8.0,10.0,1.5,7.0,,,1020.6,12.7,12.9,,,-2.0,,2026-07-09 04:00:00
170.0,9.0,11.0,1.4,7.0,,,1020.0,12.5,12.9,,,-2.0,,2026-07-09 05:00:00
170.0,9.0,11.0,1.3,6.0,,,1019.8,12.0,12.8,,,-1.6,,2026-07-09 06:00:00
160.0,9.0,11.0,1.4,7.0,,,1019.3,12.0,12.8,,,-1.3,,2026-07-09 07:00:00
160.0,9.0,11.0,1.4,7.0,,,1019.3,12.1,12.7,,,-0.7,,2026-07-09 08:00:00
160.0,10.0,12.0,1.5,6.0,,,1018.6,11.9,12.6,,,-1.2,,2026-07-09 09:00:00
150.0,10.0,12.0,1.6,7.0,,,1018.3,12.1,12.5,,,-1.0,,2026-07-09 10:00:00
140.0,10.0,12.0,1.6,7.0,,,1017.9,12.1,12.5,,,-1.4,,2026-07-09 11:00:00
140.0,11.0,13.0,2.0,6.0,,,1017.3,12.1,12.5,,,-1.3,,2026-07-09 12:00:00
130.0,10.0,12.0,2.1,6.0,,,1017.0,11.9,12.4,,,-1.3,,2026-07-09 13:00:00
120.0,11.0,13.0,2.1,6.0,,,1016.6,11.8,12.2,,,-1.3,,2026-07-09 14:00:00
120.0,11.0,13.0,2.0,6.0,,,1016.5,11.9,12.4,,,-0.8,,2026-07-09 15:00:00
120.0,11.0,13.0,1.9,6.0,,,1016.1,11.9,12.5,,,-0.9,,2026-07-09 16:00:00
130.0,11.0,13.0,2.0,6.0,,,1016.2,12.1,12.6,,,-0.4,,2026-07-09 17:00:00
130.0,10.0,12.0,1.9,6.0,,,1016.4,12.1,12.5,,,-0.1,,2026-07-09 18:00:00
150.0,12.0,14.0,1.9,6.0,,,1016.1,12.5,12.5,,,0.0,,2026-07-09 19:00:00
140.0,12.0,15.0,2.0,6.0,,,1015.9,12.5,12.5,,,-0.3,,2026-07-09 20:00:00
140.0,12.0,14.0,2.0,6.0,,,1015.6,12.5,12.4,,,-0.8,,2026-07-09 21:00:00
150.0,10.0,12.0,1.9,6.0,,,1015.4,12.5,12.4,,,-0.7,,2026-07-09 22:00:00
180.0,4.0,6.0,1.9,7.0,,,1015.7,12.5,12.4,,,-0.2,,2026-07-09 23:00:00
180.0,5.0,6.0,1.7,7.0,,,1015.4,13.0,12.5,,,-0.2,,2026-07-10 00:00:00
200.0,6.0,8.0,1.7,7.0,,,1015.0,13.2,12.5,,,-0.4,,2026-07-10 01:00:00
230.0,5.0,6.0,1.6,7.0,,,1014.8,11.7,12.4,,,-0.9,,2026-07-10 02:00:00
200.0,4.0,5.0,1.5,8.0,,,1014.7,12.3,12.6,,,-0.7,,2026-07-10 03:00:00
240.0,6.0,7.0,1.5,8.0,,,1014.8,11.9,12.6,,,-0.2,,2026-07-10 04:00:00
240.0,3.0,4.0,1.4,8.0,,,1014.9,12.2,12.5,,,0.1,,2026-07-10 05:00:00
200.0,4.0,4.0,1.3,8.0,,,1015.1,12.5,12.4,,,0.4,,2026-07-10 06:00:00
210.0,3.0,4.0,1.3,8.0,,,1015.0,12.5,12.4,,,0.2,,2026-07-10 07:00:00
230.0,5.0,6.0,1.3,9.0,,,1015.2,12.2,12.3,,,0.3,,2026-07-10 08:00:00
230.0,4.0,5.0,1.3,8.0,,,1015.0,12.2,12.3,,,-0.1,,2026-07-10 09:00:00
230.0,3.0,4.0,1.4,8.0,,,1014.8,12.1,12.4,,,-0.2,,2026-07-10 10:00:00
230.0,3.0,4.0,1.4,8.0,,,1014.7,12.2,12.4,,,-0.5,,2026-07-10 11:00:00
200.0,3.0,4.0,1.6,8.0,,,1014.4,12.2,12.3,,,-0.6,,2026-07-10 12:00:00
250.0,4.0,5.0,1.6,7.0,,,1014.3,11.8,12.3,,,-0.5,,2026-07-10 13:00:00
300.0,1.0,2.0,1.5,8.0,,,1014.3,11.6,12.2,,,-0.4,,2026-07-10 14:00:00
110.0,1.0,1.0,1.5,7.0,,,1014.3,12.6,12.2,,,-0.1,,2026-07-10 15:00:00
120.0,3.0,3.0,1.4,8.0,,,1014.1,11.5,12.5,,,-0.2,,2026-07-10 16:00:00
90.0,2.0,3.0,1.3,8.0,,,1014.2,11.8,12.4,,,-0.1,,2026-07-10 17:00:00
100.0,3.0,5.0,1.4,8.0,,,1014.1,11.7,12.5,,,-0.2,,2026-07-10 18:00:00
120.0,2.0,3.0,1.5,8.0,,,1014.3,12.1,12.5,,,0.2,,2026-07-10 19:00:00
170.0,3.0,4.0,1.8,9.0,,,1014.5,12.7,12.8,,,0.3,,2026-07-10 20:00:00
180.0,3.0,5.0,1.7,9.0,,,1014.4,12.7,13.0,,,0.3,,2026-07-10 21:00:00
160.0,4.0,5.0,1.7,9.0,,,1014.6,12.7,13.2,,,0.3,,2026-07-10 22:00:00
160.0,4.0,4.0,1.8,10.0,,,1014.7,12.7,13.3,,,0.2,,2026-07-10 23:00:00
180.0,4.0,5.0,1.8,9.0,,,1014.3,12.7,13.3,,,-0.1,,2026-07-11 00:00:00
170.0,3.0,4.0,1.8,9.0,,,1014.2,12.9,13.2,,,-0.4,,2026-07-11 01:00:00
190.0,3.0,4.0,1.7,9.0,,,1013.6,12.5,13.0,,,-1.1,,2026-07-11 02:00:00
150.0,1.0,2.0,1.6,9.0,,,1013.6,12.5,12.8,,,-0.7,,2026-07-11 03:00:00
140.0,2.0,3.0,1.5,8.0,,,1013.6,12.3,13.0,,,-0.6,,2026-07-11 04:00:00
140.0,3.0,3.0,1.2,8.0,,,1013.4,12.4,13.0,,,-0.2,,2026-07-11 05:00:00
160.0,3.0,4.0,1.2,8.0,,,1013.7,12.4,13.0,,,0.1,,2026-07-11 06:00:00
150.0,3.0,4.0,1.4,9.0,,,1013.5,12.5,13.0,,,-0.1,,2026-07-11 07:00:00
130.0,2.0,3.0,1.2,9.0,,,1013.5,12.5,13.0,,,0.1,,2026-07-11 08:00:00
150.0,3.0,4.0,1.4,9.0,,,1013.5,12.5,13.0,,,-0.2,,2026-07-11 09:00:00
150.0,3.0,4.0,1.4,9.0,,,1013.5,12.2,13.0,,,0.0,,2026-07-11 10:00:00
170.0,2.0,3.0,1.4,9.0,,,1013.5,11.7,12.8,,,0.0,,2026-07-11 11:00:00
130.0,3.0,4.0,1.6,9.0,,,1013.4,12.1,12.6,,,-0.1,,2026-07-11 12:00:00
110.0,4.0,6.0,1.5,9.0,,,1013.5,11.7,12.3,,,-0.0,,2026-07-11 13:00:00
160.0,3.0,4.0,1.5,9.0,,,1014.0,12.2,12.4,,,0.5,,2026-07-11 14:00:00
120.0,3.0,3.0,1.6,9.0,,,1014.2,11.5,12.5,,,0.8,,2026-07-11 15:00:00
150.0,4.0,4.0,1.5,8.0,,,1014.5,12.5,12.4,,,1.0,,2026-07-11 16:00:00
150.0,5.0,5.0,1.2,9.0,,,1014.8,12.4,12.6,,,0.8,,2026-07-11 17:00:00
150.0,5.0,6.0,1.2,9.0,,,1015.1,12.5,12.7,,,0.9,,2026-07-11 18:00:00
150.0,5.0,6.0,1.3,9.0,,,1015.3,12.6,12.6,,,0.8,,2026-07-11 19:00:00
160.0,5.0,6.0,1.2,9.0,,,1015.9,12.7,12.7,,,1.1,,2026-07-11 20:00:00
150.0,5.0,6.0,1.2,8.0,,,1016.2,12.9,12.8,,,1.1,,2026-07-11 21:00:00
140.0,6.0,7.0,1.3,9.0,,,1016.5,13.1,12.8,,,1.2,,2026-07-11 22:00:00
130.0,5.0,6.0,1.2,8.0,,,1016.7,13.1,12.8,,,0.8,,2026-07-11 23:00:00
130.0,5.0,6.0,1.2,8.0,,,1016.6,13.2,12.8,,,0.4,,2026-07-12 00:00:00
140.0,7.0,8.0,1.4,8.0,,,1016.4,13.0,12.9,,,-0.1,,2026-07-12 01:00:00
120.0,4.0,5.0,1.5,8.0,,,1016.2,13.1,12.9,,,-0.5,,2026-07-12 02:00:00
110.0,4.0,5.0,1.4,8.0,,,1016.1,12.9,12.9,,,-0.5,,2026-07-12 03:00:00
110.0,3.0,4.0,1.5,8.0,,,1016.0,12.9,12.9,,,-0.4,,2026-07-12 04:00:00
110.0,4.0,5.0,1.4,8.0,,,1016.3,12.6,12.8,,,0.1,,2026-07-12 05:00:00
130.0,5.0,6.0,1.2,9.0,,,1016.3,12.5,12.7,,,0.2,,2026-07-12 06:00:00
140.0,4.0,4.0,1.0,8.0,,,1016.3,12.6,12.6,,,0.3,,2026-07-12 07:00:00
140.0,4.0,5.0,1.0,8.0,,,1016.4,12.7,12.6,,,0.1,,2026-07-12 08:00:00
150.0,3.0,4.0,0.9,9.0,,,1016.5,12.6,12.6,,,0.2,,2026-07-12 09:00:00
120.0,5.0,6.0,1.0,8.0,,,1016.9,12.3,12.6,,,0.6,,2026-07-12 10:00:00
150.0,5.0,6.0,0.9,9.0,,,1017.4,12.2,12.7,,,1.0,,2026-07-12 11:00:00
120.0,5.0,6.0,1.0,8.0,,,1018.0,12.3,12.7,,,1.5,,2026-07-12 12:00:00
120.0,6.0,7.0,1.0,8.0,,,1018.4,12.4,12.7,,,1.5,,2026-07-12 13:00:00
120.0,6.0,7.0,1.0,7.0,,,1018.8,12.6,12.7,,,1.4,,2026-07-12 14:00:00
130.0,5.0,6.0,1.1,7.0,,,1019.2,12.5,12.7,,,1.2,,2026-07-12 15:00:00
130.0,6.0,7.0,1.2,7.0,,,1019.5,12.6,12.7,,,1.1,,2026-07-12 16:00:00
130.0,6.0,7.0,1.1,7.0,,,1019.9,12.5,12.7,,,1.1,,2026-07-12 17:00:00
140.0,5.0,6.0,1.0,7.0,,,1020.4,12.9,12.9,,,1.2,,2026-07-12 18:00:00
150.0,4.0,5.0,0.8,7.0,,,1020.6,13.2,12.9,,,1.1,,2026-07-12 19:00:00
150.0,4.0,5.0,0.8,7.0,,,1021.1,13.4,13.1,,,1.2,,2026-07-12 20:00:00
160.0,4.0,5.0,0.7,8.0,,,1021.4,13.6,13.1,,,1.0,,2026-07-12 21:00:00
160.0,4.0,5.0,0.7,7.0,,,1021.8,13.6,13.2,,,1.2,,2026-07-12 22:00:00
160.0,3.0,4.0,0.8,8.0,,,1021.8,13.6,13.3,,,0.7,,2026-07-12 23:00:00
160.0,3.0,4.0,0.7,8.0,,,1021.9,13.9,13.4,,,0.5,,2026-07-13 00:00:00
190.0,2.0,3.0,0.8,8.0,,,1021.9,14.1,13.6,,,0.1,,2026-07-13 01:00:00
180.0,2.0,2.0,1.0,8.0,,,1021.9,14.2,13.6,,,0.1,,2026-07-13 02:00:00
210.0,1.0,1.0,0.9,7.0,,,1021.8,14.7,13.6,,,-0.1,,2026-07-13 03:00:00
100.0,1.0,2.0,0.9,8.0,,,1021.4,14.5,13.4,,,-0.5,,2026-07-13 04:00:00
80.0,2.0,3.0,0.8,7.0,,,1021.5,13.3,13.5,,,-0.4,,2026-07-13 05:00:00
190.0,2.0,2.0,0.9,7.0,,,1021.7,13.2,13.5,,,-0.1,,2026-07-13 06:00:00
110.0,1.0,1.0,0.7,7.0,,,1021.5,12.8,13.3,,,0.1,,2026-07-13 07:00:00
170.0,1.0,1.0,0.7,8.0,,,1021.2,12.8,13.3,,,-0.3,,2026-07-13 08:00:00
10.0,1.0,1.0,0.6,8.0,,,1021.1,12.8,13.2,,,-0.6,,2026-07-13 09:00:00
330.0,1.0,2.0,0.7,9.0,,,1021.5,12.7,13.2,,,-0.0,,2026-07-13 10:00:00
300.0,2.0,2.0,0.6,8.0,,,1021.4,12.7,13.1,,,0.2,,2026-07-13 11:00:00
340.0,2.0,3.0,0.6,9.0,,,1021.5,12.7,13.1,,,0.4,,2026-07-13 12:00:00
330.0,2.0,3.0,0.7,8.0,,,1021.7,12.9,13.2,,,0.2,,2026-07-13 13:00:00
330.0,3.0,4.0,0.7,8.0,,,1022.0,13.1,13.2,,,0.6,,2026-07-13 14:00:00
240.0,1.0,2.0,0.7,8.0,,,1021.9,13.7,13.2,,,,,2026-07-13 16:00:00
20.0,4.0,5.0,0.9,10.0,,,1022.5,12.8,13.3,,,,,2026-07-13 17:00:00
0.0,4.0,6.0,0.8,7.0,,,1022.7,11.7,13.5,,,,,2026-07-13 18:00:00
350.0,4.0,5.0,0.7,7.0,,,1023.0,12.0,13.6,,,1.1,,2026-07-13 19:00:00
330.0,4.0,4.0,0.6,7.0,,,1023.2,12.4,13.7,,,0.7,,2026-07-13 20:00:00
320.0,5.0,5.0,0.5,7.0,,,1023.0,13.0,13.8,,,0.3,,2026-07-13 21:00:00
320.0,5.0,6.0,0.5,8.0,,,1022.9,13.6,13.7,,,-0.1,,2026-07-13 22:00:00
320.0,7.0,8.0,0.5,6.0,,,1022.7,13.4,13.8,,,-0.5,,2026-07-13 23:00:00
330.0,7.0,9.0,0.6,5.0,,,1022.6,13.6,13.8,,,-0.4,,2026-07-14 00:00:00
330.0,7.0,9.0,0.7,4.0,,,1022.4,14.0,13.8,,,-0.5,,2026-07-14 01:00:00
330.0,7.0,8.0,0.7,4.0,,,1022.4,14.0,13.7,,,-0.3,,2026-07-14 02:00:00
330.0,7.0,8.0,0.8,4.0,,,1022.3,14.1,13.6,,,-0.3,,2026-07-14 03:00:00
330.0,6.0,7.0,0.8,5.0,,,1022.2,14.2,13.5,,,-0.2,,2026-07-14 04:00:00
320.0,5.0,6.0,0.8,5.0,,,1022.0,14.0,13.5,,,-0.4,,2026-07-14 05:00:00
310.0,4.0,5.0,0.8,5.0,,,1022.0,13.9,13.5,,,-0.3,,2026-07-14 06:00:00
300.0,4.0,5.0,0.8,5.0,,,1021.5,13.9,13.4,,,-0.7,,2026-07-14 07:00:00
310.0,5.0,6.0,0.7,5.0,,,1020.9,13.9,13.3,,,-1.1,,2026-07-14 08:00:00
310.0,7.0,8.0,0.7,5.0,,,1020.3,14.0,13.3,,,-1.7,,2026-07-14 09:00:00
320.0,6.0,7.0,0.7,5.0,,,1020.1,14.0,13.4,,,-1.4,,2026-07-14 10:00:00
320.0,6.0,7.0,0.7,4.0,,,1020.1,14.1,13.4,,,-0.8,,2026-07-14 11:00:00
340.0,7.0,8.0,0.7,4.0,,,1019.9,14.1,13.3,,,-0.4,,2026-07-14 12:00:00
330.0,7.0,9.0,0.8,5.0,,,1020.2,14.0,13.5,,,0.1,,2026-07-14 13:00:00
330.0,7.0,9.0,0.9,5.0,,,1020.4,14.0,13.6,,,0.3,,2026-07-14 14:00:00
320.0,7.0,8.0,1.1,5.0,,,1020.5,14.2,13.6,,,0.6,,2026-07-14 15:00:00
330.0,7.0,8.0,1.2,6.0,,,1020.7,13.9,13.6,,,0.5,,2026-07-14 16:00:00
330.0,6.0,7.0,1.3,7.0,,,1021.0,14.1,13.6,,,0.6,,2026-07-14 17:00:00
330.0,5.0,7.0,1.2,6.0,,,1020.9,14.0,13.6,,,0.4,,2026-07-14 18:00:00
320.0,6.0,7.0,1.3,6.0,,,1021.0,14.1,13.6,,,0.3,,2026-07-14 19:00:00
320.0,6.0,8.0,1.5,6.0,,,1021.0,14.0,13.7,,,-0.0,,2026-07-14 20:00:00
310.0,6.0,8.0,1.4,6.0,,,1021.3,14.1,13.7,,,0.4,,2026-07-14 21:00:00
310.0,7.0,8.0,1.6,7.0,,,1021.3,14.2,13.9,,,0.3,,2026-07-14 22:00:00
310.0,7.0,8.0,1.4,6.0,,,1021.4,14.3,13.9,,,0.4,,2026-07-14 23:00:00
310.0,7.0,8.0,1.3,6.0,,,1021.2,14.4,14.2,,,-0.1,,2026-07-15 00:00:00
320.0,6.0,8.0,1.3,7.0,,,1021.2,14.5,14.2,,,-0.1,,2026-07-15 01:00:00
310.0,7.0,8.0,1.3,6.0,,,1020.9,14.5,14.2,,,-0.5,,2026-07-15 02:00:00
320.0,7.0,8.0,1.4,7.0,,,1020.9,14.6,14.1,,,-0.3,,2026-07-15 03:00:00
310.0,6.0,7.0,1.4,7.0,,,1020.6,14.4,14.1,,,-0.6,,2026-07-15 04:00:00
310.0,6.0,8.0,1.3,7.0,,,1020.5,14.2,14.1,,,-0.4,,2026-07-15 05:00:00
300.0,7.0,8.0,1.3,7.0,,,1020.3,14.1,14.0,,,-0.6,,2026-07-15 06:00:00
300.0,8.0,9.0,1.5,6.0,,,1019.9,14.2,14.0,,,-0.7,,2026-07-15 07:00:00
300.0,7.0,8.0,1.5,7.0,,,1019.7,14.1,13.9,,,-0.8,,2026-07-15 08:00:00
300.0,6.0,8.0,1.5,6.0,,,1019.4,14.0,13.9,,,-0.9,,2026-07-15 09:00:00
300.0,7.0,8.0,1.4,7.0,,,1019.1,13.9,13.9,,,-0.8,,2026-07-15 10:00:00
320.0,6.0,7.0,1.4,7.0,,,1019.2,13.8,13.8,,,-0.5,,2026-07-15 11:00:00
320.0,6.0,7.0,1.3,7.0,,,1019.2,13.7,13.7,,,-0.2,,2026-07-15 12:00:00
320.0,6.0,8.0,1.1,7.0,,,1019.5,13.7,13.7,,,0.4,,2026-07-15 13:00:00
320.0,6.0,8.0,1.3,7.0,,,1019.9,13.9,13.8,,,0.7,,2026-07-15 14:00:00
320.0,7.0,8.0,1.3,7.0,,,1020.4,13.9,13.8,,,1.2,,2026-07-15 15:00:00
320.0,6.0,7.0,1.3,7.0,,,1020.8,13.7,13.8,,,1.3,,2026-07-15 16:00:00
330.0,6.0,7.0,1.4,7.0,,,1021.1,13.2,13.8,,,1.2,,2026-07-15 17:00:00
300.0,4.0,5.0,1.6,6.0,,,1020.9,12.8,13.9,,,0.5,,2026-07-15 18:00:00
310.0,5.0,6.0,1.6,7.0,,,1020.7,13.0,14.1,,,-0.1,,2026-07-15 19:00:00
300.0,5.0,7.0,1.6,6.0,,,1020.7,12.9,14.1,,,-0.4,,2026-07-15 20:00:00
310.0,5.0,7.0,1.5,6.0,,,1020.8,13.1,14.2,,,-0.1,,2026-07-15 21:00:00
300.0,5.0,6.0,1.6,6.0,,,1020.8,13.4,14.4,,,0.1,,2026-07-15 22:00:00
310.0,6.0,7.0,1.3,7.0,,,1020.5,13.3,14.4,,,-0.2,,2026-07-15 23:00:00
310.0,5.0,6.0,1.2,7.0,,,1020.2,13.7,14.2,,,-0.6,,2026-07-16 00:00:00
310.0,7.0,8.0,1.1,7.0,,,1019.6,14.1,14.3,,,-1.2,,2026-07-16 01:00:00
310.0,6.0,7.0,1.2,7.0,,,1019.5,14.3,14.0,,,-1.0,,2026-07-16 02:00:00
310.0,6.0,7.0,1.1,8.0,,,1019.3,14.3,14.5,,,-0.9,,2026-07-16 03:00:00
310.0,6.0,6.0,1.3,8.0,,,1018.8,14.2,14.4,,,-0.8,,2026-07-16 04:00:00
310.0,6.0,8.0,1.2,7.0,,,1018.3,14.0,14.3,,,-1.2,,2026-07-16 05:00:00
320.0,5.0,6.0,1.2,7.0,,,1018.4,14.0,14.2,,,-0.9,,2026-07-16 06:00:00
310.0,6.0,7.0,1.2,7.0,,,1017.9,14.0,14.2,,,-0.9,,2026-07-16 07:00:00
310.0,5.0,6.0,1.2,7.0,,,1017.6,14.0,14.2,,,-0.7,,2026-07-16 08:00:00
310.0,6.0,7.0,1.1,6.0,,,1017.1,14.1,14.2,,,-1.3,,2026-07-16 09:00:00
310.0,5.0,6.0,1.1,6.0,,,1016.9,14.1,14.1,,,-1.0,,2026-07-16 10:00:00
310.0,5.0,7.0,1.0,6.0,,,1017.0,14.1,14.2,,,-0.6,,2026-07-16 11:00:00
320.0,6.0,7.0,0.9,7.0,,,1016.6,14.3,14.2,,,-0.5,,2026-07-16 12:00:00
330.0,7.0,9.0,0.8,6.0,,,1016.7,14.2,14.2,,,-0.2,,2026-07-16 13:00:00
330.0,8.0,9.0,0.9,6.0,,,1016.7,14.1,14.2,,,-0.3,,2026-07-16 14:00:00
320.0,8.0,10.0,1.1,6.0,,,1016.9,12.5,14.1,,,0.3,,2026-07-16 15:00:00
330.0,8.0,10.0,1.2,6.0,,,1016.5,12.4,14.0,,,-0.2,,2026-07-16 16:00:00
330.0,8.0,10.0,1.4,6.0,,,1016.4,12.5,13.9,,,-0.3,,2026-07-16 17:00:00
320.0,9.0,10.0,1.4,6.0,,,1016.1,12.6,13.9,,,-0.8,,2026-07-16 18:00:00
320.0,9.0,11.0,1.5,6.0,,,1015.7,12.7,13.9,,,-0.8,,2026-07-16 19:00:00
310.0,9.0,11.0,1.5,6.0,,,1015.8,12.7,14.0,,,-0.6,,2026-07-16 20:00:00
310.0,9.0,10.0,1.6,6.0,,,1015.4,12.9,14.0,,,-0.7,,2026-07-16 21:00:00
320.0,8.0,10.0,1.6,5.0,,,1015.0,13.1,13.9,,,-0.7,,2026-07-16 22:00:00
310.0,9.0,11.0,1.6,6.0,,,1014.6,13.3,13.8,,,-1.2,,2026-07-16 23:00:00
310.0,9.0,10.0,1.4,6.0,,,1014.0,12.9,13.7,,,,,2026-07-17 01:00:00
310.0,6.0,7.0,1.5,6.0,,,1014.3,13.8,13.5,,,,,2026-07-17 02:00:00
300.0,6.0,8.0,1.4,6.0,,,1013.6,14.0,13.4,,,,,2026-07-17 03:00:00
300.0,6.0,7.0,1.5,7.0,,,1013.5,13.9,13.5,,,-0.5,,2026-07-17 04:00:00
270.0,3.0,4.0,1.3,7.0,,,1014.2,13.9,13.5,,,-0.1,,2026-07-17 05:00:00
220.0,4.0,5.0,1.5,7.0,,,1014.5,13.9,13.5,,,0.9,,2026-07-17 06:00:00
200.0,6.0,7.0,1.5,7.0,,,1015.0,14.0,13.4,,,1.5,,2026-07-17 07:00:00
220.0,6.0,8.0,1.5,7.0,,,1014.6,13.4,13.4,,,0.4,,2026-07-17 08:00:00
220.0,5.0,7.0,1.4,6.0,,,1014.7,13.6,13.4,,,0.2,,2026-07-17 09:00:00
220.0,4.0,5.0,1.6,6.0,,,1014.7,13.7,13.4,,,-0.3,,2026-07-17 10:00:00
240.0,4.0,8.0,1.5,7.0,,,1014.6,13.7,13.4,,,0.0,,2026-07-17 11:00:00
210.0,3.0,3.0,1.5,8.0,,,1015.5,13.4,13.8,,,0.7,,2026-07-17 19:00:00
220.0,4.0,4.0,1.6,7.0,,,1015.7,13.1,13.8,,,0.1,,2026-07-17 20:00:00
210.0,5.0,5.0,1.7,7.0,,,1015.9,13.6,13.9,,,0.8,,2026-07-17 21:00:00
210.0,6.0,7.0,1.8,7.0,,,1016.1,13.4,13.9,,,0.6,,2026-07-17 22:00:00
190.0,6.0,7.0,1.5,7.0,,,1016.9,13.6,13.8,,,1.2,,2026-07-17 23:00:00
210.0,7.0,8.0,1.4,7.0,,,1016.8,13.8,13.6,,,0.9,,2026-07-18 00:00:00
210.0,4.0,6.0,1.2,7.0,,,1017.5,13.9,13.6,,,1.4,,2026-07-18 01:00:00
210.0,5.0,6.0,1.2,8.0,,,1017.4,13.8,13.8,,,0.5,,2026-07-18 02:00:00
180.0,7.0,8.0,1.1,8.0,,,1017.1,13.4,13.7,,,0.3,,2026-07-18 03:00:00
180.0,4.0,5.0,1.1,8.0,,,1018.2,13.5,13.7,,,0.7,,2026-07-18 04:00:00
210.0,7.0,8.0,1.2,8.0,,,1017.4,13.4,13.7,,,0.0,,2026-07-18 05:00:00
290.0,3.0,4.0,1.2,8.0,,,1018.4,13.3,13.7,,,1.3,,2026-07-18 06:00:00
230.0,2.0,3.0,1.3,8.0,,,1018.3,13.4,13.7,,,0.1,,2026-07-18 07:00:00
190.0,4.0,4.0,1.3,8.0,,,1018.5,13.4,13.7,,,1.1,,2026-07-18 08:00:00
180.0,3.0,4.0,1.3,8.0,,,1018.6,13.6,13.7,,,0.2,,2026-07-18 09:00:00
200.0,5.0,5.0,1.5,8.0,,,1018.4,13.5,13.7,,,0.1,,2026-07-18 10:00:00
220.0,3.0,4.0,1.3,7.0,,,1019.1,13.6,13.7,,,0.6,,2026-07-18 11:00:00
250.0,4.0,5.0,1.5,7.0,,,1018.8,13.5,13.7,,,0.2,,2026-07-18 12:00:00
260.0,3.0,4.0,1.3,7.0,,,1019.1,13.5,13.7,,,0.7,,2026-07-18 13:00:00
280.0,5.0,5.0,1.1,7.0,,,1019.7,13.8,13.7,,,0.6,,2026-07-18 14:00:00
280.0,5.0,6.0,0.9,7.0,,,1020.1,13.7,13.6,,,1.3,,2026-07-18 15:00:00
300.0,5.0,7.0,1.0,7.0,,,1020.5,13.5,13.7,,,1.4,,2026-07-18 16:00:00
290.0,5.0,5.0,1.0,7.0,,,1021.0,13.6,13.7,,,1.3,,2026-07-18 17:00:00
300.0,6.0,7.0,1.0,7.0,,,1021.5,13.8,13.7,,,1.4,,2026-07-18 18:00:00
320.0,6.0,8.0,1.2,7.0,,,1022.0,13.7,13.6,,,1.5,,2026-07-18 19:00:00
340.0,7.0,8.0,1.2,7.0,,,1022.4,13.9,13.6,,,1.4,,2026-07-18 20:00:00
340.0,6.0,7.0,1.2,7.0,,,1022.9,14.1,13.5,,,1.4,,2026-07-18 21:00:00
330.0,5.0,6.0,1.3,7.0,,,1023.4,13.9,13.6,,,1.4,,2026-07-18 22:00:00
320.0,5.0,6.0,1.2,6.0,,,1023.7,14.1,13.6,,,1.3,,2026-07-18 23:00:00
300.0,5.0,6.0,1.1,7.0,,,1023.8,14.1,13.6,,,0.9,,2026-07-19 00:00:00
290.0,5.0,6.0,0.9,7.0,,,1023.8,14.0,13.6,,,0.4,,2026-07-19 01:00:00
290.0,5.0,5.0,0.8,7.0,,,1024.0,14.0,13.6,,,0.3,,2026-07-19 02:00:00
280.0,5.0,6.0,0.8,6.0,,,1024.2,13.9,13.6,,,0.4,,2026-07-19 03:00:00
290.0,4.0,5.0,0.9,7.0,,,1024.3,13.9,13.9,,,0.5,,2026-07-19 04:00:00
300.0,4.0,5.0,1.0,7.0,,,1024.4,14.0,13.9,,,0.4,,2026-07-19 05:00:00
310.0,5.0,5.0,1.0,7.0,,,1024.6,14.1,13.9,,,0.4,,2026-07-19 06:00:00
310.0,6.0,7.0,1.1,7.0,,,1024.5,14.1,13.8,,,0.2,,2026-07-19 07:00:00
300.0,6.0,8.0,1.1,6.0,,,1024.4,14.0,13.8,,,0.0,,2026-07-19 08:00:00
310.0,8.0,9.0,1.2,7.0,,,1024.2,13.9,13.5,,,-0.4,,2026-07-19 09:00:00
310.0,8.0,9.0,1.3,6.0,,,1024.0,13.6,13.3,,,-0.5,,2026-07-19 10:00:00
330.0,8.0,10.0,1.2,6.0,,,1024.1,13.4,13.3,,,-0.3,,2026-07-19 11:00:00
330.0,10.0,12.0,1.4,5.0,,,1024.1,13.2,13.4,,,-0.1,,2026-07-19 12:00:00
330.0,10.0,12.0,1.5,6.0,,,1024.1,13.0,13.3,,,0.1,,2026-07-19 13:00:00
320.0,10.0,11.0,1.5,5.0,,,1024.0,13.0,13.3,,,-0.1,,2026-07-19 14:00:00
320.0,10.0,12.0,1.5,5.0,,,1023.9,13.0,13.4,,,-0.2,,2026-07-19 15:00:00
320.0,10.0,12.0,1.6,6.0,,,1023.9,12.9,13.2,,,-0.2,,2026-07-19 16:00:00
330.0,10.0,12.0,1.9,6.0,,,1024.2,13.0,13.0,,,0.2,,2026-07-19 17:00:00
330.0,9.0,10.0,1.8,6.0,,,1024.2,13.0,12.9,,,0.3,,2026-07-19 18:00:00
320.0,9.0,11.0,1.8,6.0,,,1024.2,12.8,12.9,,,0.3,,2026-07-19 19:00:00
320.0,9.0,11.0,1.8,7.0,,,1024.0,12.9,13.0,,,-0.2,,2026-07-19 20:00:00
320.0,9.0,11.0,2.0,7.0,,,1023.9,13.2,13.0,,,-0.3,,2026-07-19 21:00:00
320.0,8.0,10.0,1.9,7.0,,,1023.5,13.3,13.0,,,-0.7,,2026-07-19 22:00:00
320.0,8.0,10.0,1.9,6.0,,,1023.0,13.5,13.1,,,-1.0,,2026-07-19 23:00:00
320.0,8.0,10.0,1.8,6.0,,,1022.5,13.6,13.2,,,-1.4,,2026-07-20 00:00:00
320.0,8.0,10.0,1.7,6.0,,,1022.1,13.7,13.4,,,-1.4,,2026-07-20 01:00:00
320.0,8.0,10.0,1.6,6.0,,,1021.5,13.7,13.4,,,-1.5,,2026-07-20 02:00:00
320.0,8.0,9.0,1.4,6.0,,,1021.3,13.7,13.4,,,-1.2,,2026-07-20 03:00:00
320.0,7.0,9.0,1.5,6.0,,,1021.0,13.7,13.4,,,-1.1,,2026-07-20 04:00:00
320.0,7.0,9.0,1.5,7.0,,,1021.0,13.7,13.2,,,-0.5,,2026-07-20 05:00:00
320.0,7.0,8.0,1.5,7.0,,,1020.8,13.6,13.2,,,-0.5,,2026-07-20 06:00:00
320.0,7.0,8.0,1.5,7.0,,,1020.4,13.6,13.3,,,-0.6,,2026-07-20 07:00:00
320.0,7.0,8.0,1.4,7.0,,,1020.2,13.6,13.3,,,-0.8,,2026-07-20 08:00:00
320.0,7.0,8.0,1.5,7.0,,,1020.0,13.5,13.4,,,-0.8,,2026-07-20 09:00:00
320.0,7.0,8.0,1.5,6.0,,,1019.9,13.4,13.4,,,-0.5,,2026-07-20 10:00:00
320.0,7.0,8.0,1.5,6.0,,,1019.5,13.3,13.4,,,-0.7,,2026-07-20 11:00:00
320.0,7.0,8.0,1.6,6.0,,,1018.8,13.2,13.4,,,-1.2,,2026-07-20 12:00:00
330.0,7.0,8.0,1.4,6.0,,,1018.6,13.3,13.4,,,-1.3,,2026-07-20 13:00:00
330.0,7.0,8.0,1.5,6.0,,,1018.3,13.5,13.4,,,-1.2,,2026-07-20 14:00:00
340.0,7.0,8.0,1.4,6.0,,,1018.6,13.6,13.4,,,-0.2,,2026-07-20 15:00:00
330.0,7.0,8.0,1.4,6.0,,,1018.7,13.6,13.5,,,0.1,,2026-07-20 16:00:00
330.0,6.0,7.0,1.3,6.0,,,1019.1,13.7,13.5,,,0.8,,2026-07-20 17:00:00
330.0,6.0,7.0,1.5,7.0,,,1018.7,13.6,13.7,,,0.1,,2026-07-20 18:00:00
330.0,5.0,7.0,1.5,7.0,,,1018.5,13.7,13.7,,,-0.2,,2026-07-20 19:00:00
330.0,6.0,7.0,1.3,7.0,,,1018.4,13.8,13.8,,,-0.7,,2026-07-20 20:00:00
320.0,7.0,8.0,1.3,7.0,,,1017.9,13.8,13.9,,,-0.8,,2026-07-20 21:00:00
320.0,6.0,7.0,1.5,7.0,,,1017.8,14.0,14.0,,,-0.7,,2026-07-20 22:00:00
320.0,7.0,8.0,1.3,6.0,,,1017.4,14.1,14.0,,,-1.0,,2026-07-20 23:00:00
320.0,7.0,8.0,1.4,6.0,,,1016.7,14.2,14.2,,,-1.2,,2026-07-21 00:00:00
320.0,6.0,7.0,1.3,6.0,,,1016.4,14.5,14.1,,,-1.4,,2026-07-21 01:00:00
310.0,5.0,6.0,1.4,7.0,,,1016.3,14.6,14.1,,,-1.1,,2026-07-21 02:00:00
310.0,5.0,6.0,1.2,6.0,,,1016.1,14.7,14.1,,,-0.6,,2026-07-21 03:00:00
310.0,5.0,6.0,1.2,6.0,,,1015.9,14.7,14.1,,,-0.5,,2026-07-21 04:00:00
310.0,5.0,6.0,1.1,7.0,,,1016.2,14.5,13.9,,,-0.1,,2026-07-21 05:00:00
310.0,4.0,5.0,1.0,7.0,,,1016.1,14.5,13.8,,,-0.0,,2026-07-21 06:00:00
300.0,5.0,6.0,1.1,6.0,,,1015.9,14.5,13.7,,,0.0,,2026-07-21 07:00:00
300.0,5.0,6.0,1.1,7.0,,,1015.6,14.4,13.8,,,-0.6,,2026-07-21 08:00:00
310.0,5.0,6.0,1.2,6.0,,,1015.6,14.3,13.7,,,-0.5,,2026-07-21 09:00:00
320.0,5.0,6.0,1.2,6.0,,,1015.6,14.3,13.7,,,-0.3,,2026-07-21 10:00:00
310.0,5.0,6.0,1.2,6.0,,,1015.6,14.1,14.0,,,0.0,,2026-07-21 11:00:00
320.0,6.0,7.0,1.3,6.0,,,1015.2,13.9,14.0,,,-0.4,,2026-07-21 12:00:00
320.0,6.0,7.0,1.2,6.0,,,1015.3,13.8,13.6,,,-0.3,,2026-07-21 13:00:00
320.0,5.0,6.0,1.4,6.0,,,1015.7,13.8,14.0,,,0.1,,2026-07-21 14:00:00
320.0,5.0,5.0,1.2,6.0,,,1016.1,13.8,14.0,,,0.9,,2026-07-21 15:00:00
330.0,4.0,5.0,1.2,6.0,,,1016.5,13.5,14.0,,,1.2,,2026-07-21 16:00:00
320.0,5.0,5.0,1.2,7.0,,,1016.6,13.7,14.0,,,0.9,,2026-07-21 17:00:00
310.0,5.0,6.0,1.2,7.0,,,1016.9,12.7,13.9,,,0.8,,2026-07-21 18:00:00
330.0,6.0,7.0,1.2,7.0,,,1017.0,12.6,14.0,,,0.5,,2026-07-21 19:00:00
320.0,6.0,7.0,1.3,7.0,,,1017.1,12.7,14.1,,,0.5,,2026-07-21 20:00:00
310.0,6.0,8.0,1.4,7.0,,,1017.3,12.8,14.2,,,0.4,,2026-07-21 21:00:00
310.0,7.0,8.0,1.5,7.0,,,1017.1,12.9,14.2,,,0.1,,2026-07-21 22:00:00
310.0,7.0,8.0,1.6,6.0,,,1016.9,13.0,14.2,,,-0.2,,2026-07-21 23:00:00
310.0,6.0,8.0,1.7,7.0,,,1016.5,13.7,13.8,,,-0.8,,2026-07-22 00:00:00
310.0,7.0,8.0,1.6,7.0,,,1016.3,14.2,14.0,,,-0.8,,2026-07-22 01:00:00
310.0,8.0,9.0,1.5,7.0,,,1015.9,14.3,13.9,,,-1.0,,2026-07-22 02:00:00
320.0,8.0,9.0,1.4,7.0,,,1015.9,14.4,14.1,,,-0.6,,2026-07-22 03:00:00
320.0,8.0,10.0,1.4,6.0,,,1015.9,14.7,14.1,,,-0.4,,2026-07-22 04:00:00
330.0,7.0,9.0,1.5,7.0,,,1016.5,14.8,14.3,,,0.6,,2026-07-22 05:00:00
330.0,8.0,10.0,2.0,7.0,,,1016.4,14.8,14.3,,,0.5,,2026-07-22 06:00:00
330.0,9.0,10.0,1.9,7.0,,,1016.4,14.7,14.2,,,0.5,,2026-07-22 07:00:00
330.0,9.0,11.0,2.1,7.0,,,1016.2,14.3,14.2,,,-0.3,,2026-07-22 08:00:00
320.0,10.0,12.0,2.2,7.0,,,1016.0,14.0,14.2,,,-0.4,,2026-07-22 09:00:00
330.0,11.0,13.0,2.3,7.0,,,1015.9,13.2,14.2,,,-0.5,,2026-07-22 10:00:00
330.0,11.0,13.0,2.3,7.0,,,1016.0,12.6,14.1,,,-0.2,,2026-07-22 11:00:00
330.0,10.0,12.0,2.5,7.0,,,1016.2,12.7,13.9,,,0.2,,2026-07-22 12:00:00
330.0,11.0,12.0,2.4,7.0,,,1016.2,12.7,13.9,,,0.3,,2026-07-22 13:00:00
330.0,10.0,13.0,2.3,7.0,,,1016.3,13.2,13.9,,,0.3,,2026-07-22 14:00:00
330.0,10.0,12.0,2.3,7.0,,,1016.6,13.2,13.8,,,0.4,,2026-07-22 15:00:00
330.0,10.0,12.0,2.3,7.0,,,1016.9,13.2,13.8,,,0.7,,2026-07-22 16:00:00
330.0,11.0,13.0,2.5,7.0,,,1016.7,13.2,13.8,,,0.4,,2026-07-22 17:00:00
330.0,10.0,12.0,2.5,7.0,,,1016.9,13.3,13.9,,,0.3,,2026-07-22 18:00:00
330.0,10.0,11.0,2.6,8.0,,,1016.8,13.4,14.0,,,-0.1,,2026-07-22 19:00:00
330.0,9.0,12.0,2.6,7.0,,,1016.6,13.5,14.0,,,-0.1,,2026-07-22 20:00:00
320.0,10.0,12.0,2.7,8.0,,,1016.3,13.7,13.9,,,-0.6,,2026-07-22 21:00:00
320.0,10.0,12.0,2.5,8.0,,,1016.3,13.8,13.9,,,-0.5,,2026-07-22 22:00:00
320.0,10.0,12.0,2.3,7.0,,,1015.9,14.0,13.9,,,-0.7,,2026-07-22 23:00:00
320.0,9.0,11.0,2.7,8.0,,,1015.1,14.4,14.1,,,,,2026-07-23 01:00:00
320.0,9.0,11.0,2.6,8.0,,,1014.6,14.3,14.1,,,,,2026-07-23 02:00:00
320.0,9.0,10.0,2.2,8.0,,,1014.3,14.4,14.0,,,,,2026-07-23 03:00:00
320.0,9.0,11.0,2.1,7.0,,,1014.2,14.3,13.9,,,-0.9,,2026-07-23 04:00:00
320.0,9.0,11.0,2.4,7.0,,,1014.4,14.1,13.9,,,-0.2,,2026-07-23 05:00:00
320.0,10.0,12.0,2.3,7.0,,,1014.3,14.0,13.9,,,0.0,,2026-07-23 06:00:00
330.0,9.0,11.0,2.3,7.0,,,1014.4,14.0,13.8,,,0.2,,2026-07-23 07:00:00
330.0,9.0,11.0,2.5,7.0,,,1014.4,14.2,14.0,,,-0.0,,2026-07-23 08:00:00
330.0,9.0,11.0,2.4,7.0,,,1014.3,13.8,14.0,,,0.0,,2026-07-23 09:00:00
330.0,9.0,11.0,2.2,7.0,,,1014.3,13.7,14.1,,,-0.1,,2026-07-23 10:00:00
330.0,8.0,10.0,2.1,7.0,,,1014.6,13.6,14.2,,,0.2,,2026-07-23 11:00:00
330.0,7.0,9.0,2.3,8.0,,,1014.5,13.4,14.1,,,0.2,,2026-07-23 12:00:00
330.0,8.0,9.0,2.1,7.0,,,1014.7,13.4,14.0,,,0.4,,2026-07-23 13:00:00
330.0,7.0,8.0,2.3,7.0,,,1014.9,13.5,14.0,,,0.3,,2026-07-23 14:00:00
330.0,5.0,6.0,2.2,7.0,,,1015.2,13.1,14.1,,,0.7,,2026-07-23 15:00:00
320.0,4.0,6.0,2.3,7.0,,,1015.5,13.4,14.1,,,0.8,,2026-07-23 16:00:00
300.0,3.0,4.0,2.1,8.0,,,1015.8,13.4,14.1,,,0.9,,2026-07-23 17:00:00
270.0,3.0,4.0,2.2,7.0,,,1016.3,13.4,14.0,,,1.1,,2026-07-23 18:00:00
280.0,4.0,5.0,2.0,8.0,,,1016.6,13.3,14.0,,,1.1,,2026-07-23 19:00:00
270.0,4.0,5.0,1.8,7.0,,,1016.9,13.1,14.1,,,1.1,,2026-07-23 20:00:00
270.0,4.0,6.0,2.0,8.0,,,1017.1,12.7,14.0,,,0.8,,2026-07-23 21:00:00
250.0,4.0,5.0,1.7,7.0,,,1017.3,12.8,14.1,,,0.7,,2026-07-23 22:00:00
230.0,4.0,5.0,2.0,8.0,,,1017.4,12.7,14.1,,,0.5,,2026-07-23 23:00:00
240.0,5.0,7.0,1.8,7.0,,,1017.3,12.6,14.1,,,0.2,,2026-07-24 00:00:00
250.0,5.0,7.0,1.8,7.0,,,1017.2,12.9,14.1,,,-0.1,,2026-07-24 01:00:00
270.0,5.0,7.0,1.7,8.0,,,1016.9,12.8,14.1,,,-0.5,,2026-07-24 02:00:00
290.0,4.0,6.0,1.7,7.0,,,1016.9,13.3,14.0,,,-0.4,,2026-07-24 03:00:00
270.0,4.0,5.0,1.6,7.0,,,1016.9,13.7,14.0,,,-0.3,,2026-07-24 04:00:00
250.0,5.0,5.0,1.5,8.0,,,1017.2,13.7,14.0,,,0.3,,2026-07-24 05:00:00
240.0,3.0,3.0,1.3,7.0,,,1017.2,13.7,14.0,,,0.3,,2026-07-24 06:00:00
220.0,2.0,3.0,1.2,7.0,,,1017.0,13.7,13.9,,,0.1,,2026-07-24 07:00:00
260.0,3.0,4.0,1.1,7.0,,,1016.7,13.7,14.0,,,-0.5,,2026-07-24 08:00:00
240.0,3.0,3.0,1.1,8.0,,,1016.4,13.7,14.0,,,-0.8,,2026-07-24 09:00:00
260.0,3.0,3.0,1.1,8.0,,,1016.2,13.7,13.8,,,-0.8,,2026-07-24 10:00:00
290.0,4.0,6.0,1.1,8.0,,,1016.3,13.3,13.8,,,-0.4,,2026-07-24 11:00:00
280.0,2.0,3.0,1.1,8.0,,,1015.9,12.4,13.8,,,-0.5,,2026-07-24 12:00:00
260.0,3.0,4.0,1.2,8.0,,,1015.8,12.4,13.8,,,-0.4,,2026-07-24 13:00:00
270.0,2.0,3.0,1.1,7.0,,,1015.9,12.3,13.8,,,-0.4,,2026-07-24 14:00:00
300.0,1.0,1.0,1.2,7.0,,,1015.6,12.5,13.8,,,-0.3,,2026-07-24 15:00:00
140.0,0.0,1.0,1.1,7.0,,,1015.5,12.7,13.9,,,-0.3,,2026-07-24 16:00:00
160.0,3.0,3.0,1.1,8.0,,,1015.0,13.1,14.0,,,-0.9,,2026-07-24 17:00:00
240.0,3.0,3.0,1.1,7.0,,,1015.1,13.0,13.8,,,-0.5,,2026-07-24 18:00:00
230.0,3.0,3.0,1.1,8.0,,,1015.2,13.0,13.6,,,-0.3,,2026-07-24 19:00:00
210.0,3.0,3.0,1.0,8.0,,,1015.2,13.3,13.6,,,0.2,,2026-07-24 20:00:00
210.0,3.0,4.0,1.0,9.0,,,1015.1,13.5,13.7,,,0.0,,2026-07-24 21:00:00
220.0,3.0,3.0,0.9,8.0,,,1014.8,13.4,13.9,,,-0.4,,2026-07-24 22:00:00
220.0,2.0,2.0,1.0,8.0,,,1014.4,13.5,14.0,,,-0.8,,2026-07-24 23:00:00
220.0,2.0,3.0,1.0,8.0,,,1014.1,13.4,14.0,,,-1.0,,2026-07-25 00:00:00
230.0,2.0,3.0,1.0,7.0,,,1013.6,13.3,14.1,,,-1.2,,2026-07-25 01:00:00
180.0,2.0,3.0,1.0,8.0,,,1012.9,13.3,14.0,,,-1.5,,2026-07-25 02:00:00
200.0,2.0,3.0,1.1,8.0,,,1012.4,13.3,13.9,,,-1.7,,2026-07-25 03:00:00
170.0,3.0,4.0,1.0,8.0,,,1011.8,13.2,13.8,,,-1.8,,2026-07-25 04:00:00
220.0,2.0,3.0,0.9,8.0,,,1011.4,13.3,13.8,,,-1.5,,2026-07-25 05:00:00
200.0,3.0,4.0,0.9,8.0,,,1011.2,13.3,13.6,,,-1.2,,2026-07-25 06:00:00
190.0,3.0,3.0,0.8,8.0,,,1010.8,13.2,13.5,,,-1.0,,2026-07-25 07:00:00
200.0,2.0,3.0,0.7,9.0,,,1010.6,13.1,13.5,,,-0.8,,2026-07-25 08:00:00
200.0,2.0,2.0,0.8,9.0,,,1010.3,13.1,13.5,,,-0.9,,2026-07-25 09:00:00
160.0,4.0,4.0,0.7,8.0,,,1010.1,13.4,13.5,,,-0.7,,2026-07-25 10:00:00
160.0,6.0,7.0,0.8,9.0,,,1009.6,13.6,13.5,,,-1.0,,2026-07-25 11:00:00
150.0,6.0,8.0,0.8,7.0,,,1009.2,13.6,13.7,,,-1.1,,2026-07-25 12:00:00
190.0,6.0,8.0,1.0,7.0,,,1009.1,13.6,13.6,,,-1.0,,2026-07-25 13:00:00
180.0,6.0,7.0,1.0,7.0,,,1009.4,13.4,13.6,,,-0.2,,2026-07-25 14:00:00
160.0,6.0,7.0,1.1,7.0,,,1009.1,13.8,13.4,,,-0.1,,2026-07-25 15:00:00
160.0,8.0,9.0,1.2,7.0,,,1008.9,13.9,13.4,,,-0.2,,2026-07-25 16:00:00
170.0,8.0,10.0,1.1,6.0,,,1009.2,13.9,13.4,,,-0.2,,2026-07-25 17:00:00
170.0,9.0,11.0,1.1,6.0,,,1009.2,13.8,13.3,,,0.1,,2026-07-25 18:00:00
160.0,8.0,9.0,1.1,6.0,,,1009.6,13.5,13.4,,,0.7,,2026-07-25 19:00:00
180.0,9.0,11.0,1.1,6.0,,,1009.6,13.7,13.4,,,0.4,,2026-07-25 20:00:00
160.0,7.0,9.0,1.2,6.0,,,1009.7,13.6,13.4,,,0.5,,2026-07-25 21:00:00
150.0,7.0,9.0,1.1,7.0,,,1010.0,13.6,13.4,,,0.4,,2026-07-25 22:00:00
160.0,7.0,9.0,1.1,8.0,,,1010.0,13.7,13.5,,,0.4,,2026-07-25 23:00:00
220.0,6.0,7.0,1.1,7.0,,,1010.2,13.0,13.4,,,0.5,,2026-07-26 00:00:00
200.0,7.0,8.0,1.1,7.0,,,1010.2,12.6,13.4,,,0.2,,2026-07-26 01:00:00
190.0,7.0,9.0,1.3,8.0,,,1010.4,12.7,13.3,,,0.4,,2026-07-26 02:00:00
190.0,8.0,10.0,1.3,8.0,,,1010.3,12.8,13.3,,,0.1,,2026-07-26 03:00:00
190.0,8.0,10.0,1.3,7.0,,,1010.5,13.0,13.3,,,0.3,,2026-07-26 04:00:00
180.0,9.0,10.0,1.3,7.0,,,1010.7,13.0,13.4,,,0.3,,2026-07-26 05:00:00
170.0,8.0,10.0,1.3,7.0,,,1010.9,13.4,13.4,,,0.6,,2026-07-26 06:00:00
170.0,9.0,11.0,1.2,6.0,,,1010.7,13.5,13.4,,,0.2,,2026-07-26 07:00:00
170.0,9.0,11.0,1.2,6.0,,,1010.7,13.5,13.4,,,0.0,,2026-07-26 08:00:00
180.0,8.0,11.0,1.3,6.0,,,1010.6,13.2,13.4,,,-0.3,,2026-07-26 09:00:00
230.0,3.0,4.0,1.3,7.0,,,1011.0,12.6,13.3,,,0.3,,2026-07-26 10:00:00
150.0,3.0,3.0,1.1,8.0,,,1011.2,12.6,13.3,,,0.5,,2026-07-26 11:00:00
160.0,3.0,4.0,0.9,8.0,,,1011.2,12.8,13.2,,,0.6,,2026-07-26 12:00:00
170.0,5.0,6.0,1.0,8.0,,,1011.6,12.8,13.3,,,0.6,,2026-07-26 13:00:00
160.0,6.0,7.0,1.0,10.0,,,1012.0,12.9,13.3,,,0.8,,2026-07-26 14:00:00
160.0,7.0,8.0,0.9,8.0,,,1012.1,13.2,13.3,,,0.9,,2026-07-26 15:00:00
170.0,7.0,8.0,1.1,9.0,,,1012.2,13.2,13.3,,,0.6,,2026-07-26 16:00:00
150.0,7.0,8.0,1.0,7.0,,,1012.3,13.4,13.3,,,0.3,,2026-07-26 17:00:00
130.0,6.0,7.0,1.2,9.0,,,1012.6,12.9,13.3,,,0.5,,2026-07-26 18:00:00
160.0,6.0,8.0,1.0,7.0,,,1013.0,13.6,13.4,,,0.8,,2026-07-26 19:00:00
160.0,6.0,7.0,1.0,9.0,,,1013.2,13.7,13.6,,,0.9,,2026-07-26 20:00:00
170.0,5.0,6.0,0.9,8.0,,,1013.6,13.9,13.7,,,1.0,,2026-07-26 21:00:00
200.0,4.0,5.0,0.9,8.0,,,1013.8,14.0,13.7,,,0.8,,2026-07-26 22:00:00
200.0,3.0,4.0,1.0,9.0,,,1014.1,13.9,13.8,,,0.9,,2026-07-26 23:00:00
190.0,4.0,4.0,0.9,9.0,,,1014.2,13.9,13.8,,,0.6,,2026-07-27 00:00:00
180.0,4.0,5.0,1.1,11.0,,,1014.5,13.9,13.7,,,0.7,,2026-07-27 01:00:00
170.0,5.0,6.0,1.0,10.0,,,1014.3,13.8,13.6,,,0.2,,2026-07-27 02:00:00
180.0,5.0,6.0,0.9,8.0,,,1014.4,14.0,13.7,,,0.2,,2026-07-27 03:00:00
170.0,6.0,7.0,1.0,8.0,,,1014.4,14.0,13.6,,,-0.1,,2026-07-27 04:00:00
170.0,8.0,9.0,1.0,9.0,,,1014.5,14.1,13.6,,,0.2,,2026-07-27 05:00:00
170.0,8.0,9.0,1.1,8.0,,,1014.5,14.1,13.6,,,0.1,,2026-07-27 06:00:00
170.0,6.0,7.0,1.1,7.0,,,1014.4,14.1,13.8,,,0.0,,2026-07-27 07:00:00
150.0,4.0,5.0,0.9,7.0,,,1014.6,14.0,13.7,,,0.1,,2026-07-27 08:00:00
150.0,5.0,6.0,0.9,8.0,,,1014.6,14.0,13.7,,,0.1,,2026-07-27 09:00:00
130.0,5.0,6.0,1.0,9.0,,,1014.5,14.0,13.7,,,0.1,,2026-07-27 10:00:00
120.0,6.0,7.0,1.0,9.0,,,1014.4,13.9,13.7,,,-0.2,,2026-07-27 11:00:00
130.0,6.0,8.0,1.0,9.0,,,1014.3,14.0,13.7,,,-0.3,,2026-07-27 12:00:00
150.0,7.0,9.0,1.1,8.0,,,1014.3,13.5,13.6,,,-0.2,,2026-07-27 13:00:00
130.0,7.0,10.0,0.9,6.0,,,1014.1,12.7,13.5,,,-0.3,,2026-07-27 14:00:00
130.0,5.0,6.0,1.0,7.0,,,1014.0,13.6,13.5,,,-0.3,,2026-07-27 15:00:00
130.0,7.0,8.0,1.0,7.0,,,1013.9,13.6,13.6,,,-0.4,,2026-07-27 16:00:00
130.0,7.0,9.0,1.0,6.0,,,1013.4,13.9,13.6,,,-0.7,,2026-07-27 17:00:00
130.0,7.0,8.0,0.9,6.0,,,1013.3,13.7,13.6,,,-0.7,,2026-07-27 18:00:00
130.0,9.0,10.0,1.0,6.0,,,1013.0,13.5,13.2,,,-0.9,,2026-07-27 19:00:00
150.0,7.0,9.0,1.0,7.0,,,1012.7,14.3,13.1,,,-0.7,,2026-07-27 20:00:00
130.0,6.0,7.0,0.9,7.0,,,1012.6,13.6,12.9,,,-0.7,,2026-07-27 21:00:00
120.0,6.0,7.0,1.0,9.0,,,1011.8,13.6,13.0,,,-1.2,,2026-07-27 22:00:00
130.0,7.0,9.0,1.0,7.0,,,1011.2,13.6,13.0,,,-1.5,,2026-07-27 23:00:00
120.0,8.0,10.0,1.1,7.0,,,1010.4,13.4,13.1,,,-2.2,,2026-07-28 00:00:00
130.0,8.0,10.0,1.3,6.0,,,1009.5,13.8,13.4,,,-2.3,,2026-07-28 01:00:00
130.0,12.0,15.0,1.7,6.0,,,1008.6,13.6,13.3,,,-2.6,,2026-07-28 02:00:00
140.0,12.0,14.0,1.7,6.0,,,1008.0,13.7,13.1,,,-2.4,,2026-07-28 03:00:00
140.0,14.0,17.0,1.8,6.0,,,1007.2,14.1,12.9,,,-2.3,,2026-07-28 04:00:00
130.0,14.0,17.0,1.9,6.0,,,1006.8,13.8,12.9,,,-1.8,,2026-07-28 05:00:00
140.0,13.0,17.0,2.0,6.0,,,1006.5,13.6,12.9,,,-1.5,,2026-07-28 06:00:00
150.0,10.0,12.0,2.0,6.0,,,1007.2,13.5,12.8,,,-0.0,,2026-07-28 07:00:00
150.0,7.0,8.0,1.9,7.0,,,1007.1,13.5,12.7,,,0.3,,2026-07-28 08:00:00
160.0,6.0,7.0,1.9,7.0,,,1006.9,13.6,12.7,,,0.4,,2026-07-28 09:00:00
160.0,6.0,8.0,1.7,7.0,,,1007.0,13.6,12.7,,,-0.2,,2026-07-28 10:00:00
150.0,6.0,7.0,1.7,8.0,,,1006.9,13.4,12.7,,,-0.2,,2026-07-28 11:00:00
170.0,6.0,7.0,1.5,8.0,,,1006.6,13.5,12.9,,,-0.3,,2026-07-28 12:00:00
160.0,7.0,9.0,1.4,8.0,,,1006.6,13.3,12.9,,,-0.4,,2026-07-28 13:00:00
170.0,9.0,10.0,1.5,7.0,,,1006.9,13.5,12.8,,,-0.0,,2026-07-28 14:00:00
160.0,10.0,13.0,1.3,7.0,,,1007.6,13.1,12.6,,,1.0,,2026-07-28 15:00:00
150.0,10.0,12.0,1.6,6.0,,,1008.0,13.4,12.7,,,1.4,,2026-07-28 16:00:00
160.0,10.0,13.0,1.6,6.0,,,1008.5,13.1,12.8,,,1.6,,2026-07-28 17:00:00
150.0,10.0,12.0,1.7,6.0,,,1008.9,13.3,12.7,,,1.3,,2026-07-28 18:00:00
170.0,10.0,12.0,1.8,6.0,,,1009.7,13.3,12.7,,,1.7,,2026-07-28 19:00:00
190.0,10.0,12.0,1.7,6.0,,,1011.1,13.4,12.9,,,2.6,,2026-07-28 20:00:00
200.0,8.0,10.0,1.5,6.0,,,1012.8,13.6,12.9,,,3.9,,2026-07-28 21:00:00
210.0,8.0,9.0,1.6,7.0,,,1014.2,13.5,12.9,,,4.5,,2026-07-28 22:00:00
190.0,7.0,9.0,1.6,7.0,,,1015.4,13.7,12.9,,,4.3,,2026-07-28 23:00:00
200.0,6.0,7.0,1.4,8.0,,,1016.7,13.8,13.0,,,,,2026-07-29 01:00:00
200.0,6.0,7.0,1.5,8.0,,,1017.2,13.9,13.1,,,,,2026-07-29 02:00:00
190.0,4.0,5.0,1.4,8.0,,,1017.5,13.6,13.0,,,,,2026-07-29 03:00:00
190.0,4.0,5.0,1.5,8.0,,,1017.6,13.6,12.8,,,0.9,,2026-07-29 04:00:00
190.0,4.0,5.0,1.4,7.0,,,1017.9,13.5,12.8,,,0.7,,2026-07-29 05:00:00
190.0,3.0,4.0,1.4,8.0,,,1018.1,13.4,13.0,,,0.6,,2026-07-29 06:00:00
170.0,4.0,4.0,1.4,8.0,,,1018.0,13.4,13.0,,,0.4,,2026-07-29 07:00:00
180.0,3.0,4.0,1.4,8.0,,,1018.0,13.4,13.0,,,0.1,,2026-07-29 08:00:00
170.0,4.0,5.0,1.4,8.0,,,1018.1,13.4,13.1,,,-0.0,,2026-07-29 09:00:00
150.0,4.0,4.0,1.3,8.0,,,1018.0,13.3,13.1,,,0.0,,2026-07-29 10:00:00
150.0,4.0,5.0,1.6,8.0,,,1017.8,13.2,13.0,,,-0.2,,2026-07-29 11:00:00
160.0,5.0,5.0,1.5,8.0,,,1017.7,13.1,13.0,,,-0.4,,2026-07-29 12:00:00
160.0,4.0,5.0,1.3,7.0,,,1017.7,13.0,13.0,,,-0.3,,2026-07-29 13:00:00
150.0,4.0,5.0,1.4,9.0,,,1017.6,13.0,12.9,,,-0.2,,2026-07-29 14:00:00
150.0,4.0,5.0,1.3,8.0,,,1017.8,13.0,12.9,,,0.1,,2026-07-29 15:00:00
150.0,5.0,6.0,1.4,7.0,,,1018.1,13.1,13.0,,,0.4,,2026-07-29 16:00:00
150.0,5.0,6.0,1.2,7.0,,,1018.0,13.1,13.0,,,0.4,,2026-07-29 17:00:00
160.0,5.0,6.0,1.3,8.0,,,1018.0,13.5,13.1,,,0.2,,2026-07-29 18:00:00
160.0,4.0,5.0,1.2,9.0,,,1017.9,13.3,13.2,,,-0.2,,2026-07-29 19:00:00
150.0,4.0,4.0,1.1,9.0,,,1017.7,13.4,13.3,,,-0.3,,2026-07-29 20:00:00
150.0,3.0,4.0,1.0,8.0,,,1017.9,13.6,13.6,,,-0.1,,2026-07-29 21:00:00
160.0,3.0,4.0,1.0,9.0,,,1017.7,13.5,13.6,,,-0.2,,2026-07-29 22:00:00
150.0,3.0,3.0,1.0,10.0,,,1017.3,13.5,13.6,,,-0.4,,2026-07-29 23:00:00
100.0,3.0,4.0,1.0,11.0,,,1016.5,13.6,13.3,,,-1.4,,2026-07-30 00:00:00
100.0,4.0,5.0,1.0,10.0,,,1016.0,13.4,13.2,,,-1.7,,2026-07-30 01:00:00
130.0,3.0,4.0,1.0,10.0,,,1015.9,13.5,13.2,,,-1.4,,2026-07-30 02:00:00
160.0,2.0,3.0,1.0,8.0,,,1015.6,13.5,13.3,,,-0.9,,2026-07-30 03:00:00
140.0,3.0,4.0,1.0,8.0,,,1015.4,13.5,13.2,,,-0.6,,2026-07-30 04:00:00
160.0,5.0,6.0,1.0,8.0,,,1015.2,13.5,13.2,,,-0.7,,2026-07-30 05:00:00
170.0,6.0,6.0,1.0,7.0,,,1014.7,13.7,13.0,,,-0.9,,2026-07-30 06:00:00
170.0,5.0,6.0,0.9,7.0,,,1014.6,13.8,13.3,,,-0.8,,2026-07-30 07:00:00
130.0,5.0,6.0,1.1,9.0,,,1014.4,13.6,13.5,,,-0.8,,2026-07-30 08:00:00
120.0,5.0,6.0,1.1,8.0,,,1014.1,13.7,13.5,,,-0.6,,2026-07-30 09:00:00
150.0,7.0,8.0,1.0,8.0,,,1014.2,14.0,13.4,,,-0.4,,2026-07-30 10:00:00
140.0,7.0,8.0,1.2,8.0,,,1014.2,14.2,13.4,,,-0.2,,2026-07-30 11:00:00
130.0,7.0,9.0,1.3,8.0,,,1014.1,13.6,13.2,,,0.0,,2026-07-30 12:00:00
130.0,7.0,9.0,1.5,8.0,,,1014.0,13.5,13.0,,,-0.2,,2026-07-30 13:00:00
120.0,8.0,10.0,1.7,8.0,,,1013.9,13.6,13.1,,,-0.3,,2026-07-30 14:00:00
130.0,8.0,10.0,1.6,8.0,,,1014.3,13.6,13.1,,,0.2,,2026-07-30 15:00:00
130.0,9.0,10.0,1.9,8.0,,,1014.5,13.3,13.1,,,0.5,,2026-07-30 16:00:00
130.0,10.0,12.0,1.8,7.0,,,1014.5,13.1,13.1,,,0.6,,2026-07-30 17:00:00
130.0,11.0,12.0,2.1,7.0,,,1014.4,13.2,13.0,,,0.1,,2026-07-30 18:00:00
130.0,11.0,13.0,2.1,7.0,,,1014.5,13.3,13.2,,,-0.0,,2026-07-30 19:00:00
130.0,12.0,14.0,2.1,7.0,,,1014.5,13.5,13.2,,,-0.0,,2026-07-30 20:00:00
130.0,11.0,14.0,2.1,7.0,,,1014.6,13.7,13.1,,,0.2,,2026-07-30 21:00:00
130.0,11.0,12.0,2.2,7.0,,,1014.7,15.2,13.1,,,0.2,,2026-07-30 22:00:00
140.0,12.0,14.0,2.0,7.0,,,1014.5,15.4,13.3,,,0.0,,2026-07-30 23:00:00
140.0,11.0,14.0,2.0,7.0,,,1014.6,15.5,13.4,,,0.0,,2026-07-31 00:00:00
130.0,12.0,14.0,1.9,7.0,,,1014.2,15.2,13.3,,,-0.5,,2026-07-31 01:00:00
130.0,13.0,16.0,2.2,7.0,,,1014.0,15.1,13.2,,,-0.5,,2026-07-31 02:00:00
130.0,12.0,15.0,1.9,7.0,,,1013.7,15.6,13.1,,,-0.9,,2026-07-31 03:00:00
130.0,12.0,14.0,1.8,6.0,,,1014.1,15.3,13.0,,,-0.1,,2026-07-31 04:00:00
140.0,9.0,11.0,1.8,6.0,,,1014.8,15.1,13.0,,,0.8,,2026-07-31 05:00:00
130.0,11.0,13.0,1.9,6.0,,,1014.6,14.9,13.0,,,0.9,,2026-07-31 06:00:00
140.0,10.0,12.0,1.9,6.0,,,1014.6,15.1,13.2,,,0.5,,2026-07-31 07:00:00
140.0,10.0,11.0,1.9,6.0,,,1014.8,14.9,13.2,,,-0.0,,2026-07-31 08:00:00
140.0,9.0,11.0,1.8,6.0,,,1014.9,15.0,13.2,,,0.3,,2026-07-31 09:00:00
150.0,9.0,10.0,1.8,6.0,,,1015.4,15.4,13.1,,,0.8,,2026-07-31 10:00:00
190.0,6.0,7.0,1.9,7.0,,,1016.7,15.2,13.1,,,1.9,,2026-07-31 11:00:00
200.0,4.0,4.0,1.7,7.0,,,1017.2,15.0,13.1,,,2.3,,2026-07-31 12:00:00
190.0,3.0,4.0,1.6,7.0,,,1017.6,14.9,13.2,,,2.2,,2026-07-31 13:00:00
180.0,3.0,3.0,1.5,7.0,,,1018.4,15.0,13.2,,,1.7,,2026-07-31 14:00:00
160.0,2.0,2.0,1.3,8.0,,,1018.8,14.9,13.1,,,1.6,,2026-07-31 15:00:00
140.0,2.0,3.0,1.2,8.0,,,1018.7,15.1,13.0,,,1.1,,2026-07-31 16:00:00
100.0,4.0,5.0,1.2,8.0,,,1018.3,14.9,13.1,,,-0.1,,2026-07-31 17:00:00
130.0,3.0,4.0,1.2,8.0,,,1018.6,14.9,13.0,,,-0.2,,2026-07-31 18:00:00
120.0,4.0,5.0,1.2,8.0,,,1017.9,14.9,12.9,,,-0.8,,2026-07-31 19:00:00
200.0,3.0,4.0,1.3,7.0,,,1018.1,14.7,13.0,,,-0.2,,2026-07-31 20:00:00
230.0,3.0,4.0,1.2,8.0,,,1017.8,14.6,13.2,,,-0.8,,2026-07-31 21:00:00
90.0,2.0,3.0,1.2,7.0,,,1016.9,14.9,13.3,,,-1.0,,2026-07-31 22:00:00
40.0,2.0,2.0,1.2,7.0,,,1016.2,14.9,13.4,,,-1.9,,2026-07-31 23:00:00
30.0,4.0,5.0,1.1,8.0,,,1015.0,14.7,13.4,,,-2.8,,2026-08-01 00:00:00
10.0,4.0,5.0,1.2,8.0,,,1014.0,14.3,13.3,,,-2.9,,2026-08-01 01:00:00
20.0,4.0,5.0,1.0,8.0,,,1013.2,14.2,13.1,,,-3.0,,2026-08-01 02:00:00
40.0,7.0,8.0,1.0,8.0,,,1011.9,14.3,12.8,,,-3.1,,2026-08-01 03:00:00
40.0,6.0,8.0,0.9,7.0,,,1011.3,14.4,12.7,,,-2.7,,2026-08-01 04:00:00
140.0,8.0,10.0,0.9,8.0,,,1010.7,15.4,12.8,,,-2.5,,2026-08-01 05:00:00
150.0,9.0,10.0,1.4,6.0,,,1010.5,15.7,12.8,,,-1.4,,2026-08-01 06:00:00
160.0,9.0,11.0,1.6,6.0,,,1010.2,15.5,12.7,,,-1.1,,2026-08-01 07:00:00
240.0,4.0,6.0,1.5,6.0,,,1010.6,14.7,12.7,,,-0.1,,2026-08-01 08:00:00
290.0,7.0,8.0,1.3,6.0,,,1011.5,14.1,13.0,,,1.0,,2026-08-01 09:00:00
270.0,5.0,6.0,1.1,6.0,,,1012.4,14.1,13.1,,,2.2,,2026-08-01 10:00:00
250.0,5.0,5.0,1.0,7.0,,,1013.1,14.3,13.0,,,2.5,,2026-08-01 11:00:00
210.0,4.0,5.0,1.0,7.0,,,1013.8,14.3,12.6,,,2.3,,2026-08-01 12:00:00
200.0,4.0,5.0,0.9,7.0,,,1014.1,14.3,12.7,,,1.7,,2026-08-01 13:00:00
200.0,4.0,5.0,1.0,7.0,,,1014.4,14.5,12.7,,,1.3,,2026-08-01 14:00:00
200.0,2.0,3.0,1.1,8.0,,,1014.8,14.4,12.7,,,1.0,,2026-08-01 15:00:00
180.0,4.0,4.0,1.1,7.0,,,1015.2,14.9,12.7,,,1.1,,2026-08-01 16:00:00
170.0,3.0,3.0,1.1,8.0,,,1015.3,15.0,12.8,,,0.9,,2026-08-01 17:00:00
160.0,4.0,5.0,1.1,7.0,,,1015.9,15.0,12.8,,,1.1,,2026-08-01 18:00:00
160.0,5.0,7.0,1.3,7.0,,,1016.3,14.8,12.8,,,1.1,,2026-08-01 19:00:00
140.0,4.0,4.0,1.2,7.0,,,1016.7,15.0,12.8,,,1.4,,2026-08-01 20:00:00
130.0,2.0,3.0,1.1,7.0,,,1017.1,15.1,13.0,,,1.2,,2026-08-01 21:00:00
130.0,2.0,3.0,1.0,8.0,,,1017.6,15.4,13.3,,,1.3,,2026-08-01 22:00:00
170.0,2.0,3.0,1.0,8.0,,,1017.9,15.9,13.5,,,1.2,,2026-08-01 23:00:00
200.0,2.0,3.0,0.9,7.0,,,1018.6,16.4,13.7,,,1.5,,2026-08-02 00:00:00
260.0,3.0,4.0,0.9,8.0,,,1019.1,16.2,13.7,,,1.5,,2026-08-02 01:00:00
280.0,2.0,3.0,0.8,7.0,,,1019.5,16.9,13.6,,,1.6,,2026-08-02 02:00:00
280.0,3.0,4.0,0.9,8.0,,,1020.0,16.8,13.7,,,1.4,,2026-08-02 03:00:00
260.0,2.0,2.0,0.9,7.0,,,1020.6,16.5,13.3,,,1.5,,2026-08-02 04:00:00
250.0,1.0,2.0,1.0,8.0,,,1021.3,16.4,13.5,,,1.8,,2026-08-02 05:00:00
250.0,4.0,4.0,1.1,8.0,,,1021.6,16.7,13.6,,,1.6,,2026-08-02 06:00:00
240.0,3.0,3.0,1.0,7.0,,,1021.8,16.6,13.4,,,1.2,,2026-08-02 07:00:00
250.0,3.0,4.0,1.2,8.0,,,1022.1,16.6,13.3,,,0.8,,2026-08-02 08:00:00
240.0,4.0,5.0,1.3,7.0,,,1022.5,16.6,13.2,,,0.9,,2026-08-02 09:00:00
250.0,4.0,5.0,1.2,8.0,,,1022.6,16.4,13.2,,,0.8,,2026-08-02 10:00:00
260.0,4.0,5.0,1.4,8.0,,,1023.0,16.2,13.3,,,0.9,,2026-08-02 11:00:00
270.0,4.0,5.0,1.3,8.0,,,1023.2,16.2,13.4,,,0.7,,2026-08-02 12:00:00
270.0,4.0,5.0,1.2,8.0,,,1023.6,15.9,13.2,,,1.0,,2026-08-02 13:00:00
270.0,4.0,5.0,1.1,8.0,,,1024.0,16.1,13.1,,,1.0,,2026-08-02 14:00:00
270.0,3.0,4.0,1.1,8.0,,,1024.7,16.1,13.1,,,1.5,,2026-08-02 15:00:00
270.0,3.0,4.0,1.1,8.0,,,1025.2,16.4,13.0,,,1.6,,2026-08-02 16:00:00
270.0,3.0,3.0,1.1,8.0,,,1025.3,16.8,13.1,,,1.3,,2026-08-02 17:00:00
280.0,3.0,3.0,1.0,8.0,,,1025.8,17.0,13.4,,,1.1,,2026-08-02 18:00:00
290.0,3.0,3.0,1.1,8.0,,,1026.2,17.4,13.6,,,1.0,,2026-08-02 19:00:00
270.0,3.0,4.0,1.2,8.0,,,1026.6,18.0,13.8,,,1.3,,2026-08-02 20:00:00
290.0,4.0,5.0,1.1,7.0,,,1026.6,17.8,13.7,,,0.8,,2026-08-02 21:00:00
300.0,5.0,6.0,1.2,7.0,,,1027.0,17.9,13.8,,,0.8,,2026-08-02 22:00:00
300.0,5.0,5.0,1.2,7.0,,,1027.0,18.4,13.9,,,0.4,,2026-08-02 23:00:00
300.0,4.0,5.0,1.2,7.0,,,1026.9,18.3,14.0,,,0.3,,2026-08-03 00:00:00
290.0,4.0,5.0,1.0,7.0,,,1027.1,18.7,14.0,,,0.1,,2026-08-03 01:00:00
300.0,4.0,5.0,1.1,7.0,,,1027.2,18.9,14.2,,,0.2,,2026-08-03 02:00:00
320.0,4.0,4.0,1.0,8.0,,,1027.3,18.7,14.1,,,0.4,,2026-08-03 03:00:00
310.0,4.0,4.0,1.0,8.0,,,1027.4,18.1,14.0,,,0.3,,2026-08-03 04:00:00
310.0,4.0,4.0,1.0,7.0,,,1027.7,17.9,13.9,,,0.5,,2026-08-03 05:00:00
310.0,4.0,5.0,1.0,7.0,,,1027.8,17.1,13.8,,,0.5,,2026-08-03 06:00:00
300.0,5.0,5.0,1.1,7.0,,,1027.5,17.0,13.8,,,0.1,,2026-08-03 07:00:00
300.0,4.0,5.0,1.0,6.0,,,1027.4,17.0,13.7,,,-0.3,,2026-08-03 08:00:00
320.0,4.0,5.0,1.1,7.0,,,1027.2,17.1,13.7,,,-0.6,,2026-08-03 09:00:00
350.0,4.0,5.0,1.0,6.0,,,1027.1,17.2,13.6,,,-0.4,,2026-08-03 10:00:00
330.0,4.0,5.0,1.0,6.0,,,1027.1,17.2,13.7,,,-0.3,,2026-08-03 11:00:00
320.0,4.0,5.0,0.9,6.0,,,1027.0,17.0,13.7,,,-0.2,,2026-08-03 12:00:00
330.0,5.0,6.0,0.9,6.0,,,1026.9,17.1,13.7,,,-0.2,,2026-08-03 13:00:00
340.0,5.0,5.0,0.8,6.0,,,1027.2,17.0,13.6,,,0.1,,2026-08-03 14:00:00
320.0,4.0,4.0,0.9,6.0,,,1027.6,16.9,13.6,,,0.6,,2026-08-03 15:00:00
340.0,5.0,7.0,0.8,7.0,,,1027.8,16.9,13.5,,,0.9,,2026-08-03 16:00:00
330.0,6.0,7.0,0.9,6.0,,,1027.6,16.9,13.5,,,0.4,,2026-08-03 17:00:00
320.0,6.0,8.0,1.0,6.0,,,1027.5,16.8,13.6,,,-0.1,,2026-08-03 18:00:00
340.0,6.0,7.0,1.0,6.0,,,1027.3,16.8,13.6,,,-0.5,,2026-08-03 19:00:00
330.0,5.0,7.0,1.1,6.0,,,1027.5,16.8,13.7,,,-0.1,,2026-08-03 20:00:00
320.0,6.0,7.0,1.1,6.0,,,1027.3,16.9,13.8,,,-0.2,,2026-08-03 21:00:00
310.0,6.0,7.0,1.1,6.0,,,1026.9,16.8,13.9,,,-0.4,,2026-08-03 22:00:00
310.0,6.0,8.0,1.1,6.0,,,1026.6,16.9,14.0,,,-0.9,,2026-08-03 23:00:00
300.0,6.0,7.0,1.0,5.0,,,1025.3,16.5,14.2,,,,,2026-08-04 01:00:00
330.0,6.0,7.0,0.9,5.0,,,1024.7,16.6,14.2,,,,,2026-08-04 02:00:00
330.0,6.0,7.0,0.8,6.0,,,1024.4,16.5,14.1,,,,,2026-08-04 03:00:00
330.0,7.0,7.0,0.8,6.0,,,1024.0,16.5,14.0,,,-1.3,,2026-08-04 04:00:00
320.0,7.0,8.0,0.9,5.0,,,1023.9,16.4,13.8,,,-0.8,,2026-08-04 05:00:00
320.0,7.0,8.0,1.0,5.0,,,1023.6,16.3,13.7,,,-0.8,,2026-08-04 06:00:00
330.0,7.0,8.0,1.0,5.0,,,1023.4,16.3,13.5,,,-0.6,,2026-08-04 07:00:00
320.0,6.0,7.0,1.0,5.0,,,1023.0,16.1,13.5,,,-0.9,,2026-08-04 08:00:00
320.0,7.0,9.0,1.0,5.0,,,1022.7,16.2,13.4,,,-0.9,,2026-08-04 09:00:00
320.0,7.0,9.0,1.1,5.0,,,1022.3,16.1,13.5,,,-1.1,,2026-08-04 10:00:00
310.0,7.0,8.0,1.1,5.0,,,1022.1,15.9,13.5,,,-0.9,,2026-08-04 11:00:00
320.0,7.0,8.0,1.1,5.0,,,1021.7,15.7,13.4,,,-1.0,,2026-08-04 12:00:00
320.0,8.0,9.0,1.2,5.0,,,1021.3,15.7,13.4,,,-1.0,,2026-08-04 13:00:00
320.0,8.0,9.0,1.3,5.0,,,1021.3,15.6,13.3,,,-0.8,,2026-08-04 14:00:00
330.0,8.0,10.0,1.4,6.0,,,1021.6,15.3,13.2,,,-0.1,,2026-08-04 15:00:00
330.0,8.0,10.0,1.4,6.0,,,1021.8,15.0,13.2,,,0.5,,2026-08-04 16:00:00
330.0,8.0,9.0,1.3,6.0,,,1022.0,15.2,13.1,,,0.7,,2026-08-04 17:00:00
340.0,8.0,9.0,1.5,6.0,,,1021.9,15.4,13.1,,,0.3,,2026-08-04 18:00:00
330.0,8.0,9.0,1.4,6.0,,,1022.1,15.5,13.3,,,0.3,,2026-08-04 19:00:00
330.0,7.0,9.0,1.6,6.0,,,1022.1,15.5,13.5,,,0.1,,2026-08-04 20:00:00
320.0,8.0,10.0,1.5,6.0,,,1022.0,15.6,13.5,,,0.1,,2026-08-04 21:00:00
320.0,9.0,11.0,1.6,6.0,,,1021.6,15.7,14.0,,,-0.5,,2026-08-04 22:00:00
310.0,7.0,9.0,1.7,6.0,,,1021.4,16.4,14.1,,,-0.7,,2026-08-04 23:00:00
310.0,7.0,9.0,1.7,6.0,,,1020.9,16.7,14.1,,,-1.1,,2026-08-05 00:00:00
310.0,7.0,9.0,1.7,6.0,,,1020.6,17.0,14.2,,,-1.0,,2026-08-05 01:00:00
320.0,7.0,9.0,1.5,7.0,,,1020.0,17.2,14.1,,,-1.4,,2026-08-05 02:00:00
310.0,6.0,7.0,1.4,6.0,,,1019.7,17.4,14.2,,,-1.2,,2026-08-05 03:00:00
300.0,7.0,8.0,1.4,7.0,,,1019.7,17.2,14.2,,,-0.9,,2026-08-05 04:00:00
310.0,7.0,8.0,1.3,6.0,,,1019.7,17.4,14.2,,,-0.3,,2026-08-05 05:00:00
310.0,7.0,9.0,1.3,6.0,,,1019.4,17.4,14.1,,,-0.3,,2026-08-05 06:00:00
330.0,8.0,9.0,1.3,6.0,,,1019.1,17.6,14.2,,,-0.6,,2026-08-05 07:00:00
330.0,8.0,9.0,1.4,6.0,,,1019.1,17.8,14.2,,,-0.6,,2026-08-05 08:00:00
320.0,7.0,9.0,1.5,6.0,,,1019.0,17.3,14.1,,,-0.4,,2026-08-05 09:00:00
320.0,8.0,10.0,1.5,6.0,,,1018.7,17.0,14.1,,,-0.4,,2026-08-05 10:00:00
320.0,8.0,11.0,1.5,6.0,,,1018.5,16.5,14.1,,,-0.6,,2026-08-05 11:00:00
310.0,9.0,11.0,1.6,6.0,,,1018.3,16.1,14.1,,,-0.7,,2026-08-05 12:00:00
320.0,9.0,11.0,1.7,6.0,,,1018.0,16.6,14.0,,,-0.7,,2026-08-05 13:00:00
320.0,9.0,11.0,1.8,6.0,,,1018.2,16.5,14.0,,,-0.3,,2026-08-05 14:00:00
320.0,9.0,11.0,1.9,6.0,,,1018.2,16.1,14.0,,,-0.1,,2026-08-05 15:00:00
330.0,9.0,11.0,1.9,6.0,,,1018.5,16.0,13.9,,,0.5,,2026-08-05 16:00:00
330.0,9.0,11.0,2.0,7.0,,,1018.6,16.3,13.8,,,0.4,,2026-08-05 17:00:00
330.0,9.0,11.0,1.9,7.0,,,1018.6,16.2,13.8,,,0.4,,2026-08-05 18:00:00
330.0,8.0,10.0,1.8,7.0,,,1018.7,16.4,13.9,,,0.2,,2026-08-05 19:00:00
330.0,8.0,9.0,1.7,7.0,,,1018.7,16.8,13.9,,,0.1,,2026-08-05 20:00:00
320.0,8.0,10.0,1.7,7.0,,,1018.4,17.3,13.9,,,-0.2,,2026-08-05 21:00:00
320.0,7.0,10.0,1.4,6.0,,,1018.3,17.6,13.8,,,-0.4,,2026-08-05 22:00:00
310.0,7.0,8.0,1.5,6.0,,,1017.9,17.7,13.8,,,-0.8,,2026-08-05 23:00:00
310.0,7.0,8.0,1.5,6.0,,,1017.7,17.8,13.9,,,-0.7,,2026-08-06 00:00:00
310.0,7.0,9.0,1.6,6.0,,,1017.4,17.6,13.8,,,-0.9,,2026-08-06 01:00:00
310.0,7.0,9.0,1.7,6.0,,,1017.2,17.6,13.8,,,-0.7,,2026-08-06 02:00:00
310.0,7.0,8.0,1.5,6.0,,,1017.2,17.5,14.0,,,-0.5,,2026-08-06 03:00:00
310.0,6.0,7.0,1.5,6.0,,,1017.3,17.0,13.9,,,-0.1,,2026-08-06 04:00:00
300.0,6.0,7.0,1.2,6.0,,,1017.5,17.0,13.9,,,0.3,,2026-08-06 05:00:00
290.0,5.0,6.0,1.1,6.0,,,1017.7,16.9,13.6,,,0.5,,2026-08-06 06:00:00
290.0,6.0,6.0,,,,,1017.4,16.8,13.6,,,0.1,,2026-08-06 07:00:00
300.0,6.0,7.0,1.2,6.0,,,1017.4,16.9,13.4,,,-0.1,,2026-08-06 08:00:00
320.0,7.0,9.0,1.2,6.0,,,1017.2,16.7,13.2,,,-0.5,,2026-08-06 09:00:00
320.0,7.0,9.0,1.2,6.0,,,1017.3,16.4,13.2,,,-0.1,,2026-08-06 10:00:00
340.0,8.0,9.0,1.4,6.0,,,1017.4,15.8,13.1,,,-0.0,,2026-08-06 11:00:00
330.0,6.0,8.0,1.4,6.0,,,1017.7,15.7,13.1,,,0.5,,2026-08-06 12:00:00
330.0,5.0,6.0,1.3,6.0,,,1017.7,15.8,13.1,,,0.4,,2026-08-06 13:00:00
320.0,6.0,8.0,1.3,6.0,,,1017.7,15.8,13.0,,,0.3,,2026-08-06 14:00:00
330.0,7.0,9.0,1.3,6.0,,,1018.0,15.8,13.0,,,0.3,,2026-08-06 15:00:00
330.0,5.0,7.0,1.3,6.0,,,1018.4,15.8,13.0,,,0.7,,2026-08-06 16:00:00
320.0,5.0,7.0,1.3,6.0,,,1018.7,16.0,12.8,,,1.0,,2026-08-06 17:00:00
340.0,5.0,6.0,1.3,6.0,,,1018.9,16.1,12.7,,,0.9,,2026-08-06 18:00:00
350.0,4.0,6.0,1.2,6.0,,,1019.0,16.1,12.7,,,0.6,,2026-08-06 19:00:00
330.0,3.0,4.0,1.2,6.0,,,1019.5,16.2,12.8,,,0.8,,2026-08-06 20:00:00
310.0,4.0,5.0,1.1,6.0,,,1019.5,16.5,12.8,,,0.6,,2026-08-06 21:00:00
310.0,4.0,6.0,1.0,6.0,,,1019.8,16.9,13.0,,,0.8,,2026-08-06 22:00:00
310.0,5.0,7.0,1.0,6.0,,,1019.6,17.2,13.1,,,0.1,,2026-08-06 23:00:00
320.0,5.0,6.0,1.0,6.0,,,1019.3,17.3,13.1,,,-0.2,,2026-08-07 00:00:00
300.0,4.0,5.0,0.9,6.0,,,1019.2,17.3,13.2,,,-0.6,,2026-08-07 01:00:00
300.0,5.0,5.0,0.9,6.0,,,1019.0,17.1,13.2,,,-0.6,,2026-08-07 02:00:00
280.0,5.0,6.0,0.9,5.0,,,1019.3,17.2,13.1,,,-0.0,,2026-08-07 03:00:00
300.0,5.0,6.0,0.8,6.0,,,1019.2,17.2,12.9,,,-0.0,,2026-08-07 04:00:00
310.0,4.0,4.0,0.8,6.0,,,1019.6,17.3,12.9,,,0.6,,2026-08-07 05:00:00
330.0,3.0,4.0,0.7,6.0,,,1019.7,17.3,12.9,,,0.4,,2026-08-07 06:00:00
300.0,5.0,6.0,0.7,6.0,,,1019.2,17.2,12.8,,,0.0,,2026-08-07 07:00:00
290.0,2.0,2.0,0.6,6.0,,,1019.3,17.2,12.8,,,-0.3,,2026-08-07 08:00:00
290.0,4.0,5.0,0.6,6.0,,,1019.3,17.4,12.8,,,-0.4,,2026-08-07 09:00:00
290.0,6.0,7.0,0.6,6.0,,,1019.4,17.7,12.8,,,0.2,,2026-08-07 10:00:00
310.0,6.0,7.0,0.6,6.0,,,1019.0,17.8,12.7,,,-0.3,,2026-08-07 11:00:00
310.0,4.0,5.0,0.7,5.0,,,1019.6,17.7,12.7,,,0.3,,2026-08-07 12:00:00
320.0,4.0,5.0,0.7,5.0,,,1019.7,17.7,12.8,,,0.3,,2026-08-07 13:00:00
320.0,2.0,3.0,0.7,5.0,,,1020.1,18.0,12.9,,,1.1,,2026-08-07 14:00:00
310.0,4.0,5.0,0.7,5.0,,,1020.5,18.3,13.0,,,0.9,,2026-08-07 15:00:00
310.0,4.0,4.0,0.7,5.0,,,1020.5,18.3,13.0,,,0.8,,2026-08-07 16:00:00
310.0,4.0,5.0,0.7,5.0,,,1020.7,18.2,13.1,,,0.6,,2026-08-07 17:00:00
320.0,4.0,4.0,0.7,5.0,,,1021.2,18.2,13.3,,,0.7,,2026-08-07 18:00:00
300.0,4.0,4.0,0.7,5.0,,,1021.5,18.3,13.5,,,1.0,,2026-08-07 19:00:00
300.0,4.0,5.0,0.6,6.0,,,1021.6,18.3,13.8,,,0.9,,2026-08-07 20:00:00
300.0,4.0,5.0,0.6,6.0,,,1021.8,18.4,13.8,,,0.6,,2026-08-07 21:00:00
310.0,4.0,5.0,0.6,5.0,,,1022.2,18.7,14.0,,,0.7,,2026-08-07 22:00:00
300.0,5.0,6.0,0.6,6.0,,,1022.0,18.8,14.0,,,0.4,,2026-08-07 23:00:00
300.0,6.0,7.0,0.6,5.0,,,1021.8,18.9,14.0,,,0.0,,2026-08-08 00:00:00
300.0,6.0,7.0,0.6,5.0,,,1021.4,18.9,13.9,,,-0.8,,2026-08-08 01:00:00
300.0,6.0,7.0,0.7,5.0,,,1021.3,19.0,13.9,,,-0.7,,2026-08-08 02:00:00
300.0,6.0,7.0,0.7,5.0,,,1021.0,18.9,13.8,,,-0.8,,2026-08-08 03:00:00
300.0,6.0,7.0,0.7,5.0,,,1021.0,18.4,13.6,,,-0.4,,2026-08-08 04:00:00
300.0,4.0,5.0,0.6,5.0,,,1021.3,18.2,13.7,,,-0.0,,2026-08-08 05:00:00
290.0,5.0,6.0,0.6,5.0,,,1021.2,18.2,13.6,,,0.2,,2026-08-08 06:00:00
290.0,6.0,7.0,0.6,5.0,,,1021.2,18.2,13.6,,,0.2,,2026-08-08 07:00:00
290.0,5.0,6.0,0.6,6.0,,,1021.4,18.2,13.4,,,0.1,,2026-08-08 08:00:00
310.0,4.0,5.0,0.6,5.0,,,1021.1,18.1,13.6,,,-0.1,,2026-08-08 09:00:00
310.0,3.0,4.0,0.6,7.0,,,1021.2,18.2,13.7,,,0.0,,2026-08-08 10:00:00
280.0,2.0,3.0,0.6,7.0,,,1021.1,18.0,13.6,,,-0.3,,2026-08-08 11:00:00
280.0,3.0,4.0,0.7,7.0,,,1021.1,18.2,13.5,,,0.0,,2026-08-08 12:00:00
290.0,4.0,4.0,0.7,7.0,,,1020.9,18.2,13.5,,,-0.3,,2026-08-08 13:00:00
290.0,4.0,5.0,0.7,7.0,,,1020.9,18.5,13.4,,,-0.2,,2026-08-08 14:00:00
300.0,5.0,6.0,0.6,6.0,,,1022.2,18.8,14.0,,,,,2026-08-08 22:00:00
290.0,6.0,6.0,0.6,6.0,,,1022.3,19.0,14.3,,,0.6,,2026-08-08 23:00:00
300.0,5.0,6.0,0.7,7.0,,,1021.8,19.2,14.4,,,,,2026-08-09 01:00:00
300.0,4.0,5.0,0.7,7.0,,,1021.6,19.5,14.6,,,,,2026-08-09 02:00:00
290.0,5.0,6.0,0.6,6.0,,,1021.4,19.2,14.7,,,,,2026-08-09 03:00:00
290.0,5.0,5.0,0.6,6.0,,,1021.3,18.7,14.5,,,-0.5,,2026-08-09 04:00:00
280.0,4.0,5.0,0.6,6.0,,,1021.3,18.4,14.5,,,-0.3,,2026-08-09 05:00:00
280.0,4.0,4.0,0.6,6.0,,,1021.3,18.3,14.6,,,-0.1,,2026-08-09 06:00:00
290.0,4.0,5.0,0.6,6.0,,,1021.2,18.3,14.8,,,-0.1,,2026-08-09 07:00:00
290.0,4.0,5.0,0.6,5.0,,,1021.4,18.2,14.7,,,0.1,,2026-08-09 08:00:00
300.0,3.0,3.0,0.6,6.0,,,1021.4,18.2,14.5,,,0.1,,2026-08-09 09:00:00
290.0,3.0,3.0,0.6,6.0,,,1021.4,18.2,14.3,,,0.2,,2026-08-09 10:00:00
300.0,3.0,3.0,0.6,6.0,,,1021.2,18.2,14.3,,,-0.2,,2026-08-09 11:00:00
290.0,2.0,3.0,0.6,7.0,,,1021.1,18.2,14.3,,,,,2026-08-09 12:00:00
310.0,2.0,3.0,0.6,7.0,,,1021.0,18.2,14.2,,,,,2026-08-09 13:00:00
310.0,3.0,5.0,0.7,6.0,,,1021.1,18.4,14.2,,,,,2026-08-09 14:00:00
330.0,5.0,6.0,0.8,6.0,,,1021.0,18.5,14.1,,,-0.1,,2026-08-09 15:00:00
320.0,5.0,6.0,0.8,5.0,,,1020.9,18.1,14.1,,,-0.1,,2026-08-09 16:00:00
310.0,5.0,7.0,0.8,5.0,,,1021.1,17.8,14.1,,,-0.0,,2026-08-09 17:00:00
320.0,6.0,6.0,0.9,5.0,,,1021.0,18.0,14.1,,,0.0,,2026-08-09 18:00:00
330.0,6.0,7.0,0.8,5.0,,,1021.2,18.0,14.1,,,0.3,,2026-08-09 19:00:00
330.0,6.0,7.0,0.8,5.0,,,1021.1,17.9,14.3,,,,,2026-08-09 20:00:00
320.0,6.0,8.0,0.8,5.0,,,1021.0,17.9,14.3,,,,,2026-08-09 21:00:00
310.0,5.0,6.0,0.7,5.0,,,1021.1,17.8,14.2,,,,,2026-08-09 22:00:00
310.0,5.0,6.0,0.7,6.0,,,1020.8,17.9,14.2,,,-0.3,,2026-08-09 23:00:00
320.0,4.0,5.0,0.7,6.0,,,1020.5,18.2,14.3,,,-0.5,,2026-08-10 00:00:00
310.0,3.0,3.0,0.7,6.0,,,1020.2,18.5,14.3,,,-0.9,,2026-08-10 01:00:00
290.0,3.0,3.0,0.6,6.0,,,1020.1,18.5,14.2,,,-0.7,,2026-08-10 02:00:00
320.0,3.0,3.0,0.7,7.0,,,1019.8,18.7,14.0,,,-0.7,,2026-08-10 03:00:00
290.0,3.0,3.0,0.7,6.0,,,1019.8,18.7,14.0,,,-0.4,,2026-08-10 04:00:00
280.0,2.0,3.0,0.6,6.0,,,1019.9,18.6,13.9,,,-0.2,,2026-08-10 05:00:00
250.0,2.0,2.0,0.6,6.0,,,1019.8,18.3,13.8,,,0.0,,2026-08-10 06:00:00
270.0,3.0,3.0,0.5,6.0,,,1019.7,18.6,14.0,,,-0.1,,2026-08-10 07:00:00
260.0,1.0,2.0,0.5,8.0,,,1019.6,18.6,14.2,,,-0.3,,2026-08-10 08:00:00
280.0,2.0,2.0,0.5,8.0,,,1019.5,18.6,14.1,,,-0.3,,2026-08-10 09:00:00
310.0,2.0,2.0,0.5,9.0,,,1019.4,18.5,14.0,,,-0.3,,2026-08-10 10:00:00
290.0,3.0,3.0,0.5,8.0,,,1019.4,18.4,13.7,,,-0.2,,2026-08-10 11:00:00
290.0,2.0,3.0,0.5,8.0,,,1019.5,18.5,13.8,,,-0.0,,2026-08-10 12:00:00
320.0,1.0,1.0,0.5,9.0,,,1019.2,18.5,13.9,,,-0.2,,2026-08-10 13:00:00
280.0,0.0,1.0,0.5,8.0,,,1019.5,18.7,14.0,,,0.1,,2026-08-10 14:00:00
190.0,1.0,1.0,0.5,8.0,,,1019.6,18.8,13.9,,,0.1,,2026-08-10 15:00:00
190.0,1.0,1.0,0.5,8.0,,,1019.7,19.1,13.9,,,0.5,,2026-08-10 16:00:00
200.0,2.0,2.0,0.6,7.0,,,1019.8,19.3,13.9,,,0.3,,2026-08-10 17:00:00
210.0,2.0,2.0,0.5,7.0,,,1019.9,19.2,14.3,,,0.3,,2026-08-10 18:00:00
200.0,2.0,3.0,0.5,8.0,,,1020.1,19.5,14.9,,,0.4,,2026-08-10 19:00:00
210.0,2.0,3.0,0.5,8.0,,,1020.3,19.3,14.3,,,0.5,,2026-08-10 20:00:00
210.0,2.0,3.0,0.5,9.0,,,1020.5,19.5,14.8,,,0.6,,2026-08-10 21:00:00
200.0,2.0,3.0,0.5,11.0,,,1020.7,19.6,15.0,,,0.6,,2026-08-10 22:00:00
210.0,1.0,2.0,0.4,10.0,,,1020.7,19.9,15.3,,,0.4,,2026-08-10 23:00:00
230.0,1.0,1.0,0.4,10.0,,,1020.6,20.0,15.1,,,0.1,,2026-08-11 00:00:00
210.0,1.0,1.0,0.4,9.0,,,1020.5,19.7,15.2,,,-0.2,,2026-08-11 01:00:00
240.0,1.0,1.0,0.4,10.0,,,1020.7,19.5,15.3,,,-0.0,,2026-08-11 02:00:00
280.0,0.0,1.0,0.4,10.0,,,1020.5,19.4,15.4,,,-0.1,,2026-08-11 03:00:00
240.0,0.0,1.0,0.4,10.0,,,1020.5,19.2,15.2,,,0.0,,2026-08-11 04:00:00
30.0,2.0,2.0,0.4,10.0,,,1020.7,19.1,14.8,,,-0.0,,2026-08-11 05:00:00
20.0,0.0,1.0,0.5,10.0,,,1020.8,19.2,14.6,,,0.3,,2026-08-11 06:00:00
20.0,2.0,2.0,0.4,11.0,,,1020.6,19.0,14.4,,,0.1,,2026-08-11 07:00:00
30.0,2.0,2.0,0.4,10.0,,,1020.5,19.2,15.3,,,-0.2,,2026-08-11 08:00:00
20.0,2.0,3.0,0.4,11.0,,,1020.5,19.2,14.9,,,-0.3,,2026-08-11 09:00:00
10.0,2.0,2.0,0.4,12.0,,,1020.6,19.2,14.9,,,-0.0,,2026-08-11 10:00:00
0.0,3.0,4.0,0.4,11.0,,,1020.6,19.1,14.8,,,0.1,,2026-08-11 11:00:00
10.0,3.0,4.0,0.4,10.0,,,1020.8,18.5,15.0,,,0.3,,2026-08-11 12:00:00
20.0,3.0,4.0,0.5,10.0,,,1020.9,17.9,15.2,,,0.3,,2026-08-11 13:00:00
10.0,2.0,3.0,0.5,10.0,,,1021.0,18.2,15.2,,,0.4,,2026-08-11 14:00:00
340.0,3.0,3.0,0.5,10.0,,,1021.0,18.7,15.3,,,0.2,,2026-08-11 15:00:00
340.0,3.0,4.0,0.5,8.0,,,1021.1,19.4,15.1,,,0.2,,2026-08-11 16:00:00
340.0,4.0,5.0,0.5,7.0,,,1021.3,19.4,15.2,,,0.3,,2026-08-11 17:00:00
330.0,3.0,4.0,0.6,7.0,,,1021.6,18.4,15.1,,,0.6,,2026-08-11 18:00:00
330.0,4.0,4.0,0.6,7.0,,,1021.7,18.5,15.2,,,0.6,,2026-08-11 19:00:00
330.0,4.0,5.0,0.5,7.0,,,1021.8,18.6,15.5,,,0.5,,2026-08-11 20:00:00
310.0,4.0,5.0,0.5,7.0,,,1021.9,19.1,15.5,,,0.3,,2026-08-11 21:00:00
330.0,6.0,7.0,0.5,7.0,,,1021.7,20.0,15.5,,,0.0,,2026-08-11 22:00:00
320.0,5.0,6.0,0.5,5.0,,,1021.9,20.3,15.7,,,0.1,,2026-08-11 23:00:00
320.0,6.0,7.0,0.5,5.0,,,1021.7,20.3,14.8,,,-0.2,,2026-08-12 00:00:00
310.0,7.0,8.0,0.6,5.0,,,1021.5,20.3,15.6,,,-0.2,,2026-08-12 01:00:00
310.0,7.0,8.0,0.6,5.0,,,1021.3,20.2,15.4,,,-0.6,,2026-08-12 02:00:00
320.0,6.0,8.0,0.7,5.0,,,1021.2,19.8,15.0,,,-0.5,,2026-08-12 03:00:00
330.0,5.0,6.0,0.7,5.0,,,1021.5,19.6,14.9,,,-0.0,,2026-08-12 04:00:00
320.0,4.0,5.0,0.8,5.0,,,1021.5,19.4,14.3,,,0.2,,2026-08-12 05:00:00
300.0,4.0,5.0,0.8,5.0,,,1021.3,19.1,14.7,,,0.1,,2026-08-12 06:00:00
290.0,5.0,5.0,0.8,5.0,,,1021.0,19.0,14.8,,,-0.5,,2026-08-12 07:00:00
300.0,6.0,7.0,0.8,5.0,,,1020.5,19.0,15.0,,,-1.0,,2026-08-12 08:00:00
300.0,6.0,7.0,0.8,5.0,,,1020.3,19.0,14.6,,,-1.0,,2026-08-12 09:00:00
300.0,6.0,7.0,0.7,4.0,,,1020.0,19.0,14.5,,,-1.0,,2026-08-12 10:00:00
310.0,7.0,8.0,0.7,4.0,,,1020.1,18.9,14.4,,,-0.4,,2026-08-12 11:00:00
320.0,8.0,10.0,0.8,5.0,,,1019.8,18.8,14.6,,,-0.5,,2026-08-12 12:00:00
320.0,7.0,9.0,0.8,5.0,,,1019.7,18.6,14.6,,,-0.3,,2026-08-12 13:00:00
320.0,8.0,9.0,0.9,5.0,,,1019.9,18.7,14.5,,,-0.2,,2026-08-12 14:00:00
320.0,8.0,9.0,1.0,5.0,,,1020.0,18.7,14.7,,,0.2,,2026-08-12 15:00:00
320.0,8.0,9.0,1.0,5.0,,,1019.9,18.6,14.7,,,0.2,,2026-08-12 16:00:00
320.0,7.0,9.0,1.1,6.0,,,1019.7,18.5,14.8,,,-0.2,,2026-08-12 17:00:00
320.0,7.0,9.0,1.3,5.0,,,1019.6,18.4,14.9,,,-0.4,,2026-08-12 18:00:00
320.0,7.0,8.0,1.4,5.0,,,1019.3,18.3,14.9,,,-0.6,,2026-08-12 19:00:00
320.0,8.0,9.0,1.3,5.0,,,1018.8,18.2,15.2,,,-0.9,,2026-08-12 20:00:00
310.0,7.0,8.0,1.2,5.0,,,1018.6,18.3,15.5,,,-1.0,,2026-08-12 21:00:00
310.0,7.0,9.0,1.2,5.0,,,1018.3,18.5,15.5,,,-1.0,,2026-08-12 22:00:00
310.0,8.0,9.0,1.2,5.0,,,1018.0,18.5,15.6,,,-0.8,,2026-08-12 23:00:00
300.0,8.0,9.0,1.2,6.0,,,1017.6,18.7,15.6,,,-1.0,,2026-08-13 00:00:00
300.0,8.0,9.0,1.2,6.0,,,1017.2,18.8,15.7,,,-1.1,,2026-08-13 01:00:00
300.0,8.0,9.0,1.3,6.0,,,1016.8,18.9,15.9,,,-1.2,,2026-08-13 02:00:00
310.0,7.0,9.0,1.4,6.0,,,1016.4,19.1,15.6,,,-1.2,,2026-08-13 03:00:00
310.0,6.0,7.0,1.3,6.0,,,1016.6,19.0,15.7,,,-0.6,,2026-08-13 04:00:00
290.0,6.0,7.0,1.4,6.0,,,1016.3,18.8,15.8,,,-0.5,,2026-08-13 05:00:00
290.0,7.0,8.0,1.3,6.0,,,1015.7,18.8,15.7,,,-0.7,,2026-08-13 06:00:00
300.0,7.0,9.0,1.4,6.0,,,1015.1,18.7,15.7,,,-1.5,,2026-08-13 07:00:00
300.0,8.0,9.0,1.4,5.0,,,1014.6,18.4,15.5,,,-1.7,,2026-08-13 08:00:00
310.0,7.0,9.0,1.3,5.0,,,1014.2,18.3,15.4,,,-1.5,,2026-08-13 09:00:00
310.0,7.0,8.0,1.2,6.0,,,1014.0,18.1,15.3,,,-1.1,,2026-08-13 10:00:00
310.0,6.0,8.0,1.1,5.0,,,1013.9,17.8,15.3,,,-0.7,,2026-08-13 11:00:00
320.0,5.0,6.0,1.0,6.0,,,1014.0,17.7,15.3,,,-0.2,,2026-08-13 12:00:00
330.0,5.0,6.0,1.2,6.0,,,1013.9,17.6,15.5,,,-0.1,,2026-08-13 13:00:00
350.0,3.0,5.0,1.3,6.0,,,1014.1,17.5,15.5,,,0.2,,2026-08-13 14:00:00
350.0,2.0,3.0,1.4,7.0,,,1014.1,17.3,15.5,,,0.1,,2026-08-13 15:00:00
40.0,2.0,3.0,1.3,6.0,,,1014.0,17.1,15.6,,,0.1,,2026-08-13 16:00:00
90.0,3.0,4.0,1.1,6.0,,,1013.7,16.8,15.6,,,-0.4,,2026-08-13 17:00:00
100.0,3.0,4.0,1.1,6.0,,,1013.2,16.5,15.6,,,-0.9,,2026-08-13 18:00:00
130.0,3.0,4.0,1.1,6.0,,,1013.2,16.7,15.7,,,-0.8,,2026-08-13 19:00:00
140.0,1.0,2.0,1.2,6.0,,,1012.8,17.0,15.7,,,-0.9,,2026-08-13 20:00:00
30.0,1.0,2.0,1.2,6.0,,,1012.4,16.9,15.8,,,-0.8,,2026-08-13 21:00:00
320.0,1.0,2.0,1.1,6.0,,,1012.4,16.6,15.8,,,-0.8,,2026-08-13 22:00:00
310.0,2.0,3.0,0.9,6.0,,,1012.2,16.9,16.0,,,-0.6,,2026-08-13 23:00:00
300.0,3.0,4.0,0.9,7.0,,,1012.2,16.7,16.0,,,-0.2,,2026-08-14 00:00:00
310.0,2.0,3.0,0.9,7.0,,,1011.8,16.9,15.9,,,-0.6,,2026-08-14 01:00:00
280.0,2.0,3.0,0.8,7.0,,,1011.7,17.0,16.2,,,-0.5,,2026-08-14 02:00:00
250.0,3.0,3.0,0.8,7.0,,,1011.5,17.0,16.0,,,-0.7,,2026-08-14 03:00:00
250.0,3.0,3.0,0.8,8.0,,,1011.3,18.2,15.9,,,-0.5,,2026-08-14 04:00:00
260.0,3.0,4.0,0.8,7.0,,,1011.2,18.6,16.0,,,-0.5,,2026-08-14 05:00:00
270.0,4.0,4.0,0.9,7.0,,,1010.9,18.6,15.7,,,-0.6,,2026-08-14 06:00:00
270.0,3.0,4.0,0.9,7.0,,,1010.9,18.6,15.7,,,-0.4,,2026-08-14 07:00:00
270.0,3.0,4.0,0.8,6.0,,,1010.8,18.6,15.7,,,-0.4,,2026-08-14 08:00:00
290.0,3.0,4.0,0.9,6.0,,,1010.8,18.3,15.7,,,-0.1,,2026-08-14 09:00:00
350.0,2.0,2.0,0.9,6.0,,,1011.0,18.2,15.7,,,0.1,,2026-08-14 10:00:00
110.0,1.0,1.0,0.8,6.0,,,1011.0,18.0,15.4,,,0.2,,2026-08-14 11:00:00
110.0,4.0,5.0,0.7,6.0,,,1011.3,16.5,15.4,,,0.5,,2026-08-14 12:00:00
110.0,6.0,6.0,0.7,5.0,,,1011.6,16.7,15.5,,,0.6,,2026-08-14 13:00:00
140.0,5.0,6.0,0.7,7.0,,,1011.9,17.2,15.5,,,0.9,,2026-08-14 14:00:00
150.0,6.0,7.0,0.8,7.0,,,1012.7,16.4,15.6,,,1.4,,2026-08-14 15:00:00
150.0,7.0,8.0,0.9,6.0,,,1013.2,16.4,15.5,,,1.6,,2026-08-14 16:00:00
160.0,7.0,8.0,0.9,6.0,,,1013.8,16.5,15.5,,,1.9,,2026-08-14 17:00:00
180.0,7.0,8.0,0.9,5.0,,,1013.7,16.5,15.4,,,1.0,,2026-08-14 18:00:00
190.0,9.0,10.0,1.0,5.0,,,1013.8,16.5,15.3,,,0.6,,2026-08-14 19:00:00
190.0,5.0,6.0,0.9,5.0,,,1014.5,16.3,15.3,,,0.7,,2026-08-14 20:00:00
210.0,5.0,6.0,0.9,5.0,,,1015.0,16.4,15.2,,,1.3,,2026-08-14 21:00:00
210.0,7.0,8.0,0.8,5.0,,,1014.8,16.4,15.2,,,1.0,,2026-08-14 22:00:00
210.0,7.0,8.0,0.8,5.0,,,1014.8,16.1,14.9,,,0.3,,2026-08-14 23:00:00
210.0,5.0,7.0,0.8,5.0,,,1015.5,16.3,14.9,,,0.5,,2026-08-15 00:00:00
210.0,3.0,4.0,0.8,6.0,,,1016.2,16.5,15.0,,,1.4,,2026-08-15 01:00:00
210.0,6.0,7.0,0.7,6.0,,,1015.7,16.5,15.3,,,0.9,,2026-08-15 02:00:00
200.0,6.0,8.0,0.8,6.0,,,1015.7,16.6,15.4,,,0.2,,2026-08-15 03:00:00
190.0,3.0,4.0,0.7,7.0,,,1016.6,16.5,15.1,,,0.4,,2026-08-15 04:00:00
170.0,4.0,6.0,0.6,7.0,,,1017.3,16.5,15.0,,,1.6,,2026-08-15 05:00:00
180.0,4.0,6.0,0.7,7.0,,,1017.3,16.7,15.1,,,1.6,,2026-08-15 06:00:00
200.0,4.0,5.0,0.7,6.0,,,1017.6,16.5,15.1,,,1.0,,2026-08-15 07:00:00
210.0,5.0,6.0,0.8,6.0,,,1017.8,16.5,15.1,,,0.5,,2026-08-15 08:00:00
210.0,4.0,5.0,0.7,6.0,,,1017.7,16.4,15.1,,,0.4,,2026-08-15 09:00:00
190.0,4.0,6.0,0.7,6.0,,,1017.8,16.2,15.0,,,0.2,,2026-08-15 10:00:00
190.0,4.0,5.0,0.6,7.0,,,1017.9,16.1,15.0,,,0.1,,2026-08-15 11:00:00
200.0,4.0,6.0,0.6,7.0,,,1018.1,16.1,15.2,,,0.4,,2026-08-15 12:00:00
190.0,3.0,5.0,0.6,9.0,,,1018.7,16.0,15.2,,,0.9,,2026-08-15 13:00:00
190.0,3.0,4.0,0.6,9.0,,,1019.3,15.8,15.0,,,1.4,,2026-08-15 14:00:00
180.0,1.0,2.0,0.6,9.0,,,1020.1,15.8,15.0,,,2.0,,2026-08-15 15:00:00
170.0,3.0,3.0,0.7,9.0,,,1020.5,15.8,15.0,,,1.8,,2026-08-15 16:00:00
180.0,3.0,3.0,0.7,10.0,,,1020.8,15.9,15.0,,,1.5,,2026-08-15 17:00:00
170.0,3.0,4.0,0.7,9.0,,,1021.0,15.8,15.0,,,0.9,,2026-08-15 18:00:00
180.0,3.0,3.0,0.8,9.0,,,1021.2,16.0,15.1,,,0.7,,2026-08-15 19:00:00
180.0,2.0,3.0,0.9,9.0,,,1021.3,16.2,15.2,,,0.5,,2026-08-15 20:00:00
200.0,2.0,3.0,0.9,9.0,,,1021.5,16.2,15.4,,,0.5,,2026-08-15 21:00:00
220.0,2.0,2.0,1.2,9.0,,,1021.5,16.2,15.4,,,0.3,,2026-08-15 22:00:00
230.0,3.0,3.0,0.9,9.0,,,1021.6,16.2,15.5,,,0.3,,2026-08-15 23:00:00
230.0,2.0,3.0,0.9,10.0,,,1021.4,16.2,15.5,,,-0.1,,2026-08-16 00:00:00
230.0,2.0,3.0,0.9,10.0,,,1021.7,16.1,15.6,,,0.2,,2026-08-16 01:00:00
210.0,2.0,3.0,0.9,10.0,,,1021.9,15.9,15.5,,,0.3,,2026-08-16 02:00:00
220.0,2.0,4.0,0.9,11.0,,,1022.1,16.0,15.4,,,0.7,,2026-08-16 03:00:00
260.0,2.0,3.0,0.9,11.0,,,1022.4,15.9,15.1,,,0.7,,2026-08-16 04:00:00
290.0,3.0,4.0,0.8,10.0,,,1022.6,15.7,15.1,,,0.7,,2026-08-16 05:00:00
320.0,2.0,3.0,0.9,10.0,,,1022.7,15.9,15.2,,,0.6,,2026-08-16 06:00:00
310.0,2.0,4.0,0.9,10.0,,,1022.7,15.7,15.2,,,0.3,,2026-08-16 07:00:00
350.0,2.0,3.0,0.9,9.0,,,1022.8,15.5,15.1,,,0.2,,2026-08-16 08:00:00
320.0,2.0,3.0,0.9,10.0,,,1023.3,15.2,14.9,,,0.6,,2026-08-16 09:00:00
330.0,2.0,3.0,0.9,9.0,,,1023.3,15.0,15.0,,,0.6,,2026-08-16 10:00:00
320.0,2.0,3.0,0.9,10.0,,,1023.4,15.0,15.0,,,0.6,,2026-08-16 11:00:00
330.0,2.0,4.0,0.8,9.0,,,1023.6,14.8,15.1,,,0.3,,2026-08-16 12:00:00
290.0,2.0,2.0,0.8,11.0,,,1023.9,14.9,15.1,,,0.6,,2026-08-16 13:00:00
330.0,3.0,4.0,0.8,12.0,,,1024.4,14.9,15.0,,,1.0,,2026-08-16 14:00:00
280.0,2.0,3.0,0.7,10.0,,,1024.7,14.9,14.9,,,1.1,,2026-08-16 15:00:00
290.0,2.0,3.0,0.8,11.0,,,1024.7,15.1,15.0,,,0.8,,2026-08-16 16:00:00
300.0,2.0,2.0,0.9,12.0,,,1025.0,14.9,15.0,,,0.6,,2026-08-16 17:00:00
290.0,1.0,2.0,0.9,13.0,,,1025.2,15.3,15.0,,,0.5,,2026-08-16 18:00:00
310.0,3.0,3.0,0.8,11.0,,,1025.3,15.2,15.0,,,0.6,,2026-08-16 19:00:00
270.0,2.0,3.0,0.9,12.0,,,1025.0,15.5,15.1,,,0.0,,2026-08-16 20:00:00
300.0,3.0,4.0,0.8,10.0,,,1024.9,15.5,15.3,,,-0.3,,2026-08-16 21:00:00
310.0,2.0,4.0,0.8,10.0,,,1024.6,15.5,15.3,,,-0.7,,2026-08-16 22:00:00
310.0,2.0,4.0,0.8,10.0,,,1024.2,15.6,15.2,,,-0.8,,2026-08-16 23:00:00
320.0,4.0,5.0,0.7,11.0,,,1024.0,15.5,15.0,,,-0.9,,2026-08-17 00:00:00
310.0,4.0,6.0,0.7,11.0,,,1023.9,15.2,15.1,,,-0.7,,2026-08-17 01:00:00
330.0,5.0,6.0,0.7,10.0,,,1023.6,15.6,15.1,,,-0.6,,2026-08-17 02:00:00
330.0,4.0,6.0,0.7,12.0,,,1023.4,15.6,15.1,,,-0.6,,2026-08-17 03:00:00
310.0,6.0,7.0,0.6,9.0,,,1023.7,15.7,14.9,,,-0.2,,2026-08-17 04:00:00
310.0,5.0,7.0,0.8,10.0,,,1023.9,15.6,14.9,,,0.3,,2026-08-17 05:00:00
310.0,5.0,6.0,0.7,10.0,,,1023.7,15.4,14.9,,,0.3,,2026-08-17 06:00:00
310.0,5.0,7.0,0.8,10.0,,,1023.7,15.4,14.9,,,0.0,,2026-08-17 07:00:00
310.0,5.0,6.0,0.8,8.0,,,1023.6,15.4,14.9,,,-0.3,,2026-08-17 08:00:00
330.0,4.0,5.0,0.8,10.0,,,1023.7,15.0,14.9,,,-0.0,,2026-08-17 09:00:00
340.0,4.0,5.0,1.0,8.0,,,1023.6,14.8,14.8,,,-0.1,,2026-08-17 10:00:00
340.0,4.0,6.0,0.9,8.0,,,1023.4,14.7,14.8,,,-0.2,,2026-08-17 11:00:00
320.0,4.0,5.0,0.9,8.0,,,1023.3,15.0,14.8,,,-0.4,,2026-08-17 12:00:00
320.0,4.0,5.0,0.9,7.0,,,1023.2,15.4,14.8,,,-0.4,,2026-08-17 13:00:00
310.0,4.0,5.0,0.8,8.0,,,1023.1,16.1,14.8,,,-0.3,,2026-08-17 14:00:00
300.0,4.0,5.0,0.7,9.0,,,1023.4,16.1,14.9,,,0.1,,2026-08-17 15:00:00
300.0,4.0,5.0,0.7,8.0,,,1023.3,16.6,14.9,,,0.1,,2026-08-17 16:00:00
270.0,3.0,4.0,0.8,10.0,,,1023.4,16.1,15.0,,,0.3,,2026-08-17 17:00:00
300.0,4.0,5.0,0.8,9.0,,,1023.5,16.8,15.0,,,0.1,,2026-08-17 18:00:00
300.0,5.0,6.0,1.0,10.0,,,1023.3,16.8,15.0,,,0.0,,2026-08-17 19:00:00
320.0,6.0,8.0,0.9,8.0,,,1023.2,16.5,15.0,,,-0.2,,2026-08-17 20:00:00
320.0,6.0,7.0,0.9,8.0,,,1023.1,16.8,15.1,,,-0.4,,2026-08-17 21:00:00
310.0,6.0,7.0,1.0,6.0,,,1023.0,16.8,15.1,,,-0.3,,2026-08-17 22:00:00
310.0,5.0,6.0,1.1,7.0,,,1023.0,16.8,15.1,,,-0.2,,2026-08-17 23:00:00
310.0,5.0,6.0,0.9,7.0,,,1022.6,16.9,15.0,,,-0.5,,2026-08-18 00:00:00
300.0,6.0,7.0,0.9,6.0,,,1022.5,17.0,15.2,,,-0.5,,2026-08-18 01:00:00
300.0,5.0,6.0,0.9,6.0,,,1022.2,17.0,15.2,,,-0.8,,2026-08-18 02:00:00
290.0,6.0,7.0,0.7,6.0,,,1022.0,17.0,15.1,,,-0.6,,2026-08-18 03:00:00
300.0,6.0,7.0,0.8,6.0,,,1022.1,17.0,15.1,,,-0.4,,2026-08-18 04:00:00
290.0,6.0,7.0,0.7,7.0,,,1021.9,17.0,15.0,,,-0.3,,2026-08-18 05:00:00
290.0,7.0,8.0,0.8,7.0,,,1021.8,16.8,15.0,,,-0.2,,2026-08-18 06:00:00
290.0,7.0,8.0,0.8,6.0,,,1021.6,16.0,14.9,,,-0.5,,2026-08-18 07:00:00
300.0,6.0,7.0,0.8,6.0,,,1021.5,16.5,15.0,,,-0.4,,2026-08-18 08:00:00
290.0,7.0,8.0,0.8,6.0,,,1021.2,15.7,14.9,,,-0.6,,2026-08-18 09:00:00
290.0,7.0,8.0,0.9,6.0,,,1021.0,15.4,15.0,,,-0.6,,2026-08-18 10:00:00
290.0,7.0,8.0,1.0,6.0,,,1021.0,15.3,14.9,,,-0.5,,2026-08-18 11:00:00
290.0,5.0,6.0,1.1,6.0,,,1021.1,15.4,14.8,,,-0.1,,2026-08-18 12:00:00
280.0,4.0,5.0,1.0,6.0,,,1020.9,15.6,14.9,,,-0.1,,2026-08-18 13:00:00
280.0,6.0,7.0,0.8,6.0,,,1021.2,15.9,14.9,,,0.2,,2026-08-18 14:00:00
290.0,5.0,6.0,0.8,7.0,,,1021.2,16.1,14.9,,,0.1,,2026-08-18 15:00:00
320.0,4.0,4.0,0.8,8.0,,,1021.4,16.5,14.9,,,0.5,,2026-08-18 16:00:00
310.0,3.0,3.0,0.8,9.0,,,1021.6,16.7,14.9,,,0.4,,2026-08-18 17:00:00
300.0,3.0,4.0,0.7,9.0,,,1022.0,16.9,15.1,,,0.8,,2026-08-18 18:00:00
300.0,3.0,4.0,0.8,10.0,,,1022.0,17.1,15.2,,,0.6,,2026-08-18 19:00:00
330.0,7.0,8.0,0.8,10.0,,,1021.8,16.6,15.2,,,0.2,,2026-08-18 20:00:00
330.0,5.0,6.0,1.0,10.0,,,1022.2,16.8,15.1,,,0.2,,2026-08-18 21:00:00
320.0,5.0,6.0,1.0,9.0,,,1022.3,16.8,15.2,,,0.3,,2026-08-18 22:00:00
300.0,5.0,6.0,0.9,7.0,,,1022.4,16.7,15.3,,,0.6,,2026-08-18 23:00:00
310.0,7.0,9.0,1.0,7.0,,,1022.0,16.8,15.3,,,,,2026-08-19 01:00:00
310.0,6.0,8.0,1.0,7.0,,,1021.9,17.0,15.3,,,,,2026-08-19 02:00:00
290.0,7.0,8.0,1.0,8.0,,,1021.6,16.7,15.3,,,,,2026-08-19 03:00:00
290.0,8.0,9.0,1.1,7.0,,,1021.7,16.5,15.2,,,-0.3,,2026-08-19 04:00:00
300.0,6.0,8.0,1.3,9.0,,,1022.1,16.3,15.0,,,0.2,,2026-08-19 05:00:00
320.0,7.0,9.0,1.3,8.0,,,1022.1,16.4,14.8,,,0.5,,2026-08-19 06:00:00
320.0,7.0,9.0,1.3,8.0,,,1022.2,16.2,14.7,,,0.5,,2026-08-19 07:00:00
320.0,7.0,9.0,1.6,8.0,,,1022.2,16.1,14.6,,,0.1,,2026-08-19 08:00:00
320.0,8.0,9.0,1.5,7.0,,,1021.7,15.9,14.1,,,-0.4,,2026-08-19 09:00:00
