WDIR,WSPD,GST,WVHT,DPD,APD,MWD,PRES,ATMP,WTMP,DEWP,VIS,PTDY,TIDE,datetime
350.0,8.0,10.0,,,,,1015.4,,17.3,,,-0.6,,2025-09-20 00:00:00
340.0,8.0,9.0,1.8,,6.0,284.0,1015.5,,17.3,,,,,2025-09-20 00:10:00
350.0,7.0,9.0,1.8,10.0,6.0,284.0,1015.4,,17.3,,,,,2025-09-20 00:20:00
350.0,8.0,10.0,,,,,1015.4,,17.3,,,,,2025-09-20 00:30:00
350.0,8.0,9.0,1.6,,5.8,293.0,1015.4,,17.3,,,,,2025-09-20 00:40:00
350.0,8.0,10.0,1.6,9.0,5.8,293.0,1015.4,,17.3,,,,,2025-09-20 00:50:00
350.0,7.0,8.0,,,,,1015.4,,17.3,,,0.0,,2025-09-20 01:00:00
340.0,8.0,9.0,1.7,,5.9,292.0,1015.4,,17.3,,,,,2025-09-20 01:10:00
330.0,8.0,9.0,1.7,10.0,5.9,292.0,1015.4,,17.3,,,,,2025-09-20 01:20:00
340.0,7.0,9.0,,,,,1015.4,,17.3,,,,,2025-09-20 01:30:00
340.0,7.0,9.0,,,,,1015.3,,17.3,,,,,2025-09-20 01:40:00
340.0,7.0,8.0,1.6,9.0,5.8,295.0,1015.3,,17.3,,,,,2025-09-20 01:50:00
350.0,7.0,9.0,,,,,1015.3,,17.3,,,0.0,,2025-09-20 02:00:00
350.0,7.0,9.0,1.5,,5.7,292.0,1015.4,,17.3,,,,,2025-09-20 02:10:00
330.0,7.0,9.0,1.5,10.0,5.7,292.0,1015.4,,17.3,,,,,2025-09-20 02:20:00
350.0,7.0,9.0,,,,,1015.4,,17.3,,,,,2025-09-20 02:30:00
340.0,6.0,8.0,1.5,,5.7,283.0,1015.4,,17.3,,,,,2025-09-20 02:40:00
340.0,6.0,9.0,1.5,9.0,5.7,283.0,1015.4,,17.3,,,,,2025-09-20 02:50:00
340.0,6.0,8.0,,,,,1015.4,,17.3,,,0.0,,2025-09-20 03:00:00
350.0,6.0,8.0,1.4,,5.6,302.0,1015.3,,17.3,,,,,2025-09-20 03:10:00
350.0,7.0,9.0,1.4,9.0,5.6,302.0,1015.4,,17.3,,,,,2025-09-20 03:20:00
340.0,6.0,8.0,,,,,1015.4,,17.3,,,,,2025-09-20 03:30:00
340.0,6.0,8.0,,,,,1015.5,,17.3,,,,,2025-09-20 03:40:00
340.0,6.0,9.0,1.6,9.0,6.1,288.0,1015.7,,17.3,,,,,2025-09-20 03:50:00
350.0,6.0,9.0,,,,,1015.7,,17.3,,,0.3,,2025-09-20 04:00:00
350.0,6.0,8.0,1.7,,6.4,292.0,1015.8,,17.3,,,,,2025-09-20 04:10:00
330.0,6.0,7.0,1.7,9.0,6.4,292.0,1015.7,,17.2,,,,,2025-09-20 04:20:00
350.0,6.0,7.0,,,,,1015.8,,17.3,,,,,2025-09-20 04:30:00
350.0,6.0,7.0,,,,,1015.8,,17.3,,,,,2025-09-20 04:40:00
340.0,6.0,8.0,1.6,10.0,6.4,280.0,1015.9,,17.2,,,,,2025-09-20 04:50:00
350.0,6.0,7.0,,,,,1015.9,,17.2,,,0.6,,2025-09-20 05:00:00
350.0,6.0,7.0,,,,,1015.9,,17.2,,,,,2025-09-20 05:10:00
350.0,6.0,7.0,1.5,9.0,6.2,283.0,1015.9,,17.2,,,,,2025-09-20 05:20:00
350.0,6.0,7.0,,,,,1015.9,,17.2,,,,,2025-09-20 05:30:00
360.0,5.0,6.0,1.6,,6.3,286.0,1015.8,,17.2,,,,,2025-09-20 05:40:00
360.0,5.0,6.0,1.6,8.0,6.3,286.0,1015.9,,17.2,,,,,2025-09-20 05:50:00
350.0,5.0,7.0,,,,,1015.9,,17.2,,,0.5,,2025-09-20 06:00:00
350.0,5.0,7.0,1.6,,6.4,280.0,1015.9,,17.2,,,,,2025-09-20 06:10:00
340.0,6.0,7.0,1.6,9.0,6.4,280.0,1015.8,,17.2,,,,,2025-09-20 06:20:00
340.0,6.0,7.0,,,,,1015.8,,17.2,,,,,2025-09-20 06:30:00
340.0,6.0,7.0,,,,,1015.8,,17.2,,,,,2025-09-20 06:40:00
350.0,5.0,6.0,1.9,9.0,6.8,285.0,1015.7,,17.2,,,,,2025-09-20 06:50:00
360.0,6.0,7.0,,,,,1015.8,,17.2,,,0.0,,2025-09-20 07:00:00
350.0,5.0,6.0,1.8,,7.0,296.0,1015.8,,17.2,,,,,2025-09-20 07:10:00
340.0,5.0,7.0,1.8,9.0,7.0,296.0,1015.8,,17.2,,,,,2025-09-20 07:20:00
340.0,5.0,6.0,,,,,1015.9,,17.2,,,,,2025-09-20 07:30:00
350.0,5.0,6.0,,,,,1015.9,,17.2,,,,,2025-09-20 07:40:00
340.0,5.0,6.0,1.7,9.0,6.9,275.0,1015.9,,17.2,,,,,2025-09-20 07:50:00
350.0,5.0,6.0,,,,,1015.9,,17.2,,,0.0,,2025-09-20 08:00:00
340.0,5.0,6.0,1.9,,7.2,282.0,1016.0,,17.2,,,,,2025-09-20 08:10:00
340.0,4.0,5.0,1.9,9.0,7.2,282.0,1016.0,,17.1,,,,,2025-09-20 08:20:00
340.0,5.0,6.0,,,,,1016.1,,17.1,,,,,2025-09-20 08:30:00
320.0,4.0,5.0,,,,,1016.1,,17.1,,,,,2025-09-20 08:40:00
340.0,4.0,6.0,1.9,9.0,7.1,274.0,1016.2,,17.1,,,,,2025-09-20 08:50:00
350.0,3.0,4.0,,,,,1016.2,,17.1,,,0.3,,2025-09-20 09:00:00
340.0,4.0,5.0,1.9,,7.2,277.0,1016.2,,17.1,,,,,2025-09-20 09:10:00
330.0,4.0,6.0,1.9,,7.2,277.0,1016.2,,17.1,,,,,2025-09-20 09:20:00
320.0,4.0,5.0,,,,,1016.2,,17.1,,,,,2025-09-20 09:30:00
340.0,3.0,4.0,1.8,,7.0,274.0,1016.2,,17.1,,,,,2025-09-20 09:40:00
320.0,3.0,4.0,1.8,8.0,7.0,274.0,1016.2,,17.1,,,,,2025-09-20 09:50:00
350.0,2.0,3.0,,,,,1016.1,,17.1,,,0.3,,2025-09-20 10:00:00
350.0,2.0,3.0,1.9,,7.2,282.0,1016.1,,17.1,,,,,2025-09-20 10:10:00
340.0,2.0,4.0,1.9,8.0,7.2,282.0,1016.1,,17.1,,,,,2025-09-20 10:20:00
340.0,2.0,3.0,,,,,1016.0,,17.1,,,,,2025-09-20 10:30:00
340.0,2.0,3.0,1.7,,6.8,271.0,1016.0,,17.2,,,,,2025-09-20 10:40:00
340.0,3.0,5.0,1.7,11.0,6.8,271.0,1016.0,,17.2,,,,,2025-09-20 10:50:00
330.0,2.0,3.0,,,,,1015.9,,17.2,,,0.0,,2025-09-20 11:00:00
20.0,3.0,4.0,,,,,1015.9,,17.2,,,,,2025-09-20 11:10:00
360.0,2.0,3.0,1.7,11.0,7.3,268.0,1015.9,,17.2,,,,,2025-09-20 11:20:00
320.0,2.0,4.0,,,,,1015.9,,17.2,,,,,2025-09-20 11:30:00
320.0,2.0,4.0,1.8,,7.3,272.0,1015.9,,17.2,,,,,2025-09-20 11:40:00
310.0,3.0,4.0,1.8,11.0,7.3,272.0,1015.9,,17.2,,,,,2025-09-20 11:50:00
330.0,1.0,3.0,,,,,1015.9,,17.2,,,-0.3,,2025-09-20 12:00:00
310.0,1.0,5.0,1.6,,7.0,275.0,1016.0,,17.2,,,,,2025-09-20 12:10:00
300.0,2.0,4.0,1.6,10.0,7.0,275.0,1016.0,,17.2,,,,,2025-09-20 12:20:00
330.0,2.0,2.0,,,,,1016.0,,17.2,,,,,2025-09-20 12:30:00
340.0,2.0,3.0,,,,,1016.0,,17.2,,,,,2025-09-20 12:40:00
320.0,2.0,3.0,1.6,11.0,6.9,279.0,1016.0,,17.2,,,,,2025-09-20 12:50:00
340.0,1.0,3.0,,,,,1016.0,,17.2,,,0.0,,2025-09-20 13:00:00
,0.0,1.0,1.7,,7.4,285.0,1015.9,,17.2,,,,,2025-09-20 13:10:00
,0.0,1.0,1.7,11.0,7.4,285.0,1015.9,,17.2,,,,,2025-09-20 13:20:00
,0.0,1.0,,,,,1015.9,,17.1,,,,,2025-09-20 13:30:00
160.0,1.0,1.0,,,,,1015.9,,17.1,,,,,2025-09-20 13:40:00
,0.0,1.0,1.6,11.0,7.2,275.0,1015.9,,17.1,,,,,2025-09-20 13:50:00
220.0,1.0,3.0,,,,,1016.0,,17.1,,,0.0,,2025-09-20 14:00:00
240.0,2.0,4.0,,,,,1016.0,,17.1,,,,,2025-09-20 14:10:00
240.0,3.0,4.0,1.6,11.0,7.1,280.0,1016.0,,17.1,,,,,2025-09-20 14:20:00
260.0,4.0,5.0,,,,,1016.1,,17.1,,,,,2025-09-20 14:30:00
260.0,3.0,5.0,,,,,1016.0,,17.1,,,,,2025-09-20 14:40:00
260.0,2.0,3.0,1.6,12.0,7.3,274.0,1016.0,,17.1,,,,,2025-09-20 14:50:00
250.0,2.0,2.0,,,,,1016.0,,17.2,,,0.0,,2025-09-20 15:00:00
230.0,2.0,3.0,1.6,,7.4,279.0,1016.0,,17.2,,,,,2025-09-20 15:10:00
230.0,2.0,3.0,1.6,12.0,7.4,279.0,1015.9,,17.2,,,,,2025-09-20 15:20:00
220.0,2.0,3.0,,,,,1016.0,,17.2,,,,,2025-09-20 15:30:00
210.0,2.0,3.0,,,,,1016.0,,17.2,,,,,2025-09-20 15:40:00
220.0,2.0,3.0,1.5,12.0,7.7,284.0,1015.9,,17.2,,,,,2025-09-20 15:50:00
220.0,2.0,3.0,,,,,1015.9,,17.2,,,0.0,,2025-09-20 16:00:00
220.0,2.0,3.0,1.5,,7.7,278.0,1016.0,,17.2,,,,,2025-09-20 16:10:00
220.0,3.0,4.0,1.5,11.0,7.7,278.0,1016.0,,17.2,,,,,2025-09-20 16:20:00
230.0,3.0,5.0,,,,,1016.0,,17.2,,,,,2025-09-20 16:30:00
220.0,4.0,4.0,,,,,1016.1,,17.2,,,,,2025-09-20 16:40:00
220.0,4.0,5.0,1.6,11.0,8.0,283.0,1016.2,,17.2,,,,,2025-09-20 16:50:00
220.0,4.0,5.0,,,,,1016.3,,17.2,,,0.3,,2025-09-20 17:00:00
230.0,4.0,5.0,1.5,,7.9,282.0,1016.3,,17.2,,,,,2025-09-20 17:10:00
220.0,4.0,5.0,1.5,11.0,7.9,282.0,1016.3,,17.2,,,,,2025-09-20 17:20:00
230.0,4.0,5.0,,,,,1016.2,,17.2,,,,,2025-09-20 17:30:00
230.0,4.0,5.0,,,,,1016.2,,17.2,,,,,2025-09-20 17:40:00
240.0,4.0,6.0,1.6,11.0,8.0,291.0,1016.2,,17.2,,,,,2025-09-20 17:50:00
240.0,5.0,6.0,,,,,1016.2,,17.2,,,0.0,,2025-09-20 18:00:00
240.0,5.0,6.0,1.6,,8.0,291.0,1016.2,,17.2,,,,,2025-09-20 18:10:00
240.0,5.0,6.0,1.6,11.0,8.0,291.0,1016.2,,17.2,,,,,2025-09-20 18:20:00
250.0,5.0,7.0,,,,,1016.2,,17.2,,,,,2025-09-20 18:30:00
230.0,4.0,6.0,1.5,,7.8,288.0,1016.3,,17.2,,,,,2025-09-20 18:40:00
220.0,4.0,5.0,1.5,11.0,7.8,288.0,1016.3,,17.3,,,,,2025-09-20 18:50:00
220.0,4.0,4.0,,,,,1016.2,,17.3,,,0.3,,2025-09-20 19:00:00
220.0,4.0,5.0,1.6,,8.0,276.0,1016.1,,17.3,,,,,2025-09-20 19:10:00
220.0,4.0,5.0,1.6,11.0,8.0,276.0,1016.0,,17.3,,,,,2025-09-20 19:20:00
220.0,4.0,5.0,,,,,1015.9,,17.3,,,,,2025-09-20 19:30:00
220.0,4.0,5.0,,,,,1015.8,,17.3,,,,,2025-09-20 19:40:00
200.0,4.0,4.0,1.6,12.0,8.2,284.0,1015.7,,17.3,,,,,2025-09-20 19:50:00
180.0,3.0,4.0,,,,,1015.7,,17.3,,,-0.6,,2025-09-20 20:00:00
180.0,3.0,4.0,1.7,,8.1,280.0,1015.6,,17.3,,,,,2025-09-20 20:10:00
180.0,3.0,4.0,1.7,11.0,8.1,280.0,1015.5,,17.3,,,,,2025-09-20 20:20:00
180.0,4.0,5.0,,,,,1015.3,,17.3,,,,,2025-09-20 20:30:00
180.0,4.0,5.0,,,,,1015.2,,17.3,,,,,2025-09-20 20:40:00
180.0,4.0,5.0,1.8,11.0,8.4,289.0,1015.1,,17.4,,,,,2025-09-20 20:50:00
170.0,4.0,5.0,,,,,1015.1,,17.4,,,-1.1,,2025-09-20 21:00:00
180.0,4.0,5.0,,,,,1014.9,,17.4,,,,,2025-09-20 21:10:00
180.0,5.0,5.0,1.7,11.0,8.3,289.0,1014.9,,17.4,,,,,2025-09-20 21:20:00
190.0,5.0,6.0,,,,,1015.1,,17.4,,,,,2025-09-20 21:30:00
190.0,5.0,6.0,,,,,1014.9,,17.4,,,,,2025-09-20 21:40:00
180.0,5.0,6.0,2.0,12.0,8.9,276.0,1014.6,,17.4,,,,,2025-09-20 21:50:00
170.0,6.0,7.0,,,,,1014.6,,17.4,,,-1.6,,2025-09-20 22:00:00
180.0,6.0,7.0,,,,,1014.5,,17.4,,,,,2025-09-20 22:10:00
180.0,6.0,7.0,2.0,11.0,8.5,282.0,1014.4,,17.4,,,,,2025-09-20 22:20:00
180.0,6.0,8.0,,,,,1014.2,,17.4,,,,,2025-09-20 22:30:00
190.0,7.0,8.0,,,,,1014.6,,17.4,,,,,2025-09-20 22:40:00
200.0,7.0,8.0,1.9,11.0,8.3,279.0,1014.5,,17.4,,,,,2025-09-20 22:50:00
200.0,7.0,8.0,,,,,1014.3,,17.4,,,-1.4,,2025-09-20 23:00:00
190.0,6.0,7.0,,,,,1014.1,,17.4,,,,,2025-09-20 23:10:00
180.0,7.0,8.0,1.9,11.0,8.1,278.0,1013.9,,17.4,,,,,2025-09-20 23:20:00
180.0,7.0,8.0,,,,,1013.9,,17.5,,,,,2025-09-20 23:30:00
190.0,7.0,8.0,1.9,,7.6,276.0,1014.1,,17.5,,,,,2025-09-20 23:40:00
190.0,7.0,8.0,1.9,12.0,7.6,276.0,1014.1,,17.5,,,,,2025-09-20 23:50:00
200.0,7.0,8.0,,,,,1013.9,,17.5,,,-1.2,,2025-09-21 00:00:00
190.0,7.0,9.0,2.1,,8.1,275.0,1013.9,,17.5,,,,,2025-09-21 00:10:00
200.0,7.0,9.0,2.1,12.0,8.1,275.0,1013.7,,17.5,,,,,2025-09-21 00:20:00
200.0,7.0,9.0,,,,,1013.6,,,,,,,2025-09-21 00:30:00
190.0,7.0,9.0,,,,,1013.5,,17.5,,,,,2025-09-21 00:40:00
190.0,8.0,9.0,2.0,11.0,7.3,283.0,1013.4,,17.5,,,,,2025-09-21 00:50:00
190.0,8.0,9.0,,,,,1013.3,,17.5,,,-1.3,,2025-09-21 01:00:00
190.0,8.0,9.0,1.8,,7.0,279.0,1013.3,,17.5,,,,,2025-09-21 01:10:00
190.0,8.0,9.0,1.8,12.0,7.0,279.0,1013.1,,17.5,,,,,2025-09-21 01:20:00
200.0,8.0,10.0,,,,,1013.0,,17.5,,,,,2025-09-21 01:30:00
200.0,8.0,9.0,,,,,1013.0,,17.5,,,,,2025-09-21 01:40:00
200.0,8.0,10.0,2.1,12.0,7.2,270.0,1012.9,,17.5,,,,,2025-09-21 01:50:00
190.0,8.0,10.0,,,,,1012.8,,17.5,,,-1.5,,2025-09-21 02:00:00
190.0,8.0,10.0,2.0,,7.2,287.0,1012.7,,17.5,,,,,2025-09-21 02:10:00
200.0,8.0,10.0,2.0,11.0,7.2,287.0,1012.7,,17.5,,,,,2025-09-21 02:20:00
190.0,8.0,9.0,,,,,1012.6,,17.5,,,,,2025-09-21 02:30:00
200.0,8.0,9.0,,,,,1012.7,,17.5,,,,,2025-09-21 02:40:00
200.0,8.0,10.0,1.8,12.0,6.5,279.0,1012.5,,17.5,,,,,2025-09-21 02:50:00
200.0,8.0,11.0,,,,,1012.5,,17.5,,,-1.4,,2025-09-21 03:00:00
190.0,8.0,10.0,1.8,,6.5,263.0,1012.4,,17.5,,,,,2025-09-21 03:10:00
200.0,8.0,10.0,1.8,11.0,6.5,263.0,1012.4,,17.5,,,,,2025-09-21 03:20:00
200.0,8.0,10.0,,,,,1012.4,,17.5,,,,,2025-09-21 03:30:00
190.0,8.0,10.0,2.0,,6.7,272.0,1012.3,,17.5,,,,,2025-09-21 03:40:00
190.0,8.0,10.0,2.0,12.0,6.7,272.0,1012.3,,17.5,,,,,2025-09-21 03:50:00
190.0,8.0,10.0,,,,,1012.3,,17.5,,,-1.0,,2025-09-21 04:00:00
190.0,8.0,10.0,,,,,1012.2,,17.5,,,,,2025-09-21 04:10:00
190.0,8.0,11.0,1.9,11.0,6.6,273.0,1012.0,,17.5,,,,,2025-09-21 04:20:00
190.0,9.0,11.0,,,,,1012.0,,17.5,,,,,2025-09-21 04:30:00
190.0,9.0,11.0,1.7,,6.2,275.0,1011.9,,17.5,,,,,2025-09-21 04:40:00
190.0,9.0,11.0,1.7,11.0,6.2,275.0,1011.6,,17.5,,,,,2025-09-21 04:50:00
190.0,9.0,11.0,,,,,1011.6,,17.5,,,-1.2,,2025-09-21 05:00:00
190.0,9.0,11.0,1.9,,6.0,281.0,1011.5,,17.5,,,,,2025-09-21 05:10:00
190.0,9.0,11.0,1.9,11.0,6.0,281.0,1011.4,,17.5,,,,,2025-09-21 05:20:00
190.0,9.0,11.0,,,,,1011.4,,17.5,,,,,2025-09-21 05:30:00
200.0,9.0,11.0,2.0,,6.4,273.0,1011.3,,17.5,,,,,2025-09-21 05:40:00
200.0,9.0,11.0,2.0,11.0,6.4,273.0,1011.3,,17.5,,,,,2025-09-21 05:50:00
200.0,9.0,12.0,,,,,1011.3,,17.5,,,-1.2,,2025-09-21 06:00:00
200.0,10.0,12.0,,,,,1011.0,,17.5,,,,,2025-09-21 06:10:00
200.0,9.0,12.0,1.9,10.0,5.9,271.0,1010.9,,17.5,,,,,2025-09-21 06:20:00
200.0,9.0,11.0,,,,,1010.8,,17.5,,,,,2025-09-21 06:30:00
200.0,9.0,11.0,2.1,,5.8,273.0,1010.8,,17.5,,,,,2025-09-21 06:40:00
200.0,9.0,11.0,2.1,11.0,5.8,273.0,1010.7,,17.5,,,,,2025-09-21 06:50:00
200.0,9.0,11.0,,,,,1010.6,,17.5,,,-1.7,,2025-09-21 07:00:00
200.0,9.0,11.0,2.2,,6.2,274.0,1010.5,,17.5,,,,,2025-09-21 07:10:00
200.0,9.0,11.0,2.2,11.0,6.2,274.0,1010.4,,17.5,,,,,2025-09-21 07:20:00
200.0,9.0,11.0,,,,,1010.4,,17.5,,,,,2025-09-21 07:30:00
200.0,9.0,12.0,2.3,,6.1,276.0,1010.3,,17.5,,,,,2025-09-21 07:40:00
200.0,9.0,12.0,2.3,10.0,6.1,276.0,1010.2,,,,,,,2025-09-21 07:50:00
200.0,9.0,11.0,,,,,1010.0,,17.5,,,-1.6,,2025-09-21 08:00:00
200.0,10.0,13.0,2.2,,6.0,284.0,1010.0,,17.5,,,,,2025-09-21 08:10:00
230.0,8.0,12.0,2.2,11.0,6.0,284.0,1010.7,,17.5,,,,,2025-09-21 08:20:00
280.0,6.0,8.0,,,,,1010.9,,17.5,,,,,2025-09-21 08:30:00
300.0,7.0,9.0,,,,,1011.0,,17.5,,,,,2025-09-21 08:40:00
310.0,8.0,10.0,2.6,10.0,6.4,280.0,1011.0,,17.5,,,,,2025-09-21 08:50:00
320.0,8.0,9.0,,,,,1011.1,,17.5,,,-0.0,,2025-09-21 09:00:00
320.0,8.0,10.0,,,,,1011.2,,17.5,,,,,2025-09-21 09:10:00
330.0,8.0,11.0,2.5,11.0,6.6,291.0,1011.3,,17.5,,,,,2025-09-21 09:20:00
320.0,7.0,9.0,,,,,1011.5,,17.5,,,,,2025-09-21 09:30:00
320.0,7.0,8.0,2.5,,6.6,284.0,1011.6,,17.5,,,,,2025-09-21 09:40:00
320.0,8.0,10.0,2.5,10.0,6.6,284.0,1011.7,,17.5,,,,,2025-09-21 09:50:00
330.0,9.0,10.0,,,,,1011.8,,17.5,,,1.2,,2025-09-21 10:00:00
330.0,7.0,9.0,2.6,,6.7,284.0,1011.9,,17.5,,,,,2025-09-21 10:10:00
330.0,6.0,8.0,2.6,10.0,6.7,284.0,1011.9,,17.5,,,,,2025-09-21 10:20:00
330.0,6.0,8.0,,,,,1011.9,,17.5,,,,,2025-09-21 10:30:00
320.0,6.0,7.0,,,,,1012.1,,17.5,,,,,2025-09-21 10:40:00
310.0,6.0,7.0,2.8,11.0,6.7,285.0,1012.1,,17.5,,,,,2025-09-21 10:50:00
310.0,6.0,7.0,,,,,1012.4,,17.5,,,2.4,,2025-09-21 11:00:00
300.0,6.0,8.0,2.6,,6.9,285.0,1012.4,,17.5,,,,,2025-09-21 11:10:00
300.0,6.0,7.0,2.6,10.0,6.9,285.0,1012.5,,17.5,,,,,2025-09-21 11:20:00
300.0,6.0,8.0,,,,,1012.6,,17.5,,,,,2025-09-21 11:30:00
300.0,6.0,8.0,,,,,1012.6,,17.5,,,,,2025-09-21 11:40:00
310.0,6.0,8.0,2.6,11.0,7.0,280.0,1012.7,,17.5,,,,,2025-09-21 11:50:00
310.0,6.0,8.0,,,,,1012.8,,17.5,,,1.7,,2025-09-21 12:00:00
310.0,7.0,8.0,2.7,,7.2,283.0,1012.9,,17.5,,,,,2025-09-21 12:10:00
310.0,7.0,8.0,2.7,11.0,7.2,283.0,1013.0,,17.5,,,,,2025-09-21 12:20:00
300.0,7.0,9.0,,,,,1013.2,,17.5,,,,,2025-09-21 12:30:00
310.0,7.0,9.0,,,,,1013.3,,17.5,,,,,2025-09-21 12:40:00
310.0,7.0,9.0,2.7,11.0,7.2,279.0,1013.4,,17.5,,,,,2025-09-21 12:50:00
310.0,7.0,9.0,,,,,1013.5,,17.5,,,1.7,,2025-09-21 13:00:00
300.0,8.0,9.0,2.5,,7.1,279.0,1013.6,,17.5,,,,,2025-09-21 13:10:00
310.0,8.0,9.0,2.5,11.0,7.1,279.0,1013.7,,17.5,,,,,2025-09-21 13:20:00
310.0,8.0,10.0,,,,,1013.8,,17.5,,,,,2025-09-21 13:30:00
310.0,8.0,10.0,,,,,1014.0,,17.5,,,,,2025-09-21 13:40:00
310.0,8.0,10.0,2.5,10.0,7.0,285.0,1014.1,,17.5,,,,,2025-09-21 13:50:00
320.0,8.0,9.0,,,,,1014.3,,17.5,,,1.9,,2025-09-21 14:00:00
320.0,8.0,10.0,,,,,1014.4,,17.5,,,,,2025-09-21 14:10:00
320.0,7.0,9.0,2.4,11.0,6.9,273.0,1014.5,,17.5,,,,,2025-09-21 14:20:00
310.0,7.0,9.0,,,,,1014.7,,17.5,,,,,2025-09-21 14:30:00
320.0,7.0,9.0,2.5,,7.2,280.0,1014.7,,17.5,,,,,2025-09-21 14:40:00
320.0,6.0,7.0,2.5,11.0,7.2,280.0,1014.9,,17.5,,,,,2025-09-21 14:50:00
320.0,6.0,7.0,,,,,1015.1,,17.5,,,2.3,,2025-09-21 15:00:00
320.0,6.0,7.0,2.4,,7.0,276.0,1015.2,,17.5,,,,,2025-09-21 15:10:00
310.0,6.0,9.0,2.4,12.0,7.0,276.0,1015.3,,17.5,,,,,2025-09-21 15:20:00
320.0,8.0,9.0,,,,,1015.4,,17.5,,,,,2025-09-21 15:30:00
320.0,7.0,9.0,,,,,1015.6,,17.5,,,,,2025-09-21 15:40:00
330.0,7.0,9.0,2.2,11.0,7.0,288.0,1015.7,,17.5,,,,,2025-09-21 15:50:00
330.0,7.0,9.0,,,,,1015.8,,17.5,,,2.3,,2025-09-21 16:00:00
330.0,7.0,9.0,,,,,1015.9,,17.5,,,,,2025-09-21 16:10:00
330.0,7.0,8.0,2.3,11.0,7.1,280.0,1016.0,,17.5,,,,,2025-09-21 16:20:00
330.0,6.0,8.0,,,,,1016.0,,17.5,,,,,2025-09-21 16:30:00
330.0,5.0,7.0,,,,,1016.1,,17.5,,,,,2025-09-21 16:40:00
330.0,5.0,6.0,2.4,11.0,7.3,281.0,1016.2,,17.5,,,,,2025-09-21 16:50:00
320.0,5.0,7.0,,,,,1016.4,,17.5,,,2.1,,2025-09-21 17:00:00
330.0,6.0,7.0,2.3,,7.4,286.0,1016.5,,17.5,,,,,2025-09-21 17:10:00
330.0,6.0,7.0,2.3,11.0,7.4,286.0,1016.6,,17.5,,,,,2025-09-21 17:20:00
330.0,6.0,7.0,,,,,1016.8,,17.5,,,,,2025-09-21 17:30:00
330.0,6.0,7.0,2.4,,7.1,283.0,1016.9,,17.5,,,,,2025-09-21 17:40:00
320.0,6.0,7.0,2.4,11.0,7.1,283.0,1017.1,,17.5,,,,,2025-09-21 17:50:00
320.0,6.0,8.0,,,,,1017.2,,17.5,,,2.1,,2025-09-21 18:00:00
320.0,6.0,7.0,2.3,,7.3,275.0,1017.4,,17.5,,,,,2025-09-21 18:10:00
330.0,6.0,7.0,2.3,10.0,7.3,275.0,1017.5,,17.4,,,,,2025-09-21 18:20:00
330.0,6.0,7.0,,,,,1017.6,,17.4,,,,,2025-09-21 18:30:00
330.0,6.0,7.0,2.2,,7.3,276.0,1017.7,,17.4,,,,,2025-09-21 18:40:00
320.0,6.0,7.0,2.2,11.0,7.3,276.0,1017.8,,17.4,,,,,2025-09-21 18:50:00
330.0,5.0,6.0,,,,,1017.8,,17.4,,,2.0,,2025-09-21 19:00:00
320.0,5.0,6.0,2.5,,7.3,280.0,1017.8,,17.4,,,,,2025-09-21 19:10:00
330.0,5.0,7.0,2.5,10.0,7.3,280.0,1017.9,,17.4,,,,,2025-09-21 19:20:00
330.0,5.0,6.0,,,,,1018.1,,17.5,,,,,2025-09-21 19:30:00
330.0,5.0,6.0,,,,,1018.2,,17.5,,,,,2025-09-21 19:40:00
330.0,5.0,5.0,2.2,10.0,7.0,282.0,1018.4,,17.5,,,,,2025-09-21 19:50:00
330.0,4.0,5.0,,,,,1018.5,,17.5,,,2.1,,2025-09-21 20:00:00
320.0,4.0,5.0,,,,,1018.5,,17.5,,,,,2025-09-21 20:10:00
330.0,5.0,6.0,2.5,10.0,7.5,281.0,1018.5,,17.5,,,,,2025-09-21 20:20:00
320.0,5.0,6.0,,,,,1018.6,,17.5,,,,,2025-09-21 20:30:00
330.0,5.0,6.0,,,,,1018.6,,17.5,,,,,2025-09-21 20:40:00
330.0,5.0,6.0,2.5,10.0,7.4,277.0,1018.7,,17.5,,,,,2025-09-21 20:50:00
330.0,4.0,5.0,,,,,1018.7,,17.6,,,1.5,,2025-09-21 21:00:00
330.0,4.0,5.0,,,,,1018.8,,17.6,,,,,2025-09-21 21:10:00
320.0,4.0,5.0,2.4,10.0,7.6,283.0,1018.8,,17.6,,,,,2025-09-21 21:20:00
320.0,4.0,5.0,,,,,1018.9,,17.6,,,,,2025-09-21 21:30:00
330.0,3.0,4.0,2.6,,7.6,277.0,1018.9,,17.6,,,,,2025-09-21 21:40:00
320.0,3.0,4.0,2.6,10.0,7.6,277.0,1018.9,,17.6,,,,,2025-09-21 21:50:00
320.0,3.0,4.0,,,,,1019.1,,17.7,,,1.3,,2025-09-21 22:00:00
310.0,3.0,4.0,2.3,,7.1,276.0,1019.1,,17.7,,,,,2025-09-21 22:10:00
310.0,3.0,4.0,2.3,11.0,7.1,276.0,1019.1,,17.7,,,,,2025-09-21 22:20:00
310.0,3.0,4.0,,,,,1019.2,,17.6,,,,,2025-09-21 22:30:00
300.0,3.0,4.0,,,,,1019.2,,17.6,,,,,2025-09-21 22:40:00
310.0,2.0,3.0,2.4,10.0,7.1,281.0,1019.2,,17.6,,,,,2025-09-21 22:50:00
310.0,2.0,4.0,,,,,1019.3,,17.6,,,0.8,,2025-09-21 23:00:00
320.0,2.0,4.0,2.8,,7.7,278.0,1019.3,,17.7,,,,,2025-09-21 23:10:00
330.0,3.0,4.0,2.6,,7.3,287.0,1019.3,,17.7,,,,,2025-09-21 23:40:00
320.0,3.0,4.0,2.6,11.0,7.3,287.0,1019.3,,17.7,,,,,2025-09-21 23:50:00
330.0,3.0,4.0,,,,,1019.3,,17.7,,,0.6,,2025-09-22 00:00:00
320.0,2.0,4.0,2.7,,7.6,283.0,1019.4,,17.8,,,,,2025-09-22 00:10:00
320.0,2.0,3.0,2.7,10.0,7.6,283.0,1019.4,,17.7,,,,,2025-09-22 00:20:00
320.0,2.0,3.0,,,,,1019.5,,17.7,,,,,2025-09-22 00:30:00
310.0,2.0,3.0,,,,,1019.5,,17.8,,,,,2025-09-22 00:40:00
310.0,2.0,3.0,2.6,11.0,7.1,275.0,1019.5,,17.8,,,,,2025-09-22 00:50:00
310.0,3.0,4.0,,,,,1019.6,,17.8,,,0.5,,2025-09-22 01:00:00
330.0,3.0,4.0,2.6,,7.5,278.0,1019.7,,17.8,,,,,2025-09-22 01:10:00
330.0,3.0,4.0,2.6,11.0,7.5,278.0,1019.7,,17.8,,,,,2025-09-22 01:20:00
320.0,3.0,5.0,,,,,1019.9,,17.8,,,,,2025-09-22 01:30:00
330.0,3.0,4.0,2.7,,7.8,280.0,1019.9,,17.8,,,,,2025-09-22 01:40:00
330.0,3.0,4.0,2.7,11.0,7.8,280.0,1020.0,,17.8,,,,,2025-09-22 01:50:00
330.0,3.0,4.0,,,,,1020.0,,17.8,,,0.7,,2025-09-22 02:00:00
330.0,3.0,5.0,2.6,,7.7,288.0,1020.0,,17.7,,,,,2025-09-22 02:10:00
340.0,3.0,4.0,2.6,11.0,7.7,288.0,1020.0,,17.8,,,,,2025-09-22 02:20:00
340.0,3.0,4.0,,,,,1020.0,,17.7,,,,,2025-09-22 02:30:00
340.0,3.0,4.0,,,,,1020.1,,17.7,,,,,2025-09-22 02:40:00
340.0,3.0,4.0,2.7,10.0,7.8,280.0,1020.2,,17.7,,,,,2025-09-22 02:50:00
340.0,3.0,4.0,,,,,1020.2,,17.7,,,0.9,,2025-09-22 03:00:00
340.0,3.0,4.0,2.6,,7.9,285.0,1020.2,,17.7,,,,,2025-09-22 03:10:00
340.0,3.0,4.0,2.6,11.0,7.9,285.0,1020.3,,17.7,,,,,2025-09-22 03:20:00
340.0,3.0,4.0,,,,,1020.4,,17.7,,,,,2025-09-22 03:30:00
350.0,3.0,4.0,2.6,,8.2,284.0,1020.4,,17.7,,,,,2025-09-22 03:40:00
350.0,2.0,3.0,2.6,11.0,8.2,284.0,1020.4,,17.7,,,,,2025-09-22 03:50:00
10.0,2.0,3.0,,,,,1020.5,,17.7,,,0.9,,2025-09-22 04:00:00
10.0,2.0,3.0,2.5,,8.0,296.0,1020.5,,17.7,,,,,2025-09-22 04:10:00
20.0,2.0,3.0,2.5,11.0,8.0,296.0,1020.5,,17.7,,,,,2025-09-22 04:20:00
30.0,2.0,3.0,,,,,1020.5,,17.7,,,,,2025-09-22 04:30:00
30.0,2.0,2.0,,,,,1020.5,,17.7,,,,,2025-09-22 04:40:00
20.0,1.0,2.0,2.4,12.0,8.0,294.0,1020.5,,17.7,,,,,2025-09-22 04:50:00
30.0,2.0,3.0,,,,,1020.5,,17.7,,,0.5,,2025-09-22 05:00:00
40.0,1.0,2.0,2.8,,8.3,285.0,1020.5,,17.7,,,,,2025-09-22 05:10:00
30.0,1.0,2.0,2.8,11.0,8.3,285.0,1020.6,,17.7,,,,,2025-09-22 05:20:00
20.0,1.0,2.0,,,,,1020.6,,17.7,,,,,2025-09-22 05:30:00
20.0,1.0,2.0,,,,,1020.7,,17.6,,,,,2025-09-22 05:40:00
10.0,1.0,2.0,2.5,12.0,8.1,295.0,1020.7,,17.6,,,,,2025-09-22 05:50:00
20.0,1.0,2.0,,,,,1020.6,,17.6,,,0.4,,2025-09-22 06:00:00
20.0,1.0,1.0,2.8,,8.6,284.0,1020.7,,17.6,,,,,2025-09-22 06:10:00
,0.0,1.0,2.8,11.0,8.6,284.0,1020.6,,17.6,,,,,2025-09-22 06:20:00
,0.0,1.0,,,,,1020.7,,17.6,,,,,2025-09-22 06:30:00
,0.0,1.0,,,,,1020.8,,17.6,,,,,2025-09-22 06:40:00
,0.0,1.0,2.8,12.0,8.5,287.0,1020.8,,17.6,,,,,2025-09-22 06:50:00
350.0,1.0,2.0,,,,,1020.9,,17.6,,,0.4,,2025-09-22 07:00:00
360.0,1.0,2.0,2.7,,8.6,295.0,1021.0,,17.6,,,,,2025-09-22 07:10:00
360.0,1.0,2.0,2.7,11.0,8.6,295.0,1021.1,,17.6,,,,,2025-09-22 07:20:00
350.0,1.0,2.0,,,,,1021.1,,17.6,,,,,2025-09-22 07:30:00
350.0,1.0,2.0,2.6,,8.5,287.0,1021.1,,17.6,,,,,2025-09-22 07:40:00
340.0,1.0,2.0,2.6,11.0,8.5,287.0,1021.1,,17.6,,,,,2025-09-22 07:50:00
350.0,1.0,2.0,,,,,1021.1,,17.6,,,0.6,,2025-09-22 08:00:00
340.0,1.0,2.0,,,,,1020.9,,17.6,,,,,2025-09-22 08:10:00
330.0,1.0,2.0,2.8,12.0,8.5,287.0,1021.0,,17.6,,,,,2025-09-22 08:20:00
320.0,1.0,2.0,,,,,1021.0,,17.5,,,,,2025-09-22 08:30:00
340.0,1.0,2.0,,,,,1021.1,,17.5,,,,,2025-09-22 08:40:00
,0.0,2.0,3.0,11.0,8.6,290.0,1021.2,,17.5,,,,,2025-09-22 08:50:00
,0.0,1.0,,,,,1021.1,,17.5,,,0.5,,2025-09-22 09:00:00
,0.0,1.0,2.6,,8.1,279.0,1021.1,,17.5,,,,,2025-09-22 09:10:00
,0.0,1.0,2.6,10.0,8.1,279.0,1021.2,,17.5,,,,,2025-09-22 09:20:00
,0.0,1.0,,,,,1021.3,,17.5,,,,,2025-09-22 09:30:00
,0.0,2.0,,,,,1021.3,,17.5,,,,,2025-09-22 09:40:00
,0.0,2.0,3.0,12.0,8.8,295.0,1021.3,,17.5,,,,,2025-09-22 09:50:00
,0.0,1.0,,,,,1021.3,,17.4,,,0.4,,2025-09-22 10:00:00
,0.0,1.0,,,,,1021.3,,17.4,,,,,2025-09-22 10:10:00
,0.0,2.0,2.8,12.0,8.3,292.0,1021.2,,17.4,,,,,2025-09-22 10:20:00
120.0,1.0,2.0,,,,,1021.2,,17.4,,,,,2025-09-22 10:30:00
130.0,1.0,2.0,,,,,1021.2,,17.4,,,,,2025-09-22 10:40:00
120.0,1.0,2.0,3.0,12.0,8.6,288.0,1021.2,,17.4,,,,,2025-09-22 10:50:00
120.0,1.0,3.0,,,,,1021.1,,17.4,,,0.0,,2025-09-22 11:00:00
130.0,1.0,2.0,3.1,,8.6,286.0,1021.2,,17.4,,,,,2025-09-22 11:10:00
140.0,1.0,2.0,3.1,12.0,8.6,286.0,1021.2,,17.4,,,,,2025-09-22 11:20:00
140.0,1.0,2.0,,,,,1021.0,,17.4,,,,,2025-09-22 11:30:00
140.0,1.0,2.0,,,,,1021.0,,17.4,,,,,2025-09-22 11:40:00
130.0,1.0,2.0,3.1,12.0,9.1,287.0,1021.0,,17.4,,,,,2025-09-22 11:50:00
140.0,1.0,2.0,,,,,1021.0,,17.4,,,0.0,,2025-09-22 12:00:00
130.0,1.0,2.0,,,,,1021.0,,17.4,,,,,2025-09-22 12:10:00
,0.0,2.0,3.1,12.0,8.9,284.0,1021.0,,17.4,,,,,2025-09-22 12:20:00
120.0,1.0,2.0,,,,,1021.0,,17.4,,,,,2025-09-22 12:30:00
120.0,1.0,2.0,,,,,1021.0,,17.4,,,,,2025-09-22 12:40:00
,0.0,1.0,3.1,11.0,8.6,278.0,1021.0,,17.3,,,,,2025-09-22 12:50:00
,0.0,2.0,,,,,1021.1,,17.3,,,0.0,,2025-09-22 13:00:00
,0.0,1.0,3.0,,8.4,280.0,1021.1,,17.3,,,,,2025-09-22 13:10:00
,0.0,1.0,3.0,10.0,8.4,280.0,1021.2,,17.3,,,,,2025-09-22 13:20:00
,0.0,2.0,,,,,1021.2,,17.3,,,,,2025-09-22 13:30:00
120.0,1.0,2.0,,,,,1021.3,,17.3,,,,,2025-09-22 13:40:00
130.0,1.0,3.0,2.7,12.0,8.4,287.0,1021.3,,17.3,,,,,2025-09-22 13:50:00
120.0,1.0,3.0,,,,,1021.4,,17.3,,,0.3,,2025-09-22 14:00:00
130.0,1.0,3.0,,,,,1021.5,,17.4,,,,,2025-09-22 14:10:00
120.0,2.0,3.0,2.9,12.0,8.8,283.0,1021.6,,17.4,,,,,2025-09-22 14:20:00
130.0,2.0,3.0,,,,,1021.8,,17.4,,,,,2025-09-22 14:30:00
120.0,2.0,4.0,2.8,,8.6,282.0,1021.9,,17.4,,,,,2025-09-22 14:40:00
120.0,2.0,4.0,2.8,11.0,8.6,282.0,1022.0,,17.4,,,,,2025-09-22 14:50:00
120.0,2.0,4.0,,,,,1022.0,,17.4,,,1.0,,2025-09-22 15:00:00
120.0,2.0,4.0,2.7,,8.6,287.0,1022.2,,17.4,,,,,2025-09-22 15:10:00
110.0,2.0,3.0,2.7,12.0,8.6,287.0,1022.1,,17.4,,,,,2025-09-22 15:20:00
110.0,2.0,3.0,,,,,1022.1,,17.4,,,,,2025-09-22 15:30:00
130.0,2.0,3.0,,,,,1022.0,,17.4,,,,,2025-09-22 15:40:00
130.0,2.0,3.0,2.9,11.0,8.6,288.0,1022.1,,17.4,,,,,2025-09-22 15:50:00
140.0,1.0,2.0,,,,,1022.0,,17.4,,,0.9,,2025-09-22 16:00:00
140.0,2.0,3.0,2.6,,9.0,286.0,1022.1,,17.4,,,,,2025-09-22 16:10:00
130.0,2.0,3.0,2.6,12.0,9.0,286.0,1022.0,,17.5,,,,,2025-09-22 16:20:00
130.0,2.0,3.0,,,,,1021.9,,17.5,,,,,2025-09-22 16:30:00
120.0,2.0,4.0,,,,,1021.9,,17.5,,,,,2025-09-22 16:40:00
120.0,2.0,3.0,2.5,12.0,8.6,295.0,1021.8,,17.5,,,,,2025-09-22 16:50:00
130.0,2.0,3.0,,,,,1021.8,,17.5,,,0.4,,2025-09-22 17:00:00
130.0,2.0,4.0,2.8,,9.3,289.0,1021.8,,17.5,,,,,2025-09-22 17:10:00
120.0,2.0,3.0,2.8,13.0,9.3,289.0,1021.9,,17.5,,,,,2025-09-22 17:20:00
120.0,2.0,3.0,,,,,1021.8,,17.5,,,,,2025-09-22 17:30:00
120.0,2.0,3.0,2.5,,8.8,284.0,1021.8,,17.5,,,,,2025-09-22 17:40:00
120.0,2.0,3.0,2.5,11.0,8.8,284.0,1021.9,,17.5,,,,,2025-09-22 17:50:00
120.0,2.0,4.0,,,,,1021.9,,17.5,,,0.0,,2025-09-22 18:00:00
110.0,2.0,3.0,,,,,1021.9,,17.5,,,,,2025-09-22 18:10:00
130.0,1.0,3.0,2.5,11.0,8.9,288.0,1021.9,,17.6,,,,,2025-09-22 18:20:00
120.0,1.0,3.0,,,,,1021.9,,17.6,,,,,2025-09-22 18:30:00
130.0,1.0,2.0,,,,,1021.8,,17.6,,,,,2025-09-22 18:40:00
,0.0,1.0,2.4,12.0,8.8,289.0,1021.7,,17.6,,,,,2025-09-22 18:50:00
,0.0,1.0,,,,,1021.7,,17.6,,,-0.3,,2025-09-22 19:00:00
,0.0,2.0,,,,,1021.7,,17.6,,,,,2025-09-22 19:10:00
,0.0,1.0,2.5,12.0,8.8,290.0,1021.6,,17.6,,,,,2025-09-22 19:20:00
,0.0,1.0,,,,,1021.6,,17.6,,,,,2025-09-22 19:30:00
,0.0,1.0,2.4,,9.0,293.0,1021.4,,17.6,,,,,2025-09-22 19:40:00
,0.0,1.0,2.4,12.0,9.0,293.0,1021.3,,17.7,,,,,2025-09-22 19:50:00
,0.0,1.0,,,,,1021.3,,17.7,,,-0.5,,2025-09-22 20:00:00
,0.0,2.0,2.5,,9.0,284.0,1021.3,,17.7,,,,,2025-09-22 20:10:00
,0.0,2.0,2.5,11.0,9.0,284.0,1021.2,,17.7,,,,,2025-09-22 20:20:00
,0.0,1.0,,,,,1021.2,,17.7,,,,,2025-09-22 20:30:00
,0.0,1.0,2.4,,8.7,296.0,1021.0,,17.7,,,,,2025-09-22 20:40:00
,0.0,1.0,2.4,11.0,8.7,296.0,1020.8,,17.7,,,,,2025-09-22 20:50:00
,0.0,1.0,,,,,1020.8,,17.7,,,-1.1,,2025-09-22 21:00:00
,0.0,1.0,2.5,,8.6,294.0,1020.7,,17.8,,,,,2025-09-22 21:10:00
,0.0,1.0,2.5,11.0,8.6,294.0,1020.6,,17.8,,,,,2025-09-22 21:20:00
,0.0,1.0,,,,,1020.6,,17.8,,,,,2025-09-22 21:30:00
,0.0,2.0,,,,,1020.5,,17.8,,,,,2025-09-22 21:40:00
,0.0,2.0,2.4,12.0,8.5,296.0,1020.5,,17.9,,,,,2025-09-22 21:50:00
40.0,1.0,2.0,,,,,1020.5,,18.0,,,-1.2,,2025-09-22 22:00:00
20.0,1.0,2.0,2.6,,8.8,294.0,1020.4,,17.9,,,,,2025-09-22 22:10:00
350.0,1.0,2.0,2.6,12.0,8.8,294.0,1020.5,,17.9,,,,,2025-09-22 22:20:00
10.0,1.0,2.0,,,,,1020.4,,17.9,,,,,2025-09-22 22:30:00
360.0,1.0,2.0,,,,,1020.3,,17.9,,,,,2025-09-22 22:40:00
360.0,1.0,2.0,2.4,11.0,8.3,288.0,1020.3,,17.8,,,,,2025-09-22 22:50:00
350.0,1.0,3.0,,,,,1020.3,,17.8,,,-1.0,,2025-09-22 23:00:00
10.0,1.0,3.0,,,,,1020.2,,17.9,,,,,2025-09-22 23:10:00
10.0,1.0,3.0,2.8,12.0,8.9,291.0,1020.1,,17.9,,,,,2025-09-22 23:20:00
40.0,2.0,3.0,,,,,1020.0,,18.1,,,,,2025-09-22 23:40:00
30.0,2.0,3.0,2.5,12.0,8.3,285.0,1019.9,,18.3,,,,,2025-09-22 23:50:00
20.0,2.0,2.0,,,,,1019.8,,18.4,,,-1.0,,2025-09-23 00:00:00
10.0,2.0,3.0,2.7,,8.6,287.0,1019.7,,18.6,,,,,2025-09-23 00:10:00
360.0,2.0,3.0,2.7,12.0,8.6,287.0,1019.6,,18.5,,,,,2025-09-23 00:20:00
360.0,2.0,3.0,,,,,1019.6,,18.6,,,,,2025-09-23 00:30:00
10.0,2.0,3.0,,,,,1019.5,,18.7,,,,,2025-09-23 00:40:00
10.0,2.0,4.0,2.4,11.0,8.2,291.0,1019.5,,18.6,,,,,2025-09-23 00:50:00
350.0,3.0,4.0,,,,,1019.4,,18.5,,,-1.1,,2025-09-23 01:00:00
360.0,3.0,4.0,2.4,,8.6,286.0,1019.4,,18.3,,,,,2025-09-23 01:10:00
360.0,2.0,3.0,2.4,12.0,8.6,286.0,1019.3,,18.4,,,,,2025-09-23 01:20:00
360.0,3.0,3.0,,,,,1019.2,,18.3,,,,,2025-09-23 01:30:00
350.0,3.0,4.0,,,,,1019.2,,18.2,,,,,2025-09-23 01:40:00
360.0,3.0,4.0,2.4,11.0,8.4,286.0,1019.2,,18.2,,,,,2025-09-23 01:50:00
360.0,3.0,4.0,,,,,1019.1,,18.2,,,-1.2,,2025-09-23 02:00:00
350.0,4.0,5.0,2.2,,8.2,287.0,1019.2,,18.2,,,,,2025-09-23 02:10:00
350.0,4.0,5.0,2.2,12.0,8.2,287.0,1019.1,,18.1,,,,,2025-09-23 02:20:00
350.0,4.0,5.0,,,,,1019.0,,18.1,,,,,2025-09-23 02:30:00
350.0,4.0,5.0,,,,,1018.9,,18.1,,,,,2025-09-23 02:40:00
350.0,4.0,5.0,2.1,12.0,8.1,282.0,1018.9,,18.1,,,,,2025-09-23 02:50:00
360.0,4.0,5.0,,,,,1018.9,,18.1,,,-0.9,,2025-09-23 03:00:00
360.0,4.0,5.0,2.1,,8.5,280.0,1018.9,,18.2,,,,,2025-09-23 03:10:00
360.0,4.0,5.0,2.1,11.0,8.5,280.0,1018.9,,18.2,,,,,2025-09-23 03:20:00
360.0,5.0,5.0,,,,,1018.9,,18.2,,,,,2025-09-23 03:30:00
350.0,4.0,5.0,2.1,,8.3,288.0,1019.0,,18.1,,,,,2025-09-23 03:40:00
360.0,4.0,6.0,2.1,12.0,8.3,288.0,1019.1,,18.1,,,,,2025-09-23 03:50:00
10.0,5.0,5.0,,,,,1019.0,,18.1,,,-0.4,,2025-09-23 04:00:00
10.0,4.0,5.0,2.1,,8.5,293.0,1019.0,,18.0,,,,,2025-09-23 04:10:00
20.0,4.0,5.0,2.1,11.0,8.5,293.0,1018.9,,17.9,,,,,2025-09-23 04:20:00
10.0,4.0,5.0,,,,,1019.0,,17.9,,,,,2025-09-23 04:30:00
10.0,4.0,5.0,1.9,,8.1,293.0,1019.0,,17.8,,,,,2025-09-23 04:40:00
10.0,4.0,5.0,1.9,11.0,8.1,293.0,1018.9,,17.8,,,,,2025-09-23 04:50:00
10.0,5.0,5.0,,,,,1019.0,,17.7,,,0.0,,2025-09-23 05:00:00
10.0,5.0,6.0,2.0,,8.4,294.0,1019.0,,17.6,,,,,2025-09-23 05:10:00
360.0,5.0,6.0,2.0,11.0,8.4,294.0,1018.9,,17.5,,,,,2025-09-23 05:20:00
360.0,5.0,6.0,,,,,1018.8,,17.4,,,,,2025-09-23 05:30:00
10.0,5.0,6.0,,,,,1018.9,,17.4,,,,,2025-09-23 05:40:00
360.0,5.0,6.0,2.0,11.0,8.4,287.0,1018.9,,17.3,,,,,2025-09-23 05:50:00
360.0,5.0,6.0,,,,,1019.0,,17.3,,,0.0,,2025-09-23 06:00:00
360.0,5.0,6.0,1.8,,8.2,288.0,1019.0,,17.2,,,,,2025-09-23 06:10:00
360.0,5.0,6.0,1.8,11.0,8.2,288.0,1018.9,,17.1,,,,,2025-09-23 06:20:00
360.0,5.0,6.0,,,,,1018.9,,17.1,,,,,2025-09-23 06:30:00
360.0,5.0,6.0,,,,,1018.9,,17.0,,,,,2025-09-23 06:40:00
10.0,4.0,5.0,1.9,12.0,8.1,296.0,1019.1,,17.0,,,,,2025-09-23 06:50:00
10.0,4.0,5.0,,,,,1018.9,,16.9,,,0.0,,2025-09-23 07:00:00
360.0,5.0,6.0,,,,,1018.9,,16.9,,,,,2025-09-23 07:10:00
360.0,5.0,5.0,2.0,11.0,8.5,293.0,1018.9,,16.8,,,,,2025-09-23 07:20:00
10.0,5.0,6.0,,,,,1018.8,,16.8,,,,,2025-09-23 07:30:00
10.0,5.0,6.0,1.9,,8.0,285.0,1018.8,,16.7,,,,,2025-09-23 07:40:00
20.0,5.0,6.0,1.9,12.0,8.0,285.0,1018.8,,16.7,,,,,2025-09-23 07:50:00
20.0,5.0,6.0,,,,,1018.7,,16.7,,,-0.3,,2025-09-23 08:00:00
10.0,5.0,5.0,,,,,1018.7,,16.7,,,,,2025-09-23 08:10:00
20.0,5.0,6.0,2.1,12.0,8.4,293.0,1018.6,,16.6,,,,,2025-09-23 08:20:00
20.0,5.0,6.0,,,,,1018.6,,16.6,,,,,2025-09-23 08:30:00
20.0,5.0,6.0,1.9,,8.0,295.0,1018.6,,16.6,,,,,2025-09-23 08:40:00
10.0,5.0,6.0,1.9,11.0,8.0,295.0,1018.6,,16.5,,,,,2025-09-23 08:50:00
10.0,5.0,6.0,,,,,1018.7,,16.5,,,-0.3,,2025-09-23 09:00:00
10.0,5.0,6.0,,,,,1018.6,,16.5,,,,,2025-09-23 09:10:00
10.0,5.0,6.0,2.2,12.0,8.5,295.0,1018.5,,16.5,,,,,2025-09-23 09:20:00
10.0,5.0,6.0,,,,,1018.4,,16.5,,,,,2025-09-23 09:30:00
10.0,5.0,6.0,,,,,1018.3,,16.5,,,,,2025-09-23 09:40:00
10.0,5.0,7.0,2.0,10.0,7.9,282.0,1018.3,,16.5,,,,,2025-09-23 09:50:00
10.0,6.0,7.0,,,,,1018.1,,16.4,,,-0.8,,2025-09-23 10:00:00
10.0,6.0,7.0,,,,,1018.1,,16.4,,,,,2025-09-23 10:10:00
10.0,5.0,6.0,2.1,12.0,8.0,303.0,1018.1,,16.4,,,,,2025-09-23 10:20:00
20.0,5.0,6.0,,,,,1018.1,,16.4,,,,,2025-09-23 10:30:00
20.0,5.0,6.0,,,,,1018.0,,16.4,,,,,2025-09-23 10:40:00
10.0,5.0,6.0,2.3,11.0,8.1,294.0,1018.0,,16.4,,,,,2025-09-23 10:50:00
10.0,5.0,7.0,,,,,1018.0,,16.4,,,-0.7,,2025-09-23 11:00:00
10.0,6.0,7.0,2.4,,8.0,298.0,1018.0,,16.4,,,,,2025-09-23 11:10:00
10.0,6.0,7.0,2.4,12.0,8.0,298.0,1018.0,,16.4,,,,,2025-09-23 11:20:00
10.0,6.0,7.0,,,,,1017.9,,16.4,,,,,2025-09-23 11:30:00
10.0,6.0,7.0,2.2,,7.6,305.0,1017.8,,16.4,,,,,2025-09-23 11:40:00
10.0,6.0,7.0,2.2,12.0,7.6,305.0,1017.9,,16.4,,,,,2025-09-23 11:50:00
10.0,5.0,6.0,,,,,1017.9,,16.4,,,-0.8,,2025-09-23 12:00:00
10.0,6.0,7.0,,,,,1017.8,,16.3,,,,,2025-09-23 12:10:00
10.0,6.0,7.0,2.5,11.0,8.0,295.0,1017.9,,16.3,,,,,2025-09-23 12:20:00
10.0,6.0,7.0,,,,,1018.0,,16.3,,,,,2025-09-23 12:30:00
10.0,6.0,7.0,,,,,1017.9,,16.3,,,,,2025-09-23 12:40:00
360.0,6.0,7.0,2.8,12.0,8.1,294.0,1017.9,,16.3,,,,,2025-09-23 12:50:00
360.0,6.0,7.0,,,,,1017.9,,16.2,,,0.0,,2025-09-23 13:00:00
360.0,6.0,7.0,2.7,,7.9,286.0,1017.8,,16.2,,,,,2025-09-23 13:10:00
360.0,6.0,7.0,2.7,11.0,7.9,286.0,1017.8,,16.2,,,,,2025-09-23 13:20:00
360.0,6.0,7.0,,,,,1017.8,,16.2,,,,,2025-09-23 13:30:00
360.0,6.0,7.0,,,,,1017.8,,16.2,,,,,2025-09-23 13:40:00
360.0,6.0,7.0,2.6,12.0,8.0,292.0,1017.8,,16.2,,,,,2025-09-23 13:50:00
360.0,6.0,7.0,,,,,1017.8,,16.3,,,0.0,,2025-09-23 14:00:00
360.0,6.0,8.0,2.6,,7.9,293.0,1017.8,,16.3,,,,,2025-09-23 14:10:00
360.0,7.0,8.0,2.6,12.0,7.9,293.0,1017.9,,16.3,,,,,2025-09-23 14:20:00
350.0,7.0,8.0,,,,,1017.9,,16.2,,,,,2025-09-23 14:30:00
360.0,7.0,8.0,2.7,,8.0,290.0,1017.9,,16.2,,,,,2025-09-23 14:40:00
360.0,7.0,8.0,2.7,11.0,8.0,290.0,1017.8,,16.3,,,,,2025-09-23 14:50:00
10.0,6.0,8.0,,,,,1017.8,,16.2,,,0.0,,2025-09-23 15:00:00
360.0,7.0,8.0,2.3,,7.5,295.0,1017.8,,16.2,,,,,2025-09-23 15:10:00
360.0,6.0,8.0,2.3,12.0,7.5,295.0,1017.9,,16.2,,,,,2025-09-23 15:20:00
360.0,7.0,8.0,,,,,1017.8,,16.2,,,,,2025-09-23 15:30:00
360.0,7.0,8.0,2.3,,7.3,301.0,1017.7,,16.3,,,,,2025-09-23 15:40:00
360.0,7.0,8.0,2.3,11.0,7.3,301.0,1017.7,,16.2,,,,,2025-09-23 15:50:00
10.0,7.0,8.0,,,,,1017.8,,16.2,,,0.0,,2025-09-23 16:00:00
360.0,7.0,8.0,,,,,1017.8,,16.2,,,,,2025-09-23 16:10:00
360.0,7.0,8.0,2.2,11.0,7.2,291.0,1017.9,,16.1,,,,,2025-09-23 16:20:00
10.0,7.0,8.0,,,,,1017.9,,16.1,,,,,2025-09-23 16:30:00
10.0,7.0,8.0,,,,,1017.8,,16.0,,,,,2025-09-23 16:40:00
10.0,7.0,8.0,2.3,11.0,7.2,295.0,1017.8,,15.9,,,,,2025-09-23 16:50:00
10.0,7.0,8.0,,,,,1017.8,,15.8,,,0.0,,2025-09-23 17:00:00
10.0,7.0,8.0,2.1,,6.9,292.0,1017.8,,15.8,,,,,2025-09-23 17:10:00
10.0,7.0,8.0,2.1,11.0,6.9,292.0,1017.8,,15.8,,,,,2025-09-23 17:20:00
10.0,7.0,8.0,,,,,1017.8,,15.8,,,,,2025-09-23 17:30:00
10.0,7.0,8.0,2.2,,7.2,289.0,1017.8,,15.7,,,,,2025-09-23 17:40:00
10.0,7.0,8.0,2.2,11.0,7.2,289.0,1017.8,,15.7,,,,,2025-09-23 17:50:00
10.0,7.0,9.0,,,,,1017.9,,15.7,,,0.0,,2025-09-23 18:00:00
360.0,7.0,8.0,2.0,,6.7,297.0,1017.9,,15.7,,,,,2025-09-23 18:10:00
360.0,7.0,8.0,2.0,11.0,6.7,297.0,1018.0,,15.7,,,,,2025-09-23 18:20:00
360.0,7.0,8.0,,,,,1018.0,,15.7,,,,,2025-09-23 18:30:00
10.0,7.0,8.0,,,,,1018.0,,15.7,,,,,2025-09-23 18:40:00
10.0,7.0,8.0,2.0,11.0,6.8,302.0,1018.0,,15.7,,,,,2025-09-23 18:50:00
10.0,7.0,8.0,,,,,1017.9,,15.6,,,0.0,,2025-09-23 19:00:00
10.0,7.0,8.0,2.2,,7.2,295.0,1018.0,,15.7,,,,,2025-09-23 19:10:00
10.0,7.0,8.0,2.2,11.0,7.2,295.0,1017.9,,15.7,,,,,2025-09-23 19:20:00
10.0,6.0,8.0,,,,,1017.7,,15.7,,,,,2025-09-23 19:30:00
10.0,6.0,8.0,1.8,,6.6,307.0,1017.6,,15.7,,,,,2025-09-23 19:40:00
10.0,7.0,8.0,1.8,11.0,6.6,307.0,1017.7,,15.7,,,,,2025-09-23 19:50:00
10.0,6.0,8.0,,,,,1017.8,,15.7,,,0.0,,2025-09-23 20:00:00
10.0,7.0,8.0,2.2,,7.3,297.0,1017.7,,15.7,,,,,2025-09-23 20:10:00
10.0,7.0,8.0,2.2,11.0,7.3,297.0,1017.7,,15.7,,,,,2025-09-23 20:20:00
10.0,7.0,8.0,,,,,1017.6,,15.7,,,,,2025-09-23 20:30:00
10.0,7.0,8.0,1.9,,6.7,295.0,1017.5,,15.7,,,,,2025-09-23 20:40:00
10.0,7.0,8.0,1.9,10.0,6.7,295.0,1017.5,,15.7,,,,,2025-09-23 20:50:00
10.0,7.0,8.0,,,,,1017.4,,15.7,,,-0.5,,2025-09-23 21:00:00
360.0,7.0,9.0,2.0,,6.8,300.0,1017.4,,15.7,,,,,2025-09-23 21:10:00
10.0,7.0,8.0,2.0,11.0,6.8,300.0,1017.3,,15.7,,,,,2025-09-23 21:20:00
10.0,7.0,8.0,,,,,1017.3,,15.7,,,,,2025-09-23 21:30:00
360.0,7.0,8.0,1.9,,6.5,302.0,1017.3,,15.7,,,,,2025-09-23 21:40:00
360.0,7.0,9.0,1.9,11.0,6.5,302.0,1017.3,,15.7,,,,,2025-09-23 21:50:00
360.0,7.0,9.0,,,,,1017.3,,15.8,,,-0.6,,2025-09-23 22:00:00
360.0,8.0,9.0,1.9,,6.7,299.0,1017.3,,15.8,,,,,2025-09-23 22:10:00
350.0,8.0,9.0,1.9,11.0,6.7,299.0,1017.1,,15.8,,,,,2025-09-23 22:20:00
360.0,8.0,10.0,,,,,1017.1,,15.8,,,,,2025-09-23 22:30:00
360.0,8.0,9.0,,,,,1017.1,,15.8,,,,,2025-09-23 22:40:00
360.0,8.0,9.0,2.0,11.0,6.6,302.0,1017.1,,15.8,,,,,2025-09-23 22:50:00
360.0,8.0,10.0,,,,,1017.1,,15.8,,,-0.7,,2025-09-23 23:00:00
360.0,8.0,10.0,2.2,,6.9,300.0,1017.2,,15.8,,,,,2025-09-23 23:10:00
350.0,8.0,10.0,,,,,1017.1,,15.8,,,,,2025-09-23 23:40:00
360.0,9.0,10.0,2.0,11.0,6.3,305.0,1017.0,,15.8,,,,,2025-09-23 23:50:00
360.0,9.0,11.0,,,,,1016.9,,15.8,,,-0.5,,2025-09-24 00:00:00
360.0,9.0,11.0,,,,,1017.0,,15.8,,,,,2025-09-24 00:10:00
360.0,8.0,10.0,2.4,11.0,6.9,294.0,1017.1,,15.8,,,,,2025-09-24 00:20:00
350.0,8.0,10.0,,,,,1017.2,,15.8,,,,,2025-09-24 00:30:00
350.0,8.0,10.0,,,,,1017.2,,15.8,,,,,2025-09-24 00:40:00
360.0,8.0,10.0,2.2,11.0,6.7,309.0,1017.1,,15.8,,,,,2025-09-24 00:50:00
360.0,8.0,10.0,,,,,1017.1,,15.8,,,0.0,,2025-09-24 01:00:00
360.0,8.0,10.0,2.4,,6.7,295.0,1017.2,,,,,,,2025-09-24 01:10:00
350.0,9.0,11.0,2.4,11.0,6.7,295.0,1017.2,,15.7,,,,,2025-09-24 01:20:00
360.0,9.0,10.0,,,,,1017.1,,15.7,,,,,2025-09-24 01:30:00
360.0,9.0,11.0,,,,,1017.1,,15.7,,,,,2025-09-24 01:40:00
350.0,9.0,11.0,2.1,10.0,6.4,296.0,1017.2,,15.7,,,,,2025-09-24 01:50:00
360.0,9.0,11.0,,,,,1017.2,,15.7,,,0.0,,2025-09-24 02:00:00
360.0,9.0,10.0,,,,,1017.3,,15.7,,,,,2025-09-24 02:10:00
350.0,9.0,11.0,2.3,11.0,6.6,291.0,1017.3,,15.8,,,,,2025-09-24 02:20:00
350.0,9.0,11.0,,,,,1017.6,,15.8,,,,,2025-09-24 02:30:00
350.0,9.0,11.0,,,,,1017.4,,15.8,,,,,2025-09-24 02:40:00
350.0,9.0,10.0,2.5,11.0,6.8,300.0,1017.4,,15.8,,,,,2025-09-24 02:50:00
350.0,8.0,10.0,,,,,1017.6,,15.8,,,0.7,,2025-09-24 03:00:00
360.0,9.0,11.0,,,,,1017.7,,15.8,,,,,2025-09-24 03:10:00
350.0,9.0,11.0,2.4,11.0,6.6,296.0,1017.8,,15.8,,,,,2025-09-24 03:20:00
350.0,9.0,11.0,,,,,1017.8,,15.8,,,,,2025-09-24 03:30:00
350.0,9.0,10.0,,,,,1017.9,,15.7,,,,,2025-09-24 03:40:00
360.0,8.0,10.0,2.5,10.0,6.7,295.0,1017.9,,15.7,,,,,2025-09-24 03:50:00
350.0,8.0,10.0,,,,,1017.9,,15.7,,,0.8,,2025-09-24 04:00:00
350.0,8.0,10.0,2.5,,6.9,304.0,1017.9,,15.7,,,,,2025-09-24 04:10:00
350.0,8.0,10.0,2.5,11.0,6.9,304.0,1018.0,,15.7,,,,,2025-09-24 04:20:00
350.0,8.0,10.0,,,,,1018.0,,15.7,,,,,2025-09-24 04:30:00
350.0,9.0,10.0,2.4,,6.8,299.0,1017.9,,15.7,,,,,2025-09-24 04:40:00
350.0,9.0,11.0,2.4,11.0,6.8,299.0,1018.1,,15.7,,,,,2025-09-24 04:50:00
350.0,9.0,11.0,,,,,1018.2,,16.1,,,1.0,,2025-09-24 05:00:00
360.0,9.0,11.0,2.3,,6.5,307.0,1018.2,,16.1,,,,,2025-09-24 05:10:00
360.0,8.0,10.0,2.3,11.0,6.5,307.0,1018.4,,16.1,,,,,2025-09-24 05:20:00
360.0,8.0,11.0,,,,,1018.4,,16.1,,,,,2025-09-24 05:30:00
360.0,8.0,10.0,,,,,1018.4,,16.1,,,,,2025-09-24 05:40:00
360.0,8.0,11.0,2.7,11.0,6.9,306.0,1018.4,,16.1,,,,,2025-09-24 05:50:00
360.0,9.0,11.0,,,,,1018.4,,16.0,,,0.8,,2025-09-24 06:00:00
360.0,9.0,11.0,,,,,1018.5,,15.9,,,,,2025-09-24 06:10:00
360.0,9.0,11.0,2.5,11.0,6.7,305.0,1018.4,,15.8,,,,,2025-09-24 06:20:00
360.0,9.0,12.0,,,,,1018.6,,15.6,,,,,2025-09-24 06:30:00
360.0,9.0,11.0,,,,,1018.6,,15.6,,,,,2025-09-24 06:40:00
350.0,9.0,11.0,2.4,11.0,6.3,302.0,1018.7,,15.6,,,,,2025-09-24 06:50:00
360.0,9.0,12.0,,,,,1018.7,,15.5,,,0.8,,2025-09-24 07:00:00
360.0,10.0,12.0,,,,,1018.7,,15.5,,,,,2025-09-24 07:10:00
360.0,9.0,11.0,2.5,10.0,6.5,307.0,1018.7,,15.5,,,,,2025-09-24 07:20:00
360.0,10.0,12.0,,,,,1018.7,,15.5,,,,,2025-09-24 07:30:00
360.0,10.0,12.0,2.2,,6.0,297.0,1018.7,,15.5,,,,,2025-09-24 07:40:00
360.0,11.0,13.0,2.2,11.0,6.0,297.0,1018.7,,15.4,,,,,2025-09-24 07:50:00
360.0,10.0,13.0,,,,,1018.7,,15.4,,,0.5,,2025-09-24 08:00:00
360.0,10.0,12.0,,,,,1018.9,,15.4,,,,,2025-09-24 08:10:00
360.0,10.0,12.0,2.5,11.0,6.3,304.0,1018.9,,15.4,,,,,2025-09-24 08:20:00
360.0,10.0,13.0,,,,,1018.9,,15.4,,,,,2025-09-24 08:30:00
360.0,10.0,12.0,,,,,1019.1,,15.4,,,,,2025-09-24 08:40:00
360.0,10.0,12.0,2.4,11.0,6.2,305.0,1019.2,,15.3,,,,,2025-09-24 08:50:00
360.0,10.0,13.0,,,,,1019.2,,15.3,,,0.8,,2025-09-24 09:00:00
360.0,10.0,12.0,2.6,,6.1,309.0,1019.3,,15.4,,,,,2025-09-24 09:10:00
360.0,11.0,13.0,2.6,11.0,6.1,309.0,1019.4,,15.4,,,,,2025-09-24 09:20:00
360.0,11.0,13.0,,,,,1019.5,,15.4,,,,,2025-09-24 09:30:00
360.0,11.0,14.0,,,,,1019.6,,15.5,,,,,2025-09-24 09:40:00
360.0,10.0,12.0,2.6,11.0,6.0,317.0,1019.6,,15.5,,,,,2025-09-24 09:50:00
360.0,10.0,12.0,,,,,1019.5,,15.5,,,0.8,,2025-09-24 10:00:00
360.0,11.0,13.0,2.6,,6.1,314.0,1019.5,,15.6,,,,,2025-09-24 10:10:00
360.0,11.0,13.0,2.6,11.0,6.1,314.0,1019.4,,15.6,,,,,2025-09-24 10:20:00
360.0,10.0,12.0,,,,,1019.3,,15.6,,,,,2025-09-24 10:30:00
360.0,10.0,12.0,,,,,1019.3,,15.5,,,,,2025-09-24 10:40:00
360.0,10.0,12.0,2.6,10.0,6.1,302.0,1019.3,,15.6,,,,,2025-09-24 10:50:00
360.0,10.0,12.0,,,,,1019.3,,15.6,,,0.6,,2025-09-24 11:00:00
360.0,10.0,12.0,2.9,,6.4,299.0,1019.3,,15.6,,,,,2025-09-24 11:10:00
360.0,10.0,12.0,2.9,11.0,6.4,299.0,1019.3,,15.6,,,,,2025-09-24 11:20:00
360.0,10.0,13.0,,,,,1019.4,,15.6,,,,,2025-09-24 11:30:00
360.0,11.0,13.0,2.7,,6.1,298.0,1019.5,,15.6,,,,,2025-09-24 11:40:00
360.0,11.0,13.0,2.7,11.0,6.1,298.0,1019.5,,15.6,,,,,2025-09-24 11:50:00
360.0,11.0,13.0,,,,,1019.5,,15.5,,,0.3,,2025-09-24 12:00:00
360.0,11.0,13.0,2.6,,6.1,297.0,1019.5,,15.5,,,,,2025-09-24 12:10:00
360.0,11.0,13.0,2.6,11.0,6.1,297.0,1019.5,,15.5,,,,,2025-09-24 12:20:00
360.0,10.0,13.0,,,,,1019.6,,15.5,,,,,2025-09-24 12:30:00
360.0,11.0,14.0,,,,,1019.5,,15.5,,,,,2025-09-24 12:40:00
360.0,10.0,13.0,2.8,11.0,6.2,298.0,1019.6,,15.8,,,,,2025-09-24 12:50:00
360.0,10.0,13.0,,,,,1019.7,,15.8,,,0.0,,2025-09-24 13:00:00
360.0,11.0,13.0,2.8,,6.6,292.0,1019.6,,15.8,,,,,2025-09-24 13:10:00
360.0,10.0,13.0,2.8,11.0,6.6,292.0,1019.6,,15.8,,,,,2025-09-24 13:20:00
360.0,11.0,13.0,,,,,1019.5,,15.8,,,,,2025-09-24 13:30:00
360.0,10.0,13.0,,,,,1019.5,,15.8,,,,,2025-09-24 13:40:00
360.0,10.0,12.0,2.8,11.0,6.4,300.0,1019.6,,15.8,,,,,2025-09-24 13:50:00
360.0,10.0,12.0,,,,,1019.8,,15.8,,,0.5,,2025-09-24 14:00:00
360.0,10.0,12.0,2.9,,6.7,307.0,1019.9,,15.8,,,,,2025-09-24 14:10:00
360.0,10.0,11.0,2.9,11.0,6.7,307.0,1019.9,,15.8,,,,,2025-09-24 14:20:00
360.0,9.0,10.0,,,,,1019.8,,15.8,,,,,2025-09-24 14:30:00
360.0,9.0,11.0,,,,,1020.0,,15.9,,,,,2025-09-24 14:40:00
360.0,8.0,11.0,2.7,11.0,6.3,303.0,1020.1,,15.9,,,,,2025-09-24 14:50:00
360.0,9.0,11.0,,,,,1020.1,,15.9,,,0.6,,2025-09-24 15:00:00
360.0,9.0,12.0,,,,,1020.1,,15.9,,,,,2025-09-24 15:10:00
360.0,9.0,12.0,2.8,11.0,6.7,303.0,1020.1,,15.9,,,,,2025-09-24 15:20:00
360.0,9.0,12.0,,,,,1020.2,,15.9,,,,,2025-09-24 15:30:00
360.0,10.0,11.0,,,,,1020.1,,15.9,,,,,2025-09-24 15:40:00
350.0,10.0,12.0,2.7,10.0,6.6,298.0,1020.2,,15.9,,,,,2025-09-24 15:50:00
350.0,10.0,12.0,,,,,1020.3,,15.9,,,0.6,,2025-09-24 16:00:00
350.0,10.0,12.0,2.8,,6.8,292.0,1020.4,,15.9,,,,,2025-09-24 16:10:00
360.0,9.0,12.0,2.8,10.0,6.8,292.0,1020.5,,15.9,,,,,2025-09-24 16:20:00
350.0,10.0,12.0,,,,,1020.5,,15.9,,,,,2025-09-24 16:30:00
350.0,10.0,11.0,3.0,,7.0,285.0,1020.6,,15.9,,,,,2025-09-24 16:40:00
350.0,10.0,12.0,3.0,11.0,7.0,285.0,1020.6,,15.9,,,,,2025-09-24 16:50:00
350.0,10.0,12.0,,,,,1020.6,,15.9,,,0.8,,2025-09-24 17:00:00
350.0,10.0,12.0,2.7,,6.5,301.0,1020.6,,15.9,,,,,2025-09-24 17:10:00
350.0,10.0,12.0,2.7,11.0,6.5,301.0,1020.7,,15.9,,,,,2025-09-24 17:20:00
350.0,10.0,12.0,,,,,1020.8,,16.0,,,,,2025-09-24 17:30:00
360.0,10.0,13.0,2.8,,7.0,295.0,1020.8,,16.0,,,,,2025-09-24 17:40:00
350.0,10.0,13.0,2.8,11.0,7.0,295.0,1020.8,,16.0,,,,,2025-09-24 17:50:00
350.0,10.0,12.0,,,,,1020.8,,16.0,,,0.7,,2025-09-24 18:00:00
350.0,10.0,13.0,2.9,,6.8,290.0,1020.8,,16.0,,,,,2025-09-24 18:10:00
350.0,10.0,13.0,2.9,11.0,6.8,290.0,1020.9,,16.0,,,,,2025-09-24 18:20:00
350.0,10.0,12.0,,,,,1020.8,,16.0,,,,,2025-09-24 18:30:00
350.0,10.0,12.0,,,,,1020.9,,16.0,,,,,2025-09-24 18:40:00
360.0,10.0,12.0,2.7,10.0,6.4,296.0,1020.7,,16.0,,,,,2025-09-24 18:50:00
360.0,10.0,12.0,,,,,1020.7,,16.0,,,0.4,,2025-09-24 19:00:00
360.0,9.0,12.0,,,,,1020.7,,16.0,,,,,2025-09-24 19:10:00
360.0,10.0,12.0,2.7,11.0,6.5,299.0,1020.6,,16.0,,,,,2025-09-24 19:20:00
360.0,10.0,12.0,,,,,1020.5,,16.0,,,,,2025-09-24 19:30:00
360.0,10.0,12.0,2.7,,6.7,300.0,1020.7,,16.0,,,,,2025-09-24 19:40:00
350.0,10.0,13.0,2.7,11.0,6.7,300.0,1020.6,,16.0,,,,,2025-09-24 19:50:00
360.0,10.0,12.0,,,,,1020.7,,16.0,,,0.0,,2025-09-24 20:00:00
360.0,10.0,12.0,,,,,1020.7,,16.0,,,,,2025-09-24 20:10:00
360.0,10.0,13.0,2.7,11.0,6.7,293.0,1020.7,,16.0,,,,,2025-09-24 20:20:00
350.0,10.0,12.0,,,,,1020.6,,16.0,,,,,2025-09-24 20:30:00
350.0,10.0,11.0,2.7,,6.5,314.0,1020.5,,16.0,,,,,2025-09-24 20:40:00
360.0,9.0,11.0,2.7,8.0,6.5,314.0,1020.5,,16.0,,,,,2025-09-24 20:50:00
360.0,10.0,12.0,,,,,1020.5,,16.0,,,-0.3,,2025-09-24 21:00:00
350.0,10.0,12.0,,,,,1020.4,,16.0,,,,,2025-09-24 21:10:00
360.0,9.0,11.0,2.6,11.0,6.6,296.0,1020.4,,16.0,,,,,2025-09-24 21:20:00
360.0,10.0,11.0,,,,,1020.3,,16.0,,,,,2025-09-24 21:30:00
360.0,9.0,11.0,,,,,1020.3,,16.0,,,,,2025-09-24 21:40:00
360.0,10.0,11.0,2.8,11.0,6.7,307.0,1020.3,,16.0,,,,,2025-09-24 21:50:00
360.0,10.0,12.0,,,,,1020.4,,16.0,,,-0.3,,2025-09-24 22:00:00
350.0,10.0,11.0,2.6,,6.2,308.0,1020.3,,16.0,,,,,2025-09-24 22:10:00
350.0,10.0,12.0,2.6,9.0,6.2,308.0,1020.3,,16.0,,,,,2025-09-24 22:20:00
350.0,10.0,11.0,,,,,1020.3,,16.0,,,,,2025-09-24 22:30:00
360.0,10.0,12.0,,,,,1020.3,,16.0,,,,,2025-09-24 22:40:00
360.0,10.0,12.0,2.4,12.0,6.1,305.0,1020.2,,16.0,,,,,2025-09-24 22:50:00
350.0,10.0,12.0,,,,,1020.3,,16.0,,,-0.4,,2025-09-24 23:00:00
350.0,10.0,13.0,2.8,,6.5,301.0,1020.3,,16.0,,,,,2025-09-24 23:10:00
360.0,10.0,12.0,,,,,1020.3,,16.0,,,,,2025-09-24 23:30:00
,,,2.8,12.0,6.4,307.0,,,,,,,,2025-09-24 23:40:00
360.0,10.0,12.0,2.8,,6.4,307.0,1020.2,,16.0,,,,,2025-09-24 23:50:00
360.0,10.0,12.0,,,,,1020.3,,16.0,,,0.0,,2025-09-25 00:00:00
360.0,10.0,12.0,2.8,,6.5,291.0,1020.3,,16.0,,,,,2025-09-25 00:10:00
350.0,10.0,12.0,2.8,11.0,6.5,291.0,1020.3,,16.0,,,,,2025-09-25 00:20:00
350.0,10.0,12.0,,,,,1020.2,,16.0,,,,,2025-09-25 00:30:00
350.0,10.0,13.0,,,,,1020.2,,16.0,,,,,2025-09-25 00:40:00
350.0,10.0,12.0,2.6,12.0,6.5,285.0,1020.3,,16.0,,,,,2025-09-25 00:50:00
350.0,10.0,11.0,,,,,1020.3,,15.9,,,0.0,,2025-09-25 01:00:00
350.0,10.0,11.0,2.5,,6.3,300.0,1020.4,,15.9,,,,,2025-09-25 01:10:00
350.0,10.0,12.0,2.5,11.0,6.3,300.0,1020.3,,15.9,,,,,2025-09-25 01:20:00
350.0,10.0,12.0,,,,,1020.2,,15.9,,,,,2025-09-25 01:30:00
350.0,10.0,12.0,,,,,1020.2,,15.8,,,,,2025-09-25 01:40:00
350.0,10.0,12.0,2.7,11.0,6.4,296.0,1020.3,,15.8,,,,,2025-09-25 01:50:00
350.0,9.0,11.0,,,,,1020.3,,15.8,,,0.0,,2025-09-25 02:00:00
360.0,9.0,11.0,2.5,,6.2,314.0,1020.3,,15.8,,,,,2025-09-25 02:10:00
350.0,9.0,11.0,2.5,12.0,6.2,314.0,1020.3,,15.8,,,,,2025-09-25 02:20:00
360.0,9.0,11.0,,,,,1020.2,,15.8,,,,,2025-09-25 02:30:00
350.0,10.0,11.0,,,,,1020.2,,15.8,,,,,2025-09-25 02:40:00
350.0,9.0,11.0,2.8,12.0,6.6,306.0,1020.2,,15.8,,,,,2025-09-25 02:50:00
350.0,9.0,11.0,,,,,1020.2,,15.8,,,0.0,,2025-09-25 03:00:00
350.0,9.0,12.0,2.8,,6.6,298.0,1020.3,,15.7,,,,,2025-09-25 03:10:00
350.0,10.0,12.0,2.8,11.0,6.6,298.0,1020.3,,15.6,,,,,2025-09-25 03:20:00
350.0,9.0,11.0,,,,,1020.4,,15.6,,,,,2025-09-25 03:30:00
350.0,9.0,11.0,2.5,,6.3,291.0,1020.4,,15.7,,,,,2025-09-25 03:40:00
340.0,10.0,11.0,2.5,11.0,6.3,291.0,1020.5,,15.7,,,,,2025-09-25 03:50:00
350.0,10.0,12.0,,,,,1020.6,,15.8,,,0.3,,2025-09-25 04:00:00
350.0,9.0,11.0,2.7,,6.4,298.0,1020.7,,15.8,,,,,2025-09-25 04:10:00
350.0,10.0,12.0,2.7,12.0,6.4,298.0,1020.8,,15.8,,,,,2025-09-25 04:20:00
350.0,9.0,11.0,,,,,1020.7,,15.8,,,,,2025-09-25 04:30:00
350.0,9.0,12.0,,,,,1020.6,,15.8,,,,,2025-09-25 04:40:00
350.0,10.0,11.0,2.7,12.0,6.6,293.0,1020.6,,15.8,,,,,2025-09-25 04:50:00
350.0,9.0,11.0,,,,,1020.6,,15.8,,,0.3,,2025-09-25 05:00:00
340.0,9.0,11.0,,,,,1020.6,,15.8,,,,,2025-09-25 05:10:00
350.0,9.0,11.0,2.5,11.0,6.3,301.0,1020.7,,15.8,,,,,2025-09-25 05:20:00
350.0,9.0,10.0,,,,,1020.7,,15.8,,,,,2025-09-25 05:30:00
350.0,8.0,10.0,2.6,,6.5,320.0,1020.7,,15.8,,,,,2025-09-25 05:40:00
350.0,9.0,11.0,2.6,7.0,6.5,320.0,1020.7,,15.8,,,,,2025-09-25 05:50:00
340.0,8.0,10.0,,,,,1020.8,,15.8,,,0.6,,2025-09-25 06:00:00
340.0,9.0,10.0,2.4,,6.6,296.0,1020.7,,15.8,,,,,2025-09-25 06:10:00
350.0,8.0,10.0,2.4,11.0,6.6,296.0,1020.8,,15.8,,,,,2025-09-25 06:20:00
350.0,9.0,10.0,,,,,1020.8,,15.8,,,,,2025-09-25 06:30:00
350.0,8.0,10.0,2.6,,6.8,298.0,1020.8,,15.8,,,,,2025-09-25 06:40:00
350.0,8.0,10.0,2.6,11.0,6.8,298.0,1020.8,,15.8,,,,,2025-09-25 06:50:00
350.0,8.0,10.0,,,,,1020.9,,15.8,,,0.3,,2025-09-25 07:00:00
350.0,8.0,11.0,,,,,1021.0,,15.8,,,,,2025-09-25 07:10:00
350.0,8.0,10.0,2.4,11.0,6.7,295.0,1021.0,,15.8,,,,,2025-09-25 07:20:00
350.0,8.0,10.0,,,,,1021.0,,15.8,,,,,2025-09-25 07:30:00
350.0,8.0,9.0,,,,,1021.1,,15.8,,,,,2025-09-25 07:40:00
350.0,8.0,9.0,2.6,11.0,6.9,296.0,1021.0,,15.8,,,,,2025-09-25 07:50:00
350.0,8.0,9.0,,,,,1021.0,,15.8,,,0.4,,2025-09-25 08:00:00
340.0,8.0,9.0,,,,,1021.1,,15.8,,,,,2025-09-25 08:10:00
340.0,8.0,10.0,2.4,11.0,6.5,288.0,1021.1,,15.8,,,,,2025-09-25 08:20:00
340.0,8.0,10.0,,,,,1021.1,,15.8,,,,,2025-09-25 08:30:00
340.0,8.0,10.0,,,,,1021.1,,15.8,,,,,2025-09-25 08:40:00
350.0,8.0,9.0,2.3,11.0,6.4,292.0,1021.1,,15.8,,,,,2025-09-25 08:50:00
340.0,8.0,10.0,,,,,1021.2,,15.8,,,0.4,,2025-09-25 09:00:00
350.0,8.0,10.0,2.5,,6.7,305.0,1021.3,,15.8,,,,,2025-09-25 09:10:00
350.0,8.0,10.0,2.5,11.0,6.7,305.0,1021.3,,15.8,,,,,2025-09-25 09:20:00
350.0,8.0,10.0,,,,,1021.3,,15.8,,,,,2025-09-25 09:30:00
350.0,8.0,10.0,2.2,,6.4,293.0,1021.3,,15.8,,,,,2025-09-25 09:40:00
350.0,8.0,10.0,2.2,11.0,6.4,293.0,1021.3,,15.8,,,,,2025-09-25 09:50:00
350.0,8.0,10.0,,,,,1021.2,,,,,0.3,,2025-09-25 10:00:00
350.0,8.0,9.0,2.3,,6.5,304.0,1021.2,,15.8,,,,,2025-09-25 10:10:00
350.0,8.0,10.0,2.3,11.0,6.5,304.0,1021.1,,15.8,,,,,2025-09-25 10:20:00
350.0,8.0,10.0,,,,,1021.2,,15.8,,,,,2025-09-25 10:30:00
350.0,8.0,10.0,,,,,1021.2,,15.8,,,,,2025-09-25 10:40:00
350.0,8.0,9.0,2.5,11.0,6.8,306.0,1021.2,,15.8,,,,,2025-09-25 10:50:00
350.0,7.0,9.0,,,,,1021.2,,15.7,,,0.0,,2025-09-25 11:00:00
350.0,8.0,9.0,,,,,1021.3,,15.7,,,,,2025-09-25 11:10:00
350.0,8.0,10.0,2.4,11.0,6.4,299.0,1021.3,,15.7,,,,,2025-09-25 11:20:00
350.0,7.0,9.0,,,,,1021.4,,15.7,,,,,2025-09-25 11:30:00
350.0,7.0,9.0,,,,,1021.4,,15.7,,,,,2025-09-25 11:40:00
350.0,8.0,9.0,2.3,11.0,6.5,301.0,1021.5,,15.7,,,,,2025-09-25 11:50:00
360.0,8.0,10.0,,,,,1021.4,,15.7,,,0.0,,2025-09-25 12:00:00
350.0,7.0,9.0,2.4,,6.4,310.0,1021.5,,15.7,,,,,2025-09-25 12:10:00
360.0,7.0,9.0,2.4,11.0,6.4,310.0,1021.4,,15.7,,,,,2025-09-25 12:20:00
360.0,8.0,9.0,,,,,1021.6,,15.7,,,,,2025-09-25 12:30:00
360.0,7.0,9.0,2.3,,6.5,302.0,1021.6,,15.7,,,,,2025-09-25 12:40:00
350.0,8.0,10.0,2.3,11.0,6.5,302.0,1021.6,,15.7,,,,,2025-09-25 12:50:00
360.0,7.0,9.0,,,,,1021.6,,15.7,,,0.4,,2025-09-25 13:00:00
360.0,7.0,9.0,2.4,,6.4,299.0,1021.5,,15.7,,,,,2025-09-25 13:10:00
360.0,7.0,8.0,2.4,11.0,6.4,299.0,1021.6,,15.6,,,,,2025-09-25 13:20:00
360.0,6.0,8.0,,,,,1021.6,,15.6,,,,,2025-09-25 13:30:00
360.0,7.0,8.0,,,,,1021.6,,15.6,,,,,2025-09-25 13:40:00
360.0,7.0,8.0,2.3,11.0,6.3,300.0,1021.7,,15.6,,,,,2025-09-25 13:50:00
360.0,7.0,8.0,,,,,1021.8,,15.6,,,0.6,,2025-09-25 14:00:00
360.0,7.0,8.0,,,,,1022.0,,15.6,,,,,2025-09-25 14:10:00
360.0,6.0,8.0,2.5,11.0,6.9,299.0,1022.0,,15.6,,,,,2025-09-25 14:20:00
350.0,7.0,8.0,,,,,1022.3,,15.6,,,,,2025-09-25 14:30:00
340.0,7.0,8.0,,,,,1022.4,,15.6,,,,,2025-09-25 14:40:00
340.0,7.0,9.0,2.3,11.0,6.5,294.0,1022.6,,15.6,,,,,2025-09-25 14:50:00
340.0,7.0,8.0,,,,,1022.7,,15.6,,,1.3,,2025-09-25 15:00:00
340.0,7.0,8.0,2.3,,6.6,295.0,1022.7,,15.6,,,,,2025-09-25 15:10:00
340.0,7.0,8.0,2.3,11.0,6.6,295.0,1022.8,,15.7,,,,,2025-09-25 15:20:00
340.0,7.0,9.0,,,,,1022.8,,15.7,,,,,2025-09-25 15:30:00
340.0,7.0,8.0,2.4,,6.6,301.0,1022.9,,15.7,,,,,2025-09-25 15:40:00
340.0,7.0,8.0,2.4,11.0,6.6,301.0,1023.1,,15.7,,,,,2025-09-25 15:50:00
340.0,6.0,8.0,,,,,1023.2,,15.7,,,1.6,,2025-09-25 16:00:00
340.0,7.0,8.0,2.2,,6.5,297.0,1023.3,,15.7,,,,,2025-09-25 16:10:00
340.0,7.0,8.0,2.2,11.0,6.5,297.0,1023.4,,15.7,,,,,2025-09-25 16:20:00
330.0,7.0,9.0,,,,,1023.6,,15.7,,,,,2025-09-25 16:30:00
330.0,7.0,9.0,,,,,1023.6,,15.7,,,,,2025-09-25 16:40:00
340.0,6.0,8.0,2.1,11.0,6.5,307.0,1023.5,,15.7,,,,,2025-09-25 16:50:00
340.0,6.0,7.0,,,,,1023.5,,15.7,,,1.7,,2025-09-25 17:00:00
350.0,5.0,6.0,,,,,1023.4,,15.7,,,,,2025-09-25 17:10:00
350.0,5.0,6.0,2.4,11.0,6.8,301.0,1023.3,,15.7,,,,,2025-09-25 17:20:00
350.0,5.0,6.0,,,,,1023.3,,15.7,,,,,2025-09-25 17:30:00
350.0,4.0,6.0,,,,,1023.3,,15.7,,,,,2025-09-25 17:40:00
350.0,4.0,5.0,2.1,11.0,6.8,300.0,1023.1,,15.7,,,,,2025-09-25 17:50:00
350.0,4.0,5.0,,,,,1023.2,,15.7,,,0.5,,2025-09-25 18:00:00
340.0,4.0,5.0,2.1,,6.8,288.0,1023.3,,15.7,,,,,2025-09-25 18:10:00
340.0,5.0,6.0,2.1,11.0,6.8,288.0,1023.4,,15.7,,,,,2025-09-25 18:20:00
330.0,5.0,6.0,,,,,1023.4,,15.7,,,,,2025-09-25 18:30:00
340.0,4.0,6.0,2.2,,7.3,295.0,1023.4,,15.7,,,,,2025-09-25 18:40:00
340.0,4.0,5.0,2.2,11.0,7.3,295.0,1023.5,,15.8,,,,,2025-09-25 18:50:00
340.0,4.0,5.0,,,,,1023.4,,15.8,,,0.0,,2025-09-25 19:00:00
330.0,4.0,5.0,1.9,,6.8,287.0,1023.4,,15.8,,,,,2025-09-25 19:10:00
340.0,3.0,5.0,1.9,11.0,6.8,287.0,1023.2,,15.8,,,,,2025-09-25 19:20:00
340.0,3.0,4.0,,,,,1023.1,,15.8,,,,,2025-09-25 19:30:00
330.0,3.0,4.0,,,,,1023.0,,15.8,,,,,2025-09-25 19:40:00
330.0,3.0,3.0,1.9,11.0,6.9,294.0,1023.0,,15.8,,,,,2025-09-25 19:50:00
330.0,3.0,4.0,,,,,1023.2,,15.8,,,-0.3,,2025-09-25 20:00:00
320.0,4.0,5.0,,,,,1023.3,,15.8,,,,,2025-09-25 20:10:00
310.0,5.0,6.0,1.9,10.0,7.1,298.0,1023.1,,15.8,,,,,2025-09-25 20:20:00
320.0,3.0,5.0,,,,,1023.0,,15.8,,,,,2025-09-25 20:30:00
320.0,3.0,4.0,1.9,,7.0,292.0,1022.8,,15.8,,,,,2025-09-25 20:40:00
310.0,4.0,5.0,1.9,11.0,7.0,292.0,1022.9,,15.8,,,,,2025-09-25 20:50:00
300.0,4.0,5.0,,,,,1022.8,,15.9,,,-0.4,,2025-09-25 21:00:00
300.0,4.0,4.0,1.8,,7.0,292.0,1022.8,,15.9,,,,,2025-09-25 21:10:00
310.0,3.0,4.0,1.8,11.0,7.0,292.0,1022.7,,15.9,,,,,2025-09-25 21:20:00
310.0,3.0,4.0,,,,,1022.9,,15.9,,,,,2025-09-25 21:30:00
310.0,3.0,4.0,,,,,1022.9,,15.9,,,,,2025-09-25 21:40:00
320.0,3.0,4.0,1.9,10.0,7.3,296.0,1022.9,,15.9,,,,,2025-09-25 21:50:00
310.0,3.0,4.0,,,,,1023.0,,15.9,,,-0.4,,2025-09-25 22:00:00
310.0,4.0,4.0,,,,,1022.8,,15.9,,,,,2025-09-25 22:10:00
320.0,4.0,5.0,1.7,11.0,6.9,295.0,1022.9,,15.9,,,,,2025-09-25 22:20:00
310.0,3.0,4.0,,,,,1022.9,,15.9,,,,,2025-09-25 22:30:00
320.0,3.0,4.0,,,,,1022.7,,15.9,,,,,2025-09-25 22:40:00
320.0,3.0,4.0,1.8,10.0,7.2,300.0,1022.7,,15.9,,,,,2025-09-25 22:50:00
320.0,3.0,3.0,,,,,1022.6,,15.9,,,-0.6,,2025-09-25 23:00:00
320.0,3.0,4.0,1.7,,6.9,299.0,1022.6,,15.9,,,,,2025-09-25 23:10:00
310.0,2.0,3.0,,,,,1022.5,,15.9,,,,,2025-09-25 23:40:00
310.0,1.0,2.0,1.8,10.0,7.1,294.0,1022.4,,15.9,,,,,2025-09-25 23:50:00
300.0,1.0,2.0,,,,,1022.4,,15.9,,,-0.4,,2025-09-26 00:00:00
290.0,2.0,3.0,1.9,,7.3,302.0,1022.5,,16.0,,,,,2025-09-26 00:10:00
290.0,2.0,3.0,1.9,10.0,7.3,302.0,1022.6,,16.0,,,,,2025-09-26 00:20:00
290.0,2.0,3.0,,,,,1022.6,,,,,,,2025-09-26 00:30:00
280.0,2.0,2.0,1.7,,7.1,301.0,1022.6,,15.9,,,,,2025-09-26 00:40:00
280.0,2.0,3.0,1.7,10.0,7.1,301.0,1022.6,,15.9,,,,,2025-09-26 00:50:00
280.0,3.0,3.0,,,,,1022.6,,15.9,,,-0.4,,2025-09-26 01:00:00
280.0,3.0,3.0,1.7,,7.3,302.0,1022.6,,15.9,,,,,2025-09-26 01:10:00
280.0,3.0,4.0,1.7,10.0,7.3,302.0,1022.6,,15.9,,,,,2025-09-26 01:20:00
290.0,3.0,3.0,,,,,1022.5,,15.9,,,,,2025-09-26 01:30:00
290.0,3.0,4.0,,,,,1022.4,,15.9,,,,,2025-09-26 01:40:00
290.0,3.0,3.0,1.6,10.0,7.4,297.0,1022.5,,15.9,,,,,2025-09-26 01:50:00
290.0,2.0,3.0,,,,,1022.4,,15.9,,,0.0,,2025-09-26 02:00:00
290.0,2.0,3.0,,,,,1022.5,,15.9,,,,,2025-09-26 02:10:00
290.0,2.0,3.0,1.7,10.0,7.1,286.0,1022.7,,15.9,,,,,2025-09-26 02:20:00
290.0,2.0,3.0,,,,,1022.5,,15.9,,,,,2025-09-26 02:30:00
280.0,1.0,2.0,,,,,1022.2,,15.9,,,,,2025-09-26 02:40:00
280.0,1.0,2.0,1.6,9.0,7.1,298.0,1022.2,,15.8,,,,,2025-09-26 02:50:00
270.0,1.0,2.0,,,,,1022.4,,15.8,,,0.0,,2025-09-26 03:00:00
,0.0,1.0,1.7,,7.1,301.0,1022.4,,15.8,,,,,2025-09-26 03:10:00
,0.0,0.0,1.7,10.0,7.1,301.0,1022.5,,15.8,,,,,2025-09-26 03:20:00
,0.0,0.0,,,,,1022.4,,15.8,,,,,2025-09-26 03:30:00
,0.0,1.0,,,,,1022.5,,15.8,,,,,2025-09-26 03:40:00
180.0,1.0,1.0,1.7,10.0,7.1,299.0,1022.4,,15.7,,,,,2025-09-26 03:50:00
,0.0,1.0,,,,,1022.3,,15.7,,,-0.3,,2025-09-26 04:00:00
180.0,1.0,1.0,1.8,,7.4,295.0,1022.4,,15.7,,,,,2025-09-26 04:10:00
180.0,1.0,1.0,1.8,10.0,7.4,295.0,1022.3,,15.7,,,,,2025-09-26 04:20:00
160.0,1.0,2.0,,,,,1022.4,,15.7,,,,,2025-09-26 04:30:00
160.0,1.0,2.0,1.7,,7.0,287.0,1022.4,,15.6,,,,,2025-09-26 04:40:00
180.0,1.0,2.0,1.7,10.0,7.0,287.0,1022.6,,15.6,,,,,2025-09-26 04:50:00
200.0,1.0,2.0,,,,,1022.6,,15.6,,,-0.0,,2025-09-26 05:00:00
200.0,1.0,2.0,1.7,,7.1,285.0,1022.5,,15.6,,,,,2025-09-26 05:10:00
200.0,2.0,2.0,1.7,10.0,7.1,285.0,1022.5,,15.6,,,,,2025-09-26 05:20:00
190.0,2.0,2.0,,,,,1022.5,,15.6,,,,,2025-09-26 05:30:00
200.0,2.0,3.0,,,,,1022.5,,15.6,,,,,2025-09-26 05:40:00
210.0,2.0,3.0,1.8,10.0,7.4,290.0,1022.5,,15.6,,,,,2025-09-26 05:50:00
210.0,2.0,3.0,,,,,1022.6,,15.6,,,0.0,,2025-09-26 06:00:00
220.0,2.0,3.0,,,,,1022.5,,15.6,,,,,2025-09-26 06:10:00
220.0,2.0,3.0,1.8,10.0,7.6,292.0,1022.4,,15.6,,,,,2025-09-26 06:20:00
230.0,2.0,2.0,,,,,1022.5,,15.7,,,,,2025-09-26 06:30:00
230.0,2.0,2.0,1.6,,7.4,300.0,1022.5,,15.8,,,,,2025-09-26 06:40:00
240.0,2.0,2.0,1.6,11.0,7.4,300.0,1022.5,,15.8,,,,,2025-09-26 06:50:00
230.0,2.0,2.0,,,,,1022.5,,15.8,,,0.0,,2025-09-26 07:00:00
230.0,2.0,3.0,1.8,,7.9,301.0,1022.4,,15.8,,,,,2025-09-26 07:10:00
230.0,2.0,3.0,1.8,10.0,7.9,301.0,1022.5,,15.8,,,,,2025-09-26 07:20:00
230.0,2.0,3.0,,,,,1022.3,,15.8,,,,,2025-09-26 07:30:00
220.0,2.0,3.0,1.6,,7.7,296.0,1022.3,,15.8,,,,,2025-09-26 07:40:00
220.0,2.0,3.0,1.6,11.0,7.7,296.0,1022.3,,15.8,,,,,2025-09-26 07:50:00
230.0,2.0,3.0,,,,,1022.3,,15.9,,,-0.3,,2025-09-26 08:00:00
290.0,3.0,4.0,,,,,1022.4,,15.9,,,,,2025-09-26 08:10:00
310.0,3.0,4.0,2.0,11.0,8.3,299.0,1022.4,,15.9,,,,,2025-09-26 08:20:00
310.0,2.0,3.0,,,,,1022.3,,15.9,,,,,2025-09-26 08:30:00
310.0,2.0,2.0,,,,,1022.3,,15.9,,,,,2025-09-26 08:40:00
310.0,1.0,2.0,2.0,11.0,8.4,300.0,1022.2,,15.9,,,,,2025-09-26 08:50:00
290.0,1.0,2.0,,,,,1021.9,,15.9,,,-0.7,,2025-09-26 09:00:00
,0.0,1.0,,,,,1021.9,,15.9,,,,,2025-09-26 09:10:00
,0.0,1.0,1.9,11.0,8.2,301.0,1021.8,,15.9,,,,,2025-09-26 09:20:00
,0.0,0.0,,,,,1021.6,,15.9,,,,,2025-09-26 09:30:00
,0.0,1.0,,,,,1021.5,,15.9,,,,,2025-09-26 09:40:00
180.0,1.0,2.0,1.7,11.0,7.9,308.0,1021.5,,16.0,,,,,2025-09-26 09:50:00
160.0,1.0,2.0,,,,,1021.4,,15.9,,,-1.1,,2025-09-26 10:00:00
,,,2.0,12.0,8.3,302.0,,,,,,,,2025-09-26 10:10:00
160.0,1.0,2.0,2.0,,8.3,302.0,1021.5,,15.9,,,,,2025-09-26 10:20:00
200.0,1.0,1.0,,,,,1021.6,,15.9,,,,,2025-09-26 10:30:00
200.0,1.0,2.0,2.1,,8.6,295.0,1021.6,,15.9,,,,,2025-09-26 10:40:00
190.0,1.0,2.0,2.1,12.0,8.6,295.0,1021.5,,15.9,,,,,2025-09-26 10:50:00
190.0,1.0,2.0,,,,,1021.5,,15.9,,,-0.8,,2025-09-26 11:00:00
190.0,2.0,2.0,,,,,1021.5,,15.8,,,,,2025-09-26 11:10:00
180.0,2.0,3.0,2.0,11.0,8.5,298.0,1021.5,,15.8,,,,,2025-09-26 11:20:00
180.0,2.0,2.0,,,,,1021.4,,15.8,,,,,2025-09-26 11:30:00
170.0,2.0,3.0,2.0,,8.4,297.0,1021.5,,15.8,,,,,2025-09-26 11:40:00
170.0,1.0,2.0,2.0,10.0,8.4,297.0,1021.6,,15.8,,,,,2025-09-26 11:50:00
170.0,1.0,2.0,,,,,1021.6,,15.8,,,-0.3,,2025-09-26 12:00:00
170.0,1.0,2.0,,,,,1021.6,,15.7,,,,,2025-09-26 12:10:00
180.0,1.0,2.0,1.8,12.0,8.4,299.0,1021.7,,15.7,,,,,2025-09-26 12:20:00
180.0,1.0,2.0,,,,,1021.7,,15.7,,,,,2025-09-26 12:30:00
180.0,1.0,2.0,,,,,1021.7,,,,,,,2025-09-26 12:40:00
190.0,1.0,2.0,2.1,10.0,8.4,303.0,1021.8,,15.7,,,,,2025-09-26 12:50:00
200.0,1.0,2.0,,,,,1021.8,,15.7,,,0.4,,2025-09-26 13:00:00
210.0,2.0,2.0,,,,,1021.9,,15.7,,,,,2025-09-26 13:10:00
200.0,2.0,2.0,2.2,11.0,8.8,300.0,1021.9,,15.7,,,,,2025-09-26 13:20:00
200.0,2.0,3.0,,,,,1021.9,,15.7,,,,,2025-09-26 13:30:00
200.0,2.0,3.0,,,,,1022.0,,15.7,,,,,2025-09-26 13:40:00
190.0,2.0,3.0,2.1,11.0,8.6,309.0,1022.0,,15.7,,,,,2025-09-26 13:50:00
180.0,2.0,3.0,,,,,1021.7,,15.7,,,0.0,,2025-09-26 14:00:00
170.0,2.0,3.0,,,,,1021.7,,15.7,,,,,2025-09-26 14:10:00
160.0,2.0,4.0,2.3,11.0,8.6,291.0,1021.6,,15.7,,,,,2025-09-26 14:20:00
160.0,2.0,3.0,,,,,1021.6,,15.7,,,,,2025-09-26 14:30:00
160.0,2.0,3.0,2.2,,8.6,298.0,1021.7,,15.7,,,,,2025-09-26 14:40:00
160.0,3.0,4.0,2.2,11.0,8.6,298.0,1021.5,,15.7,,,,,2025-09-26 14:50:00
160.0,3.0,4.0,,,,,1021.6,,15.7,,,0.0,,2025-09-26 15:00:00
160.0,3.0,4.0,2.4,,8.4,294.0,1021.7,,15.7,,,,,2025-09-26 15:10:00
160.0,3.0,4.0,2.4,11.0,8.4,294.0,1021.6,,15.7,,,,,2025-09-26 15:20:00
160.0,3.0,4.0,,,,,1021.8,,15.7,,,,,2025-09-26 15:30:00
170.0,3.0,4.0,,,,,1021.9,,15.7,,,,,2025-09-26 15:40:00
170.0,3.0,4.0,2.2,10.0,8.3,299.0,1022.0,,15.7,,,,,2025-09-26 15:50:00
180.0,3.0,4.0,,,,,1022.0,,15.7,,,-0.0,,2025-09-26 16:00:00
190.0,3.0,4.0,2.6,,8.7,296.0,1022.0,,15.7,,,,,2025-09-26 16:10:00
200.0,3.0,4.0,2.6,11.0,8.7,296.0,1022.1,,15.7,,,,,2025-09-26 16:20:00
200.0,3.0,4.0,,,,,1022.1,,15.7,,,,,2025-09-26 16:30:00
190.0,3.0,4.0,,,,,1022.2,,15.7,,,,,2025-09-26 16:40:00
200.0,3.0,4.0,2.6,10.0,8.6,298.0,1022.2,,15.8,,,,,2025-09-26 16:50:00
200.0,3.0,4.0,,,,,1022.1,,15.8,,,0.4,,2025-09-26 17:00:00
210.0,4.0,4.0,2.5,,8.7,291.0,1022.1,,15.8,,,,,2025-09-26 17:10:00
210.0,4.0,4.0,2.5,12.0,8.7,291.0,1022.0,,15.8,,,,,2025-09-26 17:20:00
200.0,4.0,4.0,,,,,1022.0,,15.8,,,,,2025-09-26 17:30:00
200.0,4.0,5.0,,,,,1022.0,,15.8,,,,,2025-09-26 17:40:00
190.0,4.0,5.0,2.9,10.0,8.9,292.0,1022.1,,15.8,,,,,2025-09-26 17:50:00
190.0,4.0,5.0,,,,,1022.1,,15.8,,,0.5,,2025-09-26 18:00:00
190.0,4.0,5.0,2.8,,9.0,287.0,1022.1,,15.8,,,,,2025-09-26 18:10:00
190.0,4.0,5.0,2.8,11.0,9.0,287.0,1021.9,,15.9,,,,,2025-09-26 18:20:00
190.0,4.0,5.0,,,,,1022.0,,15.9,,,,,2025-09-26 18:30:00
190.0,4.0,5.0,2.7,,8.8,282.0,1021.9,,15.9,,,,,2025-09-26 18:40:00
190.0,4.0,5.0,2.7,10.0,8.8,282.0,1021.9,,15.9,,,,,2025-09-26 18:50:00
200.0,4.0,5.0,2.5,,8.8,284.0,1021.8,,15.9,,,0.0,,2025-09-26 19:00:00
200.0,4.0,5.0,2.5,,8.8,284.0,1021.7,,16.0,,,,,2025-09-26 19:10:00
200.0,4.0,5.0,2.5,,8.8,284.0,1021.6,,16.0,,,,,2025-09-26 19:20:00
190.0,5.0,5.0,,,,,1021.5,,16.0,,,,,2025-09-26 19:30:00
190.0,4.0,5.0,2.7,,8.9,285.0,1021.3,,16.0,,,,,2025-09-26 19:40:00
180.0,5.0,6.0,2.7,13.0,8.9,285.0,1021.2,,15.9,,,,,2025-09-26 19:50:00
190.0,5.0,6.0,,,,,1021.1,,16.0,,,-1.0,,2025-09-26 20:00:00
190.0,5.0,6.0,2.8,,9.2,286.0,1021.1,,16.0,,,,,2025-09-26 20:10:00
190.0,5.0,6.0,2.8,12.0,9.2,286.0,1021.1,,16.0,,,,,2025-09-26 20:20:00
190.0,5.0,6.0,,,,,1020.9,,16.0,,,,,2025-09-26 20:30:00
190.0,6.0,6.0,,,,,1020.7,,16.0,,,,,2025-09-26 20:40:00
190.0,5.0,7.0,2.9,15.0,9.3,294.0,1020.5,,16.0,,,,,2025-09-26 20:50:00
180.0,5.0,6.0,,,,,1020.4,,16.0,,,-1.7,,2025-09-26 21:00:00
180.0,5.0,6.0,,,,,1020.5,,16.1,,,,,2025-09-26 21:10:00
180.0,5.0,7.0,3.1,15.0,9.5,289.0,1020.4,,16.1,,,,,2025-09-26 21:20:00
190.0,5.0,6.0,,,,,1020.4,,16.1,,,,,2025-09-26 21:30:00
190.0,4.0,6.0,3.1,,9.7,292.0,1020.4,,16.1,,,,,2025-09-26 21:40:00
190.0,4.0,5.0,3.1,14.0,9.7,292.0,1020.2,,16.1,,,,,2025-09-26 21:50:00
190.0,4.0,6.0,,,,,1020.2,,,,,-1.6,,2025-09-26 22:00:00
190.0,4.0,5.0,,,,,1020.1,,16.2,,,,,2025-09-26 22:10:00
200.0,4.0,5.0,3.2,13.0,9.8,294.0,1020.1,,16.2,,,,,2025-09-26 22:20:00
190.0,4.0,5.0,,,,,1020.0,,16.2,,,,,2025-09-26 22:30:00
200.0,4.0,5.0,,,,,1019.9,,16.2,,,,,2025-09-26 22:40:00
190.0,4.0,5.0,2.9,14.0,9.8,286.0,1019.7,,16.3,,,,,2025-09-26 22:50:00
200.0,4.0,5.0,,,,,1019.7,,16.4,,,-1.4,,2025-09-26 23:00:00
200.0,4.0,4.0,3.3,,10.6,295.0,1019.7,,16.4,,,,,2025-09-26 23:10:00
210.0,4.0,5.0,3.1,,10.5,285.0,1019.6,,16.4,,,,,2025-09-26 23:40:00
210.0,4.0,5.0,3.1,15.0,10.5,285.0,1019.5,,16.4,,,,,2025-09-26 23:50:00
210.0,4.0,5.0,,,,,1019.5,,16.3,,,-0.9,,2025-09-27 00:00:00
200.0,4.0,4.0,3.5,,10.8,299.0,1019.3,,16.3,,,,,2025-09-27 00:10:00
210.0,4.0,5.0,3.5,15.0,10.8,299.0,1019.4,,16.3,,,,,2025-09-27 00:20:00
200.0,4.0,5.0,,,,,1019.3,,16.3,,,,,2025-09-27 00:30:00
200.0,4.0,5.0,,,,,1019.2,,16.3,,,,,2025-09-27 00:40:00
200.0,4.0,4.0,3.2,15.0,10.0,303.0,1019.2,,16.3,,,,,2025-09-27 00:50:00
210.0,4.0,5.0,,,,,1019.2,,16.3,,,-1.0,,2025-09-27 01:00:00
210.0,4.0,4.0,3.6,,10.7,302.0,1019.1,,16.3,,,,,2025-09-27 01:10:00
210.0,4.0,5.0,3.6,15.0,10.7,302.0,1018.9,,16.3,,,,,2025-09-27 01:20:00
210.0,4.0,5.0,,,,,1018.8,,16.3,,,,,2025-09-27 01:30:00
200.0,4.0,5.0,3.5,,10.2,297.0,1018.7,,16.3,,,,,2025-09-27 01:40:00
210.0,4.0,5.0,3.5,15.0,10.2,297.0,1018.6,,16.3,,,,,2025-09-27 01:50:00
210.0,4.0,5.0,,,,,1018.7,,16.3,,,-1.0,,2025-09-27 02:00:00
210.0,4.0,5.0,,,,,1018.5,,16.3,,,,,2025-09-27 02:10:00
220.0,3.0,4.0,3.2,14.0,9.6,304.0,1018.3,,16.3,,,,,2025-09-27 02:20:00
210.0,3.0,4.0,,,,,1018.3,,16.3,,,,,2025-09-27 02:30:00
190.0,3.0,4.0,,,,,1018.2,,16.3,,,,,2025-09-27 02:40:00
190.0,3.0,4.0,3.2,14.0,9.8,310.0,1018.1,,16.1,,,,,2025-09-27 02:50:00
190.0,3.0,4.0,,,,,1018.0,,16.1,,,-1.5,,2025-09-27 03:00:00
200.0,3.0,4.0,3.3,,9.9,310.0,1017.9,,16.1,,,,,2025-09-27 03:10:00
210.0,3.0,3.0,3.3,14.0,9.9,310.0,1017.8,,16.1,,,,,2025-09-27 03:20:00
210.0,2.0,3.0,,,,,1017.8,,16.1,,,,,2025-09-27 03:30:00
220.0,2.0,3.0,,,,,1017.9,,16.2,,,,,2025-09-27 03:40:00
240.0,2.0,3.0,3.7,15.0,10.6,301.0,1017.8,,16.2,,,,,2025-09-27 03:50:00
230.0,2.0,4.0,,,,,1017.7,,16.0,,,-1.5,,2025-09-27 04:00:00
200.0,2.0,3.0,3.6,,10.4,305.0,1017.6,,16.0,,,,,2025-09-27 04:10:00
200.0,2.0,3.0,3.6,14.0,10.4,305.0,1017.6,,16.0,,,,,2025-09-27 04:20:00
210.0,2.0,3.0,,,,,1017.6,,16.0,,,,,2025-09-27 04:30:00
210.0,2.0,3.0,3.4,,10.3,303.0,1017.5,,16.0,,,,,2025-09-27 04:40:00
210.0,2.0,2.0,3.4,12.0,10.3,303.0,1017.4,,16.0,,,,,2025-09-27 04:50:00
200.0,1.0,2.0,,,,,1017.3,,16.1,,,-1.4,,2025-09-27 05:00:00
190.0,1.0,2.0,3.2,,10.3,306.0,1017.1,,16.1,,,,,2025-09-27 05:10:00
190.0,1.0,3.0,3.2,15.0,10.3,306.0,1016.9,,16.1,,,,,2025-09-27 05:20:00
170.0,2.0,4.0,,,,,1016.7,,16.1,,,,,2025-09-27 05:30:00
180.0,2.0,3.0,,,,,1016.7,,16.2,,,,,2025-09-27 05:40:00
190.0,1.0,3.0,3.7,16.0,11.0,296.0,1016.5,,16.2,,,,,2025-09-27 05:50:00
190.0,1.0,3.0,,,,,1016.4,,16.2,,,-1.6,,2025-09-27 06:00:00
170.0,2.0,3.0,,,,,1016.3,,16.2,,,,,2025-09-27 06:10:00
160.0,2.0,3.0,3.4,15.0,10.6,306.0,1016.1,,16.2,,,,,2025-09-27 06:20:00
170.0,2.0,4.0,,,,,1016.0,,16.3,,,,,2025-09-27 06:30:00
170.0,2.0,3.0,,,,,1016.0,,16.3,,,,,2025-09-27 06:40:00
180.0,2.0,3.0,3.8,15.0,11.1,299.0,1015.9,,16.3,,,,,2025-09-27 06:50:00
180.0,2.0,3.0,,,,,1016.0,,16.3,,,-1.7,,2025-09-27 07:00:00
190.0,2.0,3.0,,,,,1015.9,,16.4,,,,,2025-09-27 07:10:00
200.0,1.0,3.0,3.7,15.0,11.1,303.0,1015.8,,16.4,,,,,2025-09-27 07:20:00
200.0,1.0,2.0,,,,,1015.8,,16.4,,,,,2025-09-27 07:30:00
220.0,1.0,2.0,3.8,,11.0,297.0,1015.7,,16.4,,,,,2025-09-27 07:40:00
210.0,1.0,2.0,3.8,15.0,11.0,297.0,1015.5,,16.3,,,,,2025-09-27 07:50:00
180.0,1.0,3.0,,,,,1015.4,,,,,-1.9,,2025-09-27 08:00:00
170.0,2.0,3.0,,,,,1015.3,,16.3,,,,,2025-09-27 08:10:00
160.0,2.0,3.0,3.7,15.0,11.0,299.0,1015.2,,16.3,,,,,2025-09-27 08:20:00
190.0,2.0,3.0,,,,,1015.1,,16.3,,,,,2025-09-27 08:30:00
200.0,2.0,3.0,,,,,1014.9,,16.3,,,,,2025-09-27 08:40:00
210.0,2.0,2.0,3.6,13.0,10.5,303.0,1015.0,,16.3,,,,,2025-09-27 08:50:00
220.0,2.0,2.0,,,,,1014.8,,16.3,,,-1.6,,2025-09-27 09:00:00
210.0,2.0,3.0,,,,,1014.7,,16.2,,,,,2025-09-27 09:10:00
220.0,2.0,2.0,3.4,15.0,10.6,298.0,1014.6,,16.2,,,,,2025-09-27 09:20:00
210.0,2.0,2.0,,,,,1014.5,,16.2,,,,,2025-09-27 09:30:00
230.0,1.0,2.0,,,,,1014.4,,16.2,,,,,2025-09-27 09:40:00
260.0,2.0,3.0,3.5,13.0,10.4,293.0,1014.1,,16.3,,,,,2025-09-27 09:50:00
260.0,2.0,3.0,,,,,1013.9,,16.3,,,-2.1,,2025-09-27 10:00:00
250.0,2.0,3.0,3.7,,10.7,294.0,1013.7,,16.3,,,,,2025-09-27 10:10:00
260.0,2.0,3.0,3.7,14.0,10.7,294.0,1013.7,,16.3,,,,,2025-09-27 10:20:00
260.0,1.0,3.0,,,,,1013.6,,16.3,,,,,2025-09-27 10:30:00
260.0,1.0,3.0,,,,,1013.6,,16.3,,,,,2025-09-27 10:40:00
250.0,1.0,2.0,3.7,15.0,10.8,299.0,1013.6,,16.3,,,,,2025-09-27 10:50:00
240.0,1.0,2.0,,,,,1013.6,,16.3,,,-1.8,,2025-09-27 11:00:00
,0.0,2.0,3.9,,10.8,293.0,1013.3,,16.3,,,,,2025-09-27 11:10:00
,0.0,2.0,3.9,14.0,10.8,293.0,1013.2,,,,,,,2025-09-27 11:20:00
,0.0,1.0,,,,,1013.2,,16.3,,,,,2025-09-27 11:30:00
,0.0,2.0,3.8,,10.7,299.0,1013.1,,16.3,,,,,2025-09-27 11:40:00
,0.0,2.0,3.8,16.0,10.7,299.0,1012.9,,16.3,,,,,2025-09-27 11:50:00
,0.0,1.0,,,,,1012.8,,16.3,,,-2.0,,2025-09-27 12:00:00
,0.0,2.0,3.3,,10.6,304.0,1012.7,,16.2,,,,,2025-09-27 12:10:00
,0.0,1.0,3.3,15.0,10.6,304.0,1012.6,,16.2,,,,,2025-09-27 12:20:00
140.0,1.0,2.0,,,,,1012.5,,16.2,,,,,2025-09-27 12:30:00
140.0,1.0,3.0,,,,,1012.4,,16.2,,,,,2025-09-27 12:40:00
150.0,1.0,3.0,3.7,14.0,10.3,297.0,1012.3,,16.3,,,,,2025-09-27 12:50:00
150.0,1.0,2.0,,,,,1012.3,,16.3,,,-1.6,,2025-09-27 13:00:00
,0.0,2.0,3.6,,10.1,296.0,1012.1,,16.3,,,,,2025-09-27 13:10:00
,0.0,1.0,3.6,15.0,10.1,296.0,1012.0,,16.3,,,,,2025-09-27 13:20:00
,0.0,1.0,,,,,1011.9,,16.3,,,,,2025-09-27 13:30:00
,0.0,1.0,,,,,1011.7,,16.3,,,,,2025-09-27 13:40:00
,0.0,1.0,3.4,11.0,10.0,298.0,1011.6,,16.3,,,,,2025-09-27 13:50:00
80.0,1.0,2.0,,,,,1011.5,,16.3,,,-2.1,,2025-09-27 14:00:00
,0.0,1.0,3.6,,9.9,304.0,1011.5,,16.3,,,,,2025-09-27 14:10:00
,0.0,2.0,3.6,15.0,9.9,304.0,1011.5,,16.3,,,,,2025-09-27 14:20:00
140.0,1.0,3.0,,,,,1011.5,,16.3,,,,,2025-09-27 14:30:00
130.0,1.0,3.0,,,,,1011.5,,16.3,,,,,2025-09-27 14:40:00
,0.0,2.0,3.4,13.0,9.3,306.0,1011.5,,16.3,,,,,2025-09-27 14:50:00
130.0,1.0,3.0,,,,,1011.6,,16.3,,,-1.2,,2025-09-27 15:00:00
160.0,1.0,2.0,3.7,,9.7,292.0,1011.7,,16.3,,,,,2025-09-27 15:10:00
180.0,1.0,2.0,3.7,15.0,9.7,292.0,1011.7,,16.3,,,,,2025-09-27 15:20:00
220.0,1.0,2.0,,,,,1011.9,,16.3,,,,,2025-09-27 15:30:00
220.0,1.0,2.0,,,,,1011.8,,16.3,,,,,2025-09-27 15:40:00
220.0,1.0,2.0,3.3,14.0,9.4,304.0,1011.7,,16.3,,,,,2025-09-27 15:50:00
220.0,1.0,2.0,,,,,1011.7,,16.3,,,-0.6,,2025-09-27 16:00:00
230.0,1.0,2.0,3.8,,9.8,302.0,1011.8,,16.3,,,,,2025-09-27 16:10:00
230.0,1.0,2.0,3.8,13.0,9.8,302.0,1011.7,,16.3,,,,,2025-09-27 16:20:00
220.0,1.0,2.0,,,,,1011.8,,16.3,,,,,2025-09-27 16:30:00
210.0,1.0,3.0,3.5,,9.4,304.0,1011.8,,16.3,,,,,2025-09-27 16:40:00
210.0,1.0,2.0,3.5,15.0,9.4,304.0,1011.8,,16.3,,,,,2025-09-27 16:50:00
220.0,1.0,2.0,,,,,1011.7,,16.3,,,0.0,,2025-09-27 17:00:00
220.0,1.0,2.0,,,,,1011.7,,16.3,,,,,2025-09-27 17:10:00
,0.0,2.0,4.0,14.0,9.8,317.0,1011.6,,16.3,,,,,2025-09-27 17:20:00
,0.0,1.0,,,,,1011.6,,16.4,,,,,2025-09-27 17:30:00
,0.0,2.0,3.3,,9.5,301.0,1011.6,,16.4,,,,,2025-09-27 17:40:00
230.0,1.0,2.0,3.3,14.0,9.5,301.0,1011.6,,16.4,,,,,2025-09-27 17:50:00
250.0,1.0,3.0,,,,,1011.5,,16.4,,,0.0,,2025-09-27 18:00:00
260.0,1.0,2.0,3.6,,9.7,305.0,1011.3,,16.4,,,,,2025-09-27 18:10:00
260.0,1.0,3.0,3.6,14.0,9.7,305.0,1011.3,,16.5,,,,,2025-09-27 18:20:00
260.0,1.0,2.0,,,,,1011.2,,16.4,,,,,2025-09-27 18:30:00
270.0,2.0,3.0,,,,,1011.1,,16.4,,,,,2025-09-27 18:40:00
270.0,2.0,3.0,3.8,14.0,9.9,301.0,1011.0,,16.4,,,,,2025-09-27 18:50:00
280.0,2.0,4.0,,,,,1011.0,,16.5,,,-0.7,,2025-09-27 19:00:00
290.0,3.0,4.0,,,,,1011.0,,16.4,,,,,2025-09-27 19:10:00
290.0,3.0,4.0,3.7,14.0,10.1,301.0,1010.9,,16.5,,,,,2025-09-27 19:20:00
290.0,3.0,5.0,,,,,1010.9,,16.6,,,,,2025-09-27 19:30:00
300.0,3.0,5.0,4.0,,10.7,303.0,1010.9,,16.6,,,,,2025-09-27 19:40:00
310.0,4.0,6.0,4.0,15.0,10.7,303.0,1010.9,,16.6,,,,,2025-09-27 19:50:00
310.0,3.0,5.0,,,,,1010.8,,16.6,,,-0.9,,2025-09-27 20:00:00
300.0,2.0,4.0,4.6,,10.7,307.0,1010.7,,16.6,,,,,2025-09-27 20:10:00
300.0,3.0,4.0,4.6,14.0,10.7,307.0,1010.7,,16.5,,,,,2025-09-27 20:20:00
320.0,2.0,4.0,,,,,1010.6,,16.4,,,,,2025-09-27 20:30:00
320.0,2.0,3.0,,,,,1010.4,,16.7,,,,,2025-09-27 20:40:00
310.0,2.0,3.0,3.9,14.0,10.1,303.0,1010.3,,16.7,,,,,2025-09-27 20:50:00
310.0,2.0,3.0,,,,,1010.1,,16.6,,,-1.4,,2025-09-27 21:00:00
310.0,2.0,4.0,4.6,,11.0,309.0,1010.1,,16.6,,,,,2025-09-27 21:10:00
310.0,2.0,3.0,4.6,14.0,11.0,309.0,1010.0,,16.5,,,,,2025-09-27 21:20:00
300.0,1.0,3.0,,,,,1009.8,,16.7,,,,,2025-09-27 21:30:00
300.0,2.0,3.0,,,,,1009.8,,16.7,,,,,2025-09-27 21:40:00
300.0,2.0,4.0,4.2,14.0,10.4,306.0,1009.7,,16.8,,,,,2025-09-27 21:50:00
290.0,2.0,4.0,,,,,1009.6,,16.9,,,-1.4,,2025-09-27 22:00:00
290.0,2.0,3.0,4.0,,10.4,311.0,1009.5,,16.9,,,,,2025-09-27 22:10:00
300.0,2.0,4.0,4.0,14.0,10.4,311.0,1009.5,,17.2,,,,,2025-09-27 22:20:00
300.0,2.0,3.0,,,,,1009.4,,17.2,,,,,2025-09-27 22:30:00
290.0,2.0,4.0,,,,,1009.4,,17.0,,,,,2025-09-27 22:40:00
300.0,3.0,4.0,4.1,14.0,10.6,309.0,1009.5,,17.1,,,,,2025-09-27 22:50:00
300.0,3.0,4.0,,,,,1009.4,,17.2,,,-1.4,,2025-09-27 23:00:00
310.0,2.0,4.0,,,,,1009.5,,17.0,,,,,2025-09-27 23:10:00
320.0,2.0,4.0,3.9,14.0,10.5,306.0,1009.4,,17.0,,,,,2025-09-27 23:20:00
310.0,2.0,4.0,4.2,,11.0,305.0,1009.2,,17.4,,,,,2025-09-27 23:40:00
310.0,2.0,4.0,4.2,14.0,11.0,305.0,1009.2,,17.4,,,,,2025-09-27 23:50:00
310.0,2.0,3.0,,,,,1009.2,,17.3,,,-0.9,,2025-09-28 00:00:00
300.0,1.0,3.0,4.1,,10.9,310.0,1009.2,,17.3,,,,,2025-09-28 00:10:00
280.0,1.0,3.0,4.1,14.0,10.9,310.0,1009.2,,17.3,,,,,2025-09-28 00:20:00
270.0,1.0,3.0,,,,,1009.1,,17.3,,,,,2025-09-28 00:30:00
280.0,1.0,3.0,,,,,1009.2,,17.2,,,,,2025-09-28 00:40:00
290.0,1.0,2.0,4.2,14.0,10.8,306.0,1009.1,,17.3,,,,,2025-09-28 00:50:00
290.0,1.0,3.0,,,,,1009.1,,17.2,,,-0.5,,2025-09-28 01:00:00
,0.0,2.0,4.4,,11.0,310.0,1009.1,,17.3,,,,,2025-09-28 01:10:00
,0.0,2.0,4.4,14.0,11.0,310.0,1009.1,,17.2,,,,,2025-09-28 01:20:00
,0.0,1.0,,,,,1009.0,,17.0,,,,,2025-09-28 01:30:00
,0.0,1.0,,,,,1008.9,,17.0,,,,,2025-09-28 01:40:00
,0.0,2.0,4.2,13.0,10.6,319.0,1009.0,,17.0,,,,,2025-09-28 01:50:00
,0.0,2.0,,,,,1009.0,,17.0,,,-0.4,,2025-09-28 02:00:00
,0.0,2.0,4.1,,10.6,304.0,1009.1,,17.0,,,,,2025-09-28 02:10:00
,0.0,3.0,4.1,13.0,10.6,304.0,1009.2,,16.9,,,,,2025-09-28 02:20:00
160.0,1.0,3.0,,,,,1009.0,,17.0,,,,,2025-09-28 02:30:00
30.0,4.0,7.0,,,,,1009.0,,17.0,,,,,2025-09-28 02:40:00
30.0,6.0,7.0,4.0,14.0,10.3,321.0,1009.0,,17.1,,,,,2025-09-28 02:50:00
40.0,6.0,7.0,,,,,1009.0,,17.3,,,0.0,,2025-09-28 03:00:00
40.0,5.0,7.0,3.4,,9.9,305.0,1009.1,,17.4,,,,,2025-09-28 03:10:00
40.0,5.0,7.0,3.4,13.0,9.9,305.0,1008.9,,17.4,,,,,2025-09-28 03:20:00
50.0,5.0,7.0,,,,,1008.9,,17.1,,,,,2025-09-28 03:30:00
50.0,5.0,6.0,,,,,1008.9,,16.9,,,,,2025-09-28 03:40:00
50.0,5.0,6.0,4.3,14.0,10.5,311.0,1008.9,,16.7,,,,,2025-09-28 03:50:00
50.0,5.0,7.0,,,,,1009.0,,16.6,,,0.0,,2025-09-28 04:00:00
50.0,5.0,6.0,4.3,,10.9,308.0,1009.0,,16.6,,,,,2025-09-28 04:10:00
60.0,5.0,6.0,4.3,14.0,10.9,308.0,1008.9,,16.6,,,,,2025-09-28 04:20:00
60.0,5.0,7.0,,,,,1009.0,,16.5,,,,,2025-09-28 04:30:00
60.0,5.0,6.0,,,,,1009.1,,16.6,,,,,2025-09-28 04:40:00
50.0,5.0,6.0,4.0,13.0,10.3,310.0,1009.2,,16.5,,,,,2025-09-28 04:50:00
50.0,4.0,6.0,,,,,1009.3,,16.5,,,0.3,,2025-09-28 05:00:00
70.0,4.0,6.0,3.7,,10.1,298.0,1009.2,,16.4,,,,,2025-09-28 05:10:00
70.0,4.0,6.0,3.7,13.0,10.1,298.0,1009.1,,16.4,,,,,2025-09-28 05:20:00
60.0,4.0,5.0,,,,,1009.0,,16.4,,,,,2025-09-28 05:30:00
60.0,4.0,5.0,3.9,,10.2,306.0,1009.0,,16.4,,,,,2025-09-28 05:40:00
70.0,4.0,6.0,3.9,13.0,10.2,306.0,1009.0,,16.4,,,,,2025-09-28 05:50:00
70.0,4.0,6.0,,,,,1008.8,,16.4,,,0.0,,2025-09-28 06:00:00
70.0,4.0,6.0,3.6,,9.8,311.0,1008.7,,16.4,,,,,2025-09-28 06:10:00
70.0,4.0,5.0,3.6,13.0,9.8,311.0,1008.8,,16.4,,,,,2025-09-28 06:20:00
70.0,4.0,6.0,,,,,1008.6,,16.5,,,,,2025-09-28 06:30:00
70.0,4.0,5.0,3.7,,9.7,306.0,1008.6,,16.5,,,,,2025-09-28 06:40:00
80.0,4.0,5.0,3.7,12.0,9.7,306.0,1008.5,,,,,,,2025-09-28 06:50:00
80.0,4.0,5.0,,,,,1008.4,,16.6,,,-0.6,,2025-09-28 07:00:00
80.0,4.0,5.0,3.3,,9.5,298.0,1008.4,,16.6,,,,,2025-09-28 07:10:00
90.0,4.0,6.0,3.3,12.0,9.5,298.0,1008.3,,16.5,,,,,2025-09-28 07:20:00
80.0,4.0,5.0,,,,,1008.3,,16.5,,,,,2025-09-28 07:30:00
100.0,3.0,6.0,3.1,,9.4,306.0,1008.3,,16.5,,,,,2025-09-28 07:40:00
100.0,3.0,5.0,3.1,13.0,9.4,306.0,1008.2,,16.5,,,,,2025-09-28 07:50:00
100.0,3.0,5.0,,,,,1008.3,,16.6,,,-1.0,,2025-09-28 08:00:00
100.0,3.0,5.0,,,,,1008.1,,16.6,,,,,2025-09-28 08:10:00
100.0,4.0,6.0,3.7,11.0,10.0,311.0,1007.9,,16.6,,,,,2025-09-28 08:20:00
100.0,4.0,6.0,,,,,1008.0,,16.7,,,,,2025-09-28 08:30:00
110.0,3.0,5.0,,,,,1008.1,,16.7,,,,,2025-09-28 08:40:00
120.0,3.0,5.0,3.5,13.0,10.0,302.0,1008.1,,16.7,,,,,2025-09-28 08:50:00
120.0,3.0,5.0,,,,,1008.0,,16.7,,,-0.8,,2025-09-28 09:00:00
120.0,4.0,6.0,,,,,1007.9,,16.7,,,,,2025-09-28 09:10:00
120.0,4.0,6.0,3.9,13.0,10.4,305.0,1007.8,,16.7,,,,,2025-09-28 09:20:00
130.0,4.0,6.0,,,,,1007.8,,16.7,,,,,2025-09-28 09:30:00
130.0,4.0,6.0,,,,,1007.7,,16.7,,,,,2025-09-28 09:40:00
120.0,4.0,6.0,3.3,13.0,10.1,308.0,1007.8,,16.7,,,,,2025-09-28 09:50:00
130.0,4.0,6.0,,,,,1007.7,,16.7,,,-0.7,,2025-09-28 10:00:00
130.0,4.0,6.0,3.2,,9.7,303.0,1007.6,,16.7,,,,,2025-09-28 10:10:00
120.0,4.0,6.0,3.2,11.0,9.7,303.0,1007.6,,,,,,,2025-09-28 10:20:00
130.0,4.0,6.0,,,,,1007.4,,16.6,,,,,2025-09-28 10:30:00
120.0,4.0,6.0,3.3,,10.1,301.0,1007.2,,16.6,,,,,2025-09-28 10:40:00
120.0,4.0,6.0,3.3,12.0,10.1,301.0,1007.0,,16.6,,,,,2025-09-28 10:50:00
130.0,5.0,7.0,,,,,1007.0,,16.6,,,-1.3,,2025-09-28 11:00:00
130.0,5.0,6.0,2.9,,9.5,307.0,1006.9,,16.6,,,,,2025-09-28 11:10:00
140.0,4.0,6.0,2.9,12.0,9.5,307.0,1007.0,,16.6,,,,,2025-09-28 11:20:00
140.0,5.0,7.0,,,,,1006.9,,16.6,,,,,2025-09-28 11:30:00
150.0,5.0,7.0,3.5,,10.1,309.0,1007.0,,16.6,,,,,2025-09-28 11:40:00
140.0,5.0,6.0,3.5,13.0,10.1,309.0,1006.8,,16.6,,,,,2025-09-28 11:50:00
140.0,4.0,6.0,,,,,1006.6,,16.6,,,-1.4,,2025-09-28 12:00:00
150.0,5.0,7.0,,,,,1006.4,,16.6,,,,,2025-09-28 12:10:00
170.0,6.0,7.0,3.5,12.0,10.1,312.0,1006.5,,16.6,,,,,2025-09-28 12:20:00
170.0,6.0,8.0,,,,,1006.1,,16.6,,,,,2025-09-28 12:30:00
170.0,6.0,8.0,,,,,1006.4,,16.6,,,,,2025-09-28 12:40:00
180.0,6.0,8.0,3.1,12.0,9.8,313.0,1006.3,,16.6,,,,,2025-09-28 12:50:00
180.0,6.0,8.0,,,,,1006.3,,16.6,,,-1.4,,2025-09-28 13:00:00
190.0,6.0,8.0,2.9,,9.2,305.0,1006.4,,16.6,,,,,2025-09-28 13:10:00
190.0,6.0,7.0,2.9,12.0,9.2,305.0,1006.2,,16.6,,,,,2025-09-28 13:20:00
190.0,6.0,7.0,,,,,1006.3,,16.6,,,,,2025-09-28 13:30:00
180.0,6.0,7.0,,,,,1006.1,,16.6,,,,,2025-09-28 13:40:00
180.0,6.0,8.0,2.8,12.0,9.2,299.0,1006.3,,16.6,,,,,2025-09-28 13:50:00
180.0,6.0,8.0,,,,,1006.2,,16.6,,,-0.8,,2025-09-28 14:00:00
180.0,7.0,9.0,3.3,,9.5,306.0,1006.0,,16.6,,,,,2025-09-28 14:10:00
180.0,7.0,9.0,3.3,12.0,9.5,306.0,1006.0,,16.6,,,,,2025-09-28 14:20:00
180.0,7.0,10.0,,,,,1006.2,,16.6,,,,,2025-09-28 14:30:00
180.0,7.0,10.0,,,,,1006.2,,16.5,,,,,2025-09-28 14:40:00
170.0,7.0,9.0,3.2,11.0,9.1,309.0,1006.0,,16.5,,,,,2025-09-28 14:50:00
180.0,7.0,9.0,,,,,1006.0,,16.5,,,-0.6,,2025-09-28 15:00:00
170.0,7.0,9.0,,,,,1006.0,,,,,,,2025-09-28 15:10:00
170.0,8.0,10.0,3.3,12.0,9.0,300.0,1005.9,,16.5,,,,,2025-09-28 15:20:00
170.0,8.0,11.0,,,,,1006.0,,16.5,,,,,2025-09-28 15:30:00
170.0,7.0,9.0,2.8,,8.1,292.0,1005.9,,16.5,,,,,2025-09-28 15:40:00
160.0,8.0,10.0,2.8,11.0,8.1,292.0,1005.9,,16.5,,,,,2025-09-28 15:50:00
160.0,8.0,10.0,,,,,1005.9,,16.5,,,-0.4,,2025-09-28 16:00:00
170.0,8.0,11.0,2.9,,8.1,290.0,1005.9,,16.5,,,,,2025-09-28 16:10:00
170.0,8.0,10.0,2.9,12.0,8.1,290.0,1006.0,,16.4,,,,,2025-09-28 16:20:00
170.0,8.0,10.0,,,,,1006.0,,16.3,,,,,2025-09-28 16:30:00
170.0,9.0,12.0,2.7,,7.7,303.0,1006.0,,16.3,,,,,2025-09-28 16:40:00
170.0,9.0,12.0,2.7,11.0,7.7,303.0,1006.0,,16.2,,,,,2025-09-28 16:50:00
170.0,10.0,12.0,,,,,1006.1,,16.3,,,0.0,,2025-09-28 17:00:00
170.0,10.0,12.0,2.8,,7.9,279.0,1006.0,,16.3,,,,,2025-09-28 17:10:00
170.0,11.0,13.0,2.8,12.0,7.9,279.0,1005.9,,16.3,,,,,2025-09-28 17:20:00
170.0,10.0,13.0,,,,,1005.9,,16.3,,,,,2025-09-28 17:30:00
180.0,10.0,13.0,2.8,,7.3,272.0,1006.2,,16.3,,,,,2025-09-28 17:40:00
180.0,10.0,13.0,2.8,12.0,7.3,272.0,1006.2,,16.3,,,,,2025-09-28 17:50:00
170.0,11.0,13.0,,,,,1005.9,,16.3,,,0.0,,2025-09-28 18:00:00
170.0,11.0,14.0,,,,,1005.8,,16.2,,,,,2025-09-28 18:10:00
170.0,11.0,15.0,2.9,12.0,7.3,269.0,1005.8,,16.2,,,,,2025-09-28 18:20:00
170.0,12.0,15.0,,,,,1005.8,,16.2,,,,,2025-09-28 18:30:00
170.0,12.0,15.0,,,,,1006.0,,16.2,,,,,2025-09-28 18:40:00
170.0,12.0,15.0,2.6,12.0,6.4,270.0,1005.8,,16.2,,,,,2025-09-28 18:50:00
170.0,13.0,16.0,,,,,1005.8,,16.2,,,0.0,,2025-09-28 19:00:00
170.0,12.0,15.0,,,,,1005.8,,16.2,,,,,2025-09-28 19:10:00
170.0,12.0,16.0,2.7,12.0,6.6,276.0,1005.7,,16.2,,,,,2025-09-28 19:20:00
170.0,12.0,15.0,,,,,1005.8,,16.2,,,,,2025-09-28 19:30:00
170.0,12.0,15.0,3.0,,6.5,264.0,1005.7,,16.2,,,,,2025-09-28 19:40:00
170.0,12.0,16.0,3.0,13.0,6.5,264.0,1005.6,,16.1,,,,,2025-09-28 19:50:00
170.0,12.0,15.0,,,,,1005.6,,16.1,,,-0.5,,2025-09-28 20:00:00
170.0,13.0,16.0,,,,,1005.6,,16.1,,,,,2025-09-28 20:10:00
170.0,12.0,16.0,2.9,12.0,6.5,281.0,1005.4,,16.1,,,,,2025-09-28 20:20:00
170.0,13.0,16.0,,,,,1005.4,,16.1,,,,,2025-09-28 20:30:00
170.0,13.0,16.0,3.0,,6.5,267.0,1005.3,,16.1,,,,,2025-09-28 20:40:00
170.0,13.0,15.0,3.0,13.0,6.5,267.0,1005.2,,16.1,,,,,2025-09-28 20:50:00
170.0,13.0,16.0,,,,,1005.1,,16.0,,,-0.8,,2025-09-28 21:00:00
170.0,13.0,17.0,,,,,1005.1,,16.0,,,,,2025-09-28 21:10:00
170.0,13.0,16.0,3.5,7.0,6.5,188.0,1005.0,,16.0,,,,,2025-09-28 21:20:00
170.0,13.0,16.0,,,,,1004.9,,16.0,,,,,2025-09-28 21:30:00
170.0,12.0,15.0,,,,,1004.9,,16.0,,,,,2025-09-28 21:40:00
170.0,13.0,15.0,3.7,13.0,6.9,284.0,1004.8,,15.9,,,,,2025-09-28 21:50:00
170.0,13.0,17.0,,,,,1004.7,,15.9,,,-1.1,,2025-09-28 22:00:00
170.0,13.0,17.0,3.3,,6.7,284.0,1004.6,,15.9,,,,,2025-09-28 22:10:00
180.0,13.0,16.0,3.3,13.0,6.7,284.0,1004.7,,16.0,,,,,2025-09-28 22:20:00
180.0,13.0,16.0,,,,,1004.6,,16.0,,,,,2025-09-28 22:30:00
170.0,13.0,17.0,,,,,1004.6,,16.0,,,,,2025-09-28 22:40:00
180.0,13.0,16.0,3.7,13.0,6.9,270.0,1004.7,,16.0,,,,,2025-09-28 22:50:00
180.0,13.0,17.0,,,,,1004.7,,16.0,,,-0.9,,2025-09-28 23:00:00
180.0,13.0,16.0,3.8,,6.8,180.0,1004.7,,16.0,,,,,2025-09-28 23:10:00
180.0,13.0,15.0,,,,,1004.7,,16.0,,,,,2025-09-28 23:40:00
180.0,13.0,15.0,3.8,7.0,6.9,189.0,1004.8,,16.0,,,,,2025-09-28 23:50:00
180.0,13.0,17.0,,,,,1004.8,,16.0,,,-0.3,,2025-09-29 00:00:00
190.0,12.0,17.0,4.0,,6.9,192.0,1004.7,,16.0,,,,,2025-09-29 00:10:00
180.0,12.0,14.0,4.0,8.0,6.9,192.0,1004.8,,15.9,,,,,2025-09-29 00:20:00
180.0,13.0,15.0,,,,,1004.8,,15.9,,,,,2025-09-29 00:30:00
180.0,12.0,15.0,3.9,,7.1,191.0,1004.9,,15.9,,,,,2025-09-29 00:40:00
190.0,12.0,14.0,3.9,8.0,7.1,191.0,1005.0,,15.9,,,,,2025-09-29 00:50:00
190.0,11.0,13.0,,,,,1005.0,,15.9,,,0.3,,2025-09-29 01:00:00
190.0,11.0,15.0,3.9,,7.1,192.0,1004.9,,15.9,,,,,2025-09-29 01:10:00
190.0,11.0,13.0,3.9,8.0,7.1,192.0,1005.0,,15.9,,,,,2025-09-29 01:20:00
190.0,10.0,12.0,,,,,1005.0,,15.9,,,,,2025-09-29 01:30:00
210.0,9.0,13.0,4.2,,7.5,281.0,1005.2,,15.9,,,,,2025-09-29 01:40:00
240.0,5.0,8.0,4.2,13.0,7.5,281.0,1005.2,,15.9,,,,,2025-09-29 01:50:00
240.0,4.0,6.0,,,,,1005.4,,15.9,,,0.7,,2025-09-29 02:00:00
230.0,3.0,5.0,4.1,,7.4,282.0,1005.5,,15.9,,,,,2025-09-29 02:10:00
220.0,3.0,4.0,4.1,12.0,7.4,282.0,1005.6,,15.9,,,,,2025-09-29 02:20:00
220.0,3.0,5.0,,,,,1005.8,,15.9,,,,,2025-09-29 02:30:00
220.0,4.0,5.0,3.9,,7.4,187.0,1005.8,,15.9,,,,,2025-09-29 02:40:00
240.0,4.0,5.0,3.9,8.0,7.4,187.0,1005.9,,16.0,,,,,2025-09-29 02:50:00
240.0,5.0,6.0,,,,,1005.9,,16.0,,,1.1,,2025-09-29 03:00:00
250.0,4.0,5.0,3.6,,7.6,206.0,1006.0,,16.1,,,,,2025-09-29 03:10:00
260.0,5.0,6.0,3.6,9.0,7.6,206.0,1006.1,,16.1,,,,,2025-09-29 03:20:00
240.0,4.0,5.0,,,,,1006.2,,16.1,,,,,2025-09-29 03:30:00
230.0,3.0,5.0,3.7,,7.7,298.0,1006.3,,16.2,,,,,2025-09-29 03:40:00
220.0,4.0,5.0,3.7,13.0,7.7,298.0,1006.4,,16.2,,,,,2025-09-29 03:50:00
210.0,4.0,5.0,,,,,1006.5,,16.2,,,1.5,,2025-09-29 04:00:00
200.0,3.0,4.0,4.0,,8.3,297.0,1006.6,,16.2,,,,,2025-09-29 04:10:00
210.0,3.0,5.0,4.0,12.0,8.3,297.0,1006.7,,16.2,,,,,2025-09-29 04:20:00
200.0,3.0,4.0,,,,,1006.6,,16.2,,,,,2025-09-29 04:30:00
210.0,3.0,4.0,,,,,1006.7,,16.2,,,,,2025-09-29 04:40:00
210.0,3.0,4.0,3.7,12.0,8.0,296.0,1006.7,,16.3,,,,,2025-09-29 04:50:00
200.0,3.0,4.0,,,,,1006.6,,16.3,,,1.2,,2025-09-29 05:00:00
210.0,3.0,4.0,3.5,,8.1,292.0,1006.7,,16.3,,,,,2025-09-29 05:10:00
230.0,3.0,4.0,3.5,13.0,8.1,292.0,1006.5,,16.3,,,,,2025-09-29 05:20:00
240.0,2.0,3.0,,,,,1006.6,,16.3,,,,,2025-09-29 05:30:00
250.0,2.0,4.0,,,,,1006.7,,16.3,,,,,2025-09-29 05:40:00
230.0,2.0,3.0,3.8,13.0,8.3,298.0,1006.7,,16.3,,,,,2025-09-29 05:50:00
290.0,2.0,3.0,,,,,1006.6,,16.2,,,0.7,,2025-09-29 06:00:00
300.0,3.0,4.0,3.6,,8.2,295.0,1006.6,,16.2,,,,,2025-09-29 06:10:00
290.0,2.0,3.0,3.6,13.0,8.2,295.0,1006.6,,16.2,,,,,2025-09-29 06:20:00
290.0,2.0,4.0,,,,,1006.6,,16.2,,,,,2025-09-29 06:30:00
310.0,2.0,3.0,,,,,1006.3,,16.2,,,,,2025-09-29 06:40:00
310.0,2.0,3.0,3.6,13.0,8.5,296.0,1006.5,,16.1,,,,,2025-09-29 06:50:00
300.0,1.0,3.0,,,,,1006.4,,16.2,,,0.0,,2025-09-29 07:00:00
310.0,1.0,3.0,,,,,1006.4,,16.2,,,,,2025-09-29 07:10:00
,0.0,2.0,3.3,12.0,8.2,302.0,1006.4,,16.2,,,,,2025-09-29 07:20:00
290.0,1.0,2.0,,,,,1006.3,,16.2,,,,,2025-09-29 07:30:00
,0.0,2.0,3.5,,8.3,299.0,1006.0,,16.2,,,,,2025-09-29 07:40:00
20.0,1.0,3.0,3.5,12.0,8.3,299.0,1005.9,,16.2,,,,,2025-09-29 07:50:00
10.0,2.0,3.0,,,,,1005.7,,16.2,,,-0.9,,2025-09-29 08:00:00
20.0,1.0,3.0,,,,,1005.9,,16.2,,,,,2025-09-29 08:10:00
30.0,1.0,2.0,3.6,13.0,8.6,310.0,1005.9,,16.2,,,,,2025-09-29 08:20:00
40.0,1.0,2.0,,,,,1006.0,,16.2,,,,,2025-09-29 08:30:00
70.0,1.0,3.0,,,,,1006.0,,16.2,,,,,2025-09-29 08:40:00
60.0,1.0,3.0,3.3,13.0,8.1,310.0,1005.9,,16.2,,,,,2025-09-29 08:50:00
70.0,1.0,3.0,,,,,1005.9,,16.2,,,-0.7,,2025-09-29 09:00:00
80.0,1.0,2.0,3.4,,8.7,307.0,1005.9,,16.0,,,,,2025-09-29 09:10:00
80.0,1.0,3.0,3.4,13.0,8.7,307.0,1005.7,,15.8,,,,,2025-09-29 09:20:00
90.0,1.0,3.0,,,,,1005.7,,15.8,,,,,2025-09-29 09:30:00
80.0,1.0,2.0,3.5,,8.5,309.0,1005.8,,15.9,,,,,2025-09-29 09:40:00
110.0,1.0,2.0,3.5,13.0,8.5,309.0,1005.8,,15.9,,,,,2025-09-29 09:50:00
120.0,2.0,3.0,,,,,1005.8,,15.9,,,-0.6,,2025-09-29 10:00:00
120.0,2.0,3.0,3.4,,8.1,302.0,1005.9,,15.9,,,,,2025-09-29 10:10:00
140.0,2.0,3.0,3.4,13.0,8.1,302.0,1005.9,,16.0,,,,,2025-09-29 10:20:00
150.0,2.0,3.0,,,,,1005.9,,16.0,,,,,2025-09-29 10:30:00
170.0,2.0,3.0,,,,,1005.8,,16.0,,,,,2025-09-29 10:40:00
170.0,2.0,4.0,3.4,12.0,8.2,304.0,1005.8,,16.0,,,,,2025-09-29 10:50:00
170.0,2.0,4.0,,,,,1005.7,,16.0,,,0.0,,2025-09-29 11:00:00
180.0,3.0,4.0,3.4,,7.9,310.0,1005.8,,16.0,,,,,2025-09-29 11:10:00
180.0,2.0,3.0,3.4,11.0,7.9,310.0,1005.7,,16.0,,,,,2025-09-29 11:20:00
160.0,2.0,3.0,,,,,1005.6,,16.0,,,,,2025-09-29 11:30:00
140.0,2.0,4.0,,,,,1005.5,,16.0,,,,,2025-09-29 11:40:00
150.0,2.0,3.0,3.7,12.0,8.3,300.0,1005.6,,15.9,,,,,2025-09-29 11:50:00
150.0,2.0,4.0,,,,,1005.7,,15.9,,,0.0,,2025-09-29 12:00:00
150.0,2.0,3.0,3.6,,8.0,295.0,1005.5,,15.8,,,,,2025-09-29 12:10:00
130.0,2.0,4.0,3.6,11.0,8.0,295.0,1005.6,,15.8,,,,,2025-09-29 12:20:00
140.0,1.0,2.0,,,,,1005.3,,15.9,,,,,2025-09-29 12:30:00
,0.0,2.0,,,,,1005.2,,16.0,,,,,2025-09-29 12:40:00
,0.0,2.0,3.9,12.0,8.2,293.0,1005.2,,16.0,,,,,2025-09-29 12:50:00
120.0,1.0,2.0,,,,,1005.2,,16.1,,,-0.6,,2025-09-29 13:00:00
,0.0,2.0,3.9,,8.1,189.0,1005.0,,16.1,,,,,2025-09-29 13:10:00
250.0,1.0,2.0,3.9,8.0,8.1,189.0,1005.2,,16.1,,,,,2025-09-29 13:20:00
270.0,1.0,3.0,,,,,1005.4,,16.1,,,,,2025-09-29 13:30:00
260.0,2.0,3.0,3.8,,8.2,287.0,1005.5,,16.1,,,,,2025-09-29 13:40:00
260.0,1.0,3.0,3.8,13.0,8.2,287.0,1005.5,,16.1,,,,,2025-09-29 13:50:00
270.0,1.0,2.0,,,,,1005.6,,16.1,,,-0.0,,2025-09-29 14:00:00
260.0,1.0,3.0,3.4,,7.8,288.0,1005.7,,16.1,,,,,2025-09-29 14:10:00
260.0,2.0,4.0,3.4,12.0,7.8,288.0,1005.9,,16.2,,,,,2025-09-29 14:20:00
270.0,3.0,4.0,,,,,1006.0,,16.1,,,,,2025-09-29 14:30:00
270.0,2.0,3.0,,,,,1005.9,,16.0,,,,,2025-09-29 14:40:00
260.0,2.0,3.0,3.7,12.0,8.4,289.0,1005.9,,16.0,,,,,2025-09-29 14:50:00
260.0,3.0,4.0,,,,,1006.0,,16.0,,,0.3,,2025-09-29 15:00:00
260.0,3.0,4.0,3.4,,8.0,283.0,1006.1,,16.0,,,,,2025-09-29 15:10:00
270.0,3.0,5.0,3.4,13.0,8.0,283.0,1006.2,,16.0,,,,,2025-09-29 15:20:00
270.0,3.0,4.0,,,,,1006.4,,16.0,,,,,2025-09-29 15:30:00
260.0,3.0,5.0,,,,,1006.6,,16.0,,,,,2025-09-29 15:40:00
260.0,3.0,5.0,3.4,12.0,7.8,295.0,1006.7,,16.0,,,,,2025-09-29 15:50:00
260.0,3.0,4.0,,,,,1006.8,,16.1,,,1.6,,2025-09-29 16:00:00
260.0,3.0,4.0,3.8,,8.2,297.0,1006.8,,16.1,,,,,2025-09-29 16:10:00
260.0,2.0,4.0,3.8,12.0,8.2,297.0,1006.8,,16.1,,,,,2025-09-29 16:20:00
260.0,2.0,4.0,,,,,1006.8,,16.1,,,,,2025-09-29 16:30:00
250.0,2.0,4.0,3.5,,8.1,281.0,1007.0,,16.1,,,,,2025-09-29 16:40:00
250.0,2.0,4.0,3.5,12.0,8.1,281.0,1007.0,,16.1,,,,,2025-09-29 16:50:00
240.0,2.0,3.0,,,,,1007.0,,16.1,,,1.4,,2025-09-29 17:00:00
240.0,2.0,3.0,3.7,,8.2,289.0,1007.0,,16.1,,,,,2025-09-29 17:10:00
240.0,2.0,3.0,3.7,11.0,8.2,289.0,1007.2,,16.1,,,,,2025-09-29 17:20:00
230.0,2.0,4.0,,,,,1007.3,,16.1,,,,,2025-09-29 17:30:00
240.0,3.0,3.0,3.5,,8.4,289.0,1007.5,,16.1,,,,,2025-09-29 17:40:00
240.0,3.0,4.0,3.5,13.0,8.4,289.0,1007.6,,16.1,,,,,2025-09-29 17:50:00
250.0,4.0,5.0,,,,,1007.7,,16.0,,,1.7,,2025-09-29 18:00:00
250.0,4.0,5.0,3.5,,8.9,283.0,1007.8,,16.0,,,,,2025-09-29 18:10:00
250.0,4.0,5.0,3.5,12.0,8.9,283.0,1007.9,,16.0,,,,,2025-09-29 18:20:00
260.0,4.0,5.0,,,,,1007.8,,16.0,,,,,2025-09-29 18:30:00
260.0,4.0,5.0,,,,,1007.9,,16.0,,,,,2025-09-29 18:40:00
250.0,4.0,5.0,3.7,12.0,9.1,288.0,1008.1,,15.9,,,,,2025-09-29 18:50:00
250.0,4.0,5.0,,,,,1008.1,,15.8,,,1.3,,2025-09-29 19:00:00
240.0,4.0,4.0,3.6,,9.2,287.0,1008.2,,15.8,,,,,2025-09-29 19:10:00
240.0,3.0,4.0,3.6,14.0,9.2,287.0,1008.1,,15.8,,,,,2025-09-29 19:20:00
240.0,3.0,4.0,,,,,1008.1,,15.9,,,,,2025-09-29 19:30:00
240.0,3.0,4.0,,,,,1008.1,,15.9,,,,,2025-09-29 19:40:00
230.0,3.0,4.0,3.5,15.0,9.1,293.0,1008.1,,16.0,,,,,2025-09-29 19:50:00
230.0,3.0,4.0,,,,,1008.2,,16.0,,,1.2,,2025-09-29 20:00:00
230.0,3.0,4.0,3.8,,9.5,298.0,1008.2,,16.0,,,,,2025-09-29 20:10:00
230.0,3.0,4.0,3.8,12.0,9.5,298.0,1008.2,,16.1,,,,,2025-09-29 20:20:00
220.0,3.0,3.0,,,,,1008.2,,16.0,,,,,2025-09-29 20:30:00
220.0,2.0,3.0,,,,,1008.2,,16.1,,,,,2025-09-29 20:40:00
220.0,2.0,3.0,3.4,14.0,9.2,295.0,1008.4,,16.0,,,,,2025-09-29 20:50:00
220.0,3.0,3.0,,,,,1008.4,,16.1,,,0.7,,2025-09-29 21:00:00
220.0,3.0,3.0,3.5,,9.7,300.0,1008.4,,16.1,,,,,2025-09-29 21:10:00
220.0,3.0,3.0,3.5,14.0,9.7,300.0,1008.4,,16.2,,,,,2025-09-29 21:20:00
210.0,2.0,3.0,,,,,1008.4,,16.2,,,,,2025-09-29 21:30:00
210.0,3.0,3.0,,,,,1008.4,,16.3,,,,,2025-09-29 21:40:00
200.0,3.0,4.0,3.6,14.0,9.2,311.0,1008.4,,16.3,,,,,2025-09-29 21:50:00
200.0,3.0,4.0,,,,,1008.4,,16.2,,,0.3,,2025-09-29 22:00:00
200.0,3.0,4.0,3.4,,9.2,307.0,1008.4,,16.3,,,,,2025-09-29 22:10:00
200.0,3.0,4.0,3.4,14.0,9.2,307.0,1008.4,,16.4,,,,,2025-09-29 22:20:00
210.0,3.0,4.0,,,,,1008.3,,16.4,,,,,2025-09-29 22:30:00
210.0,3.0,4.0,,,,,1008.3,,16.4,,,,,2025-09-29 22:40:00
200.0,3.0,4.0,3.3,14.0,9.2,317.0,1008.2,,16.4,,,,,2025-09-29 22:50:00
200.0,3.0,4.0,,,,,1008.1,,16.5,,,0.0,,2025-09-29 23:00:00
200.0,3.0,4.0,3.3,,9.2,320.0,1008.2,,16.5,,,,,2025-09-29 23:10:00
200.0,3.0,5.0,,,,,1008.2,,16.6,,,,,2025-09-29 23:40:00
200.0,4.0,4.0,3.3,14.0,9.2,319.0,1008.1,,16.7,,,,,2025-09-29 23:50:00
200.0,4.0,5.0,,,,,1008.1,,16.7,,,-0.3,,2025-09-30 00:00:00
190.0,3.0,4.0,,,,,1008.0,,16.7,,,,,2025-09-30 00:10:00
190.0,3.0,4.0,3.0,14.0,8.7,318.0,1008.0,,16.7,,,,,2025-09-30 00:20:00
190.0,3.0,4.0,,,,,1007.9,,16.7,,,,,2025-09-30 00:30:00
190.0,3.0,4.0,,,,,1007.8,,16.8,,,,,2025-09-30 00:40:00
180.0,3.0,4.0,3.3,14.0,9.0,321.0,1007.8,,16.8,,,,,2025-09-30 00:50:00
190.0,4.0,5.0,,,,,1007.9,,16.7,,,-0.5,,2025-09-30 01:00:00
190.0,4.0,5.0,3.2,,9.1,315.0,1007.9,,16.7,,,,,2025-09-30 01:10:00
180.0,4.0,5.0,3.2,14.0,9.1,315.0,1007.9,,16.7,,,,,2025-09-30 01:20:00
180.0,4.0,6.0,,,,,1007.8,,16.7,,,,,2025-09-30 01:30:00
180.0,4.0,6.0,,,,,1007.8,,16.7,,,,,2025-09-30 01:40:00
170.0,4.0,6.0,3.2,13.0,8.6,314.0,1007.7,,16.7,,,,,2025-09-30 01:50:00
170.0,5.0,6.0,,,,,1007.7,,16.7,,,-0.4,,2025-09-30 02:00:00
170.0,5.0,6.0,3.2,,8.7,307.0,1007.5,,16.7,,,,,2025-09-30 02:10:00
170.0,5.0,6.0,3.2,14.0,8.7,307.0,1007.4,,16.6,,,,,2025-09-30 02:20:00
170.0,5.0,6.0,,,,,1007.4,,16.5,,,,,2025-09-30 02:30:00
170.0,6.0,8.0,3.2,,8.8,304.0,1007.4,,16.5,,,,,2025-09-30 02:40:00
170.0,6.0,8.0,3.2,14.0,8.8,304.0,1007.3,,16.5,,,,,2025-09-30 02:50:00
180.0,7.0,9.0,,,,,1007.3,,16.5,,,-0.8,,2025-09-30 03:00:00
180.0,7.0,8.0,3.4,,9.0,312.0,1007.2,,16.6,,,,,2025-09-30 03:10:00
170.0,7.0,9.0,3.4,14.0,9.0,312.0,1007.1,,16.5,,,,,2025-09-30 03:20:00
170.0,7.0,9.0,,,,,1007.2,,16.5,,,,,2025-09-30 03:30:00
170.0,6.0,8.0,,,,,1007.1,,16.3,,,,,2025-09-30 03:40:00
170.0,7.0,8.0,3.4,13.0,8.9,304.0,1007.1,,16.3,,,,,2025-09-30 03:50:00
170.0,6.0,9.0,,,,,1007.0,,16.3,,,-0.9,,2025-09-30 04:00:00
180.0,7.0,9.0,3.2,,8.6,313.0,1006.9,,16.3,,,,,2025-09-30 04:10:00
180.0,7.0,9.0,3.2,14.0,8.6,313.0,1006.9,,16.3,,,,,2025-09-30 04:20:00
170.0,7.0,9.0,,,,,1006.8,,16.2,,,,,2025-09-30 04:30:00
180.0,7.0,9.0,3.7,,8.9,290.0,1006.8,,16.1,,,,,2025-09-30 04:40:00
180.0,8.0,9.0,3.7,13.0,8.9,290.0,1006.7,,16.1,,,,,2025-09-30 04:50:00
180.0,8.0,9.0,,,,,1006.7,,16.1,,,-1.0,,2025-09-30 05:00:00
170.0,8.0,10.0,3.5,,8.7,304.0,1006.7,,16.1,,,,,2025-09-30 05:10:00
180.0,8.0,11.0,3.5,13.0,8.7,304.0,1006.7,,16.1,,,,,2025-09-30 05:20:00
170.0,8.0,10.0,,,,,1006.6,,16.1,,,,,2025-09-30 05:30:00
170.0,8.0,10.0,,,,,1006.5,,16.1,,,,,2025-09-30 05:40:00
170.0,8.0,10.0,3.2,13.0,8.3,290.0,1006.4,,16.1,,,,,2025-09-30 05:50:00
170.0,9.0,11.0,,,,,1006.4,,16.1,,,-0.9,,2025-09-30 06:00:00
170.0,9.0,12.0,,,,,1006.4,,16.1,,,,,2025-09-30 06:10:00
170.0,9.0,11.0,3.1,14.0,8.0,296.0,1006.3,,16.2,,,,,2025-09-30 06:20:00
180.0,10.0,12.0,,,,,1006.1,,16.2,,,,,2025-09-30 06:30:00
180.0,9.0,11.0,3.3,,8.0,271.0,1006.1,,16.2,,,,,2025-09-30 06:40:00
180.0,9.0,12.0,3.3,13.0,8.0,271.0,1006.0,,16.3,,,,,2025-09-30 06:50:00
180.0,9.0,11.0,,,,,1006.0,,16.3,,,-1.0,,2025-09-30 07:00:00
170.0,9.0,11.0,3.1,,7.6,283.0,1005.9,,16.3,,,,,2025-09-30 07:10:00
170.0,9.0,12.0,3.1,14.0,7.6,283.0,1005.8,,16.3,,,,,2025-09-30 07:20:00
170.0,9.0,12.0,3.4,,7.9,273.0,1005.8,,16.3,,,,,2025-09-30 07:30:00
170.0,10.0,13.0,3.4,,7.9,273.0,1005.7,,16.3,,,,,2025-09-30 07:40:00
160.0,10.0,14.0,3.4,,7.9,273.0,1005.7,,16.2,,,,,2025-09-30 07:50:00
160.0,9.0,11.0,,,,,1005.7,,16.3,,,-1.0,,2025-09-30 08:00:00
160.0,10.0,13.0,3.7,,8.4,282.0,1005.4,,16.3,,,,,2025-09-30 08:10:00
170.0,10.0,13.0,3.7,13.0,8.4,282.0,1005.2,,16.3,,,,,2025-09-30 08:20:00
170.0,11.0,13.0,,,,,1005.2,,16.3,,,,,2025-09-30 08:30:00
170.0,10.0,12.0,,,,,1005.0,,16.3,,,,,2025-09-30 08:40:00
170.0,10.0,12.0,3.3,13.0,7.5,286.0,1005.2,,,,,,,2025-09-30 08:50:00
170.0,10.0,13.0,,,,,1005.1,,16.3,,,-1.3,,2025-09-30 09:00:00
170.0,10.0,14.0,,,,,1005.0,,16.2,,,,,2025-09-30 09:10:00
170.0,11.0,13.0,,,,,1004.9,,16.2,,,,,2025-09-30 09:20:00
170.0,11.0,13.0,,,,,1004.9,,16.2,,,,,2025-09-30 09:30:00
170.0,10.0,14.0,,,,,1004.7,,16.2,,,,,2025-09-30 09:40:00
170.0,10.0,13.0,3.4,13.0,7.7,277.0,1004.5,,16.1,,,,,2025-09-30 09:50:00
180.0,11.0,13.0,,,,,1004.3,,16.1,,,-1.7,,2025-09-30 10:00:00
170.0,11.0,14.0,3.2,,7.2,281.0,1004.2,,16.1,,,,,2025-09-30 10:10:00
170.0,10.0,13.0,3.2,13.0,7.2,281.0,1004.0,,16.1,,,,,2025-09-30 10:20:00
170.0,11.0,13.0,,,,,1004.0,,16.1,,,,,2025-09-30 10:30:00
170.0,11.0,14.0,3.2,,7.0,272.0,1003.8,,16.1,,,,,2025-09-30 10:40:00
160.0,11.0,14.0,3.2,13.0,7.0,272.0,1003.7,,16.1,,,,,2025-09-30 10:50:00
160.0,12.0,15.0,,,,,1003.7,,16.0,,,-2.0,,2025-09-30 11:00:00
160.0,12.0,14.0,2.9,,6.7,282.0,1003.5,,16.0,,,,,2025-09-30 11:10:00
160.0,12.0,14.0,2.9,12.0,6.7,282.0,1003.4,,15.9,,,,,2025-09-30 11:20:00
150.0,11.0,15.0,,,,,1003.1,,15.9,,,,,2025-09-30 11:30:00
150.0,11.0,13.0,3.3,,7.1,283.0,1003.1,,15.9,,,,,2025-09-30 11:40:00
150.0,11.0,15.0,3.3,12.0,7.1,283.0,1002.7,,15.9,,,,,2025-09-30 11:50:00
150.0,12.0,14.0,,,,,1002.5,,15.9,,,-2.6,,2025-09-30 12:00:00
160.0,12.0,16.0,3.1,,6.7,290.0,1002.5,,15.9,,,,,2025-09-30 12:10:00
160.0,12.0,15.0,3.1,11.0,6.7,290.0,1002.5,,15.9,,,,,2025-09-30 12:20:00
160.0,11.0,14.0,,,,,1002.4,,15.9,,,,,2025-09-30 12:30:00
160.0,11.0,15.0,,,,,1002.2,,15.9,,,,,2025-09-30 12:40:00
160.0,12.0,14.0,3.4,13.0,6.9,283.0,1002.2,,15.9,,,,,2025-09-30 12:50:00
160.0,11.0,14.0,,,,,1002.1,,15.9,,,-2.2,,2025-09-30 13:00:00
160.0,11.0,15.0,3.4,,6.9,285.0,1001.9,,15.9,,,,,2025-09-30 13:10:00
160.0,11.0,14.0,3.4,12.0,6.9,285.0,1001.7,,15.9,,,,,2025-09-30 13:20:00
160.0,12.0,16.0,,,,,1001.6,,15.9,,,,,2025-09-30 13:30:00
160.0,12.0,15.0,,,,,1001.5,,16.0,,,,,2025-09-30 13:40:00
160.0,12.0,16.0,3.3,8.0,6.9,188.0,1001.3,,16.0,,,,,2025-09-30 13:50:00
160.0,13.0,16.0,,,,,1001.1,,16.0,,,-2.6,,2025-09-30 14:00:00
170.0,13.0,16.0,3.5,,6.9,179.0,1001.1,,16.0,,,,,2025-09-30 14:10:00
160.0,13.0,16.0,3.5,7.0,6.9,179.0,1000.9,,16.0,,,,,2025-09-30 14:20:00
160.0,13.0,18.0,,,,,1000.7,,16.0,,,,,2025-09-30 14:30:00
160.0,13.0,16.0,3.9,,7.0,173.0,1000.6,,16.0,,,,,2025-09-30 14:40:00
160.0,13.0,16.0,3.9,8.0,7.0,173.0,1000.6,,16.0,,,,,2025-09-30 14:50:00
160.0,14.0,17.0,,,,,1000.5,,16.0,,,-2.0,,2025-09-30 15:00:00
160.0,13.0,16.0,3.6,,6.7,170.0,1000.5,,16.0,,,,,2025-09-30 15:10:00
160.0,14.0,18.0,3.6,8.0,6.7,170.0,1000.5,,16.0,,,,,2025-09-30 15:20:00
160.0,14.0,17.0,,,,,1000.3,,15.9,,,,,2025-09-30 15:30:00
170.0,15.0,19.0,4.1,,6.9,174.0,1000.4,,15.9,,,,,2025-09-30 15:40:00
170.0,14.0,18.0,4.1,8.0,6.9,174.0,1000.3,,15.9,,,,,2025-09-30 15:50:00
170.0,14.0,19.0,,,,,1000.4,,15.9,,,-1.7,,2025-09-30 16:00:00
170.0,15.0,19.0,3.7,,6.6,169.0,1000.2,,15.9,,,,,2025-09-30 16:10:00
170.0,15.0,19.0,3.7,8.0,6.6,169.0,1000.1,,15.9,,,,,2025-09-30 16:20:00
170.0,15.0,19.0,,,,,1000.0,,15.9,,,,,2025-09-30 16:30:00
170.0,15.0,18.0,4.3,,6.9,168.0,999.9,,15.9,,,,,2025-09-30 16:40:00
170.0,15.0,19.0,4.3,8.0,6.9,168.0,999.7,,15.9,,,,,2025-09-30 16:50:00
170.0,14.0,19.0,,,,,999.5,,15.9,,,-1.6,,2025-09-30 17:00:00
160.0,16.0,20.0,4.1,,6.9,172.0,999.3,,15.9,,,,,2025-09-30 17:10:00
160.0,15.0,19.0,4.1,8.0,6.9,172.0,999.3,,15.8,,,,,2025-09-30 17:20:00
170.0,15.0,19.0,,,,,999.2,,15.8,,,,,2025-09-30 17:30:00
170.0,16.0,19.0,,,,,999.0,,15.8,,,,,2025-09-30 17:40:00
160.0,16.0,18.0,4.0,8.0,6.8,167.0,999.0,,15.8,,,,,2025-09-30 17:50:00
160.0,15.0,18.0,,,,,998.9,,15.8,,,-1.6,,2025-09-30 18:00:00
160.0,15.0,20.0,4.3,,6.9,162.0,998.7,,15.8,,,,,2025-09-30 18:10:00
160.0,14.0,18.0,4.3,9.0,6.9,162.0,998.6,,15.8,,,,,2025-09-30 18:20:00
160.0,14.0,20.0,,,,,998.5,,15.8,,,,,2025-09-30 18:30:00
160.0,14.0,17.0,,,,,998.4,,15.8,,,,,2025-09-30 18:40:00
160.0,15.0,19.0,3.7,8.0,6.5,173.0,998.1,,15.8,,,,,2025-09-30 18:50:00
160.0,15.0,19.0,,,,,998.0,,15.8,,,-2.4,,2025-09-30 19:00:00
160.0,16.0,20.0,4.7,,7.2,172.0,997.8,,15.8,,,,,2025-09-30 19:10:00
160.0,16.0,20.0,4.7,9.0,7.2,172.0,997.5,,15.8,,,,,2025-09-30 19:20:00
160.0,16.0,20.0,,,,,997.4,,15.8,,,,,2025-09-30 19:30:00
160.0,17.0,21.0,,,,,997.1,,15.7,,,,,2025-09-30 19:40:00
170.0,17.0,22.0,5.0,9.0,7.2,172.0,997.0,,15.7,,,,,2025-09-30 19:50:00
170.0,17.0,23.0,,,,,996.8,,15.7,,,-2.7,,2025-09-30 20:00:00
170.0,18.0,21.0,4.5,,6.9,177.0,996.8,,15.7,,,,,2025-09-30 20:10:00
170.0,17.0,22.0,4.5,9.0,6.9,177.0,996.6,,15.7,,,,,2025-09-30 20:20:00
170.0,17.0,22.0,,,,,996.6,,15.6,,,,,2025-09-30 20:30:00
180.0,17.0,22.0,5.0,,7.2,182.0,996.8,,15.6,,,,,2025-09-30 20:40:00
180.0,17.0,21.0,5.0,9.0,7.2,182.0,997.2,,15.6,,,,,2025-09-30 20:50:00
180.0,16.0,21.0,,,,,997.4,,15.5,,,-1.5,,2025-09-30 21:00:00
180.0,15.0,19.0,,,,,997.7,,15.5,,,,,2025-09-30 21:10:00
180.0,15.0,19.0,5.1,10.0,7.5,183.0,997.8,,15.4,,,,,2025-09-30 21:20:00
170.0,14.0,19.0,,,,,997.7,,15.4,,,,,2025-09-30 21:30:00
170.0,13.0,17.0,5.8,,7.9,181.0,997.9,,15.3,,,,,2025-09-30 21:40:00
170.0,14.0,17.0,5.8,10.0,7.9,181.0,998.0,,15.3,,,,,2025-09-30 21:50:00
170.0,13.0,17.0,,,,,998.4,,15.4,,,0.4,,2025-09-30 22:00:00
170.0,12.0,15.0,,,,,998.5,,15.4,,,,,2025-09-30 22:10:00
170.0,11.0,13.0,5.9,11.0,8.1,186.0,998.5,,15.4,,,,,2025-09-30 22:20:00
170.0,11.0,14.0,,,,,998.5,,15.4,,,,,2025-09-30 22:30:00
170.0,11.0,15.0,,,,,998.7,,15.3,,,,,2025-09-30 22:40:00
170.0,10.0,13.0,5.5,10.0,7.9,183.0,999.0,,15.4,,,,,2025-09-30 22:50:00
170.0,9.0,13.0,5.2,,8.1,191.0,999.1,,15.4,,,2.3,,2025-09-30 23:00:00
170.0,8.0,9.0,,,,,999.3,,15.5,,,,,2025-09-30 23:40:00
170.0,7.0,10.0,4.9,10.0,7.9,200.0,999.5,,15.5,,,,,2025-09-30 23:50:00
180.0,7.0,9.0,,,,,999.5,,15.5,,,2.1,,2025-10-01 00:00:00
200.0,7.0,9.0,4.5,,8.0,188.0,999.9,,15.5,,,,,2025-10-01 00:10:00
230.0,7.0,12.0,4.5,11.0,8.0,188.0,1000.0,,15.4,,,,,2025-10-01 00:20:00
220.0,5.0,7.0,,,,,1000.2,,15.4,,,,,2025-10-01 00:30:00
210.0,6.0,8.0,4.7,,8.3,192.0,1000.3,,15.4,,,,,2025-10-01 00:40:00
210.0,7.0,9.0,4.7,11.0,8.3,192.0,1000.5,,15.4,,,,,2025-10-01 00:50:00
210.0,6.0,8.0,,,,,1000.7,,15.4,,,2.3,,2025-10-01 01:00:00
200.0,6.0,8.0,4.6,,8.2,200.0,1000.8,,15.4,,,,,2025-10-01 01:10:00
210.0,6.0,9.0,4.6,10.0,8.2,200.0,1000.9,,15.4,,,,,2025-10-01 01:20:00
210.0,7.0,9.0,,,,,1001.1,,15.4,,,,,2025-10-01 01:30:00
210.0,7.0,9.0,4.2,,8.3,199.0,1001.2,,15.4,,,,,2025-10-01 01:40:00
210.0,7.0,9.0,4.2,10.0,8.3,199.0,1001.4,,15.4,,,,,2025-10-01 01:50:00
210.0,6.0,8.0,,,,,1001.5,,15.4,,,2.4,,2025-10-01 02:00:00
200.0,7.0,10.0,4.5,,8.4,210.0,1001.6,,15.4,,,,,2025-10-01 02:10:00
200.0,7.0,9.0,4.5,11.0,8.4,210.0,1001.7,,15.5,,,,,2025-10-01 02:20:00
190.0,7.0,9.0,,,,,1001.9,,15.5,,,,,2025-10-01 02:30:00
190.0,7.0,9.0,4.3,,8.2,189.0,1001.9,,15.5,,,,,2025-10-01 02:40:00
190.0,7.0,9.0,4.3,11.0,8.2,189.0,1002.1,,15.5,,,,,2025-10-01 02:50:00
190.0,6.0,8.0,,,,,1002.2,,15.5,,,2.7,,2025-10-01 03:00:00
190.0,6.0,9.0,4.1,,8.1,198.0,1002.4,,15.5,,,,,2025-10-01 03:10:00
200.0,6.0,8.0,4.1,11.0,8.1,198.0,1002.5,,15.5,,,,,2025-10-01 03:20:00
210.0,6.0,8.0,,,,,1002.6,,15.5,,,,,2025-10-01 03:30:00
230.0,7.0,9.0,,,,,1002.8,,15.5,,,,,2025-10-01 03:40:00
210.0,9.0,11.0,4.0,10.0,8.0,195.0,1002.9,,15.5,,,,,2025-10-01 03:50:00
200.0,9.0,11.0,,,,,1003.1,,15.5,,,2.4,,2025-10-01 04:00:00
200.0,9.0,12.0,,,,,1003.2,,15.5,,,,,2025-10-01 04:10:00
200.0,9.0,10.0,4.4,11.0,8.2,201.0,1003.3,,15.5,,,,,2025-10-01 04:20:00
200.0,8.0,11.0,,,,,1003.5,,15.5,,,,,2025-10-01 04:30:00
200.0,8.0,10.0,,,,,1003.5,,,,,,,2025-10-01 04:40:00
220.0,9.0,12.0,4.3,11.0,8.2,187.0,1003.6,,15.5,,,,,2025-10-01 04:50:00
210.0,9.0,12.0,,,,,1003.7,,15.5,,,2.2,,2025-10-01 05:00:00
200.0,8.0,11.0,,,,,1003.8,,15.5,,,,,2025-10-01 05:10:00
220.0,9.0,11.0,4.3,10.0,8.1,191.0,1003.8,,15.5,,,,,2025-10-01 05:20:00
200.0,8.0,11.0,,,,,1004.0,,15.5,,,,,2025-10-01 05:30:00
200.0,9.0,11.0,4.8,,8.8,185.0,1004.0,,15.5,,,,,2025-10-01 05:40:00
200.0,9.0,11.0,4.8,11.0,8.8,185.0,1004.0,,15.5,,,,,2025-10-01 05:50:00
200.0,10.0,12.0,,,,,1004.1,,15.5,,,1.9,,2025-10-01 06:00:00
200.0,10.0,13.0,4.8,,8.9,277.0,1004.1,,15.5,,,,,2025-10-01 06:10:00
200.0,10.0,12.0,4.8,14.0,8.9,277.0,1004.2,,15.5,,,,,2025-10-01 06:20:00
210.0,10.0,13.0,,,,,1004.3,,15.5,,,,,2025-10-01 06:30:00
200.0,10.0,13.0,4.8,,8.7,270.0,1004.3,,15.5,,,,,2025-10-01 06:40:00
200.0,10.0,14.0,4.8,13.0,8.7,270.0,1004.4,,15.5,,,,,2025-10-01 06:50:00
200.0,12.0,14.0,,,,,1004.4,,15.5,,,1.3,,2025-10-01 07:00:00
200.0,11.0,14.0,5.4,,9.1,275.0,1004.4,,15.5,,,,,2025-10-01 07:10:00
200.0,11.0,14.0,5.4,13.0,9.1,275.0,1004.3,,15.4,,,,,2025-10-01 07:20:00
190.0,10.0,13.0,,,,,1004.1,,15.4,,,,,2025-10-01 07:30:00
190.0,11.0,14.0,,,,,1004.3,,15.4,,,,,2025-10-01 07:40:00
200.0,11.0,14.0,4.9,14.0,8.8,272.0,1004.3,,15.4,,,,,2025-10-01 07:50:00
190.0,11.0,14.0,,,,,1004.4,,15.4,,,0.7,,2025-10-01 08:00:00
200.0,11.0,14.0,,,,,1004.4,,15.3,,,,,2025-10-01 08:10:00
200.0,11.0,14.0,5.9,11.0,9.2,242.0,1004.6,,15.3,,,,,2025-10-01 08:20:00
230.0,11.0,15.0,,,,,1004.9,,15.4,,,,,2025-10-01 08:30:00
240.0,13.0,17.0,6.0,,9.4,258.0,1004.7,,15.4,,,,,2025-10-01 08:40:00
210.0,10.0,14.0,6.0,13.0,9.4,258.0,1004.6,,15.4,,,,,2025-10-01 08:50:00
210.0,10.0,17.0,,,,,1004.9,,15.4,,,0.8,,2025-10-01 09:00:00
220.0,11.0,14.0,5.5,,8.6,251.0,1004.8,,15.4,,,,,2025-10-01 09:10:00
220.0,10.0,12.0,5.5,14.0,8.6,251.0,1004.8,,15.4,,,,,2025-10-01 09:20:00
220.0,10.0,12.0,,,,,1004.6,,15.4,,,,,2025-10-01 09:30:00
220.0,10.0,13.0,,,,,1004.6,,15.4,,,,,2025-10-01 09:40:00
210.0,13.0,16.0,5.6,12.0,9.3,259.0,1004.5,,15.4,,,,,2025-10-01 09:50:00
200.0,12.0,15.0,,,,,1004.5,,15.4,,,0.0,,2025-10-01 10:00:00
200.0,10.0,14.0,,,,,1004.5,,15.4,,,,,2025-10-01 10:10:00
210.0,10.0,12.0,,,,,1004.3,,15.4,,,,,2025-10-01 10:20:00
200.0,11.0,14.0,,,,,1004.4,,15.4,,,,,2025-10-01 10:30:00
200.0,11.0,14.0,5.4,,8.7,262.0,1004.5,,15.4,,,,,2025-10-01 10:40:00
200.0,11.0,14.0,5.4,14.0,8.7,262.0,1004.4,,15.3,,,,,2025-10-01 10:50:00
190.0,11.0,14.0,,,,,1004.5,,15.3,,,0.0,,2025-10-01 11:00:00
190.0,11.0,13.0,,,,,1004.5,,15.3,,,,,2025-10-01 11:10:00
190.0,11.0,14.0,5.6,14.0,8.8,259.0,1004.5,,15.3,,,,,2025-10-01 11:20:00
190.0,11.0,13.0,,,,,1004.4,,15.3,,,,,2025-10-01 11:30:00
190.0,11.0,13.0,5.8,,8.7,256.0,1004.5,,15.3,,,,,2025-10-01 11:40:00
190.0,11.0,13.0,5.8,13.0,8.7,256.0,1004.3,,15.3,,,,,2025-10-01 11:50:00
200.0,12.0,17.0,,,,,1004.9,,15.3,,,-0.0,,2025-10-01 12:00:00
210.0,13.0,17.0,5.2,,8.5,267.0,1004.4,,15.3,,,,,2025-10-01 12:10:00
200.0,11.0,14.0,5.2,14.0,8.5,267.0,1004.3,,15.3,,,,,2025-10-01 12:20:00
190.0,9.0,11.0,,,,,1004.4,,15.3,,,,,2025-10-01 12:30:00
180.0,8.0,10.0,5.8,,8.8,241.0,1004.3,,15.3,,,,,2025-10-01 12:40:00
190.0,10.0,13.0,5.8,10.0,8.8,241.0,1004.3,,15.3,,,,,2025-10-01 12:50:00
190.0,11.0,13.0,,,,,1004.2,,15.3,,,-0.3,,2025-10-01 13:00:00
190.0,11.0,13.0,5.8,,8.8,269.0,1004.1,,15.3,,,,,2025-10-01 13:10:00
190.0,11.0,14.0,5.8,13.0,8.8,269.0,1004.2,,15.3,,,,,2025-10-01 13:20:00
190.0,10.0,12.0,,,,,1004.2,,15.3,,,,,2025-10-01 13:30:00
180.0,11.0,13.0,,,,,1004.2,,15.3,,,,,2025-10-01 13:40:00
180.0,10.0,13.0,5.6,13.0,8.9,271.0,1004.1,,15.3,,,,,2025-10-01 13:50:00
180.0,10.0,12.0,,,,,1004.2,,15.3,,,-0.3,,2025-10-01 14:00:00
180.0,12.0,16.0,5.8,,8.8,260.0,1004.2,,15.3,,,,,2025-10-01 14:10:00
190.0,11.0,14.0,5.8,12.0,8.8,260.0,1004.3,,15.3,,,,,2025-10-01 14:20:00
190.0,11.0,13.0,,,,,1004.3,,15.3,,,,,2025-10-01 14:30:00
180.0,10.0,12.0,,,,,1004.3,,15.3,,,,,2025-10-01 14:40:00
180.0,9.0,11.0,,,,,1004.4,,15.3,,,,,2025-10-01 14:50:00
190.0,10.0,12.0,,,,,1004.3,,15.3,,,-0.6,,2025-10-01 15:00:00
190.0,11.0,20.0,,,,,1004.4,,15.3,,,,,2025-10-01 15:10:00
190.0,14.0,19.0,4.6,13.0,8.1,278.0,1004.5,,15.3,,,,,2025-10-01 15:20:00
190.0,10.0,13.0,,,,,1004.5,,15.3,,,,,2025-10-01 15:30:00
190.0,10.0,13.0,,,,,1004.5,,15.3,,,,,2025-10-01 15:40:00
190.0,10.0,13.0,5.7,10.0,8.6,245.0,1004.5,,15.3,,,,,2025-10-01 15:50:00
190.0,9.0,12.0,,,,,1004.6,,15.3,,,0.4,,2025-10-01 16:00:00
190.0,9.0,12.0,5.4,,8.9,264.0,1004.6,,15.3,,,,,2025-10-01 16:10:00
190.0,9.0,12.0,5.4,12.0,8.9,264.0,1004.7,,15.3,,,,,2025-10-01 16:20:00
200.0,11.0,16.0,,,,,1004.9,,15.3,,,,,2025-10-01 16:30:00
200.0,11.0,16.0,,,,,1004.7,,15.3,,,,,2025-10-01 16:40:00
200.0,10.0,13.0,,,,,1004.8,,15.3,,,,,2025-10-01 16:50:00
200.0,11.0,14.0,,,,,1004.8,,15.3,,,0.6,,2025-10-01 17:00:00
200.0,10.0,13.0,,,,,1004.8,,15.3,,,,,2025-10-01 17:10:00
200.0,11.0,13.0,,,,,1005.0,,15.2,,,,,2025-10-01 17:20:00
190.0,10.0,12.0,,,,,1005.0,,15.3,,,,,2025-10-01 17:30:00
190.0,9.0,11.0,,,,,1005.1,,15.3,,,,,2025-10-01 17:40:00
180.0,9.0,12.0,,,,,1005.1,,15.3,,,,,2025-10-01 17:50:00
180.0,10.0,15.0,,,,,1005.1,,15.3,,,0.8,,2025-10-01 18:00:00
190.0,12.0,15.0,6.0,,9.3,268.0,1005.0,,15.3,,,,,2025-10-01 18:10:00
190.0,11.0,14.0,6.0,15.0,9.3,268.0,1005.1,,15.3,,,,,2025-10-01 18:20:00
190.0,11.0,14.0,,,,,1005.2,,15.3,,,,,2025-10-01 18:30:00
190.0,11.0,14.0,,,,,1005.3,,15.3,,,,,2025-10-01 18:40:00
190.0,11.0,14.0,5.9,15.0,8.9,265.0,1005.3,,15.3,,,,,2025-10-01 18:50:00
180.0,10.0,14.0,,,,,1005.4,,15.3,,,0.8,,2025-10-01 19:00:00
190.0,11.0,13.0,5.8,,9.1,268.0,1005.5,,15.3,,,,,2025-10-01 19:10:00
180.0,10.0,13.0,5.8,14.0,9.1,268.0,1005.4,,15.3,,,,,2025-10-01 19:20:00
180.0,11.0,13.0,,,,,1005.6,,15.3,,,,,2025-10-01 19:30:00
180.0,11.0,13.0,,,,,1005.5,,15.3,,,,,2025-10-01 19:40:00
180.0,10.0,13.0,,,,,1005.6,,15.3,,,,,2025-10-01 19:50:00
190.0,9.0,11.0,,,,,1005.6,,15.3,,,0.8,,2025-10-01 20:00:00
180.0,10.0,13.0,,,,,1005.6,,15.3,,,,,2025-10-01 20:10:00
180.0,11.0,16.0,,,,,1005.7,,15.3,,,,,2025-10-01 20:20:00
180.0,12.0,17.0,,,,,1006.1,,15.3,,,,,2025-10-01 20:30:00
190.0,11.0,13.0,,,,,1006.0,,15.3,,,,,2025-10-01 20:40:00
180.0,10.0,13.0,,,,,1005.9,,15.3,,,,,2025-10-01 20:50:00
190.0,10.0,13.0,,,,,1006.0,,15.3,,,0.9,,2025-10-01 21:00:00
180.0,10.0,12.0,,,,,1006.0,,15.3,,,,,2025-10-01 21:10:00
190.0,10.0,14.0,5.4,15.0,9.2,268.0,1006.0,,15.3,,,,,2025-10-01 21:20:00
200.0,11.0,13.0,,,,,1006.3,,15.3,,,,,2025-10-01 21:30:00
200.0,12.0,16.0,,,,,1006.5,,15.3,,,,,2025-10-01 21:40:00
200.0,11.0,15.0,5.9,13.0,9.5,269.0,1006.5,,15.3,,,,,2025-10-01 21:50:00
200.0,11.0,14.0,,,,,1006.4,,15.3,,,1.0,,2025-10-01 22:00:00
200.0,10.0,12.0,,,,,1006.4,,15.3,,,,,2025-10-01 22:10:00
190.0,11.0,13.0,,,,,1006.5,,15.3,,,,,2025-10-01 22:20:00
190.0,13.0,16.0,,,,,1006.4,,15.3,,,,,2025-10-01 22:30:00
190.0,11.0,14.0,,,,,1006.6,,15.3,,,,,2025-10-01 22:40:00
190.0,11.0,13.0,,,,,1006.6,,15.3,,,,,2025-10-01 22:50:00
180.0,10.0,12.0,,,,,1006.5,,15.3,,,0.9,,2025-10-01 23:00:00
190.0,10.0,12.0,5.6,,9.4,266.0,1006.5,,15.3,,,,,2025-10-01 23:10:00
190.0,12.0,14.0,,,,,1006.5,,15.3,,,,,2025-10-01 23:40:00
190.0,11.0,13.0,6.0,14.0,9.6,267.0,1006.6,,15.3,,,,,2025-10-01 23:50:00
190.0,11.0,14.0,,,,,1006.7,,15.3,,,0.7,,2025-10-02 00:00:00
190.0,10.0,12.0,6.0,,9.2,262.0,1006.8,,15.3,,,,,2025-10-02 00:10:00
190.0,10.0,13.0,6.0,14.0,9.2,262.0,1006.8,,15.3,,,,,2025-10-02 00:20:00
190.0,10.0,12.0,,,,,1006.9,,15.3,,,,,2025-10-02 00:30:00
200.0,10.0,12.0,6.0,,9.4,259.0,1006.9,,15.3,,,,,2025-10-02 00:40:00
200.0,11.0,13.0,6.0,14.0,9.4,259.0,1007.0,,15.3,,,,,2025-10-02 00:50:00
200.0,11.0,13.0,,,,,1007.0,,15.3,,,0.6,,2025-10-02 01:00:00
190.0,11.0,13.0,5.8,,9.4,274.0,1007.0,,15.3,,,,,2025-10-02 01:10:00
190.0,11.0,14.0,5.8,14.0,9.4,274.0,1007.1,,15.3,,,,,2025-10-02 01:20:00
210.0,10.0,14.0,,,,,1007.4,,15.2,,,,,2025-10-02 01:30:00
210.0,10.0,13.0,,,,,1007.5,,15.2,,,,,2025-10-02 01:40:00
210.0,11.0,13.0,6.0,13.0,9.4,263.0,1007.5,,15.2,,,,,2025-10-02 01:50:00
210.0,11.0,14.0,,,,,1007.5,,15.2,,,1.0,,2025-10-02 02:00:00
200.0,10.0,13.0,,,,,1007.6,,15.2,,,,,2025-10-02 02:10:00
200.0,10.0,14.0,6.0,14.0,9.3,267.0,1007.6,,15.2,,,,,2025-10-02 02:20:00
200.0,11.0,13.0,,,,,1007.7,,15.2,,,,,2025-10-02 02:30:00
210.0,10.0,13.0,,,,,1007.6,,15.2,,,,,2025-10-02 02:40:00
200.0,10.0,13.0,,,,,1007.8,,,,,,,2025-10-02 02:50:00
200.0,10.0,12.0,,,,,1007.9,,15.2,,,1.2,,2025-10-02 03:00:00
200.0,11.0,13.0,,,,,1008.0,,15.2,,,,,2025-10-02 03:10:00
200.0,10.0,14.0,,,,,1008.1,,15.1,,,,,2025-10-02 03:20:00
210.0,10.0,13.0,,,,,1008.4,,15.1,,,,,2025-10-02 03:30:00
200.0,10.0,12.0,,,,,1008.5,,15.1,,,,,2025-10-02 03:40:00
200.0,10.0,13.0,5.6,14.0,9.1,266.0,1008.5,,15.1,,,,,2025-10-02 03:50:00
200.0,11.0,14.0,,,,,1008.6,,15.1,,,1.6,,2025-10-02 04:00:00
200.0,10.0,12.0,5.7,,9.0,265.0,1008.7,,15.0,,,,,2025-10-02 04:10:00
200.0,12.0,15.0,5.7,13.0,9.0,265.0,1009.0,,15.0,,,,,2025-10-02 04:20:00
200.0,10.0,12.0,,,,,1009.1,,15.0,,,,,2025-10-02 04:30:00
210.0,9.0,12.0,5.9,,9.1,260.0,1009.1,,15.0,,,,,2025-10-02 04:40:00
200.0,10.0,13.0,5.9,14.0,9.1,260.0,1009.3,,15.0,,,,,2025-10-02 04:50:00
210.0,10.0,13.0,,,,,1009.6,,15.0,,,2.1,,2025-10-02 05:00:00
210.0,10.0,12.0,5.8,,9.1,261.0,1009.6,,15.0,,,,,2025-10-02 05:10:00
210.0,9.0,12.0,5.8,13.0,9.1,261.0,1009.6,,15.0,,,,,2025-10-02 05:20:00
210.0,9.0,11.0,,,,,1009.5,,15.0,,,,,2025-10-02 05:30:00
210.0,9.0,11.0,,,,,1009.6,,15.0,,,,,2025-10-02 05:40:00
200.0,10.0,13.0,,,,,1009.7,,15.0,,,,,2025-10-02 05:50:00
210.0,11.0,14.0,,,,,1009.9,,15.0,,,2.0,,2025-10-02 06:00:00
200.0,10.0,13.0,,,,,1010.1,,15.0,,,,,2025-10-02 06:10:00
200.0,10.0,12.0,5.9,13.0,9.0,262.0,1010.2,,15.0,,,,,2025-10-02 06:20:00
190.0,9.0,11.0,,,,,1010.1,,15.0,,,,,2025-10-02 06:30:00
190.0,8.0,11.0,5.4,,8.7,261.0,1010.3,,15.0,,,,,2025-10-02 06:40:00
200.0,9.0,12.0,5.4,13.0,8.7,261.0,1010.3,,14.9,,,,,2025-10-02 06:50:00
200.0,9.0,11.0,,,,,1010.4,,14.9,,,1.8,,2025-10-02 07:00:00
200.0,7.0,9.0,,,,,1010.5,,14.9,,,,,2025-10-02 07:10:00
200.0,8.0,9.0,5.7,13.0,9.1,268.0,1010.5,,14.9,,,,,2025-10-02 07:20:00
190.0,8.0,9.0,,,,,1010.5,,14.9,,,,,2025-10-02 07:30:00
190.0,7.0,9.0,5.4,,9.0,270.0,1010.6,,14.9,,,,,2025-10-02 07:40:00
200.0,7.0,9.0,5.4,13.0,9.0,270.0,1010.7,,14.9,,,,,2025-10-02 07:50:00
200.0,7.0,8.0,,,,,1010.6,,14.9,,,1.0,,2025-10-02 08:00:00
200.0,8.0,10.0,,,,,1010.6,,14.9,,,,,2025-10-02 08:10:00
200.0,7.0,9.0,5.4,12.0,8.9,268.0,1010.7,,14.9,,,,,2025-10-02 08:20:00
200.0,7.0,8.0,,,,,1010.8,,14.9,,,,,2025-10-02 08:30:00
210.0,8.0,11.0,5.1,,8.9,269.0,1010.9,,14.9,,,,,2025-10-02 08:40:00
220.0,7.0,11.0,5.1,14.0,8.9,269.0,1010.9,,14.9,,,,,2025-10-02 08:50:00
210.0,6.0,9.0,,,,,1011.0,,14.9,,,1.1,,2025-10-02 09:00:00
210.0,6.0,8.0,5.0,,8.6,271.0,1011.0,,14.9,,,,,2025-10-02 09:10:00
200.0,6.0,7.0,5.0,13.0,8.6,271.0,1011.0,,14.9,,,,,2025-10-02 09:20:00
190.0,7.0,10.0,,,,,1011.1,,14.9,,,,,2025-10-02 09:30:00
180.0,7.0,9.0,,,,,1011.1,,14.9,,,,,2025-10-02 09:40:00
190.0,7.0,8.0,5.0,14.0,8.6,269.0,1011.1,,14.9,,,,,2025-10-02 09:50:00
200.0,6.0,8.0,,,,,1011.2,,14.9,,,0.8,,2025-10-02 10:00:00
190.0,6.0,7.0,5.3,,8.8,271.0,1011.2,,14.9,,,,,2025-10-02 10:10:00
190.0,5.0,7.0,5.3,13.0,8.8,271.0,1011.2,,15.0,,,,,2025-10-02 10:20:00
190.0,5.0,6.0,,,,,1011.2,,15.0,,,,,2025-10-02 10:30:00
200.0,5.0,6.0,5.1,,9.3,275.0,1011.1,,15.0,,,,,2025-10-02 10:40:00
200.0,5.0,7.0,5.1,13.0,9.3,275.0,1011.3,,15.0,,,,,2025-10-02 10:50:00
200.0,6.0,8.0,,,,,1011.4,,15.0,,,0.8,,2025-10-02 11:00:00
200.0,6.0,7.0,4.7,,8.8,280.0,1011.5,,15.0,,,,,2025-10-02 11:10:00
190.0,6.0,7.0,4.7,13.0,8.8,280.0,1011.5,,15.0,,,,,2025-10-02 11:20:00
190.0,6.0,7.0,,,,,1011.6,,15.0,,,,,2025-10-02 11:30:00
190.0,6.0,7.0,4.4,,8.5,286.0,1011.7,,15.1,,,,,2025-10-02 11:40:00
200.0,6.0,7.0,4.4,12.0,8.5,286.0,1011.9,,15.1,,,,,2025-10-02 11:50:00
190.0,6.0,8.0,,,,,1011.9,,15.1,,,0.9,,2025-10-02 12:00:00
200.0,6.0,7.0,4.4,,8.6,281.0,1011.9,,15.1,,,,,2025-10-02 12:10:00
200.0,6.0,8.0,4.4,12.0,8.6,281.0,1012.0,,15.1,,,,,2025-10-02 12:20:00
200.0,6.0,8.0,,,,,1012.0,,15.1,,,,,2025-10-02 12:30:00
200.0,6.0,7.0,,,,,1012.0,,15.1,,,,,2025-10-02 12:40:00
200.0,6.0,7.0,4.2,13.0,8.6,290.0,1012.0,,15.1,,,,,2025-10-02 12:50:00
200.0,5.0,7.0,,,,,1012.1,,15.1,,,0.9,,2025-10-02 13:00:00
200.0,6.0,7.0,4.8,,8.9,285.0,1012.3,,15.1,,,,,2025-10-02 13:10:00
210.0,6.0,7.0,4.8,13.0,8.9,285.0,1012.4,,15.0,,,,,2025-10-02 13:20:00
200.0,6.0,8.0,,,,,1012.4,,15.0,,,,,2025-10-02 13:30:00
200.0,5.0,6.0,,,,,1012.5,,15.0,,,,,2025-10-02 13:40:00
200.0,6.0,7.0,4.0,12.0,8.4,287.0,1012.6,,15.0,,,,,2025-10-02 13:50:00
220.0,6.0,8.0,,,,,1012.6,,15.0,,,1.2,,2025-10-02 14:00:00
200.0,6.0,8.0,4.0,,8.5,295.0,1012.7,,15.0,,,,,2025-10-02 14:10:00
230.0,8.0,11.0,4.0,13.0,8.5,295.0,1012.7,,15.0,,,,,2025-10-02 14:20:00
230.0,7.0,9.0,,,,,1012.8,,14.9,,,,,2025-10-02 14:30:00
220.0,6.0,8.0,4.0,,8.4,288.0,1012.9,,14.9,,,,,2025-10-02 14:40:00
210.0,5.0,7.0,4.0,12.0,8.4,288.0,1013.0,,14.9,,,,,2025-10-02 14:50:00
220.0,5.0,6.0,,,,,1013.1,,14.9,,,1.2,,2025-10-02 15:00:00
220.0,5.0,6.0,3.9,,8.4,289.0,1013.2,,14.9,,,,,2025-10-02 15:10:00
210.0,5.0,7.0,3.9,13.0,8.4,289.0,1013.3,,14.9,,,,,2025-10-02 15:20:00
210.0,5.0,6.0,,,,,1013.4,,14.9,,,,,2025-10-02 15:30:00
210.0,5.0,6.0,4.1,,8.5,286.0,1013.5,,14.8,,,,,2025-10-02 15:40:00
200.0,4.0,5.0,4.1,12.0,8.5,286.0,1013.5,,14.8,,,,,2025-10-02 15:50:00
180.0,4.0,5.0,,,,,1013.5,,14.8,,,1.4,,2025-10-02 16:00:00
180.0,3.0,5.0,3.9,,8.3,283.0,1013.6,,14.8,,,,,2025-10-02 16:10:00
190.0,3.0,5.0,3.9,13.0,8.3,283.0,1013.7,,14.8,,,,,2025-10-02 16:20:00
210.0,4.0,6.0,,,,,1013.8,,14.8,,,,,2025-10-02 16:30:00
220.0,4.0,6.0,3.7,,8.3,287.0,1013.8,,14.8,,,,,2025-10-02 16:40:00
220.0,5.0,6.0,3.7,12.0,8.3,287.0,1013.8,,14.8,,,,,2025-10-02 16:50:00
210.0,5.0,6.0,,,,,1014.0,,14.8,,,1.4,,2025-10-02 17:00:00
210.0,4.0,5.0,4.1,,8.4,287.0,1014.0,,14.8,,,,,2025-10-02 17:10:00
200.0,4.0,5.0,4.1,13.0,8.4,287.0,1014.2,,14.8,,,,,2025-10-02 17:20:00
200.0,4.0,5.0,,,,,1014.2,,,,,,,2025-10-02 17:30:00
200.0,4.0,5.0,,,,,1014.2,,14.8,,,,,2025-10-02 17:40:00
210.0,4.0,5.0,4.2,12.0,8.7,286.0,1014.2,,14.8,,,,,2025-10-02 17:50:00
210.0,5.0,6.0,,,,,1014.3,,14.8,,,1.2,,2025-10-02 18:00:00
210.0,5.0,6.0,4.5,,9.0,277.0,1014.4,,14.8,,,,,2025-10-02 18:10:00
200.0,4.0,5.0,4.5,12.0,9.0,277.0,1014.5,,14.8,,,,,2025-10-02 18:20:00
200.0,4.0,5.0,,,,,1014.5,,14.8,,,,,2025-10-02 18:30:00
210.0,5.0,5.0,,,,,1014.5,,14.7,,,,,2025-10-02 18:40:00
200.0,5.0,6.0,4.0,11.0,8.4,281.0,1014.5,,14.7,,,,,2025-10-02 18:50:00
200.0,5.0,6.0,,,,,1014.6,,14.7,,,1.1,,2025-10-02 19:00:00
200.0,5.0,5.0,,,,,1014.7,,14.7,,,,,2025-10-02 19:10:00
200.0,5.0,6.0,3.5,11.0,8.0,275.0,1014.7,,14.7,,,,,2025-10-02 19:20:00
200.0,5.0,6.0,,,,,1014.8,,14.7,,,,,2025-10-02 19:30:00
200.0,5.0,5.0,,,,,1014.9,,14.7,,,,,2025-10-02 19:40:00
200.0,4.0,5.0,4.2,11.0,8.6,273.0,1014.9,,14.7,,,,,2025-10-02 19:50:00
210.0,4.0,5.0,,,,,1015.0,,14.7,,,1.0,,2025-10-02 20:00:00
210.0,4.0,5.0,3.7,,8.2,275.0,1015.1,,14.7,,,,,2025-10-02 20:10:00
200.0,4.0,5.0,3.7,12.0,8.2,275.0,1015.1,,14.7,,,,,2025-10-02 20:20:00
200.0,4.0,5.0,,,,,1015.1,,14.6,,,,,2025-10-02 20:30:00
200.0,4.0,5.0,3.8,,8.3,277.0,1015.1,,14.7,,,,,2025-10-02 20:40:00
200.0,4.0,6.0,3.8,12.0,8.3,277.0,1015.1,,14.7,,,,,2025-10-02 20:50:00
200.0,4.0,5.0,,,,,1015.2,,14.7,,,0.9,,2025-10-02 21:00:00
200.0,4.0,4.0,3.8,,8.3,275.0,1015.2,,14.7,,,,,2025-10-02 21:10:00
200.0,4.0,4.0,3.8,11.0,8.3,275.0,1015.3,,14.7,,,,,2025-10-02 21:20:00
200.0,4.0,5.0,,,,,1015.2,,14.7,,,,,2025-10-02 21:30:00
210.0,4.0,5.0,3.5,,8.0,271.0,1015.2,,14.7,,,,,2025-10-02 21:40:00
210.0,4.0,5.0,3.5,11.0,8.0,271.0,1015.3,,14.7,,,,,2025-10-02 21:50:00
200.0,4.0,5.0,,,,,1015.3,,14.7,,,0.7,,2025-10-02 22:00:00
210.0,4.0,5.0,3.5,,8.0,275.0,1015.4,,14.7,,,,,2025-10-02 22:10:00
220.0,4.0,5.0,3.5,11.0,8.0,275.0,1015.5,,14.7,,,,,2025-10-02 22:20:00
220.0,4.0,5.0,,,,,1015.5,,14.7,,,,,2025-10-02 22:30:00
210.0,3.0,5.0,,,,,1015.5,,14.8,,,,,2025-10-02 22:40:00
200.0,5.0,6.0,3.6,11.0,8.1,276.0,1015.6,,14.8,,,,,2025-10-02 22:50:00
230.0,6.0,8.0,,,,,1015.7,,14.7,,,0.7,,2025-10-02 23:00:00
220.0,5.0,7.0,3.4,,8.1,270.0,1015.7,,14.7,,,,,2025-10-02 23:10:00
220.0,5.0,6.0,3.3,,7.9,277.0,1015.9,,14.6,,,,,2025-10-02 23:40:00
220.0,5.0,7.0,3.3,11.0,7.9,277.0,1015.9,,14.5,,,,,2025-10-02 23:50:00
230.0,5.0,7.0,,,,,1015.9,,14.5,,,0.7,,2025-10-03 00:00:00
230.0,5.0,6.0,3.4,,8.1,279.0,1016.0,,14.5,,,,,2025-10-03 00:10:00
220.0,4.0,5.0,3.4,11.0,8.1,279.0,1015.9,,14.6,,,,,2025-10-03 00:20:00
220.0,4.0,5.0,,,,,1016.0,,14.6,,,,,2025-10-03 00:30:00
220.0,3.0,4.0,,,,,1016.0,,14.7,,,,,2025-10-03 00:40:00
220.0,3.0,4.0,3.3,10.0,8.0,282.0,1016.1,,14.7,,,,,2025-10-03 00:50:00
220.0,3.0,4.0,,,,,1016.2,,14.7,,,0.9,,2025-10-03 01:00:00
230.0,3.0,4.0,3.1,,7.8,278.0,1016.3,,14.7,,,,,2025-10-03 01:10:00
240.0,3.0,4.0,3.1,10.0,7.8,278.0,1016.4,,14.7,,,,,2025-10-03 01:20:00
230.0,3.0,4.0,,,,,1016.4,,14.7,,,,,2025-10-03 01:30:00
230.0,3.0,4.0,,,,,1016.4,,14.7,,,,,2025-10-03 01:40:00
240.0,4.0,5.0,3.0,9.0,7.7,281.0,1016.5,,14.7,,,,,2025-10-03 01:50:00
250.0,4.0,5.0,,,,,1016.5,,14.7,,,0.8,,2025-10-03 02:00:00
240.0,3.0,4.0,,,,,1016.6,,14.7,,,,,2025-10-03 02:10:00
230.0,3.0,4.0,3.1,10.0,7.8,288.0,1016.6,,14.7,,,,,2025-10-03 02:20:00
220.0,3.0,3.0,,,,,1016.8,,14.7,,,,,2025-10-03 02:30:00
220.0,2.0,3.0,3.0,,7.9,288.0,1016.8,,14.7,,,,,2025-10-03 02:40:00
200.0,3.0,3.0,3.0,11.0,7.9,288.0,1016.9,,14.7,,,,,2025-10-03 02:50:00
200.0,2.0,3.0,,,,,1016.9,,14.7,,,1.0,,2025-10-03 03:00:00
200.0,3.0,4.0,2.8,,7.5,292.0,1017.1,,14.7,,,,,2025-10-03 03:10:00
200.0,3.0,4.0,2.8,11.0,7.5,292.0,1017.1,,14.7,,,,,2025-10-03 03:20:00
220.0,2.0,3.0,,,,,1017.2,,14.7,,,,,2025-10-03 03:30:00
220.0,3.0,3.0,3.0,,7.7,296.0,1017.2,,14.7,,,,,2025-10-03 03:40:00
220.0,2.0,3.0,3.0,11.0,7.7,296.0,1017.4,,14.7,,,,,2025-10-03 03:50:00
220.0,3.0,3.0,,,,,1017.6,,14.7,,,1.4,,2025-10-03 04:00:00
230.0,3.0,3.0,2.8,,7.7,293.0,1017.7,,14.6,,,,,2025-10-03 04:10:00
210.0,3.0,3.0,2.8,11.0,7.7,293.0,1017.6,,14.6,,,,,2025-10-03 04:20:00
210.0,3.0,3.0,,,,,1017.7,,14.6,,,,,2025-10-03 04:30:00
210.0,3.0,3.0,3.1,,8.0,298.0,1017.8,,14.6,,,,,2025-10-03 04:40:00
220.0,3.0,3.0,3.1,11.0,8.0,298.0,1017.9,,14.6,,,,,2025-10-03 04:50:00
210.0,3.0,4.0,,,,,1017.9,,14.6,,,1.4,,2025-10-03 05:00:00
210.0,3.0,4.0,3.1,,7.9,300.0,1018.0,,14.6,,,,,2025-10-03 05:10:00
220.0,3.0,3.0,3.1,10.0,7.9,300.0,1018.1,,14.6,,,,,2025-10-03 05:20:00
220.0,3.0,4.0,,,,,1018.0,,14.6,,,,,2025-10-03 05:30:00
220.0,3.0,4.0,,,,,1017.9,,14.6,,,,,2025-10-03 05:40:00
210.0,3.0,4.0,3.0,11.0,7.8,295.0,1018.0,,14.6,,,,,2025-10-03 05:50:00
220.0,3.0,4.0,,,,,1018.1,,14.6,,,1.2,,2025-10-03 06:00:00
220.0,3.0,4.0,3.1,,8.0,300.0,1018.2,,14.6,,,,,2025-10-03 06:10:00
210.0,3.0,3.0,3.1,10.0,8.0,300.0,1018.1,,14.7,,,,,2025-10-03 06:20:00
210.0,3.0,3.0,,,,,1018.1,,14.7,,,,,2025-10-03 06:30:00
210.0,3.0,3.0,,,,,1018.2,,14.7,,,,,2025-10-03 06:40:00
210.0,3.0,3.0,3.1,11.0,8.1,298.0,1018.3,,14.7,,,,,2025-10-03 06:50:00
210.0,3.0,3.0,,,,,1018.3,,14.7,,,0.7,,2025-10-03 07:00:00
210.0,3.0,3.0,3.2,,7.9,301.0,1018.3,,14.7,,,,,2025-10-03 07:10:00
200.0,3.0,4.0,3.2,11.0,7.9,301.0,1018.2,,14.7,,,,,2025-10-03 07:20:00
190.0,3.0,4.0,,,,,1018.2,,14.7,,,,,2025-10-03 07:30:00
200.0,3.0,4.0,3.2,,7.9,289.0,1018.1,,14.7,,,,,2025-10-03 07:40:00
210.0,3.0,4.0,3.2,11.0,7.9,289.0,1018.1,,14.7,,,,,2025-10-03 07:50:00
210.0,3.0,4.0,,,,,1018.1,,14.7,,,0.0,,2025-10-03 08:00:00
200.0,3.0,4.0,,,,,1018.1,,14.7,,,,,2025-10-03 08:10:00
200.0,2.0,3.0,3.1,11.0,7.8,300.0,1018.1,,14.7,,,,,2025-10-03 08:20:00
210.0,2.0,3.0,,,,,1018.2,,14.7,,,,,2025-10-03 08:30:00
230.0,2.0,3.0,,,,,1018.4,,14.7,,,,,2025-10-03 08:40:00
240.0,2.0,3.0,3.0,10.0,7.6,299.0,1018.4,,14.7,,,,,2025-10-03 08:50:00
240.0,2.0,3.0,,,,,1018.4,,14.7,,,0.3,,2025-10-03 09:00:00
230.0,2.0,3.0,2.9,,7.7,289.0,1018.5,,14.6,,,,,2025-10-03 09:10:00
230.0,2.0,3.0,2.9,11.0,7.7,289.0,1018.5,,14.6,,,,,2025-10-03 09:20:00
230.0,2.0,3.0,,,,,1018.5,,14.6,,,,,2025-10-03 09:30:00
220.0,2.0,3.0,3.0,,7.8,298.0,1018.5,,14.6,,,,,2025-10-03 09:40:00
220.0,2.0,3.0,3.0,11.0,7.8,298.0,1018.6,,14.6,,,,,2025-10-03 09:50:00
220.0,2.0,3.0,,,,,1018.5,,14.5,,,0.0,,2025-10-03 10:00:00
220.0,3.0,4.0,3.3,,8.1,295.0,1018.4,,14.5,,,,,2025-10-03 10:10:00
220.0,2.0,3.0,3.3,11.0,8.1,295.0,1018.4,,14.4,,,,,2025-10-03 10:20:00
220.0,3.0,4.0,,,,,1018.5,,14.4,,,,,2025-10-03 10:30:00
210.0,3.0,3.0,2.8,,7.7,294.0,1018.5,,14.4,,,,,2025-10-03 10:40:00
210.0,3.0,4.0,2.8,11.0,7.7,294.0,1018.4,,14.4,,,,,2025-10-03 10:50:00
210.0,3.0,3.0,,,,,1018.5,,14.5,,,0.4,,2025-10-03 11:00:00
210.0,2.0,4.0,2.7,,7.6,270.0,1018.6,,14.5,,,,,2025-10-03 11:10:00
210.0,3.0,4.0,2.7,10.0,7.6,270.0,1018.6,,14.5,,,,,2025-10-03 11:20:00
210.0,3.0,4.0,,,,,1018.6,,14.5,,,,,2025-10-03 11:30:00
210.0,3.0,4.0,2.9,,7.8,278.0,1018.6,,14.5,,,,,2025-10-03 11:40:00
200.0,3.0,3.0,2.9,10.0,7.8,278.0,1018.5,,14.6,,,,,2025-10-03 11:50:00
210.0,2.0,3.0,,,,,1018.5,,14.6,,,0.0,,2025-10-03 12:00:00
210.0,3.0,3.0,,,,,1018.6,,14.5,,,,,2025-10-03 12:10:00
210.0,2.0,3.0,2.7,10.0,7.7,289.0,1018.7,,14.5,,,,,2025-10-03 12:20:00
210.0,3.0,3.0,,,,,1018.7,,14.5,,,,,2025-10-03 12:30:00
220.0,4.0,4.0,2.8,,7.9,284.0,1018.8,,14.5,,,,,2025-10-03 12:40:00
220.0,3.0,4.0,2.8,10.0,7.9,284.0,1018.8,,14.5,,,,,2025-10-03 12:50:00
230.0,3.0,5.0,,,,,1018.9,,14.5,,,0.4,,2025-10-03 13:00:00
250.0,4.0,5.0,,,,,1018.9,,14.5,,,,,2025-10-03 13:10:00
240.0,3.0,4.0,2.9,10.0,8.0,279.0,1018.9,,14.5,,,,,2025-10-03 13:20:00
220.0,3.0,3.0,,,,,1018.9,,14.5,,,,,2025-10-03 13:30:00
230.0,3.0,4.0,2.4,,7.7,285.0,1019.0,,14.5,,,,,2025-10-03 13:40:00
210.0,3.0,3.0,2.4,11.0,7.7,285.0,1019.1,,14.5,,,,,2025-10-03 13:50:00
200.0,3.0,4.0,,,,,1019.2,,14.5,,,0.7,,2025-10-03 14:00:00
190.0,3.0,3.0,,,,,1019.3,,14.5,,,,,2025-10-03 14:10:00
180.0,3.0,3.0,2.7,10.0,7.8,285.0,1019.1,,14.5,,,,,2025-10-03 14:20:00
200.0,3.0,4.0,,,,,1019.2,,14.5,,,,,2025-10-03 14:30:00
200.0,3.0,5.0,,,,,1019.2,,14.5,,,,,2025-10-03 14:40:00
200.0,3.0,4.0,2.8,10.0,7.9,286.0,1019.2,,14.5,,,,,2025-10-03 14:50:00
200.0,3.0,4.0,,,,,1019.2,,14.5,,,0.7,,2025-10-03 15:00:00
200.0,3.0,4.0,,,,,1019.3,,14.5,,,,,2025-10-03 15:10:00
200.0,4.0,4.0,2.5,10.0,7.8,278.0,1019.3,,14.5,,,,,2025-10-03 15:20:00
210.0,3.0,4.0,,,,,1019.3,,14.5,,,,,2025-10-03 15:30:00
190.0,3.0,4.0,,,,,1019.3,,14.5,,,,,2025-10-03 15:40:00
180.0,3.0,4.0,2.5,10.0,7.8,278.0,1019.3,,14.5,,,,,2025-10-03 15:50:00
200.0,3.0,4.0,,,,,1019.2,,14.5,,,0.3,,2025-10-03 16:00:00
190.0,4.0,4.0,2.5,,7.6,289.0,1019.4,,14.5,,,,,2025-10-03 16:10:00
200.0,4.0,5.0,2.5,10.0,7.6,289.0,1019.2,,14.5,,,,,2025-10-03 16:20:00
200.0,4.0,5.0,,,,,1019.2,,14.6,,,,,2025-10-03 16:30:00
210.0,4.0,5.0,,,,,1019.2,,14.6,,,,,2025-10-03 16:40:00
200.0,3.0,4.0,2.4,9.0,7.5,280.0,1019.3,,14.6,,,,,2025-10-03 16:50:00
210.0,3.0,4.0,,,,,1019.3,,14.6,,,0.0,,2025-10-03 17:00:00
200.0,3.0,4.0,,,,,1019.3,,14.6,,,,,2025-10-03 17:10:00
200.0,3.0,4.0,2.6,10.0,7.5,291.0,1019.5,,14.6,,,,,2025-10-03 17:20:00
210.0,4.0,4.0,,,,,1019.4,,14.6,,,,,2025-10-03 17:30:00
210.0,3.0,4.0,2.5,,7.6,291.0,1019.4,,14.7,,,,,2025-10-03 17:40:00
210.0,3.0,4.0,2.5,9.0,7.6,291.0,1019.5,,14.8,,,,,2025-10-03 17:50:00
210.0,3.0,4.0,2.3,,7.2,299.0,1019.6,,14.9,,,0.4,,2025-10-03 18:00:00
210.0,3.0,4.0,,,,,1019.6,,14.9,,,,,2025-10-03 18:10:00
210.0,3.0,4.0,2.3,9.0,7.2,299.0,1019.6,,,,,,,2025-10-03 18:20:00
200.0,3.0,4.0,,,,,1019.7,,15.0,,,,,2025-10-03 18:30:00
200.0,3.0,4.0,2.3,,7.2,286.0,1019.8,,15.0,,,,,2025-10-03 18:40:00
190.0,3.0,4.0,2.3,9.0,7.2,286.0,1019.7,,15.0,,,,,2025-10-03 18:50:00
190.0,3.0,4.0,,,,,1019.8,,15.1,,,0.6,,2025-10-03 19:00:00
210.0,3.0,4.0,2.4,,7.1,288.0,1019.9,,15.1,,,,,2025-10-03 19:10:00
210.0,3.0,4.0,2.4,8.0,7.1,288.0,1019.9,,15.1,,,,,2025-10-03 19:20:00
210.0,3.0,3.0,,,,,1019.9,,15.2,,,,,2025-10-03 19:30:00
210.0,3.0,4.0,2.6,,7.2,296.0,1019.5,,15.1,,,,,2025-10-03 19:40:00
220.0,3.0,4.0,2.6,8.0,7.2,296.0,1019.8,,15.2,,,,,2025-10-03 19:50:00
240.0,4.0,4.0,,,,,1020.0,,15.2,,,0.7,,2025-10-03 20:00:00
250.0,3.0,4.0,,,,,1019.9,,15.1,,,,,2025-10-03 20:10:00
250.0,3.0,4.0,2.6,9.0,7.2,288.0,1019.9,,15.0,,,,,2025-10-03 20:20:00
240.0,3.0,4.0,,,,,1019.9,,15.0,,,,,2025-10-03 20:30:00
230.0,3.0,3.0,,,,,1019.9,,15.0,,,,,2025-10-03 20:40:00
220.0,2.0,4.0,2.3,8.0,7.1,296.0,1019.8,,15.0,,,,,2025-10-03 20:50:00
240.0,4.0,5.0,,,,,1019.8,,14.9,,,0.0,,2025-10-03 21:00:00
250.0,4.0,5.0,,,,,1019.8,,14.9,,,,,2025-10-03 21:10:00
250.0,4.0,5.0,2.6,8.0,7.2,291.0,1019.8,,15.0,,,,,2025-10-03 21:20:00
260.0,4.0,5.0,,,,,1019.8,,15.0,,,,,2025-10-03 21:30:00
270.0,3.0,5.0,2.8,,7.4,290.0,1019.8,,15.1,,,,,2025-10-03 21:40:00
260.0,4.0,6.0,2.8,9.0,7.4,290.0,1019.7,,15.1,,,,,2025-10-03 21:50:00
260.0,5.0,6.0,,,,,1019.6,,15.1,,,0.0,,2025-10-03 22:00:00
260.0,4.0,5.0,2.4,,6.8,290.0,1019.7,,15.1,,,,,2025-10-03 22:10:00
260.0,3.0,4.0,2.4,8.0,6.8,290.0,1019.6,,15.1,,,,,2025-10-03 22:20:00
250.0,3.0,4.0,,,,,1019.6,,15.1,,,,,2025-10-03 22:30:00
240.0,3.0,3.0,,,,,1019.6,,15.1,,,,,2025-10-03 22:40:00
270.0,3.0,4.0,2.5,8.0,7.2,296.0,1019.5,,15.1,,,,,2025-10-03 22:50:00
280.0,3.0,4.0,,,,,1019.6,,15.1,,,-0.4,,2025-10-03 23:00:00
270.0,2.0,3.0,2.2,,6.9,281.0,1019.6,,15.1,,,,,2025-10-03 23:10:00
230.0,2.0,3.0,2.1,,6.8,276.0,1019.5,,15.0,,,,,2025-10-03 23:40:00
250.0,3.0,5.0,2.1,8.0,6.8,276.0,1019.6,,15.0,,,,,2025-10-03 23:50:00
270.0,3.0,5.0,,,,,1019.5,,14.9,,,-0.3,,2025-10-04 00:00:00
280.0,4.0,5.0,2.1,,7.0,288.0,1019.6,,15.0,,,,,2025-10-04 00:10:00
290.0,5.0,6.0,2.1,8.0,7.0,288.0,1019.5,,15.0,,,,,2025-10-04 00:20:00
300.0,4.0,6.0,,,,,1019.6,,15.0,,,,,2025-10-04 00:30:00
320.0,5.0,5.0,,,,,1019.5,,15.0,,,,,2025-10-04 00:40:00
330.0,5.0,6.0,2.1,8.0,6.9,275.0,1019.6,,15.0,,,,,2025-10-04 00:50:00
330.0,5.0,6.0,,,,,1019.7,,15.0,,,0.0,,2025-10-04 01:00:00
330.0,4.0,5.0,1.9,,7.0,283.0,1019.8,,15.0,,,,,2025-10-04 01:10:00
330.0,4.0,5.0,1.9,10.0,7.0,283.0,1019.9,,15.1,,,,,2025-10-04 01:20:00
330.0,4.0,5.0,,,,,1020.0,,15.1,,,,,2025-10-04 01:30:00
340.0,4.0,5.0,,,,,1020.0,,15.1,,,,,2025-10-04 01:40:00
340.0,4.0,5.0,2.0,15.0,7.1,273.0,1020.0,,15.1,,,,,2025-10-04 01:50:00
340.0,4.0,5.0,,,,,1019.9,,15.1,,,0.3,,2025-10-04 02:00:00
340.0,4.0,5.0,1.9,,6.9,271.0,1020.0,,15.1,,,,,2025-10-04 02:10:00
330.0,4.0,5.0,1.9,15.0,6.9,271.0,1020.0,,15.2,,,,,2025-10-04 02:20:00
330.0,4.0,5.0,,,,,1020.3,,15.2,,,,,2025-10-04 02:30:00
330.0,4.0,5.0,1.9,,6.9,287.0,1020.2,,15.2,,,,,2025-10-04 02:40:00
340.0,4.0,5.0,1.9,8.0,6.9,287.0,1020.2,,15.1,,,,,2025-10-04 02:50:00
340.0,3.0,4.0,,,,,1020.2,,15.1,,,0.7,,2025-10-04 03:00:00
330.0,3.0,5.0,1.8,,6.9,298.0,1020.3,,15.1,,,,,2025-10-04 03:10:00
330.0,4.0,5.0,1.8,15.0,6.9,298.0,1020.2,,15.1,,,,,2025-10-04 03:20:00
340.0,4.0,5.0,,,,,1020.2,,15.1,,,,,2025-10-04 03:30:00
330.0,5.0,7.0,1.8,,7.0,299.0,1020.2,,15.2,,,,,2025-10-04 03:40:00
330.0,6.0,7.0,1.8,15.0,7.0,299.0,1020.3,,15.1,,,,,2025-10-04 03:50:00
330.0,5.0,6.0,,,,,1020.3,,15.0,,,0.6,,2025-10-04 04:00:00
340.0,5.0,6.0,1.9,,7.0,289.0,1020.3,,15.0,,,,,2025-10-04 04:10:00
340.0,5.0,6.0,1.9,15.0,7.0,289.0,1020.4,,14.9,,,,,2025-10-04 04:20:00
340.0,5.0,6.0,,,,,1020.3,,15.0,,,,,2025-10-04 04:30:00
340.0,6.0,7.0,1.8,,6.9,284.0,1020.5,,15.0,,,,,2025-10-04 04:40:00
340.0,5.0,6.0,1.8,15.0,6.9,284.0,1020.5,,15.1,,,,,2025-10-04 04:50:00
340.0,5.0,6.0,,,,,1020.5,,15.1,,,0.6,,2025-10-04 05:00:00
340.0,5.0,6.0,1.7,,6.7,279.0,1020.6,,15.1,,,,,2025-10-04 05:10:00
340.0,6.0,7.0,1.7,8.0,6.7,279.0,1020.6,,15.1,,,,,2025-10-04 05:20:00
340.0,6.0,7.0,,,,,1020.5,,15.2,,,,,2025-10-04 05:30:00
340.0,6.0,7.0,1.9,,6.8,271.0,1020.6,,15.2,,,,,2025-10-04 05:40:00
340.0,6.0,7.0,1.9,7.0,6.8,271.0,1020.6,,15.4,,,,,2025-10-04 05:50:00
340.0,6.0,7.0,,,,,1020.6,,15.2,,,0.4,,2025-10-04 06:00:00
340.0,5.0,6.0,,,,,1020.6,,15.1,,,,,2025-10-04 06:10:00
340.0,5.0,6.0,1.8,8.0,6.6,279.0,1020.5,,15.1,,,,,2025-10-04 06:20:00
340.0,6.0,8.0,,,,,1020.6,,,,,,,2025-10-04 06:40:00
340.0,6.0,7.0,,,,,1020.6,,,,,,,2025-10-04 06:50:00
340.0,6.0,7.0,,,,,1020.7,,,,,0.4,,2025-10-04 07:00:00
340.0,7.0,8.0,,,,,1020.6,,,,,,,2025-10-04 07:10:00
340.0,5.0,7.0,,,,,1020.7,,,,,,,2025-10-04 07:20:00
340.0,4.0,5.0,,,,,1020.7,,,,,,,2025-10-04 07:30:00
330.0,5.0,7.0,1.9,,6.7,290.0,1020.8,,,,,,,2025-10-04 07:40:00
340.0,6.0,7.0,1.9,9.0,6.7,290.0,1020.8,,,,,,,2025-10-04 07:50:00
340.0,6.0,7.0,,,,,1020.8,,,,,0.3,,2025-10-04 08:00:00
,,,2.1,14.0,,,,,,,,,,2025-10-04 08:08:00
340.0,6.0,7.0,,,,,1020.9,,,,,,,2025-10-04 08:10:00
340.0,5.0,6.0,2.1,,6.9,265.0,1020.9,,,,,,,2025-10-04 08:20:00
330.0,6.0,8.0,,,,,1020.9,,,,,,,2025-10-04 08:30:00
340.0,5.0,7.0,2.0,,6.6,283.0,1021.0,,,,,,,2025-10-04 08:40:00
340.0,5.0,6.0,2.0,8.0,6.6,283.0,1021.0,,,,,,,2025-10-04 08:50:00
340.0,6.0,7.0,,,,,1021.0,,,,,0.4,,2025-10-04 09:00:00
330.0,6.0,7.0,2.0,,6.6,278.0,1020.9,,,,,,,2025-10-04 09:10:00
340.0,6.0,8.0,2.0,14.0,6.6,278.0,1020.9,,,,,,,2025-10-04 09:20:00
340.0,6.0,8.0,,,,,1021.0,,,,,,,2025-10-04 09:30:00
340.0,7.0,8.0,1.9,,6.4,287.0,1020.9,,,,,,,2025-10-04 09:40:00
340.0,7.0,8.0,1.9,8.0,6.4,287.0,1021.0,,,,,,,2025-10-04 09:50:00
330.0,7.0,8.0,,,,,1020.9,,,,,0.0,,2025-10-04 10:00:00
,,,2.1,8.0,,,,,,,,,,2025-10-04 10:08:00
330.0,7.0,8.0,,,,,1020.9,,,,,,,2025-10-04 10:10:00
330.0,7.0,8.0,2.1,,6.4,293.0,1020.8,,,,,,,2025-10-04 10:20:00
320.0,7.0,8.0,,,,,1020.7,,,,,,,2025-10-04 10:30:00
320.0,6.0,8.0,1.8,,6.1,281.0,1020.7,,,,,,,2025-10-04 10:40:00
320.0,6.0,7.0,1.8,8.0,6.1,281.0,1020.7,,,,,,,2025-10-04 10:50:00
330.0,6.0,7.0,,,,,1020.7,,,,,0.0,,2025-10-04 11:00:00
330.0,6.0,7.0,2.0,,6.3,285.0,1020.7,,,,,,,2025-10-04 11:10:00
330.0,5.0,6.0,2.0,8.0,6.3,285.0,1020.7,,,,,,,2025-10-04 11:20:00
340.0,5.0,6.0,2.0,,6.3,293.0,1020.6,,,,,,,2025-10-04 11:30:00
340.0,5.0,6.0,,,,,1020.5,,,,,,,2025-10-04 11:40:00
340.0,5.0,6.0,2.0,8.0,6.3,293.0,1020.4,,,,,,,2025-10-04 11:50:00
340.0,5.0,6.0,,,,,1020.4,,,,,-0.6,,2025-10-04 12:00:00
330.0,5.0,6.0,,,,,1020.3,,,,,,,2025-10-04 12:10:00
330.0,4.0,5.0,2.2,13.0,6.6,277.0,1020.3,,,,,,,2025-10-04 12:20:00
330.0,4.0,5.0,,,,,1020.2,,,,,,,2025-10-04 12:30:00
320.0,4.0,4.0,1.9,,6.4,266.0,1020.3,,,,,,,2025-10-04 12:40:00
320.0,3.0,4.0,1.9,13.0,6.4,266.0,1020.3,,,,,,,2025-10-04 12:50:00
320.0,3.0,4.0,,,,,1020.2,,,,,-0.7,,2025-10-04 13:00:00
330.0,3.0,4.0,,,,,1020.2,,,,,,,2025-10-04 13:10:00
330.0,3.0,4.0,,,,,1020.3,,,,,,,2025-10-04 13:20:00
330.0,3.0,4.0,,,,,1020.3,,,,,,,2025-10-04 13:30:00
330.0,4.0,4.0,1.7,,6.3,291.0,1020.3,,,,,,,2025-10-04 13:40:00
340.0,3.0,4.0,1.7,13.0,6.3,291.0,1020.3,,,,,,,2025-10-04 13:50:00
350.0,3.0,4.0,,,,,1020.3,,,,,-0.4,,2025-10-04 14:00:00
340.0,3.0,4.0,1.7,,6.5,283.0,1020.3,,,,,,,2025-10-04 14:10:00
340.0,2.0,3.0,1.7,13.0,6.5,283.0,1020.3,,,,,,,2025-10-04 14:20:00
320.0,2.0,3.0,,,,,1020.3,,,,,,,2025-10-04 14:30:00
320.0,2.0,3.0,1.7,,6.4,294.0,1020.3,,,,,,,2025-10-04 14:40:00
320.0,3.0,3.0,1.7,13.0,6.4,294.0,1020.4,,,,,,,2025-10-04 14:50:00
320.0,2.0,3.0,,,,,1020.4,,,,,0.0,,2025-10-04 15:00:00
340.0,2.0,3.0,1.6,,6.4,271.0,1020.5,,,,,,,2025-10-04 15:10:00
340.0,2.0,3.0,1.6,13.0,6.4,271.0,1020.6,,,,,,,2025-10-04 15:20:00
350.0,2.0,3.0,,,,,1020.5,,,,,,,2025-10-04 15:30:00
350.0,2.0,3.0,,,,,1020.5,,,,,,,2025-10-04 15:40:00
10.0,2.0,4.0,1.5,13.0,6.5,291.0,1020.5,,,,,,,2025-10-04 15:50:00
20.0,3.0,4.0,,,,,1020.4,,,,,0.0,,2025-10-04 16:00:00
20.0,3.0,3.0,1.6,,7.0,276.0,1020.5,,,,,,,2025-10-04 16:10:00
10.0,2.0,3.0,1.6,13.0,7.0,276.0,1020.6,,,,,,,2025-10-04 16:20:00
10.0,3.0,3.0,,,,,1020.6,,,,,,,2025-10-04 16:30:00
20.0,3.0,4.0,,,,,1020.7,,,,,,,2025-10-04 16:40:00
20.0,4.0,4.0,1.4,13.0,6.8,293.0,1020.7,,,,,,,2025-10-04 16:50:00
20.0,4.0,4.0,,,,,1020.7,,,,,0.4,,2025-10-04 17:00:00
20.0,4.0,5.0,1.4,,6.9,285.0,1020.8,,,,,,,2025-10-04 17:10:00
20.0,4.0,5.0,1.4,14.0,6.9,285.0,1020.9,,,,,,,2025-10-04 17:20:00
10.0,3.0,5.0,,,,,1021.1,,,,,,,2025-10-04 17:30:00
360.0,3.0,4.0,1.3,,6.7,281.0,1021.2,,,,,,,2025-10-04 17:40:00
360.0,3.0,4.0,1.3,13.0,6.7,281.0,1021.2,,,,,,,2025-10-04 17:50:00
360.0,3.0,3.0,,,,,1021.2,,,,,0.8,,2025-10-04 18:00:00
360.0,3.0,3.0,1.3,,6.8,268.0,1021.2,,,,,,,2025-10-04 18:10:00
360.0,3.0,4.0,1.3,13.0,6.8,268.0,1021.2,,,,,,,2025-10-04 18:20:00
350.0,3.0,4.0,,,,,1021.2,,,,,,,2025-10-04 18:30:00
350.0,3.0,4.0,1.3,,6.8,280.0,1021.1,,,,,,,2025-10-04 18:40:00
340.0,3.0,4.0,1.3,13.0,6.8,280.0,1021.0,,,,,,,2025-10-04 18:50:00
350.0,3.0,4.0,1.3,,6.9,272.0,1021.0,,,,,0.6,,2025-10-04 19:00:00
360.0,3.0,4.0,,,,,1021.0,,,,,,,2025-10-04 19:10:00
360.0,3.0,4.0,1.3,12.0,6.9,272.0,1020.9,,,,,,,2025-10-04 19:20:00
360.0,3.0,4.0,,,,,1020.9,,,,,,,2025-10-04 19:30:00
10.0,4.0,5.0,1.2,,7.1,280.0,1020.9,,,,,,,2025-10-04 19:40:00
360.0,4.0,5.0,1.2,13.0,7.1,280.0,1020.9,,,,,,,2025-10-04 19:50:00
10.0,3.0,4.0,,,,,1020.9,,,,,0.0,,2025-10-04 20:00:00
10.0,3.0,5.0,1.4,,7.1,272.0,1021.1,,,,,,,2025-10-04 20:10:00
360.0,4.0,5.0,1.4,13.0,7.1,272.0,1021.0,,,,,,,2025-10-04 20:20:00
360.0,4.0,5.0,,,,,1020.9,,,,,,,2025-10-04 20:30:00
360.0,4.0,6.0,1.2,,6.8,290.0,1020.8,,,,,,,2025-10-04 20:40:00
350.0,4.0,5.0,1.2,14.0,6.8,290.0,1020.8,,,,,,,2025-10-04 20:50:00
350.0,4.0,5.0,,,,,1020.7,,,,,-0.5,,2025-10-04 21:00:00
350.0,5.0,6.0,1.1,,6.6,272.0,1020.7,,,,,,,2025-10-04 21:10:00
350.0,5.0,5.0,1.1,13.0,6.6,272.0,1020.7,,,,,,,2025-10-04 21:20:00
350.0,5.0,6.0,,,,,1020.7,,,,,,,2025-10-04 21:30:00
350.0,4.0,5.0,1.2,,6.7,269.0,1020.6,,,,,,,2025-10-04 21:40:00
350.0,4.0,6.0,1.2,13.0,6.7,269.0,1020.6,,,,,,,2025-10-04 21:50:00
350.0,6.0,8.0,,,,,1020.6,,,,,-0.4,,2025-10-04 22:00:00
360.0,7.0,9.0,1.2,,6.4,310.0,1020.8,,,,,,,2025-10-04 22:10:00
360.0,6.0,8.0,1.2,13.0,6.4,310.0,1020.7,,,,,,,2025-10-04 22:20:00
10.0,6.0,8.0,,,,,1020.6,,,,,,,2025-10-04 22:30:00
10.0,6.0,7.0,1.2,,6.2,256.0,1020.6,,,,,,,2025-10-04 22:40:00
10.0,6.0,7.0,1.2,13.0,6.2,256.0,1020.6,,,,,,,2025-10-04 22:50:00
10.0,6.0,7.0,,,,,1020.6,,,,,-0.3,,2025-10-04 23:00:00
360.0,6.0,8.0,1.3,,6.4,288.0,1020.7,,,,,,,2025-10-04 23:10:00
360.0,5.0,6.0,1.3,13.0,6.4,288.0,1020.6,,,,,,,2025-10-04 23:20:00
360.0,5.0,6.0,1.4,,6.5,272.0,1020.6,,,,,,,2025-10-04 23:40:00
360.0,5.0,7.0,1.4,13.0,6.5,272.0,1020.6,,,,,,,2025-10-04 23:50:00
360.0,7.0,10.0,,,,,1020.7,,,,,0.0,,2025-10-05 00:00:00
10.0,7.0,9.0,,,,,1020.8,,,,,,,2025-10-05 00:10:00
10.0,6.0,7.0,1.4,13.0,6.3,269.0,1020.7,,,,,,,2025-10-05 00:20:00
10.0,6.0,7.0,,,,,1020.6,,,,,,,2025-10-05 00:30:00
10.0,6.0,7.0,1.4,,6.1,276.0,1020.6,,,,,,,2025-10-05 00:40:00
10.0,6.0,7.0,1.4,13.0,6.1,276.0,1020.6,,,,,,,2025-10-05 00:50:00
10.0,6.0,7.0,,,,,1020.6,,,,,0.0,,2025-10-05 01:00:00
10.0,6.0,9.0,1.4,,6.0,304.0,1020.5,,,,,,,2025-10-05 01:10:00
360.0,8.0,10.0,1.4,13.0,6.0,304.0,1020.5,,,,,,,2025-10-05 01:20:00
360.0,8.0,10.0,,,,,1020.4,,,,,,,2025-10-05 01:30:00
360.0,8.0,10.0,,,,,1020.4,,,,,,,2025-10-05 01:40:00
360.0,7.0,9.0,1.5,12.0,5.9,290.0,1020.4,,,,,,,2025-10-05 01:50:00
360.0,7.0,9.0,,,,,1020.4,,,,,0.0,,2025-10-05 02:00:00
360.0,7.0,9.0,1.4,,5.7,286.0,1020.3,,,,,,,2025-10-05 02:10:00
350.0,8.0,9.0,1.4,13.0,5.7,286.0,1020.4,,,,,,,2025-10-05 02:20:00
350.0,8.0,9.0,,,,,1020.5,,,,,,,2025-10-05 02:30:00
350.0,8.0,10.0,,,,,1020.6,,,,,,,2025-10-05 02:40:00
350.0,9.0,10.0,1.6,12.0,5.7,304.0,1020.6,,,,,,,2025-10-05 02:50:00
350.0,9.0,10.0,,,,,1020.6,,,,,0.0,,2025-10-05 03:00:00
350.0,7.0,9.0,1.6,,5.6,304.0,1020.6,,,,,,,2025-10-05 03:10:00
360.0,7.0,8.0,1.6,8.0,5.6,304.0,1020.5,,,,,,,2025-10-05 03:20:00
360.0,8.0,10.0,,,,,1020.5,,,,,,,2025-10-05 03:30:00
350.0,6.0,8.0,1.6,,5.7,294.0,1020.5,,,,,,,2025-10-05 03:40:00
350.0,8.0,9.0,1.6,12.0,5.7,294.0,1020.4,,,,,,,2025-10-05 03:50:00
350.0,7.0,8.0,,,,,1020.3,,,,,-0.3,,2025-10-05 04:00:00
360.0,7.0,8.0,1.6,,5.7,275.0,1020.3,,,,,,,2025-10-05 04:10:00
350.0,7.0,9.0,1.6,12.0,5.7,275.0,1020.3,,,,,,,2025-10-05 04:20:00
350.0,7.0,9.0,,,,,1020.3,,,,,,,2025-10-05 04:30:00
350.0,7.0,9.0,1.7,,5.9,277.0,1020.3,,,,,,,2025-10-05 04:40:00
340.0,8.0,10.0,1.7,12.0,5.9,277.0,1020.4,,,,,,,2025-10-05 04:50:00
340.0,8.0,10.0,,,,,1020.3,,,,,0.0,,2025-10-05 05:00:00
350.0,8.0,9.0,1.6,,5.6,275.0,1020.2,,,,,,,2025-10-05 05:10:00
350.0,8.0,9.0,1.6,12.0,5.6,275.0,1020.3,,,,,,,2025-10-05 05:20:00
340.0,8.0,10.0,,,,,1020.3,,,,,,,2025-10-05 05:30:00
340.0,8.0,10.0,1.8,,5.8,303.0,1020.4,,,,,,,2025-10-05 05:40:00
350.0,8.0,10.0,1.8,11.0,5.8,303.0,1020.3,,,,,,,2025-10-05 05:50:00
350.0,8.0,9.0,,,,,1020.2,,,,,-0.4,,2025-10-05 06:00:00
340.0,7.0,9.0,,,,,1020.2,,,,,,,2025-10-05 06:10:00
340.0,8.0,10.0,1.8,11.0,5.8,299.0,1020.2,,,,,,,2025-10-05 06:20:00
350.0,8.0,9.0,,,,,1020.2,,,,,,,2025-10-05 06:30:00
350.0,8.0,9.0,1.8,,5.8,293.0,1020.1,,,,,,,2025-10-05 06:40:00
350.0,8.0,9.0,1.8,8.0,5.8,293.0,1020.3,,,,,,,2025-10-05 06:50:00
350.0,8.0,10.0,,,,,1020.4,,,,,0.0,,2025-10-05 07:00:00
350.0,8.0,11.0,1.8,,5.6,295.0,1020.4,,,,,,,2025-10-05 07:10:00
360.0,8.0,11.0,1.8,7.0,5.6,295.0,1020.4,,,,,,,2025-10-05 07:20:00
360.0,8.0,9.0,,,,,1020.3,,,,,,,2025-10-05 07:30:00
350.0,8.0,9.0,,,,,1020.3,,,,,,,2025-10-05 07:40:00
350.0,8.0,10.0,1.9,8.0,5.7,296.0,1020.4,,,,,,,2025-10-05 07:50:00
350.0,8.0,9.0,,,,,1020.4,,,,,0.0,,2025-10-05 08:00:00
350.0,7.0,9.0,,,,,1020.5,,,,,,,2025-10-05 08:10:00
360.0,7.0,9.0,1.9,7.0,5.8,293.0,1020.5,,,,,,,2025-10-05 08:20:00
360.0,6.0,9.0,,,,,1020.5,,,,,,,2025-10-05 08:30:00
10.0,6.0,7.0,,,,,1020.5,,,,,,,2025-10-05 08:40:00
10.0,7.0,8.0,1.9,7.0,5.9,300.0,1020.6,,,,,,,2025-10-05 08:50:00
20.0,6.0,8.0,,,,,1020.5,,,,,0.3,,2025-10-05 09:00:00
,,,2.0,8.0,5.9,303.0,,,,,,,,2025-10-05 09:10:00
20.0,7.0,8.0,2.0,,5.9,303.0,1020.5,,,,,,,2025-10-05 09:20:00
20.0,7.0,8.0,,,,,1020.5,,,,,,,2025-10-05 09:30:00
10.0,7.0,9.0,2.0,,6.0,303.0,1020.6,,,,,,,2025-10-05 09:40:00
10.0,7.0,9.0,2.0,8.0,6.0,303.0,1020.6,,,,,,,2025-10-05 09:50:00
10.0,7.0,8.0,,,,,1020.6,,,,,0.0,,2025-10-05 10:00:00
10.0,6.0,7.0,,,,,1020.5,,,,,,,2025-10-05 10:10:00
20.0,6.0,8.0,2.1,7.0,6.2,300.0,1020.5,,,,,,,2025-10-05 10:20:00
20.0,6.0,7.0,,,,,1020.6,,,,,,,2025-10-05 10:30:00
20.0,6.0,7.0,2.2,,6.2,298.0,1020.6,,,,,,,2025-10-05 10:40:00
20.0,6.0,8.0,2.2,7.0,6.2,298.0,1020.6,,,,,,,2025-10-05 10:50:00
20.0,6.0,7.0,,,,,1020.6,,,,,0.0,,2025-10-05 11:00:00
20.0,6.0,7.0,2.4,,6.6,305.0,1020.6,,,,,,,2025-10-05 11:10:00
20.0,6.0,8.0,2.4,8.0,6.6,305.0,1020.6,,,,,,,2025-10-05 11:20:00
20.0,6.0,8.0,,,,,1020.6,,,,,,,2025-10-05 11:30:00
20.0,6.0,7.0,,,,,1020.6,,,,,,,2025-10-05 11:40:00
10.0,6.0,8.0,2.2,8.0,6.5,322.0,1020.6,,,,,,,2025-10-05 11:50:00
20.0,6.0,7.0,,,,,1020.7,,,,,0.0,,2025-10-05 12:00:00
30.0,6.0,8.0,2.2,,6.5,305.0,1020.7,,,,,,,2025-10-05 12:10:00
40.0,6.0,8.0,2.2,7.0,6.5,305.0,1020.7,,,,,,,2025-10-05 12:20:00
40.0,6.0,8.0,,,,,1020.8,,,,,,,2025-10-05 12:30:00
40.0,7.0,8.0,2.3,,6.5,315.0,1020.8,,,,,,,2025-10-05 12:40:00
20.0,6.0,8.0,2.3,7.0,6.5,315.0,1020.8,,15.4,,,,,2025-10-05 12:50:00
40.0,6.0,8.0,,,,,1021.0,,15.5,,,0.4,,2025-10-05 13:00:00
40.0,6.0,7.0,2.4,,6.7,328.0,1021.0,,15.5,,,,,2025-10-05 13:10:00
40.0,6.0,8.0,2.4,8.0,6.7,328.0,1021.1,,15.5,,,,,2025-10-05 13:20:00
40.0,6.0,9.0,,,,,1021.1,,15.4,,,,,2025-10-05 13:30:00
40.0,6.0,7.0,,,,,1021.1,,15.4,,,,,2025-10-05 13:40:00
30.0,6.0,7.0,2.3,8.0,7.0,317.0,1021.3,,15.4,,,,,2025-10-05 13:50:00
30.0,5.0,6.0,,,,,1021.3,,,,,0.7,,2025-10-05 14:00:00
30.0,5.0,7.0,2.4,,7.0,326.0,1021.2,,15.4,,,,,2025-10-05 14:10:00
20.0,6.0,7.0,2.4,8.0,7.0,326.0,1021.2,,15.4,,,,,2025-10-05 14:20:00
20.0,6.0,7.0,,,,,1021.1,,15.4,,,,,2025-10-05 14:30:00
20.0,5.0,6.0,,,,,1021.1,,15.4,,,,,2025-10-05 14:40:00
30.0,5.0,7.0,2.3,8.0,6.9,331.0,1021.1,,15.4,,,,,2025-10-05 14:50:00
20.0,5.0,6.0,,,,,1021.0,,15.4,,,0.3,,2025-10-05 15:00:00
10.0,5.0,7.0,,,,,1021.0,,15.4,,,,,2025-10-05 15:10:00
10.0,5.0,6.0,2.4,8.0,7.2,325.0,1021.1,,15.4,,,,,2025-10-05 15:20:00
10.0,6.0,7.0,,,,,1021.2,,15.4,,,,,2025-10-05 15:30:00
20.0,6.0,7.0,,,,,1021.3,,15.4,,,,,2025-10-05 15:40:00
20.0,5.0,7.0,2.3,9.0,7.1,328.0,1021.3,,15.4,,,,,2025-10-05 15:50:00
20.0,5.0,6.0,,,,,1021.4,,15.5,,,0.4,,2025-10-05 16:00:00
20.0,5.0,7.0,2.4,,7.0,317.0,1021.3,,15.5,,,,,2025-10-05 16:10:00
40.0,6.0,7.0,2.4,9.0,7.0,317.0,1021.3,,15.5,,,,,2025-10-05 16:20:00
30.0,6.0,7.0,,,,,1021.4,,15.5,,,,,2025-10-05 16:30:00
30.0,6.0,7.0,,,,,1021.5,,15.5,,,,,2025-10-05 16:40:00
30.0,6.0,7.0,2.3,8.0,7.2,329.0,1021.6,,15.5,,,,,2025-10-05 16:50:00
30.0,6.0,7.0,,,,,1021.5,,15.5,,,-0.0,,2025-10-05 17:00:00
40.0,6.0,7.0,2.3,,7.1,333.0,1021.5,,15.5,,,,,2025-10-05 17:10:00
40.0,6.0,8.0,2.3,9.0,7.1,333.0,1021.5,,15.5,,,,,2025-10-05 17:20:00
40.0,7.0,8.0,,,,,1021.5,,15.5,,,,,2025-10-05 17:30:00
40.0,7.0,9.0,,,,,1021.6,,15.5,,,,,2025-10-05 17:40:00
40.0,7.0,8.0,2.3,9.0,7.0,318.0,1021.5,,15.5,,,,,2025-10-05 17:50:00
50.0,7.0,8.0,,,,,1021.6,,,,,0.6,,2025-10-05 18:00:00
50.0,7.0,9.0,,,,,1021.6,,15.6,,,,,2025-10-05 18:10:00
50.0,7.0,8.0,2.1,8.0,6.8,321.0,1021.6,,15.6,,,,,2025-10-05 18:20:00
50.0,7.0,8.0,,,,,1021.7,,15.6,,,,,2025-10-05 18:30:00
50.0,7.0,8.0,1.9,,6.6,327.0,1021.6,,15.5,,,,,2025-10-05 18:40:00
50.0,6.0,8.0,1.9,9.0,6.6,327.0,1021.6,,15.5,,,,,2025-10-05 18:50:00
50.0,7.0,8.0,,,,,1021.6,,15.5,,,0.0,,2025-10-05 19:00:00
50.0,7.0,8.0,2.1,,6.6,318.0,1021.6,,15.5,,,,,2025-10-05 19:10:00
50.0,6.0,7.0,2.1,8.0,6.6,318.0,1021.7,,15.5,,,,,2025-10-05 19:20:00
40.0,6.0,7.0,,,,,1021.6,,15.5,,,,,2025-10-05 19:30:00
40.0,7.0,8.0,,,,,1021.5,,15.5,,,,,2025-10-05 19:40:00
40.0,6.0,8.0,2.0,8.0,6.5,323.0,1021.5,,15.5,,,,,2025-10-05 19:50:00
40.0,6.0,8.0,,,,,1021.5,,15.5,,,0.0,,2025-10-05 20:00:00
40.0,6.0,8.0,2.1,,6.5,328.0,1021.5,,15.5,,,,,2025-10-05 20:10:00
40.0,6.0,8.0,2.1,9.0,6.5,328.0,1021.3,,15.5,,,,,2025-10-05 20:20:00
40.0,7.0,8.0,,,,,1021.2,,15.5,,,,,2025-10-05 20:30:00
30.0,7.0,8.0,,,,,1021.1,,15.5,,,,,2025-10-05 20:40:00
30.0,7.0,8.0,2.0,8.0,6.4,331.0,1021.0,,15.5,,,,,2025-10-05 20:50:00
30.0,7.0,8.0,,,,,1020.9,,15.5,,,-0.7,,2025-10-05 21:00:00
30.0,7.0,8.0,,,,,1020.9,,15.5,,,,,2025-10-05 21:10:00
30.0,7.0,8.0,2.1,8.0,6.4,328.0,1020.8,,15.5,,,,,2025-10-05 21:20:00
30.0,7.0,8.0,,,,,1020.7,,15.5,,,,,2025-10-05 21:30:00
20.0,7.0,8.0,,,,,1020.7,,15.5,,,,,2025-10-05 21:40:00
20.0,7.0,8.0,2.0,8.0,6.4,330.0,1020.7,,15.5,,,,,2025-10-05 21:50:00
30.0,7.0,8.0,,,,,1020.8,,15.5,,,-0.8,,2025-10-05 22:00:00
20.0,6.0,8.0,2.1,,6.5,331.0,1020.8,,15.5,,,,,2025-10-05 22:10:00
20.0,7.0,8.0,2.1,8.0,6.5,331.0,1020.9,,15.5,,,,,2025-10-05 22:20:00
20.0,7.0,8.0,,,,,1020.8,,15.5,,,,,2025-10-05 22:30:00
20.0,7.0,9.0,2.1,,6.4,336.0,1020.9,,15.5,,,,,2025-10-05 22:40:00
10.0,7.0,9.0,2.1,8.0,6.4,336.0,1020.8,,15.5,,,,,2025-10-05 22:50:00
10.0,7.0,9.0,,,,,1020.7,,15.5,,,-0.8,,2025-10-05 23:00:00
10.0,7.0,9.0,2.0,,6.1,326.0,1020.7,,15.5,,,,,2025-10-05 23:10:00
10.0,8.0,10.0,2.0,,6.1,332.0,1020.6,,15.5,,,,,2025-10-05 23:40:00
10.0,8.0,10.0,2.0,8.0,6.1,332.0,1020.6,,15.5,,,,,2025-10-05 23:50:00
20.0,8.0,9.0,,,,,1020.5,,15.5,,,-0.4,,2025-10-06 00:00:00
20.0,8.0,9.0,1.9,,6.1,327.0,1020.4,,15.5,,,,,2025-10-06 00:10:00
20.0,8.0,9.0,1.9,8.0,6.1,327.0,1020.4,,15.5,,,,,2025-10-06 00:20:00
10.0,8.0,10.0,,,,,1020.4,,15.5,,,,,2025-10-06 00:30:00
20.0,8.0,10.0,2.0,,6.0,325.0,1020.3,,15.5,,,,,2025-10-06 00:40:00
20.0,8.0,9.0,2.0,8.0,6.0,325.0,1020.3,,15.5,,,,,2025-10-06 00:50:00
20.0,7.0,9.0,,,,,1020.3,,15.5,,,-0.5,,2025-10-06 01:00:00
10.0,7.0,9.0,1.8,,5.8,338.0,1020.3,,15.5,,,,,2025-10-06 01:10:00
10.0,8.0,9.0,1.8,8.0,5.8,338.0,1020.3,,15.5,,,,,2025-10-06 01:20:00
20.0,8.0,10.0,,,,,1020.3,,15.5,,,,,2025-10-06 01:30:00
10.0,8.0,9.0,1.8,,5.6,327.0,1020.2,,15.5,,,,,2025-10-06 01:40:00
20.0,8.0,9.0,1.8,8.0,5.6,327.0,1020.2,,15.4,,,,,2025-10-06 01:50:00
10.0,7.0,8.0,,,,,1020.3,,15.4,,,-0.4,,2025-10-06 02:00:00
10.0,8.0,9.0,1.9,,6.1,330.0,1020.3,,15.4,,,,,2025-10-06 02:10:00
10.0,8.0,9.0,1.9,8.0,6.1,330.0,1020.4,,15.4,,,,,2025-10-06 02:20:00
20.0,8.0,9.0,,,,,1020.5,,15.4,,,,,2025-10-06 02:30:00
10.0,8.0,9.0,1.9,,6.0,337.0,1020.5,,15.4,,,,,2025-10-06 02:40:00
20.0,7.0,9.0,1.9,8.0,6.0,337.0,1020.5,,15.4,,,,,2025-10-06 02:50:00
20.0,8.0,10.0,,,,,1020.5,,15.4,,,0.0,,2025-10-06 03:00:00
10.0,8.0,10.0,1.8,,5.9,336.0,1020.5,,15.4,,,,,2025-10-06 03:10:00
10.0,9.0,11.0,1.8,8.0,5.9,336.0,1020.5,,15.4,,,,,2025-10-06 03:20:00
10.0,9.0,11.0,,,,,1020.3,,15.4,,,,,2025-10-06 03:30:00
20.0,9.0,11.0,1.9,,5.8,336.0,1020.3,,15.5,,,,,2025-10-06 03:40:00
20.0,9.0,11.0,1.9,8.0,5.8,336.0,1020.3,,15.5,,,,,2025-10-06 03:50:00
20.0,9.0,12.0,,,,,1020.3,,15.5,,,0.0,,2025-10-06 04:00:00
10.0,9.0,12.0,1.8,,5.7,344.0,1020.4,,15.5,,,,,2025-10-06 04:10:00
10.0,10.0,11.0,1.8,8.0,5.7,344.0,1020.3,,15.5,,,,,2025-10-06 04:20:00
20.0,10.0,11.0,,,,,1020.3,,15.5,,,,,2025-10-06 04:30:00
20.0,9.0,11.0,1.8,,5.6,348.0,1020.4,,15.5,,,,,2025-10-06 04:40:00
20.0,9.0,11.0,1.8,8.0,5.6,348.0,1020.4,,15.5,,,,,2025-10-06 04:50:00
20.0,9.0,11.0,,,,,1020.4,,15.5,,,0.0,,2025-10-06 05:00:00
20.0,9.0,11.0,1.9,,5.7,335.0,1020.4,,15.5,,,,,2025-10-06 05:10:00
20.0,9.0,11.0,1.9,8.0,5.7,335.0,1020.4,,15.5,,,,,2025-10-06 05:20:00
20.0,9.0,10.0,,,,,1020.4,,15.5,,,,,2025-10-06 05:30:00
20.0,8.0,10.0,,,,,1020.5,,15.5,,,,,2025-10-06 05:40:00
20.0,8.0,10.0,1.9,8.0,5.8,338.0,1020.6,,15.5,,,,,2025-10-06 05:50:00
20.0,8.0,10.0,,,,,1020.5,,15.5,,,0.0,,2025-10-06 06:00:00
20.0,8.0,10.0,,,,,1020.5,,15.5,,,,,2025-10-06 06:10:00
20.0,8.0,10.0,1.9,8.0,5.9,329.0,1020.4,,15.5,,,,,2025-10-06 06:20:00
20.0,9.0,10.0,,,,,1020.3,,15.5,,,,,2025-10-06 06:30:00
20.0,9.0,10.0,1.7,,5.6,333.0,1020.3,,15.5,,,,,2025-10-06 06:40:00
20.0,9.0,10.0,1.7,8.0,5.6,333.0,1020.2,,15.4,,,,,2025-10-06 06:50:00
30.0,8.0,10.0,,,,,1020.4,,15.4,,,0.0,,2025-10-06 07:00:00
30.0,8.0,9.0,1.9,,5.9,332.0,1020.3,,15.4,,,,,2025-10-06 07:10:00
30.0,8.0,10.0,1.9,8.0,5.9,332.0,1020.3,,15.4,,,,,2025-10-06 07:20:00
30.0,8.0,10.0,,,,,1020.3,,15.4,,,,,2025-10-06 07:30:00
30.0,8.0,10.0,,,,,1020.4,,15.4,,,,,2025-10-06 07:40:00
30.0,8.0,10.0,1.7,8.0,5.6,333.0,1020.3,,15.4,,,,,2025-10-06 07:50:00
30.0,8.0,10.0,,,,,1020.3,,15.4,,,0.0,,2025-10-06 08:00:00
30.0,8.0,9.0,,,,,1020.3,,15.4,,,,,2025-10-06 08:10:00
20.0,8.0,10.0,1.7,8.0,5.7,330.0,1020.2,,15.4,,,,,2025-10-06 08:20:00
30.0,8.0,9.0,,,,,1020.1,,15.4,,,,,2025-10-06 08:30:00
30.0,8.0,9.0,1.7,,5.4,330.0,1020.1,,15.4,,,,,2025-10-06 08:40:00
30.0,8.0,10.0,1.7,8.0,5.4,330.0,1020.0,,,,,,,2025-10-06 08:50:00
30.0,8.0,10.0,,,,,1020.1,,15.4,,,-0.4,,2025-10-06 09:00:00
30.0,8.0,9.0,,,,,1020.1,,15.4,,,,,2025-10-06 09:10:00
30.0,7.0,9.0,1.7,8.0,5.6,322.0,1020.0,,,,,,,2025-10-06 09:20:00
30.0,7.0,9.0,,,,,1020.1,,15.4,,,,,2025-10-06 09:30:00
30.0,7.0,9.0,1.6,,5.5,323.0,1020.1,,15.4,,,,,2025-10-06 09:40:00
30.0,7.0,9.0,1.6,8.0,5.5,323.0,1020.0,,15.4,,,,,2025-10-06 09:50:00
30.0,7.0,9.0,,,,,1020.1,,15.4,,,-0.3,,2025-10-06 10:00:00
30.0,7.0,9.0,1.7,,5.7,315.0,1019.9,,15.4,,,,,2025-10-06 10:10:00
20.0,8.0,10.0,1.7,8.0,5.7,315.0,1019.8,,15.4,,,,,2025-10-06 10:20:00
20.0,8.0,9.0,,,,,1019.8,,15.4,,,,,2025-10-06 10:30:00
20.0,8.0,9.0,,,,,1019.7,,15.4,,,,,2025-10-06 10:40:00
20.0,8.0,9.0,1.6,8.0,5.3,314.0,1019.8,,15.5,,,,,2025-10-06 10:50:00
20.0,7.0,9.0,,,,,1019.6,,15.5,,,-0.7,,2025-10-06 11:00:00
20.0,8.0,9.0,1.6,,5.4,314.0,1019.6,,15.6,,,,,2025-10-06 11:10:00
20.0,7.0,9.0,1.6,8.0,5.4,314.0,1019.6,,15.6,,,,,2025-10-06 11:20:00
20.0,8.0,9.0,,,,,1019.6,,15.7,,,,,2025-10-06 11:30:00
20.0,8.0,10.0,1.5,,5.4,317.0,1019.6,,15.8,,,,,2025-10-06 11:40:00
20.0,8.0,9.0,1.5,7.0,5.4,317.0,1019.6,,15.8,,,,,2025-10-06 11:50:00
20.0,7.0,9.0,,,,,1019.5,,15.8,,,-0.6,,2025-10-06 12:00:00
20.0,7.0,9.0,1.6,,5.4,314.0,1019.5,,15.7,,,,,2025-10-06 12:10:00
30.0,8.0,9.0,1.6,8.0,5.4,314.0,1019.3,,15.7,,,,,2025-10-06 12:20:00
30.0,8.0,9.0,,,,,1019.3,,15.7,,,,,2025-10-06 12:30:00
20.0,7.0,9.0,,,,,1019.3,,15.7,,,,,2025-10-06 12:40:00
20.0,7.0,8.0,1.5,8.0,5.2,330.0,1019.3,,15.8,,,,,2025-10-06 12:50:00
20.0,7.0,8.0,,,,,1019.4,,15.8,,,-0.7,,2025-10-06 13:00:00
30.0,7.0,8.0,1.5,,5.2,316.0,1019.4,,15.8,,,,,2025-10-06 13:10:00
30.0,7.0,9.0,1.5,7.0,5.2,316.0,1019.5,,15.7,,,,,2025-10-06 13:20:00
30.0,8.0,9.0,,,,,1019.5,,15.7,,,,,2025-10-06 13:30:00
30.0,8.0,9.0,,,,,1019.4,,15.7,,,,,2025-10-06 13:40:00
30.0,7.0,9.0,1.5,8.0,5.3,313.0,1019.4,,15.7,,,,,2025-10-06 13:50:00
40.0,7.0,9.0,,,,,1019.4,,15.7,,,0.0,,2025-10-06 14:00:00
40.0,8.0,9.0,1.4,,5.2,312.0,1019.4,,15.7,,,,,2025-10-06 14:10:00
40.0,7.0,8.0,1.4,7.0,5.2,312.0,1019.4,,15.7,,,,,2025-10-06 14:20:00
40.0,7.0,9.0,,,,,1019.4,,15.7,,,,,2025-10-06 14:30:00
50.0,6.0,8.0,1.4,,5.1,299.0,1019.3,,15.7,,,,,2025-10-06 14:40:00
50.0,7.0,8.0,1.4,8.0,5.1,299.0,1019.3,,15.7,,,,,2025-10-06 14:50:00
50.0,7.0,8.0,,,,,1019.3,,15.7,,,0.0,,2025-10-06 15:00:00
50.0,7.0,8.0,1.4,,5.3,317.0,1019.3,,15.7,,,,,2025-10-06 15:10:00
50.0,6.0,7.0,1.4,8.0,5.3,317.0,1019.3,,15.7,,,,,2025-10-06 15:20:00
50.0,6.0,8.0,,,,,1019.3,,15.7,,,,,2025-10-06 15:30:00
50.0,6.0,7.0,1.5,,5.3,318.0,1019.5,,15.8,,,,,2025-10-06 15:40:00
50.0,6.0,7.0,1.5,7.0,5.3,318.0,1019.5,,15.8,,,,,2025-10-06 15:50:00
40.0,6.0,8.0,,,,,1019.6,,15.8,,,-0.0,,2025-10-06 16:00:00
40.0,6.0,7.0,1.4,,5.4,324.0,1019.6,,15.8,,,,,2025-10-06 16:10:00
40.0,6.0,7.0,1.4,7.0,5.4,324.0,1019.6,,15.8,,,,,2025-10-06 16:20:00
40.0,6.0,7.0,,,,,1019.6,,15.8,,,,,2025-10-06 16:30:00
40.0,6.0,7.0,1.3,,5.2,307.0,1019.6,,15.7,,,,,2025-10-06 16:40:00
40.0,6.0,7.0,1.3,8.0,5.2,307.0,1019.6,,15.7,,,,,2025-10-06 16:50:00
40.0,6.0,7.0,,,,,1019.6,,15.7,,,0.0,,2025-10-06 17:00:00
40.0,6.0,7.0,1.3,,5.4,288.0,1019.6,,15.7,,,,,2025-10-06 17:10:00
40.0,6.0,7.0,1.3,13.0,5.4,288.0,1019.5,,15.7,,,,,2025-10-06 17:20:00
40.0,6.0,7.0,,,,,1019.6,,15.8,,,,,2025-10-06 17:30:00
40.0,6.0,7.0,1.3,,5.4,322.0,1019.6,,15.8,,,,,2025-10-06 17:40:00
40.0,7.0,8.0,1.3,7.0,5.4,322.0,1019.6,,15.8,,,,,2025-10-06 17:50:00
40.0,7.0,8.0,,,,,1019.5,,15.8,,,0.0,,2025-10-06 18:00:00
40.0,7.0,8.0,,,,,1019.5,,15.8,,,,,2025-10-06 18:10:00
50.0,7.0,9.0,1.3,14.0,5.3,344.0,1019.5,,15.8,,,,,2025-10-06 18:20:00
50.0,8.0,9.0,,,,,1019.4,,15.6,,,,,2025-10-06 18:30:00
50.0,8.0,9.0,1.3,,5.2,316.0,1019.4,,15.5,,,,,2025-10-06 18:40:00
50.0,8.0,10.0,1.3,7.0,5.2,316.0,1019.3,,15.5,,,,,2025-10-06 18:50:00
50.0,8.0,9.0,,,,,1019.3,,15.5,,,-0.3,,2025-10-06 19:00:00
50.0,8.0,9.0,1.3,,5.0,329.0,1019.3,,15.5,,,,,2025-10-06 19:10:00
50.0,8.0,10.0,1.3,7.0,5.0,329.0,1019.2,,15.5,,,,,2025-10-06 19:20:00
50.0,8.0,10.0,,,,,1019.2,,15.5,,,,,2025-10-06 19:30:00
50.0,8.0,10.0,,,,,1019.1,,15.5,,,,,2025-10-06 19:40:00
50.0,8.0,10.0,1.2,7.0,4.7,320.0,1019.0,,15.6,,,,,2025-10-06 19:50:00
50.0,8.0,10.0,,,,,1019.0,,15.6,,,-0.6,,2025-10-06 20:00:00
50.0,8.0,10.0,,,,,1018.9,,15.6,,,,,2025-10-06 20:10:00
60.0,8.0,10.0,1.3,8.0,4.9,330.0,1018.8,,15.6,,,,,2025-10-06 20:20:00
60.0,8.0,9.0,,,,,1018.8,,15.6,,,,,2025-10-06 20:30:00
60.0,8.0,10.0,,,,,1018.7,,15.6,,,,,2025-10-06 20:40:00
60.0,8.0,10.0,1.4,7.0,5.2,325.0,1018.5,,15.6,,,,,2025-10-06 20:50:00
50.0,8.0,10.0,,,,,1018.4,,15.6,,,-1.1,,2025-10-06 21:00:00
50.0,8.0,9.0,1.4,,5.0,334.0,1018.5,,15.6,,,,,2025-10-06 21:10:00
50.0,7.0,8.0,1.4,8.0,5.0,334.0,1018.4,,15.6,,,,,2025-10-06 21:20:00
50.0,7.0,9.0,,,,,1018.4,,15.6,,,,,2025-10-06 21:30:00
50.0,8.0,9.0,1.4,,5.1,339.0,1018.3,,15.6,,,,,2025-10-06 21:40:00
40.0,8.0,9.0,1.4,8.0,5.1,339.0,1018.2,,15.6,,,,,2025-10-06 21:50:00
50.0,8.0,9.0,,,,,1018.2,,15.6,,,-1.1,,2025-10-06 22:00:00
50.0,8.0,10.0,1.5,,4.9,342.0,1018.2,,15.7,,,,,2025-10-06 22:10:00
40.0,9.0,11.0,1.5,8.0,4.9,342.0,1018.2,,15.7,,,,,2025-10-06 22:20:00
40.0,9.0,10.0,,,,,1018.1,,15.8,,,,,2025-10-06 22:30:00
40.0,9.0,11.0,,,,,1018.0,,15.8,,,,,2025-10-06 22:40:00
50.0,9.0,11.0,1.4,5.0,5.0,38.0,1018.1,,15.9,,,,,2025-10-06 22:50:00
50.0,9.0,11.0,,,,,1018.0,,15.9,,,-1.0,,2025-10-06 23:00:00
50.0,9.0,11.0,1.5,,4.9,315.0,1017.9,,16.0,,,,,2025-10-06 23:10:00
50.0,9.0,11.0,1.5,8.0,4.9,315.0,1017.8,,16.0,,,,,2025-10-06 23:20:00
40.0,9.0,11.0,,,,,1017.8,,16.0,,,,,2025-10-06 23:40:00
40.0,9.0,11.0,1.5,7.0,5.0,338.0,1017.7,,16.0,,,,,2025-10-06 23:50:00
40.0,10.0,12.0,,,,,1017.6,,16.0,,,-0.8,,2025-10-07 00:00:00
40.0,9.0,11.0,1.7,,5.1,322.0,1017.6,,16.1,,,,,2025-10-07 00:10:00
30.0,9.0,12.0,1.7,8.0,5.1,322.0,1017.5,,16.1,,,,,2025-10-07 00:20:00
30.0,10.0,12.0,,,,,1017.4,,16.1,,,,,2025-10-07 00:30:00
40.0,10.0,12.0,,,,,1017.3,,16.1,,,,,2025-10-07 00:40:00
40.0,10.0,12.0,1.6,5.0,4.9,40.0,1017.3,,16.1,,,,,2025-10-07 00:50:00
30.0,10.0,12.0,,,,,1017.4,,16.1,,,-0.8,,2025-10-07 01:00:00
30.0,10.0,12.0,1.7,,5.0,44.0,1017.3,,16.1,,,,,2025-10-07 01:10:00
30.0,10.0,12.0,1.7,5.0,5.0,44.0,1017.2,,16.1,,,,,2025-10-07 01:20:00
30.0,10.0,11.0,,,,,1017.2,,16.1,,,,,2025-10-07 01:30:00
30.0,9.0,12.0,,,,,1017.1,,16.1,,,,,2025-10-07 01:40:00
30.0,10.0,12.0,1.7,13.0,5.2,296.0,1017.1,,16.1,,,,,2025-10-07 01:50:00
30.0,10.0,12.0,,,,,1017.0,,16.1,,,-1.0,,2025-10-07 02:00:00
30.0,10.0,12.0,,,,,1017.0,,16.1,,,,,2025-10-07 02:10:00
30.0,10.0,12.0,1.5,5.0,4.8,34.0,1017.0,,16.1,,,,,2025-10-07 02:20:00
30.0,10.0,11.0,,,,,1016.9,,16.1,,,,,2025-10-07 02:30:00
30.0,10.0,12.0,,,,,1016.9,,16.1,,,,,2025-10-07 02:40:00
30.0,10.0,12.0,1.6,5.0,4.9,24.0,1016.9,,16.1,,,,,2025-10-07 02:50:00
20.0,9.0,12.0,,,,,1016.9,,16.1,,,-0.7,,2025-10-07 03:00:00
20.0,9.0,11.0,,,,,1016.8,,16.0,,,,,2025-10-07 03:10:00
20.0,9.0,11.0,1.5,5.0,4.9,33.0,1016.6,,16.0,,,,,2025-10-07 03:20:00
20.0,9.0,10.0,,,,,1016.5,,16.0,,,,,2025-10-07 03:30:00
20.0,9.0,11.0,,,,,1016.6,,,,,,,2025-10-07 03:40:00
30.0,8.0,10.0,1.6,7.0,5.0,330.0,1016.6,,15.9,,,,,2025-10-07 03:50:00
30.0,8.0,10.0,,,,,1016.6,,15.8,,,-0.8,,2025-10-07 04:00:00
30.0,8.0,10.0,,,,,1016.6,,15.8,,,,,2025-10-07 04:10:00
30.0,8.0,10.0,1.5,12.0,5.1,280.0,1016.5,,15.8,,,,,2025-10-07 04:20:00
30.0,8.0,9.0,,,,,1016.5,,15.8,,,,,2025-10-07 04:30:00
30.0,8.0,9.0,,,,,1016.4,,15.8,,,,,2025-10-07 04:40:00
30.0,8.0,10.0,1.5,5.0,5.0,18.0,1016.3,,15.8,,,,,2025-10-07 04:50:00
30.0,8.0,10.0,,,,,1016.3,,15.8,,,-0.7,,2025-10-07 05:00:00
30.0,8.0,10.0,1.5,,5.0,15.0,1016.2,,15.8,,,,,2025-10-07 05:10:00
30.0,8.0,10.0,1.5,5.0,5.0,15.0,1016.1,,15.8,,,,,2025-10-07 05:20:00
30.0,9.0,10.0,,,,,1016.1,,15.9,,,,,2025-10-07 05:30:00
30.0,9.0,10.0,,,,,1016.0,,15.9,,,,,2025-10-07 05:40:00
40.0,8.0,9.0,1.4,12.0,4.9,340.0,1016.0,,16.0,,,,,2025-10-07 05:50:00
40.0,8.0,9.0,,,,,1016.0,,16.0,,,-0.9,,2025-10-07 06:00:00
40.0,8.0,9.0,1.5,,5.0,251.0,1016.0,,16.0,,,,,2025-10-07 06:10:00
40.0,7.0,9.0,1.5,13.0,5.0,251.0,1015.9,,16.0,,,,,2025-10-07 06:20:00
40.0,8.0,9.0,,,,,1015.8,,16.0,,,,,2025-10-07 06:30:00
40.0,8.0,9.0,,,,,1015.7,,16.0,,,,,2025-10-07 06:40:00
40.0,8.0,9.0,1.3,5.0,4.9,28.0,1015.7,,16.0,,,,,2025-10-07 06:50:00
40.0,8.0,9.0,,,,,1015.7,,16.0,,,-0.9,,2025-10-07 07:00:00
30.0,8.0,9.0,1.5,,5.1,294.0,1015.7,,16.0,,,,,2025-10-07 07:10:00
40.0,8.0,9.0,1.5,12.0,5.1,294.0,1015.6,,16.0,,,,,2025-10-07 07:20:00
30.0,8.0,9.0,,,,,1015.5,,16.0,,,,,2025-10-07 07:30:00
30.0,8.0,9.0,1.4,,5.1,312.0,1015.4,,16.1,,,,,2025-10-07 07:40:00
30.0,8.0,9.0,1.4,12.0,5.1,312.0,1015.4,,16.1,,,,,2025-10-07 07:50:00
30.0,7.0,9.0,,,,,1015.4,,,,,-0.9,,2025-10-07 08:00:00
30.0,7.0,9.0,,,,,1015.2,,16.1,,,,,2025-10-07 08:10:00
30.0,8.0,9.0,1.4,11.0,5.1,321.0,1015.2,,16.1,,,,,2025-10-07 08:20:00
30.0,7.0,9.0,,,,,1015.0,,16.1,,,,,2025-10-07 08:30:00
30.0,7.0,9.0,1.4,,5.1,311.0,1015.1,,16.1,,,,,2025-10-07 08:40:00
20.0,7.0,8.0,1.4,12.0,5.1,311.0,1015.1,,16.1,,,,,2025-10-07 08:50:00
20.0,7.0,8.0,,,,,1015.0,,16.1,,,-1.0,,2025-10-07 09:00:00
20.0,7.0,8.0,1.4,,5.1,297.0,1014.9,,16.1,,,,,2025-10-07 09:10:00
20.0,7.0,8.0,1.4,13.0,5.1,297.0,1014.8,,16.1,,,,,2025-10-07 09:20:00
20.0,7.0,9.0,,,,,1014.7,,,,,,,2025-10-07 09:30:00
10.0,8.0,9.0,1.5,,5.5,283.0,1014.7,,16.1,,,,,2025-10-07 09:40:00
10.0,8.0,9.0,1.5,12.0,5.5,283.0,1014.6,,16.1,,,,,2025-10-07 09:50:00
10.0,8.0,9.0,,,,,1014.5,,16.1,,,-1.2,,2025-10-07 10:00:00
10.0,8.0,9.0,,,,,1014.5,,16.1,,,,,2025-10-07 10:10:00
20.0,8.0,9.0,1.3,12.0,5.3,302.0,1014.5,,16.1,,,,,2025-10-07 10:20:00
20.0,8.0,9.0,,,,,1014.5,,16.1,,,,,2025-10-07 10:30:00
20.0,8.0,9.0,,,,,1014.4,,16.1,,,,,2025-10-07 10:40:00
20.0,8.0,10.0,1.4,12.0,5.3,290.0,1014.3,,16.1,,,,,2025-10-07 10:50:00
20.0,8.0,9.0,,,,,1014.4,,16.1,,,-1.0,,2025-10-07 11:00:00
,,,1.3,11.0,5.3,268.0,,,16.1,,,,,2025-10-07 11:10:00
20.0,8.0,9.0,1.3,,5.3,268.0,1014.4,,,,,,,2025-10-07 11:20:00
20.0,8.0,10.0,,,,,1014.4,,16.1,,,,,2025-10-07 11:30:00
20.0,8.0,9.0,,,,,1014.4,,16.1,,,,,2025-10-07 11:40:00
20.0,8.0,10.0,1.3,13.0,5.1,281.0,1014.3,,16.1,,,,,2025-10-07 11:50:00
20.0,8.0,9.0,,,,,1014.1,,16.1,,,-0.9,,2025-10-07 12:00:00
20.0,8.0,9.0,,,,,1014.1,,16.0,,,,,2025-10-07 12:10:00
10.0,7.0,9.0,1.4,13.0,5.3,290.0,1014.1,,16.0,,,,,2025-10-07 12:20:00
10.0,7.0,9.0,,,,,1014.0,,16.0,,,,,2025-10-07 12:30:00
20.0,8.0,9.0,,,,,1013.9,,16.1,,,,,2025-10-07 12:40:00
20.0,8.0,9.0,1.4,13.0,5.0,276.0,1013.8,,16.1,,,,,2025-10-07 12:50:00
20.0,8.0,10.0,,,,,1013.7,,16.1,,,-0.8,,2025-10-07 13:00:00
20.0,8.0,9.0,1.3,,5.0,262.0,1013.7,,16.1,,,,,2025-10-07 13:10:00
20.0,8.0,9.0,1.3,11.0,5.0,262.0,1013.7,,16.1,,,,,2025-10-07 13:20:00
20.0,7.0,8.0,,,,,1013.8,,16.1,,,,,2025-10-07 13:30:00
10.0,8.0,9.0,,,,,1013.9,,16.1,,,,,2025-10-07 13:40:00
360.0,8.0,10.0,1.3,13.0,5.2,304.0,1013.9,,16.1,,,,,2025-10-07 13:50:00
360.0,9.0,10.0,,,,,1013.9,,16.1,,,-0.5,,2025-10-07 14:00:00
360.0,9.0,11.0,1.3,,5.0,319.0,1013.9,,16.1,,,,,2025-10-07 14:10:00
10.0,10.0,11.0,1.3,6.0,5.0,319.0,1013.9,,16.1,,,,,2025-10-07 14:20:00
10.0,9.0,11.0,,,,,1014.0,,16.1,,,,,2025-10-07 14:30:00
10.0,9.0,11.0,,,,,1013.8,,16.1,,,,,2025-10-07 14:40:00
10.0,9.0,11.0,1.4,13.0,4.9,277.0,1013.9,,16.1,,,,,2025-10-07 14:50:00
20.0,9.0,11.0,,,,,1013.8,,16.1,,,-0.3,,2025-10-07 15:00:00
20.0,9.0,11.0,1.4,,4.8,320.0,1013.8,,16.1,,,,,2025-10-07 15:10:00
20.0,9.0,10.0,1.4,16.0,4.8,320.0,1013.7,,16.1,,,,,2025-10-07 15:20:00
20.0,9.0,10.0,,,,,1013.8,,16.1,,,,,2025-10-07 15:30:00
10.0,8.0,10.0,,,,,1013.8,,16.1,,,,,2025-10-07 15:40:00
20.0,8.0,10.0,1.4,16.0,5.0,313.0,1013.9,,16.1,,,,,2025-10-07 15:50:00
20.0,8.0,10.0,,,,,1013.8,,16.1,,,0.0,,2025-10-07 16:00:00
20.0,8.0,10.0,,,,,1014.0,,16.1,,,,,2025-10-07 16:10:00
20.0,8.0,10.0,,,,,1013.9,,16.1,,,,,2025-10-07 16:30:00
20.0,9.0,10.0,,,,,1013.9,,16.1,,,,,2025-10-07 16:40:00
20.0,9.0,10.0,1.6,5.0,5.0,337.0,1013.8,,16.1,,,,,2025-10-07 16:50:00
10.0,8.0,9.0,,,,,1014.0,,16.1,,,0.0,,2025-10-07 17:00:00
10.0,8.0,10.0,,,,,1014.0,,16.1,,,,,2025-10-07 17:10:00
10.0,8.0,10.0,1.7,15.0,5.7,276.0,1014.1,,16.1,,,,,2025-10-07 17:20:00
10.0,8.0,10.0,,,,,1014.0,,16.1,,,,,2025-10-07 17:30:00
10.0,9.0,11.0,,,,,1014.1,,16.1,,,,,2025-10-07 17:40:00
10.0,9.0,11.0,1.7,6.0,5.4,327.0,1014.0,,16.1,,,,,2025-10-07 17:50:00
360.0,8.0,10.0,,,,,1014.1,,16.1,,,0.3,,2025-10-07 18:00:00
360.0,8.0,10.0,,,,,1014.0,,16.1,,,,,2025-10-07 18:10:00
360.0,8.0,10.0,1.8,15.0,5.7,342.0,1014.0,,16.1,,,,,2025-10-07 18:20:00
360.0,8.0,10.0,,,,,1013.9,,16.1,,,,,2025-10-07 18:30:00
360.0,9.0,11.0,,,,,1014.0,,16.1,,,,,2025-10-07 18:40:00
360.0,9.0,11.0,1.7,6.0,5.4,332.0,1014.1,,16.1,,,,,2025-10-07 18:50:00
360.0,9.0,11.0,,,,,1014.0,,16.1,,,0.0,,2025-10-07 19:00:00
,,,1.9,15.0,6.0,306.0,,,,,,,,2025-10-07 19:10:00
360.0,9.0,11.0,1.9,,6.0,306.0,1014.0,,16.2,,,,,2025-10-07 19:20:00
360.0,9.0,11.0,,,,,1014.0,,16.1,,,,,2025-10-07 19:30:00
350.0,9.0,11.0,,,,,1014.1,,16.1,,,,,2025-10-07 19:40:00
360.0,10.0,11.0,2.0,15.0,6.0,303.0,1014.0,,16.1,,,,,2025-10-07 19:50:00
360.0,9.0,11.0,,,,,1014.0,,16.1,,,0.0,,2025-10-07 20:00:00
360.0,9.0,11.0,1.9,,5.6,310.0,1013.9,,16.1,,,,,2025-10-07 20:10:00
360.0,9.0,12.0,1.9,14.0,5.6,310.0,1013.9,,16.1,,,,,2025-10-07 20:20:00
360.0,9.0,10.0,,,,,1013.7,,16.1,,,,,2025-10-07 20:30:00
360.0,9.0,11.0,,,,,1013.7,,16.1,,,,,2025-10-07 20:40:00
350.0,9.0,11.0,2.1,15.0,6.4,324.0,1013.7,,16.2,,,,,2025-10-07 20:50:00
360.0,9.0,11.0,,,,,1013.7,,16.1,,,-0.4,,2025-10-07 21:00:00
350.0,9.0,11.0,2.0,,5.9,304.0,1013.7,,16.1,,,,,2025-10-07 21:10:00
350.0,9.0,10.0,2.0,15.0,5.9,304.0,1013.7,,16.2,,,,,2025-10-07 21:20:00
360.0,9.0,12.0,,,,,1013.7,,16.2,,,,,2025-10-07 21:30:00
360.0,9.0,11.0,2.0,,6.1,307.0,1013.8,,16.2,,,,,2025-10-07 21:40:00
360.0,9.0,11.0,2.0,15.0,6.1,307.0,1013.8,,16.1,,,,,2025-10-07 21:50:00
360.0,9.0,10.0,,,,,1013.8,,16.1,,,0.0,,2025-10-07 22:00:00
360.0,9.0,11.0,,,,,1013.8,,16.2,,,,,2025-10-07 22:10:00
360.0,9.0,10.0,2.0,15.0,6.0,292.0,1013.6,,16.1,,,,,2025-10-07 22:20:00
360.0,9.0,11.0,,,,,1013.6,,16.1,,,,,2025-10-07 22:30:00
360.0,9.0,11.0,,,,,1013.5,,16.1,,,,,2025-10-07 22:40:00
360.0,9.0,11.0,1.9,15.0,5.7,321.0,1013.7,,16.1,,,,,2025-10-07 22:50:00
360.0,9.0,12.0,,,,,1013.7,,16.1,,,-0.3,,2025-10-07 23:00:00
360.0,10.0,11.0,,,,,1013.8,,16.1,,,,,2025-10-07 23:10:00
360.0,9.0,11.0,1.9,6.0,5.7,332.0,1013.7,,16.1,,,,,2025-10-07 23:20:00
350.0,9.0,12.0,,,,,1013.8,,16.1,,,,,2025-10-07 23:40:00
350.0,9.0,11.0,2.0,15.0,6.0,311.0,1013.7,,16.1,,,,,2025-10-07 23:50:00
350.0,9.0,11.0,,,,,1013.5,,16.1,,,0.0,,2025-10-08 00:00:00
350.0,9.0,12.0,1.9,,5.8,293.0,1013.6,,16.1,,,,,2025-10-08 00:10:00
350.0,9.0,11.0,1.9,15.0,5.8,293.0,1013.6,,16.1,,,,,2025-10-08 00:20:00
350.0,11.0,14.0,,,,,1013.5,,16.1,,,,,2025-10-08 00:30:00
350.0,10.0,13.0,,,,,1013.6,,16.1,,,,,2025-10-08 00:40:00
350.0,11.0,13.0,2.0,15.0,5.7,303.0,1013.7,,16.1,,,,,2025-10-08 00:50:00
350.0,11.0,13.0,,,,,1013.7,,16.2,,,0.0,,2025-10-08 01:00:00
350.0,11.0,13.0,2.2,,5.9,309.0,1013.6,,16.1,,,,,2025-10-08 01:10:00
350.0,11.0,14.0,2.2,15.0,5.9,309.0,1013.7,,16.2,,,,,2025-10-08 01:20:00
350.0,11.0,13.0,,,,,1013.7,,16.2,,,,,2025-10-08 01:30:00
350.0,10.0,13.0,,,,,1013.8,,16.2,,,,,2025-10-08 01:40:00
350.0,10.0,12.0,2.1,15.0,5.7,296.0,1013.8,,16.2,,,,,2025-10-08 01:50:00
350.0,11.0,12.0,,,,,1013.8,,16.2,,,0.0,,2025-10-08 02:00:00
340.0,11.0,13.0,2.2,,5.7,321.0,1013.8,,16.2,,,,,2025-10-08 02:10:00
340.0,11.0,13.0,2.2,7.0,5.7,321.0,1013.8,,16.2,,,,,2025-10-08 02:20:00
350.0,10.0,13.0,,,,,1013.9,,16.2,,,,,2025-10-08 02:30:00
350.0,10.0,12.0,,,,,1014.1,,16.2,,,,,2025-10-08 02:40:00
350.0,11.0,13.0,2.1,6.0,5.6,334.0,1014.0,,16.2,,,,,2025-10-08 02:50:00
350.0,11.0,13.0,,,,,1014.0,,16.2,,,0.5,,2025-10-08 03:00:00
350.0,10.0,12.0,2.2,,5.9,295.0,1014.0,,16.2,,,,,2025-10-08 03:10:00
350.0,10.0,12.0,2.2,15.0,5.9,295.0,1014.0,,16.2,,,,,2025-10-08 03:20:00
350.0,10.0,12.0,,,,,1014.0,,,,,,,2025-10-08 03:30:00
350.0,10.0,12.0,,,,,1014.0,,16.1,,,,,2025-10-08 03:40:00
350.0,10.0,12.0,2.2,6.0,5.6,324.0,1014.0,,16.1,,,,,2025-10-08 03:50:00
350.0,10.0,12.0,,,,,1014.1,,16.1,,,0.4,,2025-10-08 04:00:00
340.0,10.0,12.0,,,,,1014.1,,16.1,,,,,2025-10-08 04:10:00
350.0,10.0,12.0,2.5,7.0,6.0,329.0,1014.1,,16.1,,,,,2025-10-08 04:20:00
350.0,10.0,13.0,,,,,1014.0,,16.1,,,,,2025-10-08 04:30:00
350.0,10.0,12.0,,,,,1014.0,,16.1,,,,,2025-10-08 04:40:00
340.0,10.0,13.0,2.3,7.0,5.9,316.0,1014.0,,16.1,,,,,2025-10-08 04:50:00
340.0,10.0,12.0,,,,,1013.9,,16.1,,,0.0,,2025-10-08 05:00:00
340.0,10.0,12.0,,,,,1014.0,,16.1,,,,,2025-10-08 05:10:00
340.0,10.0,12.0,2.5,7.0,6.3,327.0,1014.0,,16.0,,,,,2025-10-08 05:20:00
340.0,10.0,12.0,,,,,1014.0,,16.0,,,,,2025-10-08 05:30:00
340.0,10.0,12.0,2.5,,6.0,332.0,1014.0,,16.0,,,,,2025-10-08 05:40:00
340.0,10.0,12.0,2.5,7.0,6.0,332.0,1014.0,,16.0,,,,,2025-10-08 05:50:00
340.0,10.0,12.0,,,,,1014.0,,15.9,,,0.0,,2025-10-08 06:00:00
350.0,10.0,12.0,2.4,,5.9,329.0,1013.9,,15.9,,,,,2025-10-08 06:10:00
340.0,10.0,12.0,2.4,7.0,5.9,329.0,1013.9,,15.9,,,,,2025-10-08 06:20:00
350.0,10.0,12.0,,,,,1013.8,,15.9,,,,,2025-10-08 06:30:00
340.0,10.0,12.0,2.6,,6.3,332.0,1013.8,,15.9,,,,,2025-10-08 06:40:00
340.0,10.0,12.0,2.6,8.0,6.3,332.0,1013.8,,15.9,,,,,2025-10-08 06:50:00
350.0,9.0,11.0,,,,,1013.8,,15.8,,,-0.3,,2025-10-08 07:00:00
340.0,10.0,12.0,,,,,1013.8,,15.8,,,,,2025-10-08 07:10:00
340.0,10.0,12.0,2.7,8.0,6.4,334.0,1013.7,,15.8,,,,,2025-10-08 07:20:00
340.0,10.0,13.0,,,,,1013.6,,15.8,,,,,2025-10-08 07:30:00
340.0,9.0,11.0,2.7,,6.3,338.0,1013.6,,15.8,,,,,2025-10-08 07:40:00
340.0,9.0,11.0,2.7,8.0,6.3,338.0,1013.5,,15.8,,,,,2025-10-08 07:50:00
340.0,9.0,11.0,,,,,1013.5,,15.8,,,-0.4,,2025-10-08 08:00:00
330.0,9.0,11.0,,,,,1013.4,,15.8,,,,,2025-10-08 08:10:00
340.0,9.0,11.0,2.7,8.0,6.3,330.0,1013.4,,15.8,,,,,2025-10-08 08:20:00
330.0,9.0,11.0,,,,,1013.3,,15.8,,,,,2025-10-08 08:30:00
330.0,9.0,11.0,2.9,,6.7,325.0,1013.2,,15.8,,,,,2025-10-08 08:40:00
330.0,9.0,11.0,2.9,8.0,6.7,325.0,1013.2,,15.8,,,,,2025-10-08 08:50:00
340.0,9.0,11.0,,,,,1013.1,,,,,-0.9,,2025-10-08 09:00:00
340.0,9.0,11.0,2.6,,6.5,329.0,1013.0,,15.8,,,,,2025-10-08 09:10:00
340.0,8.0,9.0,2.6,8.0,6.5,329.0,1013.0,,15.8,,,,,2025-10-08 09:20:00
330.0,9.0,10.0,,,,,1012.9,,15.8,,,,,2025-10-08 09:30:00
340.0,8.0,10.0,2.8,,6.9,324.0,1012.9,,15.8,,,,,2025-10-08 09:40:00
340.0,8.0,10.0,2.8,9.0,6.9,324.0,1012.9,,15.8,,,,,2025-10-08 09:50:00
340.0,8.0,10.0,,,,,1012.9,,15.8,,,-0.9,,2025-10-08 10:00:00
340.0,8.0,10.0,2.9,,6.9,339.0,1012.8,,15.8,,,,,2025-10-08 10:10:00
330.0,8.0,10.0,2.9,9.0,6.9,339.0,1012.7,,15.8,,,,,2025-10-08 10:20:00
330.0,8.0,10.0,,,,,1012.7,,15.8,,,,,2025-10-08 10:30:00
320.0,8.0,10.0,,,,,1012.7,,15.8,,,,,2025-10-08 10:40:00
330.0,7.0,9.0,2.6,9.0,6.5,323.0,1012.6,,15.8,,,,,2025-10-08 10:50:00
330.0,8.0,9.0,,,,,1012.5,,15.8,,,-1.0,,2025-10-08 11:00:00
340.0,8.0,10.0,2.8,,6.9,335.0,1012.4,,15.8,,,,,2025-10-08 11:10:00
340.0,8.0,9.0,2.8,9.0,6.9,335.0,1012.5,,15.8,,,,,2025-10-08 11:20:00
340.0,7.0,9.0,,,,,1012.5,,15.8,,,,,2025-10-08 11:30:00
330.0,7.0,9.0,3.1,,7.1,332.0,1012.4,,15.8,,,,,2025-10-08 11:40:00
330.0,7.0,9.0,3.1,9.0,7.1,332.0,1012.3,,15.8,,,,,2025-10-08 11:50:00
340.0,7.0,9.0,,,,,1012.2,,15.8,,,-0.9,,2025-10-08 12:00:00
330.0,7.0,9.0,2.7,,7.0,335.0,1012.2,,,,,,,2025-10-08 12:10:00
330.0,7.0,9.0,2.7,9.0,7.0,335.0,1012.2,,15.7,,,,,2025-10-08 12:20:00
340.0,6.0,8.0,,,,,1012.1,,15.7,,,,,2025-10-08 12:30:00
340.0,6.0,8.0,3.0,,7.2,322.0,1012.1,,15.7,,,,,2025-10-08 12:40:00
340.0,6.0,8.0,3.0,8.0,7.2,322.0,1012.0,,15.7,,,,,2025-10-08 12:50:00
350.0,6.0,8.0,,,,,1011.9,,15.7,,,-1.0,,2025-10-08 13:00:00
350.0,6.0,8.0,2.6,,6.8,334.0,1011.9,,15.7,,,,,2025-10-08 13:10:00
340.0,7.0,8.0,2.6,8.0,6.8,334.0,1012.0,,15.7,,,,,2025-10-08 13:20:00
350.0,6.0,8.0,,,,,1011.9,,15.7,,,,,2025-10-08 13:30:00
340.0,7.0,8.0,2.5,,6.7,341.0,1011.9,,15.8,,,,,2025-10-08 13:40:00
340.0,6.0,8.0,2.5,9.0,6.7,341.0,1011.9,,15.8,,,,,2025-10-08 13:50:00
340.0,6.0,8.0,,,,,1011.9,,15.8,,,-0.6,,2025-10-08 14:00:00
340.0,7.0,8.0,,,,,1011.8,,15.8,,,,,2025-10-08 14:10:00
330.0,6.0,9.0,2.7,8.0,6.9,326.0,1011.7,,15.8,,,,,2025-10-08 14:20:00
330.0,6.0,8.0,,,,,1011.7,,15.8,,,,,2025-10-08 14:30:00
340.0,6.0,7.0,,,,,1011.7,,15.8,,,,,2025-10-08 14:40:00
340.0,6.0,7.0,2.7,8.0,6.9,326.0,1011.7,,15.8,,,,,2025-10-08 14:50:00
340.0,5.0,7.0,,,,,1011.6,,15.8,,,-0.6,,2025-10-08 15:00:00
340.0,5.0,7.0,,,,,1011.6,,15.8,,,,,2025-10-08 15:10:00
340.0,5.0,6.0,2.6,8.0,6.9,316.0,1011.6,,15.8,,,,,2025-10-08 15:20:00
330.0,5.0,6.0,,,,,1011.6,,15.8,,,,,2025-10-08 15:30:00
340.0,5.0,6.0,2.6,,7.2,342.0,1011.6,,15.8,,,,,2025-10-08 15:40:00
340.0,4.0,6.0,2.6,9.0,7.2,342.0,1011.6,,15.8,,,,,2025-10-08 15:50:00
340.0,4.0,6.0,,,,,1011.5,,15.8,,,-0.4,,2025-10-08 16:00:00
350.0,4.0,6.0,2.9,,7.4,326.0,1011.4,,15.8,,,,,2025-10-08 16:10:00
350.0,4.0,6.0,2.9,8.0,7.4,326.0,1011.3,,15.8,,,,,2025-10-08 16:20:00
340.0,3.0,5.0,,,,,1011.4,,15.8,,,,,2025-10-08 16:30:00
350.0,4.0,5.0,,,,,1011.3,,15.8,,,,,2025-10-08 16:40:00
350.0,4.0,5.0,2.6,9.0,7.3,343.0,1011.3,,,,,,,2025-10-08 16:50:00
340.0,3.0,5.0,,,,,1011.2,,15.8,,,-0.7,,2025-10-08 17:00:00
340.0,3.0,4.0,2.9,,7.4,336.0,1011.2,,15.8,,,,,2025-10-08 17:10:00
350.0,3.0,5.0,2.9,9.0,7.4,336.0,1011.1,,15.8,,,,,2025-10-08 17:20:00
360.0,3.0,5.0,,,,,1011.1,,15.8,,,,,2025-10-08 17:30:00
350.0,3.0,5.0,,,,,1011.1,,15.8,,,,,2025-10-08 17:40:00
350.0,3.0,4.0,2.5,8.0,7.2,321.0,1011.1,,15.8,,,,,2025-10-08 17:50:00
350.0,3.0,5.0,,,,,1011.0,,15.8,,,-0.6,,2025-10-08 18:00:00
340.0,3.0,4.0,2.7,,7.6,302.0,1011.0,,15.8,,,,,2025-10-08 18:10:00
330.0,2.0,4.0,2.7,14.0,7.6,302.0,1010.9,,15.8,,,,,2025-10-08 18:20:00
330.0,3.0,5.0,,,,,1011.0,,15.8,,,,,2025-10-08 18:30:00
330.0,3.0,4.0,,,,,1010.9,,15.8,,,,,2025-10-08 18:40:00
350.0,3.0,4.0,2.8,8.0,7.3,323.0,1010.9,,15.9,,,,,2025-10-08 18:50:00
330.0,2.0,4.0,,,,,1010.9,,15.9,,,-0.6,,2025-10-08 19:00:00
350.0,2.0,4.0,,,,,1010.8,,15.9,,,,,2025-10-08 19:10:00
340.0,2.0,3.0,2.6,8.0,7.2,330.0,1010.8,,15.9,,,,,2025-10-08 19:20:00
360.0,2.0,3.0,,,,,1010.7,,15.9,,,,,2025-10-08 19:30:00
10.0,2.0,4.0,,,,,1010.6,,15.9,,,,,2025-10-08 19:40:00
10.0,2.0,4.0,2.6,8.0,7.3,302.0,1010.6,,15.9,,,,,2025-10-08 19:50:00
350.0,2.0,4.0,,,,,1010.5,,15.9,,,-0.7,,2025-10-08 20:00:00
360.0,3.0,5.0,2.7,,7.4,336.0,1010.4,,16.0,,,,,2025-10-08 20:10:00
10.0,4.0,7.0,2.7,9.0,7.4,336.0,1010.3,,16.0,,,,,2025-10-08 20:20:00
360.0,7.0,8.0,,,,,1010.2,,16.0,,,,,2025-10-08 20:30:00
360.0,7.0,8.0,,,,,1010.2,,16.0,,,,,2025-10-08 20:40:00
10.0,7.0,8.0,2.5,9.0,7.0,336.0,1010.1,,16.0,,,,,2025-10-08 20:50:00
20.0,6.0,7.0,,,,,1010.1,,16.0,,,-0.9,,2025-10-08 21:00:00
10.0,6.0,7.0,2.5,,7.3,310.0,1010.0,,16.0,,,,,2025-10-08 21:10:00
20.0,5.0,6.0,2.5,14.0,7.3,310.0,1009.9,,16.0,,,,,2025-10-08 21:20:00
30.0,5.0,6.0,,,,,1009.8,,16.0,,,,,2025-10-08 21:30:00
30.0,5.0,6.0,,,,,1009.7,,16.0,,,,,2025-10-08 21:40:00
40.0,4.0,5.0,2.5,13.0,7.2,307.0,1009.7,,16.0,,,,,2025-10-08 21:50:00
40.0,4.0,5.0,,,,,1009.6,,16.0,,,-1.3,,2025-10-08 22:00:00
60.0,3.0,4.0,2.3,,7.5,284.0,1009.5,,16.0,,,,,2025-10-08 22:10:00
70.0,2.0,3.0,2.3,14.0,7.5,284.0,1009.5,,16.0,,,,,2025-10-08 22:20:00
80.0,2.0,3.0,,,,,1009.4,,16.0,,,,,2025-10-08 22:30:00
70.0,2.0,3.0,,,,,1009.3,,16.0,,,,,2025-10-08 22:40:00
80.0,2.0,4.0,2.2,13.0,7.4,324.0,1009.4,,16.0,,,,,2025-10-08 22:50:00
100.0,2.0,3.0,,,,,1009.4,,16.0,,,-1.1,,2025-10-08 23:00:00
100.0,2.0,3.0,2.1,,7.3,337.0,1009.4,,16.0,,,,,2025-10-08 23:10:00
90.0,2.0,3.0,,,,,1009.3,,16.0,,,,,2025-10-08 23:40:00
80.0,1.0,3.0,2.0,13.0,7.3,315.0,1009.3,,16.0,,,,,2025-10-08 23:50:00
90.0,1.0,3.0,,,,,1009.3,,16.0,,,-0.8,,2025-10-09 00:00:00
100.0,1.0,3.0,2.2,,7.7,319.0,1009.2,,16.0,,,,,2025-10-09 00:10:00
80.0,1.0,2.0,2.2,13.0,7.7,319.0,1009.2,,16.0,,,,,2025-10-09 00:20:00
70.0,1.0,2.0,,,,,1009.3,,16.0,,,,,2025-10-09 00:30:00
60.0,1.0,2.0,,,,,1009.3,,16.0,,,,,2025-10-09 00:40:00
70.0,1.0,2.0,1.9,13.0,7.7,307.0,1009.1,,16.0,,,,,2025-10-09 00:50:00
60.0,1.0,2.0,,,,,1009.1,,16.0,,,-0.5,,2025-10-09 01:00:00
,0.0,1.0,2.0,,7.7,312.0,1009.2,,16.0,,,,,2025-10-09 01:10:00
,0.0,1.0,2.0,13.0,7.7,312.0,1009.1,,16.0,,,,,2025-10-09 01:20:00
,0.0,1.0,,,,,1009.0,,16.0,,,,,2025-10-09 01:30:00
,0.0,1.0,,,,,1009.1,,16.0,,,,,2025-10-09 01:40:00
,0.0,0.0,1.9,13.0,7.4,316.0,1009.0,,16.0,,,,,2025-10-09 01:50:00
,0.0,1.0,,,,,1008.9,,16.0,,,-0.5,,2025-10-09 02:00:00
,0.0,0.0,2.0,,7.6,312.0,1008.9,,16.0,,,,,2025-10-09 02:10:00
,0.0,2.0,2.0,12.0,7.6,312.0,1008.8,,16.0,,,,,2025-10-09 02:20:00
,0.0,2.0,,,,,1008.8,,16.0,,,,,2025-10-09 02:30:00
80.0,1.0,3.0,1.9,,7.4,321.0,1008.9,,16.0,,,,,2025-10-09 02:40:00
90.0,2.0,3.0,1.9,11.0,7.4,321.0,1008.9,,16.0,,,,,2025-10-09 02:50:00
100.0,3.0,7.0,,,,,1008.8,,16.0,,,-0.5,,2025-10-09 03:00:00
140.0,7.0,9.0,2.0,,7.6,317.0,1008.8,,16.0,,,,,2025-10-09 03:10:00
130.0,6.0,7.0,2.0,12.0,7.6,317.0,1008.8,,16.0,,,,,2025-10-09 03:20:00
110.0,5.0,6.0,,,,,1008.9,,16.0,,,,,2025-10-09 03:30:00
110.0,4.0,6.0,,,,,1008.9,,16.0,,,,,2025-10-09 03:40:00
120.0,4.0,6.0,2.1,8.0,7.5,335.0,1008.9,,15.9,,,,,2025-10-09 03:50:00
120.0,4.0,6.0,,,,,1008.9,,15.9,,,0.0,,2025-10-09 04:00:00
130.0,5.0,7.0,,,,,1008.9,,15.9,,,,,2025-10-09 04:10:00
130.0,5.0,7.0,2.3,12.0,7.9,309.0,1008.8,,15.9,,,,,2025-10-09 04:20:00
140.0,3.0,5.0,,,,,1008.8,,15.9,,,,,2025-10-09 04:30:00
120.0,3.0,5.0,,,,,1008.7,,15.9,,,,,2025-10-09 04:40:00
110.0,3.0,5.0,2.4,11.0,8.0,311.0,1008.6,,15.9,,,,,2025-10-09 04:50:00
90.0,3.0,5.0,,,,,1008.7,,15.9,,,0.0,,2025-10-09 05:00:00
70.0,3.0,4.0,,,,,1008.5,,15.9,,,,,2025-10-09 05:10:00
80.0,3.0,5.0,2.3,11.0,7.9,307.0,1008.6,,15.9,,,,,2025-10-09 05:20:00
70.0,3.0,4.0,,,,,1008.5,,15.9,,,,,2025-10-09 05:30:00
70.0,3.0,4.0,,,,,1008.4,,15.9,,,,,2025-10-09 05:40:00
70.0,3.0,4.0,2.5,9.0,8.1,316.0,1008.5,,15.9,,,,,2025-10-09 05:50:00
80.0,3.0,4.0,,,,,1008.5,,,,,-0.3,,2025-10-09 06:00:00
70.0,3.0,5.0,2.7,,8.1,308.0,1008.3,,15.9,,,,,2025-10-09 06:10:00
80.0,4.0,5.0,2.7,9.0,8.1,308.0,1008.3,,15.9,,,,,2025-10-09 06:20:00
70.0,5.0,6.0,,,,,1008.2,,15.9,,,,,2025-10-09 06:30:00
80.0,5.0,6.0,2.9,,8.4,307.0,1008.2,,15.9,,,,,2025-10-09 06:40:00
90.0,5.0,7.0,2.9,11.0,8.4,307.0,1008.2,,,,,,,2025-10-09 06:50:00
100.0,7.0,9.0,,,,,1008.2,,15.9,,,-0.7,,2025-10-09 07:00:00
100.0,7.0,9.0,,,,,1008.0,,15.9,,,,,2025-10-09 07:10:00
90.0,7.0,9.0,3.0,11.0,8.4,316.0,1007.9,,15.9,,,,,2025-10-09 07:20:00
100.0,8.0,10.0,,,,,1007.8,,15.9,,,,,2025-10-09 07:30:00
90.0,9.0,11.0,2.9,,8.0,321.0,1007.9,,15.9,,,,,2025-10-09 07:40:00
100.0,9.0,12.0,2.9,10.0,8.0,321.0,1007.9,,15.9,,,,,2025-10-09 07:50:00
90.0,9.0,11.0,,,,,1007.8,,15.9,,,-0.9,,2025-10-09 08:00:00
90.0,9.0,12.0,,,,,1007.9,,15.9,,,,,2025-10-09 08:10:00
90.0,10.0,13.0,3.1,10.0,7.9,308.0,1007.8,,15.9,,,,,2025-10-09 08:20:00
90.0,10.0,12.0,,,,,1007.8,,15.9,,,,,2025-10-09 08:30:00
90.0,10.0,13.0,,,,,1007.7,,15.9,,,,,2025-10-09 08:40:00
100.0,10.0,12.0,2.8,11.0,7.3,314.0,1007.8,,15.9,,,,,2025-10-09 08:50:00
90.0,10.0,13.0,,,,,1007.7,,15.9,,,-0.8,,2025-10-09 09:00:00
90.0,9.0,12.0,3.5,,8.0,306.0,1007.8,,15.9,,,,,2025-10-09 09:10:00
80.0,9.0,11.0,3.5,11.0,8.0,306.0,1007.7,,15.9,,,,,2025-10-09 09:20:00
80.0,8.0,10.0,,,,,1007.6,,15.9,,,,,2025-10-09 09:30:00
80.0,8.0,10.0,3.1,,7.9,314.0,1007.6,,15.9,,,,,2025-10-09 09:40:00
80.0,7.0,9.0,3.1,10.0,7.9,314.0,1007.6,,15.9,,,,,2025-10-09 09:50:00
70.0,7.0,9.0,,,,,1007.5,,15.9,,,-0.7,,2025-10-09 10:00:00
70.0,8.0,10.0,2.9,,7.9,304.0,1007.3,,15.9,,,,,2025-10-09 10:10:00
80.0,8.0,10.0,2.9,11.0,7.9,304.0,1007.3,,15.9,,,,,2025-10-09 10:20:00
80.0,8.0,10.0,,,,,1007.3,,15.9,,,,,2025-10-09 10:30:00
80.0,9.0,12.0,,,,,1007.4,,15.9,,,,,2025-10-09 10:40:00
90.0,9.0,12.0,3.0,10.0,7.9,309.0,1007.3,,15.9,,,,,2025-10-09 10:50:00
80.0,8.0,10.0,,,,,1007.1,,15.9,,,-0.7,,2025-10-09 11:00:00
80.0,9.0,11.0,3.1,,8.0,318.0,1007.0,,15.9,,,,,2025-10-09 11:10:00
80.0,9.0,11.0,3.1,11.0,8.0,318.0,1007.0,,15.9,,,,,2025-10-09 11:20:00
80.0,9.0,11.0,,,,,1007.0,,15.9,,,,,2025-10-09 11:30:00
70.0,8.0,10.0,2.7,,7.5,312.0,1007.0,,15.9,,,,,2025-10-09 11:40:00
90.0,7.0,9.0,2.7,11.0,7.5,312.0,1007.1,,15.9,,,,,2025-10-09 11:50:00
100.0,5.0,7.0,,,,,1007.1,,15.9,,,-0.6,,2025-10-09 12:00:00
100.0,4.0,6.0,3.3,,8.5,306.0,1007.2,,15.9,,,,,2025-10-09 12:10:00
130.0,5.0,7.0,3.3,12.0,8.5,306.0,1007.2,,15.9,,,,,2025-10-09 12:20:00
140.0,5.0,8.0,,,,,1007.3,,15.9,,,,,2025-10-09 12:30:00
150.0,5.0,7.0,2.5,,7.7,310.0,1007.3,,15.9,,,,,2025-10-09 12:40:00
180.0,8.0,10.0,2.5,11.0,7.7,310.0,1007.5,,15.9,,,,,2025-10-09 12:50:00
180.0,8.0,12.0,,,,,1007.6,,15.9,,,-0.0,,2025-10-09 13:00:00
180.0,10.0,12.0,2.9,,7.5,300.0,1007.6,,15.9,,,,,2025-10-09 13:10:00
180.0,9.0,13.0,2.9,11.0,7.5,300.0,1007.8,,15.9,,,,,2025-10-09 13:20:00
180.0,10.0,12.0,,,,,1007.9,,15.9,,,,,2025-10-09 13:30:00
180.0,10.0,12.0,,,,,1008.0,,15.9,,,,,2025-10-09 13:40:00
190.0,10.0,12.0,2.9,10.0,7.3,301.0,1008.2,,15.9,,,,,2025-10-09 13:50:00
180.0,9.0,11.0,,,,,1008.5,,15.9,,,1.4,,2025-10-09 14:00:00
190.0,9.0,11.0,2.8,,7.1,299.0,1008.5,,15.9,,,,,2025-10-09 14:10:00
190.0,9.0,11.0,2.8,11.0,7.1,299.0,1008.8,,15.9,,,,,2025-10-09 14:20:00
180.0,9.0,11.0,,,,,1008.9,,15.9,,,,,2025-10-09 14:30:00
180.0,10.0,11.0,,,,,1009.1,,15.9,,,,,2025-10-09 14:40:00
180.0,9.0,11.0,2.8,11.0,7.0,287.0,1009.3,,15.9,,,,,2025-10-09 14:50:00
190.0,10.0,12.0,,,,,1009.5,,15.9,,,2.4,,2025-10-09 15:00:00
180.0,10.0,12.0,,,,,1009.6,,15.9,,,,,2025-10-09 15:10:00
190.0,9.0,11.0,2.6,9.0,6.8,291.0,1009.9,,15.9,,,,,2025-10-09 15:20:00
190.0,9.0,11.0,,,,,1010.0,,15.8,,,,,2025-10-09 15:30:00
190.0,9.0,11.0,,,,,1010.2,,15.8,,,,,2025-10-09 15:40:00
190.0,9.0,11.0,2.7,10.0,7.2,298.0,1010.4,,15.8,,,,,2025-10-09 15:50:00
190.0,9.0,11.0,,,,,1010.6,,15.8,,,3.0,,2025-10-09 16:00:00
190.0,9.0,11.0,2.7,,7.1,290.0,1010.8,,15.8,,,,,2025-10-09 16:10:00
190.0,8.0,11.0,2.7,10.0,7.1,290.0,1011.0,,15.8,,,,,2025-10-09 16:20:00
190.0,8.0,11.0,,,,,1011.1,,15.8,,,,,2025-10-09 16:30:00
190.0,7.0,8.0,,,,,1011.1,,15.8,,,,,2025-10-09 16:40:00
200.0,7.0,9.0,2.8,10.0,7.4,280.0,1011.3,,15.8,,,,,2025-10-09 16:50:00
190.0,8.0,9.0,,,,,1011.4,,15.8,,,2.9,,2025-10-09 17:00:00
190.0,8.0,9.0,2.6,,7.3,290.0,1011.5,,15.8,,,,,2025-10-09 17:10:00
180.0,8.0,10.0,2.6,10.0,7.3,290.0,1011.5,,15.8,,,,,2025-10-09 17:20:00
190.0,8.0,10.0,,,,,1011.6,,15.8,,,,,2025-10-09 17:30:00
180.0,8.0,10.0,2.5,,7.0,292.0,1011.8,,15.8,,,,,2025-10-09 17:40:00
180.0,8.0,9.0,2.5,10.0,7.0,292.0,1012.0,,15.8,,,,,2025-10-09 17:50:00
180.0,8.0,10.0,,,,,1012.1,,15.8,,,2.6,,2025-10-09 18:00:00
180.0,7.0,9.0,2.7,,7.3,291.0,1012.1,,15.8,,,,,2025-10-09 18:10:00
180.0,7.0,9.0,2.7,10.0,7.3,291.0,1012.4,,15.8,,,,,2025-10-09 18:20:00
180.0,7.0,9.0,,,,,1012.4,,15.8,,,,,2025-10-09 18:30:00
180.0,7.0,9.0,2.7,,7.6,298.0,1012.5,,15.8,,,,,2025-10-09 18:40:00
180.0,7.0,9.0,2.7,11.0,7.6,298.0,1012.6,,15.8,,,,,2025-10-09 18:50:00
180.0,7.0,9.0,,,,,1012.6,,15.8,,,2.0,,2025-10-09 19:00:00
180.0,6.0,8.0,2.6,,7.5,295.0,1012.7,,15.8,,,,,2025-10-09 19:10:00
180.0,6.0,8.0,2.6,11.0,7.5,295.0,1012.7,,15.8,,,,,2025-10-09 19:20:00
180.0,6.0,7.0,,,,,1012.7,,15.8,,,,,2025-10-09 19:30:00
170.0,5.0,7.0,,,,,1012.5,,15.8,,,,,2025-10-09 19:40:00
170.0,4.0,6.0,2.4,9.0,7.2,298.0,1012.6,,15.8,,,,,2025-10-09 19:50:00
170.0,5.0,7.0,,,,,1012.7,,15.8,,,1.3,,2025-10-09 20:00:00
170.0,5.0,6.0,2.4,,7.6,296.0,1012.6,,15.8,,,,,2025-10-09 20:10:00
160.0,5.0,7.0,2.4,11.0,7.6,296.0,1012.8,,15.8,,,,,2025-10-09 20:20:00
150.0,5.0,7.0,,,,,1012.8,,15.8,,,,,2025-10-09 20:30:00
150.0,5.0,6.0,,,,,1012.8,,15.8,,,,,2025-10-09 20:40:00
140.0,5.0,6.0,2.5,10.0,7.9,301.0,1012.7,,15.8,,,,,2025-10-09 20:50:00
140.0,5.0,7.0,,,,,1012.6,,15.9,,,0.5,,2025-10-09 21:00:00
140.0,6.0,7.0,,,,,1012.6,,15.8,,,,,2025-10-09 21:10:00
140.0,6.0,8.0,2.3,11.0,7.6,294.0,1012.7,,15.9,,,,,2025-10-09 21:20:00
130.0,6.0,8.0,,,,,1012.6,,15.8,,,,,2025-10-09 21:30:00
130.0,7.0,9.0,2.2,,7.5,296.0,1012.6,,15.8,,,,,2025-10-09 21:40:00
140.0,7.0,9.0,2.2,11.0,7.5,296.0,1012.7,,15.8,,,,,2025-10-09 21:50:00
140.0,7.0,9.0,,,,,1012.8,,15.8,,,0.0,,2025-10-09 22:00:00
140.0,6.0,8.0,,,,,1012.5,,15.8,,,,,2025-10-09 22:10:00
140.0,6.0,7.0,2.3,11.0,7.9,297.0,1012.4,,15.8,,,,,2025-10-09 22:20:00
140.0,5.0,7.0,,,,,1012.3,,15.9,,,,,2025-10-09 22:30:00
140.0,5.0,6.0,2.2,,7.4,303.0,1012.3,,15.9,,,,,2025-10-09 22:40:00
140.0,5.0,7.0,2.2,10.0,7.4,303.0,1012.3,,15.9,,,,,2025-10-09 22:50:00
140.0,6.0,8.0,,,,,1012.3,,15.9,,,-0.4,,2025-10-09 23:00:00
130.0,6.0,8.0,2.7,,8.1,302.0,1012.5,,15.9,,,,,2025-10-09 23:10:00
120.0,7.0,9.0,,,,,1012.4,,15.9,,,,,2025-10-09 23:40:00
120.0,7.0,9.0,2.3,11.0,7.8,302.0,1012.2,,15.9,,,,,2025-10-09 23:50:00
130.0,7.0,8.0,,,,,1012.1,,15.9,,,-0.5,,2025-10-10 00:00:00
120.0,7.0,9.0,2.1,,7.1,311.0,1011.9,,15.9,,,,,2025-10-10 00:10:00
120.0,7.0,8.0,2.1,10.0,7.1,311.0,1012.0,,15.9,,,,,2025-10-10 00:20:00
120.0,7.0,9.0,,,,,1012.0,,15.9,,,,,2025-10-10 00:30:00
110.0,7.0,9.0,,,,,1012.0,,15.8,,,,,2025-10-10 00:40:00
120.0,7.0,9.0,2.1,10.0,6.9,312.0,1012.0,,15.8,,,,,2025-10-10 00:50:00
110.0,6.0,8.0,,,,,1012.0,,15.8,,,-0.8,,2025-10-10 01:00:00
110.0,6.0,8.0,2.4,,7.3,308.0,1011.9,,15.8,,,,,2025-10-10 01:10:00
110.0,6.0,8.0,2.4,11.0,7.3,308.0,1011.9,,15.8,,,,,2025-10-10 01:20:00
100.0,6.0,8.0,,,,,1011.9,,15.8,,,,,2025-10-10 01:30:00
100.0,6.0,8.0,2.5,,7.6,303.0,1012.0,,15.8,,,,,2025-10-10 01:40:00
100.0,6.0,7.0,2.5,10.0,7.6,303.0,1012.0,,15.8,,,,,2025-10-10 01:50:00
100.0,6.0,8.0,,,,,1012.1,,15.8,,,0.0,,2025-10-10 02:00:00
110.0,6.0,8.0,2.6,,7.6,305.0,1012.2,,15.8,,,,,2025-10-10 02:10:00
100.0,6.0,8.0,2.6,11.0,7.6,305.0,1012.2,,15.8,,,,,2025-10-10 02:20:00
100.0,6.0,8.0,,,,,1012.1,,15.8,,,,,2025-10-10 02:30:00
100.0,5.0,7.0,,,,,1012.2,,15.8,,,,,2025-10-10 02:40:00
100.0,5.0,7.0,2.1,11.0,7.1,299.0,1012.3,,15.8,,,,,2025-10-10 02:50:00
100.0,6.0,7.0,,,,,1012.3,,15.8,,,0.0,,2025-10-10 03:00:00
100.0,6.0,7.0,2.2,,7.3,304.0,1012.4,,15.8,,,,,2025-10-10 03:10:00
90.0,6.0,8.0,2.2,11.0,7.3,304.0,1012.5,,15.8,,,,,2025-10-10 03:20:00
90.0,5.0,7.0,,,,,1012.3,,15.8,,,,,2025-10-10 03:30:00
100.0,6.0,7.0,,,,,1012.5,,15.8,,,,,2025-10-10 03:40:00
90.0,6.0,8.0,2.3,10.0,7.6,304.0,1012.4,,15.8,,,,,2025-10-10 03:50:00
100.0,6.0,7.0,,,,,1012.4,,15.8,,,0.4,,2025-10-10 04:00:00
90.0,6.0,7.0,2.5,,8.0,302.0,1012.5,,15.8,,,,,2025-10-10 04:10:00
90.0,6.0,7.0,2.5,11.0,8.0,302.0,1012.3,,15.8,,,,,2025-10-10 04:20:00
80.0,6.0,7.0,,,,,1012.2,,15.8,,,,,2025-10-10 04:30:00
80.0,5.0,7.0,,,,,1012.2,,15.8,,,,,2025-10-10 04:40:00
80.0,5.0,7.0,2.2,11.0,7.7,311.0,1012.1,,15.8,,,,,2025-10-10 04:50:00
80.0,5.0,6.0,,,,,1012.1,,15.8,,,0.0,,2025-10-10 05:00:00
70.0,5.0,6.0,,,,,1012.1,,15.8,,,,,2025-10-10 05:10:00
80.0,5.0,6.0,2.0,11.0,7.6,301.0,1012.0,,15.8,,,,,2025-10-10 05:20:00
70.0,5.0,6.0,,,,,1011.8,,15.8,,,,,2025-10-10 05:30:00
70.0,5.0,6.0,,,,,1012.0,,15.8,,,,,2025-10-10 05:40:00
70.0,4.0,6.0,2.4,10.0,8.1,301.0,1012.0,,15.8,,,,,2025-10-10 05:50:00
60.0,4.0,6.0,,,,,1011.7,,15.8,,,-0.6,,2025-10-10 06:00:00
60.0,4.0,6.0,2.1,,7.9,294.0,1011.8,,15.8,,,,,2025-10-10 06:10:00
60.0,5.0,6.0,2.1,11.0,7.9,294.0,1011.7,,15.8,,,,,2025-10-10 06:20:00
70.0,5.0,7.0,,,,,1011.8,,15.8,,,,,2025-10-10 06:30:00
70.0,6.0,8.0,2.0,,7.8,290.0,1011.7,,15.8,,,,,2025-10-10 06:40:00
70.0,7.0,8.0,2.0,12.0,7.8,290.0,1011.4,,15.8,,,,,2025-10-10 06:50:00
70.0,6.0,8.0,,,,,1011.4,,15.8,,,-1.0,,2025-10-10 07:00:00
80.0,6.0,8.0,1.8,,7.2,301.0,1011.3,,15.8,,,,,2025-10-10 07:10:00
80.0,6.0,8.0,1.8,11.0,7.2,301.0,1011.2,,15.8,,,,,2025-10-10 07:20:00
80.0,6.0,8.0,,,,,1011.0,,15.8,,,,,2025-10-10 07:30:00
80.0,6.0,7.0,,,,,1010.9,,15.8,,,,,2025-10-10 07:40:00
100.0,6.0,8.0,2.0,10.0,7.7,302.0,1011.0,,15.8,,,,,2025-10-10 07:50:00
110.0,6.0,7.0,,,,,1010.9,,15.8,,,-1.2,,2025-10-10 08:00:00
110.0,5.0,7.0,,,,,1010.8,,15.8,,,,,2025-10-10 08:10:00
120.0,6.0,7.0,1.9,11.0,7.3,280.0,1010.8,,15.8,,,,,2025-10-10 08:20:00
130.0,5.0,7.0,,,,,1010.7,,15.8,,,,,2025-10-10 08:30:00
120.0,5.0,6.0,,,,,1010.5,,15.8,,,,,2025-10-10 08:40:00
120.0,5.0,6.0,1.9,10.0,7.1,301.0,1010.4,,15.8,,,,,2025-10-10 08:50:00
130.0,5.0,6.0,,,,,1010.4,,15.8,,,-1.3,,2025-10-10 09:00:00
140.0,4.0,6.0,2.0,,7.3,298.0,1010.3,,15.8,,,,,2025-10-10 09:10:00
140.0,5.0,6.0,2.0,10.0,7.3,298.0,1010.1,,15.8,,,,,2025-10-10 09:20:00
140.0,5.0,6.0,,,,,1010.0,,15.8,,,,,2025-10-10 09:30:00
140.0,6.0,7.0,,,,,1009.9,,15.8,,,,,2025-10-10 09:40:00
130.0,6.0,8.0,1.8,10.0,7.1,301.0,1009.9,,15.8,,,,,2025-10-10 09:50:00
120.0,7.0,9.0,,,,,1009.7,,15.9,,,-1.7,,2025-10-10 10:00:00
120.0,7.0,9.0,1.7,,6.6,288.0,1009.8,,15.8,,,,,2025-10-10 10:10:00
130.0,8.0,9.0,1.7,9.0,6.6,288.0,1009.8,,15.8,,,,,2025-10-10 10:20:00
130.0,8.0,10.0,,,,,1009.8,,15.8,,,,,2025-10-10 10:30:00
130.0,8.0,10.0,,,,,1009.8,,15.8,,,,,2025-10-10 10:40:00
130.0,8.0,10.0,1.7,11.0,6.8,298.0,1009.6,,15.8,,,,,2025-10-10 10:50:00
120.0,8.0,10.0,,,,,1009.6,,15.8,,,-1.3,,2025-10-10 11:00:00
120.0,8.0,10.0,1.8,,6.4,306.0,1009.6,,15.8,,,,,2025-10-10 11:10:00
110.0,9.0,11.0,1.8,10.0,6.4,306.0,1009.5,,15.8,,,,,2025-10-10 11:20:00
110.0,8.0,10.0,,,,,1009.4,,15.8,,,,,2025-10-10 11:30:00
110.0,9.0,10.0,,,,,1009.3,,,,,,,2025-10-10 11:40:00
120.0,8.0,10.0,1.8,11.0,6.0,296.0,1009.4,,15.8,,,,,2025-10-10 11:50:00
110.0,8.0,10.0,,,,,1009.3,,15.8,,,-1.1,,2025-10-10 12:00:00
110.0,8.0,10.0,1.9,,6.1,305.0,1009.4,,15.8,,,,,2025-10-10 12:10:00
110.0,8.0,10.0,1.9,11.0,6.1,305.0,1009.1,,15.8,,,,,2025-10-10 12:20:00
110.0,8.0,9.0,,,,,1009.1,,15.8,,,,,2025-10-10 12:30:00
120.0,7.0,9.0,1.8,,5.9,309.0,1009.1,,15.8,,,,,2025-10-10 12:40:00
120.0,7.0,9.0,1.8,11.0,5.9,309.0,1009.1,,15.8,,,,,2025-10-10 12:50:00
120.0,7.0,9.0,,,,,1009.2,,15.8,,,-0.5,,2025-10-10 13:00:00
130.0,7.0,8.0,1.8,,5.9,301.0,1009.2,,15.8,,,,,2025-10-10 13:10:00
130.0,7.0,8.0,1.8,11.0,5.9,301.0,1009.2,,15.8,,,,,2025-10-10 13:20:00
130.0,7.0,8.0,,,,,1009.1,,15.8,,,,,2025-10-10 13:30:00
130.0,6.0,8.0,,,,,1009.0,,15.8,,,,,2025-10-10 13:40:00
130.0,7.0,8.0,1.9,11.0,5.8,298.0,1009.1,,15.8,,,,,2025-10-10 13:50:00
130.0,6.0,8.0,,,,,1009.0,,15.8,,,-0.6,,2025-10-10 14:00:00
140.0,6.0,7.0,,,,,1009.0,,15.8,,,,,2025-10-10 14:10:00
150.0,6.0,8.0,1.7,11.0,6.1,306.0,1008.9,,,,,,,2025-10-10 14:20:00
150.0,6.0,7.0,,,,,1008.9,,15.7,,,,,2025-10-10 14:30:00
150.0,6.0,7.0,1.8,,6.2,305.0,1008.9,,15.7,,,,,2025-10-10 14:40:00
150.0,6.0,7.0,1.8,11.0,6.2,305.0,1009.0,,,,,,,2025-10-10 14:50:00
150.0,6.0,7.0,,,,,1009.0,,,,,-0.3,,2025-10-10 15:00:00
160.0,7.0,8.0,1.7,,6.0,315.0,1009.0,,15.7,,,,,2025-10-10 15:10:00
160.0,7.0,8.0,1.7,8.0,6.0,315.0,1009.0,,15.7,,,,,2025-10-10 15:20:00
150.0,7.0,8.0,,,,,1009.0,,15.7,,,,,2025-10-10 15:30:00
150.0,7.0,9.0,1.8,,6.4,307.0,1009.0,,,,,,,2025-10-10 15:40:00
150.0,7.0,9.0,1.8,10.0,6.4,307.0,1009.0,,15.7,,,,,2025-10-10 15:50:00
160.0,7.0,9.0,,,,,1008.9,,15.7,,,-0.3,,2025-10-10 16:00:00
160.0,7.0,9.0,,,,,1009.0,,15.7,,,,,2025-10-10 16:10:00
190.0,8.0,10.0,1.8,11.0,6.2,303.0,1009.1,,15.7,,,,,2025-10-10 16:20:00
180.0,8.0,9.0,,,,,1009.1,,15.7,,,,,2025-10-10 16:30:00
190.0,7.0,9.0,1.7,,6.1,297.0,1009.2,,15.7,,,,,2025-10-10 16:40:00
190.0,7.0,9.0,1.7,11.0,6.1,297.0,1009.2,,15.7,,,,,2025-10-10 16:50:00
190.0,5.0,6.0,,,,,1009.2,,15.7,,,-0.0,,2025-10-10 17:00:00
190.0,5.0,6.0,1.7,,6.1,312.0,1009.2,,15.7,,,,,2025-10-10 17:10:00
190.0,4.0,6.0,1.7,10.0,6.1,312.0,1009.2,,15.7,,,,,2025-10-10 17:20:00
180.0,6.0,8.0,,,,,1009.2,,15.7,,,,,2025-10-10 17:30:00
180.0,6.0,7.0,1.7,,6.5,303.0,1009.2,,15.7,,,,,2025-10-10 17:40:00
190.0,5.0,7.0,1.7,11.0,6.5,303.0,1009.2,,15.7,,,,,2025-10-10 17:50:00
180.0,5.0,6.0,,,,,1009.1,,15.7,,,0.0,,2025-10-10 18:00:00
170.0,5.0,6.0,1.8,,6.3,290.0,1009.1,,15.7,,,,,2025-10-10 18:10:00
150.0,7.0,14.0,1.8,11.0,6.3,290.0,1009.1,,,,,,,2025-10-10 18:20:00
150.0,9.0,12.0,,,,,1009.1,,,,,,,2025-10-10 18:30:00
,,,1.7,10.0,6.0,316.0,,,,,,,,2025-10-10 18:40:00
160.0,6.0,8.0,1.7,,6.0,316.0,1009.1,,,,,,,2025-10-10 18:50:00
180.0,8.0,11.0,,,,,1009.0,,,,,0.0,,2025-10-10 19:00:00
190.0,8.0,11.0,1.7,,5.8,298.0,1008.9,,15.7,,,,,2025-10-10 19:10:00
180.0,9.0,11.0,1.7,,5.8,298.0,1008.9,,,,,,,2025-10-10 19:20:00
180.0,8.0,11.0,,,,,1008.9,,15.7,,,,,2025-10-10 19:30:00
190.0,8.0,9.0,,,,,1008.9,,15.7,,,,,2025-10-10 19:40:00
180.0,7.0,9.0,2.0,11.0,5.9,293.0,1009.0,,,,,,,2025-10-10 19:50:00
180.0,7.0,8.0,,,,,1009.0,,,,,0.0,,2025-10-10 20:00:00
170.0,8.0,9.0,,,,,1009.0,,15.7,,,,,2025-10-10 20:10:00
170.0,8.0,10.0,2.0,11.0,5.9,290.0,1008.9,,,,,,,2025-10-10 20:20:00
180.0,7.0,9.0,,,,,1008.9,,15.7,,,,,2025-10-10 20:30:00
190.0,7.0,8.0,2.1,,6.2,293.0,1008.9,,15.7,,,,,2025-10-10 20:40:00
190.0,6.0,8.0,2.1,10.0,6.2,293.0,1008.9,,15.7,,,,,2025-10-10 20:50:00
190.0,6.0,7.0,,,,,1008.9,,15.7,,,0.0,,2025-10-10 21:00:00
200.0,6.0,7.0,2.1,,6.3,291.0,1008.8,,15.7,,,,,2025-10-10 21:10:00
200.0,6.0,7.0,2.1,10.0,6.3,291.0,1008.9,,15.7,,,,,2025-10-10 21:20:00
200.0,6.0,7.0,2.1,,6.4,289.0,1008.8,,15.8,,,,,2025-10-10 21:30:00
180.0,7.0,8.0,,,,,1008.9,,15.8,,,,,2025-10-10 21:40:00
180.0,6.0,7.0,2.1,11.0,6.4,289.0,1008.8,,15.8,,,,,2025-10-10 21:50:00
170.0,6.0,7.0,,,,,1008.9,,15.8,,,0.0,,2025-10-10 22:00:00
170.0,6.0,7.0,1.9,,6.2,300.0,1008.9,,15.8,,,,,2025-10-10 22:10:00
170.0,6.0,7.0,1.9,11.0,6.2,300.0,1008.8,,15.8,,,,,2025-10-10 22:20:00
170.0,7.0,8.0,,,,,1008.8,,15.8,,,,,2025-10-10 22:30:00
160.0,7.0,8.0,,,,,1008.9,,15.8,,,,,2025-10-10 22:40:00
160.0,7.0,8.0,1.8,6.0,6.2,178.0,1008.8,,15.8,,,,,2025-10-10 22:50:00
170.0,6.0,7.0,,,,,1008.7,,15.8,,,-0.3,,2025-10-10 23:00:00
160.0,5.0,7.0,2.0,,6.6,286.0,1008.7,,15.8,,,,,2025-10-10 23:10:00
170.0,5.0,6.0,2.0,10.0,6.6,286.0,1008.7,,15.8,,,,,2025-10-10 23:20:00
160.0,5.0,7.0,,,,,1008.7,,15.8,,,,,2025-10-10 23:40:00
170.0,4.0,5.0,2.0,11.0,6.7,287.0,1008.8,,15.8,,,,,2025-10-10 23:50:00
160.0,5.0,6.0,,,,,1008.8,,15.8,,,0.0,,2025-10-11 00:00:00
150.0,4.0,6.0,1.7,,6.6,292.0,1008.8,,15.8,,,,,2025-10-11 00:10:00
150.0,5.0,6.0,1.7,9.0,6.6,292.0,1008.8,,15.8,,,,,2025-10-11 00:20:00
150.0,6.0,8.0,,,,,1008.9,,15.8,,,,,2025-10-11 00:30:00
200.0,4.0,7.0,,,,,1009.0,,15.8,,,,,2025-10-11 00:40:00
190.0,3.0,6.0,1.7,11.0,6.5,284.0,1009.1,,15.8,,,,,2025-10-11 00:50:00
160.0,3.0,6.0,,,,,1009.1,,15.8,,,-0.0,,2025-10-11 01:00:00
170.0,2.0,5.0,,,,,1009.1,,15.8,,,,,2025-10-11 01:10:00
210.0,3.0,4.0,1.9,10.0,6.7,299.0,1009.2,,15.8,,,,,2025-10-11 01:20:00
190.0,2.0,3.0,,,,,1009.2,,15.8,,,,,2025-10-11 01:30:00
190.0,3.0,4.0,2.0,,6.9,291.0,1009.2,,15.8,,,,,2025-10-11 01:40:00
160.0,3.0,5.0,2.0,10.0,6.9,291.0,1009.2,,15.8,,,,,2025-10-11 01:50:00
170.0,4.0,5.0,,,,,1009.3,,15.8,,,0.6,,2025-10-11 02:00:00
170.0,4.0,5.0,2.1,,6.9,302.0,1009.4,,15.8,,,,,2025-10-11 02:10:00
190.0,4.0,5.0,2.1,10.0,6.9,302.0,1009.5,,,,,,,2025-10-11 02:20:00
190.0,4.0,5.0,,,,,1009.6,,15.7,,,,,2025-10-11 02:30:00
190.0,4.0,5.0,,,,,1009.6,,15.7,,,,,2025-10-11 02:40:00
190.0,4.0,6.0,2.0,10.0,7.1,295.0,1009.5,,15.7,,,,,2025-10-11 02:50:00
190.0,5.0,6.0,,,,,1009.5,,15.7,,,0.7,,2025-10-11 03:00:00
190.0,4.0,5.0,2.0,,7.0,286.0,1009.5,,15.7,,,,,2025-10-11 03:10:00
200.0,4.0,5.0,2.0,11.0,7.0,286.0,1009.4,,15.7,,,,,2025-10-11 03:20:00
200.0,5.0,6.0,,,,,1009.4,,15.7,,,,,2025-10-11 03:30:00
210.0,5.0,6.0,1.8,,6.9,300.0,1009.3,,15.7,,,,,2025-10-11 03:40:00
200.0,5.0,6.0,1.8,10.0,6.9,300.0,1009.4,,15.7,,,,,2025-10-11 03:50:00
220.0,5.0,6.0,,,,,1009.5,,15.7,,,0.4,,2025-10-11 04:00:00
230.0,5.0,6.0,,,,,1009.6,,15.7,,,,,2025-10-11 04:10:00
240.0,4.0,5.0,1.9,10.0,7.0,296.0,1009.6,,15.7,,,,,2025-10-11 04:20:00
250.0,4.0,5.0,,,,,1009.8,,15.7,,,,,2025-10-11 04:30:00
250.0,4.0,5.0,,,,,1009.9,,15.7,,,,,2025-10-11 04:40:00
260.0,4.0,5.0,2.0,10.0,7.1,305.0,1009.9,,15.7,,,,,2025-10-11 04:50:00
260.0,4.0,5.0,,,,,1009.9,,15.7,,,0.6,,2025-10-11 05:00:00
250.0,5.0,7.0,2.0,,7.4,298.0,1010.0,,15.7,,,,,2025-10-11 05:10:00
250.0,4.0,6.0,2.0,10.0,7.4,298.0,1010.0,,15.7,,,,,2025-10-11 05:20:00
240.0,3.0,3.0,,,,,1009.9,,15.7,,,,,2025-10-11 05:30:00
240.0,2.0,3.0,,,,,1009.8,,15.7,,,,,2025-10-11 05:40:00
250.0,3.0,4.0,1.9,10.0,7.4,307.0,1009.8,,15.6,,,,,2025-10-11 05:50:00
240.0,3.0,5.0,,,,,1009.7,,15.6,,,0.0,,2025-10-11 06:00:00
230.0,4.0,5.0,,,,,1009.8,,15.6,,,,,2025-10-11 06:10:00
230.0,4.0,5.0,1.8,9.0,7.3,315.0,1009.9,,15.6,,,,,2025-10-11 06:20:00
240.0,4.0,5.0,,,,,1010.0,,15.6,,,,,2025-10-11 06:30:00
240.0,4.0,5.0,,,,,1010.0,,15.6,,,,,2025-10-11 06:40:00
230.0,3.0,4.0,1.8,10.0,7.2,310.0,1010.0,,15.6,,,,,2025-10-11 06:50:00
240.0,2.0,4.0,,,,,1010.0,,15.7,,,0.5,,2025-10-11 07:00:00
270.0,4.0,5.0,1.8,,7.4,309.0,1010.1,,15.7,,,,,2025-10-11 07:10:00
270.0,4.0,5.0,1.8,9.0,7.4,309.0,1010.0,,15.7,,,,,2025-10-11 07:20:00
260.0,3.0,4.0,,,,,1010.0,,15.7,,,,,2025-10-11 07:30:00
270.0,3.0,4.0,,,,,1010.0,,15.7,,,,,2025-10-11 07:40:00
280.0,3.0,4.0,2.1,10.0,7.6,304.0,1010.0,,15.7,,,,,2025-10-11 07:50:00
290.0,3.0,4.0,,,,,1010.0,,15.7,,,0.0,,2025-10-11 08:00:00
290.0,3.0,4.0,,,,,1009.9,,15.7,,,,,2025-10-11 08:10:00
290.0,3.0,4.0,1.9,10.0,7.5,305.0,1009.9,,15.7,,,,,2025-10-11 08:20:00
300.0,3.0,4.0,,,,,1009.8,,15.7,,,,,2025-10-11 08:30:00
300.0,3.0,4.0,,,,,1009.9,,15.7,,,,,2025-10-11 08:40:00
300.0,3.0,4.0,1.8,9.0,7.5,309.0,1009.8,,15.7,,,,,2025-10-11 08:50:00
300.0,3.0,4.0,,,,,1009.7,,15.7,,,0.0,,2025-10-11 09:00:00
290.0,3.0,5.0,1.9,,7.4,305.0,1009.9,,15.7,,,,,2025-10-11 09:10:00
300.0,4.0,5.0,1.9,10.0,7.4,305.0,1010.0,,15.7,,,,,2025-10-11 09:20:00
290.0,4.0,5.0,,,,,1010.0,,15.7,,,,,2025-10-11 09:30:00
310.0,4.0,6.0,1.9,,7.3,314.0,1009.9,,15.7,,,,,2025-10-11 09:40:00
310.0,5.0,6.0,1.9,8.0,7.3,314.0,1010.0,,15.7,,,,,2025-10-11 09:50:00
300.0,5.0,6.0,,,,,1010.0,,15.7,,,-0.0,,2025-10-11 10:00:00
310.0,5.0,6.0,1.9,,7.5,296.0,1010.0,,15.7,,,,,2025-10-11 10:10:00
310.0,5.0,6.0,1.9,14.0,7.5,296.0,1010.0,,15.7,,,,,2025-10-11 10:20:00
310.0,5.0,6.0,,,,,1010.0,,15.7,,,,,2025-10-11 10:30:00
310.0,5.0,7.0,,,,,1010.0,,15.7,,,,,2025-10-11 10:40:00
310.0,5.0,7.0,2.0,13.0,7.9,298.0,1010.1,,15.7,,,,,2025-10-11 10:50:00
310.0,5.0,6.0,,,,,1010.1,,15.7,,,-0.0,,2025-10-11 11:00:00
300.0,5.0,6.0,1.8,,7.3,298.0,1010.3,,15.7,,,,,2025-10-11 11:10:00
290.0,5.0,6.0,1.8,14.0,7.3,298.0,1010.3,,15.7,,,,,2025-10-11 11:20:00
290.0,5.0,6.0,,,,,1010.4,,15.7,,,,,2025-10-11 11:30:00
280.0,4.0,5.0,,,,,1010.4,,15.7,,,,,2025-10-11 11:40:00
280.0,5.0,6.0,1.8,10.0,7.3,294.0,1010.3,,15.7,,,,,2025-10-11 11:50:00
280.0,4.0,5.0,,,,,1010.4,,15.7,,,0.7,,2025-10-11 12:00:00
,,,1.9,9.0,7.2,303.0,,,,,,,,2025-10-11 12:10:00
300.0,4.0,5.0,1.9,,7.2,303.0,1010.4,,15.7,,,,,2025-10-11 12:20:00
300.0,4.0,5.0,,,,,1010.4,,15.7,,,,,2025-10-11 12:30:00
290.0,4.0,5.0,1.9,,7.7,306.0,1010.5,,15.7,,,,,2025-10-11 12:40:00
290.0,4.0,5.0,1.9,10.0,7.7,306.0,1010.5,,15.7,,,,,2025-10-11 12:50:00
300.0,5.0,6.0,,,,,1010.6,,15.7,,,0.6,,2025-10-11 13:00:00
320.0,5.0,6.0,1.9,,7.6,305.0,1010.7,,15.7,,,,,2025-10-11 13:10:00
320.0,5.0,7.0,1.9,10.0,7.6,305.0,1010.7,,15.7,,,,,2025-10-11 13:20:00
320.0,5.0,6.0,,,,,1010.7,,15.7,,,,,2025-10-11 13:30:00
330.0,5.0,6.0,,,,,1010.8,,15.7,,,,,2025-10-11 13:40:00
330.0,5.0,6.0,1.8,10.0,7.7,304.0,1010.9,,15.7,,,,,2025-10-11 13:50:00
340.0,5.0,6.0,,,,,1011.1,,,,,1.0,,2025-10-11 14:00:00
340.0,5.0,6.0,2.1,,8.1,307.0,1011.1,,15.7,,,,,2025-10-11 14:10:00
340.0,5.0,6.0,2.1,10.0,8.1,307.0,1011.3,,15.7,,,,,2025-10-11 14:20:00
340.0,4.0,5.0,,,,,1011.3,,15.7,,,,,2025-10-11 14:30:00
340.0,4.0,5.0,2.1,,8.0,300.0,1011.4,,15.7,,,,,2025-10-11 14:40:00
340.0,4.0,5.0,2.1,9.0,8.0,300.0,1011.5,,15.7,,,,,2025-10-11 14:50:00
340.0,5.0,6.0,,,,,1011.6,,15.7,,,1.2,,2025-10-11 15:00:00
350.0,5.0,6.0,1.9,,7.9,294.0,1011.7,,15.7,,,,,2025-10-11 15:10:00
340.0,4.0,5.0,1.9,13.0,7.9,294.0,1011.8,,15.7,,,,,2025-10-11 15:20:00
340.0,3.0,4.0,,,,,1011.9,,15.7,,,,,2025-10-11 15:30:00
340.0,4.0,4.0,1.8,,7.9,299.0,1012.0,,15.7,,,,,2025-10-11 15:40:00
330.0,4.0,5.0,1.8,13.0,7.9,299.0,1012.2,,15.7,,,,,2025-10-11 15:50:00
330.0,4.0,5.0,,,,,1012.3,,15.7,,,1.7,,2025-10-11 16:00:00
320.0,4.0,5.0,2.1,,8.1,305.0,1012.4,,15.7,,,,,2025-10-11 16:10:00
330.0,4.0,5.0,2.1,12.0,8.1,305.0,1012.5,,15.7,,,,,2025-10-11 16:20:00
330.0,4.0,6.0,,,,,1012.7,,15.7,,,,,2025-10-11 16:30:00
330.0,6.0,7.0,1.8,,7.8,305.0,1012.9,,15.7,,,,,2025-10-11 16:40:00
350.0,5.0,6.0,1.8,10.0,7.8,305.0,1013.0,,15.6,,,,,2025-10-11 16:50:00
350.0,4.0,5.0,,,,,1013.0,,15.6,,,1.9,,2025-10-11 17:00:00
340.0,4.0,6.0,2.0,,7.9,307.0,1013.1,,15.6,,,,,2025-10-11 17:10:00
330.0,4.0,5.0,2.0,12.0,7.9,307.0,1013.3,,15.6,,,,,2025-10-11 17:20:00
330.0,8.0,10.0,,,,,1013.4,,15.6,,,,,2025-10-11 17:30:00
330.0,7.0,9.0,2.1,,8.0,321.0,1013.5,,15.6,,,,,2025-10-11 17:40:00
330.0,7.0,9.0,2.1,13.0,8.0,321.0,1013.6,,15.6,,,,,2025-10-11 17:50:00
340.0,8.0,10.0,,,,,1013.7,,15.6,,,2.1,,2025-10-11 18:00:00
350.0,7.0,8.0,2.2,,7.6,300.0,1013.7,,15.6,,,,,2025-10-11 18:10:00
350.0,8.0,11.0,2.2,12.0,7.6,300.0,1014.0,,15.6,,,,,2025-10-11 18:20:00
350.0,10.0,13.0,,,,,1014.0,,15.6,,,,,2025-10-11 18:30:00
350.0,10.0,12.0,,,,,1014.1,,15.6,,,,,2025-10-11 18:40:00
350.0,10.0,12.0,2.1,9.0,6.9,294.0,1014.3,,15.6,,,,,2025-10-11 18:50:00
350.0,10.0,12.0,,,,,1014.3,,15.6,,,2.0,,2025-10-11 19:00:00
360.0,9.0,11.0,,,,,1014.4,,15.6,,,,,2025-10-11 19:10:00
350.0,10.0,13.0,2.3,10.0,7.1,308.0,1014.5,,,,,,,2025-10-11 19:20:00
350.0,9.0,12.0,,,,,1014.6,,15.6,,,,,2025-10-11 19:30:00
340.0,10.0,12.0,,,,,1014.7,,15.6,,,,,2025-10-11 19:40:00
340.0,10.0,13.0,2.3,12.0,6.8,289.0,1014.6,,15.6,,,,,2025-10-11 19:50:00
340.0,11.0,13.0,,,,,1014.7,,15.6,,,1.7,,2025-10-11 20:00:00
340.0,11.0,13.0,2.4,,6.6,306.0,1014.8,,15.6,,,,,2025-10-11 20:10:00
330.0,10.0,12.0,2.4,10.0,6.6,306.0,1014.9,,15.6,,,,,2025-10-11 20:20:00
340.0,10.0,12.0,,,,,1014.8,,15.7,,,,,2025-10-11 20:30:00
330.0,10.0,12.0,,,,,1014.8,,15.7,,,,,2025-10-11 20:40:00
330.0,11.0,13.0,2.6,9.0,6.7,297.0,1014.7,,15.7,,,,,2025-10-11 20:50:00
330.0,10.0,13.0,,,,,1014.7,,15.7,,,1.0,,2025-10-11 21:00:00
330.0,10.0,13.0,2.8,,6.6,302.0,1014.8,,15.7,,,,,2025-10-11 21:10:00
330.0,11.0,13.0,2.8,8.0,6.6,302.0,1014.9,,15.7,,,,,2025-10-11 21:20:00
330.0,11.0,13.0,,,,,1014.8,,15.7,,,,,2025-10-11 21:30:00
330.0,10.0,12.0,2.9,,6.7,309.0,1014.8,,15.7,,,,,2025-10-11 21:40:00
330.0,9.0,12.0,2.9,9.0,6.7,309.0,1014.9,,15.7,,,,,2025-10-11 21:50:00
330.0,10.0,12.0,,,,,1015.0,,15.7,,,0.7,,2025-10-11 22:00:00
330.0,11.0,13.0,3.0,,6.6,305.0,1015.1,,15.7,,,,,2025-10-11 22:10:00
330.0,10.0,13.0,3.0,8.0,6.6,305.0,1015.0,,15.6,,,,,2025-10-11 22:20:00
320.0,9.0,11.0,,,,,1015.1,,15.6,,,,,2025-10-11 22:30:00
310.0,8.0,11.0,,,,,1015.1,,15.6,,,,,2025-10-11 22:40:00
320.0,10.0,12.0,2.9,9.0,6.8,307.0,1015.2,,15.6,,,,,2025-10-11 22:50:00
320.0,10.0,12.0,,,,,1015.2,,15.6,,,0.5,,2025-10-11 23:00:00
320.0,10.0,12.0,3.2,,7.1,303.0,1015.2,,15.6,,,,,2025-10-11 23:10:00
320.0,10.0,12.0,3.2,9.0,7.1,303.0,1015.3,,15.6,,,,,2025-10-11 23:20:00
320.0,10.0,12.0,,,,,1015.4,,15.6,,,,,2025-10-11 23:40:00
320.0,10.0,12.0,2.9,8.0,6.5,302.0,1015.4,,15.6,,,,,2025-10-11 23:50:00
320.0,11.0,12.0,,,,,1015.4,,15.6,,,0.7,,2025-10-12 00:00:00
320.0,10.0,12.0,,,,,1015.4,,15.6,,,,,2025-10-12 00:10:00
320.0,11.0,13.0,3.4,10.0,7.2,311.0,1015.5,,15.6,,,,,2025-10-12 00:20:00
320.0,10.0,12.0,,,,,1015.6,,15.5,,,,,2025-10-12 00:30:00
320.0,10.0,13.0,,,,,1015.7,,15.5,,,,,2025-10-12 00:40:00
320.0,11.0,13.0,3.3,9.0,7.1,312.0,1015.8,,15.5,,,,,2025-10-12 00:50:00
320.0,11.0,13.0,,,,,1015.8,,15.5,,,0.8,,2025-10-12 01:00:00
320.0,11.0,13.0,3.4,,6.9,314.0,1015.8,,15.5,,,,,2025-10-12 01:10:00
320.0,10.0,13.0,3.4,8.0,6.9,314.0,1015.8,,15.5,,,,,2025-10-12 01:20:00
330.0,10.0,12.0,,,,,1015.9,,15.5,,,,,2025-10-12 01:30:00
320.0,11.0,13.0,,,,,1015.9,,15.5,,,,,2025-10-12 01:40:00
320.0,10.0,12.0,3.4,10.0,7.1,312.0,1015.9,,15.5,,,,,2025-10-12 01:50:00
320.0,10.0,12.0,,,,,1016.0,,15.5,,,0.8,,2025-10-12 02:00:00
320.0,10.0,12.0,3.6,,7.3,319.0,1016.1,,15.5,,,,,2025-10-12 02:10:00
320.0,10.0,13.0,3.6,9.0,7.3,319.0,1016.2,,15.5,,,,,2025-10-12 02:20:00
310.0,10.0,12.0,,,,,1016.3,,15.5,,,,,2025-10-12 02:30:00
320.0,9.0,11.0,3.7,,7.1,320.0,1016.3,,15.5,,,,,2025-10-12 02:40:00
320.0,9.0,12.0,3.7,11.0,7.1,320.0,1016.4,,15.5,,,,,2025-10-12 02:50:00
320.0,10.0,13.0,,,,,1016.3,,15.5,,,0.9,,2025-10-12 03:00:00
310.0,11.0,13.0,3.6,,7.1,314.0,1016.4,,15.5,,,,,2025-10-12 03:10:00
310.0,11.0,13.0,3.6,10.0,7.1,314.0,1016.5,,15.5,,,,,2025-10-12 03:20:00
310.0,10.0,13.0,,,,,1016.5,,15.5,,,,,2025-10-12 03:30:00
320.0,11.0,13.0,4.3,,7.7,322.0,1016.5,,15.5,,,,,2025-10-12 03:40:00
320.0,11.0,14.0,4.3,11.0,7.7,322.0,1016.6,,15.5,,,,,2025-10-12 03:50:00
310.0,10.0,13.0,,,,,1016.6,,15.5,,,0.8,,2025-10-12 04:00:00
320.0,11.0,13.0,4.3,,7.6,316.0,1016.6,,15.5,,,,,2025-10-12 04:10:00
310.0,11.0,14.0,4.3,11.0,7.6,316.0,1016.7,,15.6,,,,,2025-10-12 04:20:00
310.0,10.0,12.0,,,,,1016.8,,15.6,,,,,2025-10-12 04:30:00
310.0,10.0,13.0,,,,,1016.8,,15.6,,,,,2025-10-12 04:40:00
320.0,10.0,13.0,4.4,11.0,7.8,322.0,1016.9,,15.6,,,,,2025-10-12 04:50:00
320.0,10.0,13.0,,,,,1016.9,,15.6,,,0.9,,2025-10-12 05:00:00
310.0,10.0,13.0,4.5,,7.9,325.0,1016.7,,15.5,,,,,2025-10-12 05:10:00
310.0,11.0,13.0,4.5,11.0,7.9,325.0,1016.7,,15.5,,,,,2025-10-12 05:20:00
310.0,11.0,14.0,,,,,1016.7,,15.5,,,,,2025-10-12 05:30:00
310.0,11.0,13.0,,,,,1016.8,,15.5,,,,,2025-10-12 05:40:00
310.0,11.0,14.0,3.8,10.0,7.4,312.0,1016.7,,15.5,,,,,2025-10-12 05:50:00
320.0,11.0,13.0,,,,,1016.8,,15.5,,,0.5,,2025-10-12 06:00:00
320.0,10.0,13.0,,,,,1016.7,,15.5,,,,,2025-10-12 06:10:00
320.0,10.0,13.0,4.5,11.0,8.2,318.0,1016.6,,15.5,,,,,2025-10-12 06:20:00
320.0,10.0,12.0,,,,,1016.7,,15.5,,,,,2025-10-12 06:30:00
310.0,9.0,12.0,,,,,1016.8,,15.4,,,,,2025-10-12 06:40:00
300.0,10.0,13.0,4.4,11.0,7.9,317.0,1016.8,,15.4,,,,,2025-10-12 06:50:00
300.0,11.0,13.0,,,,,1016.8,,15.4,,,0.0,,2025-10-12 07:00:00
300.0,10.0,13.0,3.9,,7.7,318.0,1016.8,,15.4,,,,,2025-10-12 07:10:00
300.0,11.0,14.0,3.9,11.0,7.7,318.0,1016.8,,15.4,,,,,2025-10-12 07:20:00
300.0,10.0,12.0,,,,,1016.8,,15.4,,,,,2025-10-12 07:30:00
310.0,11.0,13.0,,,,,1016.8,,15.4,,,,,2025-10-12 07:40:00
310.0,11.0,14.0,4.0,10.0,7.5,312.0,1016.8,,15.4,,,,,2025-10-12 07:50:00
310.0,10.0,13.0,,,,,1016.7,,15.4,,,0.0,,2025-10-12 08:00:00
310.0,10.0,13.0,,,,,1016.6,,15.4,,,,,2025-10-12 08:10:00
320.0,10.0,13.0,3.8,11.0,7.7,322.0,1016.7,,15.4,,,,,2025-10-12 08:20:00
310.0,9.0,14.0,,,,,1016.7,,15.4,,,,,2025-10-12 08:30:00
320.0,9.0,11.0,,,,,1016.7,,15.4,,,,,2025-10-12 08:40:00
320.0,9.0,11.0,4.1,11.0,7.9,332.0,1016.7,,15.4,,,,,2025-10-12 08:50:00
310.0,8.0,11.0,,,,,1016.6,,15.4,,,0.0,,2025-10-12 09:00:00
300.0,9.0,12.0,,,,,1016.6,,15.4,,,,,2025-10-12 09:10:00
300.0,8.0,10.0,3.6,11.0,7.6,317.0,1016.5,,15.4,,,,,2025-10-12 09:20:00
300.0,10.0,12.0,,,,,1016.5,,15.4,,,,,2025-10-12 09:30:00
310.0,10.0,12.0,,,,,1016.4,,15.4,,,,,2025-10-12 09:40:00
310.0,10.0,12.0,3.5,10.0,7.5,318.0,1016.4,,15.4,,,,,2025-10-12 09:50:00
310.0,10.0,12.0,,,,,1016.4,,15.4,,,-0.4,,2025-10-12 10:00:00
300.0,10.0,12.0,4.0,,7.6,310.0,1016.3,,15.4,,,,,2025-10-12 10:10:00
300.0,9.0,12.0,4.0,10.0,7.6,310.0,1016.2,,15.5,,,,,2025-10-12 10:20:00
310.0,10.0,12.0,,,,,1016.2,,15.4,,,,,2025-10-12 10:30:00
310.0,9.0,11.0,,,,,1016.1,,15.4,,,,,2025-10-12 10:40:00
300.0,9.0,11.0,4.1,9.0,7.8,312.0,1016.0,,15.4,,,,,2025-10-12 10:50:00
300.0,9.0,12.0,,,,,1015.7,,15.4,,,-1.0,,2025-10-12 11:00:00
310.0,9.0,11.0,3.8,,7.7,310.0,1015.7,,15.4,,,,,2025-10-12 11:10:00
300.0,9.0,11.0,3.8,10.0,7.7,310.0,1015.6,,15.4,,,,,2025-10-12 11:20:00
310.0,9.0,11.0,,,,,1015.6,,15.4,,,,,2025-10-12 11:30:00
300.0,9.0,11.0,,,,,1015.4,,15.4,,,,,2025-10-12 11:40:00
310.0,9.0,11.0,3.7,11.0,7.5,326.0,1015.3,,15.4,,,,,2025-10-12 11:50:00
310.0,9.0,12.0,,,,,1015.4,,15.4,,,-1.2,,2025-10-12 12:00:00
300.0,9.0,12.0,3.8,,7.7,325.0,1015.3,,15.4,,,,,2025-10-12 12:10:00
310.0,7.0,9.0,3.8,11.0,7.7,325.0,1015.2,,15.4,,,,,2025-10-12 12:20:00
300.0,7.0,8.0,,,,,1015.2,,15.4,,,,,2025-10-12 12:30:00
300.0,7.0,11.0,4.0,,8.1,317.0,1015.2,,15.4,,,,,2025-10-12 12:40:00
310.0,8.0,11.0,4.0,11.0,8.1,317.0,1015.2,,15.4,,,,,2025-10-12 12:50:00
310.0,8.0,10.0,,,,,1015.2,,15.4,,,-1.2,,2025-10-12 13:00:00
310.0,8.0,10.0,3.9,,7.9,322.0,1015.1,,15.4,,,,,2025-10-12 13:10:00
300.0,7.0,9.0,3.9,11.0,7.9,322.0,1015.1,,15.4,,,,,2025-10-12 13:20:00
310.0,8.0,10.0,,,,,1015.0,,15.4,,,,,2025-10-12 13:30:00
310.0,8.0,10.0,,,,,1014.9,,15.4,,,,,2025-10-12 13:40:00
300.0,7.0,10.0,3.9,11.0,7.8,320.0,1014.9,,15.4,,,,,2025-10-12 13:50:00
300.0,7.0,9.0,,,,,1014.8,,15.4,,,-0.9,,2025-10-12 14:00:00
290.0,7.0,10.0,3.6,,7.9,309.0,1014.7,,15.4,,,,,2025-10-12 14:10:00
290.0,8.0,9.0,3.6,11.0,7.9,309.0,1014.7,,15.4,,,,,2025-10-12 14:20:00
300.0,8.0,10.0,,,,,1014.6,,15.4,,,,,2025-10-12 14:30:00
300.0,7.0,9.0,,,,,1014.4,,,,,,,2025-10-12 14:40:00
290.0,7.0,9.0,3.5,11.0,7.5,324.0,1014.4,,15.4,,,,,2025-10-12 14:50:00
290.0,7.0,9.0,,,,,1014.4,,15.4,,,-1.0,,2025-10-12 15:00:00
300.0,8.0,9.0,3.8,,7.7,316.0,1014.3,,15.4,,,,,2025-10-12 15:10:00
290.0,7.0,9.0,3.8,10.0,7.7,316.0,1014.2,,15.4,,,,,2025-10-12 15:20:00
290.0,7.0,9.0,,,,,1014.2,,15.4,,,,,2025-10-12 15:30:00
290.0,7.0,9.0,,,,,1014.1,,15.4,,,,,2025-10-12 15:40:00
290.0,8.0,9.0,3.4,11.0,7.4,318.0,1014.0,,15.4,,,,,2025-10-12 15:50:00
290.0,7.0,9.0,,,,,1014.0,,15.4,,,-1.2,,2025-10-12 16:00:00
300.0,8.0,11.0,,,,,1013.9,,15.4,,,,,2025-10-12 16:10:00
300.0,10.0,13.0,3.4,11.0,7.4,314.0,1013.9,,15.4,,,,,2025-10-12 16:20:00
300.0,9.0,12.0,,,,,1013.9,,15.4,,,,,2025-10-12 16:30:00
300.0,8.0,11.0,,,,,1013.8,,15.4,,,,,2025-10-12 16:40:00
300.0,7.0,10.0,3.5,11.0,7.4,315.0,1013.7,,15.4,,,,,2025-10-12 16:50:00
330.0,8.0,12.0,,,,,1013.6,,15.4,,,-1.2,,2025-10-12 17:00:00
330.0,9.0,12.0,3.0,,6.9,322.0,1013.5,,15.4,,,,,2025-10-12 17:10:00
320.0,10.0,11.0,3.0,11.0,6.9,322.0,1013.4,,15.4,,,,,2025-10-12 17:20:00
310.0,10.0,13.0,,,,,1013.4,,15.3,,,,,2025-10-12 17:30:00
310.0,10.0,11.0,3.3,,7.3,315.0,1013.2,,15.3,,,,,2025-10-12 17:40:00
300.0,9.0,11.0,3.3,10.0,7.3,315.0,1013.2,,,,,,,2025-10-12 17:50:00
300.0,8.0,11.0,,,,,1013.2,,15.3,,,-1.2,,2025-10-12 18:00:00
290.0,7.0,9.0,,,,,1013.1,,15.3,,,,,2025-10-12 18:10:00
290.0,9.0,11.0,,,,,1013.1,,15.3,,,,,2025-10-12 18:20:00
310.0,9.0,11.0,,,,,1013.0,,15.3,,,,,2025-10-12 18:30:00
310.0,9.0,11.0,,,,,1012.9,,15.2,,,,,2025-10-12 18:40:00
320.0,10.0,13.0,3.1,10.0,7.1,319.0,1012.9,,15.2,,,,,2025-10-12 18:50:00
320.0,9.0,12.0,,,,,1012.7,,15.2,,,-1.3,,2025-10-12 19:00:00
320.0,11.0,13.0,3.2,,6.9,323.0,1012.7,,15.2,,,,,2025-10-12 19:10:00
330.0,10.0,12.0,3.2,10.0,6.9,323.0,1012.5,,15.2,,,,,2025-10-12 19:20:00
320.0,10.0,13.0,,,,,1012.5,,15.2,,,,,2025-10-12 19:30:00
310.0,9.0,10.0,,,,,1012.4,,15.2,,,,,2025-10-12 19:40:00
310.0,8.0,10.0,3.3,10.0,7.0,321.0,1012.3,,15.2,,,,,2025-10-12 19:50:00
330.0,9.0,12.0,,,,,1012.3,,15.1,,,-1.3,,2025-10-12 20:00:00
320.0,7.0,10.0,3.0,,6.7,323.0,1012.1,,15.2,,,,,2025-10-12 20:10:00
330.0,10.0,13.0,3.0,10.0,6.7,323.0,1012.0,,15.2,,,,,2025-10-12 20:20:00
320.0,10.0,15.0,,,,,1011.9,,15.2,,,,,2025-10-12 20:30:00
310.0,8.0,10.0,3.2,,6.9,322.0,1011.7,,15.2,,,,,2025-10-12 20:40:00
310.0,8.0,11.0,3.2,10.0,6.9,322.0,1011.5,,15.2,,,,,2025-10-12 20:50:00
310.0,7.0,9.0,,,,,1011.4,,15.2,,,-1.8,,2025-10-12 21:00:00
310.0,10.0,15.0,3.2,,7.2,315.0,1011.4,,15.1,,,,,2025-10-12 21:10:00
320.0,10.0,13.0,3.2,10.0,7.2,315.0,1011.5,,15.1,,,,,2025-10-12 21:20:00
330.0,10.0,13.0,,,,,1011.3,,15.1,,,,,2025-10-12 21:30:00
320.0,10.0,12.0,,,,,1011.1,,15.1,,,,,2025-10-12 21:40:00
320.0,9.0,12.0,3.2,10.0,6.9,314.0,1011.0,,15.1,,,,,2025-10-12 21:50:00
320.0,9.0,11.0,2.9,,6.6,316.0,1010.8,,15.1,,,-1.9,,2025-10-12 22:00:00
320.0,9.0,11.0,,,,,1010.7,,15.1,,,,,2025-10-12 22:10:00
320.0,9.0,11.0,2.9,10.0,6.6,316.0,1010.6,,15.1,,,,,2025-10-12 22:20:00
320.0,10.0,13.0,,,,,1010.4,,15.1,,,,,2025-10-12 22:30:00
320.0,11.0,14.0,,,,,1010.3,,15.0,,,,,2025-10-12 22:40:00
330.0,11.0,14.0,3.1,10.0,6.9,320.0,1010.1,,15.0,,,,,2025-10-12 22:50:00
330.0,10.0,13.0,,,,,1009.9,,15.0,,,-2.4,,2025-10-12 23:00:00
330.0,10.0,12.0,,,,,1009.7,,15.0,,,,,2025-10-12 23:10:00
330.0,10.0,12.0,3.3,11.0,6.9,322.0,1009.7,,15.0,,,,,2025-10-12 23:20:00
330.0,10.0,12.0,,,,,1009.5,,15.0,,,,,2025-10-12 23:30:00
320.0,9.0,12.0,,,,,1009.4,,,,,,,2025-10-12 23:40:00
320.0,10.0,12.0,3.1,11.0,6.8,327.0,1009.4,,15.0,,,,,2025-10-12 23:50:00
330.0,10.0,13.0,,,,,1009.1,,15.0,,,-2.3,,2025-10-13 00:00:00
330.0,10.0,12.0,3.0,,6.7,325.0,1008.9,,15.0,,,,,2025-10-13 00:10:00
330.0,10.0,13.0,3.0,11.0,6.7,325.0,1008.8,,15.0,,,,,2025-10-13 00:20:00
330.0,10.0,12.0,,,,,1008.7,,15.0,,,,,2025-10-13 00:30:00
330.0,9.0,12.0,3.3,,7.0,330.0,1008.6,,15.0,,,,,2025-10-13 00:40:00
330.0,10.0,12.0,3.3,11.0,7.0,330.0,1008.5,,15.0,,,,,2025-10-13 00:50:00
320.0,10.0,13.0,,,,,1008.4,,15.0,,,-2.4,,2025-10-13 01:00:00
320.0,10.0,13.0,3.3,,7.1,324.0,1008.3,,15.0,,,,,2025-10-13 01:10:00
320.0,10.0,13.0,3.3,10.0,7.1,324.0,1008.1,,15.0,,,,,2025-10-13 01:20:00
330.0,10.0,12.0,,,,,1008.1,,15.0,,,,,2025-10-13 01:30:00
330.0,10.0,12.0,,,,,1008.1,,14.9,,,,,2025-10-13 01:40:00
330.0,10.0,12.0,3.0,10.0,6.8,323.0,1007.9,,15.0,,,,,2025-10-13 01:50:00
320.0,10.0,12.0,,,,,1007.8,,14.9,,,-2.1,,2025-10-13 02:00:00
320.0,10.0,12.0,,,,,1007.8,,14.9,,,,,2025-10-13 02:10:00
320.0,9.0,12.0,3.3,10.0,7.0,323.0,1007.6,,14.9,,,,,2025-10-13 02:20:00
320.0,10.0,12.0,,,,,1007.4,,14.9,,,,,2025-10-13 02:30:00
320.0,10.0,12.0,,,,,1007.2,,14.9,,,,,2025-10-13 02:40:00
320.0,10.0,13.0,3.1,10.0,7.0,330.0,1007.3,,14.9,,,,,2025-10-13 02:50:00
330.0,9.0,15.0,,,,,1007.2,,14.9,,,-1.9,,2025-10-13 03:00:00
330.0,10.0,12.0,,,,,1007.1,,14.9,,,,,2025-10-13 03:10:00
330.0,10.0,13.0,3.6,10.0,7.4,329.0,1007.0,,14.9,,,,,2025-10-13 03:20:00
340.0,10.0,12.0,,,,,1006.9,,14.9,,,,,2025-10-13 03:30:00
340.0,10.0,13.0,3.4,,7.2,333.0,1006.8,,14.9,,,,,2025-10-13 03:40:00
330.0,10.0,12.0,3.4,10.0,7.2,333.0,1006.7,,14.9,,,,,2025-10-13 03:50:00
330.0,10.0,12.0,,,,,1006.6,,14.9,,,-1.8,,2025-10-13 04:00:00
340.0,10.0,13.0,3.4,,7.1,317.0,1006.6,,14.9,,,,,2025-10-13 04:10:00
330.0,10.0,13.0,3.4,10.0,7.1,317.0,1006.5,,14.9,,,,,2025-10-13 04:20:00
330.0,10.0,13.0,,,,,1006.5,,14.9,,,,,2025-10-13 04:30:00
330.0,11.0,14.0,,,,,1006.5,,14.9,,,,,2025-10-13 04:40:00
340.0,12.0,15.0,3.6,10.0,7.2,332.0,1006.5,,14.9,,,,,2025-10-13 04:50:00
330.0,11.0,14.0,,,,,1006.4,,14.9,,,-1.4,,2025-10-13 05:00:00
330.0,11.0,14.0,3.5,,7.0,328.0,1006.5,,14.9,,,,,2025-10-13 05:10:00
330.0,11.0,14.0,3.5,10.0,7.0,328.0,1006.5,,14.9,,,,,2025-10-13 05:20:00
320.0,7.0,14.0,,,,,1006.5,,14.9,,,,,2025-10-13 05:30:00
350.0,6.0,11.0,,,,,1006.3,,14.9,,,,,2025-10-13 05:40:00
360.0,10.0,13.0,3.5,10.0,7.1,322.0,1006.3,,14.9,,,,,2025-10-13 05:50:00
360.0,10.0,12.0,,,,,1006.3,,14.9,,,-0.9,,2025-10-13 06:00:00
350.0,10.0,13.0,,,,,1006.3,,14.9,,,,,2025-10-13 06:10:00
350.0,11.0,13.0,3.5,10.0,7.0,318.0,1006.3,,14.9,,,,,2025-10-13 06:20:00
350.0,10.0,13.0,,,,,1006.3,,14.9,,,,,2025-10-13 06:30:00
350.0,10.0,12.0,3.6,,7.1,325.0,1006.3,,14.9,,,,,2025-10-13 06:40:00
360.0,10.0,13.0,3.6,10.0,7.1,325.0,1006.2,,14.9,,,,,2025-10-13 06:50:00
360.0,11.0,13.0,,,,,1006.1,,14.9,,,-0.5,,2025-10-13 07:00:00
10.0,11.0,13.0,,,,,1006.1,,14.9,,,,,2025-10-13 07:10:00
360.0,11.0,13.0,3.5,10.0,7.2,330.0,1006.0,,14.9,,,,,2025-10-13 07:20:00
360.0,11.0,14.0,,,,,1005.9,,14.9,,,,,2025-10-13 07:30:00
10.0,11.0,14.0,3.5,,7.1,328.0,1005.9,,14.9,,,,,2025-10-13 07:40:00
10.0,11.0,14.0,3.5,10.0,7.1,328.0,1005.9,,,,,,,2025-10-13 07:50:00
10.0,11.0,14.0,,,,,1005.9,,15.0,,,-0.5,,2025-10-13 08:00:00
10.0,10.0,13.0,,,,,1005.9,,15.0,,,,,2025-10-13 08:10:00
10.0,11.0,14.0,3.5,10.0,7.1,330.0,1005.9,,15.0,,,,,2025-10-13 08:20:00
20.0,11.0,14.0,,,,,1005.9,,15.0,,,,,2025-10-13 08:30:00
20.0,11.0,15.0,,,,,1006.0,,15.0,,,,,2025-10-13 08:40:00
30.0,12.0,14.0,3.3,9.0,6.7,320.0,1006.0,,15.1,,,,,2025-10-13 08:50:00
30.0,12.0,14.0,,,,,1006.2,,15.1,,,-0.0,,2025-10-13 09:00:00
30.0,11.0,14.0,3.4,,7.0,328.0,1006.3,,15.1,,,,,2025-10-13 09:10:00
40.0,12.0,14.0,3.4,10.0,7.0,328.0,1006.3,,15.1,,,,,2025-10-13 09:20:00
40.0,12.0,14.0,,,,,1006.4,,15.1,,,,,2025-10-13 09:30:00
40.0,12.0,15.0,,,,,1006.6,,15.1,,,,,2025-10-13 09:40:00
30.0,12.0,15.0,3.4,10.0,7.0,328.0,1006.6,,15.1,,,,,2025-10-13 09:50:00
30.0,12.0,15.0,,,,,1006.6,,15.1,,,0.5,,2025-10-13 10:00:00
40.0,13.0,15.0,3.3,,6.8,330.0,1006.8,,15.1,,,,,2025-10-13 10:10:00
40.0,12.0,15.0,3.3,10.0,6.8,330.0,1006.8,,15.1,,,,,2025-10-13 10:20:00
40.0,13.0,16.0,,,,,1006.9,,15.1,,,,,2025-10-13 10:30:00
40.0,12.0,15.0,3.2,,6.5,335.0,1007.0,,15.1,,,,,2025-10-13 10:40:00
40.0,13.0,15.0,3.2,10.0,6.5,335.0,1007.1,,15.1,,,,,2025-10-13 10:50:00
40.0,12.0,16.0,,,,,1007.2,,15.1,,,1.3,,2025-10-13 11:00:00
40.0,13.0,16.0,,,,,1007.2,,15.1,,,,,2025-10-13 11:10:00
50.0,13.0,16.0,3.2,10.0,6.7,334.0,1007.3,,15.1,,,,,2025-10-13 11:20:00
40.0,13.0,16.0,,,,,1007.4,,15.1,,,,,2025-10-13 11:30:00
50.0,13.0,16.0,,,,,1007.4,,15.1,,,,,2025-10-13 11:40:00
50.0,12.0,15.0,3.2,10.0,6.7,324.0,1007.6,,15.1,,,,,2025-10-13 11:50:00
50.0,12.0,15.0,,,,,1007.7,,15.1,,,1.5,,2025-10-13 12:00:00
50.0,12.0,14.0,,,,,1007.9,,15.0,,,,,2025-10-13 12:10:00
50.0,12.0,14.0,3.2,10.0,6.6,331.0,1007.9,,15.0,,,,,2025-10-13 12:20:00
50.0,12.0,14.0,,,,,1008.0,,15.0,,,,,2025-10-13 12:30:00
50.0,11.0,14.0,,,,,1008.0,,15.0,,,,,2025-10-13 12:40:00
50.0,11.0,13.0,3.0,10.0,6.6,328.0,1008.1,,15.0,,,,,2025-10-13 12:50:00
40.0,11.0,13.0,,,,,1008.1,,15.0,,,1.5,,2025-10-13 13:00:00
50.0,11.0,14.0,2.8,,6.3,335.0,1008.3,,15.0,,,,,2025-10-13 13:10:00
50.0,10.0,12.0,2.8,10.0,6.3,335.0,1008.6,,15.0,,,,,2025-10-13 13:20:00
50.0,11.0,13.0,,,,,1008.6,,15.0,,,,,2025-10-13 13:30:00
50.0,10.0,12.0,,,,,1008.9,,15.0,,,,,2025-10-13 13:40:00
40.0,11.0,13.0,3.1,10.0,6.6,332.0,1009.0,,14.9,,,,,2025-10-13 13:50:00
50.0,10.0,13.0,,,,,1009.0,,14.9,,,1.8,,2025-10-13 14:00:00
40.0,10.0,12.0,,,,,1009.2,,14.9,,,,,2025-10-13 14:10:00
40.0,10.0,12.0,2.9,10.0,6.3,328.0,1009.2,,14.9,,,,,2025-10-13 14:20:00
40.0,10.0,12.0,,,,,1009.3,,14.9,,,,,2025-10-13 14:30:00
50.0,9.0,12.0,,,,,1009.4,,14.9,,,,,2025-10-13 14:40:00
60.0,10.0,12.0,2.7,10.0,6.4,327.0,1009.4,,14.9,,,,,2025-10-13 14:50:00
50.0,10.0,12.0,,,,,1009.6,,14.9,,,1.9,,2025-10-13 15:00:00
50.0,9.0,12.0,,,,,1009.8,,14.9,,,,,2025-10-13 15:10:00
40.0,9.0,11.0,2.9,10.0,6.5,332.0,1009.9,,14.9,,,,,2025-10-13 15:20:00
40.0,9.0,11.0,,,,,1010.1,,14.8,,,,,2025-10-13 15:30:00
40.0,8.0,10.0,2.8,,6.7,326.0,1010.2,,14.9,,,,,2025-10-13 15:40:00
40.0,8.0,10.0,2.8,9.0,6.7,326.0,1010.3,,14.9,,,,,2025-10-13 15:50:00
20.0,9.0,11.0,,,,,1010.2,,14.9,,,2.1,,2025-10-13 16:00:00
20.0,9.0,11.0,2.8,,6.6,324.0,1010.4,,14.9,,,,,2025-10-13 16:10:00
20.0,9.0,11.0,2.8,10.0,6.6,324.0,1010.5,,14.9,,,,,2025-10-13 16:20:00
20.0,9.0,11.0,,,,,1010.6,,14.9,,,,,2025-10-13 16:30:00
20.0,9.0,11.0,2.7,,6.5,323.0,1010.8,,14.8,,,,,2025-10-13 16:40:00
30.0,9.0,12.0,2.7,10.0,6.5,323.0,1010.7,,14.8,,,,,2025-10-13 16:50:00
20.0,10.0,12.0,,,,,1010.8,,14.8,,,1.8,,2025-10-13 17:00:00
20.0,10.0,11.0,2.7,,6.5,331.0,1010.7,,14.8,,,,,2025-10-13 17:10:00
20.0,9.0,11.0,2.7,10.0,6.5,331.0,1010.8,,14.8,,,,,2025-10-13 17:20:00
30.0,9.0,12.0,,,,,1011.0,,14.8,,,,,2025-10-13 17:30:00
30.0,10.0,12.0,2.6,,6.5,325.0,1011.2,,14.8,,,,,2025-10-13 17:40:00
30.0,10.0,12.0,2.6,9.0,6.5,325.0,1011.2,,14.8,,,,,2025-10-13 17:50:00
40.0,10.0,12.0,,,,,1011.3,,14.9,,,1.7,,2025-10-13 18:00:00
30.0,10.0,12.0,2.7,,6.7,321.0,1011.4,,14.9,,,,,2025-10-13 18:10:00
30.0,10.0,12.0,2.7,10.0,6.7,321.0,1011.4,,14.9,,,,,2025-10-13 18:20:00
30.0,10.0,12.0,,,,,1011.5,,14.9,,,,,2025-10-13 18:30:00
40.0,10.0,13.0,2.8,,6.6,316.0,1011.6,,14.9,,,,,2025-10-13 18:40:00
40.0,10.0,12.0,2.8,10.0,6.6,316.0,1011.6,,14.9,,,,,2025-10-13 18:50:00
30.0,10.0,12.0,,,,,1011.6,,14.9,,,1.4,,2025-10-13 19:00:00
30.0,10.0,12.0,3.0,,6.9,325.0,1011.6,,15.0,,,,,2025-10-13 19:10:00
40.0,10.0,12.0,3.0,9.0,6.9,325.0,1011.8,,15.0,,,,,2025-10-13 19:20:00
40.0,10.0,12.0,,,,,1011.7,,15.0,,,,,2025-10-13 19:30:00
40.0,10.0,12.0,,,,,1011.7,,15.0,,,,,2025-10-13 19:40:00
40.0,10.0,11.0,2.9,9.0,6.9,321.0,1011.7,,15.0,,,,,2025-10-13 19:50:00
30.0,10.0,12.0,,,,,1011.8,,15.0,,,1.0,,2025-10-13 20:00:00
30.0,10.0,11.0,2.8,,6.7,323.0,1011.8,,15.0,,,,,2025-10-13 20:10:00
30.0,10.0,12.0,2.8,9.0,6.7,323.0,1011.9,,14.9,,,,,2025-10-13 20:20:00
30.0,10.0,11.0,,,,,1011.7,,15.0,,,,,2025-10-13 20:30:00
30.0,9.0,11.0,,,,,1011.6,,15.0,,,,,2025-10-13 20:40:00
30.0,9.0,12.0,3.1,9.0,7.1,324.0,1011.7,,15.0,,,,,2025-10-13 20:50:00
30.0,10.0,11.0,,,,,1011.7,,15.0,,,0.4,,2025-10-13 21:00:00
30.0,9.0,12.0,2.6,,6.4,323.0,1011.7,,15.0,,,,,2025-10-13 21:10:00
40.0,9.0,11.0,2.6,9.0,6.4,323.0,1011.8,,15.0,,,,,2025-10-13 21:20:00
40.0,9.0,11.0,,,,,1011.7,,15.0,,,,,2025-10-13 21:30:00
30.0,9.0,12.0,,,,,1011.7,,15.0,,,,,2025-10-13 21:40:00
20.0,9.0,12.0,2.8,9.0,6.6,319.0,1011.7,,15.0,,,,,2025-10-13 21:50:00
20.0,9.0,11.0,,,,,1011.7,,15.0,,,0.0,,2025-10-13 22:00:00
20.0,9.0,11.0,2.7,,6.4,312.0,1011.8,,15.0,,,,,2025-10-13 22:10:00
20.0,10.0,12.0,2.7,10.0,6.4,312.0,1011.7,,15.0,,,,,2025-10-13 22:20:00
20.0,10.0,11.0,,,,,1011.7,,15.0,,,,,2025-10-13 22:30:00
20.0,10.0,12.0,,,,,1011.8,,15.0,,,,,2025-10-13 22:40:00
20.0,10.0,12.0,2.6,9.0,6.6,321.0,1011.9,,15.0,,,,,2025-10-13 22:50:00
20.0,10.0,12.0,,,,,1012.1,,15.0,,,0.3,,2025-10-13 23:00:00
20.0,10.0,12.0,,,,,1012.1,,15.0,,,,,2025-10-13 23:10:00
20.0,10.0,12.0,2.5,9.0,6.4,317.0,1012.3,,15.0,,,,,2025-10-13 23:20:00
20.0,10.0,12.0,,,,,1012.2,,15.0,,,,,2025-10-13 23:40:00
20.0,10.0,12.0,2.6,10.0,6.4,314.0,1012.2,,15.0,,,,,2025-10-13 23:50:00
20.0,10.0,12.0,,,,,1012.4,,15.0,,,0.7,,2025-10-14 00:00:00
20.0,10.0,13.0,,,,,1012.3,,14.9,,,,,2025-10-14 00:10:00
20.0,10.0,12.0,2.7,9.0,6.4,319.0,1012.3,,14.9,,,,,2025-10-14 00:20:00
30.0,10.0,12.0,,,,,1012.2,,14.9,,,,,2025-10-14 00:30:00
30.0,10.0,12.0,,,,,1012.3,,14.9,,,,,2025-10-14 00:40:00
20.0,10.0,12.0,2.3,9.0,5.9,323.0,1012.1,,14.9,,,,,2025-10-14 00:50:00
30.0,9.0,11.0,,,,,1012.1,,14.9,,,0.4,,2025-10-14 01:00:00
30.0,10.0,12.0,2.5,,6.3,317.0,1012.1,,14.9,,,,,2025-10-14 01:10:00
30.0,10.0,11.0,2.5,9.0,6.3,317.0,1012.1,,14.9,,,,,2025-10-14 01:20:00
30.0,10.0,12.0,,,,,1012.4,,14.9,,,,,2025-10-14 01:30:00
30.0,10.0,12.0,,,,,1012.5,,14.9,,,,,2025-10-14 01:40:00
20.0,10.0,11.0,2.4,9.0,6.3,323.0,1012.7,,14.9,,,,,2025-10-14 01:50:00
20.0,10.0,12.0,,,,,1012.8,,14.9,,,0.7,,2025-10-14 02:00:00
20.0,10.0,12.0,2.3,,6.1,327.0,1012.7,,14.9,,,,,2025-10-14 02:10:00
20.0,10.0,12.0,2.3,9.0,6.1,327.0,1012.8,,15.0,,,,,2025-10-14 02:20:00
30.0,10.0,12.0,,,,,1012.9,,15.0,,,,,2025-10-14 02:30:00
30.0,10.0,12.0,,,,,1013.0,,15.0,,,,,2025-10-14 02:40:00
20.0,10.0,12.0,2.2,8.0,6.0,328.0,1013.1,,15.0,,,,,2025-10-14 02:50:00
20.0,10.0,11.0,,,,,1013.3,,15.0,,,0.9,,2025-10-14 03:00:00
20.0,10.0,12.0,2.3,,6.1,328.0,1013.3,,15.0,,,,,2025-10-14 03:10:00
20.0,10.0,12.0,2.3,9.0,6.1,328.0,1013.3,,15.0,,,,,2025-10-14 03:20:00
20.0,10.0,13.0,,,,,1013.3,,15.0,,,,,2025-10-14 03:30:00
20.0,10.0,12.0,,,,,1013.4,,15.0,,,,,2025-10-14 03:40:00
20.0,11.0,12.0,2.4,8.0,6.3,325.0,1013.5,,15.0,,,,,2025-10-14 03:50:00
20.0,11.0,12.0,,,,,1013.6,,15.0,,,1.5,,2025-10-14 04:00:00
20.0,10.0,12.0,2.1,,5.9,326.0,1013.8,,15.0,,,,,2025-10-14 04:10:00
20.0,10.0,13.0,2.1,9.0,5.9,326.0,1013.8,,15.0,,,,,2025-10-14 04:20:00
20.0,11.0,13.0,,,,,1013.9,,15.0,,,,,2025-10-14 04:30:00
30.0,10.0,12.0,,,,,1014.0,,15.0,,,,,2025-10-14 04:40:00
30.0,11.0,13.0,2.3,9.0,6.1,326.0,1014.0,,15.0,,,,,2025-10-14 04:50:00
30.0,10.0,12.0,,,,,1014.0,,15.0,,,1.2,,2025-10-14 05:00:00
20.0,10.0,12.0,2.2,,5.9,321.0,1014.0,,15.0,,,,,2025-10-14 05:10:00
20.0,10.0,12.0,2.2,10.0,5.9,321.0,1014.2,,15.0,,,,,2025-10-14 05:20:00
30.0,10.0,12.0,,,,,1014.2,,15.0,,,,,2025-10-14 05:30:00
20.0,11.0,12.0,,,,,1014.3,,15.0,,,,,2025-10-14 05:40:00
20.0,11.0,13.0,2.3,9.0,5.8,323.0,1014.3,,15.0,,,,,2025-10-14 05:50:00
30.0,10.0,12.0,,,,,1014.2,,15.0,,,0.9,,2025-10-14 06:00:00
30.0,10.0,12.0,2.3,,5.9,328.0,1014.2,,15.0,,,,,2025-10-14 06:10:00
30.0,10.0,12.0,2.3,9.0,5.9,328.0,1014.1,,14.9,,,,,2025-10-14 06:20:00
30.0,10.0,11.0,,,,,1014.2,,14.9,,,,,2025-10-14 06:30:00
30.0,9.0,11.0,,,,,1014.3,,14.9,,,,,2025-10-14 06:40:00
20.0,9.0,11.0,2.2,9.0,6.1,316.0,1014.3,,,,,,,2025-10-14 06:50:00
20.0,9.0,11.0,,,,,1014.3,,14.9,,,0.7,,2025-10-14 07:00:00
,,,2.2,9.0,5.8,307.0,,,,,,,,2025-10-14 07:10:00
30.0,9.0,11.0,2.2,,5.8,307.0,1014.3,,14.8,,,,,2025-10-14 07:20:00
30.0,9.0,11.0,,,,,1014.4,,14.8,,,,,2025-10-14 07:30:00
30.0,9.0,11.0,2.3,,6.1,313.0,1014.5,,14.8,,,,,2025-10-14 07:40:00
30.0,9.0,11.0,2.3,9.0,6.1,313.0,1014.5,,14.8,,,,,2025-10-14 07:50:00
30.0,9.0,11.0,,,,,1014.5,,14.8,,,0.5,,2025-10-14 08:00:00
20.0,9.0,10.0,2.3,,6.3,314.0,1014.7,,14.8,,,,,2025-10-14 08:10:00
20.0,9.0,10.0,2.3,9.0,6.3,314.0,1014.8,,14.9,,,,,2025-10-14 08:20:00
20.0,9.0,11.0,,,,,1014.8,,14.9,,,,,2025-10-14 08:30:00
30.0,9.0,10.0,,,,,1014.8,,14.9,,,,,2025-10-14 08:40:00
30.0,9.0,10.0,2.2,9.0,6.3,310.0,1014.8,,14.9,,,,,2025-10-14 08:50:00
20.0,9.0,10.0,,,,,1014.8,,14.9,,,0.6,,2025-10-14 09:00:00
20.0,8.0,10.0,2.1,,6.4,306.0,1014.8,,14.9,,,,,2025-10-14 09:10:00
20.0,8.0,10.0,2.1,9.0,6.4,306.0,1014.8,,14.9,,,,,2025-10-14 09:20:00
20.0,8.0,10.0,,,,,1014.9,,14.9,,,,,2025-10-14 09:30:00
40.0,8.0,9.0,1.9,,6.0,305.0,1014.8,,14.9,,,,,2025-10-14 09:40:00
30.0,8.0,10.0,1.9,17.0,6.0,305.0,1014.8,,14.9,,,,,2025-10-14 09:50:00
30.0,8.0,9.0,,,,,1014.9,,14.9,,,0.6,,2025-10-14 10:00:00
30.0,8.0,9.0,2.1,,6.5,294.0,1014.9,,14.9,,,,,2025-10-14 10:10:00
40.0,8.0,9.0,2.1,17.0,6.5,294.0,1014.8,,14.9,,,,,2025-10-14 10:20:00
40.0,8.0,10.0,,,,,1014.9,,14.9,,,,,2025-10-14 10:30:00
40.0,8.0,9.0,,,,,1014.9,,14.9,,,,,2025-10-14 10:40:00
40.0,8.0,9.0,2.0,9.0,6.3,313.0,1014.8,,14.9,,,,,2025-10-14 10:50:00
40.0,7.0,8.0,,,,,1014.8,,14.9,,,0.3,,2025-10-14 11:00:00
40.0,7.0,9.0,2.0,,6.3,307.0,1014.9,,14.9,,,,,2025-10-14 11:10:00
40.0,7.0,9.0,2.0,9.0,6.3,307.0,1014.9,,14.9,,,,,2025-10-14 11:20:00
40.0,8.0,9.0,,,,,1014.8,,15.0,,,,,2025-10-14 11:30:00
40.0,8.0,9.0,,,,,1014.7,,15.0,,,,,2025-10-14 11:40:00
40.0,7.0,9.0,1.9,17.0,6.3,307.0,1014.9,,15.0,,,,,2025-10-14 11:50:00
40.0,7.0,8.0,,,,,1014.8,,15.0,,,0.0,,2025-10-14 12:00:00
50.0,7.0,8.0,2.1,,6.6,310.0,1014.9,,15.0,,,,,2025-10-14 12:10:00
50.0,7.0,9.0,2.1,9.0,6.6,310.0,1014.8,,,,,,,2025-10-14 12:20:00
40.0,8.0,9.0,,,,,1014.8,,15.0,,,,,2025-10-14 12:30:00
50.0,7.0,9.0,2.0,,6.6,318.0,1015.0,,15.0,,,,,2025-10-14 12:40:00
50.0,8.0,9.0,2.0,16.0,6.6,318.0,1015.0,,15.0,,,,,2025-10-14 12:50:00
50.0,7.0,9.0,,,,,1014.9,,14.9,,,0.0,,2025-10-14 13:00:00
60.0,7.0,8.0,1.8,,6.2,293.0,1015.0,,14.9,,,,,2025-10-14 13:10:00
60.0,8.0,9.0,1.8,,6.2,293.0,1014.9,,14.9,,,,,2025-10-14 13:20:00
50.0,8.0,9.0,,,,,1015.0,,14.9,,,,,2025-10-14 13:30:00
50.0,8.0,9.0,,,,,1015.1,,14.9,,,,,2025-10-14 13:40:00
60.0,8.0,9.0,1.9,16.0,6.4,299.0,1015.2,,14.9,,,,,2025-10-14 13:50:00
60.0,8.0,9.0,,,,,1015.3,,14.9,,,0.5,,2025-10-14 14:00:00
60.0,8.0,10.0,2.1,,6.4,302.0,1015.3,,14.9,,,,,2025-10-14 14:10:00
60.0,8.0,10.0,2.1,16.0,6.4,302.0,1015.3,,14.9,,,,,2025-10-14 14:20:00
60.0,8.0,9.0,,,,,1015.5,,14.9,,,,,2025-10-14 14:30:00
60.0,8.0,9.0,,,,,1015.5,,14.9,,,,,2025-10-14 14:40:00
60.0,8.0,9.0,1.8,8.0,5.9,313.0,1015.5,,14.9,,,,,2025-10-14 14:50:00
60.0,8.0,9.0,,,,,1015.5,,14.9,,,0.7,,2025-10-14 15:00:00
60.0,8.0,10.0,1.7,,5.8,332.0,1015.4,,14.9,,,,,2025-10-14 15:10:00
60.0,8.0,10.0,1.7,17.0,5.8,332.0,1015.6,,14.8,,,,,2025-10-14 15:20:00
60.0,8.0,10.0,,,,,1015.7,,14.8,,,,,2025-10-14 15:30:00
60.0,8.0,10.0,,,,,1015.8,,14.8,,,,,2025-10-14 15:40:00
60.0,8.0,10.0,1.9,9.0,5.9,312.0,1015.9,,14.8,,,,,2025-10-14 15:50:00
60.0,9.0,12.0,,,,,1015.9,,14.8,,,1.0,,2025-10-14 16:00:00
60.0,9.0,11.0,1.9,,5.5,315.0,1015.9,,14.8,,,,,2025-10-14 16:10:00
60.0,10.0,11.0,1.9,9.0,5.5,315.0,1015.9,,14.7,,,,,2025-10-14 16:20:00
60.0,9.0,11.0,,,,,1016.0,,14.7,,,,,2025-10-14 16:30:00
50.0,9.0,11.0,,,,,1016.1,,14.7,,,,,2025-10-14 16:40:00
50.0,9.0,11.0,2.0,9.0,5.6,327.0,1016.2,,14.7,,,,,2025-10-14 16:50:00
50.0,9.0,11.0,,,,,1016.1,,14.7,,,0.8,,2025-10-14 17:00:00
40.0,9.0,10.0,2.0,,5.8,322.0,1016.2,,14.7,,,,,2025-10-14 17:10:00
50.0,9.0,10.0,2.0,9.0,5.8,322.0,1016.2,,14.7,,,,,2025-10-14 17:20:00
40.0,8.0,10.0,,,,,1016.2,,14.7,,,,,2025-10-14 17:30:00
40.0,8.0,10.0,2.2,,5.9,304.0,1016.3,,14.7,,,,,2025-10-14 17:40:00
40.0,8.0,10.0,2.2,16.0,5.9,304.0,1016.3,,14.7,,,,,2025-10-14 17:50:00
40.0,8.0,9.0,,,,,1016.4,,14.7,,,0.9,,2025-10-14 18:00:00
40.0,8.0,9.0,2.0,,5.9,321.0,1016.5,,14.7,,,,,2025-10-14 18:10:00
40.0,8.0,9.0,2.0,16.0,5.9,321.0,1016.6,,14.7,,,,,2025-10-14 18:20:00
40.0,8.0,9.0,,,,,1016.7,,14.7,,,,,2025-10-14 18:30:00
40.0,7.0,9.0,1.8,,5.7,280.0,1016.7,,14.7,,,,,2025-10-14 18:40:00
40.0,8.0,9.0,1.8,16.0,5.7,280.0,1016.6,,14.7,,,,,2025-10-14 18:50:00
40.0,7.0,9.0,,,,,1016.7,,14.7,,,0.8,,2025-10-14 19:00:00
40.0,7.0,8.0,2.1,,6.1,291.0,1016.7,,14.7,,,,,2025-10-14 19:10:00
40.0,7.0,8.0,2.1,16.0,6.1,291.0,1016.7,,,,,,,2025-10-14 19:20:00
40.0,7.0,8.0,,,,,1016.6,,14.7,,,,,2025-10-14 19:30:00
40.0,7.0,8.0,,,,,1016.6,,14.7,,,,,2025-10-14 19:40:00
40.0,7.0,8.0,1.7,9.0,5.8,320.0,1016.6,,14.7,,,,,2025-10-14 19:50:00
30.0,7.0,8.0,,,,,1016.6,,14.7,,,0.5,,2025-10-14 20:00:00
30.0,7.0,8.0,,,,,1016.6,,14.7,,,,,2025-10-14 20:10:00
30.0,6.0,8.0,1.9,16.0,6.2,305.0,1016.6,,14.7,,,,,2025-10-14 20:20:00
30.0,7.0,8.0,,,,,1016.5,,14.7,,,,,2025-10-14 20:30:00
20.0,7.0,8.0,,,,,1016.5,,14.7,,,,,2025-10-14 20:40:00
20.0,7.0,8.0,1.8,16.0,6.2,310.0,1016.5,,14.7,,,,,2025-10-14 20:50:00
20.0,6.0,8.0,,,,,1016.3,,14.7,,,0.0,,2025-10-14 21:00:00
20.0,6.0,7.0,1.8,,6.3,320.0,1016.3,,14.7,,,,,2025-10-14 21:10:00
20.0,6.0,7.0,1.8,8.0,6.3,320.0,1016.3,,14.7,,,,,2025-10-14 21:20:00
20.0,6.0,7.0,,,,,1016.2,,14.7,,,,,2025-10-14 21:30:00
20.0,6.0,7.0,1.8,,6.6,306.0,1016.3,,14.7,,,,,2025-10-14 21:40:00
20.0,6.0,7.0,1.8,16.0,6.6,306.0,1016.3,,14.7,,,,,2025-10-14 21:50:00
10.0,6.0,7.0,,,,,1016.3,,14.7,,,-0.4,,2025-10-14 22:00:00
10.0,6.0,8.0,1.8,,7.1,319.0,1016.3,,14.8,,,,,2025-10-14 22:10:00
360.0,7.0,8.0,1.8,16.0,7.1,319.0,1016.3,,14.9,,,,,2025-10-14 22:20:00
360.0,6.0,7.0,,,,,1016.4,,14.9,,,,,2025-10-14 22:30:00
360.0,7.0,8.0,,,,,1016.3,,15.0,,,,,2025-10-14 22:40:00
10.0,7.0,9.0,1.7,16.0,6.4,316.0,1016.3,,15.0,,,,,2025-10-14 22:50:00
10.0,7.0,8.0,,,,,1016.3,,15.0,,,-0.3,,2025-10-14 23:00:00
10.0,7.0,9.0,1.7,,6.5,286.0,1016.3,,15.0,,,,,2025-10-14 23:10:00
10.0,7.0,9.0,1.7,16.0,6.5,286.0,1016.3,,15.0,,,,,2025-10-14 23:20:00
10.0,7.0,9.0,,,,,1016.4,,15.0,,,,,2025-10-14 23:40:00
10.0,7.0,9.0,1.8,16.0,6.7,291.0,1016.4,,15.0,,,,,2025-10-14 23:50:00
10.0,8.0,9.0,,,,,1016.5,,14.9,,,0.0,,2025-10-15 00:00:00
360.0,8.0,9.0,1.7,,6.3,249.0,1016.4,,14.9,,,,,2025-10-15 00:10:00
10.0,8.0,10.0,1.7,16.0,6.3,249.0,1016.4,,14.9,,,,,2025-10-15 00:20:00
10.0,8.0,10.0,,,,,1016.5,,14.9,,,,,2025-10-15 00:30:00
10.0,9.0,10.0,1.7,,6.3,286.0,1016.5,,14.8,,,,,2025-10-15 00:40:00
10.0,9.0,10.0,1.7,16.0,6.3,286.0,1016.5,,14.8,,,,,2025-10-15 00:50:00
10.0,9.0,10.0,,,,,1016.5,,14.8,,,0.0,,2025-10-15 01:00:00
10.0,9.0,10.0,1.8,,6.1,299.0,1016.4,,14.7,,,,,2025-10-15 01:10:00
10.0,9.0,10.0,1.8,16.0,6.1,299.0,1016.3,,14.7,,,,,2025-10-15 01:20:00
10.0,8.0,10.0,,,,,1016.3,,14.7,,,,,2025-10-15 01:30:00
360.0,8.0,9.0,1.7,,5.8,309.0,1016.4,,14.7,,,,,2025-10-15 01:40:00
360.0,8.0,10.0,1.7,15.0,5.8,309.0,1016.5,,14.7,,,,,2025-10-15 01:50:00
360.0,9.0,10.0,,,,,1016.5,,14.7,,,0.0,,2025-10-15 02:00:00
360.0,8.0,9.0,1.6,,5.7,249.0,1016.6,,14.7,,,,,2025-10-15 02:10:00
10.0,8.0,9.0,1.6,16.0,5.7,249.0,1016.6,,14.7,,,,,2025-10-15 02:20:00
10.0,8.0,9.0,,,,,1016.8,,14.7,,,,,2025-10-15 02:30:00
20.0,8.0,10.0,,,,,1016.8,,14.7,,,,,2025-10-15 02:40:00
20.0,9.0,10.0,1.8,16.0,5.8,310.0,1016.8,,14.7,,,,,2025-10-15 02:50:00
20.0,9.0,10.0,,,,,1016.8,,14.7,,,0.3,,2025-10-15 03:00:00
20.0,8.0,10.0,1.7,,5.9,304.0,1016.8,,14.7,,,,,2025-10-15 03:10:00
20.0,9.0,10.0,1.7,15.0,5.9,304.0,1016.8,,14.7,,,,,2025-10-15 03:20:00
20.0,9.0,11.0,,,,,1016.8,,14.8,,,,,2025-10-15 03:30:00
10.0,9.0,11.0,,,,,1016.8,,14.8,,,,,2025-10-15 03:40:00
10.0,9.0,11.0,1.7,16.0,5.7,318.0,1016.9,,14.8,,,,,2025-10-15 03:50:00
20.0,9.0,11.0,,,,,1017.0,,14.8,,,0.5,,2025-10-15 04:00:00
20.0,9.0,10.0,1.8,,5.7,303.0,1017.1,,14.8,,,,,2025-10-15 04:10:00
30.0,8.0,10.0,1.8,15.0,5.7,303.0,1017.1,,14.8,,,,,2025-10-15 04:20:00
20.0,8.0,10.0,,,,,1017.2,,14.8,,,,,2025-10-15 04:30:00
20.0,8.0,10.0,1.9,,6.0,299.0,1017.2,,14.8,,,,,2025-10-15 04:40:00
10.0,8.0,9.0,1.9,15.0,6.0,299.0,1017.2,,14.8,,,,,2025-10-15 04:50:00
20.0,8.0,9.0,,,,,1017.3,,14.8,,,0.8,,2025-10-15 05:00:00
20.0,8.0,10.0,1.8,,5.9,287.0,1017.2,,14.8,,,,,2025-10-15 05:10:00
20.0,8.0,10.0,1.8,15.0,5.9,287.0,1017.2,,14.8,,,,,2025-10-15 05:20:00
20.0,8.0,9.0,,,,,1017.3,,14.8,,,,,2025-10-15 05:30:00
20.0,8.0,10.0,,,,,1017.1,,14.7,,,,,2025-10-15 05:40:00
20.0,8.0,9.0,1.8,15.0,5.8,306.0,1017.2,,14.7,,,,,2025-10-15 05:50:00
20.0,8.0,9.0,,,,,1017.2,,14.7,,,0.4,,2025-10-15 06:00:00
30.0,8.0,9.0,1.7,,5.7,309.0,1017.2,,14.7,,,,,2025-10-15 06:10:00
20.0,7.0,9.0,1.7,15.0,5.7,309.0,1017.2,,14.7,,,,,2025-10-15 06:20:00
30.0,7.0,9.0,,,,,1017.3,,14.7,,,,,2025-10-15 06:30:00
20.0,7.0,8.0,1.8,,6.0,320.0,1017.3,,14.7,,,,,2025-10-15 06:40:00
30.0,7.0,9.0,1.8,15.0,6.0,320.0,1017.3,,14.7,,,,,2025-10-15 06:50:00
30.0,7.0,9.0,,,,,1017.4,,14.7,,,0.4,,2025-10-15 07:00:00
20.0,7.0,8.0,1.6,,5.6,284.0,1017.4,,14.7,,,,,2025-10-15 07:10:00
20.0,7.0,8.0,1.6,14.0,5.6,284.0,1017.4,,14.8,,,,,2025-10-15 07:20:00
30.0,7.0,9.0,,,,,1017.4,,14.8,,,,,2025-10-15 07:30:00
20.0,7.0,8.0,,,,,1017.3,,14.8,,,,,2025-10-15 07:40:00
30.0,7.0,9.0,1.7,14.0,5.7,298.0,1017.3,,14.8,,,,,2025-10-15 07:50:00
20.0,7.0,9.0,,,,,1017.2,,14.7,,,0.0,,2025-10-15 08:00:00
20.0,7.0,8.0,,,,,1017.3,,14.7,,,,,2025-10-15 08:10:00
20.0,7.0,8.0,1.8,14.0,5.9,309.0,1017.3,,14.7,,,,,2025-10-15 08:20:00
20.0,7.0,8.0,,,,,1017.4,,14.7,,,,,2025-10-15 08:30:00
10.0,7.0,8.0,,,,,1017.3,,14.7,,,,,2025-10-15 08:40:00
10.0,7.0,8.0,1.6,14.0,5.8,284.0,1017.4,,14.7,,,,,2025-10-15 08:50:00
10.0,7.0,8.0,,,,,1017.4,,14.7,,,0.0,,2025-10-15 09:00:00
10.0,7.0,8.0,1.6,,5.7,276.0,1017.4,,14.7,,,,,2025-10-15 09:10:00
10.0,7.0,8.0,1.6,14.0,5.7,276.0,1017.4,,14.7,,,,,2025-10-15 09:20:00
360.0,7.0,9.0,,,,,1017.3,,14.7,,,,,2025-10-15 09:30:00
360.0,7.0,8.0,1.6,,5.8,325.0,1017.5,,14.7,,,,,2025-10-15 09:40:00
360.0,7.0,8.0,1.6,14.0,5.8,325.0,1017.6,,14.7,,,,,2025-10-15 09:50:00
360.0,7.0,9.0,,,,,1017.6,,14.6,,,0.0,,2025-10-15 10:00:00
360.0,7.0,9.0,1.5,,5.7,285.0,1017.4,,14.6,,,,,2025-10-15 10:10:00
10.0,7.0,9.0,1.5,14.0,5.7,285.0,1017.5,,14.6,,,,,2025-10-15 10:20:00
10.0,7.0,8.0,,,,,1017.4,,14.6,,,,,2025-10-15 10:30:00
10.0,7.0,8.0,1.6,,5.9,283.0,1017.4,,14.5,,,,,2025-10-15 10:40:00
10.0,7.0,8.0,1.6,14.0,5.9,283.0,1017.3,,14.5,,,,,2025-10-15 10:50:00
10.0,7.0,9.0,,,,,1017.4,,14.5,,,0.0,,2025-10-15 11:00:00
360.0,7.0,9.0,1.5,,5.7,309.0,1017.4,,14.5,,,,,2025-10-15 11:10:00
10.0,7.0,8.0,1.5,14.0,5.7,309.0,1017.3,,14.5,,,,,2025-10-15 11:20:00
360.0,7.0,8.0,,,,,1017.4,,14.5,,,,,2025-10-15 11:30:00
360.0,7.0,8.0,1.6,,5.9,293.0,1017.3,,14.5,,,,,2025-10-15 11:40:00
10.0,7.0,8.0,1.6,15.0,5.9,293.0,1017.3,,14.5,,,,,2025-10-15 11:50:00
10.0,7.0,8.0,,,,,1017.3,,14.4,,,0.0,,2025-10-15 12:00:00
10.0,7.0,8.0,,,,,1017.2,,14.4,,,,,2025-10-15 12:10:00
360.0,7.0,8.0,1.6,14.0,5.9,318.0,1017.3,,14.4,,,,,2025-10-15 12:20:00
10.0,7.0,8.0,,,,,1017.4,,14.4,,,,,2025-10-15 12:30:00
360.0,7.0,8.0,,,,,1017.4,,14.4,,,,,2025-10-15 12:40:00
10.0,7.0,8.0,1.6,13.0,5.9,308.0,1017.4,,14.4,,,,,2025-10-15 12:50:00
360.0,7.0,8.0,,,,,1017.4,,14.4,,,0.0,,2025-10-15 13:00:00
360.0,7.0,8.0,1.5,,5.5,309.0,1017.5,,14.4,,,,,2025-10-15 13:10:00
10.0,7.0,8.0,1.5,15.0,5.5,309.0,1017.4,,14.4,,,,,2025-10-15 13:20:00
10.0,7.0,8.0,,,,,1017.4,,14.4,,,,,2025-10-15 13:30:00
10.0,7.0,8.0,,,,,1017.3,,14.4,,,,,2025-10-15 13:40:00
10.0,7.0,8.0,1.5,14.0,5.9,293.0,1017.3,,14.4,,,,,2025-10-15 13:50:00
10.0,7.0,8.0,,,,,1017.4,,14.3,,,0.0,,2025-10-15 14:00:00
10.0,7.0,8.0,1.5,,6.0,298.0,1017.4,,14.3,,,,,2025-10-15 14:10:00
10.0,7.0,8.0,1.5,14.0,6.0,298.0,1017.3,,14.3,,,,,2025-10-15 14:20:00
10.0,6.0,7.0,,,,,1017.4,,14.3,,,,,2025-10-15 14:30:00
10.0,6.0,7.0,1.4,,5.8,306.0,1017.4,,14.3,,,,,2025-10-15 14:40:00
10.0,6.0,7.0,1.4,14.0,5.8,306.0,1017.4,,14.3,,,,,2025-10-15 14:50:00
360.0,6.0,7.0,,,,,1017.5,,14.3,,,0.0,,2025-10-15 15:00:00
10.0,6.0,7.0,1.6,,6.6,281.0,1017.6,,14.3,,,,,2025-10-15 15:10:00
10.0,6.0,7.0,1.7,15.0,6.6,281.0,1017.7,,14.3,,,,,2025-10-15 15:20:00
10.0,6.0,7.0,,,,,1017.8,,14.3,,,,,2025-10-15 15:30:00
10.0,6.0,7.0,,,,,1017.9,,14.3,,,,,2025-10-15 15:40:00
10.0,5.0,6.0,1.5,14.0,6.3,275.0,1017.9,,14.3,,,,,2025-10-15 15:50:00
10.0,6.0,6.0,,,,,1018.0,,14.3,,,0.6,,2025-10-15 16:00:00
20.0,6.0,6.0,1.4,,6.5,291.0,1018.1,,14.3,,,,,2025-10-15 16:10:00
20.0,5.0,6.0,1.4,15.0,6.5,291.0,1018.1,,14.3,,,,,2025-10-15 16:20:00
10.0,5.0,6.0,,,,,1018.2,,14.4,,,,,2025-10-15 16:30:00
10.0,5.0,6.0,1.4,,6.4,320.0,1018.3,,14.4,,,,,2025-10-15 16:40:00
360.0,5.0,6.0,1.4,15.0,6.4,320.0,1018.3,,14.4,,,,,2025-10-15 16:50:00
10.0,5.0,6.0,,,,,1018.3,,14.4,,,0.9,,2025-10-15 17:00:00
20.0,4.0,5.0,,,,,1018.2,,14.4,,,,,2025-10-15 17:10:00
30.0,4.0,5.0,1.5,15.0,6.5,288.0,1018.2,,14.4,,,,,2025-10-15 17:20:00
20.0,4.0,4.0,,,,,1018.3,,14.4,,,,,2025-10-15 17:30:00
20.0,3.0,4.0,,,,,1018.3,,14.4,,,,,2025-10-15 17:40:00
30.0,3.0,4.0,1.7,13.0,6.9,310.0,1018.4,,14.4,,,,,2025-10-15 17:50:00
20.0,3.0,4.0,,,,,1018.5,,14.4,,,1.0,,2025-10-15 18:00:00
10.0,4.0,4.0,1.6,,7.0,307.0,1018.6,,14.4,,,,,2025-10-15 18:10:00
10.0,3.0,4.0,1.6,14.0,7.0,307.0,1018.6,,14.4,,,,,2025-10-15 18:20:00
10.0,3.0,4.0,,,,,1018.6,,14.5,,,,,2025-10-15 18:30:00
10.0,3.0,4.0,,,,,1018.7,,14.5,,,,,2025-10-15 18:40:00
10.0,3.0,4.0,1.5,16.0,6.8,240.0,1018.7,,14.5,,,,,2025-10-15 18:50:00
360.0,3.0,4.0,,,,,1018.8,,14.5,,,0.8,,2025-10-15 19:00:00
360.0,3.0,4.0,1.7,,7.0,281.0,1018.9,,14.7,,,,,2025-10-15 19:10:00
360.0,3.0,4.0,1.7,14.0,7.0,281.0,1018.8,,14.9,,,,,2025-10-15 19:20:00
360.0,3.0,4.0,,,,,1019.0,,14.9,,,,,2025-10-15 19:30:00
360.0,4.0,4.0,,,,,1018.9,,14.9,,,,,2025-10-15 19:40:00
350.0,3.0,4.0,1.5,16.0,6.6,279.0,1018.8,,15.0,,,,,2025-10-15 19:50:00
350.0,3.0,4.0,,,,,1018.8,,15.0,,,0.5,,2025-10-15 20:00:00
350.0,4.0,4.0,,,,,1018.9,,15.0,,,,,2025-10-15 20:10:00
350.0,4.0,5.0,1.7,12.0,6.9,285.0,1018.9,,15.0,,,,,2025-10-15 20:20:00
350.0,4.0,4.0,,,,,1018.9,,15.0,,,,,2025-10-15 20:30:00
350.0,3.0,4.0,,,,,1018.9,,15.0,,,,,2025-10-15 20:40:00
360.0,4.0,4.0,1.5,14.0,6.7,273.0,1018.8,,15.0,,,,,2025-10-15 20:50:00
360.0,3.0,4.0,,,,,1018.9,,15.0,,,0.4,,2025-10-15 21:00:00
360.0,3.0,4.0,1.7,,7.1,286.0,1018.9,,15.0,,,,,2025-10-15 21:10:00
360.0,3.0,4.0,1.7,14.0,7.1,286.0,1019.0,,15.0,,,,,2025-10-15 21:20:00
350.0,4.0,5.0,,,,,1019.0,,15.0,,,,,2025-10-15 21:30:00
360.0,4.0,5.0,,,,,1019.1,,15.0,,,,,2025-10-15 21:40:00
360.0,4.0,5.0,1.6,15.0,7.5,262.0,1019.0,,14.9,,,,,2025-10-15 21:50:00
360.0,4.0,4.0,,,,,1019.0,,15.0,,,0.0,,2025-10-15 22:00:00
360.0,4.0,5.0,1.4,,6.8,289.0,1019.0,,15.0,,,,,2025-10-15 22:10:00
360.0,4.0,5.0,1.4,12.0,6.8,289.0,1019.1,,14.9,,,,,2025-10-15 22:20:00
360.0,4.0,4.0,,,,,1019.3,,14.8,,,,,2025-10-15 22:30:00
360.0,4.0,5.0,1.5,,7.0,288.0,1019.4,,14.8,,,,,2025-10-15 22:40:00
360.0,4.0,5.0,1.5,13.0,7.0,288.0,1019.4,,14.8,,,,,2025-10-15 22:50:00
10.0,4.0,5.0,,,,,1019.3,,14.7,,,0.5,,2025-10-15 23:00:00
10.0,4.0,4.0,1.6,,7.5,277.0,1019.3,,14.7,,,,,2025-10-15 23:10:00
360.0,3.0,4.0,1.6,14.0,7.5,277.0,1019.3,,14.6,,,,,2025-10-15 23:20:00
10.0,3.0,4.0,1.5,,7.0,311.0,1019.4,,14.6,,,,,2025-10-15 23:40:00
10.0,3.0,4.0,1.5,16.0,7.0,311.0,1019.4,,14.6,,,,,2025-10-15 23:50:00
360.0,3.0,4.0,,,,,1019.4,,14.6,,,0.5,,2025-10-16 00:00:00
360.0,3.0,3.0,1.5,,7.0,290.0,1019.5,,14.6,,,,,2025-10-16 00:10:00
360.0,3.0,4.0,1.5,15.0,7.0,290.0,1019.5,,14.6,,,,,2025-10-16 00:20:00
350.0,3.0,4.0,,,,,1019.5,,14.6,,,,,2025-10-16 00:30:00
340.0,4.0,4.0,,,,,1019.6,,14.6,,,,,2025-10-16 00:40:00
340.0,4.0,4.0,1.6,14.0,7.1,305.0,1019.6,,14.6,,,,,2025-10-16 00:50:00
350.0,4.0,4.0,,,,,1019.7,,14.6,,,0.7,,2025-10-16 01:00:00
350.0,3.0,4.0,,,,,1019.7,,14.6,,,,,2025-10-16 01:10:00
350.0,3.0,4.0,1.4,14.0,6.5,282.0,1019.8,,14.6,,,,,2025-10-16 01:20:00
350.0,3.0,4.0,,,,,1019.9,,14.6,,,,,2025-10-16 01:30:00
350.0,3.0,4.0,1.6,,7.1,287.0,1020.0,,14.6,,,,,2025-10-16 01:40:00
340.0,3.0,4.0,1.6,15.0,7.1,287.0,1020.1,,14.6,,,,,2025-10-16 01:50:00
340.0,3.0,4.0,,,,,1020.2,,14.6,,,0.9,,2025-10-16 02:00:00
340.0,3.0,4.0,1.6,,7.2,270.0,1020.3,,14.6,,,,,2025-10-16 02:10:00
330.0,4.0,5.0,1.6,12.0,7.2,270.0,1020.3,,14.6,,,,,2025-10-16 02:20:00
330.0,4.0,5.0,,,,,1020.4,,14.6,,,,,2025-10-16 02:30:00
340.0,4.0,5.0,,,,,1020.6,,14.6,,,,,2025-10-16 02:40:00
340.0,4.0,5.0,1.5,15.0,7.0,235.0,1020.6,,14.6,,,,,2025-10-16 02:50:00
340.0,4.0,6.0,,,,,1020.7,,14.6,,,1.3,,2025-10-16 03:00:00
330.0,5.0,6.0,1.5,,6.7,304.0,1020.8,,14.6,,,,,2025-10-16 03:10:00
330.0,5.0,6.0,1.5,11.0,6.7,304.0,1020.8,,14.6,,,,,2025-10-16 03:20:00
330.0,5.0,6.0,,,,,1020.8,,14.6,,,,,2025-10-16 03:30:00
330.0,5.0,6.0,,,,,1020.8,,14.6,,,,,2025-10-16 03:40:00
340.0,5.0,6.0,1.5,14.0,7.0,278.0,1020.9,,14.6,,,,,2025-10-16 03:50:00
340.0,5.0,6.0,,,,,1020.8,,14.6,,,1.1,,2025-10-16 04:00:00
340.0,4.0,5.0,,,,,1020.9,,14.6,,,,,2025-10-16 04:10:00
340.0,4.0,5.0,1.5,7.0,6.7,315.0,1020.9,,14.6,,,,,2025-10-16 04:20:00
350.0,4.0,4.0,,,,,1021.1,,14.6,,,,,2025-10-16 04:30:00
340.0,4.0,5.0,,,,,1021.2,,14.6,,,,,2025-10-16 04:40:00
340.0,4.0,6.0,1.5,15.0,6.7,248.0,1021.2,,14.6,,,,,2025-10-16 04:50:00
330.0,4.0,5.0,,,,,1021.2,,14.6,,,1.0,,2025-10-16 05:00:00
330.0,5.0,5.0,1.4,,7.1,322.0,1021.3,,14.6,,,,,2025-10-16 05:10:00
330.0,4.0,5.0,1.4,14.0,7.1,322.0,1021.3,,14.6,,,,,2025-10-16 05:20:00
330.0,4.0,5.0,,,,,1021.3,,14.6,,,,,2025-10-16 05:30:00
330.0,4.0,5.0,,,,,1021.3,,14.6,,,,,2025-10-16 05:40:00
330.0,4.0,5.0,1.4,15.0,7.1,289.0,1021.4,,14.6,,,,,2025-10-16 05:50:00
340.0,4.0,5.0,,,,,1021.3,,14.6,,,0.6,,2025-10-16 06:00:00
340.0,4.0,5.0,,,,,1021.3,,14.6,,,,,2025-10-16 06:10:00
340.0,3.0,4.0,1.5,12.0,7.2,290.0,1021.4,,14.6,,,,,2025-10-16 06:20:00
340.0,4.0,5.0,,,,,1021.5,,14.6,,,,,2025-10-16 06:30:00
340.0,3.0,4.0,1.6,,7.3,269.0,1021.4,,14.6,,,,,2025-10-16 06:40:00
340.0,3.0,4.0,1.6,14.0,7.3,269.0,1021.4,,14.6,,,,,2025-10-16 06:50:00
340.0,3.0,4.0,,,,,1021.4,,14.6,,,0.6,,2025-10-16 07:00:00
320.0,3.0,4.0,,,,,1021.6,,14.6,,,,,2025-10-16 07:10:00
320.0,3.0,4.0,1.6,12.0,7.4,308.0,1021.7,,,,,,,2025-10-16 07:20:00
320.0,3.0,4.0,,,,,1021.7,,14.6,,,,,2025-10-16 07:30:00
320.0,3.0,4.0,,,,,1021.7,,14.6,,,,,2025-10-16 07:40:00
310.0,3.0,4.0,1.5,11.0,7.2,306.0,1021.8,,14.6,,,,,2025-10-16 07:50:00
310.0,3.0,5.0,,,,,1021.9,,14.6,,,0.7,,2025-10-16 08:00:00
310.0,4.0,5.0,1.7,,7.8,279.0,1021.9,,14.6,,,,,2025-10-16 08:10:00
310.0,4.0,5.0,1.7,14.0,7.8,279.0,1021.8,,14.6,,,,,2025-10-16 08:20:00
310.0,4.0,5.0,,,,,1021.8,,14.6,,,,,2025-10-16 08:30:00
320.0,4.0,5.0,,,,,1021.9,,14.6,,,,,2025-10-16 08:40:00
310.0,3.0,5.0,1.5,11.0,7.1,285.0,1022.0,,14.6,,,,,2025-10-16 08:50:00
310.0,3.0,5.0,,,,,1022.0,,14.6,,,0.7,,2025-10-16 09:00:00
310.0,4.0,5.0,1.6,,7.5,299.0,1022.2,,14.6,,,,,2025-10-16 09:10:00
320.0,3.0,4.0,1.6,11.0,7.5,299.0,1022.2,,14.6,,,,,2025-10-16 09:20:00
320.0,3.0,4.0,,,,,1022.4,,14.6,,,,,2025-10-16 09:30:00
320.0,3.0,4.0,1.7,,7.6,287.0,1022.5,,14.6,,,,,2025-10-16 09:40:00
320.0,3.0,4.0,1.7,14.0,7.6,287.0,1022.5,,14.6,,,,,2025-10-16 09:50:00
320.0,3.0,4.0,,,,,1022.5,,14.6,,,1.1,,2025-10-16 10:00:00
320.0,4.0,6.0,1.5,,7.2,295.0,1022.5,,14.6,,,,,2025-10-16 10:10:00
320.0,4.0,5.0,1.5,15.0,7.2,295.0,1022.6,,14.6,,,,,2025-10-16 10:20:00
320.0,5.0,6.0,,,,,1022.7,,14.6,,,,,2025-10-16 10:30:00
320.0,5.0,6.0,,,,,1022.7,,14.6,,,,,2025-10-16 10:40:00
320.0,5.0,7.0,1.7,13.0,7.7,289.0,1022.7,,14.6,,,,,2025-10-16 10:50:00
320.0,5.0,6.0,,,,,1022.8,,14.6,,,0.9,,2025-10-16 11:00:00
330.0,4.0,6.0,,,,,1022.8,,14.6,,,,,2025-10-16 11:10:00
330.0,4.0,6.0,1.6,13.0,7.3,284.0,1022.8,,14.6,,,,,2025-10-16 11:20:00
330.0,4.0,6.0,,,,,1022.8,,14.6,,,,,2025-10-16 11:30:00
340.0,5.0,7.0,,,,,1022.8,,14.6,,,,,2025-10-16 11:40:00
340.0,5.0,6.0,1.6,15.0,7.5,243.0,1022.7,,14.6,,,,,2025-10-16 11:50:00
340.0,3.0,5.0,,,,,1022.6,,14.6,,,0.6,,2025-10-16 12:00:00
330.0,3.0,4.0,,,,,1022.6,,14.6,,,,,2025-10-16 12:10:00
360.0,4.0,5.0,1.6,13.0,7.3,277.0,1022.5,,14.6,,,,,2025-10-16 12:20:00
10.0,4.0,5.0,,,,,1022.4,,14.6,,,,,2025-10-16 12:30:00
360.0,3.0,4.0,,,,,1022.5,,14.6,,,,,2025-10-16 12:40:00
360.0,3.0,4.0,1.6,13.0,7.5,263.0,1022.5,,14.6,,,,,2025-10-16 12:50:00
350.0,3.0,4.0,,,,,1022.4,,14.6,,,0.0,,2025-10-16 13:00:00
340.0,3.0,4.0,,,,,1022.5,,14.6,,,,,2025-10-16 13:10:00
330.0,4.0,5.0,1.6,15.0,7.1,223.0,1022.5,,14.6,,,,,2025-10-16 13:20:00
330.0,3.0,4.0,,,,,1022.6,,14.6,,,,,2025-10-16 13:30:00
330.0,3.0,4.0,,,,,1022.5,,14.6,,,,,2025-10-16 13:40:00
320.0,4.0,6.0,1.5,12.0,7.1,282.0,1022.6,,14.6,,,,,2025-10-16 13:50:00
290.0,3.0,4.0,,,,,1022.5,,14.6,,,-0.3,,2025-10-16 14:00:00
310.0,3.0,5.0,1.5,,7.4,296.0,1022.6,,14.6,,,,,2025-10-16 14:10:00
330.0,3.0,4.0,1.5,14.0,7.4,296.0,1022.6,,14.6,,,,,2025-10-16 14:20:00
360.0,3.0,4.0,,,,,1022.7,,14.6,,,,,2025-10-16 14:30:00
360.0,4.0,5.0,1.5,,7.1,284.0,1022.8,,14.6,,,,,2025-10-16 14:40:00
350.0,3.0,4.0,1.5,14.0,7.1,284.0,1022.9,,14.6,,,,,2025-10-16 14:50:00
20.0,3.0,4.0,,,,,1022.9,,14.6,,,0.3,,2025-10-16 15:00:00
360.0,2.0,3.0,1.3,,7.2,248.0,1023.0,,14.6,,,,,2025-10-16 15:10:00
340.0,2.0,3.0,1.3,15.0,7.2,248.0,1023.1,,14.6,,,,,2025-10-16 15:20:00
340.0,2.0,3.0,,,,,1023.1,,14.6,,,,,2025-10-16 15:30:00
360.0,2.0,3.0,,,,,1023.1,,14.6,,,,,2025-10-16 15:40:00
360.0,1.0,3.0,1.3,14.0,7.4,266.0,1023.0,,14.6,,,,,2025-10-16 15:50:00
320.0,1.0,2.0,,,,,1023.1,,14.6,,,0.7,,2025-10-16 16:00:00
,0.0,1.0,1.4,,7.5,279.0,1023.1,,14.6,,,,,2025-10-16 16:10:00
,0.0,1.0,1.4,14.0,7.5,279.0,1023.2,,,,,,,2025-10-16 16:20:00
340.0,1.0,2.0,,,,,1023.3,,14.6,,,,,2025-10-16 16:30:00
350.0,1.0,2.0,,,,,1023.4,,14.6,,,,,2025-10-16 16:40:00
360.0,1.0,2.0,1.4,15.0,7.4,254.0,1023.5,,14.6,,,,,2025-10-16 16:50:00
30.0,1.0,2.0,,,,,1023.4,,14.6,,,0.9,,2025-10-16 17:00:00
10.0,2.0,3.0,1.4,,8.1,254.0,1023.3,,14.7,,,,,2025-10-16 17:10:00
10.0,1.0,2.0,1.4,15.0,8.1,254.0,1023.1,,14.7,,,,,2025-10-16 17:20:00
,0.0,2.0,,,,,1023.2,,14.7,,,,,2025-10-16 17:30:00
280.0,1.0,3.0,1.4,,7.2,252.0,1023.3,,14.7,,,,,2025-10-16 17:40:00
310.0,2.0,3.0,1.4,15.0,7.2,252.0,1023.4,,14.7,,,,,2025-10-16 17:50:00
350.0,1.0,2.0,,,,,1023.1,,14.7,,,0.0,,2025-10-16 18:00:00
360.0,1.0,2.0,,,,,1023.3,,14.7,,,,,2025-10-16 18:10:00
350.0,1.0,2.0,1.4,12.0,7.7,292.0,1023.3,,14.7,,,,,2025-10-16 18:20:00
,0.0,1.0,,,,,1023.6,,14.7,,,,,2025-10-16 18:30:00
300.0,2.0,3.0,,,,,1023.7,,14.7,,,,,2025-10-16 18:40:00
280.0,1.0,2.0,1.4,15.0,7.6,277.0,1023.1,,14.7,,,,,2025-10-16 18:50:00
290.0,1.0,4.0,,,,,1022.9,,14.7,,,0.0,,2025-10-16 19:00:00
290.0,4.0,5.0,1.3,,7.0,206.0,1022.8,,14.7,,,,,2025-10-16 19:10:00
290.0,4.0,5.0,1.3,15.0,7.0,206.0,1022.5,,14.7,,,,,2025-10-16 19:20:00
290.0,3.0,4.0,,,,,1022.3,,14.7,,,,,2025-10-16 19:30:00
290.0,3.0,5.0,,,,,1022.9,,14.7,,,,,2025-10-16 19:40:00
290.0,4.0,5.0,1.5,14.0,7.6,242.0,1023.0,,14.7,,,,,2025-10-16 19:50:00
290.0,4.0,5.0,,,,,1022.9,,14.7,,,-0.5,,2025-10-16 20:00:00
290.0,5.0,6.0,1.6,,7.7,259.0,1023.0,,14.7,,,,,2025-10-16 20:10:00
290.0,5.0,6.0,1.6,15.0,7.7,259.0,1022.8,,14.7,,,,,2025-10-16 20:20:00
280.0,5.0,6.0,,,,,1022.5,,14.7,,,,,2025-10-16 20:30:00
280.0,4.0,5.0,,,,,1022.6,,14.7,,,,,2025-10-16 20:40:00
290.0,5.0,6.0,1.4,14.0,7.1,269.0,1022.7,,14.7,,,,,2025-10-16 20:50:00
290.0,5.0,6.0,,,,,1022.7,,14.7,,,-0.4,,2025-10-16 21:00:00
290.0,4.0,5.0,,,,,1022.7,,14.7,,,,,2025-10-16 21:10:00
290.0,4.0,5.0,1.6,15.0,8.1,269.0,1022.7,,,,,,,2025-10-16 21:20:00
300.0,4.0,5.0,,,,,1022.7,,14.7,,,,,2025-10-16 21:30:00
290.0,4.0,5.0,,,,,1022.7,,14.7,,,,,2025-10-16 21:40:00
290.0,4.0,5.0,1.4,15.0,7.7,265.0,1022.5,,14.7,,,,,2025-10-16 21:50:00
290.0,4.0,5.0,,,,,1022.6,,14.7,,,-0.3,,2025-10-16 22:00:00
290.0,4.0,6.0,1.3,,7.2,289.0,1022.4,,14.7,,,,,2025-10-16 22:10:00
290.0,4.0,5.0,1.3,12.0,7.2,289.0,1022.5,,14.7,,,,,2025-10-16 22:20:00
290.0,4.0,5.0,,,,,1022.4,,14.7,,,,,2025-10-16 22:30:00
280.0,4.0,5.0,1.3,,7.5,243.0,1022.6,,14.7,,,,,2025-10-16 22:40:00
270.0,4.0,5.0,1.3,14.0,7.5,243.0,1022.6,,14.7,,,,,2025-10-16 22:50:00
270.0,3.0,5.0,,,,,1022.5,,14.7,,,-0.4,,2025-10-16 23:00:00
270.0,4.0,5.0,1.3,,7.4,305.0,1022.2,,14.8,,,,,2025-10-16 23:10:00
260.0,4.0,5.0,1.3,10.0,7.4,305.0,1022.3,,14.8,,,,,2025-10-16 23:20:00
260.0,4.0,4.0,,,,,1022.3,,14.8,,,,,2025-10-16 23:40:00
260.0,4.0,5.0,1.4,15.0,8.0,260.0,1022.2,,14.8,,,,,2025-10-16 23:50:00
280.0,3.0,4.0,,,,,1022.2,,14.8,,,-0.5,,2025-10-17 00:00:00
280.0,4.0,5.0,,,,,1022.3,,14.8,,,,,2025-10-17 00:10:00
280.0,4.0,5.0,1.3,14.0,7.9,237.0,1021.9,,14.8,,,,,2025-10-17 00:20:00
270.0,3.0,4.0,,,,,1022.0,,14.8,,,,,2025-10-17 00:30:00
270.0,4.0,5.0,1.4,,7.9,287.0,1021.9,,14.8,,,,,2025-10-17 00:40:00
260.0,4.0,4.0,1.4,14.0,7.9,287.0,1021.9,,14.8,,,,,2025-10-17 00:50:00
260.0,4.0,5.0,,,,,1022.0,,14.8,,,-0.6,,2025-10-17 01:00:00
260.0,4.0,4.0,1.4,,7.9,274.0,1021.8,,14.8,,,,,2025-10-17 01:10:00
260.0,4.0,4.0,1.4,14.0,7.9,274.0,1022.0,,14.8,,,,,2025-10-17 01:20:00
260.0,4.0,4.0,,,,,1021.8,,14.8,,,,,2025-10-17 01:30:00
270.0,4.0,5.0,,,,,1021.7,,14.8,,,,,2025-10-17 01:40:00
270.0,4.0,5.0,1.3,14.0,7.8,253.0,1021.8,,14.8,,,,,2025-10-17 01:50:00
260.0,4.0,5.0,,,,,1021.7,,14.8,,,-0.8,,2025-10-17 02:00:00
260.0,4.0,5.0,1.3,,7.9,249.0,1021.6,,14.8,,,,,2025-10-17 02:10:00
260.0,4.0,4.0,1.3,14.0,7.9,249.0,1021.5,,14.8,,,,,2025-10-17 02:20:00
260.0,3.0,4.0,,,,,1021.5,,14.8,,,,,2025-10-17 02:30:00
260.0,3.0,4.0,,,,,1021.5,,14.8,,,,,2025-10-17 02:40:00
250.0,3.0,4.0,1.2,14.0,7.8,287.0,1021.5,,14.8,,,,,2025-10-17 02:50:00
240.0,3.0,4.0,,,,,1021.4,,14.8,,,-0.8,,2025-10-17 03:00:00
250.0,3.0,4.0,,,,,1021.5,,14.8,,,,,2025-10-17 03:10:00
260.0,4.0,4.0,1.4,14.0,7.9,281.0,1021.5,,14.8,,,,,2025-10-17 03:20:00
260.0,3.0,4.0,,,,,1021.4,,14.8,,,,,2025-10-17 03:30:00
240.0,4.0,4.0,,,,,1021.3,,14.8,,,,,2025-10-17 03:40:00
230.0,4.0,5.0,1.3,14.0,7.9,223.0,1021.4,,14.8,,,,,2025-10-17 03:50:00
240.0,4.0,5.0,,,,,1021.4,,14.8,,,-0.6,,2025-10-17 04:00:00
240.0,4.0,5.0,1.3,,7.6,290.0,1021.3,,14.8,,,,,2025-10-17 04:10:00
230.0,4.0,5.0,1.3,14.0,7.6,290.0,1021.1,,14.8,,,,,2025-10-17 04:20:00
210.0,5.0,5.0,,,,,1020.7,,14.8,,,,,2025-10-17 04:30:00
200.0,5.0,5.0,1.3,,7.9,264.0,1020.8,,14.8,,,,,2025-10-17 04:40:00
210.0,5.0,6.0,1.3,14.0,7.9,264.0,1020.9,,14.8,,,,,2025-10-17 04:50:00
210.0,4.0,5.0,,,,,1020.9,,14.8,,,-0.8,,2025-10-17 05:00:00
210.0,5.0,6.0,1.4,,8.1,249.0,1020.9,,14.8,,,,,2025-10-17 05:10:00
210.0,5.0,6.0,1.4,14.0,8.1,249.0,1020.8,,14.8,,,,,2025-10-17 05:20:00
200.0,5.0,6.0,,,,,1020.8,,14.8,,,,,2025-10-17 05:30:00
210.0,5.0,6.0,,,,,1020.8,,14.8,,,,,2025-10-17 05:40:00
210.0,5.0,6.0,1.3,15.0,7.6,267.0,1020.7,,14.8,,,,,2025-10-17 05:50:00
210.0,5.0,6.0,,,,,1020.6,,14.8,,,-0.8,,2025-10-17 06:00:00
210.0,6.0,7.0,1.2,,7.3,245.0,1020.6,,14.8,,,,,2025-10-17 06:10:00
220.0,5.0,6.0,1.2,14.0,7.3,245.0,1020.9,,14.8,,,,,2025-10-17 06:20:00
230.0,6.0,7.0,,,,,1020.7,,14.8,,,,,2025-10-17 06:30:00
230.0,6.0,6.0,,,,,1020.6,,14.8,,,,,2025-10-17 06:40:00
230.0,6.0,7.0,1.4,14.0,7.4,287.0,1020.7,,14.8,,,,,2025-10-17 06:50:00
230.0,6.0,6.0,,,,,1020.8,,14.8,,,-0.6,,2025-10-17 07:00:00
230.0,5.0,7.0,1.3,,6.9,262.0,1020.7,,14.8,,,,,2025-10-17 07:10:00
230.0,5.0,6.0,1.3,13.0,6.9,262.0,1020.6,,14.8,,,,,2025-10-17 07:20:00
230.0,5.0,6.0,,,,,1020.6,,14.8,,,,,2025-10-17 07:30:00
230.0,5.0,6.0,,,,,1020.5,,14.8,,,,,2025-10-17 07:40:00
230.0,6.0,7.0,1.3,13.0,6.4,261.0,1020.4,,14.8,,,,,2025-10-17 07:50:00
230.0,6.0,7.0,,,,,1020.3,,14.8,,,-0.6,,2025-10-17 08:00:00
230.0,6.0,7.0,,,,,1020.3,,14.8,,,,,2025-10-17 08:10:00
230.0,6.0,7.0,1.4,14.0,6.8,275.0,1020.1,,14.8,,,,,2025-10-17 08:20:00
230.0,5.0,7.0,,,,,1020.1,,14.8,,,,,2025-10-17 08:30:00
240.0,6.0,7.0,,,,,1020.1,,14.8,,,,,2025-10-17 08:40:00
240.0,6.0,7.0,1.4,14.0,6.7,271.0,1020.1,,14.8,,,,,2025-10-17 08:50:00
250.0,6.0,6.0,,,,,1020.1,,14.8,,,-0.5,,2025-10-17 09:00:00
250.0,5.0,6.0,1.3,,6.3,276.0,1020.0,,14.8,,,,,2025-10-17 09:10:00
260.0,6.0,7.0,1.3,13.0,6.3,276.0,1020.1,,14.8,,,,,2025-10-17 09:20:00
310.0,8.0,11.0,,,,,1020.4,,14.8,,,,,2025-10-17 09:30:00
330.0,8.0,10.0,1.5,,6.3,271.0,1020.5,,14.8,,,,,2025-10-17 09:40:00
340.0,9.0,11.0,1.5,13.0,6.3,271.0,1020.5,,14.8,,,,,2025-10-17 09:50:00
340.0,8.0,9.0,,,,,1020.4,,14.8,,,-0.4,,2025-10-17 10:00:00
340.0,7.0,9.0,1.5,,6.1,276.0,1020.5,,14.8,,,,,2025-10-17 10:10:00
330.0,8.0,9.0,1.5,12.0,6.1,276.0,1020.4,,14.8,,,,,2025-10-17 10:20:00
340.0,7.0,9.0,,,,,1020.3,,14.8,,,,,2025-10-17 10:30:00
340.0,7.0,9.0,,,,,1020.0,,14.8,,,,,2025-10-17 10:40:00
340.0,7.0,9.0,1.6,15.0,6.3,265.0,1020.3,,14.8,,,,,2025-10-17 10:50:00
340.0,8.0,10.0,,,,,1020.3,,14.8,,,0.0,,2025-10-17 11:00:00
350.0,8.0,9.0,,,,,1020.3,,14.8,,,,,2025-10-17 11:10:00
340.0,8.0,10.0,1.7,8.0,6.3,309.0,1020.2,,14.8,,,,,2025-10-17 11:20:00
350.0,8.0,9.0,,,,,1020.3,,14.8,,,,,2025-10-17 11:30:00
350.0,8.0,9.0,1.8,,6.4,279.0,1020.2,,14.8,,,,,2025-10-17 11:40:00
360.0,8.0,9.0,1.8,14.0,6.4,279.0,1020.2,,14.8,,,,,2025-10-17 11:50:00
350.0,7.0,8.0,,,,,1020.3,,14.8,,,0.0,,2025-10-17 12:00:00
350.0,7.0,8.0,1.9,,6.4,280.0,1020.3,,14.8,,,,,2025-10-17 12:10:00
350.0,7.0,9.0,1.9,13.0,6.4,280.0,1020.4,,14.8,,,,,2025-10-17 12:20:00
340.0,8.0,9.0,,,,,1020.5,,14.7,,,,,2025-10-17 12:30:00
350.0,7.0,9.0,1.7,,6.1,310.0,1020.5,,14.7,,,,,2025-10-17 12:40:00
350.0,8.0,9.0,1.7,15.0,6.1,310.0,1020.7,,14.7,,,,,2025-10-17 12:50:00
350.0,8.0,10.0,,,,,1020.8,,14.7,,,0.4,,2025-10-17 13:00:00
340.0,8.0,10.0,1.8,,6.3,282.0,1020.7,,14.7,,,,,2025-10-17 13:10:00
350.0,8.0,10.0,1.8,13.0,6.3,282.0,1020.9,,14.6,,,,,2025-10-17 13:20:00
350.0,8.0,10.0,,,,,1021.0,,14.6,,,,,2025-10-17 13:30:00
340.0,8.0,10.0,,,,,1021.1,,14.6,,,,,2025-10-17 13:40:00
350.0,8.0,9.0,1.8,13.0,6.3,286.0,1020.9,,14.7,,,,,2025-10-17 13:50:00
350.0,7.0,9.0,,,,,1020.9,,14.7,,,0.6,,2025-10-17 14:00:00
350.0,7.0,8.0,2.0,,6.7,310.0,1020.9,,14.7,,,,,2025-10-17 14:10:00
340.0,7.0,8.0,2.0,12.0,6.7,310.0,1020.9,,14.7,,,,,2025-10-17 14:20:00
340.0,7.0,9.0,,,,,1021.1,,14.8,,,,,2025-10-17 14:30:00
350.0,7.0,9.0,,,,,1021.1,,14.8,,,,,2025-10-17 14:40:00
340.0,7.0,9.0,2.0,11.0,6.6,309.0,1021.0,,14.8,,,,,2025-10-17 14:50:00
350.0,7.0,9.0,,,,,1021.1,,14.8,,,0.8,,2025-10-17 15:00:00
340.0,7.0,9.0,1.9,,6.5,315.0,1021.1,,14.8,,,,,2025-10-17 15:10:00
350.0,7.0,9.0,1.9,8.0,6.5,315.0,1021.1,,14.7,,,,,2025-10-17 15:20:00
350.0,7.0,8.0,,,,,1020.9,,14.7,,,,,2025-10-17 15:30:00
340.0,7.0,9.0,2.1,,6.7,310.0,1021.2,,14.7,,,,,2025-10-17 15:40:00
340.0,7.0,8.0,2.1,10.0,6.7,310.0,1021.2,,14.7,,,,,2025-10-17 15:50:00
340.0,7.0,9.0,,,,,1021.5,,14.7,,,0.7,,2025-10-17 16:00:00
340.0,7.0,8.0,2.0,,6.8,278.0,1021.4,,14.7,,,,,2025-10-17 16:10:00
350.0,7.0,8.0,2.0,19.0,6.8,278.0,1021.4,,14.7,,,,,2025-10-17 16:20:00
340.0,7.0,8.0,,,,,1021.7,,14.7,,,,,2025-10-17 16:30:00
340.0,7.0,8.0,,,,,1022.1,,14.7,,,,,2025-10-17 16:40:00
340.0,7.0,8.0,2.0,10.0,6.7,307.0,1022.2,,14.7,,,,,2025-10-17 16:50:00
340.0,7.0,8.0,,,,,1022.2,,14.7,,,1.3,,2025-10-17 17:00:00
340.0,7.0,8.0,2.0,,7.2,297.0,1022.0,,14.7,,,,,2025-10-17 17:10:00
350.0,6.0,7.0,2.0,11.0,7.2,297.0,1022.0,,14.7,,,,,2025-10-17 17:20:00
350.0,6.0,7.0,,,,,1022.1,,14.7,,,,,2025-10-17 17:30:00
350.0,6.0,7.0,,,,,1022.1,,14.6,,,,,2025-10-17 17:40:00
350.0,5.0,7.0,2.0,10.0,7.1,309.0,1022.1,,14.6,,,,,2025-10-17 17:50:00
340.0,6.0,7.0,2.2,,7.8,289.0,1022.2,,14.6,,,1.1,,2025-10-17 18:00:00
340.0,6.0,7.0,,,,,1022.3,,14.6,,,,,2025-10-17 18:10:00
340.0,6.0,8.0,2.2,19.0,7.8,289.0,1022.3,,14.6,,,,,2025-10-17 18:20:00
340.0,6.0,7.0,,,,,1022.5,,14.6,,,,,2025-10-17 18:30:00
350.0,6.0,7.0,,,,,1022.5,,14.6,,,,,2025-10-17 18:40:00
340.0,6.0,7.0,2.1,19.0,7.5,271.0,1022.6,,14.6,,,,,2025-10-17 18:50:00
340.0,6.0,7.0,,,,,1022.6,,14.6,,,1.1,,2025-10-17 19:00:00
340.0,6.0,7.0,,,,,1022.6,,14.6,,,,,2025-10-17 19:10:00
340.0,6.0,7.0,2.3,19.0,7.8,310.0,1022.7,,14.6,,,,,2025-10-17 19:20:00
340.0,6.0,7.0,,,,,1022.6,,14.6,,,,,2025-10-17 19:30:00
340.0,6.0,7.0,2.3,,8.0,304.0,1022.7,,14.6,,,,,2025-10-17 19:40:00
340.0,6.0,7.0,2.3,19.0,8.0,304.0,1022.6,,14.6,,,,,2025-10-17 19:50:00
340.0,5.0,6.0,,,,,1022.6,,14.6,,,0.4,,2025-10-17 20:00:00
340.0,6.0,7.0,2.4,,7.9,315.0,1022.6,,14.6,,,,,2025-10-17 20:10:00
340.0,6.0,7.0,2.4,19.0,7.9,315.0,1022.7,,14.6,,,,,2025-10-17 20:20:00
340.0,6.0,7.0,,,,,1022.6,,14.6,,,,,2025-10-17 20:30:00
350.0,6.0,7.0,2.6,,8.4,303.0,1022.6,,14.6,,,,,2025-10-17 20:40:00
340.0,5.0,7.0,2.6,19.0,8.4,303.0,1022.4,,14.7,,,,,2025-10-17 20:50:00
350.0,5.0,7.0,,,,,1022.5,,14.7,,,0.3,,2025-10-17 21:00:00
,,,2.6,19.0,8.0,289.0,,,,,,,,2025-10-17 21:10:00
350.0,5.0,6.0,2.6,,8.0,289.0,1022.5,,14.8,,,,,2025-10-17 21:20:00
340.0,5.0,6.0,,,,,1022.6,,14.8,,,,,2025-10-17 21:30:00
340.0,5.0,6.0,2.9,,8.8,280.0,1022.6,,14.8,,,,,2025-10-17 21:40:00
340.0,5.0,6.0,2.9,19.0,8.8,280.0,1022.5,,,,,,,2025-10-17 21:50:00
350.0,5.0,6.0,,,,,1022.5,,14.8,,,0.0,,2025-10-17 22:00:00
350.0,5.0,6.0,2.8,,8.6,285.0,1022.5,,14.8,,,,,2025-10-17 22:10:00
350.0,5.0,7.0,2.8,19.0,8.6,285.0,1022.6,,14.8,,,,,2025-10-17 22:20:00
350.0,5.0,7.0,,,,,1022.4,,14.8,,,,,2025-10-17 22:30:00
350.0,5.0,6.0,,,,,1022.3,,14.8,,,,,2025-10-17 22:40:00
350.0,4.0,5.0,2.8,19.0,9.6,281.0,1022.2,,14.8,,,,,2025-10-17 22:50:00
350.0,5.0,5.0,,,,,1022.3,,14.8,,,-0.3,,2025-10-17 23:00:00
350.0,5.0,6.0,2.5,,8.4,283.0,1022.3,,14.8,,,,,2025-10-17 23:10:00
350.0,5.0,6.0,2.5,17.0,8.4,283.0,1022.3,,14.8,,,,,2025-10-17 23:20:00
350.0,5.0,6.0,,,,,1022.3,,14.8,,,,,2025-10-17 23:40:00
340.0,5.0,7.0,3.0,17.0,9.6,287.0,1022.4,,14.8,,,,,2025-10-17 23:50:00
350.0,5.0,7.0,,,,,1022.2,,14.8,,,-0.3,,2025-10-18 00:00:00
350.0,5.0,6.0,2.8,,9.1,292.0,1022.2,,14.8,,,,,2025-10-18 00:10:00
350.0,4.0,6.0,2.8,17.0,9.1,292.0,1022.2,,14.8,,,,,2025-10-18 00:20:00
340.0,4.0,5.0,,,,,1022.1,,14.8,,,,,2025-10-18 00:30:00
350.0,5.0,6.0,,,,,1022.1,,14.8,,,,,2025-10-18 00:40:00
350.0,5.0,6.0,2.8,17.0,9.6,288.0,1022.1,,14.8,,,,,2025-10-18 00:50:00
340.0,4.0,5.0,,,,,1022.0,,14.8,,,-0.5,,2025-10-18 01:00:00
340.0,4.0,5.0,2.9,,9.7,297.0,1021.8,,14.8,,,,,2025-10-18 01:10:00
350.0,4.0,5.0,2.9,17.0,9.7,297.0,1021.8,,14.8,,,,,2025-10-18 01:20:00
350.0,4.0,5.0,,,,,1021.9,,14.8,,,,,2025-10-18 01:30:00
350.0,5.0,5.0,2.9,,10.2,291.0,1022.1,,14.8,,,,,2025-10-18 01:40:00
350.0,5.0,6.0,2.9,17.0,10.2,291.0,1022.2,,14.8,,,,,2025-10-18 01:50:00
350.0,5.0,6.0,,,,,1022.3,,14.7,,,-0.0,,2025-10-18 02:00:00
340.0,5.0,6.0,2.9,,10.3,290.0,1022.4,,14.7,,,,,2025-10-18 02:10:00
340.0,5.0,6.0,2.9,17.0,10.3,290.0,1022.5,,14.7,,,,,2025-10-18 02:20:00
340.0,5.0,6.0,,,,,1022.6,,14.7,,,,,2025-10-18 02:30:00
340.0,5.0,6.0,2.9,,10.3,295.0,1022.7,,14.7,,,,,2025-10-18 02:40:00
340.0,5.0,6.0,2.9,17.0,10.3,295.0,1022.6,,14.7,,,,,2025-10-18 02:50:00
350.0,4.0,5.0,,,,,1022.4,,14.7,,,0.0,,2025-10-18 03:00:00
350.0,4.0,5.0,2.7,,9.7,313.0,1022.4,,14.7,,,,,2025-10-18 03:10:00
360.0,4.0,5.0,2.7,17.0,9.7,313.0,1022.5,,14.7,,,,,2025-10-18 03:20:00
360.0,4.0,6.0,,,,,1022.7,,14.7,,,,,2025-10-18 03:30:00
360.0,4.0,5.0,2.7,,9.8,295.0,1022.8,,14.7,,,,,2025-10-18 03:40:00
350.0,4.0,5.0,2.7,17.0,9.8,295.0,1022.8,,14.7,,,,,2025-10-18 03:50:00
360.0,4.0,5.0,,,,,1022.7,,14.7,,,0.7,,2025-10-18 04:00:00
350.0,4.0,5.0,2.9,,10.5,302.0,1022.7,,14.7,,,,,2025-10-18 04:10:00
360.0,4.0,5.0,2.9,17.0,10.5,302.0,1022.8,,14.7,,,,,2025-10-18 04:20:00
360.0,4.0,5.0,,,,,1022.8,,14.7,,,,,2025-10-18 04:30:00
360.0,4.0,5.0,3.6,,11.7,304.0,1022.8,,14.7,,,,,2025-10-18 04:40:00
360.0,4.0,5.0,3.6,17.0,11.7,304.0,1022.9,,14.7,,,,,2025-10-18 04:50:00
360.0,4.0,5.0,,,,,1022.8,,14.7,,,0.5,,2025-10-18 05:00:00
10.0,3.0,5.0,3.2,,11.5,309.0,1022.7,,14.6,,,,,2025-10-18 05:10:00
10.0,3.0,4.0,3.2,16.0,11.5,309.0,1022.5,,14.6,,,,,2025-10-18 05:20:00
10.0,3.0,4.0,,,,,1022.5,,14.6,,,,,2025-10-18 05:30:00
10.0,3.0,4.0,,,,,1022.5,,14.6,,,,,2025-10-18 05:40:00
10.0,3.0,4.0,4.3,17.0,12.8,309.0,1022.4,,14.6,,,,,2025-10-18 05:50:00
20.0,3.0,4.0,,,,,1022.3,,14.6,,,0.0,,2025-10-18 06:00:00
10.0,3.0,4.0,4.1,,12.8,310.0,1022.2,,14.6,,,,,2025-10-18 06:10:00
20.0,2.0,3.0,4.1,17.0,12.8,310.0,1022.4,,14.6,,,,,2025-10-18 06:20:00
10.0,2.0,3.0,,,,,1022.3,,14.6,,,,,2025-10-18 06:30:00
30.0,2.0,3.0,3.8,,12.4,316.0,1022.1,,14.6,,,,,2025-10-18 06:40:00
30.0,2.0,3.0,3.8,17.0,12.4,316.0,1022.1,,14.6,,,,,2025-10-18 06:50:00
40.0,2.0,3.0,,,,,1022.2,,,,,-0.5,,2025-10-18 07:00:00
20.0,2.0,3.0,4.8,,13.3,316.0,1022.0,,14.6,,,,,2025-10-18 07:10:00
40.0,1.0,2.0,4.8,16.0,13.3,316.0,1022.0,,,,,,,2025-10-18 07:20:00
40.0,1.0,2.0,,,,,1022.0,,14.6,,,,,2025-10-18 07:30:00
60.0,1.0,2.0,,,,,1021.9,,14.6,,,,,2025-10-18 07:40:00
80.0,1.0,3.0,4.4,16.0,12.5,314.0,1022.0,,14.6,,,,,2025-10-18 07:50:00
,0.0,2.0,,,,,1022.0,,14.6,,,-0.8,,2025-10-18 08:00:00
30.0,1.0,2.0,,,,,1022.0,,14.6,,,,,2025-10-18 08:10:00
70.0,1.0,3.0,4.1,16.0,12.1,312.0,1022.0,,14.6,,,,,2025-10-18 08:20:00
80.0,1.0,2.0,,,,,1021.9,,14.6,,,,,2025-10-18 08:30:00
,0.0,3.0,,,,,1021.9,,14.6,,,,,2025-10-18 08:40:00
120.0,1.0,3.0,5.1,16.0,13.1,309.0,1021.6,,,,,,,2025-10-18 08:50:00
130.0,1.0,3.0,,,,,1021.6,,14.6,,,-0.7,,2025-10-18 09:00:00
140.0,1.0,3.0,,,,,1021.4,,14.6,,,,,2025-10-18 09:10:00
130.0,2.0,4.0,5.0,16.0,12.9,305.0,1021.5,,,,,,,2025-10-18 09:20:00
130.0,1.0,3.0,,,,,1021.5,,14.5,,,,,2025-10-18 09:30:00
170.0,1.0,3.0,4.5,,12.0,298.0,1021.7,,14.6,,,,,2025-10-18 09:40:00
170.0,1.0,3.0,4.5,17.0,12.0,298.0,1021.5,,14.5,,,,,2025-10-18 09:50:00
180.0,1.0,3.0,,,,,1021.6,,14.5,,,-0.6,,2025-10-18 10:00:00
200.0,1.0,2.0,,,,,1021.6,,14.6,,,,,2025-10-18 10:10:00
,0.0,2.0,4.9,16.0,12.3,295.0,1021.6,,14.6,,,,,2025-10-18 10:20:00
,0.0,2.0,,,,,1021.5,,14.6,,,,,2025-10-18 10:30:00
210.0,1.0,2.0,,,,,1021.4,,14.6,,,,,2025-10-18 10:40:00
190.0,1.0,3.0,4.8,16.0,12.7,294.0,1021.2,,14.6,,,,,2025-10-18 10:50:00
190.0,1.0,2.0,,,,,1021.3,,14.6,,,-0.7,,2025-10-18 11:00:00
220.0,1.0,3.0,5.0,,12.5,286.0,1021.5,,14.6,,,,,2025-10-18 11:10:00
230.0,1.0,2.0,5.0,16.0,12.5,286.0,1021.5,,14.6,,,,,2025-10-18 11:20:00
220.0,1.0,3.0,,,,,1021.5,,14.6,,,,,2025-10-18 11:30:00
220.0,2.0,3.0,,,,,1021.3,,14.6,,,,,2025-10-18 11:40:00
190.0,1.0,4.0,4.5,16.0,12.3,290.0,1021.0,,14.6,,,,,2025-10-18 11:50:00
140.0,2.0,4.0,,,,,1020.6,,14.6,,,-1.0,,2025-10-18 12:00:00
140.0,2.0,5.0,4.8,,12.4,295.0,1020.5,,14.6,,,,,2025-10-18 12:10:00
140.0,2.0,5.0,4.8,16.0,12.4,295.0,1020.3,,14.6,,,,,2025-10-18 12:20:00
150.0,2.0,5.0,,,,,1020.5,,14.6,,,,,2025-10-18 12:30:00
170.0,2.0,4.0,4.5,,12.1,281.0,1020.6,,14.6,,,,,2025-10-18 12:40:00
170.0,2.0,4.0,4.5,17.0,12.1,281.0,1020.5,,14.6,,,,,2025-10-18 12:50:00
160.0,2.0,4.0,,,,,1020.3,,14.6,,,-1.3,,2025-10-18 13:00:00
150.0,2.0,4.0,5.0,,12.7,291.0,1020.2,,14.6,,,,,2025-10-18 13:10:00
160.0,3.0,6.0,5.0,16.0,12.7,291.0,1020.1,,14.6,,,,,2025-10-18 13:20:00
160.0,3.0,4.0,,,,,1019.9,,14.6,,,,,2025-10-18 13:30:00
170.0,3.0,5.0,4.6,,12.1,293.0,1019.9,,14.6,,,,,2025-10-18 13:40:00
190.0,3.0,5.0,4.6,15.0,12.1,293.0,1020.1,,14.6,,,,,2025-10-18 13:50:00
180.0,3.0,4.0,,,,,1019.9,,14.6,,,-1.4,,2025-10-18 14:00:00
190.0,3.0,5.0,4.8,,12.2,294.0,1019.8,,14.6,,,,,2025-10-18 14:10:00
180.0,3.0,5.0,4.8,16.0,12.2,294.0,1019.3,,14.6,,,,,2025-10-18 14:20:00
170.0,4.0,5.0,,,,,1019.2,,14.6,,,,,2025-10-18 14:30:00
170.0,4.0,6.0,,,,,1019.0,,14.6,,,,,2025-10-18 14:40:00
170.0,4.0,5.0,4.3,16.0,11.7,294.0,1018.8,,14.6,,,,,2025-10-18 14:50:00
170.0,4.0,6.0,,,,,1018.6,,14.6,,,-2.0,,2025-10-18 15:00:00
170.0,5.0,6.0,4.6,,12.3,288.0,1018.6,,14.6,,,,,2025-10-18 15:10:00
170.0,5.0,6.0,4.6,16.0,12.3,288.0,1018.4,,14.6,,,,,2025-10-18 15:20:00
170.0,5.0,6.0,,,,,1018.5,,14.6,,,,,2025-10-18 15:30:00
170.0,5.0,7.0,3.8,,11.8,286.0,1018.3,,14.6,,,,,2025-10-18 15:40:00
170.0,6.0,7.0,3.8,16.0,11.8,286.0,1018.2,,14.6,,,,,2025-10-18 15:50:00
170.0,6.0,8.0,,,,,1018.2,,14.6,,,-2.1,,2025-10-18 16:00:00
180.0,6.0,8.0,4.1,,11.9,292.0,1017.8,,14.6,,,,,2025-10-18 16:10:00
170.0,7.0,8.0,4.1,16.0,11.9,292.0,1017.8,,14.6,,,,,2025-10-18 16:20:00
180.0,7.0,8.0,,,,,1017.8,,14.6,,,,,2025-10-18 16:30:00
180.0,7.0,8.0,3.6,,11.5,285.0,1017.6,,14.6,,,,,2025-10-18 16:40:00
180.0,7.0,9.0,3.6,16.0,11.5,285.0,1017.7,,14.6,,,,,2025-10-18 16:50:00
180.0,7.0,8.0,,,,,1017.5,,14.6,,,-2.4,,2025-10-18 17:00:00
190.0,7.0,9.0,3.8,,11.4,293.0,1017.1,,14.7,,,,,2025-10-18 17:10:00
180.0,8.0,10.0,3.8,16.0,11.4,293.0,1017.2,,14.7,,,,,2025-10-18 17:20:00
180.0,8.0,9.0,,,,,1017.2,,14.7,,,,,2025-10-18 17:30:00
180.0,8.0,10.0,,,,,1016.7,,14.6,,,,,2025-10-18 17:40:00
180.0,8.0,10.0,4.1,14.0,11.5,295.0,1017.0,,14.6,,,,,2025-10-18 17:50:00
180.0,8.0,10.0,,,,,1016.9,,14.6,,,-1.7,,2025-10-18 18:00:00
180.0,8.0,10.0,,,,,1016.6,,14.6,,,,,2025-10-18 18:10:00
180.0,8.0,10.0,3.6,15.0,10.5,292.0,1016.3,,14.6,,,,,2025-10-18 18:20:00
180.0,7.0,10.0,,,,,1015.9,,14.6,,,,,2025-10-18 18:30:00
180.0,8.0,10.0,,,,,1016.0,,14.7,,,,,2025-10-18 18:40:00
190.0,7.0,9.0,3.5,15.0,10.5,293.0,1016.1,,14.7,,,,,2025-10-18 18:50:00
180.0,8.0,10.0,,,,,1016.0,,14.7,,,-2.2,,2025-10-18 19:00:00
190.0,8.0,10.0,3.6,,10.3,305.0,1016.2,,14.7,,,,,2025-10-18 19:10:00
200.0,8.0,9.0,3.6,16.0,10.3,305.0,1016.2,,14.7,,,,,2025-10-18 19:20:00
190.0,8.0,10.0,,,,,1016.1,,14.7,,,,,2025-10-18 19:30:00
200.0,8.0,10.0,3.1,,9.5,293.0,1016.1,,14.7,,,,,2025-10-18 19:40:00
190.0,8.0,10.0,3.1,15.0,9.5,293.0,1016.1,,14.7,,,,,2025-10-18 19:50:00
190.0,8.0,10.0,,,,,1015.9,,14.7,,,-1.6,,2025-10-18 20:00:00
190.0,8.0,10.0,3.3,,9.8,296.0,1015.7,,14.7,,,,,2025-10-18 20:10:00
200.0,9.0,10.0,3.3,15.0,9.8,296.0,1015.5,,,,,,,2025-10-18 20:20:00
200.0,8.0,10.0,,,,,1015.3,,14.7,,,,,2025-10-18 20:30:00
200.0,9.0,11.0,3.8,,10.0,289.0,1014.9,,14.7,,,,,2025-10-18 20:40:00
190.0,9.0,11.0,3.8,15.0,10.0,289.0,1014.8,,14.7,,,,,2025-10-18 20:50:00
190.0,9.0,11.0,,,,,1014.5,,14.7,,,-2.4,,2025-10-18 21:00:00
190.0,9.0,11.0,3.5,,9.4,297.0,1014.1,,14.7,,,,,2025-10-18 21:10:00
190.0,9.0,11.0,3.5,15.0,9.4,297.0,1013.8,,14.7,,,,,2025-10-18 21:20:00
190.0,9.0,11.0,,,,,1014.0,,14.7,,,,,2025-10-18 21:30:00
190.0,9.0,11.0,,,,,1014.0,,14.7,,,,,2025-10-18 21:40:00
200.0,9.0,12.0,4.0,15.0,9.9,292.0,1013.9,,14.7,,,,,2025-10-18 21:50:00
200.0,9.0,12.0,,,,,1013.5,,14.7,,,-2.5,,2025-10-18 22:00:00
200.0,9.0,11.0,,,,,1013.7,,14.7,,,,,2025-10-18 22:10:00
200.0,9.0,11.0,3.3,14.0,8.4,292.0,1013.6,,14.7,,,,,2025-10-18 22:20:00
200.0,9.0,11.0,,,,,1013.5,,14.7,,,,,2025-10-18 22:30:00
200.0,10.0,12.0,4.0,,9.3,296.0,1013.1,,14.7,,,,,2025-10-18 22:40:00
200.0,10.0,12.0,4.0,15.0,9.3,296.0,1012.7,,14.7,,,,,2025-10-18 22:50:00
190.0,10.0,13.0,,,,,1012.5,,14.7,,,-3.4,,2025-10-18 23:00:00
200.0,10.0,13.0,,,,,1012.3,,14.7,,,,,2025-10-18 23:10:00
200.0,10.0,13.0,4.2,15.0,9.7,284.0,1012.4,,14.7,,,,,2025-10-18 23:20:00
200.0,10.0,13.0,,,,,1012.0,,14.7,,,,,2025-10-18 23:40:00
190.0,11.0,13.0,3.3,15.0,8.0,284.0,1011.8,,14.7,,,,,2025-10-18 23:50:00
190.0,10.0,13.0,,,,,1011.7,,14.7,,,-2.8,,2025-10-19 00:00:00
190.0,11.0,13.0,3.3,,8.1,283.0,1011.1,,14.7,,,,,2025-10-19 00:10:00
190.0,11.0,13.0,3.3,15.0,8.1,283.0,1011.1,,14.7,,,,,2025-10-19 00:20:00
190.0,10.0,13.0,,,,,1010.9,,14.7,,,,,2025-10-19 00:30:00
190.0,11.0,14.0,3.3,,8.0,295.0,1010.5,,14.7,,,,,2025-10-19 00:40:00
190.0,10.0,13.0,3.3,15.0,8.0,295.0,1010.4,,14.7,,,,,2025-10-19 00:50:00
190.0,11.0,13.0,,,,,1010.1,,14.7,,,-3.4,,2025-10-19 01:00:00
190.0,11.0,13.0,3.6,,8.2,285.0,1009.9,,14.7,,,,,2025-10-19 01:10:00
190.0,11.0,14.0,3.6,15.0,8.2,285.0,1009.5,,14.7,,,,,2025-10-19 01:20:00
190.0,12.0,14.0,,,,,1009.3,,14.7,,,,,2025-10-19 01:30:00
200.0,12.0,14.0,,,,,1009.3,,14.7,,,,,2025-10-19 01:40:00
190.0,12.0,14.0,3.4,15.0,7.8,284.0,1009.0,,14.7,,,,,2025-10-19 01:50:00
200.0,11.0,13.0,,,,,1008.7,,14.7,,,-3.8,,2025-10-19 02:00:00
200.0,11.0,13.0,3.4,,7.9,284.0,1008.5,,14.7,,,,,2025-10-19 02:10:00
190.0,11.0,14.0,3.4,15.0,7.9,284.0,1008.3,,14.7,,,,,2025-10-19 02:20:00
190.0,12.0,15.0,,,,,1008.2,,14.7,,,,,2025-10-19 02:30:00
200.0,11.0,14.0,,,,,1008.0,,14.7,,,,,2025-10-19 02:40:00
200.0,12.0,14.0,3.6,15.0,7.8,282.0,1008.2,,14.7,,,,,2025-10-19 02:50:00
230.0,13.0,17.0,,,,,1009.0,,14.7,,,-2.7,,2025-10-19 03:00:00
260.0,10.0,12.0,3.7,,7.7,287.0,1008.8,,14.7,,,,,2025-10-19 03:10:00
260.0,11.0,13.0,3.7,14.0,7.7,287.0,1008.8,,14.7,,,,,2025-10-19 03:20:00
260.0,11.0,14.0,,,,,1008.6,,14.7,,,,,2025-10-19 03:30:00
260.0,10.0,12.0,,,,,1008.6,,14.7,,,,,2025-10-19 03:40:00
260.0,10.0,12.0,4.1,15.0,7.9,289.0,1008.9,,14.7,,,,,2025-10-19 03:50:00
260.0,10.0,12.0,,,,,1008.7,,14.7,,,-1.4,,2025-10-19 04:00:00
260.0,9.0,12.0,3.6,,7.7,287.0,1008.4,,14.7,,,,,2025-10-19 04:10:00
250.0,8.0,11.0,3.6,14.0,7.7,287.0,1008.5,,14.7,,,,,2025-10-19 04:20:00
250.0,9.0,11.0,,,,,1008.7,,14.7,,,,,2025-10-19 04:30:00
250.0,10.0,12.0,,,,,1008.7,,14.7,,,,,2025-10-19 04:40:00
250.0,10.0,12.0,3.9,14.0,8.1,287.0,1008.8,,14.7,,,,,2025-10-19 04:50:00
250.0,11.0,13.0,,,,,1008.9,,14.7,,,0.0,,2025-10-19 05:00:00
240.0,10.0,12.0,3.6,,7.7,289.0,1008.8,,14.7,,,,,2025-10-19 05:10:00
250.0,10.0,12.0,3.6,15.0,7.7,289.0,1008.8,,14.7,,,,,2025-10-19 05:20:00
250.0,10.0,12.0,,,,,1008.9,,14.7,,,,,2025-10-19 05:30:00
240.0,10.0,12.0,,,,,1008.8,,14.7,,,,,2025-10-19 05:40:00
250.0,11.0,13.0,4.0,12.0,8.2,297.0,1008.9,,14.7,,,,,2025-10-19 05:50:00
250.0,10.0,12.0,,,,,1009.0,,14.7,,,-0.0,,2025-10-19 06:00:00
240.0,10.0,12.0,3.9,,8.2,293.0,1009.1,,14.7,,,,,2025-10-19 06:10:00
250.0,10.0,12.0,3.9,15.0,8.2,293.0,1009.2,,14.7,,,,,2025-10-19 06:20:00
250.0,9.0,12.0,,,,,1009.1,,14.7,,,,,2025-10-19 06:30:00
250.0,9.0,13.0,3.8,,8.1,297.0,1009.2,,14.7,,,,,2025-10-19 06:40:00
250.0,10.0,13.0,3.8,15.0,8.1,297.0,1009.1,,14.7,,,,,2025-10-19 06:50:00
250.0,10.0,13.0,,,,,1009.1,,14.7,,,0.4,,2025-10-19 07:00:00
260.0,11.0,13.0,3.7,,8.0,296.0,1009.3,,14.7,,,,,2025-10-19 07:10:00
260.0,11.0,13.0,3.7,15.0,8.0,296.0,1009.3,,14.7,,,,,2025-10-19 07:20:00
260.0,10.0,12.0,,,,,1009.3,,14.7,,,,,2025-10-19 07:30:00
260.0,10.0,12.0,3.9,,8.1,294.0,1009.3,,14.7,,,,,2025-10-19 07:40:00
250.0,10.0,12.0,3.9,13.0,8.1,294.0,1009.2,,14.7,,,,,2025-10-19 07:50:00
250.0,9.0,11.0,,,,,1009.3,,14.7,,,0.4,,2025-10-19 08:00:00
250.0,9.0,12.0,,,,,1009.3,,14.7,,,,,2025-10-19 08:10:00
260.0,10.0,12.0,3.7,11.0,7.8,297.0,1009.2,,14.7,,,,,2025-10-19 08:20:00
250.0,11.0,13.0,,,,,1009.2,,14.7,,,,,2025-10-19 08:30:00
250.0,10.0,12.0,,,,,1009.2,,14.7,,,,,2025-10-19 08:40:00
250.0,11.0,13.0,3.6,13.0,7.6,288.0,1009.3,,14.7,,,,,2025-10-19 08:50:00
250.0,11.0,15.0,,,,,1009.3,,14.7,,,0.3,,2025-10-19 09:00:00
250.0,12.0,15.0,3.8,,7.8,292.0,1009.4,,14.7,,,,,2025-10-19 09:10:00
250.0,12.0,14.0,3.8,14.0,7.8,292.0,1009.6,,14.7,,,,,2025-10-19 09:20:00
250.0,12.0,15.0,,,,,1009.7,,14.7,,,,,2025-10-19 09:30:00
250.0,12.0,15.0,,,,,1010.0,,14.7,,,,,2025-10-19 09:40:00
270.0,11.0,14.0,3.5,15.0,7.3,293.0,1009.9,,14.7,,,,,2025-10-19 09:50:00
260.0,10.0,13.0,,,,,1009.9,,14.7,,,0.8,,2025-10-19 10:00:00
250.0,10.0,13.0,3.7,,7.5,288.0,1009.8,,14.7,,,,,2025-10-19 10:10:00
250.0,9.0,11.0,3.7,10.0,7.5,288.0,1009.7,,14.7,,,,,2025-10-19 10:20:00
240.0,9.0,11.0,,,,,1009.6,,14.7,,,,,2025-10-19 10:30:00
250.0,10.0,13.0,3.9,,7.7,282.0,1009.5,,14.7,,,,,2025-10-19 10:40:00
250.0,10.0,13.0,3.9,14.0,7.7,282.0,1009.6,,14.7,,,,,2025-10-19 10:50:00
250.0,11.0,13.0,,,,,1009.6,,14.7,,,0.3,,2025-10-19 11:00:00
240.0,11.0,13.0,3.3,,7.1,285.0,1009.7,,14.7,,,,,2025-10-19 11:10:00
250.0,12.0,15.0,3.3,12.0,7.1,285.0,1009.7,,14.7,,,,,2025-10-19 11:20:00
260.0,11.0,14.0,,,,,1009.9,,14.7,,,,,2025-10-19 11:30:00
260.0,11.0,14.0,3.7,,7.3,297.0,1009.9,,14.7,,,,,2025-10-19 11:40:00
250.0,11.0,14.0,3.7,11.0,7.3,297.0,1009.9,,14.7,,,,,2025-10-19 11:50:00
260.0,11.0,15.0,,,,,1009.9,,14.7,,,0.6,,2025-10-19 12:00:00
250.0,10.0,13.0,3.8,,7.7,289.0,1010.0,,14.7,,,,,2025-10-19 12:10:00
250.0,10.0,13.0,3.8,11.0,7.7,289.0,1010.1,,14.7,,,,,2025-10-19 12:20:00
250.0,11.0,13.0,,,,,1010.3,,14.7,,,,,2025-10-19 12:30:00
260.0,11.0,13.0,,,,,1010.5,,14.7,,,,,2025-10-19 12:40:00
260.0,12.0,15.0,3.5,11.0,7.3,284.0,1010.5,,14.7,,,,,2025-10-19 12:50:00
270.0,11.0,13.0,,,,,1010.6,,14.7,,,0.7,,2025-10-19 13:00:00
270.0,10.0,13.0,3.7,,7.4,286.0,1010.7,,14.7,,,,,2025-10-19 13:10:00
260.0,10.0,13.0,3.7,10.0,7.4,286.0,1010.9,,14.7,,,,,2025-10-19 13:20:00
270.0,10.0,13.0,,,,,1011.0,,14.7,,,,,2025-10-19 13:30:00
280.0,12.0,14.0,,,,,1011.1,,14.7,,,,,2025-10-19 13:40:00
280.0,12.0,15.0,4.0,11.0,7.6,289.0,1011.2,,14.7,,,,,2025-10-19 13:50:00
280.0,12.0,15.0,,,,,1011.4,,14.7,,,1.8,,2025-10-19 14:00:00
270.0,12.0,15.0,4.1,,7.5,280.0,1011.6,,14.7,,,,,2025-10-19 14:10:00
280.0,12.0,15.0,4.1,9.0,7.5,280.0,1011.7,,14.7,,,,,2025-10-19 14:20:00
280.0,11.0,14.0,,,,,1011.9,,14.7,,,,,2025-10-19 14:30:00
280.0,11.0,13.0,,,,,1012.1,,14.7,,,,,2025-10-19 14:40:00
280.0,11.0,13.0,4.5,11.0,7.9,283.0,1012.2,,14.7,,,,,2025-10-19 14:50:00
280.0,11.0,15.0,,,,,1012.3,,14.7,,,2.4,,2025-10-19 15:00:00
270.0,11.0,14.0,4.9,,8.2,282.0,1012.6,,14.7,,,,,2025-10-19 15:10:00
280.0,10.0,13.0,4.9,11.0,8.2,282.0,1012.7,,14.7,,,,,2025-10-19 15:20:00
270.0,11.0,13.0,,,,,1012.9,,14.7,,,,,2025-10-19 15:30:00
280.0,11.0,14.0,,,,,1013.0,,14.7,,,,,2025-10-19 15:40:00
280.0,12.0,15.0,5.0,11.0,8.4,286.0,1013.1,,14.7,,,,,2025-10-19 15:50:00
280.0,11.0,14.0,,,,,1013.3,,14.7,,,2.7,,2025-10-19 16:00:00
280.0,11.0,14.0,5.2,,8.8,289.0,1013.5,,14.7,,,,,2025-10-19 16:10:00
280.0,10.0,14.0,5.2,11.0,8.8,289.0,1013.7,,14.7,,,,,2025-10-19 16:20:00
280.0,10.0,13.0,,,,,1013.8,,14.7,,,,,2025-10-19 16:30:00
280.0,10.0,13.0,5.7,,9.0,292.0,1014.0,,14.7,,,,,2025-10-19 16:40:00
270.0,10.0,14.0,5.7,11.0,9.0,292.0,1014.2,,14.7,,,,,2025-10-19 16:50:00
280.0,11.0,13.0,,,,,1014.4,,14.7,,,3.0,,2025-10-19 17:00:00
290.0,13.0,16.0,5.9,,9.1,289.0,1014.9,,14.7,,,,,2025-10-19 17:10:00
290.0,11.0,15.0,5.9,11.0,9.1,289.0,1014.8,,14.7,,,,,2025-10-19 17:20:00
280.0,9.0,13.0,,,,,1014.9,,14.7,,,,,2025-10-19 17:30:00
290.0,9.0,13.0,6.0,,9.5,290.0,1015.0,,14.7,,,,,2025-10-19 17:40:00
280.0,9.0,12.0,6.0,13.0,9.5,290.0,1015.2,,14.7,,,,,2025-10-19 17:50:00
280.0,10.0,12.0,,,,,1015.5,,14.7,,,3.2,,2025-10-19 18:00:00
290.0,10.0,13.0,,,,,1015.8,,14.7,,,,,2025-10-19 18:10:00
290.0,10.0,14.0,,,,,1016.0,,14.7,,,,,2025-10-19 18:20:00
290.0,11.0,13.0,,,,,1016.1,,14.7,,,,,2025-10-19 18:30:00
290.0,10.0,13.0,,,,,1016.2,,14.7,,,,,2025-10-19 18:40:00
290.0,10.0,13.0,,,,,1016.4,,14.7,,,,,2025-10-19 18:50:00
290.0,10.0,13.0,,,,,1016.5,,14.7,,,3.2,,2025-10-19 19:00:00
290.0,10.0,14.0,,,,,1016.8,,14.7,,,,,2025-10-19 19:10:00
300.0,11.0,14.0,,,,,1016.9,,14.7,,,,,2025-10-19 19:20:00
300.0,10.0,14.0,,,,,1017.2,,14.7,,,,,2025-10-19 19:30:00
300.0,10.0,12.0,,,,,1017.4,,14.7,,,,,2025-10-19 19:40:00
300.0,11.0,15.0,,,,,1017.7,,14.7,,,,,2025-10-19 19:50:00
290.0,10.0,14.0,,,,,1017.9,,14.7,,,3.5,,2025-10-19 20:00:00
290.0,11.0,13.0,,,,,1018.0,,14.7,,,,,2025-10-19 20:10:00
300.0,10.0,13.0,,,,,1018.2,,14.7,,,,,2025-10-19 20:20:00
300.0,11.0,15.0,,,,,1018.3,,14.7,,,,,2025-10-19 20:30:00
300.0,11.0,14.0,,,,,1018.3,,14.7,,,,,2025-10-19 20:40:00
290.0,10.0,13.0,,,,,1018.4,,14.7,,,,,2025-10-19 20:50:00
300.0,11.0,14.0,,,,,1018.7,,14.7,,,3.2,,2025-10-19 21:00:00
290.0,10.0,14.0,,,,,1018.9,,14.7,,,,,2025-10-19 21:10:00
300.0,12.0,15.0,,,,,1019.0,,14.7,,,,,2025-10-19 21:20:00
290.0,11.0,15.0,,,,,1019.1,,14.7,,,,,2025-10-19 21:30:00
300.0,12.0,15.0,,,,,1019.3,,14.7,,,,,2025-10-19 21:40:00
290.0,11.0,14.0,,,,,1019.4,,14.7,,,,,2025-10-19 21:50:00
300.0,10.0,13.0,,,,,1019.5,,14.7,,,3.0,,2025-10-19 22:00:00
290.0,10.0,14.0,7.0,,10.7,298.0,1019.7,,14.7,,,,,2025-10-19 22:10:00
300.0,10.0,13.0,7.0,17.0,10.7,298.0,1019.9,,14.7,,,,,2025-10-19 22:20:00
300.0,10.0,14.0,,,,,1020.1,,14.7,,,,,2025-10-19 22:30:00
300.0,11.0,14.0,,,,,1020.3,,14.7,,,,,2025-10-19 22:40:00
300.0,10.0,13.0,7.2,16.0,10.5,290.0,1020.5,,14.7,,,,,2025-10-19 22:50:00
300.0,10.0,13.0,,,,,1020.6,,14.7,,,2.7,,2025-10-19 23:00:00
300.0,10.0,13.0,5.8,,9.7,290.0,1020.8,,14.7,,,,,2025-10-19 23:10:00
300.0,9.0,12.0,5.8,,9.5,292.0,1021.2,,14.7,,,,,2025-10-19 23:40:00
300.0,9.0,11.0,5.8,15.0,9.5,292.0,1021.3,,14.7,,,,,2025-10-19 23:50:00
300.0,9.0,12.0,,,,,1021.3,,14.7,,,2.6,,2025-10-20 00:00:00
290.0,9.0,11.0,5.6,,9.9,286.0,1021.3,,14.7,,,,,2025-10-20 00:10:00
300.0,9.0,12.0,5.6,13.0,9.9,286.0,1021.4,,14.7,,,,,2025-10-20 00:20:00
290.0,10.0,13.0,,,,,1021.5,,14.7,,,,,2025-10-20 00:30:00
290.0,9.0,12.0,,,,,1021.6,,14.7,,,,,2025-10-20 00:40:00
290.0,9.0,12.0,6.2,14.0,10.4,282.0,1021.7,,14.7,,,,,2025-10-20 00:50:00
300.0,9.0,12.0,,,,,1021.7,,14.7,,,2.2,,2025-10-20 01:00:00
300.0,9.0,12.0,5.9,,10.0,293.0,1021.8,,14.7,,,,,2025-10-20 01:10:00
300.0,8.0,11.0,5.9,16.0,10.0,293.0,1021.9,,14.6,,,,,2025-10-20 01:20:00
300.0,9.0,12.0,,,,,1022.0,,14.6,,,,,2025-10-20 01:30:00
300.0,9.0,11.0,,,,,1022.1,,14.7,,,,,2025-10-20 01:40:00
300.0,8.0,11.0,5.9,16.0,10.4,284.0,1022.3,,14.6,,,,,2025-10-20 01:50:00
320.0,8.0,10.0,,,,,1022.4,,14.6,,,1.8,,2025-10-20 02:00:00
310.0,8.0,10.0,5.9,,10.2,290.0,1022.5,,14.6,,,,,2025-10-20 02:10:00
310.0,8.0,11.0,5.9,16.0,10.2,290.0,1022.6,,14.6,,,,,2025-10-20 02:20:00
310.0,8.0,11.0,,,,,1022.6,,14.6,,,,,2025-10-20 02:30:00
300.0,9.0,12.0,5.7,,9.9,283.0,1022.7,,14.6,,,,,2025-10-20 02:40:00
300.0,9.0,12.0,5.7,14.0,9.9,283.0,1022.9,,14.6,,,,,2025-10-20 02:50:00
300.0,9.0,12.0,,,,,1023.1,,14.6,,,1.8,,2025-10-20 03:00:00
300.0,9.0,11.0,5.6,,9.8,279.0,1023.2,,14.6,,,,,2025-10-20 03:10:00
310.0,8.0,11.0,5.6,13.0,9.8,279.0,1023.4,,14.6,,,,,2025-10-20 03:20:00
310.0,8.0,10.0,,,,,1023.5,,14.6,,,,,2025-10-20 03:30:00
310.0,8.0,10.0,,,,,1023.5,,14.6,,,,,2025-10-20 03:40:00
310.0,8.0,10.0,5.8,15.0,10.2,281.0,1023.7,,14.6,,,,,2025-10-20 03:50:00
310.0,8.0,10.0,,,,,1023.8,,14.6,,,2.1,,2025-10-20 04:00:00
310.0,8.0,11.0,6.0,,10.5,285.0,1024.0,,14.6,,,,,2025-10-20 04:10:00
310.0,8.0,10.0,6.0,15.0,10.5,285.0,1024.2,,14.6,,,,,2025-10-20 04:20:00
310.0,8.0,10.0,,,,,1024.1,,14.6,,,,,2025-10-20 04:30:00
310.0,8.0,10.0,,,,,1024.2,,14.6,,,,,2025-10-20 04:40:00
310.0,7.0,10.0,5.1,12.0,9.5,277.0,1024.4,,14.6,,,,,2025-10-20 04:50:00
310.0,7.0,9.0,,,,,1024.4,,14.6,,,2.0,,2025-10-20 05:00:00
310.0,7.0,9.0,5.5,,9.9,287.0,1024.4,,14.6,,,,,2025-10-20 05:10:00
310.0,7.0,9.0,5.5,13.0,9.9,287.0,1024.6,,14.6,,,,,2025-10-20 05:20:00
310.0,7.0,9.0,,,,,1024.6,,14.6,,,,,2025-10-20 05:30:00
310.0,6.0,9.0,5.4,,10.1,285.0,1024.7,,14.6,,,,,2025-10-20 05:40:00
310.0,6.0,9.0,5.4,15.0,10.1,285.0,1024.9,,14.6,,,,,2025-10-20 05:50:00
300.0,6.0,8.0,,,,,1025.0,,,,,1.9,,2025-10-20 06:00:00
310.0,6.0,8.0,5.1,,9.6,282.0,1025.1,,14.6,,,,,2025-10-20 06:10:00
310.0,6.0,9.0,5.1,15.0,9.6,282.0,1025.1,,14.6,,,,,2025-10-20 06:20:00
310.0,7.0,9.0,,,,,1025.0,,14.6,,,,,2025-10-20 06:30:00
300.0,6.0,8.0,,,,,1025.1,,14.6,,,,,2025-10-20 06:40:00
300.0,6.0,8.0,4.8,15.0,9.4,292.0,1025.1,,14.6,,,,,2025-10-20 06:50:00
300.0,6.0,8.0,,,,,1025.3,,14.6,,,1.5,,2025-10-20 07:00:00
300.0,5.0,8.0,5.2,,9.9,289.0,1025.4,,14.6,,,,,2025-10-20 07:10:00
290.0,7.0,11.0,5.2,14.0,9.9,289.0,1025.3,,14.6,,,,,2025-10-20 07:20:00
290.0,8.0,11.0,,,,,1025.5,,14.6,,,,,2025-10-20 07:30:00
290.0,6.0,7.0,5.2,,9.6,296.0,1025.6,,14.6,,,,,2025-10-20 07:40:00
280.0,5.0,7.0,5.2,14.0,9.6,296.0,1025.5,,,,,,,2025-10-20 07:50:00
280.0,4.0,7.0,,,,,1025.5,,,,,1.1,,2025-10-20 08:00:00
290.0,5.0,6.0,,,,,1025.5,,14.6,,,,,2025-10-20 08:10:00
300.0,4.0,7.0,4.8,13.0,9.4,289.0,1025.5,,,,,,,2025-10-20 08:20:00
300.0,5.0,8.0,,,,,1025.7,,14.6,,,,,2025-10-20 08:30:00
310.0,6.0,8.0,4.9,,9.4,288.0,1026.0,,14.6,,,,,2025-10-20 08:40:00
300.0,6.0,8.0,4.9,14.0,9.4,288.0,1025.9,,14.6,,,,,2025-10-20 08:50:00
300.0,6.0,8.0,,,,,1025.9,,,,,0.9,,2025-10-20 09:00:00
300.0,5.0,8.0,5.7,,9.9,294.0,1025.9,,14.6,,,,,2025-10-20 09:10:00
300.0,5.0,8.0,5.7,14.0,9.9,294.0,1026.0,,14.6,,,,,2025-10-20 09:20:00
300.0,5.0,7.0,,,,,1026.1,,14.6,,,,,2025-10-20 09:30:00
300.0,5.0,7.0,,,,,1026.3,,14.6,,,,,2025-10-20 09:40:00
290.0,5.0,8.0,5.1,14.0,9.5,295.0,1026.3,,14.6,,,,,2025-10-20 09:50:00
300.0,5.0,7.0,,,,,1026.2,,14.6,,,0.9,,2025-10-20 10:00:00
300.0,5.0,7.0,5.7,,9.6,282.0,1026.3,,14.6,,,,,2025-10-20 10:10:00
300.0,5.0,6.0,5.7,14.0,9.6,282.0,1026.3,,14.6,,,,,2025-10-20 10:20:00
300.0,4.0,6.0,,,,,1026.3,,14.6,,,,,2025-10-20 10:30:00
290.0,4.0,6.0,5.2,,9.4,286.0,1026.4,,14.6,,,,,2025-10-20 10:40:00
290.0,4.0,7.0,5.2,15.0,9.4,286.0,1026.5,,14.6,,,,,2025-10-20 10:50:00
290.0,4.0,6.0,,,,,1026.6,,14.6,,,1.1,,2025-10-20 11:00:00
290.0,4.0,6.0,5.2,,9.6,279.0,1026.6,,14.6,,,,,2025-10-20 11:10:00
290.0,4.0,6.0,5.2,14.0,9.6,279.0,1026.7,,14.6,,,,,2025-10-20 11:20:00
280.0,4.0,6.0,,,,,1026.8,,14.6,,,,,2025-10-20 11:30:00
280.0,4.0,6.0,5.0,,9.4,288.0,1026.8,,14.6,,,,,2025-10-20 11:40:00
280.0,3.0,5.0,5.0,14.0,9.4,288.0,1026.9,,14.6,,,,,2025-10-20 11:50:00
280.0,4.0,6.0,,,,,1027.1,,14.6,,,1.2,,2025-10-20 12:00:00
270.0,4.0,6.0,4.5,,9.1,284.0,1027.2,,14.6,,,,,2025-10-20 12:10:00
270.0,4.0,6.0,4.5,14.0,9.1,284.0,1027.2,,14.6,,,,,2025-10-20 12:20:00
280.0,4.0,6.0,,,,,1027.4,,14.6,,,,,2025-10-20 12:30:00
280.0,4.0,6.0,4.9,,9.7,280.0,1027.3,,14.6,,,,,2025-10-20 12:40:00
280.0,4.0,6.0,4.9,14.0,9.7,280.0,1027.4,,14.6,,,,,2025-10-20 12:50:00
280.0,4.0,6.0,,,,,1027.5,,14.6,,,1.3,,2025-10-20 13:00:00
280.0,3.0,5.0,5.1,,9.8,281.0,1027.6,,14.6,,,,,2025-10-20 13:10:00
270.0,3.0,5.0,5.1,15.0,9.8,281.0,1027.6,,14.6,,,,,2025-10-20 13:20:00
280.0,3.0,5.0,,,,,1027.7,,14.6,,,,,2025-10-20 13:30:00
280.0,3.0,5.0,,,,,1027.7,,14.6,,,,,2025-10-20 13:40:00
280.0,3.0,5.0,4.7,12.0,9.6,285.0,1027.7,,14.6,,,,,2025-10-20 13:50:00
280.0,3.0,5.0,,,,,1027.8,,14.6,,,1.2,,2025-10-20 14:00:00
270.0,3.0,5.0,4.8,,10.1,279.0,1027.8,,14.6,,,,,2025-10-20 14:10:00
280.0,3.0,5.0,4.8,14.0,10.1,279.0,1027.9,,14.6,,,,,2025-10-20 14:20:00
270.0,3.0,5.0,,,,,1027.9,,14.6,,,,,2025-10-20 14:30:00
270.0,3.0,5.0,,,,,1028.0,,14.6,,,,,2025-10-20 14:40:00
270.0,2.0,5.0,4.8,15.0,10.1,281.0,1028.0,,14.6,,,,,2025-10-20 14:50:00
260.0,3.0,4.0,,,,,1028.1,,14.6,,,1.0,,2025-10-20 15:00:00
270.0,2.0,4.0,4.3,,9.6,284.0,1028.1,,14.6,,,,,2025-10-20 15:10:00
270.0,2.0,4.0,4.3,14.0,9.6,284.0,1028.1,,14.6,,,,,2025-10-20 15:20:00
270.0,2.0,3.0,,,,,1028.3,,14.6,,,,,2025-10-20 15:30:00
280.0,2.0,4.0,3.8,,9.0,287.0,1028.3,,14.6,,,,,2025-10-20 15:40:00
280.0,2.0,4.0,3.8,14.0,9.0,287.0,1028.4,,14.6,,,,,2025-10-20 15:50:00
280.0,2.0,4.0,,,,,1028.4,,14.6,,,0.9,,2025-10-20 16:00:00
270.0,2.0,3.0,3.8,,9.2,283.0,1028.4,,14.6,,,,,2025-10-20 16:10:00
270.0,2.0,3.0,3.8,11.0,9.2,283.0,1028.5,,14.6,,,,,2025-10-20 16:20:00
260.0,2.0,4.0,,,,,1028.6,,14.6,,,,,2025-10-20 16:30:00
240.0,2.0,3.0,3.9,,9.8,281.0,1028.7,,14.6,,,,,2025-10-20 16:40:00
240.0,2.0,4.0,3.9,13.0,9.8,281.0,1028.6,,14.6,,,,,2025-10-20 16:50:00
240.0,2.0,3.0,,,,,1028.5,,14.6,,,0.7,,2025-10-20 17:00:00
230.0,2.0,3.0,3.1,,9.0,282.0,1028.5,,14.6,,,,,2025-10-20 17:10:00
230.0,2.0,3.0,3.1,12.0,9.0,282.0,1028.6,,,,,,,2025-10-20 17:20:00
230.0,2.0,4.0,,,,,1028.5,,14.6,,,,,2025-10-20 17:30:00
230.0,2.0,3.0,3.1,,8.7,280.0,1028.5,,14.6,,,,,2025-10-20 17:40:00
230.0,3.0,3.0,3.1,12.0,8.7,280.0,1028.6,,14.6,,,,,2025-10-20 17:50:00
220.0,2.0,3.0,,,,,1028.5,,14.6,,,0.4,,2025-10-20 18:00:00
210.0,2.0,3.0,,,,,1028.5,,14.6,,,,,2025-10-20 18:10:00
210.0,2.0,3.0,3.2,11.0,8.9,283.0,1028.5,,14.6,,,,,2025-10-20 18:20:00
210.0,2.0,3.0,,,,,1028.3,,14.7,,,,,2025-10-20 18:30:00
190.0,3.0,4.0,,,,,1028.1,,14.7,,,,,2025-10-20 18:40:00
190.0,3.0,4.0,3.1,13.0,8.9,269.0,1028.3,,14.7,,,,,2025-10-20 18:50:00
190.0,3.0,4.0,,,,,1028.3,,14.7,,,0.0,,2025-10-20 19:00:00
200.0,3.0,4.0,3.1,,9.0,277.0,1028.5,,14.7,,,,,2025-10-20 19:10:00
190.0,3.0,4.0,3.1,13.0,9.0,277.0,1028.3,,14.7,,,,,2025-10-20 19:20:00
190.0,3.0,4.0,,,,,1028.3,,14.7,,,,,2025-10-20 19:30:00
200.0,3.0,4.0,2.8,,8.7,281.0,1028.1,,14.8,,,,,2025-10-20 19:40:00
200.0,3.0,4.0,2.8,11.0,8.7,281.0,1028.2,,14.8,,,,,2025-10-20 19:50:00
200.0,3.0,4.0,,,,,1028.2,,14.8,,,-0.3,,2025-10-20 20:00:00
200.0,4.0,4.0,3.1,,9.0,279.0,1028.0,,14.8,,,,,2025-10-20 20:10:00
210.0,4.0,4.0,3.1,13.0,9.0,279.0,1027.9,,14.8,,,,,2025-10-20 20:20:00
210.0,3.0,4.0,,,,,1027.8,,14.8,,,,,2025-10-20 20:30:00
210.0,3.0,4.0,,,,,1027.7,,14.8,,,,,2025-10-20 20:40:00
220.0,3.0,4.0,2.8,13.0,8.8,286.0,1027.6,,14.8,,,,,2025-10-20 20:50:00
220.0,3.0,4.0,,,,,1027.5,,14.9,,,-1.0,,2025-10-20 21:00:00
220.0,3.0,4.0,3.1,,9.1,283.0,1027.4,,14.9,,,,,2025-10-20 21:10:00
230.0,3.0,4.0,3.1,11.0,9.1,283.0,1027.4,,14.9,,,,,2025-10-20 21:20:00
220.0,3.0,4.0,,,,,1027.2,,14.9,,,,,2025-10-20 21:30:00
230.0,3.0,4.0,3.2,,9.0,286.0,1027.1,,14.9,,,,,2025-10-20 21:40:00
230.0,3.0,4.0,3.2,13.0,9.0,286.0,1027.0,,14.9,,,,,2025-10-20 21:50:00
230.0,3.0,4.0,,,,,1026.9,,14.9,,,-1.4,,2025-10-20 22:00:00
230.0,3.0,4.0,2.9,,8.4,283.0,1026.9,,14.9,,,,,2025-10-20 22:10:00
230.0,3.0,4.0,2.9,12.0,8.4,283.0,1026.9,,14.9,,,,,2025-10-20 22:20:00
240.0,3.0,4.0,,,,,1027.1,,14.9,,,,,2025-10-20 22:30:00
240.0,3.0,4.0,3.0,,8.8,286.0,1027.0,,14.9,,,,,2025-10-20 22:40:00
230.0,3.0,4.0,3.0,11.0,8.8,286.0,1026.9,,14.9,,,,,2025-10-20 22:50:00
230.0,2.0,4.0,,,,,1026.8,,14.9,,,-1.4,,2025-10-20 23:00:00
240.0,3.0,5.0,3.0,,8.6,292.0,1027.0,,14.9,,,,,2025-10-20 23:10:00
250.0,3.0,5.0,3.0,12.0,8.6,292.0,1027.0,,14.9,,,,,2025-10-20 23:20:00
260.0,3.0,4.0,,,,,1027.0,,,,,,,2025-10-20 23:40:00
270.0,3.0,4.0,3.3,12.0,9.1,284.0,1026.8,,14.9,,,,,2025-10-20 23:50:00
260.0,3.0,4.0,,,,,1026.7,,14.9,,,-0.8,,2025-10-21 00:00:00
260.0,2.0,4.0,3.3,,9.1,282.0,1026.5,,14.9,,,,,2025-10-21 00:10:00
260.0,2.0,4.0,3.3,13.0,9.1,282.0,1026.4,,14.9,,,,,2025-10-21 00:20:00
260.0,2.0,3.0,,,,,1026.4,,14.9,,,,,2025-10-21 00:30:00
260.0,2.0,4.0,,,,,1026.4,,14.9,,,,,2025-10-21 00:40:00
260.0,2.0,4.0,3.2,12.0,9.2,279.0,1026.2,,14.9,,,,,2025-10-21 00:50:00
250.0,2.0,3.0,,,,,1026.1,,14.9,,,-0.8,,2025-10-21 01:00:00
230.0,2.0,3.0,3.1,,8.9,280.0,1025.7,,14.8,,,,,2025-10-21 01:10:00
220.0,2.0,3.0,3.1,13.0,8.9,280.0,1025.8,,14.8,,,,,2025-10-21 01:20:00
230.0,2.0,3.0,,,,,1025.8,,14.8,,,,,2025-10-21 01:30:00
250.0,2.0,3.0,3.3,,9.4,281.0,1025.8,,14.8,,,,,2025-10-21 01:40:00
230.0,2.0,3.0,3.3,12.0,9.4,281.0,1025.6,,14.8,,,,,2025-10-21 01:50:00
240.0,2.0,3.0,,,,,1025.7,,14.8,,,-1.1,,2025-10-21 02:00:00
240.0,2.0,3.0,3.8,,9.6,278.0,1025.7,,14.8,,,,,2025-10-21 02:10:00
250.0,2.0,4.0,3.8,13.0,9.6,278.0,1025.7,,14.8,,,,,2025-10-21 02:20:00
250.0,2.0,4.0,,,,,1025.7,,14.8,,,,,2025-10-21 02:30:00
250.0,2.0,3.0,,,,,1025.7,,14.8,,,,,2025-10-21 02:40:00
260.0,2.0,4.0,3.4,12.0,9.3,282.0,1025.8,,14.8,,,,,2025-10-21 02:50:00
250.0,2.0,4.0,,,,,1025.8,,14.8,,,-0.9,,2025-10-21 03:00:00
270.0,2.0,4.0,3.3,,9.3,277.0,1025.7,,14.8,,,,,2025-10-21 03:10:00
260.0,2.0,3.0,3.3,11.0,9.3,277.0,1025.8,,14.8,,,,,2025-10-21 03:20:00
270.0,2.0,4.0,,,,,1025.9,,14.8,,,,,2025-10-21 03:30:00
280.0,2.0,4.0,3.0,,9.0,285.0,1025.9,,14.8,,,,,2025-10-21 03:40:00
280.0,2.0,3.0,3.0,12.0,9.0,285.0,1025.9,,14.8,,,,,2025-10-21 03:50:00
280.0,2.0,3.0,,,,,1026.0,,14.8,,,-0.0,,2025-10-21 04:00:00
290.0,2.0,3.0,3.5,,9.5,282.0,1025.9,,14.8,,,,,2025-10-21 04:10:00
290.0,2.0,3.0,3.5,13.0,9.5,282.0,1025.8,,14.8,,,,,2025-10-21 04:20:00
270.0,2.0,3.0,,,,,1025.8,,14.8,,,,,2025-10-21 04:30:00
270.0,2.0,4.0,,,,,1025.9,,14.8,,,,,2025-10-21 04:40:00
270.0,2.0,3.0,3.2,12.0,9.3,279.0,1025.9,,14.8,,,,,2025-10-21 04:50:00
260.0,2.0,3.0,,,,,1025.7,,14.8,,,0.0,,2025-10-21 05:00:00
270.0,2.0,3.0,3.1,,9.3,277.0,1025.6,,14.8,,,,,2025-10-21 05:10:00
270.0,2.0,3.0,3.1,12.0,9.3,277.0,1025.7,,14.8,,,,,2025-10-21 05:20:00
270.0,2.0,3.0,,,,,1025.6,,14.8,,,,,2025-10-21 05:30:00
270.0,2.0,3.0,,,,,1025.5,,14.8,,,,,2025-10-21 05:40:00
250.0,1.0,2.0,2.9,11.0,9.2,278.0,1025.5,,14.8,,,,,2025-10-21 05:50:00
260.0,1.0,3.0,,,,,1025.4,,14.8,,,-0.4,,2025-10-21 06:00:00
240.0,2.0,3.0,,,,,1025.4,,14.8,,,,,2025-10-21 06:10:00
260.0,2.0,3.0,3.1,14.0,9.7,286.0,1025.4,,14.8,,,,,2025-10-21 06:20:00
260.0,2.0,4.0,,,,,1025.3,,14.8,,,,,2025-10-21 06:30:00
270.0,3.0,4.0,,,,,1025.2,,14.8,,,,,2025-10-21 06:40:00
260.0,3.0,4.0,2.8,11.0,9.1,278.0,1025.2,,14.8,,,,,2025-10-21 06:50:00
260.0,3.0,4.0,,,,,1025.2,,14.8,,,-0.8,,2025-10-21 07:00:00
270.0,3.0,4.0,2.8,,9.4,284.0,1025.1,,14.8,,,,,2025-10-21 07:10:00
270.0,3.0,4.0,2.8,14.0,9.4,284.0,1025.1,,14.7,,,,,2025-10-21 07:20:00
260.0,3.0,4.0,,,,,1024.9,,14.7,,,,,2025-10-21 07:30:00
260.0,3.0,4.0,,,,,1024.9,,14.7,,,,,2025-10-21 07:40:00
260.0,3.0,4.0,2.6,14.0,9.0,285.0,1024.7,,14.7,,,,,2025-10-21 07:50:00
260.0,3.0,4.0,,,,,1024.7,,14.7,,,-1.0,,2025-10-21 08:00:00
260.0,3.0,4.0,2.6,,9.2,283.0,1024.6,,14.7,,,,,2025-10-21 08:10:00
260.0,3.0,4.0,2.6,14.0,9.2,283.0,1024.6,,14.7,,,,,2025-10-21 08:20:00
250.0,3.0,4.0,,,,,1024.6,,14.7,,,,,2025-10-21 08:30:00
260.0,3.0,4.0,2.6,,9.3,289.0,1024.4,,14.7,,,,,2025-10-21 08:40:00
250.0,3.0,4.0,2.6,14.0,9.3,289.0,1024.4,,14.7,,,,,2025-10-21 08:50:00
250.0,3.0,4.0,,,,,1024.4,,14.7,,,-1.0,,2025-10-21 09:00:00
260.0,3.0,4.0,2.9,,9.6,286.0,1024.4,,14.7,,,,,2025-10-21 09:10:00
260.0,2.0,4.0,2.9,14.0,9.6,286.0,1024.3,,14.7,,,,,2025-10-21 09:20:00
260.0,2.0,4.0,,,,,1024.2,,14.7,,,,,2025-10-21 09:30:00
250.0,2.0,3.0,2.7,,9.5,285.0,1024.3,,14.7,,,,,2025-10-21 09:40:00
250.0,2.0,4.0,2.7,14.0,9.5,285.0,1024.2,,14.7,,,,,2025-10-21 09:50:00
240.0,2.0,3.0,,,,,1024.2,,14.7,,,-1.0,,2025-10-21 10:00:00
240.0,2.0,2.0,,,,,1024.0,,14.7,,,,,2025-10-21 10:10:00
230.0,1.0,2.0,2.5,15.0,9.0,288.0,1023.9,,14.7,,,,,2025-10-21 10:20:00
270.0,2.0,4.0,,,,,1023.8,,14.7,,,,,2025-10-21 10:30:00
280.0,2.0,3.0,,,,,1023.9,,14.7,,,,,2025-10-21 10:40:00
270.0,2.0,3.0,3.2,14.0,9.9,288.0,1023.7,,14.7,,,,,2025-10-21 10:50:00
280.0,1.0,2.0,,,,,1023.7,,14.7,,,-1.0,,2025-10-21 11:00:00
270.0,1.0,2.0,2.9,,9.7,299.0,1023.5,,14.7,,,,,2025-10-21 11:10:00
270.0,2.0,3.0,2.9,21.0,9.7,299.0,1023.5,,14.7,,,,,2025-10-21 11:20:00
260.0,1.0,2.0,,,,,1023.4,,14.7,,,,,2025-10-21 11:30:00
270.0,2.0,3.0,2.8,,9.5,286.0,1023.3,,14.7,,,,,2025-10-21 11:40:00
270.0,1.0,3.0,2.8,21.0,9.5,286.0,1023.3,,14.7,,,,,2025-10-21 11:50:00
300.0,1.0,2.0,,,,,1023.1,,14.7,,,-1.3,,2025-10-21 12:00:00
,0.0,2.0,,,,,1023.2,,14.7,,,,,2025-10-21 12:10:00
290.0,1.0,2.0,3.3,11.0,9.8,290.0,1023.1,,14.7,,,,,2025-10-21 12:20:00
290.0,1.0,3.0,,,,,1023.2,,14.7,,,,,2025-10-21 12:30:00
290.0,1.0,3.0,,,,,1023.1,,14.7,,,,,2025-10-21 12:40:00
310.0,1.0,3.0,3.9,21.0,11.6,287.0,1023.1,,14.7,,,,,2025-10-21 12:50:00
330.0,2.0,3.0,,,,,1023.2,,14.7,,,-1.0,,2025-10-21 13:00:00
330.0,2.0,3.0,,,,,1023.1,,14.7,,,,,2025-10-21 13:10:00
310.0,2.0,3.0,3.7,21.0,10.6,285.0,1023.0,,14.7,,,,,2025-10-21 13:20:00
310.0,1.0,3.0,,,,,1022.9,,14.7,,,,,2025-10-21 13:30:00
280.0,1.0,2.0,3.7,,10.7,272.0,1022.9,,14.7,,,,,2025-10-21 13:40:00
,0.0,2.0,3.7,21.0,10.7,272.0,1022.8,,14.7,,,,,2025-10-21 13:50:00
,0.0,2.0,,,,,1022.7,,14.7,,,-1.0,,2025-10-21 14:00:00
,0.0,2.0,,,,,1022.7,,14.7,,,,,2025-10-21 14:10:00
280.0,1.0,3.0,4.5,19.0,11.7,279.0,1022.8,,14.7,,,,,2025-10-21 14:20:00
270.0,1.0,3.0,,,,,1022.7,,14.7,,,,,2025-10-21 14:30:00
250.0,1.0,3.0,,,,,1022.6,,14.7,,,,,2025-10-21 14:40:00
,0.0,2.0,4.9,19.0,12.5,287.0,1022.5,,14.7,,,,,2025-10-21 14:50:00
200.0,1.0,2.0,,,,,1022.5,,14.7,,,-0.6,,2025-10-21 15:00:00
230.0,1.0,2.0,4.5,,12.1,279.0,1022.4,,14.7,,,,,2025-10-21 15:10:00
260.0,1.0,3.0,4.5,19.0,12.1,279.0,1022.5,,14.7,,,,,2025-10-21 15:20:00
270.0,2.0,4.0,,,,,1022.4,,14.7,,,,,2025-10-21 15:30:00
260.0,2.0,4.0,,,,,1022.2,,14.7,,,,,2025-10-21 15:40:00
260.0,2.0,3.0,4.9,19.0,12.6,278.0,1022.2,,14.7,,,,,2025-10-21 15:50:00
260.0,2.0,4.0,,,,,1022.2,,14.7,,,-1.0,,2025-10-21 16:00:00
260.0,1.0,3.0,5.3,,12.9,279.0,1022.1,,14.7,,,,,2025-10-21 16:10:00
250.0,1.0,3.0,5.3,19.0,12.9,279.0,1022.0,,14.7,,,,,2025-10-21 16:20:00
260.0,1.0,3.0,,,,,1021.9,,14.7,,,,,2025-10-21 16:30:00
230.0,1.0,2.0,,,,,1021.7,,14.7,,,,,2025-10-21 16:40:00
230.0,1.0,3.0,5.1,17.0,12.5,286.0,1021.7,,14.7,,,,,2025-10-21 16:50:00
,0.0,2.0,,,,,1021.7,,14.7,,,-1.0,,2025-10-21 17:00:00
,0.0,3.0,,,,,1021.6,,14.7,,,,,2025-10-21 17:10:00
290.0,1.0,3.0,5.2,17.0,12.9,286.0,1021.6,,14.7,,,,,2025-10-21 17:20:00
290.0,2.0,4.0,,,,,1021.4,,14.7,,,,,2025-10-21 17:30:00
300.0,1.0,3.0,,,,,1021.3,,14.7,,,,,2025-10-21 17:40:00
220.0,1.0,3.0,5.6,16.0,13.1,287.0,1021.1,,14.7,,,,,2025-10-21 17:50:00
230.0,1.0,3.0,,,,,1021.0,,14.7,,,-1.5,,2025-10-21 18:00:00
180.0,1.0,3.0,5.7,,13.2,287.0,1020.9,,14.8,,,,,2025-10-21 18:10:00
190.0,1.0,3.0,5.7,17.0,13.2,287.0,1020.7,,14.8,,,,,2025-10-21 18:20:00
190.0,1.0,4.0,,,,,1020.7,,14.8,,,,,2025-10-21 18:30:00
180.0,1.0,3.0,,,,,1020.5,,14.8,,,,,2025-10-21 18:40:00
160.0,1.0,3.0,6.3,19.0,13.4,286.0,1020.3,,14.9,,,,,2025-10-21 18:50:00
140.0,1.0,4.0,,,,,1020.1,,14.9,,,-2.1,,2025-10-21 19:00:00
150.0,2.0,5.0,6.1,,12.8,288.0,1019.9,,14.8,,,,,2025-10-21 19:10:00
130.0,2.0,5.0,6.1,16.0,12.8,288.0,1019.9,,14.9,,,,,2025-10-21 19:20:00
110.0,1.0,5.0,,,,,1019.9,,14.9,,,,,2025-10-21 19:30:00
90.0,1.0,5.0,,,,,1019.8,,14.9,,,,,2025-10-21 19:40:00
110.0,1.0,4.0,7.0,17.0,13.2,289.0,1019.7,,14.9,,,,,2025-10-21 19:50:00
70.0,1.0,4.0,,,,,1019.6,,14.9,,,-2.1,,2025-10-21 20:00:00
60.0,1.0,3.0,6.0,,12.4,285.0,1019.5,,14.9,,,,,2025-10-21 20:10:00
10.0,1.0,3.0,6.0,17.0,12.4,285.0,1019.6,,15.0,,,,,2025-10-21 20:20:00
360.0,1.0,3.0,,,,,1019.5,,15.0,,,,,2025-10-21 20:30:00
10.0,2.0,3.0,5.4,,11.9,283.0,1019.2,,15.0,,,,,2025-10-21 20:40:00
20.0,2.0,4.0,5.4,17.0,11.9,283.0,1019.2,,15.1,,,,,2025-10-21 20:50:00
10.0,2.0,3.0,,,,,1019.0,,15.1,,,-2.0,,2025-10-21 21:00:00
20.0,2.0,4.0,,,,,1019.0,,15.2,,,,,2025-10-21 21:10:00
20.0,2.0,4.0,5.6,17.0,12.1,296.0,1018.9,,15.2,,,,,2025-10-21 21:20:00
20.0,2.0,4.0,,,,,1018.7,,15.3,,,,,2025-10-21 21:30:00
30.0,2.0,4.0,4.9,,11.8,299.0,1018.6,,15.4,,,,,2025-10-21 21:40:00
30.0,2.0,4.0,4.9,12.0,11.8,299.0,1018.5,,15.4,,,,,2025-10-21 21:50:00
60.0,2.0,5.0,,,,,1018.2,,15.4,,,-1.9,,2025-10-21 22:00:00
80.0,3.0,5.0,,,,,1017.8,,15.4,,,,,2025-10-21 22:10:00
60.0,2.0,4.0,5.2,15.0,11.9,292.0,1017.7,,15.3,,,,,2025-10-21 22:20:00
80.0,3.0,6.0,,,,,1017.6,,15.3,,,,,2025-10-21 22:30:00
80.0,3.0,6.0,,,,,1017.3,,15.4,,,,,2025-10-21 22:40:00
80.0,3.0,6.0,6.0,17.0,12.9,293.0,1017.1,,15.2,,,,,2025-10-21 22:50:00
80.0,4.0,6.0,,,,,1017.0,,15.2,,,-2.6,,2025-10-21 23:00:00
70.0,3.0,6.0,5.0,,11.9,294.0,1017.1,,15.2,,,,,2025-10-21 23:10:00
60.0,3.0,5.0,,,,,1017.0,,15.1,,,,,2025-10-21 23:40:00
60.0,3.0,5.0,4.8,17.0,11.9,294.0,1017.0,,15.2,,,,,2025-10-21 23:50:00
60.0,3.0,5.0,,,,,1017.0,,15.1,,,-2.0,,2025-10-22 00:00:00
40.0,3.0,4.0,5.1,,11.9,282.0,1016.9,,,,,,,2025-10-22 00:10:00
50.0,3.0,5.0,5.1,15.0,11.9,282.0,1016.8,,15.1,,,,,2025-10-22 00:20:00
30.0,3.0,4.0,,,,,1016.7,,15.1,,,,,2025-10-22 00:30:00
30.0,3.0,4.0,,,,,1016.5,,15.1,,,,,2025-10-22 00:40:00
30.0,3.0,4.0,4.8,17.0,11.8,289.0,1016.2,,15.1,,,,,2025-10-22 00:50:00
40.0,3.0,5.0,,,,,1016.2,,15.0,,,-2.0,,2025-10-22 01:00:00
40.0,3.0,5.0,5.6,,12.6,279.0,1016.0,,15.0,,,,,2025-10-22 01:10:00
40.0,4.0,5.0,5.6,17.0,12.6,279.0,1015.8,,15.0,,,,,2025-10-22 01:20:00
40.0,4.0,5.0,,,,,1015.8,,14.9,,,,,2025-10-22 01:30:00
40.0,4.0,6.0,4.7,,11.4,282.0,1015.6,,14.9,,,,,2025-10-22 01:40:00
40.0,4.0,5.0,4.7,15.0,11.4,282.0,1015.6,,14.9,,,,,2025-10-22 01:50:00
10.0,3.0,3.0,5.4,,12.3,281.0,1015.5,,14.9,,,,,2025-10-22 02:50:00
360.0,2.0,4.0,,,,,1015.4,,14.8,,,-1.6,,2025-10-22 03:00:00
360.0,2.0,4.0,,,,,1015.3,,14.8,,,,,2025-10-22 03:10:00
360.0,2.0,4.0,5.6,17.0,12.9,290.0,1015.2,,14.8,,,,,2025-10-22 03:20:00
10.0,2.0,3.0,,,,,1015.1,,14.8,,,,,2025-10-22 03:30:00
20.0,3.0,4.0,5.2,,12.3,280.0,1014.9,,14.8,,,,,2025-10-22 03:40:00
20.0,2.0,3.0,5.2,16.0,12.3,280.0,1014.7,,14.8,,,,,2025-10-22 03:50:00
10.0,3.0,4.0,,,,,1014.7,,14.9,,,-1.5,,2025-10-22 04:00:00
360.0,3.0,4.0,,,,,1014.7,,14.9,,,,,2025-10-22 04:10:00
350.0,3.0,5.0,5.1,16.0,12.7,276.0,1014.6,,14.9,,,,,2025-10-22 04:20:00
360.0,3.0,4.0,,,,,1014.6,,14.8,,,,,2025-10-22 04:30:00
360.0,3.0,4.0,4.8,,11.9,284.0,1014.5,,14.8,,,,,2025-10-22 04:40:00
360.0,3.0,4.0,4.8,15.0,11.9,284.0,1014.4,,14.8,,,,,2025-10-22 04:50:00
20.0,3.0,4.0,,,,,1014.3,,14.8,,,,,2025-10-22 05:00:00
20.0,3.0,5.0,,,,,1014.3,,14.8,,,,,2025-10-22 05:10:00
30.0,3.0,5.0,5.1,16.0,12.4,284.0,1014.2,,14.8,,,,,2025-10-22 05:20:00
30.0,4.0,5.0,,,,,1013.9,,14.8,,,,,2025-10-22 05:30:00
50.0,4.0,6.0,,,,,1013.6,,14.8,,,,,2025-10-22 05:40:00
50.0,5.0,7.0,4.9,16.0,12.2,281.0,1013.4,,14.8,,,,,2025-10-22 05:50:00
60.0,5.0,7.0,,,,,1013.2,,14.8,,,-2.2,,2025-10-22 06:00:00
60.0,5.0,7.0,4.2,,11.9,287.0,1013.0,,14.8,,,,,2025-10-22 06:10:00
60.0,5.0,7.0,4.2,16.0,11.9,287.0,1012.8,,14.8,,,,,2025-10-22 06:20:00
60.0,5.0,8.0,,,,,1012.7,,14.8,,,,,2025-10-22 06:30:00
70.0,6.0,8.0,4.0,,11.4,278.0,1012.5,,14.8,,,,,2025-10-22 06:40:00
70.0,7.0,9.0,4.0,15.0,11.4,278.0,1012.3,,,,,,,2025-10-22 06:50:00
70.0,6.0,9.0,,,,,1012.2,,14.8,,,-2.5,,2025-10-22 07:00:00
70.0,6.0,9.0,5.2,,12.5,287.0,1012.0,,14.8,,,,,2025-10-22 07:10:00
80.0,6.0,8.0,5.2,15.0,12.5,287.0,1012.0,,14.8,,,,,2025-10-22 07:20:00
80.0,6.0,8.0,,,,,1011.9,,14.8,,,,,2025-10-22 07:30:00
80.0,6.0,8.0,,,,,1011.8,,14.8,,,,,2025-10-22 07:40:00
80.0,5.0,7.0,4.6,15.0,12.3,288.0,1011.8,,14.8,,,,,2025-10-22 07:50:00
90.0,5.0,8.0,,,,,1011.8,,14.8,,,-2.5,,2025-10-22 08:00:00
90.0,5.0,8.0,,,,,1011.9,,14.8,,,,,2025-10-22 08:10:00
100.0,5.0,8.0,5.1,,11.9,287.0,1011.8,,14.8,,,,,2025-10-22 08:20:00
100.0,5.0,9.0,,,,,1011.5,,14.8,,,,,2025-10-22 08:30:00
100.0,6.0,8.0,4.9,,11.8,291.0,1011.3,,14.8,,,,,2025-10-22 08:40:00
100.0,6.0,9.0,4.9,14.0,11.8,291.0,1011.1,,14.8,,,,,2025-10-22 08:50:00
100.0,6.0,9.0,,,,,1011.0,,14.8,,,-2.2,,2025-10-22 09:00:00
110.0,6.0,9.0,4.3,,11.5,285.0,1010.9,,14.8,,,,,2025-10-22 09:10:00
110.0,6.0,9.0,4.3,15.0,11.5,285.0,1010.7,,14.8,,,,,2025-10-22 09:20:00
110.0,6.0,9.0,,,,,1010.5,,14.7,,,,,2025-10-22 09:30:00
110.0,6.0,9.0,4.9,,12.0,291.0,1010.4,,14.7,,,,,2025-10-22 09:40:00
120.0,6.0,8.0,4.9,15.0,12.0,291.0,1010.4,,14.7,,,,,2025-10-22 09:50:00
120.0,5.0,9.0,,,,,1010.4,,14.7,,,-1.8,,2025-10-22 10:00:00
140.0,5.0,8.0,4.6,,11.7,294.0,1010.3,,14.7,,,,,2025-10-22 10:10:00
140.0,5.0,8.0,4.6,15.0,11.7,294.0,1010.2,,14.7,,,,,2025-10-22 10:20:00
140.0,5.0,7.0,,,,,1009.9,,14.7,,,,,2025-10-22 10:30:00
140.0,5.0,7.0,,,,,1009.7,,14.7,,,,,2025-10-22 10:40:00
140.0,6.0,8.0,4.0,15.0,10.9,285.0,1009.4,,14.7,,,,,2025-10-22 10:50:00
140.0,5.0,8.0,,,,,1009.4,,14.7,,,-2.4,,2025-10-22 11:00:00
160.0,5.0,7.0,,,,,1009.6,,14.7,,,,,2025-10-22 11:10:00
160.0,5.0,7.0,4.4,15.0,11.4,289.0,1009.5,,14.7,,,,,2025-10-22 11:20:00
170.0,5.0,7.0,,,,,1009.5,,14.7,,,,,2025-10-22 11:30:00
170.0,5.0,7.0,,,,,1009.3,,14.7,,,,,2025-10-22 11:40:00
180.0,6.0,7.0,4.0,14.0,10.7,288.0,1009.4,,14.7,,,,,2025-10-22 11:50:00
180.0,6.0,7.0,,,,,1009.4,,14.7,,,-1.6,,2025-10-22 12:00:00
180.0,6.0,7.0,3.9,,10.8,287.0,1009.2,,14.7,,,,,2025-10-22 12:10:00
180.0,6.0,7.0,3.9,14.0,10.8,287.0,1009.2,,14.7,,,,,2025-10-22 12:20:00
190.0,5.0,7.0,,,,,1009.3,,14.7,,,,,2025-10-22 12:30:00
200.0,5.0,7.0,3.7,,10.5,297.0,1009.6,,14.7,,,,,2025-10-22 12:40:00
220.0,6.0,7.0,3.7,15.0,10.5,297.0,1009.5,,14.7,,,,,2025-10-22 12:50:00
220.0,6.0,7.0,,,,,1009.8,,14.7,,,-0.6,,2025-10-22 13:00:00
230.0,7.0,9.0,3.8,,10.6,276.0,1010.2,,14.7,,,,,2025-10-22 13:10:00
240.0,7.0,9.0,3.8,16.0,10.6,276.0,1010.1,,14.7,,,,,2025-10-22 13:20:00
240.0,6.0,8.0,,,,,1010.2,,14.7,,,,,2025-10-22 13:30:00
250.0,6.0,8.0,,,,,1010.3,,14.7,,,,,2025-10-22 13:40:00
250.0,7.0,9.0,3.4,14.0,10.1,283.0,1010.3,,14.7,,,,,2025-10-22 13:50:00
260.0,7.0,10.0,,,,,1010.5,,14.7,,,1.1,,2025-10-22 14:00:00
260.0,8.0,10.0,,,,,1010.7,,14.7,,,,,2025-10-22 14:10:00
250.0,7.0,10.0,3.9,15.0,10.6,269.0,1010.4,,14.7,,,,,2025-10-22 14:20:00
250.0,5.0,8.0,,,,,1010.6,,14.7,,,,,2025-10-22 14:30:00
250.0,6.0,7.0,,,,,1010.9,,14.7,,,,,2025-10-22 14:40:00
260.0,6.0,7.0,3.5,14.0,10.2,277.0,1011.1,,14.7,,,,,2025-10-22 14:50:00
260.0,7.0,9.0,,,,,1011.1,,14.7,,,1.7,,2025-10-22 15:00:00
260.0,8.0,9.0,,,,,1011.4,,14.7,,,,,2025-10-22 15:10:00
280.0,12.0,16.0,3.4,14.0,9.9,276.0,1011.6,,14.7,,,,,2025-10-22 15:20:00
290.0,9.0,12.0,,,,,1011.7,,14.7,,,,,2025-10-22 15:30:00
290.0,8.0,11.0,3.3,,9.8,267.0,1011.8,,14.7,,,,,2025-10-22 15:40:00
300.0,7.0,9.0,3.3,15.0,9.8,267.0,1011.8,,14.7,,,,,2025-10-22 15:50:00
300.0,6.0,7.0,,,,,1011.9,,14.6,,,2.1,,2025-10-22 16:00:00
300.0,5.0,7.0,3.3,,9.4,273.0,1011.9,,14.6,,,,,2025-10-22 16:10:00
300.0,5.0,6.0,3.3,13.0,9.4,273.0,1011.8,,14.6,,,,,2025-10-22 16:20:00
310.0,4.0,6.0,,,,,1012.0,,14.6,,,,,2025-10-22 16:30:00
320.0,4.0,7.0,3.4,,10.1,272.0,1012.0,,14.6,,,,,2025-10-22 16:40:00
300.0,2.0,4.0,3.4,14.0,10.1,272.0,1012.4,,14.6,,,,,2025-10-22 16:50:00
270.0,1.0,3.0,,,,,1012.4,,14.6,,,1.9,,2025-10-22 17:00:00
240.0,2.0,3.0,3.0,,9.8,268.0,1012.8,,14.6,,,,,2025-10-22 17:10:00
210.0,2.0,3.0,3.0,14.0,9.8,268.0,1013.1,,14.6,,,,,2025-10-22 17:20:00
200.0,3.0,4.0,,,,,1013.5,,14.7,,,,,2025-10-22 17:30:00
190.0,3.0,5.0,,,,,1013.7,,14.7,,,,,2025-10-22 17:40:00
190.0,4.0,5.0,2.9,15.0,9.6,260.0,1013.8,,14.7,,,,,2025-10-22 17:50:00
180.0,5.0,6.0,,,,,1013.8,,14.7,,,2.7,,2025-10-22 18:00:00
180.0,5.0,6.0,2.5,,8.9,272.0,1013.8,,14.7,,,,,2025-10-22 18:10:00
180.0,5.0,7.0,2.5,14.0,8.9,272.0,1013.8,,14.7,,,,,2025-10-22 18:20:00
170.0,5.0,6.0,,,,,1013.9,,14.7,,,,,2025-10-22 18:30:00
180.0,6.0,8.0,,,,,1014.0,,14.7,,,,,2025-10-22 18:40:00
180.0,7.0,8.0,2.5,15.0,9.1,266.0,1014.2,,14.7,,,,,2025-10-22 18:50:00
180.0,7.0,8.0,,,,,1014.4,,14.7,,,2.5,,2025-10-22 19:00:00
,,,2.3,15.0,8.6,265.0,,,,,,,,2025-10-22 19:10:00
190.0,7.0,8.0,2.3,,8.6,265.0,1014.7,,14.7,,,,,2025-10-22 19:20:00
190.0,8.0,10.0,,,,,1014.8,,14.8,,,,,2025-10-22 19:30:00
190.0,7.0,9.0,,,,,1014.9,,14.8,,,,,2025-10-22 19:40:00
190.0,7.0,9.0,2.2,14.0,8.2,264.0,1015.0,,14.8,,,,,2025-10-22 19:50:00
190.0,7.0,9.0,,,,,1015.1,,14.8,,,2.7,,2025-10-22 20:00:00
200.0,7.0,8.0,2.4,,8.5,275.0,1015.2,,14.8,,,,,2025-10-22 20:10:00
200.0,6.0,8.0,2.4,15.0,8.5,275.0,1015.3,,14.8,,,,,2025-10-22 20:20:00
200.0,6.0,8.0,,,,,1015.4,,14.8,,,,,2025-10-22 20:30:00
200.0,6.0,8.0,2.3,,8.0,271.0,1015.4,,14.8,,,,,2025-10-22 20:40:00
210.0,6.0,7.0,2.3,14.0,8.0,271.0,1015.4,,14.8,,,,,2025-10-22 20:50:00
200.0,5.0,7.0,,,,,1015.3,,14.8,,,1.5,,2025-10-22 21:00:00
210.0,5.0,6.0,2.6,,8.5,267.0,1015.4,,14.8,,,,,2025-10-22 21:10:00
210.0,5.0,6.0,2.6,14.0,8.5,267.0,1015.5,,14.8,,,,,2025-10-22 21:20:00
210.0,5.0,7.0,,,,,1015.6,,14.8,,,,,2025-10-22 21:30:00
210.0,5.0,6.0,,,,,1015.6,,14.8,,,,,2025-10-22 21:40:00
210.0,5.0,6.0,2.5,15.0,8.4,270.0,1015.6,,14.8,,,,,2025-10-22 21:50:00
210.0,5.0,6.0,,,,,1015.7,,14.8,,,1.3,,2025-10-22 22:00:00
210.0,5.0,6.0,2.4,,8.1,280.0,1015.8,,14.8,,,,,2025-10-22 22:10:00
200.0,5.0,6.0,2.4,14.0,8.1,280.0,1015.9,,14.8,,,,,2025-10-22 22:20:00
200.0,5.0,6.0,,,,,1015.9,,14.8,,,,,2025-10-22 22:30:00
200.0,5.0,6.0,,,,,1016.1,,14.8,,,,,2025-10-22 22:40:00
190.0,5.0,6.0,2.6,14.0,8.3,293.0,1016.2,,14.8,,,,,2025-10-22 22:50:00
200.0,5.0,7.0,,,,,1016.3,,14.8,,,1.2,,2025-10-22 23:00:00
200.0,6.0,7.0,3.0,,8.9,279.0,1016.4,,14.8,,,,,2025-10-22 23:10:00
210.0,6.0,7.0,3.1,,8.6,287.0,1016.6,,14.8,,,,,2025-10-22 23:40:00
200.0,8.0,10.0,3.1,12.0,8.6,287.0,1016.7,,14.8,,,,,2025-10-22 23:50:00
200.0,7.0,9.0,,,,,1016.8,,14.8,,,1.5,,2025-10-23 00:00:00
210.0,5.0,7.0,3.0,,8.4,285.0,1016.9,,14.8,,,,,2025-10-23 00:10:00
210.0,6.0,8.0,3.0,13.0,8.4,285.0,1016.9,,14.8,,,,,2025-10-23 00:20:00
210.0,6.0,8.0,,,,,1017.0,,14.8,,,,,2025-10-23 00:30:00
210.0,7.0,8.0,,,,,1017.1,,14.8,,,,,2025-10-23 00:40:00
210.0,6.0,8.0,3.4,13.0,8.7,284.0,1017.1,,14.8,,,,,2025-10-23 00:50:00
210.0,6.0,8.0,,,,,1017.1,,14.8,,,1.4,,2025-10-23 01:00:00
210.0,6.0,7.0,3.5,,8.6,280.0,1017.1,,14.8,,,,,2025-10-23 01:10:00
210.0,6.0,7.0,3.5,12.0,8.6,280.0,1017.2,,14.7,,,,,2025-10-23 01:20:00
220.0,6.0,7.0,,,,,1017.2,,14.7,,,,,2025-10-23 01:30:00
210.0,6.0,7.0,,,,,1017.3,,14.7,,,,,2025-10-23 01:40:00
220.0,6.0,7.0,3.6,12.0,8.5,289.0,1017.4,,14.7,,,,,2025-10-23 01:50:00
220.0,6.0,7.0,,,,,1017.5,,14.7,,,1.2,,2025-10-23 02:00:00
220.0,5.0,6.0,3.8,,8.6,289.0,1017.5,,14.7,,,,,2025-10-23 02:10:00
220.0,5.0,6.0,3.8,12.0,8.6,289.0,1017.4,,14.7,,,,,2025-10-23 02:20:00
220.0,5.0,6.0,,,,,1017.4,,14.7,,,,,2025-10-23 02:30:00
210.0,5.0,6.0,3.6,,8.3,287.0,1017.5,,14.7,,,,,2025-10-23 02:40:00
210.0,5.0,6.0,3.6,11.0,8.3,287.0,1017.6,,14.7,,,,,2025-10-23 02:50:00
210.0,5.0,6.0,,,,,1017.6,,14.7,,,0.8,,2025-10-23 03:00:00
210.0,5.0,6.0,3.5,,8.4,284.0,1017.6,,14.6,,,,,2025-10-23 03:10:00
190.0,5.0,6.0,3.5,12.0,8.4,284.0,1017.6,,14.6,,,,,2025-10-23 03:20:00
180.0,5.0,6.0,,,,,1017.6,,14.6,,,,,2025-10-23 03:30:00
180.0,5.0,6.0,3.5,,8.3,283.0,1017.6,,14.6,,,,,2025-10-23 03:40:00
180.0,6.0,7.0,3.5,13.0,8.3,283.0,1017.6,,14.6,,,,,2025-10-23 03:50:00
180.0,6.0,7.0,,,,,1017.6,,14.6,,,0.5,,2025-10-23 04:00:00
180.0,6.0,7.0,3.5,,8.5,279.0,1017.7,,14.6,,,,,2025-10-23 04:10:00
180.0,6.0,8.0,3.5,12.0,8.5,279.0,1017.5,,14.6,,,,,2025-10-23 04:20:00
180.0,6.0,8.0,,,,,1017.4,,14.6,,,,,2025-10-23 04:30:00
190.0,6.0,8.0,,,,,1017.4,,14.6,,,,,2025-10-23 04:40:00
190.0,7.0,8.0,3.6,12.0,8.5,277.0,1017.6,,14.6,,,,,2025-10-23 04:50:00
190.0,7.0,8.0,,,,,1017.8,,14.6,,,0.3,,2025-10-23 05:00:00
190.0,7.0,8.0,3.3,,8.4,275.0,1017.8,,14.6,,,,,2025-10-23 05:10:00
200.0,7.0,8.0,3.3,13.0,8.4,275.0,1017.9,,14.6,,,,,2025-10-23 05:20:00
200.0,7.0,8.0,,,,,1018.0,,14.6,,,,,2025-10-23 05:30:00
190.0,7.0,9.0,3.4,,8.2,270.0,1018.1,,14.6,,,,,2025-10-23 05:40:00
190.0,7.0,9.0,3.4,12.0,8.2,270.0,1018.1,,14.6,,,,,2025-10-23 05:50:00
190.0,7.0,8.0,,,,,1018.0,,14.6,,,0.4,,2025-10-23 06:00:00
180.0,7.0,9.0,3.5,,8.7,275.0,1018.0,,14.6,,,,,2025-10-23 06:10:00
190.0,7.0,8.0,3.5,12.0,8.7,275.0,1018.1,,14.6,,,,,2025-10-23 06:20:00
190.0,7.0,8.0,,,,,1017.9,,14.6,,,,,2025-10-23 06:30:00
190.0,7.0,8.0,2.9,,8.2,268.0,1017.9,,14.6,,,,,2025-10-23 06:40:00
190.0,7.0,9.0,2.9,11.0,8.2,268.0,1017.8,,14.6,,,,,2025-10-23 06:50:00
190.0,7.0,8.0,,,,,1017.9,,14.6,,,0.3,,2025-10-23 07:00:00
200.0,7.0,8.0,3.1,,8.1,270.0,1018.0,,14.6,,,,,2025-10-23 07:10:00
190.0,7.0,8.0,3.1,12.0,8.1,270.0,1018.0,,14.6,,,,,2025-10-23 07:20:00
190.0,7.0,8.0,,,,,1017.9,,14.6,,,,,2025-10-23 07:30:00
190.0,7.0,9.0,,,,,1017.8,,14.6,,,,,2025-10-23 07:40:00
190.0,7.0,8.0,3.2,13.0,8.4,271.0,1017.9,,14.6,,,,,2025-10-23 07:50:00
200.0,7.0,8.0,,,,,1017.9,,14.7,,,0.0,,2025-10-23 08:00:00
190.0,7.0,8.0,3.1,,8.2,273.0,1017.8,,14.7,,,,,2025-10-23 08:10:00
190.0,7.0,9.0,3.1,11.0,8.2,273.0,1017.7,,14.7,,,,,2025-10-23 08:20:00
190.0,7.0,9.0,,,,,1017.7,,14.7,,,,,2025-10-23 08:30:00
180.0,7.0,9.0,3.0,,8.0,273.0,1017.6,,14.7,,,,,2025-10-23 08:40:00
180.0,7.0,8.0,3.0,10.0,8.0,273.0,1017.4,,14.7,,,,,2025-10-23 08:50:00
180.0,7.0,8.0,,,,,1017.3,,14.7,,,-0.7,,2025-10-23 09:00:00
180.0,7.0,8.0,2.7,,7.9,273.0,1017.4,,14.7,,,,,2025-10-23 09:10:00
180.0,7.0,8.0,2.7,13.0,7.9,273.0,1017.4,,14.7,,,,,2025-10-23 09:20:00
180.0,7.0,9.0,,,,,1017.4,,14.7,,,,,2025-10-23 09:30:00
180.0,7.0,9.0,2.8,,8.1,274.0,1017.4,,14.7,,,,,2025-10-23 09:40:00
180.0,8.0,9.0,2.8,12.0,8.1,274.0,1017.6,,14.7,,,,,2025-10-23 09:50:00
190.0,8.0,9.0,,,,,1017.6,,14.7,,,-0.3,,2025-10-23 10:00:00
180.0,8.0,9.0,2.9,,8.2,271.0,1017.5,,14.7,,,,,2025-10-23 10:10:00
190.0,8.0,10.0,2.9,11.0,8.2,271.0,1017.7,,,,,,,2025-10-23 10:20:00
190.0,8.0,10.0,,,,,1017.8,,14.7,,,,,2025-10-23 10:30:00
190.0,7.0,9.0,,,,,1017.6,,14.7,,,,,2025-10-23 10:40:00
190.0,8.0,10.0,3.1,12.0,8.2,268.0,1017.5,,14.7,,,,,2025-10-23 10:50:00
190.0,8.0,9.0,,,,,1017.5,,14.7,,,-0.4,,2025-10-23 11:00:00
180.0,8.0,9.0,3.0,,8.3,272.0,1017.4,,14.7,,,,,2025-10-23 11:10:00
180.0,8.0,9.0,3.0,12.0,8.3,272.0,1017.2,,14.7,,,,,2025-10-23 11:20:00
170.0,7.0,10.0,,,,,1017.1,,14.7,,,,,2025-10-23 11:30:00
180.0,7.0,9.0,,,,,1017.2,,14.7,,,,,2025-10-23 11:40:00
180.0,8.0,9.0,2.9,13.0,7.9,267.0,1017.2,,14.7,,,,,2025-10-23 11:50:00
190.0,7.0,9.0,,,,,1017.6,,14.7,,,0.3,,2025-10-23 12:00:00
180.0,7.0,9.0,3.3,,8.3,279.0,1017.3,,14.7,,,,,2025-10-23 12:10:00
180.0,8.0,9.0,3.3,13.0,8.3,279.0,1017.4,,14.7,,,,,2025-10-23 12:20:00
180.0,8.0,10.0,,,,,1017.3,,14.7,,,,,2025-10-23 12:30:00
180.0,8.0,10.0,,,,,1017.5,,14.7,,,,,2025-10-23 12:40:00
180.0,8.0,10.0,3.3,13.0,8.3,269.0,1017.6,,14.7,,,,,2025-10-23 12:50:00
180.0,8.0,10.0,,,,,1017.5,,14.7,,,0.0,,2025-10-23 13:00:00
180.0,9.0,11.0,3.4,,8.3,273.0,1017.4,,14.6,,,,,2025-10-23 13:10:00
180.0,8.0,11.0,3.4,13.0,8.3,273.0,1017.2,,14.6,,,,,2025-10-23 13:20:00
180.0,8.0,10.0,,,,,1017.1,,14.6,,,,,2025-10-23 13:30:00
170.0,8.0,10.0,,,,,1017.0,,14.6,,,,,2025-10-23 13:40:00
180.0,9.0,10.0,3.6,12.0,8.6,276.0,1017.0,,14.6,,,,,2025-10-23 13:50:00
180.0,8.0,10.0,,,,,1017.2,,14.6,,,-0.3,,2025-10-23 14:00:00
170.0,8.0,10.0,,,,,1016.8,,14.6,,,,,2025-10-23 14:10:00
180.0,9.0,11.0,3.8,12.0,8.6,267.0,1016.9,,14.6,,,,,2025-10-23 14:20:00
180.0,9.0,10.0,,,,,1016.9,,14.6,,,,,2025-10-23 14:30:00
180.0,9.0,11.0,,,,,1017.0,,14.6,,,,,2025-10-23 14:40:00
180.0,8.0,11.0,3.7,12.0,8.5,274.0,1016.9,,14.6,,,,,2025-10-23 14:50:00
180.0,9.0,11.0,,,,,1016.5,,14.6,,,-1.1,,2025-10-23 15:00:00
180.0,9.0,11.0,3.8,,8.6,275.0,1016.7,,14.6,,,,,2025-10-23 15:10:00
180.0,9.0,11.0,3.8,11.0,8.6,275.0,1016.7,,14.6,,,,,2025-10-23 15:20:00
180.0,9.0,11.0,,,,,1016.6,,14.6,,,,,2025-10-23 15:30:00
170.0,9.0,11.0,,,,,1016.5,,14.6,,,,,2025-10-23 15:40:00
170.0,9.0,11.0,3.9,11.0,8.6,268.0,1016.5,,14.6,,,,,2025-10-23 15:50:00
170.0,9.0,12.0,,,,,1016.5,,14.6,,,-1.0,,2025-10-23 16:00:00
180.0,9.0,11.0,3.9,,8.5,273.0,1016.8,,14.6,,,,,2025-10-23 16:10:00
170.0,9.0,11.0,3.9,11.0,8.5,273.0,1016.7,,14.6,,,,,2025-10-23 16:20:00
180.0,9.0,12.0,,,,,1016.7,,14.6,,,,,2025-10-23 16:30:00
180.0,9.0,12.0,,,,,1016.7,,14.6,,,,,2025-10-23 16:40:00
170.0,9.0,11.0,3.9,13.0,8.6,271.0,1016.8,,14.6,,,,,2025-10-23 16:50:00
180.0,9.0,11.0,,,,,1016.9,,14.6,,,-0.3,,2025-10-23 17:00:00
180.0,9.0,11.0,4.3,,9.1,268.0,1017.1,,14.6,,,,,2025-10-23 17:10:00
170.0,8.0,10.0,4.3,12.0,9.1,268.0,1017.0,,14.6,,,,,2025-10-23 17:20:00
170.0,9.0,11.0,,,,,1016.7,,14.6,,,,,2025-10-23 17:30:00
180.0,10.0,12.0,,,,,1016.8,,14.6,,,,,2025-10-23 17:40:00
180.0,9.0,11.0,4.6,12.0,9.5,254.0,1016.9,,14.6,,,,,2025-10-23 17:50:00
180.0,10.0,11.0,,,,,1017.0,,14.6,,,0.5,,2025-10-23 18:00:00
180.0,10.0,12.0,4.5,,9.6,252.0,1016.6,,14.6,,,,,2025-10-23 18:10:00
170.0,10.0,13.0,4.5,14.0,9.6,252.0,1016.5,,14.6,,,,,2025-10-23 18:20:00
180.0,10.0,12.0,,,,,1016.5,,14.6,,,,,2025-10-23 18:30:00
180.0,10.0,13.0,4.7,,9.8,258.0,1016.3,,14.6,,,,,2025-10-23 18:40:00
180.0,10.0,12.0,4.7,14.0,9.8,258.0,1016.7,,,,,,,2025-10-23 18:50:00
180.0,10.0,12.0,,,,,1016.4,,14.6,,,0.0,,2025-10-23 19:00:00
180.0,10.0,12.0,4.6,,9.3,266.0,1016.5,,14.6,,,,,2025-10-23 19:10:00
190.0,10.0,12.0,4.6,12.0,9.3,266.0,1016.6,,14.6,,,,,2025-10-23 19:20:00
190.0,10.0,12.0,,,,,1016.4,,14.6,,,,,2025-10-23 19:30:00
180.0,10.0,13.0,,,,,1016.6,,14.6,,,,,2025-10-23 19:40:00
190.0,10.0,12.0,5.1,14.0,10.1,255.0,1016.4,,14.7,,,,,2025-10-23 19:50:00
190.0,10.0,12.0,,,,,1016.4,,14.7,,,-0.5,,2025-10-23 20:00:00
190.0,9.0,12.0,5.4,,10.2,269.0,1016.6,,14.7,,,,,2025-10-23 20:10:00
180.0,9.0,12.0,5.4,15.0,10.2,269.0,1016.5,,14.7,,,,,2025-10-23 20:20:00
180.0,9.0,11.0,,,,,1016.5,,14.7,,,,,2025-10-23 20:30:00
180.0,9.0,11.0,,,,,1016.0,,14.7,,,,,2025-10-23 20:40:00
180.0,9.0,11.0,5.1,15.0,10.2,267.0,1015.7,,14.7,,,,,2025-10-23 20:50:00
170.0,9.0,11.0,,,,,1015.4,,14.7,,,-1.6,,2025-10-23 21:00:00
170.0,10.0,13.0,5.3,,10.1,260.0,1015.3,,14.7,,,,,2025-10-23 21:10:00
180.0,10.0,12.0,5.3,16.0,10.1,260.0,1015.4,,14.7,,,,,2025-10-23 21:20:00
180.0,9.0,11.0,,,,,1015.1,,14.7,,,,,2025-10-23 21:30:00
170.0,9.0,12.0,5.3,,10.2,270.0,1014.6,,14.7,,,,,2025-10-23 21:40:00
170.0,10.0,12.0,5.3,15.0,10.2,270.0,1014.5,,14.7,,,,,2025-10-23 21:50:00
170.0,10.0,13.0,,,,,1014.7,,14.7,,,-1.7,,2025-10-23 22:00:00
170.0,10.0,12.0,4.6,,9.8,275.0,1014.4,,14.7,,,,,2025-10-23 22:10:00
170.0,11.0,13.0,4.6,17.0,9.8,275.0,1014.4,,14.7,,,,,2025-10-23 22:20:00
170.0,10.0,14.0,,,,,1014.3,,14.7,,,,,2025-10-23 22:30:00
170.0,11.0,14.0,4.9,,9.7,269.0,1014.4,,14.7,,,,,2025-10-23 22:40:00
180.0,10.0,14.0,4.9,15.0,9.7,269.0,1014.5,,14.7,,,,,2025-10-23 22:50:00
170.0,10.0,12.0,,,,,1014.5,,14.7,,,-1.9,,2025-10-23 23:00:00
170.0,10.0,13.0,5.1,,9.8,269.0,1014.3,,14.7,,,,,2025-10-23 23:10:00
180.0,10.0,12.0,,,,,1014.3,,14.7,,,,,2025-10-23 23:40:00
180.0,11.0,12.0,5.3,16.0,9.9,272.0,1014.1,,14.7,,,,,2025-10-23 23:50:00
180.0,10.0,13.0,,,,,1014.0,,,,,-1.4,,2025-10-24 00:00:00
180.0,10.0,12.0,5.4,,10.1,273.0,1014.1,,14.7,,,,,2025-10-24 00:10:00
180.0,10.0,13.0,5.4,16.0,10.1,273.0,1013.9,,14.7,,,,,2025-10-24 00:20:00
170.0,10.0,13.0,,,,,1013.7,,14.7,,,,,2025-10-24 00:30:00
180.0,10.0,13.0,5.5,,9.7,270.0,1013.9,,14.7,,,,,2025-10-24 00:40:00
180.0,10.0,13.0,5.5,16.0,9.7,270.0,1013.7,,14.7,,,,,2025-10-24 00:50:00
180.0,11.0,13.0,,,,,1013.7,,14.7,,,-1.0,,2025-10-24 01:00:00
170.0,10.0,13.0,5.4,,9.8,272.0,1013.3,,14.7,,,,,2025-10-24 01:10:00
170.0,10.0,13.0,5.4,17.0,9.8,272.0,1013.4,,14.7,,,,,2025-10-24 01:20:00
180.0,10.0,13.0,,,,,1013.2,,14.7,,,,,2025-10-24 01:30:00
170.0,11.0,13.0,5.6,,9.7,263.0,1013.0,,14.7,,,,,2025-10-24 01:40:00
170.0,11.0,13.0,5.6,17.0,9.7,263.0,1013.3,,14.7,,,,,2025-10-24 01:50:00
180.0,11.0,13.0,,,,,1013.3,,14.7,,,-1.2,,2025-10-24 02:00:00
180.0,11.0,14.0,5.3,,9.2,275.0,1013.5,,14.7,,,,,2025-10-24 02:10:00
180.0,11.0,13.0,5.3,16.0,9.2,275.0,1013.1,,14.6,,,,,2025-10-24 02:20:00
180.0,11.0,14.0,,,,,1012.7,,14.6,,,,,2025-10-24 02:30:00
180.0,11.0,13.0,,,,,1012.7,,14.6,,,,,2025-10-24 02:40:00
180.0,11.0,13.0,6.0,14.0,10.1,266.0,1012.4,,14.6,,,,,2025-10-24 02:50:00
170.0,11.0,14.0,,,,,1012.2,,14.6,,,-1.8,,2025-10-24 03:00:00
180.0,11.0,14.0,5.7,,9.4,264.0,1012.1,,14.6,,,,,2025-10-24 03:10:00
170.0,11.0,14.0,5.7,12.0,9.4,264.0,1012.2,,14.6,,,,,2025-10-24 03:20:00
180.0,11.0,14.0,,,,,1012.1,,14.6,,,,,2025-10-24 03:30:00
180.0,12.0,14.0,5.8,,9.8,270.0,1012.0,,14.6,,,,,2025-10-24 03:40:00
180.0,11.0,14.0,5.8,16.0,9.8,270.0,1012.0,,14.6,,,,,2025-10-24 03:50:00
180.0,11.0,14.0,,,,,1011.7,,,,,-2.0,,2025-10-24 04:00:00
180.0,11.0,13.0,6.0,,9.8,272.0,1011.6,,14.6,,,,,2025-10-24 04:10:00
180.0,11.0,14.0,6.0,15.0,9.8,272.0,1011.6,,14.6,,,,,2025-10-24 04:20:00
180.0,11.0,15.0,,,,,1011.9,,14.6,,,,,2025-10-24 04:30:00
180.0,10.0,13.0,,,,,1011.5,,14.6,,,,,2025-10-24 04:40:00
180.0,11.0,14.0,6.4,15.0,10.4,270.0,1011.7,,14.7,,,,,2025-10-24 04:50:00
180.0,11.0,13.0,,,,,1011.3,,14.7,,,-2.0,,2025-10-24 05:00:00
180.0,11.0,13.0,5.9,,9.7,272.0,1011.1,,14.7,,,,,2025-10-24 05:10:00
180.0,11.0,14.0,5.9,14.0,9.7,272.0,1011.1,,14.8,,,,,2025-10-24 05:20:00
180.0,11.0,15.0,,,,,1011.0,,14.8,,,,,2025-10-24 05:30:00
180.0,11.0,14.0,6.0,,9.8,263.0,1010.9,,14.8,,,,,2025-10-24 05:40:00
190.0,11.0,13.0,6.0,15.0,9.8,263.0,1010.8,,14.8,,,,,2025-10-24 05:50:00
180.0,11.0,13.0,,,,,1010.5,,14.8,,,-1.7,,2025-10-24 06:00:00
180.0,11.0,13.0,6.4,,10.0,270.0,1010.1,,14.8,,,,,2025-10-24 06:10:00
180.0,11.0,14.0,6.4,15.0,10.0,270.0,1010.1,,14.8,,,,,2025-10-24 06:20:00
180.0,11.0,14.0,,,,,1009.6,,14.7,,,,,2025-10-24 06:30:00
180.0,11.0,14.0,6.0,,9.7,271.0,1009.3,,14.7,,,,,2025-10-24 06:40:00
180.0,11.0,14.0,6.0,15.0,9.7,271.0,1009.4,,14.7,,,,,2025-10-24 06:50:00
180.0,12.0,15.0,,,,,1009.1,,,,,-2.6,,2025-10-24 07:00:00
180.0,12.0,15.0,5.6,,9.6,263.0,1009.0,,14.6,,,,,2025-10-24 07:10:00
180.0,12.0,14.0,5.6,15.0,9.6,263.0,1008.7,,14.6,,,,,2025-10-24 07:20:00
180.0,12.0,15.0,,,,,1008.6,,14.6,,,,,2025-10-24 07:30:00
170.0,12.0,15.0,,,,,1008.6,,14.6,,,,,2025-10-24 07:40:00
180.0,12.0,15.0,5.8,15.0,10.0,268.0,1008.5,,14.6,,,,,2025-10-24 07:50:00
180.0,11.0,14.0,,,,,1008.4,,14.6,,,-2.9,,2025-10-24 08:00:00
180.0,11.0,14.0,,,,,1008.4,,14.6,,,,,2025-10-24 08:10:00
180.0,11.0,14.0,5.7,16.0,9.7,276.0,1008.1,,14.6,,,,,2025-10-24 08:20:00
180.0,11.0,14.0,,,,,1007.8,,14.7,,,,,2025-10-24 08:30:00
180.0,11.0,15.0,4.9,,8.8,263.0,1007.4,,,,,,,2025-10-24 08:40:00
170.0,12.0,14.0,4.9,13.0,8.8,263.0,1007.2,,14.7,,,,,2025-10-24 08:50:00
170.0,12.0,16.0,,,,,1007.0,,,,,-3.5,,2025-10-24 09:00:00
180.0,12.0,16.0,5.8,,9.6,270.0,1006.9,,14.7,,,,,2025-10-24 09:10:00
170.0,11.0,15.0,5.8,15.0,9.6,270.0,1006.8,,14.7,,,,,2025-10-24 09:20:00
180.0,11.0,13.0,,,,,1006.8,,14.7,,,,,2025-10-24 09:30:00
180.0,11.0,14.0,5.4,,9.2,279.0,1006.7,,14.7,,,,,2025-10-24 09:40:00
180.0,11.0,14.0,5.4,13.0,9.2,279.0,1006.5,,14.7,,,,,2025-10-24 09:50:00
170.0,12.0,15.0,,,,,1006.2,,14.7,,,-2.9,,2025-10-24 10:00:00
180.0,11.0,14.0,5.2,,9.1,274.0,1006.2,,14.7,,,,,2025-10-24 10:10:00
180.0,11.0,15.0,5.2,14.0,9.1,274.0,1005.9,,,,,,,2025-10-24 10:20:00
180.0,12.0,17.0,,,,,1005.9,,14.7,,,,,2025-10-24 10:30:00
200.0,12.0,16.0,,,,,1005.9,,14.7,,,,,2025-10-24 10:40:00
200.0,11.0,14.0,5.8,15.0,9.5,276.0,1005.6,,14.7,,,,,2025-10-24 10:50:00
210.0,9.0,11.0,,,,,1005.5,,14.7,,,-2.9,,2025-10-24 11:00:00
200.0,8.0,10.0,,,,,1005.1,,14.7,,,,,2025-10-24 11:10:00
200.0,9.0,11.0,5.4,14.0,9.1,282.0,1004.8,,14.7,,,,,2025-10-24 11:20:00
190.0,10.0,13.0,,,,,1004.7,,14.7,,,,,2025-10-24 11:30:00
190.0,10.0,12.0,,,,,1004.7,,14.7,,,,,2025-10-24 11:40:00
190.0,10.0,13.0,6.0,14.0,9.7,281.0,1004.3,,14.7,,,,,2025-10-24 11:50:00
190.0,11.0,13.0,,,,,1004.4,,14.7,,,-2.6,,2025-10-24 12:00:00
190.0,10.0,13.0,5.0,,8.7,279.0,1004.4,,14.7,,,,,2025-10-24 12:10:00
190.0,10.0,13.0,5.0,14.0,8.7,279.0,1004.0,,14.7,,,,,2025-10-24 12:20:00
190.0,11.0,14.0,,,,,1004.0,,14.7,,,,,2025-10-24 12:30:00
190.0,11.0,13.0,6.3,,9.7,275.0,1003.8,,14.7,,,,,2025-10-24 12:40:00
200.0,11.0,14.0,6.3,14.0,9.7,275.0,1003.9,,14.7,,,,,2025-10-24 12:50:00
200.0,10.0,12.0,,,,,1004.1,,14.7,,,-2.1,,2025-10-24 13:00:00
210.0,11.0,13.0,,,,,1004.4,,14.7,,,,,2025-10-24 13:10:00
210.0,11.0,14.0,5.2,15.0,9.0,277.0,1004.3,,14.7,,,,,2025-10-24 13:20:00
200.0,10.0,13.0,,,,,1004.1,,14.7,,,,,2025-10-24 13:30:00
210.0,9.0,12.0,,,,,1003.8,,14.7,,,,,2025-10-24 13:40:00
200.0,10.0,13.0,5.6,13.0,9.2,272.0,1003.9,,14.7,,,,,2025-10-24 13:50:00
200.0,10.0,13.0,,,,,1004.0,,14.7,,,-1.5,,2025-10-24 14:00:00
200.0,10.0,13.0,5.1,,8.8,273.0,1003.5,,14.7,,,,,2025-10-24 14:10:00
200.0,10.0,12.0,5.1,14.0,8.8,273.0,1003.6,,14.7,,,,,2025-10-24 14:20:00
200.0,11.0,14.0,,,,,1003.9,,14.6,,,,,2025-10-24 14:30:00
230.0,11.0,14.0,,,,,1004.6,,14.6,,,,,2025-10-24 14:40:00
240.0,12.0,15.0,5.2,14.0,9.0,272.0,1004.6,,14.6,,,,,2025-10-24 14:50:00
250.0,12.0,15.0,,,,,1004.6,,14.6,,,-0.0,,2025-10-24 15:00:00
260.0,11.0,14.0,4.8,,8.6,279.0,1005.1,,14.6,,,,,2025-10-24 15:10:00
260.0,10.0,12.0,4.8,15.0,8.6,279.0,1004.9,,14.6,,,,,2025-10-24 15:20:00
260.0,8.0,9.0,,,,,1005.1,,14.6,,,,,2025-10-24 15:30:00
260.0,7.0,10.0,,,,,1005.1,,14.6,,,,,2025-10-24 15:40:00
270.0,6.0,8.0,4.9,14.0,8.6,280.0,1004.9,,14.6,,,,,2025-10-24 15:50:00
260.0,6.0,8.0,,,,,1005.1,,14.6,,,1.0,,2025-10-24 16:00:00
260.0,6.0,8.0,5.5,,9.7,277.0,1004.9,,14.6,,,,,2025-10-24 16:10:00
260.0,7.0,10.0,5.5,15.0,9.7,277.0,1005.1,,14.6,,,,,2025-10-24 16:20:00
260.0,6.0,9.0,,,,,1005.5,,14.6,,,,,2025-10-24 16:30:00
250.0,6.0,8.0,5.0,,9.1,279.0,1005.3,,14.6,,,,,2025-10-24 16:40:00
250.0,5.0,8.0,5.0,12.0,9.1,279.0,1005.6,,14.6,,,,,2025-10-24 16:50:00
240.0,6.0,9.0,,,,,1005.5,,14.6,,,1.5,,2025-10-24 17:00:00
230.0,6.0,8.0,5.6,,9.8,280.0,1005.2,,14.6,,,,,2025-10-24 17:10:00
250.0,6.0,9.0,5.6,14.0,9.8,280.0,1005.6,,14.6,,,,,2025-10-24 17:20:00
250.0,5.0,8.0,,,,,1005.4,,14.6,,,,,2025-10-24 17:30:00
250.0,5.0,7.0,5.0,,9.6,276.0,1005.5,,14.6,,,,,2025-10-24 17:40:00
240.0,5.0,6.0,5.0,14.0,9.6,276.0,1005.9,,14.6,,,,,2025-10-24 17:50:00
310.0,6.0,8.0,,,,,1005.5,,14.6,,,0.9,,2025-10-24 18:00:00
300.0,3.0,6.0,5.2,,9.7,277.0,1005.4,,14.6,,,,,2025-10-24 18:10:00
280.0,2.0,4.0,5.2,14.0,9.7,277.0,1005.2,,14.6,,,,,2025-10-24 18:20:00
270.0,1.0,4.0,,,,,1005.3,,14.6,,,,,2025-10-24 18:30:00
270.0,3.0,5.0,5.6,,10.4,274.0,1005.4,,14.6,,,,,2025-10-24 18:40:00
280.0,3.0,5.0,5.6,15.0,10.4,274.0,1005.2,,,,,,,2025-10-24 18:50:00
270.0,3.0,5.0,,,,,1005.4,,14.7,,,0.3,,2025-10-24 19:00:00
280.0,2.0,5.0,5.3,,10.0,274.0,1005.2,,14.7,,,,,2025-10-24 19:10:00
290.0,3.0,4.0,5.3,15.0,10.0,274.0,1005.3,,14.7,,,,,2025-10-24 19:20:00
280.0,3.0,5.0,,,,,1005.1,,14.7,,,,,2025-10-24 19:30:00
280.0,3.0,5.0,,,,,1005.2,,14.7,,,,,2025-10-24 19:40:00
270.0,3.0,5.0,5.6,13.0,10.3,274.0,1005.3,,14.7,,,,,2025-10-24 19:50:00
250.0,3.0,5.0,,,,,1005.2,,14.7,,,-0.3,,2025-10-24 20:00:00
240.0,2.0,4.0,5.2,,10.1,281.0,1005.5,,14.6,,,,,2025-10-24 20:10:00
230.0,3.0,5.0,5.2,15.0,10.1,281.0,1005.4,,14.7,,,,,2025-10-24 20:20:00
220.0,4.0,6.0,,,,,1005.4,,14.7,,,,,2025-10-24 20:30:00
230.0,4.0,5.0,,,,,1004.9,,14.7,,,,,2025-10-24 20:40:00
250.0,4.0,6.0,5.2,15.0,10.5,279.0,1004.7,,14.7,,,,,2025-10-24 20:50:00
250.0,4.0,6.0,,,,,1004.1,,14.7,,,-1.4,,2025-10-24 21:00:00
240.0,4.0,6.0,5.0,,10.2,272.0,1003.8,,14.7,,,,,2025-10-24 21:10:00
230.0,4.0,5.0,5.0,15.0,10.2,272.0,1004.0,,14.7,,,,,2025-10-24 21:20:00
240.0,5.0,7.0,,,,,1004.0,,14.7,,,,,2025-10-24 21:30:00
240.0,5.0,7.0,,,,,1004.4,,14.7,,,,,2025-10-24 21:40:00
250.0,5.0,8.0,5.5,15.0,10.5,279.0,1004.3,,14.7,,,,,2025-10-24 21:50:00
260.0,6.0,8.0,,,,,1004.3,,14.7,,,-1.1,,2025-10-24 22:00:00
270.0,6.0,8.0,4.7,,10.0,288.0,1004.3,,14.7,,,,,2025-10-24 22:10:00
270.0,6.0,11.0,4.7,15.0,10.0,288.0,1004.3,,14.7,,,,,2025-10-24 22:20:00
280.0,11.0,16.0,,,,,1004.6,,14.7,,,,,2025-10-24 22:30:00
310.0,3.0,6.0,5.4,,10.3,288.0,1004.5,,14.7,,,,,2025-10-24 22:40:00
280.0,5.0,7.0,5.4,15.0,10.3,288.0,1004.7,,14.7,,,,,2025-10-24 22:50:00
270.0,5.0,7.0,,,,,1005.0,,14.7,,,-0.0,,2025-10-24 23:00:00
270.0,6.0,8.0,5.4,,10.4,285.0,1005.1,,14.7,,,,,2025-10-24 23:10:00
270.0,14.0,17.0,5.0,,10.0,283.0,1005.9,,14.6,,,,,2025-10-24 23:40:00
280.0,14.0,17.0,5.0,14.0,10.0,283.0,1006.4,,14.6,,,,,2025-10-24 23:50:00
280.0,12.0,15.0,,,,,1006.7,,14.6,,,2.6,,2025-10-25 00:00:00
280.0,9.0,13.0,4.9,,9.4,286.0,1006.6,,14.6,,,,,2025-10-25 00:10:00
290.0,7.0,11.0,4.9,15.0,9.4,286.0,1005.9,,14.6,,,,,2025-10-25 00:20:00
310.0,5.0,8.0,,,,,1005.9,,14.6,,,,,2025-10-25 00:30:00
320.0,4.0,6.0,,,,,1005.9,,14.6,,,,,2025-10-25 00:40:00
330.0,3.0,5.0,5.5,15.0,10.0,286.0,1006.0,,14.6,,,,,2025-10-25 00:50:00
330.0,2.0,4.0,,,,,1006.1,,14.6,,,1.8,,2025-10-25 01:00:00
280.0,2.0,4.0,5.6,,10.2,281.0,1006.2,,14.6,,,,,2025-10-25 01:10:00
250.0,1.0,4.0,5.6,14.0,10.2,281.0,1006.5,,14.6,,,,,2025-10-25 01:20:00
230.0,3.0,5.0,,,,,1006.7,,14.6,,,,,2025-10-25 01:30:00
230.0,4.0,5.0,,,,,1006.9,,14.6,,,,,2025-10-25 01:40:00
230.0,4.0,6.0,5.3,13.0,10.1,286.0,1007.3,,14.6,,,,,2025-10-25 01:50:00
230.0,4.0,6.0,,,,,1007.3,,14.7,,,2.3,,2025-10-25 02:00:00
230.0,4.0,6.0,5.6,,10.6,275.0,1007.3,,14.6,,,,,2025-10-25 02:10:00
220.0,4.0,5.0,5.6,15.0,10.6,275.0,1007.2,,14.7,,,,,2025-10-25 02:20:00
200.0,3.0,5.0,,,,,1007.3,,14.7,,,,,2025-10-25 02:30:00
200.0,3.0,5.0,,,,,1007.5,,14.7,,,,,2025-10-25 02:40:00
190.0,4.0,6.0,5.2,15.0,9.7,262.0,1007.5,,14.6,,,,,2025-10-25 02:50:00
190.0,5.0,7.0,,,,,1007.9,,14.6,,,1.2,,2025-10-25 03:00:00
200.0,6.0,8.0,5.2,,10.3,270.0,1008.4,,14.6,,,,,2025-10-25 03:10:00
200.0,7.0,9.0,5.2,15.0,10.3,270.0,1008.3,,14.6,,,,,2025-10-25 03:20:00
200.0,7.0,10.0,,,,,1008.3,,14.6,,,,,2025-10-25 03:30:00
190.0,7.0,9.0,,,,,1008.1,,14.6,,,,,2025-10-25 03:40:00
190.0,7.0,10.0,5.2,16.0,10.0,269.0,1008.1,,14.6,,,,,2025-10-25 03:50:00
190.0,7.0,9.0,,,,,1008.2,,14.6,,,2.1,,2025-10-25 04:00:00
190.0,8.0,10.0,4.9,,10.0,274.0,1008.3,,14.6,,,,,2025-10-25 04:10:00
190.0,8.0,10.0,4.9,14.0,10.0,274.0,1008.1,,14.6,,,,,2025-10-25 04:20:00
180.0,7.0,8.0,,,,,1007.7,,14.6,,,,,2025-10-25 04:30:00
180.0,7.0,9.0,,,,,1007.8,,14.6,,,,,2025-10-25 04:40:00
190.0,8.0,9.0,5.2,14.0,10.1,267.0,1007.8,,14.6,,,,,2025-10-25 04:50:00
190.0,7.0,9.0,,,,,1007.6,,14.6,,,0.3,,2025-10-25 05:00:00
210.0,6.0,9.0,5.2,,9.8,274.0,1007.2,,14.6,,,,,2025-10-25 05:10:00
190.0,8.0,9.0,5.2,14.0,9.8,274.0,1007.2,,14.6,,,,,2025-10-25 05:20:00
190.0,8.0,10.0,,,,,1007.2,,14.6,,,,,2025-10-25 05:30:00
190.0,8.0,9.0,,,,,1007.1,,14.6,,,,,2025-10-25 05:40:00
190.0,7.0,9.0,4.7,14.0,9.6,274.0,1007.1,,14.6,,,,,2025-10-25 05:50:00
190.0,8.0,10.0,,,,,1007.1,,14.6,,,-0.8,,2025-10-25 06:00:00
190.0,8.0,10.0,4.6,,9.6,258.0,1007.0,,14.6,,,,,2025-10-25 06:10:00
180.0,8.0,10.0,4.6,16.0,9.6,258.0,1006.5,,14.6,,,,,2025-10-25 06:20:00
170.0,8.0,11.0,,,,,1005.8,,14.6,,,,,2025-10-25 06:30:00
160.0,8.0,11.0,5.1,,10.2,272.0,1005.7,,14.6,,,,,2025-10-25 06:40:00
160.0,9.0,11.0,5.1,15.0,10.2,272.0,1005.6,,14.6,,,,,2025-10-25 06:50:00
160.0,9.0,11.0,,,,,1005.3,,14.6,,,-2.9,,2025-10-25 07:00:00
160.0,9.0,12.0,5.3,,10.2,269.0,1005.1,,14.6,,,,,2025-10-25 07:10:00
150.0,9.0,12.0,5.3,15.0,10.2,269.0,1005.1,,14.6,,,,,2025-10-25 07:20:00
150.0,10.0,13.0,,,,,1004.8,,14.6,,,,,2025-10-25 07:30:00
150.0,11.0,13.0,,,,,1004.7,,14.6,,,,,2025-10-25 07:40:00
150.0,11.0,13.0,5.1,16.0,10.0,259.0,1004.2,,14.6,,,,,2025-10-25 07:50:00
160.0,11.0,13.0,,,,,1004.2,,,,,-3.4,,2025-10-25 08:00:00
150.0,11.0,15.0,,,,,1003.7,,14.6,,,,,2025-10-25 08:10:00
150.0,11.0,15.0,4.5,16.0,9.6,264.0,1003.2,,14.6,,,,,2025-10-25 08:20:00
150.0,11.0,15.0,,,,,1002.9,,14.6,,,,,2025-10-25 08:30:00
150.0,11.0,15.0,,,,,1002.6,,14.6,,,,,2025-10-25 08:40:00
150.0,12.0,15.0,4.7,16.0,9.1,261.0,1002.1,,14.6,,,,,2025-10-25 08:50:00
140.0,12.0,15.0,,,,,1001.6,,14.6,,,-5.5,,2025-10-25 09:00:00
140.0,12.0,15.0,4.3,,8.8,264.0,1000.9,,14.6,,,,,2025-10-25 09:10:00
140.0,13.0,18.0,4.3,14.0,8.8,264.0,1000.4,,14.6,,,,,2025-10-25 09:20:00
140.0,13.0,16.0,,,,,999.7,,14.5,,,,,2025-10-25 09:30:00
140.0,13.0,17.0,4.4,,8.8,263.0,999.2,,14.5,,,,,2025-10-25 09:40:00
140.0,13.0,17.0,4.4,16.0,8.8,263.0,998.4,,14.5,,,,,2025-10-25 09:50:00
140.0,13.0,17.0,,,,,997.9,,14.5,,,-7.4,,2025-10-25 10:00:00
150.0,15.0,20.0,4.4,,8.5,269.0,998.2,,14.5,,,,,2025-10-25 10:10:00
150.0,15.0,20.0,4.4,15.0,8.5,269.0,998.0,,14.5,,,,,2025-10-25 10:20:00
160.0,16.0,21.0,,,,,997.9,,14.5,,,,,2025-10-25 10:30:00
170.0,17.0,22.0,,,,,998.7,,14.5,,,,,2025-10-25 10:40:00
190.0,17.0,24.0,4.4,16.0,7.9,255.0,998.7,,14.5,,,,,2025-10-25 10:50:00
190.0,12.0,16.0,,,,,997.8,,14.5,,,-6.4,,2025-10-25 11:00:00
180.0,12.0,14.0,4.4,,8.1,260.0,997.2,,14.5,,,,,2025-10-25 11:10:00
190.0,12.0,16.0,4.4,15.0,8.1,260.0,997.3,,14.5,,,,,2025-10-25 11:20:00
180.0,13.0,17.0,,,,,997.3,,14.5,,,,,2025-10-25 11:30:00
170.0,13.0,16.0,,,,,997.1,,14.5,,,,,2025-10-25 11:40:00
180.0,11.0,14.0,4.3,13.0,7.9,256.0,996.8,,14.5,,,,,2025-10-25 11:50:00
180.0,10.0,15.0,,,,,996.5,,14.5,,,-5.1,,2025-10-25 12:00:00
190.0,10.0,13.0,4.5,,8.5,269.0,996.2,,14.5,,,,,2025-10-25 12:10:00
200.0,9.0,10.0,4.5,15.0,8.5,269.0,995.9,,14.5,,,,,2025-10-25 12:20:00
200.0,7.0,9.0,,,,,995.6,,14.5,,,,,2025-10-25 12:30:00
180.0,7.0,9.0,4.3,,8.5,272.0,995.4,,14.5,,,,,2025-10-25 12:40:00
190.0,10.0,12.0,4.3,16.0,8.5,272.0,994.9,,14.5,,,,,2025-10-25 12:50:00
190.0,9.0,11.0,,,,,993.8,,14.5,,,-4.1,,2025-10-25 13:00:00
190.0,10.0,12.0,4.6,,8.4,261.0,994.3,,14.5,,,,,2025-10-25 13:10:00
180.0,10.0,13.0,4.6,13.0,8.4,261.0,994.3,,14.5,,,,,2025-10-25 13:20:00
180.0,11.0,13.0,,,,,994.1,,14.5,,,,,2025-10-25 13:30:00
190.0,11.0,13.0,,,,,994.4,,14.5,,,,,2025-10-25 13:40:00
200.0,11.0,14.0,4.9,15.0,8.7,263.0,994.4,,14.5,,,,,2025-10-25 13:50:00
200.0,12.0,14.0,,,,,994.3,,14.5,,,-3.5,,2025-10-25 14:00:00
200.0,12.0,14.0,4.8,,8.8,258.0,994.4,,14.5,,,,,2025-10-25 14:10:00
220.0,13.0,18.0,4.8,15.0,8.8,258.0,994.8,,14.5,,,,,2025-10-25 14:20:00
230.0,12.0,15.0,,,,,994.8,,14.5,,,,,2025-10-25 14:30:00
210.0,13.0,18.0,,,,,994.4,,14.5,,,,,2025-10-25 14:40:00
200.0,13.0,16.0,4.6,14.0,8.2,263.0,994.0,,14.5,,,,,2025-10-25 14:50:00
200.0,11.0,13.0,,,,,993.6,,14.5,,,-2.9,,2025-10-25 15:00:00
190.0,10.0,13.0,4.8,,8.4,265.0,993.5,,14.5,,,,,2025-10-25 15:10:00
200.0,10.0,13.0,4.8,14.0,8.4,265.0,993.3,,14.5,,,,,2025-10-25 15:20:00
190.0,11.0,14.0,,,,,993.3,,14.4,,,,,2025-10-25 15:30:00
190.0,11.0,14.0,4.7,,8.1,269.0,992.8,,14.4,,,,,2025-10-25 15:40:00
190.0,12.0,14.0,4.7,15.0,8.1,269.0,992.9,,14.4,,,,,2025-10-25 15:50:00
200.0,11.0,14.0,,,,,992.8,,14.4,,,-1.0,,2025-10-25 16:00:00
190.0,12.0,14.0,5.3,,8.7,276.0,992.6,,14.4,,,,,2025-10-25 16:10:00
190.0,12.0,14.0,5.3,15.0,8.7,276.0,992.7,,14.4,,,,,2025-10-25 16:20:00
190.0,12.0,15.0,,,,,992.5,,14.4,,,,,2025-10-25 16:30:00
210.0,12.0,15.0,4.6,,8.4,264.0,992.4,,14.4,,,,,2025-10-25 16:40:00
200.0,13.0,16.0,4.6,14.0,8.4,264.0,992.3,,14.4,,,,,2025-10-25 16:50:00
190.0,10.0,12.0,,,,,991.8,,14.4,,,-2.5,,2025-10-25 17:00:00
190.0,11.0,13.0,4.8,,8.7,273.0,991.8,,14.4,,,,,2025-10-25 17:10:00
190.0,11.0,14.0,4.8,14.0,8.7,273.0,991.8,,14.4,,,,,2025-10-25 17:20:00
190.0,12.0,15.0,,,,,991.8,,14.4,,,,,2025-10-25 17:30:00
200.0,12.0,15.0,4.6,,8.5,268.0,991.9,,14.4,,,,,2025-10-25 17:40:00
190.0,10.0,14.0,4.6,15.0,8.5,268.0,991.7,,14.4,,,,,2025-10-25 17:50:00
200.0,9.0,11.0,,,,,991.5,,14.4,,,-2.1,,2025-10-25 18:00:00
190.0,10.0,12.0,4.4,,8.3,259.0,991.5,,14.4,,,,,2025-10-25 18:10:00
200.0,11.0,14.0,4.4,14.0,8.3,259.0,991.3,,14.4,,,,,2025-10-25 18:20:00
200.0,11.0,14.0,,,,,991.3,,14.4,,,,,2025-10-25 18:30:00
210.0,12.0,16.0,3.9,,7.8,274.0,991.3,,14.4,,,,,2025-10-25 18:40:00
230.0,13.0,19.0,3.9,14.0,7.8,274.0,991.6,,,,,,,2025-10-25 18:50:00
240.0,11.0,15.0,,,,,991.4,,14.4,,,-1.4,,2025-10-25 19:00:00
230.0,9.0,11.0,4.7,,8.5,267.0,991.5,,14.4,,,,,2025-10-25 19:10:00
220.0,9.0,11.0,4.7,14.0,8.5,267.0,991.6,,14.4,,,,,2025-10-25 19:20:00
210.0,10.0,13.0,,,,,991.7,,14.4,,,,,2025-10-25 19:30:00
210.0,11.0,14.0,,,,,991.6,,14.4,,,,,2025-10-25 19:40:00
220.0,11.0,14.0,4.7,14.0,8.5,275.0,991.4,,14.4,,,,,2025-10-25 19:50:00
220.0,11.0,13.0,,,,,991.4,,14.4,,,-0.4,,2025-10-25 20:00:00
220.0,12.0,17.0,4.4,,8.2,271.0,991.6,,14.4,,,,,2025-10-25 20:10:00
230.0,13.0,16.0,4.4,15.0,8.2,271.0,992.0,,14.4,,,,,2025-10-25 20:20:00
240.0,12.0,20.0,,,,,991.9,,14.4,,,,,2025-10-25 20:30:00
240.0,13.0,16.0,4.1,,7.9,278.0,992.0,,14.4,,,,,2025-10-25 20:40:00
240.0,12.0,16.0,4.1,14.0,7.9,278.0,992.0,,14.4,,,,,2025-10-25 20:50:00
240.0,13.0,16.0,,,,,992.3,,14.4,,,0.8,,2025-10-25 21:00:00
250.0,14.0,17.0,4.7,,8.4,273.0,992.6,,14.4,,,,,2025-10-25 21:10:00
250.0,13.0,16.0,4.7,14.0,8.4,273.0,992.8,,14.4,,,,,2025-10-25 21:20:00
250.0,13.0,16.0,,,,,993.3,,14.4,,,,,2025-10-25 21:30:00
270.0,12.0,16.0,4.6,,8.1,272.0,993.4,,14.4,,,,,2025-10-25 21:40:00
270.0,14.0,20.0,4.6,14.0,8.1,272.0,994.1,,14.4,,,,,2025-10-25 21:50:00
270.0,15.0,20.0,,,,,994.4,,14.4,,,3.0,,2025-10-25 22:00:00
280.0,14.0,18.0,,,,,994.8,,14.4,,,,,2025-10-25 22:10:00
270.0,14.0,18.0,5.0,15.0,8.3,278.0,995.2,,14.4,,,,,2025-10-25 22:20:00
280.0,15.0,18.0,,,,,995.6,,14.4,,,,,2025-10-25 22:30:00
280.0,15.0,20.0,,,,,996.0,,14.4,,,,,2025-10-25 22:40:00
270.0,16.0,21.0,4.4,10.0,7.7,244.0,996.4,,14.4,,,,,2025-10-25 22:50:00
270.0,17.0,21.0,,,,,996.8,,14.4,,,5.4,,2025-10-25 23:00:00
260.0,15.0,19.0,4.5,,7.7,240.0,997.0,,14.3,,,,,2025-10-25 23:10:00
270.0,15.0,21.0,4.5,9.0,7.7,240.0,997.2,,14.3,,,,,2025-10-25 23:20:00
260.0,18.0,23.0,4.9,,7.7,256.0,997.8,,14.3,,,,,2025-10-25 23:40:00
260.0,16.0,21.0,4.9,9.0,7.7,256.0,998.2,,14.3,,,,,2025-10-25 23:50:00
270.0,16.0,20.0,,,,,998.4,,14.3,,,6.1,,2025-10-26 00:00:00
270.0,16.0,21.0,5.3,,8.1,247.0,998.8,,14.3,,,,,2025-10-26 00:10:00
270.0,17.0,23.0,5.3,10.0,8.1,247.0,999.2,,14.3,,,,,2025-10-26 00:20:00
260.0,18.0,23.0,,,,,999.2,,14.3,,,,,2025-10-26 00:30:00
250.0,17.0,23.0,,,,,999.7,,14.4,,,,,2025-10-26 00:40:00
260.0,17.0,21.0,4.8,14.0,7.8,279.0,999.8,,14.4,,,,,2025-10-26 00:50:00
260.0,18.0,22.0,,,,,1000.2,,14.4,,,5.8,,2025-10-26 01:00:00
260.0,17.0,22.0,5.8,,8.2,264.0,1000.2,,14.4,,,,,2025-10-26 01:10:00
260.0,17.0,21.0,5.8,11.0,8.2,264.0,1000.8,,14.4,,,,,2025-10-26 01:20:00
270.0,17.0,21.0,,,,,1001.1,,14.4,,,,,2025-10-26 01:30:00
270.0,17.0,22.0,,,,,1001.4,,14.4,,,,,2025-10-26 01:40:00
280.0,16.0,21.0,6.7,9.0,8.7,257.0,1001.9,,14.4,,,,,2025-10-26 01:50:00
280.0,15.0,19.0,,,,,1002.1,,14.4,,,5.3,,2025-10-26 02:00:00
270.0,13.0,16.0,7.0,,9.0,273.0,1002.2,,14.4,,,,,2025-10-26 02:10:00
270.0,15.0,19.0,7.0,11.0,9.0,273.0,1002.5,,14.4,,,,,2025-10-26 02:20:00
260.0,16.0,21.0,,,,,1002.8,,14.4,,,,,2025-10-26 02:30:00
270.0,16.0,20.0,,,,,1003.0,,14.4,,,,,2025-10-26 02:40:00
270.0,16.0,21.0,7.5,11.0,9.1,272.0,1003.3,,14.4,,,,,2025-10-26 02:50:00
270.0,15.0,17.0,,,,,1003.6,,14.4,,,5.2,,2025-10-26 03:00:00
260.0,15.0,20.0,,,,,1003.8,,14.4,,,,,2025-10-26 03:10:00
260.0,15.0,19.0,7.7,14.0,9.5,279.0,1004.1,,14.4,,,,,2025-10-26 03:20:00
260.0,14.0,19.0,,,,,1004.4,,14.4,,,,,2025-10-26 03:30:00
260.0,14.0,18.0,8.2,,10.0,278.0,1004.5,,14.4,,,,,2025-10-26 03:40:00
260.0,14.0,17.0,8.2,11.0,10.0,278.0,1004.7,,14.4,,,,,2025-10-26 03:50:00
260.0,14.0,18.0,,,,,1005.0,,14.4,,,4.8,,2025-10-26 04:00:00
260.0,14.0,17.0,8.9,,10.2,276.0,1005.2,,14.4,,,,,2025-10-26 04:10:00
270.0,13.0,17.0,8.9,13.0,10.2,276.0,1005.4,,14.4,,,,,2025-10-26 04:20:00
270.0,13.0,16.0,,,,,1005.6,,14.4,,,,,2025-10-26 04:30:00
260.0,13.0,17.0,,,,,1005.8,,14.4,,,,,2025-10-26 04:40:00
240.0,13.0,16.0,8.1,14.0,9.9,287.0,1006.2,,14.4,,,,,2025-10-26 04:50:00
240.0,12.0,15.0,,,,,1006.2,,14.4,,,4.1,,2025-10-26 05:00:00
240.0,12.0,14.0,7.5,,9.8,290.0,1006.5,,14.4,,,,,2025-10-26 05:10:00
250.0,13.0,17.0,7.5,14.0,9.8,290.0,1006.6,,14.4,,,,,2025-10-26 05:20:00
250.0,12.0,16.0,,,,,1006.8,,14.4,,,,,2025-10-26 05:30:00
250.0,12.0,15.0,8.6,,10.3,286.0,1006.9,,14.4,,,,,2025-10-26 05:40:00
250.0,10.0,13.0,8.6,14.0,10.3,286.0,1007.2,,14.4,,,,,2025-10-26 05:50:00
260.0,11.0,15.0,,,,,1007.3,,14.4,,,3.7,,2025-10-26 06:00:00
260.0,11.0,14.0,7.5,,9.5,284.0,1007.4,,14.4,,,,,2025-10-26 06:10:00
260.0,11.0,14.0,7.5,13.0,9.5,284.0,1007.4,,14.4,,,,,2025-10-26 06:20:00
250.0,11.0,14.0,,,,,1007.5,,14.4,,,,,2025-10-26 06:30:00
250.0,11.0,14.0,,,,,1007.7,,14.4,,,,,2025-10-26 06:40:00
240.0,11.0,14.0,7.3,14.0,9.6,271.0,1007.9,,14.4,,,,,2025-10-26 06:50:00
240.0,11.0,14.0,,,,,1008.1,,14.4,,,3.1,,2025-10-26 07:00:00
240.0,11.0,14.0,7.0,,10.1,285.0,1008.2,,14.4,,,,,2025-10-26 07:10:00
250.0,11.0,14.0,7.0,13.0,10.1,285.0,1008.3,,14.4,,,,,2025-10-26 07:20:00
240.0,10.0,13.0,,,,,1008.3,,14.4,,,,,2025-10-26 07:30:00
240.0,10.0,12.0,6.4,,9.4,275.0,1008.2,,14.4,,,,,2025-10-26 07:40:00
230.0,11.0,13.0,6.4,13.0,9.4,275.0,1008.3,,14.4,,,,,2025-10-26 07:50:00
230.0,12.0,16.0,,,,,1008.3,,14.4,,,2.1,,2025-10-26 08:00:00
230.0,13.0,16.0,,,,,1008.4,,14.4,,,,,2025-10-26 08:10:00
220.0,12.0,14.0,6.3,14.0,9.4,266.0,1008.3,,14.4,,,,,2025-10-26 08:20:00
220.0,11.0,15.0,,,,,1008.3,,14.4,,,,,2025-10-26 08:30:00
,,,6.3,13.0,,,,,,,,,,2025-10-26 08:40:00
220.0,12.0,15.0,6.3,,9.4,268.0,1008.5,,14.4,,,,,2025-10-26 08:50:00
210.0,12.0,15.0,,,,,1008.5,,14.4,,,1.2,,2025-10-26 09:00:00
210.0,11.0,13.0,5.9,,9.2,258.0,1008.4,,14.4,,,,,2025-10-26 09:10:00
210.0,12.0,16.0,5.9,14.0,9.2,258.0,1008.5,,14.4,,,,,2025-10-26 09:20:00
210.0,12.0,15.0,,,,,1008.4,,14.3,,,,,2025-10-26 09:30:00
190.0,11.0,14.0,5.9,,9.2,264.0,1008.3,,14.3,,,,,2025-10-26 09:40:00
200.0,10.0,12.0,5.9,13.0,9.2,264.0,1008.2,,14.3,,,,,2025-10-26 09:50:00
200.0,10.0,12.0,,,,,1008.3,,14.3,,,0.0,,2025-10-26 10:00:00
190.0,9.0,11.0,5.3,,9.1,260.0,1008.1,,14.3,,,,,2025-10-26 10:10:00
220.0,8.0,11.0,5.3,13.0,9.1,260.0,1008.2,,14.3,,,,,2025-10-26 10:20:00
290.0,6.0,9.0,,,,,1008.2,,14.3,,,,,2025-10-26 10:30:00
280.0,6.0,8.0,5.2,,9.1,268.0,1008.3,,14.3,,,,,2025-10-26 10:40:00
260.0,4.0,8.0,5.2,13.0,9.1,268.0,1008.1,,14.3,,,,,2025-10-26 10:50:00
230.0,6.0,11.0,,,,,1007.9,,14.3,,,-0.4,,2025-10-26 11:00:00
210.0,9.0,11.0,5.5,,9.5,268.0,1007.8,,14.3,,,,,2025-10-26 11:10:00
220.0,9.0,11.0,5.5,14.0,9.5,268.0,1007.9,,14.3,,,,,2025-10-26 11:20:00
220.0,9.0,10.0,,,,,1007.9,,14.3,,,,,2025-10-26 11:30:00
220.0,8.0,11.0,5.4,,9.3,259.0,1007.8,,14.3,,,,,2025-10-26 11:40:00
220.0,8.0,11.0,5.4,13.0,9.3,259.0,1007.6,,14.3,,,,,2025-10-26 11:50:00
230.0,8.0,10.0,,,,,1007.6,,14.3,,,-0.9,,2025-10-26 12:00:00
250.0,7.0,9.0,5.1,,8.9,271.0,1007.5,,14.3,,,,,2025-10-26 12:10:00
250.0,6.0,9.0,5.1,11.0,8.9,271.0,1007.5,,14.3,,,,,2025-10-26 12:20:00
240.0,7.0,9.0,,,,,1007.4,,14.3,,,,,2025-10-26 12:30:00
240.0,5.0,8.0,5.0,,8.8,272.0,1007.6,,14.3,,,,,2025-10-26 12:40:00
230.0,5.0,7.0,5.0,12.0,8.8,272.0,1007.4,,14.3,,,,,2025-10-26 12:50:00
220.0,5.0,7.0,,,,,1007.5,,14.3,,,-0.8,,2025-10-26 13:00:00
210.0,5.0,8.0,5.1,,8.9,269.0,1007.7,,14.3,,,,,2025-10-26 13:10:00
200.0,5.0,7.0,5.1,12.0,8.9,269.0,1007.8,,14.3,,,,,2025-10-26 13:20:00
190.0,6.0,8.0,,,,,1007.9,,14.3,,,,,2025-10-26 13:30:00
210.0,7.0,9.0,,,,,1008.1,,14.3,,,,,2025-10-26 13:40:00
220.0,8.0,12.0,4.6,13.0,8.6,271.0,1008.2,,14.3,,,,,2025-10-26 13:50:00
240.0,7.0,10.0,,,,,1008.2,,14.3,,,0.3,,2025-10-26 14:00:00
230.0,4.0,6.0,5.1,,9.0,273.0,1007.9,,14.3,,,,,2025-10-26 14:10:00
200.0,3.0,4.0,5.1,12.0,9.0,273.0,1007.9,,14.3,,,,,2025-10-26 14:20:00
220.0,3.0,5.0,,,,,1007.8,,14.3,,,,,2025-10-26 14:30:00
230.0,4.0,7.0,,,,,1007.9,,14.3,,,,,2025-10-26 14:40:00
240.0,6.0,8.0,,,,,1008.0,,,,,,,2025-10-26 14:50:00
290.0,10.0,14.0,4.7,13.0,8.5,274.0,,,,,,,,2025-10-26 16:10:00
280.0,6.0,10.0,,,,,,,,,,,,2025-10-26 16:20:00
290.0,5.0,7.0,,,,,,,,,,,,2025-10-26 16:30:00
290.0,6.0,8.0,4.6,12.0,8.4,279.0,,,,,,,,2025-10-26 16:40:00
270.0,6.0,8.0,,,,,,,,,,,,2025-10-26 16:50:00
270.0,7.0,9.0,5.1,,8.9,273.0,,,,,,,,2025-10-26 17:00:00
270.0,8.0,11.0,5.1,12.0,8.9,273.0,,,,,,,,2025-10-26 17:10:00
270.0,7.0,10.0,,,,,,,,,,,,2025-10-26 17:20:00
280.0,7.0,11.0,4.1,,8.6,276.0,,,,,,,,2025-10-26 17:30:00
280.0,9.0,12.0,4.1,11.0,8.6,276.0,1010.0,,,,,,,2025-10-26 17:40:00
280.0,9.0,11.0,,,,,1009.9,,,,,,,2025-10-26 17:50:00
270.0,9.0,11.0,,,,,1010.1,,,,,,,2025-10-26 18:00:00
270.0,9.0,11.0,4.9,12.0,8.9,277.0,1010.1,,,,,,,2025-10-26 18:10:00
280.0,9.0,12.0,,,,,1010.2,,,,,,,2025-10-26 18:20:00
290.0,9.0,12.0,4.7,,8.8,274.0,1010.2,,,,,,,2025-10-26 18:30:00
290.0,8.0,11.0,4.7,13.0,8.8,274.0,1010.4,,,,,,,2025-10-26 18:40:00
290.0,9.0,11.0,,,,,1010.4,,,,,,,2025-10-26 18:50:00
290.0,8.0,11.0,4.2,,8.6,273.0,1010.6,,,,,,,2025-10-26 19:00:00
310.0,9.0,12.0,4.2,14.0,8.6,273.0,1010.8,,,,,,,2025-10-26 19:10:00
330.0,9.0,11.0,,,,,1011.0,,,,,,,2025-10-26 19:20:00
340.0,7.0,10.0,4.2,,8.5,287.0,1011.0,,,,,,,2025-10-26 19:30:00
320.0,6.0,8.0,4.2,12.0,8.5,287.0,1011.1,,,,,,,2025-10-26 19:40:00
320.0,6.0,8.0,,,,,1011.3,,,,,,,2025-10-26 19:50:00
320.0,6.0,8.0,,,,,1011.4,,,,,,,2025-10-26 20:00:00
310.0,6.0,8.0,3.8,13.0,8.2,279.0,1011.4,,,,,,,2025-10-26 20:10:00
310.0,6.0,8.0,,,,,1011.5,,,,,,,2025-10-26 20:20:00
310.0,6.0,7.0,3.9,,8.5,290.0,1011.7,,,,,,,2025-10-26 20:30:00
310.0,6.0,8.0,3.9,11.0,8.5,290.0,1011.8,,,,,,,2025-10-26 20:40:00
320.0,5.0,7.0,,,,,1011.9,,14.3,,,,,2025-10-26 20:50:00
320.0,5.0,7.0,,,,,1011.9,,14.3,,,1.8,,2025-10-26 21:00:00
310.0,5.0,7.0,,,,,1012.0,,14.3,,,,,2025-10-26 21:10:00
310.0,5.0,8.0,,,,,1012.1,,14.3,,,,,2025-10-26 21:20:00
310.0,5.0,8.0,,,,,1012.3,,14.3,,,,,2025-10-26 21:30:00
,,,3.5,13.0,,,,,,,,,,2025-10-26 21:33:00
300.0,5.0,7.0,3.5,,8.6,287.0,1012.3,,14.3,,,,,2025-10-26 21:40:00
310.0,5.0,7.0,,,,,1012.5,,14.3,,,,,2025-10-26 21:50:00
300.0,6.0,8.0,,,,,1012.6,,14.3,,,2.0,,2025-10-26 22:00:00
,,,3.7,14.0,8.6,275.0,,,,,,,,2025-10-26 22:10:00
290.0,7.0,9.0,3.7,,8.6,275.0,1012.9,,14.3,,,,,2025-10-26 22:20:00
290.0,6.0,8.0,,,,,1013.1,,14.3,,,,,2025-10-26 22:30:00
290.0,6.0,8.0,,,,,1013.0,,14.3,,,,,2025-10-26 22:40:00
290.0,6.0,10.0,3.4,12.0,8.2,290.0,1013.3,,14.3,,,,,2025-10-26 22:50:00
290.0,6.0,8.0,,,,,1013.4,,14.3,,,2.0,,2025-10-26 23:00:00
300.0,6.0,8.0,3.2,,8.3,283.0,1013.6,,14.3,,,,,2025-10-26 23:10:00
300.0,6.0,8.0,,,,,1014.0,,14.2,,,,,2025-10-26 23:40:00
290.0,5.0,7.0,3.3,12.0,8.2,288.0,1014.1,,14.2,,,,,2025-10-26 23:50:00
310.0,6.0,9.0,,,,,1014.3,,14.2,,,2.4,,2025-10-27 00:00:00
300.0,5.0,7.0,3.6,,9.0,280.0,1014.4,,14.2,,,,,2025-10-27 00:10:00
280.0,6.0,8.0,3.6,13.0,9.0,280.0,1014.5,,14.2,,,,,2025-10-27 00:20:00
280.0,6.0,8.0,,,,,1014.5,,14.2,,,,,2025-10-27 00:30:00
270.0,7.0,9.0,,,,,1014.6,,14.2,,,,,2025-10-27 00:40:00
270.0,8.0,10.0,3.3,11.0,8.1,280.0,1014.7,,14.1,,,,,2025-10-27 00:50:00
280.0,7.0,9.0,,,,,1014.7,,14.1,,,2.1,,2025-10-27 01:00:00
290.0,5.0,9.0,3.2,,8.0,286.0,1014.9,,14.1,,,,,2025-10-27 01:10:00
300.0,6.0,10.0,3.2,13.0,8.0,286.0,1015.0,,14.1,,,,,2025-10-27 01:20:00
270.0,7.0,9.0,,,,,1015.2,,14.1,,,,,2025-10-27 01:30:00
270.0,7.0,10.0,,,,,1015.3,,14.1,,,,,2025-10-27 01:40:00
260.0,7.0,9.0,3.1,13.0,7.8,279.0,1015.5,,14.1,,,,,2025-10-27 01:50:00
270.0,7.0,10.0,,,,,1015.6,,14.1,,,2.2,,2025-10-27 02:00:00
270.0,7.0,9.0,3.5,,8.4,279.0,1015.8,,14.1,,,,,2025-10-27 02:10:00
280.0,8.0,12.0,3.5,13.0,8.4,279.0,1015.8,,14.1,,,,,2025-10-27 02:20:00
270.0,9.0,13.0,,,,,1016.2,,14.1,,,,,2025-10-27 02:30:00
270.0,5.0,7.0,,,,,1016.2,,14.1,,,,,2025-10-27 02:40:00
270.0,4.0,5.0,3.0,11.0,7.7,278.0,1016.3,,14.0,,,,,2025-10-27 02:50:00
270.0,4.0,5.0,,,,,1016.5,,14.0,,,2.2,,2025-10-27 03:00:00
260.0,6.0,8.0,3.3,,8.2,277.0,1016.7,,14.0,,,,,2025-10-27 03:10:00
260.0,6.0,9.0,3.3,11.0,8.2,277.0,1016.9,,14.0,,,,,2025-10-27 03:20:00
260.0,6.0,8.0,,,,,1017.1,,14.0,,,,,2025-10-27 03:30:00
260.0,6.0,8.0,3.0,,7.9,275.0,1017.3,,14.0,,,,,2025-10-27 03:40:00
250.0,6.0,8.0,3.0,12.0,7.9,275.0,1017.5,,14.0,,,,,2025-10-27 03:50:00
250.0,6.0,8.0,,,,,1017.6,,14.0,,,2.9,,2025-10-27 04:00:00
240.0,6.0,7.0,3.1,,7.9,276.0,1017.6,,13.9,,,,,2025-10-27 04:10:00
240.0,5.0,7.0,3.1,12.0,7.9,276.0,1017.7,,13.9,,,,,2025-10-27 04:20:00
230.0,5.0,6.0,,,,,1017.8,,13.9,,,,,2025-10-27 04:30:00
270.0,7.0,13.0,2.9,,7.7,271.0,1018.2,,13.9,,,,,2025-10-27 04:40:00
260.0,8.0,12.0,2.9,12.0,7.7,271.0,1018.3,,13.9,,,,,2025-10-27 04:50:00
230.0,6.0,10.0,,,,,1018.2,,13.9,,,2.6,,2025-10-27 05:00:00
240.0,4.0,6.0,3.2,,8.0,267.0,1018.3,,13.9,,,,,2025-10-27 05:10:00
250.0,4.0,6.0,3.2,12.0,8.0,267.0,1018.4,,13.9,,,,,2025-10-27 05:20:00
260.0,5.0,6.0,,,,,1018.4,,13.9,,,,,2025-10-27 05:30:00
250.0,4.0,6.0,,,,,1018.7,,13.9,,,,,2025-10-27 05:40:00
280.0,5.0,10.0,3.1,12.0,8.0,271.0,1018.8,,13.9,,,,,2025-10-27 05:50:00
270.0,4.0,8.0,,,,,1018.8,,13.9,,,2.3,,2025-10-27 06:00:00
240.0,7.0,9.0,3.1,,8.1,267.0,1018.8,,13.9,,,,,2025-10-27 06:10:00
240.0,8.0,9.0,3.1,11.0,8.1,267.0,1018.9,,13.9,,,,,2025-10-27 06:20:00
250.0,8.0,10.0,,,,,1019.1,,13.9,,,,,2025-10-27 06:30:00
270.0,7.0,10.0,3.4,,8.6,265.0,1019.3,,13.9,,,,,2025-10-27 06:40:00
280.0,6.0,7.0,3.4,11.0,8.6,265.0,1019.5,,13.9,,,,,2025-10-27 06:50:00
290.0,7.0,10.0,,,,,1019.7,,13.9,,,2.1,,2025-10-27 07:00:00
320.0,9.0,10.0,2.8,,7.3,263.0,1019.9,,13.9,,,,,2025-10-27 07:10:00
280.0,5.0,8.0,2.8,12.0,7.3,263.0,1019.8,,13.9,,,,,2025-10-27 07:20:00
290.0,5.0,7.0,,,,,1019.9,,13.9,,,,,2025-10-27 07:30:00
300.0,4.0,5.0,3.0,,7.6,267.0,1020.0,,13.9,,,,,2025-10-27 07:40:00
300.0,4.0,5.0,3.0,12.0,7.6,267.0,1020.2,,13.9,,,,,2025-10-27 07:50:00
280.0,3.0,4.0,,,,,1020.2,,13.9,,,2.0,,2025-10-27 08:00:00
280.0,3.0,5.0,,,,,1020.3,,13.9,,,,,2025-10-27 08:10:00
280.0,5.0,7.0,3.0,11.0,7.9,276.0,1020.4,,13.9,,,,,2025-10-27 08:20:00
290.0,7.0,10.0,,,,,1020.4,,14.0,,,,,2025-10-27 08:30:00
270.0,5.0,7.0,,,,,1020.4,,14.0,,,,,2025-10-27 08:40:00
300.0,2.0,5.0,3.1,11.0,8.0,281.0,1020.3,,14.0,,,,,2025-10-27 08:50:00
290.0,2.0,3.0,,,,,1020.4,,14.0,,,1.6,,2025-10-27 09:00:00
250.0,2.0,6.0,2.9,,8.0,280.0,1020.6,,14.0,,,,,2025-10-27 09:10:00
230.0,5.0,6.0,2.9,10.0,8.0,280.0,1020.7,,14.0,,,,,2025-10-27 09:20:00
230.0,5.0,8.0,,,,,1020.7,,14.0,,,,,2025-10-27 09:30:00
250.0,7.0,9.0,,,,,1020.7,,14.0,,,,,2025-10-27 09:40:00
260.0,7.0,8.0,3.3,12.0,8.5,280.0,1020.9,,14.0,,,,,2025-10-27 09:50:00
260.0,7.0,9.0,,,,,1021.0,,14.0,,,1.3,,2025-10-27 10:00:00
270.0,7.0,9.0,2.8,,7.7,274.0,1021.1,,14.0,,,,,2025-10-27 10:10:00
280.0,7.0,9.0,2.8,11.0,7.7,274.0,1021.1,,14.0,,,,,2025-10-27 10:20:00
270.0,7.0,8.0,,,,,1021.2,,14.0,,,,,2025-10-27 10:30:00
270.0,6.0,8.0,3.2,,8.3,284.0,1021.2,,14.0,,,,,2025-10-27 10:40:00
270.0,6.0,8.0,3.2,12.0,8.3,284.0,1021.4,,,,,,,2025-10-27 10:50:00
260.0,7.0,8.0,,,,,1021.5,,14.0,,,1.3,,2025-10-27 11:00:00
260.0,7.0,9.0,3.0,,7.9,284.0,1021.5,,13.9,,,,,2025-10-27 11:10:00
260.0,6.0,8.0,3.0,12.0,7.9,284.0,1021.6,,13.9,,,,,2025-10-27 11:20:00
260.0,6.0,8.0,,,,,1021.5,,13.9,,,,,2025-10-27 11:30:00
260.0,6.0,8.0,,,,,1021.7,,13.9,,,,,2025-10-27 11:40:00
270.0,7.0,8.0,3.2,12.0,8.2,288.0,1021.8,,13.9,,,,,2025-10-27 11:50:00
270.0,6.0,8.0,,,,,1021.9,,14.0,,,1.5,,2025-10-27 12:00:00
270.0,6.0,8.0,3.6,,8.5,285.0,1022.0,,14.0,,,,,2025-10-27 12:10:00
270.0,6.0,8.0,3.6,13.0,8.5,285.0,1022.1,,14.0,,,,,2025-10-27 12:20:00
260.0,6.0,7.0,,,,,1022.1,,14.0,,,,,2025-10-27 12:30:00
270.0,5.0,7.0,3.1,,8.1,292.0,1022.2,,14.0,,,,,2025-10-27 12:40:00
280.0,5.0,7.0,3.1,12.0,8.1,292.0,1022.3,,14.0,,,,,2025-10-27 12:50:00
270.0,5.0,7.0,,,,,1022.3,,14.0,,,1.3,,2025-10-27 13:00:00
280.0,5.0,7.0,3.2,,8.4,298.0,1022.4,,14.0,,,,,2025-10-27 13:10:00
270.0,5.0,7.0,3.2,13.0,8.4,298.0,1022.4,,14.0,,,,,2025-10-27 13:20:00
280.0,5.0,6.0,,,,,1022.5,,14.0,,,,,2025-10-27 13:30:00
280.0,5.0,7.0,3.1,,8.3,301.0,1022.6,,14.0,,,,,2025-10-27 13:40:00
290.0,4.0,6.0,3.1,12.0,8.3,301.0,1022.7,,14.0,,,,,2025-10-27 13:50:00
270.0,4.0,6.0,,,,,1022.9,,14.0,,,1.4,,2025-10-27 14:00:00
260.0,5.0,6.0,,,,,1022.9,,14.0,,,,,2025-10-27 14:10:00
260.0,5.0,6.0,3.2,12.0,8.3,302.0,1023.1,,14.0,,,,,2025-10-27 14:20:00
260.0,5.0,7.0,,,,,1023.3,,14.0,,,,,2025-10-27 14:30:00
260.0,4.0,6.0,,,,,1023.5,,14.0,,,,,2025-10-27 14:40:00
250.0,4.0,6.0,2.9,12.0,8.0,297.0,1023.7,,14.0,,,,,2025-10-27 14:50:00
250.0,4.0,6.0,,,,,1023.8,,14.0,,,1.9,,2025-10-27 15:00:00
250.0,5.0,6.0,3.2,,8.4,294.0,1023.7,,14.0,,,,,2025-10-27 15:10:00
270.0,5.0,7.0,3.2,11.0,8.4,294.0,1023.9,,14.0,,,,,2025-10-27 15:20:00
280.0,6.0,8.0,,,,,1024.2,,14.0,,,,,2025-10-27 15:30:00
310.0,6.0,9.0,,,,,1024.5,,14.0,,,,,2025-10-27 15:40:00
310.0,2.0,4.0,3.2,12.0,8.3,300.0,1024.4,,14.0,,,,,2025-10-27 15:50:00
250.0,2.0,7.0,,,,,1024.3,,14.0,,,2.0,,2025-10-27 16:00:00
260.0,4.0,6.0,3.2,,8.4,290.0,1024.4,,14.0,,,,,2025-10-27 16:10:00
260.0,4.0,5.0,3.2,11.0,8.4,290.0,1024.6,,14.0,,,,,2025-10-27 16:20:00
260.0,3.0,5.0,,,,,1024.6,,14.0,,,,,2025-10-27 16:30:00
270.0,4.0,5.0,3.3,,8.3,298.0,1024.8,,14.0,,,,,2025-10-27 16:40:00
300.0,6.0,10.0,3.3,12.0,8.3,298.0,1024.8,,14.0,,,,,2025-10-27 16:50:00
330.0,5.0,7.0,,,,,1025.1,,14.0,,,2.2,,2025-10-27 17:00:00
320.0,3.0,4.0,3.3,,8.6,294.0,1025.1,,14.0,,,,,2025-10-27 17:10:00
310.0,3.0,4.0,3.3,13.0,8.6,294.0,1025.1,,14.0,,,,,2025-10-27 17:20:00
320.0,2.0,4.0,,,,,1025.0,,14.0,,,,,2025-10-27 17:30:00
320.0,2.0,3.0,3.8,,9.2,288.0,1025.2,,14.0,,,,,2025-10-27 17:40:00
320.0,2.0,4.0,3.8,13.0,9.2,288.0,1025.2,,14.0,,,,,2025-10-27 17:50:00
300.0,2.0,3.0,,,,,1025.4,,14.0,,,1.6,,2025-10-27 18:00:00
300.0,2.0,5.0,3.2,,8.9,293.0,1025.4,,14.0,,,,,2025-10-27 18:10:00
290.0,2.0,3.0,3.2,13.0,8.9,293.0,1025.4,,14.0,,,,,2025-10-27 18:20:00
280.0,1.0,3.0,,,,,1025.5,,14.0,,,,,2025-10-27 18:30:00
,,,3.4,13.0,9.1,274.0,,,14.0,,,,,2025-10-27 18:40:00
270.0,1.0,3.0,3.4,,9.1,274.0,1025.8,,,,,,,2025-10-27 18:50:00
210.0,1.0,2.0,,,,,1025.7,,14.0,,,1.4,,2025-10-27 19:00:00
240.0,1.0,2.0,3.4,,9.1,276.0,1025.8,,14.0,,,,,2025-10-27 19:10:00
290.0,2.0,4.0,3.4,13.0,9.1,276.0,1026.0,,14.0,,,,,2025-10-27 19:20:00
290.0,1.0,3.0,,,,,1026.1,,14.0,,,,,2025-10-27 19:30:00
250.0,1.0,2.0,,,,,1026.0,,13.9,,,,,2025-10-27 19:40:00
250.0,1.0,3.0,3.5,13.0,9.2,285.0,1025.8,,13.9,,,,,2025-10-27 19:50:00
220.0,2.0,3.0,,,,,1025.9,,13.9,,,0.8,,2025-10-27 20:00:00
210.0,1.0,3.0,3.5,,9.3,275.0,1025.8,,13.9,,,,,2025-10-27 20:10:00
210.0,2.0,3.0,3.5,11.0,9.3,275.0,1025.9,,13.9,,,,,2025-10-27 20:20:00
200.0,2.0,3.0,,,,,1025.9,,13.9,,,,,2025-10-27 20:30:00
200.0,2.0,3.0,4.1,,10.2,273.0,1026.1,,13.9,,,,,2025-10-27 20:40:00
230.0,2.0,3.0,4.1,13.0,10.2,273.0,1026.1,,13.9,,,,,2025-10-27 20:50:00
200.0,2.0,4.0,,,,,1026.1,,13.9,,,0.7,,2025-10-27 21:00:00
190.0,2.0,4.0,4.1,,9.9,270.0,1026.1,,13.9,,,,,2025-10-27 21:10:00
220.0,2.0,4.0,4.1,12.0,9.9,270.0,1026.3,,13.9,,,,,2025-10-27 21:20:00
220.0,2.0,3.0,,,,,1026.1,,13.9,,,,,2025-10-27 21:30:00
,,,3.8,13.0,9.9,275.0,,,13.9,,,,,2025-10-27 21:40:00
210.0,2.0,3.0,3.8,,9.9,275.0,1025.9,,,,,,,2025-10-27 21:50:00
220.0,1.0,2.0,,,,,1025.9,,13.9,,,0.0,,2025-10-27 22:00:00
190.0,1.0,2.0,3.6,,9.5,277.0,1025.8,,13.9,,,,,2025-10-27 22:10:00
160.0,1.0,3.0,3.6,11.0,9.5,277.0,1025.7,,13.9,,,,,2025-10-27 22:20:00
180.0,2.0,3.0,,,,,1025.8,,13.9,,,,,2025-10-27 22:30:00
170.0,2.0,4.0,3.9,,10.4,280.0,1025.6,,13.9,,,,,2025-10-27 22:40:00
160.0,2.0,4.0,3.9,13.0,10.4,280.0,1025.6,,13.9,,,,,2025-10-27 22:50:00
150.0,2.0,3.0,,,,,1025.6,,13.9,,,-0.3,,2025-10-27 23:00:00
160.0,2.0,4.0,3.7,,9.9,279.0,1025.5,,13.9,,,,,2025-10-27 23:10:00
150.0,3.0,4.0,3.7,13.0,9.9,279.0,1025.6,,13.9,,,,,2025-10-27 23:20:00
160.0,3.0,4.0,3.4,,9.5,287.0,1025.6,,,,,,,2025-10-27 23:40:00
150.0,3.0,4.0,3.4,12.0,9.5,287.0,1025.6,,13.9,,,,,2025-10-27 23:50:00
140.0,3.0,5.0,,,,,1025.4,,13.9,,,-0.7,,2025-10-28 00:00:00
150.0,3.0,5.0,3.6,,9.8,284.0,1025.6,,13.9,,,,,2025-10-28 00:10:00
160.0,3.0,5.0,3.6,12.0,9.8,284.0,1025.6,,13.9,,,,,2025-10-28 00:20:00
150.0,4.0,6.0,,,,,1025.4,,13.8,,,,,2025-10-28 00:30:00
140.0,3.0,5.0,,,,,1025.7,,13.8,,,,,2025-10-28 00:40:00
150.0,4.0,7.0,3.8,12.0,9.9,286.0,1025.5,,13.8,,,,,2025-10-28 00:50:00
150.0,4.0,5.0,,,,,1025.5,,13.8,,,-0.4,,2025-10-28 01:00:00
160.0,4.0,5.0,3.3,,9.1,286.0,1025.4,,13.8,,,,,2025-10-28 01:10:00
150.0,4.0,6.0,3.3,11.0,9.1,286.0,1025.0,,13.8,,,,,2025-10-28 01:20:00
150.0,4.0,5.0,,,,,1025.2,,13.8,,,,,2025-10-28 01:30:00
150.0,4.0,6.0,,,,,1025.4,,13.8,,,,,2025-10-28 01:40:00
140.0,4.0,5.0,3.4,12.0,9.1,287.0,1025.2,,13.8,,,,,2025-10-28 01:50:00
130.0,4.0,7.0,,,,,1025.2,,13.8,,,-0.4,,2025-10-28 02:00:00
130.0,4.0,6.0,3.0,,8.7,279.0,1025.0,,13.8,,,,,2025-10-28 02:10:00
140.0,5.0,7.0,3.0,11.0,8.7,279.0,1024.8,,13.8,,,,,2025-10-28 02:20:00
130.0,5.0,7.0,,,,,1024.7,,13.8,,,,,2025-10-28 02:30:00
130.0,5.0,7.0,,,,,1024.8,,13.8,,,,,2025-10-28 02:40:00
130.0,5.0,7.0,3.4,12.0,9.0,292.0,1024.5,,13.8,,,,,2025-10-28 02:50:00
130.0,5.0,7.0,,,,,1024.5,,13.8,,,-0.9,,2025-10-28 03:00:00
130.0,6.0,8.0,3.2,,8.9,291.0,1024.6,,13.8,,,,,2025-10-28 03:10:00
140.0,6.0,8.0,3.2,12.0,8.9,291.0,1024.6,,13.8,,,,,2025-10-28 03:20:00
140.0,6.0,9.0,,,,,1024.5,,13.8,,,,,2025-10-28 03:30:00
150.0,6.0,8.0,3.2,,8.9,297.0,1024.5,,13.8,,,,,2025-10-28 03:40:00
140.0,6.0,9.0,3.2,11.0,8.9,297.0,1024.4,,13.8,,,,,2025-10-28 03:50:00
140.0,7.0,9.0,,,,,1024.4,,13.8,,,-1.1,,2025-10-28 04:00:00
130.0,6.0,9.0,3.0,,8.4,289.0,1024.4,,13.8,,,,,2025-10-28 04:10:00
130.0,6.0,9.0,3.0,12.0,8.4,289.0,1024.3,,13.8,,,,,2025-10-28 04:20:00
140.0,7.0,8.0,,,,,1024.3,,13.8,,,,,2025-10-28 04:30:00
140.0,7.0,9.0,,,,,1024.1,,13.8,,,,,2025-10-28 04:40:00
140.0,7.0,9.0,3.0,12.0,8.4,292.0,1023.9,,13.8,,,,,2025-10-28 04:50:00
140.0,7.0,9.0,,,,,1023.9,,13.8,,,-1.3,,2025-10-28 05:00:00
140.0,7.0,8.0,3.0,,8.2,296.0,1023.7,,13.8,,,,,2025-10-28 05:10:00
140.0,7.0,9.0,3.0,11.0,8.2,296.0,1023.6,,13.8,,,,,2025-10-28 05:20:00
140.0,7.0,9.0,,,,,1023.5,,13.8,,,,,2025-10-28 05:30:00
130.0,7.0,9.0,3.0,,8.3,294.0,1023.4,,13.8,,,,,2025-10-28 05:40:00
130.0,7.0,9.0,3.0,12.0,8.3,294.0,1023.5,,13.8,,,,,2025-10-28 05:50:00
130.0,7.0,9.0,,,,,1023.2,,13.8,,,-1.3,,2025-10-28 06:00:00
130.0,7.0,9.0,2.8,,7.9,308.0,1023.2,,13.8,,,,,2025-10-28 06:10:00
130.0,8.0,9.0,2.8,12.0,7.9,308.0,1023.3,,13.8,,,,,2025-10-28 06:20:00
140.0,7.0,9.0,,,,,1023.1,,13.8,,,,,2025-10-28 06:30:00
130.0,7.0,9.0,2.9,,8.1,299.0,1022.8,,13.8,,,,,2025-10-28 06:40:00
130.0,8.0,9.0,2.9,12.0,8.1,299.0,1022.6,,13.8,,,,,2025-10-28 06:50:00
130.0,8.0,10.0,,,,,1022.5,,13.8,,,-1.9,,2025-10-28 07:00:00
130.0,8.0,10.0,2.8,,8.1,295.0,1022.7,,13.8,,,,,2025-10-28 07:10:00
130.0,7.0,9.0,2.8,11.0,8.1,295.0,1022.6,,13.8,,,,,2025-10-28 07:20:00
130.0,7.0,10.0,,,,,1022.4,,13.8,,,,,2025-10-28 07:30:00
130.0,7.0,9.0,2.7,,8.0,300.0,1022.6,,13.8,,,,,2025-10-28 07:40:00
130.0,7.0,9.0,2.7,12.0,8.0,300.0,1022.2,,13.8,,,,,2025-10-28 07:50:00
120.0,8.0,10.0,,,,,1021.9,,13.8,,,-2.0,,2025-10-28 08:00:00
120.0,8.0,11.0,,,,,1021.8,,13.8,,,,,2025-10-28 08:10:00
120.0,8.0,10.0,2.7,12.0,7.9,297.0,1021.7,,13.8,,,,,2025-10-28 08:20:00
120.0,8.0,11.0,,,,,1021.6,,13.8,,,,,2025-10-28 08:30:00
120.0,8.0,10.0,2.7,,7.9,299.0,1021.6,,13.8,,,,,2025-10-28 08:40:00
120.0,8.0,11.0,2.7,13.0,7.9,299.0,1021.6,,13.8,,,,,2025-10-28 08:50:00
120.0,8.0,10.0,,,,,1021.4,,13.8,,,-1.8,,2025-10-28 09:00:00
120.0,8.0,10.0,2.2,,6.9,301.0,1021.2,,13.8,,,,,2025-10-28 09:10:00
120.0,8.0,11.0,2.2,11.0,6.9,301.0,1021.1,,13.8,,,,,2025-10-28 09:20:00
110.0,8.0,10.0,,,,,1020.9,,13.8,,,,,2025-10-28 09:30:00
120.0,8.0,10.0,,,,,1020.9,,13.8,,,,,2025-10-28 09:40:00
120.0,8.0,10.0,2.5,13.0,7.3,297.0,1020.8,,13.8,,,,,2025-10-28 09:50:00
120.0,8.0,10.0,,,,,1021.0,,13.8,,,-1.5,,2025-10-28 10:00:00
120.0,8.0,10.0,,,,,1021.0,,13.8,,,,,2025-10-28 10:10:00
120.0,8.0,10.0,2.4,12.0,7.3,303.0,1020.7,,,,,,,2025-10-28 10:20:00
120.0,8.0,10.0,,,,,1020.4,,13.8,,,,,2025-10-28 10:30:00
120.0,9.0,10.0,2.2,,7.1,301.0,1020.1,,13.8,,,,,2025-10-28 10:40:00
120.0,9.0,11.0,2.2,11.0,7.1,301.0,1019.8,,13.8,,,,,2025-10-28 10:50:00
120.0,9.0,12.0,,,,,1019.5,,13.7,,,-2.4,,2025-10-28 11:00:00
130.0,9.0,11.0,2.1,,6.4,300.0,1019.6,,13.7,,,,,2025-10-28 11:10:00
130.0,9.0,11.0,2.1,11.0,6.4,300.0,1019.3,,13.7,,,,,2025-10-28 11:20:00
130.0,9.0,12.0,,,,,1019.3,,13.7,,,,,2025-10-28 11:30:00
140.0,9.0,13.0,2.3,,6.9,291.0,1019.2,,13.8,,,,,2025-10-28 11:40:00
140.0,10.0,12.0,2.3,12.0,6.9,291.0,1018.9,,13.8,,,,,2025-10-28 11:50:00
140.0,10.0,12.0,,,,,1018.6,,13.8,,,-2.8,,2025-10-28 12:00:00
140.0,9.0,12.0,2.2,,6.4,295.0,1018.4,,13.8,,,,,2025-10-28 12:10:00
140.0,10.0,12.0,2.2,12.0,6.4,295.0,1018.5,,13.8,,,,,2025-10-28 12:20:00
150.0,11.0,13.0,,,,,1018.3,,13.8,,,,,2025-10-28 12:30:00
150.0,10.0,13.0,2.1,,6.4,277.0,1018.4,,13.8,,,,,2025-10-28 12:40:00
160.0,11.0,13.0,2.1,12.0,6.4,277.0,1018.3,,13.8,,,,,2025-10-28 12:50:00
150.0,10.0,12.0,,,,,1018.1,,13.8,,,-2.9,,2025-10-28 13:00:00
,,,2.3,12.0,6.7,286.0,,,,,,,,2025-10-28 13:10:00
160.0,11.0,14.0,2.3,,6.7,286.0,1017.8,,13.9,,,,,2025-10-28 13:20:00
160.0,12.0,15.0,,,,,1017.6,,13.9,,,,,2025-10-28 13:30:00
160.0,12.0,14.0,,,,,1017.4,,13.9,,,,,2025-10-28 13:40:00
160.0,13.0,15.0,1.9,11.0,5.4,286.0,1017.6,,13.9,,,,,2025-10-28 13:50:00
160.0,12.0,16.0,,,,,1017.7,,13.9,,,-1.8,,2025-10-28 14:00:00
160.0,12.0,15.0,,,,,1017.6,,13.9,,,,,2025-10-28 14:10:00
160.0,13.0,16.0,2.0,11.0,5.3,279.0,1017.6,,13.9,,,,,2025-10-28 14:20:00
160.0,12.0,15.0,,,,,1017.5,,13.9,,,,,2025-10-28 14:30:00
150.0,11.0,14.0,2.2,,5.5,285.0,1017.3,,13.8,,,,,2025-10-28 14:40:00
160.0,12.0,14.0,2.2,12.0,5.5,285.0,1017.2,,13.8,,,,,2025-10-28 14:50:00
160.0,12.0,14.0,,,,,1017.1,,13.8,,,-1.5,,2025-10-28 15:00:00
160.0,12.0,15.0,2.3,,5.4,263.0,1017.1,,13.8,,,,,2025-10-28 15:10:00
160.0,12.0,15.0,2.3,11.0,5.4,263.0,1016.9,,13.8,,,,,2025-10-28 15:20:00
160.0,13.0,15.0,,,,,1016.7,,,,,,,2025-10-28 15:30:00
160.0,13.0,16.0,,,,,1016.8,,13.8,,,,,2025-10-28 15:40:00
160.0,13.0,15.0,2.2,5.0,5.2,160.0,1016.9,,13.8,,,,,2025-10-28 15:50:00
160.0,13.0,16.0,,,,,1016.9,,13.8,,,-1.2,,2025-10-28 16:00:00
160.0,14.0,16.0,2.4,,5.4,169.0,1016.7,,13.8,,,,,2025-10-28 16:10:00
160.0,13.0,16.0,2.4,6.0,5.4,169.0,1016.6,,13.8,,,,,2025-10-28 16:20:00
160.0,14.0,17.0,,,,,1016.8,,13.8,,,,,2025-10-28 16:30:00
160.0,14.0,17.0,2.5,,5.4,173.0,1016.6,,13.8,,,,,2025-10-28 16:40:00
160.0,13.0,16.0,2.5,6.0,5.4,173.0,1016.6,,13.7,,,,,2025-10-28 16:50:00
160.0,14.0,18.0,,,,,1016.5,,13.7,,,-1.2,,2025-10-28 17:00:00
170.0,13.0,16.0,2.5,,5.4,176.0,1016.6,,13.7,,,,,2025-10-28 17:10:00
160.0,13.0,16.0,2.5,6.0,5.4,176.0,1016.6,,13.7,,,,,2025-10-28 17:20:00
160.0,13.0,17.0,,,,,1016.6,,13.7,,,,,2025-10-28 17:30:00
160.0,13.0,16.0,2.8,,5.6,188.0,1016.4,,13.7,,,,,2025-10-28 17:40:00
160.0,14.0,17.0,2.8,7.0,5.6,188.0,1016.3,,13.7,,,,,2025-10-28 17:50:00
160.0,14.0,17.0,,,,,1016.2,,13.7,,,-0.9,,2025-10-28 18:00:00
160.0,14.0,18.0,3.0,,5.8,175.0,1016.3,,13.7,,,,,2025-10-28 18:10:00
170.0,13.0,16.0,3.0,6.0,5.8,175.0,1016.2,,13.7,,,,,2025-10-28 18:20:00
170.0,14.0,17.0,,,,,1016.0,,13.7,,,,,2025-10-28 18:30:00
160.0,14.0,17.0,,,,,1016.0,,13.7,,,,,2025-10-28 18:40:00
170.0,13.0,16.0,2.8,7.0,5.8,187.0,1016.0,,13.7,,,,,2025-10-28 18:50:00
170.0,13.0,16.0,,,,,1016.2,,13.7,,,-0.7,,2025-10-28 19:00:00
170.0,13.0,16.0,3.0,,5.9,194.0,1016.1,,13.7,,,,,2025-10-28 19:10:00
160.0,13.0,17.0,3.0,7.0,5.9,194.0,1015.7,,13.7,,,,,2025-10-28 19:20:00
170.0,14.0,17.0,,,,,1015.7,,13.7,,,,,2025-10-28 19:30:00
160.0,13.0,16.0,,,,,1015.6,,13.7,,,,,2025-10-28 19:40:00
160.0,14.0,16.0,3.1,7.0,6.1,183.0,1015.4,,13.7,,,,,2025-10-28 19:50:00
170.0,13.0,17.0,,,,,1015.3,,13.7,,,-1.2,,2025-10-28 20:00:00
160.0,13.0,16.0,3.1,,6.2,186.0,1015.1,,13.8,,,,,2025-10-28 20:10:00
170.0,13.0,16.0,3.1,8.0,6.2,186.0,1015.0,,13.8,,,,,2025-10-28 20:20:00
170.0,13.0,16.0,,,,,1015.1,,13.8,,,,,2025-10-28 20:30:00
170.0,13.0,15.0,,,,,1014.9,,13.8,,,,,2025-10-28 20:40:00
170.0,13.0,16.0,3.0,8.0,6.2,194.0,1014.8,,13.8,,,,,2025-10-28 20:50:00
170.0,13.0,15.0,,,,,1015.0,,13.8,,,-1.2,,2025-10-28 21:00:00
170.0,12.0,15.0,3.2,,6.3,171.0,1014.8,,13.8,,,,,2025-10-28 21:10:00
170.0,12.0,15.0,3.2,7.0,6.3,171.0,1014.3,,13.8,,,,,2025-10-28 21:20:00
170.0,13.0,16.0,,,,,1014.0,,13.8,,,,,2025-10-28 21:30:00
170.0,13.0,16.0,3.5,,6.5,197.0,1013.8,,13.8,,,,,2025-10-28 21:40:00
170.0,13.0,16.0,3.5,8.0,6.5,197.0,1013.5,,13.8,,,,,2025-10-28 21:50:00
170.0,13.0,17.0,,,,,1013.5,,13.8,,,-2.7,,2025-10-28 22:00:00
170.0,13.0,15.0,3.2,,6.2,184.0,1013.5,,13.8,,,,,2025-10-28 22:10:00
170.0,13.0,16.0,3.2,7.0,6.2,184.0,1013.4,,13.8,,,,,2025-10-28 22:20:00
170.0,13.0,15.0,,,,,1013.4,,13.8,,,,,2025-10-28 22:30:00
170.0,12.0,16.0,,,,,1013.3,,13.8,,,,,2025-10-28 22:40:00
180.0,12.0,15.0,3.1,8.0,6.4,190.0,1013.2,,13.8,,,,,2025-10-28 22:50:00
180.0,13.0,16.0,,,,,1013.3,,13.8,,,-2.0,,2025-10-28 23:00:00
180.0,13.0,16.0,3.2,,6.6,185.0,1013.3,,13.8,,,,,2025-10-28 23:10:00
230.0,9.0,12.0,3.3,,6.5,210.0,1015.1,,13.7,,,,,2025-10-28 23:40:00
240.0,8.0,10.0,3.3,8.0,6.5,210.0,1015.1,,13.7,,,,,2025-10-28 23:50:00
240.0,8.0,10.0,,,,,1015.3,,13.7,,,0.3,,2025-10-29 00:00:00
230.0,8.0,10.0,3.1,,6.6,213.0,1015.5,,13.7,,,,,2025-10-29 00:10:00
220.0,7.0,9.0,3.1,9.0,6.6,213.0,1015.3,,13.7,,,,,2025-10-29 00:20:00
220.0,7.0,9.0,,,,,1015.4,,13.7,,,,,2025-10-29 00:30:00
220.0,7.0,8.0,2.8,,6.3,169.0,1015.4,,13.7,,,,,2025-10-29 00:40:00
210.0,7.0,9.0,2.8,7.0,6.3,169.0,1015.5,,13.7,,,,,2025-10-29 00:50:00
200.0,7.0,8.0,,,,,1015.4,,13.7,,,1.9,,2025-10-29 01:00:00
200.0,7.0,9.0,,,,,1015.3,,13.7,,,,,2025-10-29 01:10:00
200.0,7.0,9.0,2.8,8.0,6.4,197.0,1015.1,,13.7,,,,,2025-10-29 01:20:00
200.0,7.0,9.0,,,,,1015.4,,13.7,,,,,2025-10-29 01:30:00
200.0,7.0,9.0,2.8,,6.5,204.0,1015.4,,13.7,,,,,2025-10-29 01:40:00
210.0,8.0,10.0,2.8,8.0,6.5,204.0,1015.5,,13.7,,,,,2025-10-29 01:50:00
210.0,8.0,10.0,,,,,1015.7,,13.7,,,2.4,,2025-10-29 02:00:00
200.0,8.0,10.0,2.6,,6.4,206.0,1016.0,,13.7,,,,,2025-10-29 02:10:00
210.0,9.0,12.0,2.6,9.0,6.4,206.0,1016.0,,13.7,,,,,2025-10-29 02:20:00
220.0,9.0,12.0,,,,,1016.0,,13.7,,,,,2025-10-29 02:30:00
220.0,9.0,11.0,2.5,,6.2,220.0,1016.4,,13.6,,,,,2025-10-29 02:40:00
220.0,9.0,12.0,2.5,9.0,6.2,220.0,1016.5,,13.6,,,,,2025-10-29 02:50:00
220.0,9.0,12.0,,,,,1016.8,,13.6,,,1.5,,2025-10-29 03:00:00
220.0,10.0,13.0,2.3,,6.0,209.0,1017.1,,13.6,,,,,2025-10-29 03:10:00
230.0,10.0,13.0,2.3,9.0,6.0,209.0,1017.1,,13.6,,,,,2025-10-29 03:20:00
230.0,10.0,13.0,,,,,1017.4,,13.7,,,,,2025-10-29 03:30:00
240.0,9.0,11.0,,,,,1017.5,,13.7,,,,,2025-10-29 03:40:00
240.0,9.0,12.0,2.5,8.0,6.2,204.0,1017.8,,13.7,,,,,2025-10-29 03:50:00
240.0,8.0,10.0,,,,,1017.9,,13.7,,,2.5,,2025-10-29 04:00:00
240.0,9.0,10.0,2.3,,6.0,205.0,1018.2,,13.7,,,,,2025-10-29 04:10:00
250.0,9.0,11.0,2.3,8.0,6.0,205.0,1018.4,,13.7,,,,,2025-10-29 04:20:00
260.0,9.0,11.0,,,,,1018.6,,13.7,,,,,2025-10-29 04:30:00
260.0,9.0,11.0,2.6,,6.2,209.0,1018.8,,13.7,,,,,2025-10-29 04:40:00
260.0,9.0,11.0,2.6,8.0,6.2,209.0,1019.1,,13.7,,,,,2025-10-29 04:50:00
260.0,7.0,9.0,,,,,1019.5,,13.7,,,3.8,,2025-10-29 05:00:00
250.0,6.0,8.0,2.3,,6.0,217.0,1019.6,,13.7,,,,,2025-10-29 05:10:00
260.0,8.0,10.0,2.3,8.0,6.0,217.0,1019.9,,13.7,,,,,2025-10-29 05:20:00
260.0,10.0,13.0,,,,,1020.2,,13.7,,,,,2025-10-29 05:30:00
280.0,9.0,10.0,,,,,1020.4,,13.7,,,,,2025-10-29 05:40:00
270.0,9.0,12.0,2.4,9.0,5.9,214.0,1020.6,,13.7,,,,,2025-10-29 05:50:00
270.0,9.0,12.0,,,,,1020.9,,13.7,,,4.1,,2025-10-29 06:00:00
270.0,9.0,11.0,2.0,,5.7,218.0,1020.9,,13.8,,,,,2025-10-29 06:10:00
260.0,9.0,11.0,2.0,9.0,5.7,218.0,1021.1,,13.8,,,,,2025-10-29 06:20:00
260.0,9.0,10.0,2.1,,5.8,209.0,1021.3,,13.7,,,,,2025-10-29 06:30:00
260.0,8.0,10.0,,,,,1021.5,,13.7,,,,,2025-10-29 06:40:00
260.0,9.0,11.0,2.1,8.0,5.8,209.0,1021.7,,13.7,,,,,2025-10-29 06:50:00
270.0,9.0,11.0,,,,,1021.7,,13.7,,,3.8,,2025-10-29 07:00:00
270.0,10.0,13.0,2.2,,5.9,211.0,1021.9,,13.8,,,,,2025-10-29 07:10:00
280.0,10.0,13.0,2.2,8.0,5.9,211.0,1022.2,,13.8,,,,,2025-10-29 07:20:00
280.0,10.0,13.0,,,,,1022.4,,13.8,,,,,2025-10-29 07:30:00
280.0,9.0,11.0,,,,,1022.6,,13.8,,,,,2025-10-29 07:40:00
270.0,9.0,12.0,2.1,8.0,5.7,220.0,1022.9,,13.8,,,,,2025-10-29 07:50:00
270.0,9.0,12.0,,,,,1023.1,,13.8,,,3.6,,2025-10-29 08:00:00
270.0,9.0,11.0,,,,,1023.2,,13.8,,,,,2025-10-29 08:10:00
270.0,9.0,12.0,2.0,8.0,5.8,208.0,1023.4,,13.8,,,,,2025-10-29 08:20:00
270.0,9.0,11.0,,,,,1023.7,,13.8,,,,,2025-10-29 08:30:00
270.0,9.0,10.0,,,,,1023.9,,13.8,,,,,2025-10-29 08:40:00
270.0,8.0,10.0,2.2,8.0,6.1,222.0,1024.1,,13.8,,,,,2025-10-29 08:50:00
270.0,9.0,11.0,,,,,1024.0,,13.8,,,3.1,,2025-10-29 09:00:00
270.0,9.0,11.0,2.3,,6.0,219.0,1024.3,,13.8,,,,,2025-10-29 09:10:00
270.0,9.0,12.0,2.3,8.0,6.0,219.0,1024.5,,13.8,,,,,2025-10-29 09:20:00
280.0,10.0,12.0,,,,,1024.7,,13.8,,,,,2025-10-29 09:30:00
280.0,10.0,12.0,,,,,1024.8,,13.8,,,,,2025-10-29 09:40:00
280.0,10.0,11.0,2.5,9.0,6.5,232.0,1025.0,,13.8,,,,,2025-10-29 09:50:00
290.0,9.0,11.0,,,,,1025.2,,13.8,,,3.5,,2025-10-29 10:00:00
280.0,8.0,10.0,2.8,,6.9,234.0,1025.4,,13.8,,,,,2025-10-29 10:10:00
290.0,10.0,12.0,2.8,8.0,6.9,234.0,1025.5,,13.8,,,,,2025-10-29 10:20:00
290.0,10.0,13.0,,,,,1025.7,,13.8,,,,,2025-10-29 10:30:00
290.0,10.0,13.0,3.1,,7.3,279.0,1026.1,,13.8,,,,,2025-10-29 10:40:00
290.0,10.0,12.0,3.1,15.0,7.3,279.0,1026.1,,13.8,,,,,2025-10-29 10:50:00
290.0,9.0,12.0,,,,,1026.3,,13.8,,,3.2,,2025-10-29 11:00:00
290.0,8.0,11.0,4.1,,8.6,278.0,1026.5,,13.8,,,,,2025-10-29 11:10:00
300.0,9.0,11.0,4.1,15.0,8.6,278.0,1026.4,,13.8,,,,,2025-10-29 11:20:00
300.0,8.0,10.0,,,,,1026.5,,13.7,,,,,2025-10-29 11:30:00
300.0,8.0,10.0,4.6,,9.3,283.0,1026.7,,13.7,,,,,2025-10-29 11:40:00
310.0,8.0,10.0,4.6,14.0,9.3,283.0,1026.9,,13.7,,,,,2025-10-29 11:50:00
310.0,7.0,9.0,,,,,1027.2,,13.7,,,3.2,,2025-10-29 12:00:00
300.0,6.0,8.0,4.8,,9.3,277.0,1027.5,,13.7,,,,,2025-10-29 12:10:00
300.0,6.0,9.0,4.8,16.0,9.3,277.0,1027.5,,13.7,,,,,2025-10-29 12:20:00
300.0,7.0,9.0,,,,,1027.6,,13.7,,,,,2025-10-29 12:30:00
300.0,7.0,9.0,,,,,1027.7,,13.7,,,,,2025-10-29 12:40:00
310.0,6.0,9.0,,,,,1027.9,,13.7,,,,,2025-10-29 12:50:00
300.0,6.0,9.0,,,,,1028.0,,13.7,,,2.8,,2025-10-29 13:00:00
300.0,7.0,9.0,,,,,1028.1,,13.7,,,,,2025-10-29 13:10:00
300.0,6.0,9.0,,,,,1028.2,,13.7,,,,,2025-10-29 13:20:00
310.0,6.0,9.0,,,,,1028.3,,13.7,,,,,2025-10-29 13:30:00
300.0,5.0,8.0,,,,,1028.4,,13.7,,,,,2025-10-29 13:40:00
300.0,6.0,8.0,,,,,1028.5,,13.7,,,,,2025-10-29 13:50:00
300.0,5.0,7.0,,,,,1028.7,,13.7,,,2.4,,2025-10-29 14:00:00
300.0,4.0,6.0,,,,,1028.8,,13.7,,,,,2025-10-29 14:10:00
300.0,5.0,8.0,,,,,1029.0,,13.7,,,,,2025-10-29 14:20:00
310.0,6.0,8.0,,,,,1029.1,,13.7,,,,,2025-10-29 14:30:00
310.0,6.0,8.0,,,,,1029.2,,13.7,,,,,2025-10-29 14:40:00
310.0,5.0,8.0,6.6,16.0,10.7,285.0,1029.5,,13.7,,,,,2025-10-29 14:50:00
310.0,5.0,7.0,,,,,1029.8,,13.7,,,2.6,,2025-10-29 15:00:00
310.0,5.0,7.0,6.7,,10.4,285.0,1030.1,,13.7,,,,,2025-10-29 15:10:00
310.0,5.0,7.0,6.7,16.0,10.4,285.0,1030.3,,13.7,,,,,2025-10-29 15:20:00
310.0,5.0,7.0,,,,,1030.3,,13.7,,,,,2025-10-29 15:30:00
320.0,5.0,7.0,6.6,,10.1,289.0,1030.5,,13.7,,,,,2025-10-29 15:40:00
320.0,5.0,7.0,6.6,16.0,10.1,289.0,1030.6,,13.7,,,,,2025-10-29 15:50:00
310.0,4.0,7.0,,,,,1030.6,,13.7,,,2.6,,2025-10-29 16:00:00
320.0,4.0,7.0,6.6,,10.6,295.0,1030.8,,13.7,,,,,2025-10-29 16:10:00
320.0,4.0,6.0,6.6,16.0,10.6,295.0,1030.9,,13.7,,,,,2025-10-29 16:20:00
320.0,4.0,6.0,,,,,1031.0,,13.7,,,,,2025-10-29 16:30:00
330.0,4.0,6.0,,,,,1030.9,,13.7,,,,,2025-10-29 16:40:00
330.0,4.0,6.0,5.9,14.0,9.9,284.0,1031.0,,13.7,,,,,2025-10-29 16:50:00
330.0,3.0,5.0,,,,,1031.0,,13.7,,,2.3,,2025-10-29 17:00:00
330.0,3.0,6.0,6.3,,10.4,299.0,1031.0,,13.7,,,,,2025-10-29 17:10:00
330.0,4.0,6.0,6.3,16.0,10.4,299.0,1031.0,,13.7,,,,,2025-10-29 17:20:00
330.0,4.0,6.0,,,,,1031.1,,13.7,,,,,2025-10-29 17:30:00
320.0,4.0,6.0,6.4,,10.5,297.0,1031.1,,13.7,,,,,2025-10-29 17:40:00
330.0,4.0,6.0,6.4,16.0,10.5,297.0,1031.3,,13.7,,,,,2025-10-29 17:50:00
340.0,3.0,5.0,,,,,1031.3,,13.6,,,1.5,,2025-10-29 18:00:00
340.0,3.0,5.0,6.0,,10.4,293.0,1031.3,,13.6,,,,,2025-10-29 18:10:00
340.0,3.0,5.0,6.0,15.0,10.4,293.0,1031.2,,13.6,,,,,2025-10-29 18:20:00
340.0,3.0,6.0,,,,,1031.1,,13.6,,,,,2025-10-29 18:30:00
350.0,3.0,5.0,,,,,1031.3,,13.7,,,,,2025-10-29 18:40:00
340.0,3.0,5.0,7.0,16.0,11.6,308.0,1031.3,,13.7,,,,,2025-10-29 18:50:00
340.0,3.0,5.0,,,,,1031.4,,13.7,,,0.8,,2025-10-29 19:00:00
350.0,3.0,5.0,5.8,,10.4,296.0,1031.4,,13.7,,,,,2025-10-29 19:10:00
340.0,2.0,5.0,5.8,15.0,10.4,296.0,1031.5,,13.8,,,,,2025-10-29 19:20:00
350.0,2.0,4.0,,,,,1031.6,,13.8,,,,,2025-10-29 19:30:00
350.0,3.0,5.0,6.3,,11.2,301.0,1031.7,,13.8,,,,,2025-10-29 19:40:00
330.0,3.0,4.0,6.3,16.0,11.2,301.0,1031.8,,13.8,,,,,2025-10-29 19:50:00
310.0,3.0,5.0,,,,,1031.8,,13.8,,,0.8,,2025-10-29 20:00:00
300.0,3.0,5.0,6.6,,11.1,288.0,1031.8,,13.8,,,,,2025-10-29 20:10:00
310.0,2.0,4.0,6.6,15.0,11.1,288.0,1031.8,,13.9,,,,,2025-10-29 20:20:00
310.0,2.0,5.0,,,,,1031.8,,13.9,,,,,2025-10-29 20:30:00
320.0,2.0,4.0,,,,,1031.6,,13.9,,,,,2025-10-29 20:40:00
330.0,2.0,5.0,6.5,16.0,11.1,294.0,1031.4,,13.9,,,,,2025-10-29 20:50:00
340.0,3.0,5.0,,,,,1031.5,,13.9,,,0.0,,2025-10-29 21:00:00
350.0,2.0,4.0,6.0,,11.1,292.0,1031.4,,13.9,,,,,2025-10-29 21:10:00
350.0,2.0,4.0,6.0,15.0,11.1,292.0,1031.5,,13.9,,,,,2025-10-29 21:20:00
350.0,2.0,4.0,,,,,1031.4,,13.9,,,,,2025-10-29 21:30:00
360.0,2.0,4.0,,,,,1031.3,,13.9,,,,,2025-10-29 21:40:00
20.0,2.0,4.0,5.5,14.0,10.5,293.0,1031.2,,14.0,,,,,2025-10-29 21:50:00
20.0,2.0,4.0,,,,,1031.0,,14.0,,,-0.4,,2025-10-29 22:00:00
20.0,3.0,4.0,5.3,,10.7,286.0,1031.0,,14.0,,,,,2025-10-29 22:10:00
20.0,3.0,5.0,5.3,13.0,10.7,286.0,1030.9,,14.0,,,,,2025-10-29 22:20:00
10.0,3.0,5.0,,,,,1030.9,,14.0,,,,,2025-10-29 22:30:00
10.0,4.0,5.0,,,,,1030.8,,14.0,,,,,2025-10-29 22:40:00
10.0,4.0,5.0,5.2,15.0,10.5,293.0,1030.9,,14.0,,,,,2025-10-29 22:50:00
10.0,4.0,6.0,,,,,1030.9,,14.0,,,-0.9,,2025-10-29 23:00:00
20.0,4.0,5.0,4.8,,10.2,294.0,1030.9,,14.0,,,,,2025-10-29 23:10:00
30.0,4.0,6.0,4.8,15.0,10.2,294.0,1030.8,,14.0,,,,,2025-10-29 23:20:00
30.0,4.0,6.0,,,,,1030.7,,14.0,,,,,2025-10-29 23:30:00
20.0,4.0,6.0,,,,,1030.7,,14.0,,,,,2025-10-29 23:40:00
30.0,4.0,6.0,5.0,13.0,10.3,284.0,1030.7,,14.0,,,,,2025-10-29 23:50:00
40.0,5.0,6.0,,,,,1030.9,,14.0,,,-0.6,,2025-10-30 00:00:00
50.0,5.0,7.0,5.2,,10.3,290.0,1030.9,,14.0,,,,,2025-10-30 00:10:00
50.0,5.0,7.0,5.2,13.0,10.3,290.0,1030.8,,14.0,,,,,2025-10-30 00:20:00
40.0,5.0,7.0,,,,,1030.7,,14.0,,,,,2025-10-30 00:30:00
40.0,5.0,7.0,,,,,1030.8,,14.0,,,,,2025-10-30 00:40:00
40.0,5.0,7.0,5.5,13.0,10.4,296.0,1030.9,,14.0,,,,,2025-10-30 00:50:00
40.0,5.0,7.0,,,,,1030.8,,14.0,,,0.0,,2025-10-30 01:00:00
40.0,5.0,7.0,5.0,,10.2,292.0,1031.0,,14.0,,,,,2025-10-30 01:10:00
50.0,5.0,7.0,5.0,12.0,10.2,292.0,1030.9,,13.9,,,,,2025-10-30 01:20:00
40.0,5.0,7.0,,,,,1030.9,,13.9,,,,,2025-10-30 01:30:00
40.0,5.0,7.0,4.8,,10.1,307.0,1030.9,,13.9,,,,,2025-10-30 01:40:00
50.0,6.0,7.0,4.8,14.0,10.1,307.0,1030.6,,13.9,,,,,2025-10-30 01:50:00
50.0,6.0,8.0,,,,,1030.6,,13.9,,,-0.3,,2025-10-30 02:00:00
50.0,6.0,8.0,5.3,,10.3,298.0,1030.7,,13.9,,,,,2025-10-30 02:10:00
60.0,6.0,8.0,5.3,14.0,10.3,298.0,1030.8,,13.9,,,,,2025-10-30 02:20:00
50.0,6.0,8.0,,,,,1030.7,,13.9,,,,,2025-10-30 02:30:00
60.0,6.0,9.0,,,,,1030.8,,13.9,,,,,2025-10-30 02:40:00
50.0,6.0,8.0,5.2,14.0,10.1,305.0,1030.6,,13.9,,,,,2025-10-30 02:50:00
40.0,5.0,7.0,,,,,1030.8,,13.9,,,0.0,,2025-10-30 03:00:00
40.0,6.0,7.0,4.7,,9.7,306.0,1030.5,,13.9,,,,,2025-10-30 03:10:00
40.0,6.0,8.0,4.7,14.0,9.7,306.0,1030.5,,13.9,,,,,2025-10-30 03:20:00
40.0,6.0,8.0,,,,,1030.4,,13.9,,,,,2025-10-30 03:30:00
40.0,6.0,8.0,4.6,,9.3,295.0,1030.2,,13.9,,,,,2025-10-30 03:40:00
40.0,6.0,8.0,4.6,12.0,9.3,295.0,1030.1,,13.9,,,,,2025-10-30 03:50:00
40.0,6.0,8.0,,,,,1029.9,,13.9,,,-0.9,,2025-10-30 04:00:00
40.0,7.0,9.0,4.6,,9.6,301.0,1029.9,,13.9,,,,,2025-10-30 04:10:00
40.0,7.0,8.0,4.6,13.0,9.6,301.0,1029.8,,13.9,,,,,2025-10-30 04:20:00
30.0,6.0,8.0,,,,,1029.7,,13.9,,,,,2025-10-30 04:30:00
40.0,6.0,8.0,3.9,,8.7,294.0,1029.8,,13.9,,,,,2025-10-30 04:40:00
30.0,6.0,7.0,3.9,11.0,8.7,294.0,1029.7,,13.9,,,,,2025-10-30 04:50:00
30.0,7.0,9.0,,,,,1029.6,,13.9,,,-1.0,,2025-10-30 05:00:00
30.0,7.0,9.0,4.7,,9.5,306.0,1029.3,,13.9,,,,,2025-10-30 05:10:00
30.0,8.0,9.0,4.7,13.0,9.5,306.0,1029.0,,13.9,,,,,2025-10-30 05:20:00
30.0,8.0,10.0,,,,,1028.9,,13.9,,,,,2025-10-30 05:30:00
40.0,8.0,10.0,,,,,1028.8,,13.9,,,,,2025-10-30 05:40:00
30.0,8.0,11.0,4.1,13.0,8.9,311.0,1028.8,,13.9,,,,,2025-10-30 05:50:00
30.0,8.0,10.0,,,,,1028.8,,13.8,,,-2.0,,2025-10-30 06:00:00
30.0,8.0,10.0,4.2,,8.8,308.0,1028.9,,,,,,,2025-10-30 06:10:00
40.0,8.0,10.0,4.2,13.0,8.8,308.0,1028.8,,13.8,,,,,2025-10-30 06:20:00
30.0,8.0,10.0,,,,,1028.5,,13.8,,,,,2025-10-30 06:30:00
30.0,8.0,10.0,,,,,1028.3,,13.8,,,,,2025-10-30 06:40:00
40.0,9.0,11.0,4.1,12.0,8.5,314.0,1028.1,,13.8,,,,,2025-10-30 06:50:00
40.0,9.0,11.0,,,,,1028.0,,13.8,,,-1.9,,2025-10-30 07:00:00
40.0,9.0,11.0,4.1,,8.6,314.0,1027.6,,13.8,,,,,2025-10-30 07:10:00
40.0,10.0,12.0,4.1,13.0,8.6,314.0,1027.4,,13.8,,,,,2025-10-30 07:20:00
40.0,9.0,11.0,,,,,1027.3,,13.8,,,,,2025-10-30 07:30:00
40.0,10.0,12.0,,,,,1027.1,,13.8,,,,,2025-10-30 07:40:00
40.0,9.0,11.0,4.1,12.0,8.3,317.0,1027.0,,13.8,,,,,2025-10-30 07:50:00
40.0,9.0,11.0,,,,,1026.9,,13.8,,,-2.7,,2025-10-30 08:00:00
40.0,9.0,11.0,,,,,1026.9,,13.8,,,,,2025-10-30 08:10:00
40.0,9.0,11.0,3.7,12.0,8.0,323.0,1026.9,,13.8,,,,,2025-10-30 08:20:00
40.0,9.0,11.0,,,,,1026.6,,13.8,,,,,2025-10-30 08:30:00
40.0,9.0,11.0,,,,,1026.5,,13.9,,,,,2025-10-30 08:40:00
40.0,9.0,11.0,3.4,12.0,7.8,319.0,1026.4,,13.9,,,,,2025-10-30 08:50:00
40.0,9.0,11.0,,,,,1026.1,,13.9,,,-2.7,,2025-10-30 09:00:00
40.0,9.0,11.0,3.5,,7.8,324.0,1025.8,,13.9,,,,,2025-10-30 09:10:00
40.0,9.0,11.0,3.5,13.0,7.8,324.0,1025.8,,13.9,,,,,2025-10-30 09:20:00
40.0,9.0,11.0,,,,,1025.9,,13.9,,,,,2025-10-30 09:30:00
40.0,9.0,11.0,,,,,1025.7,,13.9,,,,,2025-10-30 09:40:00
40.0,9.0,11.0,3.2,12.0,7.5,313.0,1025.6,,13.9,,,,,2025-10-30 09:50:00
40.0,9.0,11.0,,,,,1025.4,,13.9,,,-2.6,,2025-10-30 10:00:00
40.0,9.0,11.0,3.1,,7.4,324.0,1025.3,,13.9,,,,,2025-10-30 10:10:00
40.0,9.0,11.0,3.1,12.0,7.4,324.0,1025.0,,13.9,,,,,2025-10-30 10:20:00
40.0,9.0,11.0,,,,,1024.8,,13.9,,,,,2025-10-30 10:30:00
40.0,9.0,11.0,,,,,1024.7,,13.9,,,,,2025-10-30 10:40:00
40.0,9.0,11.0,2.9,11.0,7.3,327.0,1024.4,,13.9,,,,,2025-10-30 10:50:00
40.0,9.0,11.0,,,,,1024.2,,13.9,,,-2.7,,2025-10-30 11:00:00
40.0,9.0,11.0,3.4,,8.0,320.0,1024.1,,13.9,,,,,2025-10-30 11:10:00
40.0,9.0,11.0,3.4,12.0,8.0,320.0,1023.7,,13.9,,,,,2025-10-30 11:20:00
40.0,9.0,11.0,,,,,1023.4,,13.9,,,,,2025-10-30 11:30:00
30.0,10.0,11.0,,,,,1023.3,,13.9,,,,,2025-10-30 11:40:00
40.0,9.0,11.0,3.1,12.0,7.4,329.0,1023.0,,13.9,,,,,2025-10-30 11:50:00
30.0,9.0,11.0,,,,,1022.9,,13.9,,,-3.2,,2025-10-30 12:00:00
40.0,9.0,11.0,,,,,1022.8,,13.9,,,,,2025-10-30 12:10:00
30.0,10.0,11.0,2.8,11.0,7.3,316.0,1022.4,,13.8,,,,,2025-10-30 12:20:00
40.0,10.0,12.0,,,,,1022.3,,13.8,,,,,2025-10-30 12:30:00
30.0,10.0,12.0,2.6,,7.2,312.0,1022.3,,13.8,,,,,2025-10-30 12:40:00
30.0,10.0,12.0,2.6,12.0,7.2,312.0,1022.1,,13.8,,,,,2025-10-30 12:50:00
40.0,10.0,12.0,,,,,1022.1,,13.8,,,,,2025-10-30 13:00:00
40.0,10.0,13.0,2.6,,6.7,314.0,1022.0,,13.8,,,,,2025-10-30 13:10:00
40.0,10.0,12.0,2.6,12.0,6.7,314.0,1022.1,,13.8,,,,,2025-10-30 13:20:00
40.0,10.0,12.0,,,,,1022.0,,13.7,,,,,2025-10-30 13:30:00
40.0,10.0,12.0,2.6,,7.0,314.0,1021.8,,13.7,,,,,2025-10-30 13:40:00
40.0,10.0,12.0,2.6,11.0,7.0,314.0,1021.7,,13.7,,,,,2025-10-30 13:50:00
40.0,9.0,12.0,,,,,1021.5,,13.7,,,,,2025-10-30 14:00:00
40.0,9.0,11.0,2.4,,6.6,310.0,1021.5,,13.7,,,,,2025-10-30 14:10:00
40.0,10.0,12.0,2.4,11.0,6.6,310.0,1021.5,,13.7,,,,,2025-10-30 14:20:00
50.0,10.0,12.0,,,,,1021.5,,13.7,,,,,2025-10-30 14:30:00
40.0,10.0,12.0,2.6,,6.8,319.0,1021.4,,13.7,,,,,2025-10-30 14:40:00
40.0,10.0,12.0,2.6,11.0,6.8,319.0,1021.1,,13.7,,,,,2025-10-30 14:50:00
50.0,10.0,12.0,,,,,1020.9,,13.7,,,,,2025-10-30 15:00:00
50.0,10.0,13.0,,,,,1020.8,,13.7,,,,,2025-10-30 15:10:00
50.0,11.0,12.0,2.7,11.0,6.8,311.0,1020.6,,13.7,,,,,2025-10-30 15:20:00
50.0,10.0,13.0,,,,,1020.6,,13.7,,,,,2025-10-30 15:30:00
50.0,11.0,13.0,,,,,1020.6,,13.7,,,,,2025-10-30 15:40:00
50.0,10.0,12.0,2.8,11.0,6.8,313.0,1020.5,,13.7,,,,,2025-10-30 15:50:00
50.0,11.0,12.0,,,,,1020.3,,13.7,,,-1.8,,2025-10-30 16:00:00
50.0,10.0,12.0,,,,,1020.3,,13.7,,,,,2025-10-30 16:10:00
50.0,10.0,12.0,2.7,11.0,6.8,318.0,1020.4,,13.7,,,,,2025-10-30 16:20:00
50.0,10.0,12.0,,,,,1020.6,,13.6,,,,,2025-10-30 16:30:00
50.0,9.0,11.0,,,,,1020.6,,13.6,,,,,2025-10-30 16:40:00
50.0,9.0,11.0,2.4,11.0,6.3,320.0,1020.5,,13.6,,,,,2025-10-30 16:50:00
50.0,9.0,11.0,,,,,1020.5,,13.6,,,-1.0,,2025-10-30 17:00:00
40.0,9.0,10.0,2.7,,6.7,312.0,1020.6,,13.6,,,,,2025-10-30 17:10:00
50.0,9.0,10.0,2.7,11.0,6.7,312.0,1020.4,,13.6,,,,,2025-10-30 17:20:00
50.0,9.0,11.0,,,,,1020.4,,13.6,,,,,2025-10-30 17:30:00
50.0,8.0,10.0,,,,,1020.4,,13.6,,,,,2025-10-30 17:40:00
40.0,9.0,11.0,2.4,11.0,6.3,302.0,1020.3,,13.6,,,,,2025-10-30 17:50:00
50.0,9.0,11.0,,,,,1020.2,,13.6,,,-0.7,,2025-10-30 18:00:00
50.0,8.0,11.0,2.5,,6.6,301.0,1019.9,,13.6,,,,,2025-10-30 18:10:00
60.0,9.0,12.0,2.5,10.0,6.6,301.0,1019.8,,13.6,,,,,2025-10-30 18:20:00
50.0,9.0,11.0,,,,,1019.5,,13.6,,,,,2025-10-30 18:30:00
60.0,9.0,11.0,,,,,1019.4,,13.6,,,,,2025-10-30 18:40:00
60.0,9.0,11.0,2.5,11.0,6.4,309.0,1019.2,,13.6,,,,,2025-10-30 18:50:00
60.0,9.0,11.0,,,,,1019.0,,13.6,,,-1.3,,2025-10-30 19:00:00
70.0,9.0,11.0,2.3,,6.1,306.0,1018.8,,13.6,,,,,2025-10-30 19:10:00
70.0,8.0,10.0,2.3,10.0,6.1,306.0,1018.8,,13.6,,,,,2025-10-30 19:20:00
70.0,8.0,10.0,,,,,1018.4,,13.6,,,,,2025-10-30 19:30:00
70.0,8.0,10.0,2.6,,6.8,296.0,1018.1,,13.6,,,,,2025-10-30 19:40:00
80.0,8.0,9.0,2.6,10.0,6.8,296.0,1017.6,,13.6,,,,,2025-10-30 19:50:00
80.0,8.0,10.0,,,,,1017.4,,13.6,,,-3.1,,2025-10-30 20:00:00
90.0,7.0,9.0,2.3,,6.3,301.0,1017.3,,13.6,,,,,2025-10-30 20:10:00
90.0,7.0,8.0,2.3,10.0,6.3,301.0,1017.4,,13.6,,,,,2025-10-30 20:20:00
90.0,6.0,8.0,,,,,1017.3,,13.6,,,,,2025-10-30 20:30:00
90.0,5.0,7.0,2.2,,6.5,307.0,1017.4,,13.6,,,,,2025-10-30 20:40:00
90.0,5.0,6.0,2.2,10.0,6.5,307.0,1017.5,,13.6,,,,,2025-10-30 20:50:00
90.0,4.0,6.0,,,,,1017.7,,13.6,,,-2.5,,2025-10-30 21:00:00
90.0,3.0,4.0,2.2,,6.5,290.0,1017.8,,13.6,,,,,2025-10-30 21:10:00
80.0,3.0,4.0,2.2,9.0,6.5,290.0,1017.9,,13.7,,,,,2025-10-30 21:20:00
90.0,1.0,3.0,,,,,1018.0,,13.7,,,,,2025-10-30 21:30:00
,0.0,2.0,2.4,,6.7,298.0,1018.1,,13.7,,,,,2025-10-30 21:40:00
,0.0,1.0,2.4,10.0,6.7,298.0,1018.0,,13.7,,,,,2025-10-30 21:50:00
,0.0,1.0,,,,,1018.0,,13.7,,,-1.0,,2025-10-30 22:00:00
,0.0,1.0,2.0,,6.2,304.0,1017.9,,13.7,,,,,2025-10-30 22:10:00
,0.0,1.0,2.0,9.0,6.2,304.0,1017.9,,13.7,,,,,2025-10-30 22:20:00
,0.0,1.0,,,,,1017.7,,13.7,,,,,2025-10-30 22:30:00
320.0,1.0,2.0,,,,,1017.6,,13.7,,,,,2025-10-30 22:40:00
340.0,1.0,2.0,2.1,9.0,6.5,296.0,1017.4,,13.7,,,,,2025-10-30 22:50:00
330.0,1.0,2.0,,,,,1017.3,,13.8,,,0.0,,2025-10-30 23:00:00
,0.0,2.0,1.8,,6.1,302.0,1017.3,,13.8,,,,,2025-10-30 23:10:00
360.0,1.0,1.0,,,,,1017.1,,13.7,,,,,2025-10-30 23:40:00
,0.0,1.0,2.1,9.0,6.7,295.0,1017.1,,13.8,,,,,2025-10-30 23:50:00
310.0,1.0,2.0,,,,,1017.1,,13.7,,,-0.6,,2025-10-31 00:00:00
300.0,1.0,2.0,1.9,,6.4,294.0,1017.1,,13.7,,,,,2025-10-31 00:10:00
300.0,1.0,2.0,1.9,9.0,6.4,294.0,1017.0,,13.7,,,,,2025-10-31 00:20:00
300.0,1.0,2.0,,,,,1017.1,,13.7,,,,,2025-10-31 00:30:00
290.0,1.0,2.0,,,,,1016.9,,13.7,,,,,2025-10-31 00:40:00
,0.0,1.0,2.0,10.0,6.7,297.0,1017.0,,13.7,,,,,2025-10-31 00:50:00
280.0,1.0,2.0,,,,,1016.9,,13.7,,,-1.1,,2025-10-31 01:00:00
,0.0,1.0,1.9,,6.2,289.0,1016.8,,13.7,,,,,2025-10-31 01:10:00
,0.0,1.0,1.9,10.0,6.2,289.0,1016.7,,13.7,,,,,2025-10-31 01:20:00
,0.0,1.0,,,,,1016.6,,13.6,,,,,2025-10-31 01:30:00
,0.0,1.0,,,,,1016.6,,13.6,,,,,2025-10-31 01:40:00
,0.0,1.0,1.9,9.0,6.7,293.0,1016.7,,13.6,,,,,2025-10-31 01:50:00
,0.0,1.0,,,,,1016.4,,13.6,,,-0.9,,2025-10-31 02:00:00
160.0,1.0,1.0,,,,,1016.5,,13.6,,,,,2025-10-31 02:10:00
170.0,1.0,2.0,1.9,9.0,6.7,291.0,1016.4,,13.6,,,,,2025-10-31 02:20:00
170.0,2.0,2.0,,,,,1016.5,,13.6,,,,,2025-10-31 02:30:00
210.0,2.0,3.0,1.6,,6.5,296.0,1016.6,,13.6,,,,,2025-10-31 02:40:00
220.0,2.0,3.0,1.6,9.0,6.5,296.0,1016.6,,13.6,,,,,2025-10-31 02:50:00
190.0,2.0,3.0,,,,,1016.6,,13.5,,,-0.5,,2025-10-31 03:00:00
190.0,3.0,3.0,1.7,,6.6,277.0,1016.5,,13.6,,,,,2025-10-31 03:10:00
180.0,3.0,3.0,1.7,9.0,6.6,277.0,1016.6,,13.5,,,,,2025-10-31 03:20:00
190.0,3.0,4.0,,,,,1017.0,,13.6,,,,,2025-10-31 03:30:00
200.0,3.0,4.0,,,,,1017.2,,13.6,,,,,2025-10-31 03:40:00
190.0,3.0,4.0,1.7,10.0,6.8,274.0,1017.1,,13.6,,,,,2025-10-31 03:50:00
190.0,4.0,5.0,,,,,1017.1,,13.6,,,-0.0,,2025-10-31 04:00:00
190.0,4.0,5.0,1.6,,6.8,320.0,1017.1,,13.6,,,,,2025-10-31 04:10:00
200.0,4.0,5.0,1.6,16.0,6.8,320.0,1016.9,,13.6,,,,,2025-10-31 04:20:00
200.0,5.0,5.0,,,,,1016.9,,13.6,,,,,2025-10-31 04:30:00
190.0,5.0,6.0,1.6,,7.3,280.0,1016.6,,13.6,,,,,2025-10-31 04:40:00
180.0,5.0,6.0,1.6,10.0,7.3,280.0,1016.4,,13.6,,,,,2025-10-31 04:50:00
190.0,5.0,6.0,,,,,1016.5,,13.6,,,0.0,,2025-10-31 05:00:00
180.0,5.0,7.0,1.7,,7.2,267.0,1016.4,,13.6,,,,,2025-10-31 05:10:00
180.0,5.0,6.0,1.7,10.0,7.2,267.0,1016.5,,13.6,,,,,2025-10-31 05:20:00
180.0,5.0,6.0,,,,,1016.5,,13.6,,,,,2025-10-31 05:30:00
190.0,5.0,7.0,1.7,,7.7,270.0,1016.5,,13.6,,,,,2025-10-31 05:40:00
180.0,5.0,6.0,1.7,10.0,7.7,270.0,1016.6,,13.6,,,,,2025-10-31 05:50:00
190.0,6.0,7.0,,,,,1016.7,,13.6,,,0.0,,2025-10-31 06:00:00
190.0,6.0,8.0,1.5,,7.2,276.0,1016.6,,13.6,,,,,2025-10-31 06:10:00
200.0,6.0,7.0,1.5,15.0,7.2,276.0,1016.8,,13.6,,,,,2025-10-31 06:20:00
200.0,6.0,8.0,,,,,1016.5,,13.5,,,,,2025-10-31 06:30:00
190.0,6.0,8.0,,,,,1016.5,,13.5,,,,,2025-10-31 06:40:00
190.0,6.0,7.0,1.5,9.0,7.0,289.0,1016.5,,13.5,,,,,2025-10-31 06:50:00
200.0,7.0,8.0,,,,,1016.6,,13.5,,,-0.5,,2025-10-31 07:00:00
200.0,7.0,8.0,1.5,,7.0,278.0,1016.5,,13.5,,,,,2025-10-31 07:10:00
190.0,6.0,7.0,1.5,16.0,7.0,278.0,1016.2,,13.5,,,,,2025-10-31 07:20:00
180.0,7.0,8.0,,,,,1016.1,,13.5,,,,,2025-10-31 07:30:00
180.0,7.0,8.0,1.5,,7.1,277.0,1016.1,,13.5,,,,,2025-10-31 07:40:00
180.0,7.0,8.0,1.5,15.0,7.1,277.0,1016.3,,13.5,,,,,2025-10-31 07:50:00
180.0,7.0,8.0,,,,,1016.3,,13.5,,,0.0,,2025-10-31 08:00:00
180.0,7.0,8.0,,,,,1016.4,,13.5,,,,,2025-10-31 08:10:00
190.0,7.0,8.0,1.6,15.0,7.5,275.0,1016.3,,13.5,,,,,2025-10-31 08:20:00
180.0,7.0,9.0,,,,,1016.1,,13.5,,,,,2025-10-31 08:30:00
180.0,8.0,9.0,,,,,1016.0,,13.5,,,,,2025-10-31 08:40:00
180.0,8.0,10.0,1.7,15.0,7.3,265.0,1015.9,,13.5,,,,,2025-10-31 08:50:00
180.0,8.0,10.0,,,,,1015.9,,13.5,,,-0.8,,2025-10-31 09:00:00
180.0,9.0,10.0,,,,,1015.8,,13.5,,,,,2025-10-31 09:10:00
180.0,9.0,10.0,1.6,15.0,7.0,250.0,1015.8,,13.5,,,,,2025-10-31 09:20:00
180.0,9.0,11.0,,,,,1015.6,,13.4,,,,,2025-10-31 09:30:00
180.0,9.0,11.0,1.6,,6.6,288.0,1015.6,,13.4,,,,,2025-10-31 09:40:00
180.0,9.0,11.0,1.6,14.0,6.6,288.0,1015.4,,13.4,,,,,2025-10-31 09:50:00
180.0,9.0,11.0,,,,,1015.1,,13.4,,,-1.5,,2025-10-31 10:00:00
170.0,9.0,11.0,2.0,,6.9,257.0,1015.3,,13.4,,,,,2025-10-31 10:10:00
180.0,10.0,11.0,2.0,15.0,6.9,257.0,1015.4,,13.4,,,,,2025-10-31 10:20:00
180.0,9.0,11.0,,,,,1015.4,,13.4,,,,,2025-10-31 10:30:00
180.0,10.0,12.0,,,,,1015.4,,13.4,,,,,2025-10-31 10:40:00
180.0,10.0,11.0,2.2,14.0,6.9,266.0,1015.3,,13.4,,,,,2025-10-31 10:50:00
180.0,10.0,12.0,,,,,1015.2,,13.4,,,-1.1,,2025-10-31 11:00:00
180.0,10.0,12.0,2.2,,6.6,271.0,1015.1,,13.4,,,,,2025-10-31 11:10:00
180.0,10.0,12.0,2.2,13.0,6.6,271.0,1014.9,,13.4,,,,,2025-10-31 11:20:00
180.0,11.0,13.0,,,,,1014.7,,13.4,,,,,2025-10-31 11:30:00
180.0,11.0,13.0,2.5,,7.1,273.0,1014.7,,13.4,,,,,2025-10-31 11:40:00
180.0,11.0,13.0,2.5,15.0,7.1,273.0,1014.6,,13.4,,,,,2025-10-31 11:50:00
180.0,10.0,12.0,,,,,1014.5,,13.4,,,-1.4,,2025-10-31 12:00:00
180.0,10.0,12.0,,,,,1014.6,,13.4,,,,,2025-10-31 12:10:00
180.0,10.0,12.0,2.3,13.0,6.6,275.0,1014.6,,13.4,,,,,2025-10-31 12:20:00
180.0,10.0,12.0,,,,,1014.6,,13.4,,,,,2025-10-31 12:30:00
180.0,10.0,12.0,,,,,1014.5,,13.4,,,,,2025-10-31 12:40:00
180.0,11.0,14.0,2.7,14.0,7.6,268.0,1014.3,,13.4,,,,,2025-10-31 12:50:00
180.0,11.0,14.0,,,,,1014.2,,13.4,,,-0.9,,2025-10-31 13:00:00
170.0,11.0,13.0,2.8,,7.2,262.0,1014.1,,13.4,,,,,2025-10-31 13:10:00
170.0,11.0,13.0,2.8,15.0,7.2,262.0,1013.8,,13.4,,,,,2025-10-31 13:20:00
170.0,11.0,14.0,,,,,1013.7,,13.4,,,,,2025-10-31 13:30:00
180.0,11.0,13.0,,,,,1013.9,,13.4,,,,,2025-10-31 13:40:00
170.0,11.0,13.0,2.7,15.0,6.8,250.0,1013.8,,13.4,,,,,2025-10-31 13:50:00
180.0,11.0,14.0,,,,,1013.6,,13.4,,,-1.6,,2025-10-31 14:00:00
170.0,11.0,13.0,3.2,,7.5,253.0,1013.4,,13.4,,,,,2025-10-31 14:10:00
170.0,11.0,14.0,3.2,15.0,7.5,253.0,1013.4,,13.5,,,,,2025-10-31 14:20:00
170.0,11.0,14.0,,,,,1013.0,,13.5,,,,,2025-10-31 14:30:00
170.0,12.0,14.0,,,,,1012.7,,13.5,,,,,2025-10-31 14:40:00
170.0,12.0,15.0,3.1,15.0,7.4,265.0,1012.5,,13.5,,,,,2025-10-31 14:50:00
170.0,12.0,14.0,,,,,1012.7,,13.5,,,-1.8,,2025-10-31 15:00:00
170.0,13.0,15.0,3.4,,7.5,259.0,1012.6,,13.5,,,,,2025-10-31 15:10:00
170.0,12.0,15.0,3.4,14.0,7.5,259.0,1012.6,,13.5,,,,,2025-10-31 15:20:00
170.0,12.0,15.0,,,,,1012.6,,13.5,,,,,2025-10-31 15:30:00
170.0,12.0,15.0,3.6,,7.7,270.0,1012.7,,13.5,,,,,2025-10-31 15:40:00
170.0,12.0,15.0,3.6,15.0,7.7,270.0,1012.7,,13.5,,,,,2025-10-31 15:50:00
180.0,12.0,15.0,,,,,1012.7,,13.5,,,-1.5,,2025-10-31 16:00:00
180.0,12.0,17.0,3.4,,7.2,252.0,1012.7,,13.5,,,,,2025-10-31 16:10:00
180.0,12.0,16.0,3.4,16.0,7.2,252.0,1012.5,,13.5,,,,,2025-10-31 16:20:00
180.0,13.0,16.0,,,,,1012.3,,13.5,,,,,2025-10-31 16:30:00
170.0,13.0,17.0,4.0,,7.9,265.0,1012.2,,13.5,,,,,2025-10-31 16:40:00
180.0,13.0,16.0,4.0,16.0,7.9,265.0,1012.4,,13.5,,,,,2025-10-31 16:50:00
180.0,13.0,15.0,,,,,1012.3,,13.5,,,-1.3,,2025-10-31 17:00:00
180.0,13.0,16.0,3.9,,7.9,276.0,1012.4,,13.5,,,,,2025-10-31 17:10:00
180.0,13.0,16.0,3.9,16.0,7.9,276.0,1012.1,,13.5,,,,,2025-10-31 17:20:00
180.0,13.0,17.0,,,,,1012.0,,13.5,,,,,2025-10-31 17:30:00
180.0,14.0,17.0,4.0,,7.7,250.0,1012.0,,13.5,,,,,2025-10-31 17:40:00
180.0,13.0,17.0,4.0,16.0,7.7,250.0,1012.1,,13.5,,,,,2025-10-31 17:50:00
180.0,14.0,17.0,,,,,1012.0,,13.5,,,-0.7,,2025-10-31 18:00:00
180.0,14.0,16.0,4.0,,7.4,256.0,1011.9,,13.5,,,,,2025-10-31 18:10:00
180.0,14.0,18.0,4.0,16.0,7.4,256.0,1011.7,,13.5,,,,,2025-10-31 18:20:00
180.0,13.0,17.0,,,,,1011.7,,13.5,,,,,2025-10-31 18:30:00
180.0,13.0,16.0,4.4,,7.6,260.0,1011.7,,13.5,,,,,2025-10-31 18:40:00
180.0,13.0,16.0,4.4,16.0,7.6,260.0,1011.6,,13.4,,,,,2025-10-31 18:50:00
180.0,13.0,16.0,,,,,1011.6,,13.4,,,-1.1,,2025-10-31 19:00:00
180.0,13.0,16.0,,,,,1011.5,,13.4,,,,,2025-10-31 19:10:00
180.0,13.0,16.0,4.4,16.0,7.7,279.0,1011.5,,13.4,,,,,2025-10-31 19:20:00
180.0,13.0,16.0,,,,,1011.3,,13.4,,,,,2025-10-31 19:30:00
180.0,13.0,16.0,4.6,,7.8,277.0,1011.4,,13.4,,,,,2025-10-31 19:40:00
180.0,12.0,15.0,4.6,16.0,7.8,277.0,1011.5,,13.4,,,,,2025-10-31 19:50:00
190.0,12.0,15.0,,,,,1011.8,,13.4,,,-0.5,,2025-10-31 20:00:00
190.0,12.0,15.0,4.8,,8.2,267.0,1011.8,,13.4,,,,,2025-10-31 20:10:00
190.0,12.0,15.0,4.8,16.0,8.2,267.0,1011.9,,13.4,,,,,2025-10-31 20:20:00
190.0,12.0,15.0,,,,,1011.9,,13.4,,,,,2025-10-31 20:30:00
190.0,12.0,14.0,,,,,1011.9,,13.4,,,,,2025-10-31 20:40:00
190.0,12.0,14.0,4.5,15.0,7.8,272.0,1011.8,,13.4,,,,,2025-10-31 20:50:00
190.0,11.0,13.0,,,,,1011.7,,13.4,,,-0.3,,2025-10-31 21:00:00
190.0,11.0,13.0,4.7,,8.5,275.0,1011.5,,13.4,,,,,2025-10-31 21:10:00
190.0,11.0,13.0,4.7,16.0,8.5,275.0,1011.5,,13.4,,,,,2025-10-31 21:20:00
190.0,11.0,14.0,,,,,1011.3,,13.4,,,,,2025-10-31 21:30:00
190.0,11.0,13.0,4.5,,8.2,260.0,1011.6,,13.4,,,,,2025-10-31 21:40:00
190.0,10.0,12.0,4.5,15.0,8.2,260.0,1011.6,,13.4,,,,,2025-10-31 21:50:00
190.0,9.0,11.0,,,,,1011.6,,13.4,,,0.0,,2025-10-31 22:00:00
200.0,9.0,12.0,4.3,,8.2,281.0,1011.5,,13.4,,,,,2025-10-31 22:10:00
200.0,10.0,12.0,4.3,15.0,8.2,281.0,1011.7,,13.4,,,,,2025-10-31 22:20:00
200.0,10.0,12.0,,,,,1011.7,,13.4,,,,,2025-10-31 22:30:00
200.0,10.0,12.0,4.8,,8.7,274.0,1011.7,,13.4,,,,,2025-10-31 22:40:00
200.0,10.0,12.0,4.8,15.0,8.7,274.0,1011.7,,13.4,,,,,2025-10-31 22:50:00
210.0,10.0,11.0,4.3,,8.3,269.0,1011.7,,13.4,,,0.0,,2025-10-31 23:00:00
230.0,8.0,10.0,4.8,,8.5,276.0,1012.6,,13.3,,,,,2025-10-31 23:40:00
240.0,8.0,10.0,4.8,14.0,8.5,276.0,1012.8,,13.3,,,,,2025-10-31 23:50:00
240.0,7.0,8.0,,,,,1012.8,,13.3,,,1.1,,2025-11-01 00:00:00
230.0,5.0,7.0,4.6,,8.3,277.0,1012.0,,13.3,,,,,2025-11-01 00:10:00
220.0,4.0,6.0,4.6,15.0,8.3,277.0,1012.6,,13.3,,,,,2025-11-01 00:20:00
230.0,4.0,5.0,,,,,1012.7,,13.3,,,,,2025-11-01 00:30:00
240.0,5.0,6.0,,,,,1013.0,,13.3,,,,,2025-11-01 00:40:00
220.0,4.0,6.0,4.1,15.0,8.6,275.0,1012.8,,13.3,,,,,2025-11-01 00:50:00
220.0,5.0,6.0,,,,,1012.8,,13.3,,,1.2,,2025-11-01 01:00:00
200.0,5.0,6.0,4.5,,8.8,268.0,1012.7,,13.3,,,,,2025-11-01 01:10:00
210.0,4.0,6.0,4.5,14.0,8.8,268.0,1013.2,,13.3,,,,,2025-11-01 01:20:00
210.0,4.0,5.0,,,,,1012.9,,13.3,,,,,2025-11-01 01:30:00
220.0,4.0,6.0,3.9,,8.5,280.0,1012.9,,13.3,,,,,2025-11-01 01:40:00
200.0,4.0,6.0,3.9,15.0,8.5,280.0,1012.7,,13.3,,,,,2025-11-01 01:50:00
200.0,4.0,5.0,,,,,1012.9,,13.3,,,1.2,,2025-11-01 02:00:00
200.0,4.0,5.0,4.3,,9.0,265.0,1013.0,,13.3,,,,,2025-11-01 02:10:00
190.0,4.0,5.0,4.3,14.0,9.0,265.0,1012.7,,13.3,,,,,2025-11-01 02:20:00
200.0,4.0,5.0,,,,,1013.3,,13.3,,,,,2025-11-01 02:30:00
210.0,4.0,5.0,4.3,,9.0,278.0,1013.1,,13.3,,,,,2025-11-01 02:40:00
180.0,5.0,6.0,4.3,14.0,9.0,278.0,1013.2,,13.3,,,,,2025-11-01 02:50:00
180.0,4.0,5.0,,,,,1013.3,,13.3,,,0.5,,2025-11-01 03:00:00
180.0,4.0,5.0,4.2,,8.7,271.0,1013.2,,13.3,,,,,2025-11-01 03:10:00
180.0,4.0,5.0,4.2,14.0,8.7,271.0,1013.3,,13.3,,,,,2025-11-01 03:20:00
180.0,5.0,6.0,,,,,1013.3,,13.3,,,,,2025-11-01 03:30:00
170.0,5.0,6.0,,,,,1013.1,,13.3,,,,,2025-11-01 03:40:00
170.0,5.0,6.0,4.4,14.0,9.3,274.0,1013.4,,13.3,,,,,2025-11-01 03:50:00
180.0,5.0,6.0,,,,,1013.2,,13.3,,,0.4,,2025-11-01 04:00:00
170.0,5.0,6.0,4.7,,9.6,270.0,1013.3,,13.3,,,,,2025-11-01 04:10:00
170.0,4.0,6.0,4.7,13.0,9.6,270.0,1013.1,,13.3,,,,,2025-11-01 04:20:00
170.0,4.0,5.0,,,,,1012.9,,13.2,,,,,2025-11-01 04:30:00
170.0,4.0,6.0,,,,,1012.9,,13.2,,,,,2025-11-01 04:40:00
170.0,5.0,6.0,5.1,13.0,10.0,272.0,1012.8,,13.2,,,,,2025-11-01 04:50:00
170.0,5.0,7.0,,,,,1012.7,,13.2,,,0.0,,2025-11-01 05:00:00
170.0,6.0,9.0,4.6,,9.8,269.0,1012.6,,13.2,,,,,2025-11-01 05:10:00
170.0,7.0,9.0,4.6,14.0,9.8,269.0,1012.5,,13.2,,,,,2025-11-01 05:20:00
170.0,7.0,8.0,,,,,1012.4,,13.2,,,,,2025-11-01 05:30:00
170.0,7.0,8.0,5.0,,9.9,266.0,1012.4,,13.2,,,,,2025-11-01 05:40:00
180.0,7.0,9.0,5.0,13.0,9.9,266.0,1012.4,,13.2,,,,,2025-11-01 05:50:00
180.0,8.0,9.0,,,,,1012.2,,13.2,,,-1.1,,2025-11-01 06:00:00
170.0,8.0,9.0,,,,,1012.0,,13.2,,,,,2025-11-01 06:10:00
180.0,8.0,9.0,5.3,14.0,10.4,275.0,1011.9,,13.2,,,,,2025-11-01 06:20:00
180.0,8.0,10.0,,,,,1011.8,,13.2,,,,,2025-11-01 06:30:00
180.0,8.0,10.0,,,,,1011.7,,13.2,,,,,2025-11-01 06:40:00
180.0,6.0,8.0,5.2,13.0,10.1,272.0,1011.7,,13.2,,,,,2025-11-01 06:50:00
180.0,6.0,7.0,,,,,1011.6,,13.2,,,-1.6,,2025-11-01 07:00:00
180.0,5.0,7.0,5.4,,10.3,275.0,1011.5,,13.2,,,,,2025-11-01 07:10:00
170.0,6.0,8.0,5.4,13.0,10.3,275.0,1011.2,,13.2,,,,,2025-11-01 07:20:00
170.0,6.0,8.0,,,,,1011.1,,13.2,,,,,2025-11-01 07:30:00
180.0,5.0,6.0,,,,,1010.9,,13.2,,,,,2025-11-01 07:40:00
180.0,5.0,6.0,6.2,14.0,10.9,276.0,1010.7,,13.2,,,,,2025-11-01 07:50:00
180.0,6.0,8.0,,,,,1010.6,,13.2,,,-2.1,,2025-11-01 08:00:00
180.0,7.0,8.0,,,,,1010.5,,13.1,,,,,2025-11-01 08:10:00
170.0,7.0,8.0,5.9,14.0,10.8,276.0,1010.3,,13.1,,,,,2025-11-01 08:20:00
180.0,6.0,8.0,,,,,1010.2,,13.1,,,,,2025-11-01 08:30:00
,,,5.2,13.0,10.4,269.0,,,,,,,,2025-11-01 08:40:00
180.0,7.0,9.0,5.2,,10.4,269.0,1009.8,,13.1,,,,,2025-11-01 08:50:00
180.0,7.0,9.0,,,,,1009.5,,13.1,,,-2.7,,2025-11-01 09:00:00
170.0,7.0,8.0,6.1,,11.3,272.0,1009.2,,13.1,,,,,2025-11-01 09:10:00
180.0,7.0,9.0,6.1,12.0,11.3,272.0,1008.9,,13.1,,,,,2025-11-01 09:20:00
170.0,7.0,9.0,,,,,1008.9,,13.1,,,,,2025-11-01 09:30:00
170.0,7.0,9.0,6.3,,11.6,281.0,1008.5,,13.0,,,,,2025-11-01 09:40:00
170.0,7.0,9.0,6.3,16.0,11.6,281.0,1008.4,,13.0,,,,,2025-11-01 09:50:00
180.0,8.0,10.0,,,,,1008.3,,13.0,,,-3.3,,2025-11-01 10:00:00
170.0,7.0,9.0,6.4,,11.9,283.0,1007.8,,13.1,,,,,2025-11-01 10:10:00
180.0,8.0,10.0,6.4,19.0,11.9,283.0,1007.6,,13.1,,,,,2025-11-01 10:20:00
180.0,8.0,10.0,,,,,1007.2,,13.1,,,,,2025-11-01 10:30:00
180.0,8.0,10.0,,,,,1007.0,,13.1,,,,,2025-11-01 10:40:00
180.0,8.0,10.0,6.4,19.0,11.5,284.0,1006.7,,13.1,,,,,2025-11-01 10:50:00
180.0,9.0,11.0,,,,,1006.5,,13.1,,,-4.1,,2025-11-01 11:00:00
180.0,9.0,11.0,,,,,1006.0,,13.1,,,,,2025-11-01 11:10:00
180.0,9.0,12.0,6.4,19.0,11.5,273.0,1006.0,,13.1,,,,,2025-11-01 11:20:00
180.0,9.0,12.0,,,,,1005.9,,13.1,,,,,2025-11-01 11:30:00
180.0,9.0,11.0,6.5,,11.8,278.0,1005.5,,13.1,,,,,2025-11-01 11:40:00
190.0,10.0,12.0,6.5,17.0,11.8,278.0,1005.4,,13.1,,,,,2025-11-01 11:50:00
190.0,10.0,13.0,,,,,1005.4,,13.1,,,-4.1,,2025-11-01 12:00:00
190.0,10.0,13.0,5.9,,10.9,281.0,1005.2,,13.1,,,,,2025-11-01 12:10:00
200.0,11.0,13.0,5.9,17.0,10.9,281.0,1005.2,,13.1,,,,,2025-11-01 12:20:00
190.0,11.0,13.0,,,,,1004.9,,13.1,,,,,2025-11-01 12:30:00
190.0,11.0,14.0,5.9,,10.8,276.0,1004.8,,13.1,,,,,2025-11-01 12:40:00
200.0,11.0,14.0,5.9,17.0,10.8,276.0,1004.8,,13.1,,,,,2025-11-01 12:50:00
200.0,11.0,14.0,,,,,1004.8,,13.1,,,-3.5,,2025-11-01 13:00:00
200.0,11.0,14.0,6.0,,10.8,268.0,1004.7,,13.1,,,,,2025-11-01 13:10:00
200.0,11.0,13.0,6.0,17.0,10.8,268.0,1004.6,,13.1,,,,,2025-11-01 13:20:00
200.0,11.0,13.0,,,,,1004.6,,13.1,,,,,2025-11-01 13:30:00
200.0,11.0,14.0,,,,,1004.6,,13.1,,,,,2025-11-01 13:40:00
200.0,11.0,13.0,6.0,17.0,11.0,274.0,1004.6,,13.1,,,,,2025-11-01 13:50:00
200.0,12.0,15.0,,,,,1004.6,,13.1,,,-1.9,,2025-11-01 14:00:00
200.0,13.0,15.0,5.6,,10.4,271.0,1004.6,,13.1,,,,,2025-11-01 14:10:00
210.0,13.0,16.0,5.6,17.0,10.4,271.0,1004.5,,13.1,,,,,2025-11-01 14:20:00
210.0,13.0,16.0,,,,,1004.7,,13.1,,,,,2025-11-01 14:30:00
220.0,14.0,17.0,,,,,1005.0,,,,,,,2025-11-01 14:40:00
260.0,12.0,16.0,5.5,17.0,10.0,272.0,1005.5,,13.1,,,,,2025-11-01 14:50:00
290.0,12.0,15.0,,,,,1005.9,,13.1,,,0.5,,2025-11-01 15:00:00
290.0,13.0,16.0,4.9,,9.4,272.0,1006.3,,13.1,,,,,2025-11-01 15:10:00
300.0,11.0,14.0,4.9,16.0,9.4,272.0,1006.8,,13.1,,,,,2025-11-01 15:20:00
300.0,12.0,16.0,,,,,1007.3,,13.0,,,,,2025-11-01 15:30:00
300.0,13.0,17.0,,,,,1007.8,,13.0,,,,,2025-11-01 15:40:00
310.0,12.0,15.0,5.3,17.0,10.3,272.0,1007.7,,13.0,,,,,2025-11-01 15:50:00
310.0,9.0,12.0,,,,,1007.9,,13.0,,,3.1,,2025-11-01 16:00:00
310.0,7.0,9.0,5.8,,10.7,275.0,1008.3,,13.0,,,,,2025-11-01 16:10:00
300.0,8.0,10.0,5.8,16.0,10.7,275.0,1008.9,,13.1,,,,,2025-11-01 16:20:00
290.0,9.0,11.0,,,,,1009.5,,13.1,,,,,2025-11-01 16:30:00
290.0,9.0,12.0,5.5,,10.6,285.0,1009.9,,13.1,,,,,2025-11-01 16:40:00
290.0,10.0,13.0,5.5,16.0,10.6,285.0,1010.0,,13.1,,,,,2025-11-01 16:50:00
290.0,9.0,11.0,,,,,1010.3,,13.1,,,5.7,,2025-11-01 17:00:00
300.0,9.0,13.0,5.2,,10.0,287.0,1010.8,,13.1,,,,,2025-11-01 17:10:00
300.0,9.0,12.0,5.2,15.0,10.0,287.0,1011.1,,13.1,,,,,2025-11-01 17:20:00
310.0,10.0,12.0,,,,,1011.4,,13.0,,,,,2025-11-01 17:30:00
310.0,10.0,12.0,5.2,,9.9,290.0,1011.7,,13.0,,,,,2025-11-01 17:40:00
300.0,9.0,11.0,5.2,16.0,9.9,290.0,1012.0,,13.0,,,,,2025-11-01 17:50:00
310.0,8.0,11.0,,,,,1012.3,,13.0,,,6.4,,2025-11-01 18:00:00
310.0,8.0,11.0,5.6,,10.2,287.0,1012.7,,13.0,,,,,2025-11-01 18:10:00
310.0,7.0,10.0,5.6,15.0,10.2,287.0,1013.0,,13.0,,,,,2025-11-01 18:20:00
310.0,8.0,9.0,,,,,1013.3,,13.0,,,,,2025-11-01 18:30:00
310.0,7.0,10.0,,,,,1013.5,,13.0,,,,,2025-11-01 18:40:00
300.0,6.0,9.0,5.5,16.0,10.5,289.0,1013.9,,13.0,,,,,2025-11-01 18:50:00
300.0,6.0,8.0,,,,,1014.2,,13.0,,,6.3,,2025-11-01 19:00:00
300.0,6.0,7.0,5.3,,9.9,282.0,1014.5,,13.0,,,,,2025-11-01 19:10:00
300.0,5.0,7.0,5.3,15.0,9.9,282.0,1014.6,,13.0,,,,,2025-11-01 19:20:00
290.0,5.0,7.0,,,,,1014.8,,13.1,,,,,2025-11-01 19:30:00
290.0,6.0,8.0,,,,,1015.0,,13.1,,,,,2025-11-01 19:40:00
290.0,6.0,9.0,6.0,15.0,10.8,293.0,1015.1,,13.1,,,,,2025-11-01 19:50:00
300.0,7.0,10.0,,,,,1015.4,,13.1,,,5.1,,2025-11-01 20:00:00
300.0,7.0,9.0,5.8,,10.8,290.0,1015.6,,13.1,,,,,2025-11-01 20:10:00
290.0,7.0,9.0,5.8,14.0,10.8,290.0,1015.7,,13.1,,,,,2025-11-01 20:20:00
290.0,6.0,8.0,,,,,1016.1,,13.2,,,,,2025-11-01 20:30:00
280.0,6.0,9.0,5.5,,10.4,294.0,1016.3,,13.2,,,,,2025-11-01 20:40:00
280.0,6.0,9.0,5.5,15.0,10.4,294.0,1016.4,,13.2,,,,,2025-11-01 20:50:00
280.0,6.0,9.0,,,,,1016.6,,13.2,,,4.3,,2025-11-01 21:00:00
280.0,6.0,9.0,5.8,,10.5,291.0,1016.8,,13.2,,,,,2025-11-01 21:10:00
280.0,6.0,9.0,5.8,15.0,10.5,291.0,1016.9,,13.2,,,,,2025-11-01 21:20:00
280.0,6.0,8.0,,,,,1017.0,,13.2,,,,,2025-11-01 21:30:00
280.0,5.0,7.0,6.7,,10.8,285.0,1017.2,,13.2,,,,,2025-11-01 21:40:00
270.0,5.0,7.0,6.7,15.0,10.8,285.0,1017.3,,13.2,,,,,2025-11-01 21:50:00
270.0,5.0,7.0,,,,,1017.3,,13.2,,,3.1,,2025-11-01 22:00:00
270.0,5.0,8.0,6.5,,10.9,285.0,1017.5,,13.2,,,,,2025-11-01 22:10:00
260.0,5.0,8.0,6.5,14.0,10.9,285.0,1017.6,,13.2,,,,,2025-11-01 22:20:00
260.0,4.0,7.0,,,,,1017.6,,13.2,,,,,2025-11-01 22:30:00
250.0,4.0,6.0,,,,,1017.8,,13.2,,,,,2025-11-01 22:40:00
250.0,5.0,7.0,6.7,15.0,11.0,284.0,1017.8,,13.2,,,,,2025-11-01 22:50:00
250.0,4.0,7.0,,,,,1018.0,,13.2,,,2.6,,2025-11-01 23:00:00
250.0,4.0,7.0,6.2,,11.0,282.0,1017.9,,13.2,,,,,2025-11-01 23:10:00
240.0,5.0,7.0,6.2,16.0,11.0,282.0,1018.0,,13.2,,,,,2025-11-01 23:20:00
240.0,4.0,7.0,6.1,,10.7,284.0,1018.3,,13.2,,,,,2025-11-01 23:40:00
240.0,5.0,7.0,6.1,15.0,10.7,284.0,1018.4,,13.2,,,,,2025-11-01 23:50:00
240.0,4.0,7.0,,,,,1018.3,,13.2,,,1.7,,2025-11-02 00:00:00
240.0,4.0,7.0,6.6,,11.0,290.0,1018.4,,13.2,,,,,2025-11-02 00:10:00
240.0,4.0,6.0,6.6,15.0,11.0,290.0,1018.5,,13.2,,,,,2025-11-02 00:20:00
230.0,5.0,8.0,,,,,1018.7,,13.2,,,,,2025-11-02 00:30:00
250.0,6.0,10.0,6.4,,11.1,282.0,1019.1,,13.2,,,,,2025-11-02 00:40:00
240.0,5.0,8.0,6.4,16.0,11.1,282.0,1018.9,,13.2,,,,,2025-11-02 00:50:00
250.0,5.0,8.0,,,,,1019.0,,13.2,,,1.7,,2025-11-02 01:00:00
240.0,5.0,7.0,6.8,,11.2,275.0,1019.2,,13.2,,,,,2025-11-02 01:10:00
240.0,5.0,8.0,6.8,15.0,11.2,275.0,1019.4,,13.2,,,,,2025-11-02 01:20:00
240.0,5.0,7.0,,,,,1019.4,,13.3,,,,,2025-11-02 01:30:00
240.0,5.0,7.0,7.1,,11.6,274.0,1019.4,,13.3,,,,,2025-11-02 01:40:00
240.0,4.0,7.0,7.1,16.0,11.6,274.0,1019.6,,13.3,,,,,2025-11-02 01:50:00
240.0,4.0,7.0,,,,,1019.6,,13.3,,,1.6,,2025-11-02 02:00:00
230.0,5.0,6.0,6.4,,11.2,276.0,1019.6,,13.3,,,,,2025-11-02 02:10:00
230.0,4.0,6.0,6.4,16.0,11.2,276.0,1019.8,,13.3,,,,,2025-11-02 02:20:00
240.0,4.0,6.0,,,,,1019.8,,13.3,,,,,2025-11-02 02:30:00
250.0,4.0,7.0,,,,,1019.8,,13.3,,,,,2025-11-02 02:40:00
240.0,5.0,7.0,5.6,17.0,10.4,277.0,1019.9,,13.3,,,,,2025-11-02 02:50:00
250.0,5.0,7.0,,,,,1020.1,,13.3,,,1.8,,2025-11-02 03:00:00
250.0,6.0,8.0,5.8,,10.5,274.0,1020.3,,13.3,,,,,2025-11-02 03:10:00
250.0,5.0,7.0,5.8,16.0,10.5,274.0,1020.4,,13.3,,,,,2025-11-02 03:20:00
250.0,5.0,7.0,,,,,1020.5,,13.3,,,,,2025-11-02 03:30:00
250.0,6.0,8.0,,,,,1020.5,,13.3,,,,,2025-11-02 03:40:00
250.0,6.0,9.0,6.2,16.0,10.9,269.0,1020.6,,13.3,,,,,2025-11-02 03:50:00
250.0,6.0,8.0,,,,,1020.8,,13.3,,,1.8,,2025-11-02 04:00:00
250.0,7.0,9.0,6.5,,11.2,275.0,1021.0,,13.3,,,,,2025-11-02 04:10:00
250.0,6.0,9.0,6.5,16.0,11.2,275.0,1021.2,,13.3,,,,,2025-11-02 04:20:00
260.0,7.0,9.0,,,,,1021.3,,13.3,,,,,2025-11-02 04:30:00
260.0,6.0,8.0,,,,,1021.3,,13.3,,,,,2025-11-02 04:40:00
290.0,6.0,9.0,6.0,16.0,11.0,278.0,1021.5,,13.3,,,,,2025-11-02 04:50:00
290.0,5.0,7.0,,,,,1021.7,,13.3,,,2.1,,2025-11-02 05:00:00
270.0,5.0,7.0,5.7,,10.8,276.0,1021.9,,13.3,,,,,2025-11-02 05:10:00
270.0,6.0,8.0,5.7,16.0,10.8,276.0,1022.1,,13.3,,,,,2025-11-02 05:20:00
270.0,6.0,8.0,,,,,1022.1,,13.3,,,,,2025-11-02 05:30:00
260.0,5.0,8.0,,,,,1022.3,,13.3,,,,,2025-11-02 05:40:00
260.0,5.0,8.0,4.9,17.0,10.1,273.0,1022.5,,13.3,,,,,2025-11-02 05:50:00
260.0,5.0,7.0,,,,,1022.4,,13.3,,,2.3,,2025-11-02 06:00:00
260.0,4.0,6.0,5.1,,10.2,279.0,1022.6,,13.3,,,,,2025-11-02 06:10:00
260.0,4.0,6.0,5.1,16.0,10.2,279.0,1022.7,,13.3,,,,,2025-11-02 06:20:00
250.0,4.0,7.0,,,,,1022.9,,13.3,,,,,2025-11-02 06:30:00
250.0,5.0,7.0,,,,,1023.1,,13.3,,,,,2025-11-02 06:40:00
260.0,5.0,7.0,5.0,16.0,10.0,270.0,1023.2,,13.3,,,,,2025-11-02 06:50:00
260.0,5.0,7.0,,,,,1023.2,,13.3,,,2.4,,2025-11-02 07:00:00
270.0,5.0,8.0,,,,,1023.4,,13.3,,,,,2025-11-02 07:10:00
270.0,5.0,8.0,5.6,16.0,10.9,277.0,1023.5,,13.3,,,,,2025-11-02 07:20:00
260.0,5.0,7.0,,,,,1023.6,,13.3,,,,,2025-11-02 07:30:00
260.0,5.0,7.0,,,,,1023.8,,13.3,,,,,2025-11-02 07:40:00
270.0,6.0,8.0,5.1,16.0,10.7,276.0,1023.9,,13.3,,,,,2025-11-02 07:50:00
270.0,6.0,8.0,,,,,1023.9,,13.3,,,2.2,,2025-11-02 08:00:00
270.0,6.0,8.0,,,,,1023.9,,13.3,,,,,2025-11-02 08:10:00
270.0,6.0,8.0,5.2,16.0,11.0,277.0,1024.1,,13.3,,,,,2025-11-02 08:20:00
270.0,5.0,7.0,,,,,1024.2,,13.3,,,,,2025-11-02 08:30:00
260.0,5.0,7.0,,,,,1024.3,,13.3,,,,,2025-11-02 08:40:00
260.0,5.0,7.0,4.6,16.0,10.2,282.0,1024.4,,13.3,,,,,2025-11-02 08:50:00
260.0,6.0,7.0,,,,,1024.5,,13.3,,,2.1,,2025-11-02 09:00:00
260.0,6.0,8.0,4.5,,10.2,279.0,1024.6,,13.3,,,,,2025-11-02 09:10:00
260.0,6.0,7.0,4.5,14.0,10.2,279.0,1024.9,,13.3,,,,,2025-11-02 09:20:00
270.0,6.0,8.0,,,,,1025.1,,13.3,,,,,2025-11-02 09:30:00
260.0,6.0,8.0,4.5,,10.7,281.0,1025.2,,13.3,,,,,2025-11-02 09:40:00
260.0,8.0,12.0,4.5,15.0,10.7,281.0,1025.4,,13.3,,,,,2025-11-02 09:50:00
270.0,8.0,10.0,,,,,1025.6,,13.2,,,2.4,,2025-11-02 10:00:00
280.0,6.0,8.0,4.4,,10.6,286.0,1025.6,,13.2,,,,,2025-11-02 10:10:00
270.0,5.0,7.0,4.4,15.0,10.6,286.0,1025.7,,13.2,,,,,2025-11-02 10:20:00
260.0,5.0,7.0,,,,,1025.7,,13.2,,,,,2025-11-02 10:30:00
260.0,5.0,6.0,,,,,1025.9,,13.2,,,,,2025-11-02 10:40:00
280.0,5.0,8.0,4.4,15.0,10.2,283.0,1026.1,,13.2,,,,,2025-11-02 10:50:00
250.0,4.0,7.0,,,,,1026.1,,13.2,,,2.2,,2025-11-02 11:00:00
260.0,3.0,5.0,4.8,,10.8,285.0,1026.0,,13.2,,,,,2025-11-02 11:10:00
280.0,4.0,6.0,4.8,13.0,10.8,285.0,1026.2,,13.2,,,,,2025-11-02 11:20:00
300.0,5.0,8.0,,,,,1026.2,,13.2,,,,,2025-11-02 11:30:00
300.0,6.0,8.0,,,,,1026.4,,13.1,,,,,2025-11-02 11:40:00
300.0,6.0,8.0,4.3,15.0,10.7,290.0,1026.5,,13.1,,,,,2025-11-02 11:50:00
300.0,6.0,8.0,,,,,1026.6,,13.1,,,2.1,,2025-11-02 12:00:00
310.0,6.0,9.0,4.0,,10.3,297.0,1026.7,,13.1,,,,,2025-11-02 12:10:00
300.0,6.0,7.0,4.0,14.0,10.3,297.0,1026.8,,13.1,,,,,2025-11-02 12:20:00
300.0,5.0,7.0,,,,,1026.8,,13.1,,,,,2025-11-02 12:30:00
300.0,6.0,8.0,4.5,,10.7,290.0,1026.8,,13.1,,,,,2025-11-02 12:40:00
300.0,6.0,8.0,4.5,14.0,10.7,290.0,1026.9,,13.1,,,,,2025-11-02 12:50:00
310.0,6.0,8.0,,,,,1027.0,,13.1,,,1.4,,2025-11-02 13:00:00
300.0,6.0,8.0,5.1,,11.2,299.0,1026.9,,13.1,,,,,2025-11-02 13:10:00
300.0,5.0,8.0,5.1,15.0,11.2,299.0,1027.2,,13.1,,,,,2025-11-02 13:20:00
310.0,5.0,7.0,,,,,1027.3,,13.1,,,,,2025-11-02 13:30:00
300.0,5.0,8.0,4.3,,10.3,297.0,1027.2,,13.1,,,,,2025-11-02 13:40:00
300.0,4.0,6.0,4.3,14.0,10.3,297.0,1027.3,,13.1,,,,,2025-11-02 13:50:00
290.0,4.0,7.0,,,,,1027.4,,13.1,,,1.3,,2025-11-02 14:00:00
290.0,4.0,6.0,4.2,,10.4,300.0,1027.9,,13.1,,,,,2025-11-02 14:10:00
290.0,4.0,6.0,4.2,14.0,10.4,300.0,1027.9,,13.1,,,,,2025-11-02 14:20:00
290.0,4.0,6.0,,,,,1027.8,,13.1,,,,,2025-11-02 14:30:00
290.0,3.0,5.0,4.8,,10.5,298.0,1027.6,,13.1,,,,,2025-11-02 14:40:00
300.0,3.0,5.0,4.8,13.0,10.5,298.0,1027.7,,13.1,,,,,2025-11-02 14:50:00
310.0,3.0,5.0,,,,,1028.0,,13.1,,,1.4,,2025-11-02 15:00:00
300.0,2.0,4.0,4.9,,10.6,307.0,1027.9,,13.0,,,,,2025-11-02 15:10:00
310.0,4.0,6.0,4.9,14.0,10.6,307.0,1028.2,,13.0,,,,,2025-11-02 15:20:00
300.0,3.0,5.0,,,,,1028.3,,13.0,,,,,2025-11-02 15:30:00
300.0,3.0,5.0,4.4,,9.9,300.0,1028.2,,13.0,,,,,2025-11-02 15:40:00
290.0,3.0,5.0,4.4,15.0,9.9,300.0,1028.4,,13.0,,,,,2025-11-02 15:50:00
300.0,3.0,4.0,,,,,1028.4,,13.0,,,1.4,,2025-11-02 16:00:00
290.0,3.0,4.0,4.6,,9.8,301.0,1028.7,,13.0,,,,,2025-11-02 16:10:00
280.0,2.0,4.0,4.6,14.0,9.8,301.0,1028.8,,13.0,,,,,2025-11-02 16:20:00
270.0,2.0,3.0,,,,,1028.8,,,,,,,2025-11-02 16:30:00
240.0,1.0,3.0,,,,,1028.8,,13.0,,,,,2025-11-02 16:40:00
230.0,1.0,3.0,5.1,13.0,10.3,297.0,1029.1,,13.0,,,,,2025-11-02 16:50:00
240.0,1.0,3.0,,,,,1029.4,,13.0,,,2.0,,2025-11-02 17:00:00
230.0,2.0,3.0,,,,,1029.4,,13.0,,,,,2025-11-02 17:10:00
210.0,2.0,3.0,4.8,15.0,10.1,296.0,1029.5,,13.0,,,,,2025-11-02 17:20:00
200.0,1.0,2.0,,,,,1029.5,,13.0,,,,,2025-11-02 17:30:00
200.0,1.0,3.0,4.7,,9.9,284.0,1029.4,,13.0,,,,,2025-11-02 17:40:00
190.0,1.0,2.0,4.7,12.0,9.9,284.0,1029.3,,13.0,,,,,2025-11-02 17:50:00
,0.0,2.0,,,,,1029.3,,13.0,,,1.3,,2025-11-02 18:00:00
190.0,1.0,3.0,5.3,,10.5,289.0,1029.6,,13.0,,,,,2025-11-02 18:10:00
190.0,1.0,2.0,5.3,14.0,10.5,289.0,1029.6,,13.0,,,,,2025-11-02 18:20:00
180.0,1.0,4.0,,,,,1029.5,,13.1,,,,,2025-11-02 18:30:00
170.0,1.0,3.0,,,,,1029.4,,13.1,,,,,2025-11-02 18:40:00
160.0,1.0,3.0,4.6,11.0,9.6,286.0,1029.5,,13.1,,,,,2025-11-02 18:50:00
160.0,1.0,3.0,,,,,1029.4,,13.1,,,1.0,,2025-11-02 19:00:00
,0.0,2.0,,,,,1029.5,,13.1,,,,,2025-11-02 19:10:00
170.0,1.0,2.0,5.1,15.0,10.1,287.0,1029.7,,13.1,,,,,2025-11-02 19:20:00
170.0,1.0,2.0,,,,,1029.5,,13.1,,,,,2025-11-02 19:30:00
170.0,1.0,2.0,,,,,1029.8,,13.2,,,,,2025-11-02 19:40:00
170.0,1.0,4.0,4.4,15.0,9.4,284.0,1029.8,,13.2,,,,,2025-11-02 19:50:00
170.0,1.0,4.0,,,,,1029.6,,13.2,,,0.0,,2025-11-02 20:00:00
180.0,1.0,3.0,4.9,,9.9,279.0,1029.8,,13.2,,,,,2025-11-02 20:10:00
180.0,1.0,3.0,4.9,15.0,9.9,279.0,1029.6,,13.2,,,,,2025-11-02 20:20:00
160.0,1.0,3.0,,,,,1029.4,,13.2,,,,,2025-11-02 20:30:00
150.0,1.0,4.0,,,,,1029.3,,13.2,,,,,2025-11-02 20:40:00
160.0,1.0,3.0,4.6,15.0,9.9,293.0,1029.2,,13.2,,,,,2025-11-02 20:50:00
170.0,1.0,3.0,,,,,1028.9,,13.2,,,-0.4,,2025-11-02 21:00:00
140.0,1.0,4.0,,,,,1028.6,,13.2,,,,,2025-11-02 21:10:00
150.0,1.0,4.0,5.2,15.0,10.5,274.0,1028.5,,13.2,,,,,2025-11-02 21:20:00
120.0,1.0,3.0,,,,,1028.5,,13.3,,,,,2025-11-02 21:30:00
110.0,1.0,4.0,,,,,1028.4,,13.3,,,,,2025-11-02 21:40:00
120.0,1.0,3.0,4.6,13.0,9.7,280.0,1028.2,,13.3,,,,,2025-11-02 21:50:00
,0.0,3.0,,,,,1028.2,,13.3,,,-1.2,,2025-11-02 22:00:00
80.0,1.0,2.0,4.4,,10.0,278.0,1027.9,,13.3,,,,,2025-11-02 22:10:00
110.0,1.0,3.0,4.4,15.0,10.0,278.0,1027.9,,13.3,,,,,2025-11-02 22:20:00
110.0,1.0,4.0,,,,,1028.0,,13.3,,,,,2025-11-02 22:30:00
110.0,1.0,3.0,4.4,,9.9,280.0,1027.6,,13.3,,,,,2025-11-02 22:40:00
110.0,2.0,5.0,4.4,16.0,9.9,280.0,1027.3,,13.4,,,,,2025-11-02 22:50:00
110.0,2.0,4.0,,,,,1027.4,,13.4,,,-2.2,,2025-11-02 23:00:00
90.0,3.0,5.0,4.2,,10.3,285.0,,,,,,,,2025-11-03 00:20:00
90.0,2.0,6.0,4.2,14.0,10.3,285.0,,,,,,,,2025-11-03 00:30:00
100.0,2.0,5.0,,,,,,,,,,,,2025-11-03 00:40:00
90.0,2.0,5.0,3.9,,10.2,284.0,,,,,,,,2025-11-03 00:50:00
80.0,2.0,4.0,3.9,15.0,10.2,284.0,,,,,,,,2025-11-03 01:00:00
70.0,2.0,4.0,,,,,,,,,,,,2025-11-03 01:10:00
70.0,2.0,4.0,4.2,,10.7,300.0,,,,,,,,2025-11-03 01:20:00
70.0,2.0,4.0,4.2,16.0,10.7,300.0,,,,,,,,2025-11-03 01:30:00
60.0,2.0,4.0,,,,,,,,,,,,2025-11-03 01:40:00
70.0,3.0,4.0,,,,,,,,,,,,2025-11-03 01:50:00
60.0,3.0,5.0,3.7,15.0,10.5,292.0,,,,,,,,2025-11-03 02:00:00
60.0,3.0,5.0,,,,,,,,,,,,2025-11-03 02:10:00
60.0,4.0,6.0,4.5,,11.2,296.0,,,,,,,,2025-11-03 02:20:00
60.0,4.0,6.0,4.5,15.0,11.2,296.0,,,,,,,,2025-11-03 02:30:00
50.0,4.0,6.0,,,,,,,,,,,,2025-11-03 02:40:00
50.0,4.0,6.0,3.5,,9.9,310.0,,,,,,,,2025-11-03 02:50:00
70.0,5.0,7.0,3.5,16.0,9.9,310.0,,,,,,,,2025-11-03 03:00:00
60.0,5.0,7.0,,,,,,,,,,,,2025-11-03 03:10:00
60.0,4.0,7.0,4.4,,10.8,301.0,,,,,,,,2025-11-03 03:20:00
60.0,5.0,7.0,4.4,14.0,10.8,301.0,,,,,,,,2025-11-03 03:30:00
50.0,5.0,8.0,,,,,,,,,,,,2025-11-03 03:40:00
60.0,6.0,8.0,,,,,,,,,,,,2025-11-03 03:50:00
60.0,6.0,8.0,4.1,15.0,10.8,302.0,,,,,,,,2025-11-03 04:00:00
50.0,7.0,8.0,,,,,,,,,,,,2025-11-03 04:10:00
50.0,7.0,9.0,4.0,,10.4,309.0,,,,,,,,2025-11-03 04:20:00
50.0,7.0,8.0,4.0,14.0,10.4,309.0,,,,,,,,2025-11-03 04:30:00
50.0,8.0,9.0,,,,,,,,,,,,2025-11-03 04:40:00
50.0,7.0,10.0,,,,,,,,,,,,2025-11-03 04:50:00
50.0,8.0,10.0,4.1,15.0,10.1,312.0,,,,,,,,2025-11-03 05:00:00
60.0,8.0,10.0,,,,,1021.1,,,,,,,2025-11-03 05:10:00
50.0,8.0,10.0,4.3,,10.6,312.0,1021.0,,,,,,,2025-11-03 05:20:00
50.0,8.0,11.0,4.3,14.0,10.6,312.0,1020.7,,,,,,,2025-11-03 05:30:00
50.0,8.0,11.0,,,,,1020.5,,,,,,,2025-11-03 05:40:00
50.0,9.0,11.0,,,,,1020.1,,,,,,,2025-11-03 05:50:00
50.0,10.0,12.0,3.8,14.0,9.9,311.0,1019.9,,,,,,,2025-11-03 06:00:00
50.0,9.0,11.0,,,,,1019.9,,,,,,,2025-11-03 06:10:00
50.0,9.0,11.0,4.1,,9.8,300.0,1019.7,,,,,,,2025-11-03 06:20:00
50.0,9.0,12.0,4.1,13.0,9.8,300.0,1019.2,,,,,,,2025-11-03 06:30:00
50.0,9.0,11.0,,,,,1019.4,,,,,,,2025-11-03 06:40:00
50.0,8.0,10.0,4.6,,10.0,313.0,1019.3,,,,,,,2025-11-03 06:50:00
50.0,10.0,12.0,4.6,14.0,10.0,313.0,1018.6,,,,,,,2025-11-03 07:00:00
50.0,10.0,12.0,,,,,1018.8,,,,,,,2025-11-03 07:10:00
50.0,10.0,13.0,4.1,,9.2,306.0,1018.6,,,,,,,2025-11-03 07:20:00
50.0,9.0,12.0,4.1,11.0,9.2,306.0,1018.9,,,,,,,2025-11-03 07:30:00
50.0,10.0,12.0,,,,,1018.6,,,,,,,2025-11-03 07:40:00
50.0,10.0,12.0,,,,,1017.9,,,,,,,2025-11-03 07:50:00
50.0,10.0,13.0,4.7,12.0,9.6,302.0,1017.8,,,,,,,2025-11-03 08:00:00
50.0,11.0,13.0,,,,,1016.8,,,,,,,2025-11-03 08:10:00
60.0,10.0,13.0,5.1,,9.9,301.0,1017.5,,,,,,,2025-11-03 08:20:00
60.0,10.0,13.0,5.1,14.0,9.9,301.0,1016.9,,,,,,,2025-11-03 08:30:00
60.0,10.0,13.0,,,,,1016.9,,,,,,,2025-11-03 08:40:00
60.0,10.0,13.0,4.6,,9.0,293.0,1016.6,,,,,,,2025-11-03 08:50:00
50.0,11.0,14.0,4.6,15.0,9.0,293.0,1015.8,,,,,-4.1,,2025-11-03 09:00:00
50.0,10.0,13.0,,,,,1016.2,,,,,,,2025-11-03 09:10:00
40.0,10.0,13.0,4.7,,9.1,303.0,1015.2,,,,,,,2025-11-03 09:20:00
40.0,11.0,14.0,4.7,14.0,9.1,303.0,1015.6,,,,,,,2025-11-03 09:30:00
50.0,10.0,12.0,,,,,1015.6,,,,,,,2025-11-03 09:40:00
50.0,10.0,12.0,4.5,,9.3,306.0,1015.2,,,,,,,2025-11-03 09:50:00
40.0,10.0,13.0,4.5,14.0,9.3,306.0,1015.1,,,,,-3.5,,2025-11-03 10:00:00
40.0,10.0,12.0,,,,,1015.2,,,,,,,2025-11-03 10:10:00
40.0,10.0,12.0,5.0,,9.2,294.0,1015.1,,,,,,,2025-11-03 10:20:00
40.0,10.0,13.0,5.0,15.0,9.2,294.0,1014.6,,,,,,,2025-11-03 10:30:00
30.0,11.0,13.0,,,,,1014.2,,,,,,,2025-11-03 10:40:00
40.0,10.0,12.0,5.0,,9.3,300.0,1014.6,,,,,,,2025-11-03 10:50:00
40.0,9.0,12.0,5.0,15.0,9.3,300.0,1014.6,,,,,-3.2,,2025-11-03 11:00:00
40.0,9.0,11.0,,,,,1014.1,,,,,,,2025-11-03 11:10:00
50.0,9.0,11.0,,,,,1014.0,,,,,,,2025-11-03 11:20:00
50.0,9.0,12.0,4.6,14.0,9.1,302.0,1013.7,,,,,,,2025-11-03 11:30:00
50.0,9.0,11.0,,,,,1013.5,,,,,,,2025-11-03 11:40:00
50.0,9.0,12.0,4.5,,9.0,296.0,1013.6,,,,,,,2025-11-03 11:50:00
40.0,9.0,11.0,4.5,15.0,9.0,296.0,1013.4,,,,,-2.4,,2025-11-03 12:00:00
50.0,10.0,13.0,,,,,1012.9,,,,,,,2025-11-03 12:10:00
50.0,10.0,12.0,,,,,1012.9,,,,,,,2025-11-03 12:20:00
40.0,10.0,13.0,4.9,13.0,9.3,303.0,1012.6,,,,,,,2025-11-03 12:30:00
40.0,9.0,11.0,,,,,1012.6,,,,,,,2025-11-03 12:40:00
40.0,9.0,11.0,4.9,,9.3,281.0,1012.4,,,,,,,2025-11-03 12:50:00
40.0,10.0,12.0,4.9,15.0,9.3,281.0,1012.2,,,,,-2.9,,2025-11-03 13:00:00
40.0,10.0,12.0,,,,,1011.7,,,,,,,2025-11-03 13:10:00
40.0,10.0,12.0,4.4,,8.8,297.0,1011.9,,,,,,,2025-11-03 13:20:00
40.0,10.0,13.0,4.4,15.0,8.8,297.0,1011.8,,,,,,,2025-11-03 13:30:00
40.0,10.0,12.0,4.2,,8.7,304.0,1011.8,,,,,,,2025-11-03 13:40:00
50.0,10.0,12.0,,,,,1011.7,,,,,,,2025-11-03 13:50:00
50.0,10.0,13.0,4.2,15.0,8.7,304.0,1011.4,,,,,-3.2,,2025-11-03 14:00:00
50.0,10.0,12.0,,,,,1011.4,,,,,,,2025-11-03 14:10:00
50.0,10.0,12.0,,,,,1011.3,,,,,,,2025-11-03 14:20:00
50.0,10.0,13.0,4.3,16.0,8.8,296.0,1011.2,,,,,,,2025-11-03 14:30:00
60.0,10.0,12.0,,,,,1011.5,,,,,,,2025-11-03 14:40:00
60.0,10.0,12.0,4.1,,9.0,297.0,1011.5,,,,,,,2025-11-03 14:50:00
60.0,10.0,12.0,4.1,15.0,9.0,297.0,1011.1,,,,,-2.3,,2025-11-03 15:00:00
60.0,9.0,12.0,,,,,1011.2,,,,,,,2025-11-03 15:10:00
60.0,10.0,12.0,,,,,1011.3,,,,,,,2025-11-03 15:20:00
60.0,10.0,12.0,3.9,13.0,8.6,308.0,1011.1,,,,,,,2025-11-03 15:30:00
60.0,10.0,13.0,4.0,,8.5,296.0,1010.8,,,,,,,2025-11-03 15:40:00
60.0,10.0,12.0,,,,,1010.8,,,,,,,2025-11-03 15:50:00
60.0,10.0,12.0,4.0,14.0,8.5,296.0,1010.7,,,,,-1.5,,2025-11-03 16:00:00
50.0,10.0,13.0,,,,,1010.7,,,,,,,2025-11-03 16:10:00
60.0,9.0,11.0,4.1,,9.0,301.0,1010.8,,,,,,,2025-11-03 16:20:00
60.0,9.0,11.0,4.1,15.0,9.0,301.0,1010.8,,,,,,,2025-11-03 16:30:00
60.0,9.0,12.0,,,,,1010.3,,,,,,,2025-11-03 16:40:00
60.0,9.0,11.0,3.9,,8.8,302.0,1010.2,,,,,,,2025-11-03 16:50:00
60.0,8.0,10.0,3.9,15.0,8.8,302.0,1010.4,,,,,-1.0,,2025-11-03 17:00:00
60.0,9.0,11.0,,,,,1010.1,,,,,,,2025-11-03 17:10:00
60.0,8.0,10.0,,,,,1010.4,,,,,,,2025-11-03 17:20:00
60.0,8.0,10.0,3.6,15.0,8.6,299.0,1010.5,,,,,,,2025-11-03 17:30:00
70.0,7.0,9.0,,,,,1010.5,,,,,,,2025-11-03 17:40:00
60.0,7.0,9.0,,,,,1010.5,,,,,,,2025-11-03 17:50:00
70.0,6.0,8.0,3.7,15.0,8.9,306.0,1010.3,,,,,-0.8,,2025-11-03 18:00:00
70.0,6.0,7.0,,,,,1010.3,,,,,,,2025-11-03 18:10:00
60.0,6.0,7.0,3.4,,8.9,305.0,1010.4,,,,,,,2025-11-03 18:20:00
70.0,5.0,7.0,3.4,13.0,8.9,305.0,1010.4,,,,,,,2025-11-03 18:30:00
80.0,6.0,7.0,,,,,1010.4,,,,,,,2025-11-03 18:40:00
80.0,5.0,7.0,,,,,1010.3,,,,,,,2025-11-03 18:50:00
80.0,5.0,7.0,2.9,15.0,8.2,300.0,1010.1,,,,,-0.6,,2025-11-03 19:00:00
70.0,5.0,6.0,,,,,1009.9,,,,,,,2025-11-03 19:10:00
80.0,5.0,6.0,3.0,,8.5,297.0,1009.6,,,,,,,2025-11-03 19:20:00
80.0,5.0,6.0,3.0,14.0,8.5,297.0,1009.5,,,,,,,2025-11-03 19:30:00
80.0,5.0,6.0,,,,,1009.3,,,,,,,2025-11-03 19:40:00
70.0,4.0,6.0,,,,,1009.2,,,,,,,2025-11-03 19:50:00
80.0,4.0,5.0,3.7,15.0,9.8,300.0,1009.1,,,,,-1.3,,2025-11-03 20:00:00
80.0,4.0,5.0,,,,,1009.0,,,,,,,2025-11-03 20:10:00
100.0,4.0,6.0,3.3,,9.4,297.0,1009.1,,,,,,,2025-11-03 20:20:00
110.0,3.0,5.0,3.3,14.0,9.4,297.0,1009.0,,,,,,,2025-11-03 20:30:00
120.0,3.0,5.0,3.6,,10.1,292.0,1008.8,,,,,,,2025-11-03 20:40:00
130.0,4.0,5.0,,,,,1008.7,,,,,,,2025-11-03 20:50:00
140.0,3.0,5.0,3.6,14.0,10.1,292.0,1008.6,,,,,-1.7,,2025-11-03 21:00:00
150.0,3.0,5.0,,,,,1008.6,,,,,,,2025-11-03 21:10:00
180.0,3.0,5.0,3.9,,10.2,297.0,1008.6,,,,,,,2025-11-03 21:20:00
190.0,2.0,3.0,3.9,14.0,10.2,297.0,1008.5,,,,,,,2025-11-03 21:30:00
180.0,2.0,4.0,,,,,1008.5,,,,,,,2025-11-03 21:40:00
190.0,3.0,4.0,3.7,,10.3,299.0,1008.5,,,,,,,2025-11-03 21:50:00
180.0,2.0,4.0,3.7,14.0,10.3,299.0,1008.3,,,,,-1.8,,2025-11-03 22:00:00
180.0,3.0,4.0,,,,,1008.2,,,,,,,2025-11-03 22:10:00
190.0,3.0,4.0,3.4,,10.0,299.0,1008.2,,,,,,,2025-11-03 22:20:00
200.0,3.0,4.0,3.4,14.0,10.0,299.0,1008.1,,,,,,,2025-11-03 22:30:00
210.0,3.0,3.0,,,,,1008.0,,,,,,,2025-11-03 22:40:00
200.0,2.0,3.0,,,,,1008.1,,13.2,,,,,2025-11-03 22:50:00
220.0,3.0,4.0,3.7,14.0,10.2,284.0,1008.1,,13.2,,,-1.0,,2025-11-03 23:00:00
230.0,3.0,4.0,,,,,1008.1,,13.2,,,,,2025-11-03 23:10:00
,,,4.1,13.0,,,,,,,,,,2025-11-03 23:18:00
200.0,2.0,3.0,4.1,,10.7,294.0,1008.0,,13.2,,,,,2025-11-03 23:20:00
200.0,2.0,3.0,,,,,1008.1,,13.2,,,,,2025-11-03 23:40:00
230.0,2.0,3.0,,,,,1008.1,,13.2,,,,,2025-11-03 23:50:00
210.0,2.0,3.0,,,,,1008.0,,13.2,,,-0.6,,2025-11-04 00:00:00
210.0,3.0,4.0,3.5,,10.4,295.0,1008.0,,13.2,,,,,2025-11-04 00:10:00
210.0,2.0,3.0,3.5,13.0,10.4,295.0,1008.1,,13.2,,,,,2025-11-04 00:20:00
220.0,2.0,3.0,,,,,1008.0,,13.2,,,,,2025-11-04 00:30:00
220.0,2.0,3.0,3.8,,10.4,294.0,1008.1,,13.2,,,,,2025-11-04 00:40:00
230.0,2.0,4.0,3.8,12.0,10.4,294.0,1008.1,,13.2,,,,,2025-11-04 00:50:00
240.0,2.0,4.0,,,,,1008.0,,13.2,,,-0.3,,2025-11-04 01:00:00
250.0,2.0,3.0,3.4,,10.0,296.0,1008.1,,13.2,,,,,2025-11-04 01:10:00
250.0,1.0,3.0,3.4,11.0,10.0,296.0,1008.0,,13.2,,,,,2025-11-04 01:20:00
260.0,1.0,3.0,,,,,1008.1,,13.2,,,,,2025-11-04 01:30:00
240.0,1.0,2.0,,,,,1008.1,,13.2,,,,,2025-11-04 01:40:00
240.0,1.0,3.0,3.5,13.0,9.9,290.0,1008.1,,13.2,,,,,2025-11-04 01:50:00
220.0,2.0,3.0,,,,,1008.2,,13.2,,,0.0,,2025-11-04 02:00:00
230.0,1.0,2.0,3.9,,10.3,298.0,1008.3,,13.1,,,,,2025-11-04 02:10:00
240.0,1.0,3.0,3.9,14.0,10.3,298.0,1008.3,,13.1,,,,,2025-11-04 02:20:00
,0.0,2.0,,,,,1008.3,,13.1,,,,,2025-11-04 02:30:00
,0.0,2.0,3.0,,9.3,294.0,1008.3,,13.1,,,,,2025-11-04 02:40:00
,0.0,2.0,3.0,11.0,9.3,294.0,1008.3,,13.1,,,,,2025-11-04 02:50:00
240.0,1.0,2.0,,,,,1008.4,,13.1,,,0.4,,2025-11-04 03:00:00
,0.0,2.0,3.8,,10.2,293.0,1008.4,,13.1,,,,,2025-11-04 03:10:00
,0.0,2.0,3.8,14.0,10.2,293.0,1008.6,,13.1,,,,,2025-11-04 03:20:00
,0.0,1.0,,,,,1008.5,,13.1,,,,,2025-11-04 03:30:00
230.0,1.0,2.0,,,,,1008.4,,13.1,,,,,2025-11-04 03:40:00
,0.0,2.0,3.3,14.0,10.1,292.0,1008.4,,13.1,,,,,2025-11-04 03:50:00
,0.0,1.0,,,,,1008.4,,13.1,,,0.4,,2025-11-04 04:00:00
,0.0,1.0,2.9,,9.4,294.0,1008.3,,13.1,,,,,2025-11-04 04:10:00
,0.0,2.0,2.9,14.0,9.4,294.0,1008.2,,13.1,,,,,2025-11-04 04:20:00
,0.0,1.0,,,,,1008.3,,13.1,,,,,2025-11-04 04:30:00
330.0,1.0,2.0,,,,,1008.4,,13.1,,,,,2025-11-04 04:40:00
360.0,1.0,2.0,3.2,13.0,9.5,299.0,1008.3,,13.1,,,,,2025-11-04 04:50:00
10.0,1.0,2.0,,,,,1008.3,,13.1,,,0.0,,2025-11-04 05:00:00
20.0,1.0,2.0,3.2,,9.8,288.0,1008.5,,13.1,,,,,2025-11-04 05:10:00
,0.0,2.0,3.2,12.0,9.8,288.0,1008.7,,13.1,,,,,2025-11-04 05:20:00
,0.0,1.0,,,,,1008.8,,13.1,,,,,2025-11-04 05:30:00
,0.0,1.0,,,,,1008.9,,13.1,,,,,2025-11-04 05:40:00
,0.0,1.0,3.1,14.0,9.4,298.0,1008.9,,13.1,,,,,2025-11-04 05:50:00
,0.0,1.0,,,,,1009.1,,13.1,,,0.7,,2025-11-04 06:00:00
,0.0,1.0,3.1,,9.3,298.0,1009.1,,13.1,,,,,2025-11-04 06:10:00
,0.0,2.0,3.1,12.0,9.3,298.0,1009.2,,13.1,,,,,2025-11-04 06:20:00
,0.0,1.0,,,,,1009.3,,13.1,,,,,2025-11-04 06:30:00
,0.0,2.0,,,,,1009.4,,13.1,,,,,2025-11-04 06:40:00
140.0,1.0,2.0,2.8,14.0,9.4,287.0,1009.6,,13.1,,,,,2025-11-04 06:50:00
170.0,1.0,2.0,,,,,1009.9,,,,,1.5,,2025-11-04 07:00:00
180.0,1.0,3.0,2.7,,9.0,289.0,1010.0,,13.1,,,,,2025-11-04 07:10:00
180.0,2.0,3.0,2.7,14.0,9.0,289.0,1010.1,,13.1,,,,,2025-11-04 07:20:00
190.0,3.0,4.0,,,,,1010.2,,13.1,,,,,2025-11-04 07:30:00
190.0,3.0,4.0,2.9,,9.3,288.0,1010.2,,13.1,,,,,2025-11-04 07:40:00
180.0,3.0,4.0,2.9,15.0,9.3,288.0,1010.4,,13.1,,,,,2025-11-04 07:50:00
180.0,3.0,4.0,,,,,1010.3,,13.1,,,2.0,,2025-11-04 08:00:00
180.0,3.0,4.0,,,,,1010.4,,13.1,,,,,2025-11-04 08:10:00
170.0,3.0,5.0,2.5,14.0,8.7,296.0,1010.5,,13.1,,,,,2025-11-04 08:20:00
180.0,4.0,5.0,,,,,1010.5,,13.1,,,,,2025-11-04 08:30:00
180.0,4.0,6.0,2.7,,8.8,288.0,1010.5,,13.1,,,,,2025-11-04 08:40:00
190.0,4.0,6.0,2.7,13.0,8.8,288.0,1010.5,,13.1,,,,,2025-11-04 08:50:00
190.0,4.0,6.0,,,,,1010.4,,13.1,,,1.3,,2025-11-04 09:00:00
180.0,4.0,5.0,2.8,,9.1,291.0,1010.4,,13.1,,,,,2025-11-04 09:10:00
180.0,4.0,6.0,2.8,13.0,9.1,291.0,1010.4,,13.1,,,,,2025-11-04 09:20:00
180.0,5.0,6.0,,,,,1010.6,,13.1,,,,,2025-11-04 09:30:00
180.0,5.0,6.0,,,,,1010.7,,13.1,,,,,2025-11-04 09:40:00
180.0,5.0,6.0,2.8,14.0,9.1,297.0,1010.9,,13.1,,,,,2025-11-04 09:50:00
190.0,5.0,6.0,,,,,1011.0,,13.1,,,1.1,,2025-11-04 10:00:00
190.0,5.0,6.0,,,,,1010.9,,13.1,,,,,2025-11-04 10:10:00
190.0,5.0,7.0,2.8,14.0,8.9,281.0,1011.0,,13.1,,,,,2025-11-04 10:20:00
190.0,5.0,6.0,,,,,1011.1,,13.1,,,,,2025-11-04 10:30:00
190.0,5.0,6.0,2.8,,9.2,293.0,1011.1,,13.1,,,,,2025-11-04 10:40:00
180.0,5.0,6.0,2.8,13.0,9.2,293.0,1011.1,,13.1,,,,,2025-11-04 10:50:00
180.0,5.0,6.0,,,,,1011.2,,13.1,,,0.9,,2025-11-04 11:00:00
190.0,5.0,7.0,,,,,1011.2,,13.1,,,,,2025-11-04 11:10:00
190.0,5.0,7.0,2.5,14.0,8.8,284.0,1011.2,,13.1,,,,,2025-11-04 11:20:00
190.0,6.0,7.0,,,,,1011.3,,13.1,,,,,2025-11-04 11:30:00
190.0,6.0,8.0,2.5,,9.0,288.0,1011.3,,13.1,,,,,2025-11-04 11:40:00
190.0,6.0,8.0,2.5,13.0,9.0,288.0,1011.3,,13.1,,,,,2025-11-04 11:50:00
190.0,6.0,7.0,,,,,1011.3,,13.1,,,0.9,,2025-11-04 12:00:00
190.0,6.0,8.0,2.3,,8.6,289.0,1011.3,,13.1,,,,,2025-11-04 12:10:00
190.0,7.0,8.0,2.3,14.0,8.6,289.0,1011.3,,13.1,,,,,2025-11-04 12:20:00
190.0,7.0,8.0,,,,,1011.4,,13.1,,,,,2025-11-04 12:30:00
180.0,7.0,8.0,2.7,,9.1,292.0,1011.4,,13.1,,,,,2025-11-04 12:40:00
180.0,7.0,9.0,2.7,13.0,9.1,292.0,1011.4,,13.0,,,,,2025-11-04 12:50:00
180.0,7.0,8.0,,,,,1011.2,,13.0,,,0.0,,2025-11-04 13:00:00
180.0,6.0,8.0,2.4,,8.6,285.0,1011.2,,13.0,,,,,2025-11-04 13:10:00
170.0,7.0,8.0,2.4,13.0,8.6,285.0,1011.2,,13.0,,,,,2025-11-04 13:20:00
170.0,7.0,8.0,,,,,1011.1,,13.0,,,,,2025-11-04 13:30:00
170.0,7.0,9.0,2.6,,8.6,295.0,1011.0,,13.0,,,,,2025-11-04 13:40:00
160.0,7.0,9.0,2.6,13.0,8.6,295.0,1010.9,,13.0,,,,,2025-11-04 13:50:00
170.0,7.0,9.0,,,,,1010.8,,13.0,,,-0.4,,2025-11-04 14:00:00
160.0,7.0,9.0,2.6,,8.1,288.0,1010.7,,13.0,,,,,2025-11-04 14:10:00
160.0,7.0,9.0,2.6,13.0,8.1,288.0,1010.6,,13.0,,,,,2025-11-04 14:20:00
160.0,8.0,9.0,,,,,1010.7,,13.0,,,,,2025-11-04 14:30:00
160.0,8.0,9.0,,,,,1010.7,,13.0,,,,,2025-11-04 14:40:00
160.0,8.0,9.0,2.4,12.0,7.9,291.0,1010.6,,13.1,,,,,2025-11-04 14:50:00
160.0,8.0,10.0,,,,,1010.5,,13.1,,,-0.8,,2025-11-04 15:00:00
160.0,8.0,10.0,2.9,,8.5,290.0,1010.5,,13.1,,,,,2025-11-04 15:10:00
160.0,8.0,10.0,2.9,12.0,8.5,290.0,1010.5,,13.1,,,,,2025-11-04 15:20:00
160.0,8.0,11.0,,,,,1010.6,,13.1,,,,,2025-11-04 15:30:00
150.0,8.0,10.0,2.9,,8.4,292.0,1010.5,,13.1,,,,,2025-11-04 15:40:00
150.0,8.0,9.0,2.9,12.0,8.4,292.0,1010.4,,13.1,,,,,2025-11-04 15:50:00
150.0,8.0,10.0,,,,,1010.3,,13.1,,,-0.9,,2025-11-04 16:00:00
150.0,8.0,10.0,2.8,,7.9,240.0,1010.3,,13.1,,,,,2025-11-04 16:10:00
150.0,8.0,10.0,2.8,10.0,7.9,240.0,1010.3,,13.1,,,,,2025-11-04 16:20:00
140.0,8.0,11.0,,,,,1010.3,,13.1,,,,,2025-11-04 16:30:00
140.0,9.0,11.0,,,,,1010.3,,13.1,,,,,2025-11-04 16:40:00
140.0,9.0,12.0,3.0,12.0,8.1,289.0,1010.5,,13.1,,,,,2025-11-04 16:50:00
150.0,8.0,11.0,,,,,1010.5,,13.1,,,-0.3,,2025-11-04 17:00:00
150.0,8.0,11.0,2.9,,7.7,305.0,1010.6,,13.1,,,,,2025-11-04 17:10:00
150.0,9.0,11.0,2.9,12.0,7.7,305.0,1010.5,,13.1,,,,,2025-11-04 17:20:00
150.0,9.0,11.0,,,,,1010.4,,13.1,,,,,2025-11-04 17:30:00
140.0,9.0,11.0,,,,,1010.3,,13.0,,,,,2025-11-04 17:40:00
140.0,9.0,12.0,2.7,9.0,7.4,205.0,1010.0,,13.0,,,,,2025-11-04 17:50:00
140.0,9.0,12.0,,,,,1009.9,,13.0,,,-0.6,,2025-11-04 18:00:00
140.0,9.0,11.0,3.2,,7.9,284.0,1009.8,,13.0,,,,,2025-11-04 18:10:00
140.0,9.0,12.0,3.2,11.0,7.9,284.0,1009.6,,13.0,,,,,2025-11-04 18:20:00
140.0,9.0,11.0,,,,,1009.6,,13.0,,,,,2025-11-04 18:30:00
130.0,10.0,12.0,,,,,1009.4,,13.0,,,,,2025-11-04 18:40:00
140.0,10.0,13.0,3.0,12.0,7.6,277.0,1009.2,,13.0,,,,,2025-11-04 18:50:00
130.0,9.0,12.0,,,,,1008.9,,13.0,,,-1.4,,2025-11-04 19:00:00
130.0,9.0,12.0,2.9,,7.3,281.0,1008.8,,13.0,,,,,2025-11-04 19:10:00
130.0,10.0,12.0,2.9,12.0,7.3,281.0,1008.7,,13.0,,,,,2025-11-04 19:20:00
130.0,10.0,12.0,,,,,1008.6,,13.0,,,,,2025-11-04 19:30:00
130.0,10.0,13.0,,,,,1008.3,,13.0,,,,,2025-11-04 19:40:00
130.0,10.0,12.0,2.9,9.0,7.2,213.0,1008.1,,13.0,,,,,2025-11-04 19:50:00
130.0,10.0,12.0,,,,,1008.2,,13.0,,,-2.3,,2025-11-04 20:00:00
130.0,10.0,12.0,2.6,,6.8,286.0,1007.8,,13.0,,,,,2025-11-04 20:10:00
130.0,10.0,12.0,2.6,11.0,6.8,286.0,1007.6,,13.0,,,,,2025-11-04 20:20:00
130.0,10.0,12.0,,,,,1007.3,,13.0,,,,,2025-11-04 20:30:00
130.0,10.0,13.0,,,,,1007.1,,13.0,,,,,2025-11-04 20:40:00
130.0,10.0,12.0,2.4,8.0,6.3,206.0,1006.9,,13.0,,,,,2025-11-04 20:50:00
130.0,10.0,14.0,,,,,1006.7,,13.0,,,-3.2,,2025-11-04 21:00:00
140.0,10.0,13.0,2.4,,6.4,216.0,1006.8,,13.0,,,,,2025-11-04 21:10:00
140.0,10.0,12.0,2.4,8.0,6.4,216.0,1006.6,,13.0,,,,,2025-11-04 21:20:00
140.0,10.0,13.0,,,,,1006.4,,13.0,,,,,2025-11-04 21:30:00
130.0,10.0,12.0,,,,,1006.1,,13.0,,,,,2025-11-04 21:40:00
140.0,10.0,12.0,2.5,13.0,6.2,278.0,1006.0,,13.0,,,,,2025-11-04 21:50:00
140.0,9.0,12.0,,,,,1005.8,,13.0,,,-3.1,,2025-11-04 22:00:00
130.0,10.0,12.0,2.4,,6.3,211.0,1005.8,,13.0,,,,,2025-11-04 22:10:00
130.0,10.0,13.0,2.4,8.0,6.3,211.0,1005.5,,13.0,,,,,2025-11-04 22:20:00
140.0,9.0,11.0,,,,,1005.3,,13.0,,,,,2025-11-04 22:30:00
130.0,9.0,11.0,2.4,,6.2,236.0,1004.8,,13.0,,,,,2025-11-04 22:40:00
120.0,9.0,11.0,2.4,14.0,6.2,236.0,1004.4,,13.0,,,,,2025-11-04 22:50:00
130.0,10.0,13.0,,,,,1004.4,,13.0,,,-3.8,,2025-11-04 23:00:00
140.0,10.0,13.0,2.3,,6.2,243.0,1004.2,,13.0,,,,,2025-11-04 23:10:00
130.0,9.0,13.0,2.2,,6.0,226.0,1003.4,,13.0,,,,,2025-11-04 23:40:00
130.0,10.0,12.0,2.2,14.0,6.0,226.0,1003.3,,13.0,,,,,2025-11-04 23:50:00
140.0,10.0,13.0,,,,,1003.3,,13.0,,,-3.4,,2025-11-05 00:00:00
140.0,11.0,14.0,2.2,,6.0,263.0,1003.2,,13.0,,,,,2025-11-05 00:10:00
140.0,12.0,15.0,2.2,13.0,6.0,263.0,1002.8,,13.0,,,,,2025-11-05 00:20:00
140.0,11.0,14.0,,,,,1002.1,,13.0,,,,,2025-11-05 00:30:00
130.0,11.0,13.0,2.1,,5.9,252.0,1001.4,,13.0,,,,,2025-11-05 00:40:00
130.0,11.0,13.0,2.1,13.0,5.9,252.0,1000.8,,13.0,,,,,2025-11-05 00:50:00
130.0,10.0,13.0,,,,,1000.6,,13.0,,,-5.2,,2025-11-05 01:00:00
120.0,10.0,12.0,2.3,,5.8,173.0,1000.3,,13.0,,,,,2025-11-05 01:10:00
120.0,10.0,12.0,2.3,6.0,5.8,173.0,1000.4,,13.0,,,,,2025-11-05 01:20:00
120.0,12.0,15.0,,,,,1000.7,,13.0,,,,,2025-11-05 01:30:00
130.0,13.0,16.0,,,,,1000.6,,13.0,,,,,2025-11-05 01:40:00
130.0,13.0,16.0,2.1,8.0,5.6,209.0,1000.3,,13.0,,,,,2025-11-05 01:50:00
130.0,13.0,17.0,,,,,999.7,,13.0,,,-4.7,,2025-11-05 02:00:00
130.0,13.0,15.0,2.3,,5.7,233.0,999.8,,13.0,,,,,2025-11-05 02:10:00
130.0,13.0,16.0,2.3,14.0,5.7,233.0,999.5,,13.0,,,,,2025-11-05 02:20:00
130.0,13.0,17.0,,,,,999.2,,13.0,,,,,2025-11-05 02:30:00
130.0,14.0,19.0,,,,,998.9,,13.0,,,,,2025-11-05 02:40:00
130.0,14.0,17.0,2.5,6.0,5.8,162.0,998.5,,13.0,,,,,2025-11-05 02:50:00
130.0,15.0,19.0,,,,,998.1,,13.0,,,-5.2,,2025-11-05 03:00:00
130.0,16.0,20.0,2.6,,5.6,168.0,998.1,,13.0,,,,,2025-11-05 03:10:00
130.0,16.0,20.0,2.6,6.0,5.6,168.0,998.1,,13.0,,,,,2025-11-05 03:20:00
130.0,14.0,18.0,,,,,998.0,,13.0,,,,,2025-11-05 03:30:00
140.0,14.0,17.0,2.8,,5.7,178.0,997.5,,13.0,,,,,2025-11-05 03:40:00
150.0,14.0,19.0,2.8,7.0,5.7,178.0,996.7,,13.0,,,,,2025-11-05 03:50:00
160.0,16.0,22.0,,,,,996.3,,13.0,,,-4.3,,2025-11-05 04:00:00
150.0,15.0,20.0,3.2,,5.9,161.0,996.4,,13.0,,,,,2025-11-05 04:10:00
130.0,15.0,18.0,3.2,7.0,5.9,161.0,996.1,,13.0,,,,,2025-11-05 04:20:00
130.0,14.0,18.0,,,,,995.9,,13.0,,,,,2025-11-05 04:30:00
130.0,14.0,18.0,3.1,,5.9,181.0,995.8,,13.0,,,,,2025-11-05 04:40:00
120.0,15.0,18.0,3.1,8.0,5.9,181.0,995.4,,13.0,,,,,2025-11-05 04:50:00
120.0,14.0,19.0,,,,,995.1,,13.0,,,-4.6,,2025-11-05 05:00:00
120.0,15.0,18.0,3.4,,6.2,177.0,994.8,,13.0,,,,,2025-11-05 05:10:00
120.0,15.0,20.0,3.4,8.0,6.2,177.0,994.7,,13.0,,,,,2025-11-05 05:20:00
130.0,15.0,19.0,,,,,994.6,,13.0,,,,,2025-11-05 05:30:00
130.0,16.0,21.0,3.7,,6.3,180.0,994.3,,13.0,,,,,2025-11-05 05:40:00
130.0,16.0,19.0,3.7,8.0,6.3,180.0,994.2,,13.0,,,,,2025-11-05 05:50:00
130.0,16.0,20.0,,,,,993.9,,13.0,,,-4.2,,2025-11-05 06:00:00
,,,3.6,8.0,,,,,13.0,,,,,2025-11-05 06:10:00
140.0,16.0,21.0,3.6,,6.3,182.0,993.4,,,,,,,2025-11-05 06:20:00
140.0,16.0,20.0,,,,,993.0,,13.0,,,,,2025-11-05 06:30:00
150.0,16.0,20.0,3.7,,6.3,179.0,992.8,,13.0,,,,,2025-11-05 06:40:00
140.0,15.0,19.0,3.7,8.0,6.3,179.0,992.3,,13.0,,,,,2025-11-05 06:50:00
150.0,16.0,19.0,,,,,992.2,,12.9,,,-4.1,,2025-11-05 07:00:00
150.0,16.0,21.0,3.7,,6.3,188.0,992.3,,12.9,,,,,2025-11-05 07:10:00
150.0,16.0,21.0,3.7,8.0,6.3,188.0,992.3,,12.9,,,,,2025-11-05 07:20:00
160.0,17.0,21.0,,,,,992.3,,12.9,,,,,2025-11-05 07:30:00
,,,4.3,8.0,,,,,12.9,,,,,2025-11-05 07:40:00
160.0,17.0,21.0,4.3,,6.6,163.0,992.2,,,,,,,2025-11-05 07:50:00
170.0,17.0,22.0,,,,,992.3,,12.9,,,-2.8,,2025-11-05 08:00:00
160.0,17.0,22.0,,,,,992.3,,12.9,,,,,2025-11-05 08:10:00
170.0,17.0,22.0,4.7,9.0,7.0,184.0,992.2,,12.9,,,,,2025-11-05 08:20:00
170.0,16.0,20.0,,,,,992.1,,12.9,,,,,2025-11-05 08:30:00
170.0,16.0,20.0,,,,,991.7,,12.9,,,,,2025-11-05 08:40:00
170.0,17.0,21.0,4.6,8.0,6.9,182.0,991.6,,12.9,,,,,2025-11-05 08:50:00
160.0,17.0,21.0,,,,,991.6,,12.9,,,-2.3,,2025-11-05 09:00:00
160.0,16.0,20.0,5.0,,7.2,189.0,991.6,,12.9,,,,,2025-11-05 09:10:00
170.0,14.0,18.0,5.0,9.0,7.2,189.0,991.7,,12.9,,,,,2025-11-05 09:20:00
170.0,14.0,19.0,,,,,991.4,,12.9,,,,,2025-11-05 09:30:00
170.0,14.0,17.0,,,,,991.7,,12.9,,,,,2025-11-05 09:40:00
170.0,14.0,18.0,5.2,10.0,7.4,181.0,991.5,,12.9,,,,,2025-11-05 09:50:00
170.0,14.0,17.0,,,,,991.4,,12.9,,,-0.8,,2025-11-05 10:00:00
170.0,13.0,16.0,5.0,,7.4,182.0,991.5,,12.9,,,,,2025-11-05 10:10:00
180.0,12.0,15.0,5.0,11.0,7.4,182.0,991.5,,12.9,,,,,2025-11-05 10:20:00
180.0,12.0,14.0,,,,,991.5,,12.9,,,,,2025-11-05 10:30:00
180.0,12.0,16.0,4.9,,7.6,183.0,991.4,,12.9,,,,,2025-11-05 10:40:00
180.0,14.0,17.0,4.9,11.0,7.6,183.0,991.7,,12.9,,,,,2025-11-05 10:50:00
180.0,14.0,18.0,,,,,991.5,,12.9,,,-0.8,,2025-11-05 11:00:00
180.0,13.0,17.0,5.0,,7.7,180.0,991.2,,13.0,,,,,2025-11-05 11:10:00
180.0,13.0,16.0,5.0,11.0,7.7,180.0,991.3,,13.0,,,,,2025-11-05 11:20:00
180.0,13.0,16.0,,,,,991.2,,13.0,,,,,2025-11-05 11:30:00
180.0,15.0,19.0,,,,,991.3,,13.0,,,,,2025-11-05 11:40:00
180.0,16.0,21.0,4.5,11.0,7.5,183.0,991.4,,13.0,,,,,2025-11-05 11:50:00
180.0,15.0,21.0,,,,,991.4,,13.0,,,0.0,,2025-11-05 12:00:00
180.0,14.0,18.0,4.8,,7.7,185.0,991.4,,13.0,,,,,2025-11-05 12:10:00
180.0,15.0,18.0,4.8,11.0,7.7,185.0,991.3,,13.0,,,,,2025-11-05 12:20:00
170.0,14.0,17.0,,,,,991.1,,13.0,,,,,2025-11-05 12:30:00
170.0,14.0,18.0,,,,,990.9,,13.0,,,,,2025-11-05 12:40:00
160.0,14.0,18.0,4.7,11.0,7.7,179.0,990.8,,13.0,,,,,2025-11-05 12:50:00
170.0,15.0,20.0,,,,,990.6,,13.0,,,-0.8,,2025-11-05 13:00:00
170.0,14.0,18.0,4.4,,7.6,187.0,990.6,,13.0,,,,,2025-11-05 13:10:00
170.0,14.0,17.0,4.4,12.0,7.6,187.0,990.6,,13.0,,,,,2025-11-05 13:20:00
180.0,14.0,19.0,,,,,990.6,,13.0,,,,,2025-11-05 13:30:00
180.0,15.0,19.0,,,,,990.8,,13.0,,,,,2025-11-05 13:40:00
180.0,15.0,18.0,5.2,11.0,8.0,180.0,990.9,,12.9,,,,,2025-11-05 13:50:00
190.0,13.0,17.0,,,,,990.9,,12.9,,,-0.6,,2025-11-05 14:00:00
200.0,12.0,15.0,5.0,,8.0,182.0,991.0,,12.9,,,,,2025-11-05 14:10:00
200.0,12.0,15.0,5.0,11.0,8.0,182.0,991.3,,12.9,,,,,2025-11-05 14:20:00
200.0,12.0,15.0,,,,,991.4,,12.9,,,,,2025-11-05 14:30:00
190.0,12.0,15.0,,,,,991.7,,12.9,,,,,2025-11-05 14:40:00
190.0,12.0,15.0,5.0,11.0,8.2,174.0,991.8,,12.9,,,,,2025-11-05 14:50:00
190.0,11.0,14.0,,,,,992.0,,12.9,,,,,2025-11-05 15:00:00
190.0,12.0,14.0,,,,,992.2,,12.9,,,,,2025-11-05 15:10:00
190.0,12.0,15.0,5.0,10.0,8.2,186.0,992.4,,12.9,,,,,2025-11-05 15:20:00
190.0,12.0,15.0,,,,,992.4,,12.9,,,,,2025-11-05 15:30:00
190.0,12.0,15.0,,,,,992.4,,12.9,,,,,2025-11-05 15:40:00
180.0,12.0,14.0,5.0,13.0,8.3,204.0,992.6,,12.9,,,,,2025-11-05 15:50:00
180.0,13.0,15.0,,,,,992.7,,12.9,,,2.1,,2025-11-05 16:00:00
180.0,12.0,16.0,4.6,,8.2,199.0,992.6,,12.9,,,,,2025-11-05 16:10:00
180.0,13.0,17.0,4.6,13.0,8.2,199.0,992.5,,12.9,,,,,2025-11-05 16:20:00
180.0,12.0,16.0,,,,,992.6,,12.9,,,,,2025-11-05 16:30:00
180.0,12.0,16.0,,,,,993.0,,12.9,,,,,2025-11-05 16:40:00
180.0,12.0,15.0,4.5,12.0,8.1,193.0,993.3,,12.9,,,,,2025-11-05 16:50:00
180.0,13.0,16.0,,,,,993.5,,12.9,,,2.6,,2025-11-05 17:00:00
180.0,13.0,18.0,5.5,,8.9,195.0,993.6,,12.9,,,,,2025-11-05 17:10:00
180.0,13.0,18.0,5.5,12.0,8.9,195.0,993.8,,12.9,,,,,2025-11-05 17:20:00
180.0,13.0,16.0,,,,,993.8,,12.9,,,,,2025-11-05 17:30:00
180.0,12.0,16.0,,,,,993.9,,12.9,,,,,2025-11-05 17:40:00
180.0,12.0,14.0,4.9,11.0,8.2,194.0,994.0,,12.9,,,,,2025-11-05 17:50:00
180.0,12.0,14.0,,,,,994.1,,12.9,,,2.1,,2025-11-05 18:00:00
180.0,12.0,16.0,5.0,,8.5,191.0,994.3,,12.9,,,,,2025-11-05 18:10:00
180.0,12.0,15.0,5.0,11.0,8.5,191.0,994.3,,,,,,,2025-11-05 18:20:00
180.0,12.0,16.0,,,,,994.4,,12.8,,,,,2025-11-05 18:30:00
,,,5.4,11.0,,,,,12.8,,,,,2025-11-05 18:40:00
200.0,16.0,21.0,5.4,,8.8,197.0,995.0,,,,,,,2025-11-05 18:50:00
200.0,15.0,21.0,,,,,995.3,,12.8,,,2.6,,2025-11-05 19:00:00
200.0,15.0,19.0,5.1,,7.9,189.0,995.3,,12.9,,,,,2025-11-05 19:10:00
190.0,13.0,17.0,5.1,11.0,7.9,189.0,995.1,,12.9,,,,,2025-11-05 19:20:00
180.0,12.0,16.0,,,,,995.3,,12.9,,,,,2025-11-05 19:30:00
180.0,12.0,16.0,,,,,995.3,,12.9,,,,,2025-11-05 19:40:00
180.0,12.0,15.0,5.2,11.0,8.1,192.0,995.3,,12.9,,,,,2025-11-05 19:50:00
190.0,12.0,16.0,,,,,995.3,,12.9,,,1.8,,2025-11-05 20:00:00
190.0,13.0,16.0,5.3,,8.5,193.0,995.2,,12.9,,,,,2025-11-05 20:10:00
190.0,12.0,17.0,5.3,11.0,8.5,193.0,995.5,,12.9,,,,,2025-11-05 20:20:00
200.0,13.0,16.0,,,,,995.6,,12.9,,,,,2025-11-05 20:30:00
200.0,13.0,17.0,,,,,995.7,,12.9,,,,,2025-11-05 20:40:00
200.0,13.0,17.0,4.7,11.0,8.1,192.0,995.8,,12.9,,,,,2025-11-05 20:50:00
200.0,14.0,17.0,,,,,996.0,,13.0,,,1.9,,2025-11-05 21:00:00
200.0,13.0,17.0,4.9,,8.0,189.0,996.1,,13.0,,,,,2025-11-05 21:10:00
200.0,12.0,14.0,4.9,11.0,8.0,189.0,996.4,,13.0,,,,,2025-11-05 21:20:00
190.0,12.0,15.0,,,,,996.5,,13.0,,,,,2025-11-05 21:30:00
190.0,12.0,14.0,,,,,996.7,,13.0,,,,,2025-11-05 21:40:00
200.0,11.0,15.0,4.4,12.0,7.6,199.0,996.7,,13.0,,,,,2025-11-05 21:50:00
200.0,12.0,14.0,,,,,996.7,,13.0,,,1.4,,2025-11-05 22:00:00
200.0,13.0,18.0,5.2,,8.4,198.0,996.7,,13.0,,,,,2025-11-05 22:10:00
210.0,13.0,17.0,5.2,11.0,8.4,198.0,996.9,,13.0,,,,,2025-11-05 22:20:00
200.0,12.0,14.0,,,,,997.1,,13.0,,,,,2025-11-05 22:30:00
200.0,11.0,14.0,4.8,,7.8,201.0,997.3,,13.0,,,,,2025-11-05 22:40:00
200.0,11.0,14.0,4.8,12.0,7.8,201.0,997.4,,13.0,,,,,2025-11-05 22:50:00
200.0,11.0,15.0,,,,,997.6,,13.0,,,2.3,,2025-11-05 23:00:00
200.0,12.0,16.0,4.6,,7.7,202.0,997.7,,13.0,,,,,2025-11-05 23:10:00
200.0,12.0,15.0,4.6,11.0,7.7,202.0,997.9,,13.0,,,,,2025-11-05 23:20:00
210.0,12.0,14.0,4.6,,7.7,208.0,998.4,,13.0,,,,,2025-11-05 23:40:00
210.0,11.0,13.0,4.6,11.0,7.7,208.0,998.5,,13.0,,,,,2025-11-05 23:50:00
210.0,12.0,15.0,,,,,998.6,,13.0,,,2.6,,2025-11-06 00:00:00
210.0,14.0,19.0,4.5,,7.6,211.0,998.9,,13.0,,,,,2025-11-06 00:10:00
210.0,13.0,16.0,4.5,11.0,7.6,211.0,998.9,,13.0,,,,,2025-11-06 00:20:00
210.0,12.0,14.0,,,,,999.1,,13.0,,,,,2025-11-06 00:30:00
210.0,12.0,15.0,,,,,999.4,,13.0,,,,,2025-11-06 00:40:00
210.0,11.0,14.0,4.7,11.0,7.8,200.0,999.7,,13.0,,,,,2025-11-06 00:50:00
210.0,11.0,14.0,,,,,999.8,,13.0,,,3.1,,2025-11-06 01:00:00
210.0,12.0,15.0,4.9,,7.9,208.0,999.9,,13.0,,,,,2025-11-06 01:10:00
210.0,13.0,16.0,4.9,11.0,7.9,208.0,1000.3,,13.0,,,,,2025-11-06 01:20:00
220.0,12.0,15.0,,,,,1000.5,,13.0,,,,,2025-11-06 01:30:00
220.0,13.0,18.0,,,,,1000.7,,12.9,,,,,2025-11-06 01:40:00
210.0,12.0,15.0,4.6,11.0,7.8,204.0,1001.0,,12.9,,,,,2025-11-06 01:50:00
210.0,12.0,14.0,,,,,1001.2,,12.9,,,3.6,,2025-11-06 02:00:00
210.0,12.0,15.0,4.6,,7.7,199.0,1001.5,,,,,,,2025-11-06 02:10:00
220.0,12.0,15.0,4.6,11.0,7.7,199.0,1001.8,,12.9,,,,,2025-11-06 02:20:00
220.0,12.0,16.0,,,,,1002.1,,12.9,,,,,2025-11-06 02:30:00
210.0,12.0,15.0,,,,,1002.3,,12.9,,,,,2025-11-06 02:40:00
220.0,11.0,14.0,4.7,11.0,7.7,204.0,1002.6,,12.9,,,,,2025-11-06 02:50:00
220.0,12.0,15.0,,,,,1002.7,,12.9,,,4.1,,2025-11-06 03:00:00
220.0,12.0,15.0,4.7,,8.0,213.0,1003.1,,12.9,,,,,2025-11-06 03:10:00
220.0,11.0,14.0,4.7,11.0,8.0,213.0,1003.4,,12.9,,,,,2025-11-06 03:20:00
230.0,12.0,16.0,,,,,1003.6,,12.9,,,,,2025-11-06 03:30:00
230.0,12.0,15.0,,,,,1003.9,,12.9,,,,,2025-11-06 03:40:00
230.0,13.0,16.0,4.8,11.0,8.1,211.0,1004.1,,12.9,,,,,2025-11-06 03:50:00
230.0,13.0,16.0,,,,,1004.6,,12.9,,,4.8,,2025-11-06 04:00:00
230.0,12.0,15.0,4.5,,7.8,217.0,1004.8,,12.9,,,,,2025-11-06 04:10:00
230.0,11.0,15.0,4.5,11.0,7.8,217.0,1005.1,,12.9,,,,,2025-11-06 04:20:00
230.0,11.0,14.0,,,,,1005.5,,12.9,,,,,2025-11-06 04:30:00
220.0,11.0,13.0,,,,,1005.8,,12.9,,,,,2025-11-06 04:40:00
220.0,11.0,14.0,4.3,11.0,7.6,206.0,1006.1,,12.9,,,,,2025-11-06 04:50:00
220.0,11.0,13.0,,,,,1006.3,,12.9,,,5.1,,2025-11-06 05:00:00
230.0,12.0,15.0,,,,,1006.5,,12.9,,,,,2025-11-06 05:10:00
230.0,11.0,14.0,4.6,11.0,7.6,217.0,1006.7,,12.9,,,,,2025-11-06 05:20:00
220.0,11.0,15.0,,,,,1007.0,,12.9,,,,,2025-11-06 05:30:00
220.0,10.0,14.0,,,,,1007.2,,12.9,,,,,2025-11-06 05:40:00
220.0,11.0,14.0,4.3,11.0,7.5,228.0,1007.5,,12.9,,,,,2025-11-06 05:50:00
230.0,11.0,13.0,,,,,1007.8,,12.9,,,5.1,,2025-11-06 06:00:00
220.0,11.0,14.0,4.6,,8.0,210.0,1008.0,,12.9,,,,,2025-11-06 06:10:00
230.0,11.0,13.0,4.6,11.0,8.0,210.0,1008.2,,12.9,,,,,2025-11-06 06:20:00
220.0,9.0,13.0,,,,,1008.4,,12.9,,,,,2025-11-06 06:30:00
210.0,8.0,9.0,4.5,,8.1,224.0,1008.5,,12.9,,,,,2025-11-06 06:40:00
220.0,10.0,12.0,4.5,11.0,8.1,224.0,1008.7,,12.9,,,,,2025-11-06 06:50:00
220.0,10.0,12.0,,,,,1008.9,,12.9,,,4.3,,2025-11-06 07:00:00
220.0,10.0,12.0,4.6,,8.1,224.0,1009.2,,12.9,,,,,2025-11-06 07:10:00
220.0,9.0,12.0,4.6,11.0,8.1,224.0,1009.4,,12.9,,,,,2025-11-06 07:20:00
220.0,9.0,11.0,,,,,1009.5,,12.9,,,,,2025-11-06 07:30:00
210.0,8.0,11.0,4.6,,8.1,220.0,1009.6,,12.9,,,,,2025-11-06 07:40:00
210.0,8.0,10.0,4.6,11.0,8.1,220.0,1009.8,,12.9,,,,,2025-11-06 07:50:00
200.0,8.0,10.0,,,,,1009.8,,12.9,,,3.5,,2025-11-06 08:00:00
200.0,9.0,11.0,,,,,1010.0,,12.9,,,,,2025-11-06 08:10:00
200.0,9.0,11.0,4.8,11.0,8.7,224.0,1010.1,,12.9,,,,,2025-11-06 08:20:00
200.0,9.0,11.0,,,,,1010.2,,12.9,,,,,2025-11-06 08:30:00
210.0,8.0,10.0,4.2,,8.2,232.0,1010.2,,12.9,,,,,2025-11-06 08:40:00
210.0,8.0,11.0,4.2,12.0,8.2,232.0,1010.2,,12.9,,,,,2025-11-06 08:50:00
210.0,10.0,15.0,,,,,1010.3,,12.9,,,2.5,,2025-11-06 09:00:00
210.0,9.0,12.0,4.2,,8.2,235.0,1010.3,,12.9,,,,,2025-11-06 09:10:00
210.0,9.0,12.0,4.2,11.0,8.2,235.0,1010.3,,12.9,,,,,2025-11-06 09:20:00
200.0,9.0,11.0,,,,,1010.3,,13.0,,,,,2025-11-06 09:30:00
200.0,9.0,11.0,,,,,1010.3,,13.0,,,,,2025-11-06 09:40:00
200.0,9.0,11.0,4.7,11.0,8.5,224.0,1010.2,,13.0,,,,,2025-11-06 09:50:00
200.0,9.0,11.0,,,,,1010.3,,13.0,,,1.4,,2025-11-06 10:00:00
200.0,9.0,12.0,4.7,,8.9,207.0,1010.3,,13.0,,,,,2025-11-06 10:10:00
190.0,9.0,11.0,4.7,11.0,8.9,207.0,1010.4,,13.0,,,,,2025-11-06 10:20:00
200.0,9.0,11.0,,,,,1010.3,,13.0,,,,,2025-11-06 10:30:00
200.0,9.0,11.0,4.4,,8.6,233.0,1010.4,,13.0,,,,,2025-11-06 10:40:00
190.0,9.0,12.0,4.4,14.0,8.6,233.0,1010.3,,13.0,,,,,2025-11-06 10:50:00
190.0,10.0,13.0,,,,,1010.1,,13.0,,,0.3,,2025-11-06 11:00:00
200.0,8.0,10.0,4.5,,8.5,217.0,1010.2,,13.0,,,,,2025-11-06 11:10:00
190.0,7.0,9.0,4.5,11.0,8.5,217.0,1010.3,,13.0,,,,,2025-11-06 11:20:00
190.0,6.0,8.0,,,,,1010.1,,13.0,,,,,2025-11-06 11:30:00
,,,4.8,12.0,9.2,233.0,,,,,,,,2025-11-06 11:40:00
190.0,7.0,9.0,4.8,,9.2,233.0,1009.8,,13.0,,,,,2025-11-06 11:50:00
190.0,7.0,9.0,,,,,1009.9,,13.0,,,-0.4,,2025-11-06 12:00:00
190.0,7.0,9.0,4.7,,9.0,229.0,1009.9,,13.0,,,,,2025-11-06 12:10:00
180.0,7.0,9.0,4.7,11.0,9.0,229.0,1009.7,,13.0,,,,,2025-11-06 12:20:00
180.0,7.0,9.0,,,,,1009.4,,13.0,,,,,2025-11-06 12:30:00
170.0,8.0,10.0,,,,,1009.4,,13.0,,,,,2025-11-06 12:40:00
180.0,8.0,10.0,5.1,12.0,9.4,225.0,1009.4,,13.0,,,,,2025-11-06 12:50:00
180.0,8.0,10.0,,,,,1009.2,,13.0,,,-1.1,,2025-11-06 13:00:00
190.0,9.0,10.0,4.8,,8.8,209.0,1009.2,,13.0,,,,,2025-11-06 13:10:00
190.0,9.0,11.0,4.8,11.0,8.8,209.0,1009.3,,13.0,,,,,2025-11-06 13:20:00
190.0,10.0,12.0,,,,,1009.1,,13.0,,,,,2025-11-06 13:30:00
190.0,10.0,12.0,,,,,1009.0,,13.0,,,,,2025-11-06 13:40:00
190.0,10.0,13.0,5.3,11.0,9.4,214.0,1008.8,,13.0,,,,,2025-11-06 13:50:00
190.0,10.0,13.0,,,,,1008.6,,13.0,,,-1.5,,2025-11-06 14:00:00
190.0,10.0,12.0,5.0,,8.8,257.0,1008.4,,13.0,,,,,2025-11-06 14:10:00
190.0,10.0,12.0,5.0,15.0,8.8,257.0,1008.2,,13.0,,,,,2025-11-06 14:20:00
180.0,10.0,11.0,,,,,1008.2,,13.0,,,,,2025-11-06 14:30:00
190.0,10.0,13.0,5.3,,9.4,248.0,1008.0,,13.0,,,,,2025-11-06 14:40:00
190.0,10.0,13.0,5.3,15.0,9.4,248.0,1008.1,,13.0,,,,,2025-11-06 14:50:00
180.0,10.0,12.0,,,,,1007.9,,13.0,,,-2.0,,2025-11-06 15:00:00
180.0,9.0,12.0,5.9,,9.6,241.0,1007.6,,13.0,,,,,2025-11-06 15:10:00
180.0,10.0,13.0,5.9,15.0,9.6,241.0,1007.3,,13.0,,,,,2025-11-06 15:20:00
180.0,11.0,13.0,,,,,1007.2,,13.0,,,,,2025-11-06 15:30:00
180.0,12.0,14.0,,,,,1006.9,,13.0,,,,,2025-11-06 15:40:00
180.0,13.0,16.0,5.5,14.0,9.2,244.0,1006.7,,13.0,,,,,2025-11-06 15:50:00
180.0,14.0,17.0,,,,,1006.7,,13.0,,,-2.5,,2025-11-06 16:00:00
180.0,14.0,18.0,,,,,1006.5,,13.0,,,,,2025-11-06 16:10:00
180.0,14.0,17.0,,,,,1006.5,,13.0,,,,,2025-11-06 16:20:00
180.0,15.0,18.0,,,,,1006.3,,13.0,,,,,2025-11-06 16:30:00
180.0,15.0,19.0,5.9,,9.2,251.0,1006.3,,13.0,,,,,2025-11-06 16:40:00
180.0,15.0,18.0,5.9,15.0,9.2,251.0,1006.1,,13.0,,,,,2025-11-06 16:50:00
180.0,16.0,19.0,,,,,1006.2,,13.0,,,-2.4,,2025-11-06 17:00:00
180.0,16.0,20.0,,,,,1006.2,,13.0,,,,,2025-11-06 17:10:00
180.0,15.0,19.0,,,,,1006.0,,13.0,,,,,2025-11-06 17:20:00
180.0,15.0,18.0,,,,,1006.2,,13.0,,,,,2025-11-06 17:30:00
180.0,15.0,19.0,5.9,,8.5,250.0,1005.9,,13.0,,,,,2025-11-06 17:40:00
180.0,14.0,18.0,5.9,15.0,8.5,250.0,1005.4,,13.0,,,,,2025-11-06 17:50:00
180.0,15.0,19.0,,,,,1005.5,,13.0,,,-2.4,,2025-11-06 18:00:00
180.0,14.0,17.0,,,,,1005.6,,13.0,,,,,2025-11-06 18:10:00
180.0,14.0,18.0,5.6,14.0,8.5,247.0,1005.5,,13.0,,,,,2025-11-06 18:20:00
190.0,13.0,17.0,,,,,1005.4,,13.0,,,,,2025-11-06 18:30:00
190.0,14.0,17.0,,,,,1005.3,,13.0,,,,,2025-11-06 18:40:00
190.0,13.0,17.0,,,,,1005.3,,13.0,,,,,2025-11-06 18:50:00
190.0,14.0,19.0,,,,,1005.3,,13.0,,,-1.4,,2025-11-06 19:00:00
200.0,14.0,19.0,,,,,1005.3,,13.0,,,,,2025-11-06 19:10:00
200.0,13.0,16.0,5.4,12.0,8.3,248.0,1005.1,,13.0,,,,,2025-11-06 19:20:00
190.0,14.0,18.0,,,,,1005.0,,13.0,,,,,2025-11-06 19:30:00
190.0,13.0,17.0,,,,,1005.0,,13.0,,,,,2025-11-06 19:40:00
190.0,13.0,16.0,5.7,14.0,8.4,250.0,1004.9,,13.0,,,,,2025-11-06 19:50:00
200.0,14.0,19.0,,,,,1005.2,,13.0,,,-1.0,,2025-11-06 20:00:00
210.0,13.0,18.0,6.0,,8.9,252.0,1005.1,,13.0,,,,,2025-11-06 20:10:00
210.0,12.0,15.0,6.0,14.0,8.9,252.0,1005.2,,13.0,,,,,2025-11-06 20:20:00
200.0,11.0,14.0,,,,,1005.1,,13.0,,,,,2025-11-06 20:30:00
200.0,11.0,14.0,5.4,,8.5,258.0,1005.0,,12.9,,,,,2025-11-06 20:40:00
220.0,13.0,19.0,5.4,15.0,8.5,258.0,1005.3,,12.9,,,,,2025-11-06 20:50:00
220.0,10.0,13.0,,,,,1004.9,,12.9,,,-0.6,,2025-11-06 21:00:00
220.0,9.0,11.0,5.2,,8.6,258.0,1004.9,,12.9,,,,,2025-11-06 21:10:00
220.0,9.0,10.0,5.2,15.0,8.6,258.0,1004.9,,12.9,,,,,2025-11-06 21:20:00
220.0,9.0,11.0,,,,,1004.9,,12.9,,,,,2025-11-06 21:30:00
220.0,9.0,11.0,5.9,,9.2,263.0,1005.0,,12.9,,,,,2025-11-06 21:40:00
210.0,9.0,11.0,5.9,14.0,9.2,263.0,1004.9,,12.9,,,,,2025-11-06 21:50:00
220.0,10.0,12.0,,,,,1005.1,,12.9,,,0.0,,2025-11-06 22:00:00
220.0,10.0,13.0,5.5,,9.0,261.0,1005.2,,12.9,,,,,2025-11-06 22:10:00
220.0,10.0,13.0,5.5,15.0,9.0,261.0,1005.3,,13.0,,,,,2025-11-06 22:20:00
220.0,11.0,14.0,,,,,1005.4,,13.0,,,,,2025-11-06 22:30:00
240.0,13.0,18.0,,,,,1006.3,,13.0,,,,,2025-11-06 22:40:00
240.0,12.0,15.0,5.2,13.0,8.6,259.0,1006.3,,13.0,,,,,2025-11-06 22:50:00
240.0,11.0,14.0,,,,,1006.4,,13.0,,,1.2,,2025-11-06 23:00:00
240.0,12.0,15.0,5.4,,8.8,268.0,1006.7,,13.0,,,,,2025-11-06 23:10:00
230.0,11.0,14.0,5.4,14.0,8.8,268.0,1006.7,,13.0,,,,,2025-11-06 23:20:00
230.0,11.0,13.0,,,,,1006.9,,13.0,,,,,2025-11-06 23:30:00
230.0,11.0,15.0,5.1,,8.6,267.0,1007.0,,13.0,,,,,2025-11-06 23:40:00
230.0,11.0,14.0,5.1,13.0,8.6,267.0,1007.1,,13.0,,,,,2025-11-06 23:50:00
230.0,11.0,14.0,,,,,1007.3,,13.0,,,2.4,,2025-11-07 00:00:00
230.0,11.0,14.0,5.2,,8.8,272.0,1007.5,,13.0,,,,,2025-11-07 00:10:00
230.0,11.0,14.0,5.2,15.0,8.8,272.0,1007.7,,13.0,,,,,2025-11-07 00:20:00
240.0,11.0,13.0,,,,,1007.8,,13.0,,,,,2025-11-07 00:30:00
250.0,12.0,15.0,5.4,,8.8,263.0,1007.9,,13.0,,,,,2025-11-07 00:40:00
250.0,12.0,15.0,5.4,14.0,8.8,263.0,1008.2,,13.0,,,,,2025-11-07 00:50:00
250.0,11.0,13.0,,,,,1008.5,,13.0,,,3.4,,2025-11-07 01:00:00
250.0,12.0,15.0,4.8,,8.2,214.0,1008.6,,13.0,,,,,2025-11-07 01:10:00
260.0,11.0,14.0,4.8,10.0,8.2,214.0,1008.8,,13.0,,,,,2025-11-07 01:20:00
250.0,12.0,15.0,,,,,1009.0,,13.0,,,,,2025-11-07 01:30:00
250.0,11.0,14.0,,,,,1009.1,,13.0,,,,,2025-11-07 01:40:00
250.0,10.0,13.0,5.2,14.0,8.8,272.0,1009.3,,13.0,,,,,2025-11-07 01:50:00
250.0,11.0,15.0,,,,,1009.5,,13.0,,,3.1,,2025-11-07 02:00:00
250.0,12.0,14.0,5.3,,8.8,289.0,1009.6,,13.0,,,,,2025-11-07 02:10:00
250.0,12.0,15.0,5.3,14.0,8.8,289.0,1009.7,,13.0,,,,,2025-11-07 02:20:00
250.0,12.0,15.0,,,,,1009.9,,13.0,,,,,2025-11-07 02:30:00
250.0,12.0,15.0,,,,,1010.0,,13.0,,,,,2025-11-07 02:40:00
250.0,12.0,15.0,5.4,13.0,9.0,278.0,1010.3,,13.0,,,,,2025-11-07 02:50:00
260.0,9.0,12.0,,,,,1010.5,,13.0,,,3.2,,2025-11-07 03:00:00
260.0,9.0,10.0,5.4,,8.6,276.0,1010.7,,13.0,,,,,2025-11-07 03:10:00
270.0,10.0,20.0,5.4,11.0,8.6,276.0,1011.4,,13.0,,,,,2025-11-07 03:20:00
270.0,8.0,10.0,,,,,1011.3,,13.0,,,,,2025-11-07 03:30:00
260.0,8.0,11.0,,,,,1011.4,,13.0,,,,,2025-11-07 03:40:00
260.0,10.0,13.0,5.7,11.0,9.1,278.0,1011.6,,13.0,,,,,2025-11-07 03:50:00
270.0,11.0,16.0,,,,,1011.9,,13.0,,,3.4,,2025-11-07 04:00:00
280.0,10.0,12.0,5.8,,9.2,285.0,1012.0,,13.0,,,,,2025-11-07 04:10:00
270.0,10.0,12.0,5.8,12.0,9.2,285.0,1012.3,,13.0,,,,,2025-11-07 04:20:00
270.0,8.0,11.0,,,,,1012.5,,13.0,,,,,2025-11-07 04:30:00
260.0,9.0,12.0,,,,,1012.9,,13.0,,,,,2025-11-07 04:40:00
250.0,12.0,17.0,,,,,1013.1,,13.0,,,,,2025-11-07 04:50:00
260.0,11.0,15.0,,,,,1013.1,,13.0,,,3.6,,2025-11-07 05:00:00
260.0,10.0,13.0,,,,,1013.2,,13.0,,,,,2025-11-07 05:10:00
250.0,10.0,13.0,,,,,1013.4,,13.0,,,,,2025-11-07 05:20:00
250.0,10.0,13.0,,,,,1013.7,,13.0,,,,,2025-11-07 05:30:00
250.0,9.0,12.0,,,,,1013.8,,13.0,,,,,2025-11-07 05:40:00
250.0,9.0,13.0,,,,,1014.0,,13.0,,,,,2025-11-07 05:50:00
250.0,10.0,13.0,,,,,1014.2,,13.0,,,3.7,,2025-11-07 06:00:00
250.0,10.0,13.0,,,,,1014.4,,13.0,,,,,2025-11-07 06:10:00
250.0,12.0,15.0,,,,,1014.5,,13.0,,,,,2025-11-07 06:20:00
240.0,10.0,13.0,,,,,1014.6,,13.0,,,,,2025-11-07 06:30:00
250.0,10.0,12.0,,,,,1014.7,,13.0,,,,,2025-11-07 06:40:00
240.0,9.0,13.0,,,,,1014.8,,13.0,,,,,2025-11-07 06:50:00
250.0,9.0,12.0,,,,,1015.0,,13.0,,,3.1,,2025-11-07 07:00:00
240.0,9.0,13.0,,,,,1015.1,,13.0,,,,,2025-11-07 07:10:00
240.0,10.0,13.0,,,,,1015.2,,13.0,,,,,2025-11-07 07:20:00
250.0,9.0,12.0,,,,,1015.3,,13.0,,,,,2025-11-07 07:30:00
260.0,9.0,12.0,,,,,1015.4,,13.0,,,,,2025-11-07 07:40:00
270.0,8.0,10.0,,,,,1015.4,,13.0,,,,,2025-11-07 07:50:00
270.0,8.0,11.0,,,,,1015.5,,13.0,,,2.4,,2025-11-07 08:00:00
260.0,8.0,11.0,,,,,1015.8,,13.0,,,,,2025-11-07 08:10:00
270.0,8.0,12.0,,,,,1015.9,,13.0,,,,,2025-11-07 08:20:00
270.0,8.0,11.0,,,,,1016.1,,13.0,,,,,2025-11-07 08:30:00
260.0,8.0,11.0,,,,,1016.2,,13.0,,,,,2025-11-07 08:40:00
260.0,7.0,10.0,,,,,1016.2,,13.0,,,,,2025-11-07 08:50:00
250.0,7.0,9.0,,,,,1016.4,,13.0,,,2.2,,2025-11-07 09:00:00
250.0,8.0,10.0,,,,,1016.5,,13.0,,,,,2025-11-07 09:10:00
250.0,8.0,11.0,,,,,1016.7,,,,,,,2025-11-07 09:20:00
260.0,8.0,12.0,,,,,1016.7,,13.0,,,,,2025-11-07 09:30:00
250.0,8.0,11.0,,,,,1016.9,,13.0,,,,,2025-11-07 09:40:00
240.0,6.0,9.0,,,,,1016.9,,13.0,,,,,2025-11-07 09:50:00
240.0,6.0,8.0,,,,,1017.0,,13.0,,,2.0,,2025-11-07 10:00:00
240.0,6.0,8.0,,,,,1017.1,,13.0,,,,,2025-11-07 10:10:00
250.0,7.0,9.0,,,,,1017.3,,13.0,,,,,2025-11-07 10:20:00
250.0,7.0,9.0,,,,,1017.4,,13.0,,,,,2025-11-07 10:30:00
250.0,8.0,10.0,,,,,1017.5,,13.0,,,,,2025-11-07 10:40:00
250.0,7.0,10.0,,,,,1017.6,,13.0,,,,,2025-11-07 10:50:00
250.0,7.0,10.0,,,,,1017.8,,13.0,,,2.3,,2025-11-07 11:00:00
250.0,6.0,9.0,,,,,1017.7,,13.0,,,,,2025-11-07 11:10:00
260.0,6.0,8.0,,,,,1017.9,,13.0,,,,,2025-11-07 11:20:00
250.0,6.0,8.0,,,,,1017.9,,13.0,,,,,2025-11-07 11:30:00
250.0,6.0,8.0,,,,,1018.0,,13.0,,,,,2025-11-07 11:40:00
260.0,6.0,8.0,,,,,1017.9,,13.0,,,,,2025-11-07 11:50:00
260.0,6.0,7.0,,,,,1018.2,,13.0,,,1.8,,2025-11-07 12:00:00
270.0,5.0,7.0,,,,,1018.2,,13.0,,,,,2025-11-07 12:10:00
260.0,5.0,7.0,,,,,1018.3,,13.0,,,,,2025-11-07 12:20:00
270.0,4.0,6.0,,,,,1018.5,,13.0,,,,,2025-11-07 12:30:00
290.0,7.0,9.0,,,,,1018.5,,13.0,,,,,2025-11-07 12:40:00
280.0,7.0,10.0,,,,,1018.7,,13.0,,,,,2025-11-07 12:50:00
240.0,4.0,6.0,,,,,1018.8,,13.0,,,1.8,,2025-11-07 13:00:00
230.0,3.0,5.0,,,,,1018.9,,13.0,,,,,2025-11-07 13:10:00
240.0,3.0,5.0,,,,,1019.0,,13.0,,,,,2025-11-07 13:20:00
230.0,4.0,7.0,,,,,1019.1,,13.0,,,,,2025-11-07 13:30:00
230.0,6.0,8.0,5.3,,9.1,275.0,1019.2,,13.0,,,,,2025-11-07 13:40:00
230.0,5.0,7.0,5.3,14.0,9.1,275.0,1019.3,,13.0,,,,,2025-11-07 13:50:00
230.0,4.0,6.0,,,,,1019.3,,13.0,,,1.5,,2025-11-07 14:00:00
220.0,4.0,5.0,5.6,,9.4,281.0,1019.4,,13.0,,,,,2025-11-07 14:10:00
220.0,4.0,6.0,5.6,14.0,9.4,281.0,1019.5,,13.0,,,,,2025-11-07 14:20:00
220.0,4.0,5.0,,,,,1019.6,,13.0,,,,,2025-11-07 14:30:00
220.0,4.0,5.0,5.9,,9.7,268.0,1019.8,,13.0,,,,,2025-11-07 14:40:00
230.0,5.0,7.0,5.9,14.0,9.7,268.0,1020.0,,13.0,,,,,2025-11-07 14:50:00
220.0,5.0,6.0,,,,,1020.2,,13.0,,,2.0,,2025-11-07 15:00:00
220.0,5.0,6.0,,,,,1020.3,,13.0,,,,,2025-11-07 15:10:00
220.0,5.0,6.0,5.4,14.0,9.3,272.0,1020.4,,13.0,,,,,2025-11-07 15:20:00
230.0,5.0,7.0,,,,,1020.5,,13.0,,,,,2025-11-07 15:30:00
230.0,5.0,7.0,,,,,1020.5,,13.0,,,,,2025-11-07 15:40:00
230.0,5.0,7.0,5.5,14.0,9.6,279.0,1020.6,,13.0,,,,,2025-11-07 15:50:00
230.0,5.0,8.0,,,,,1020.6,,13.0,,,1.8,,2025-11-07 16:00:00
230.0,5.0,7.0,5.0,,9.5,273.0,1020.7,,13.0,,,,,2025-11-07 16:10:00
230.0,5.0,7.0,5.0,14.0,9.5,273.0,1020.7,,13.0,,,,,2025-11-07 16:20:00
220.0,5.0,6.0,,,,,1020.7,,13.0,,,,,2025-11-07 16:30:00
230.0,5.0,7.0,,,,,1021.0,,13.0,,,,,2025-11-07 16:40:00
230.0,5.0,6.0,5.0,13.0,9.3,277.0,1021.1,,13.0,,,,,2025-11-07 16:50:00
230.0,4.0,6.0,,,,,1021.3,,13.0,,,2.0,,2025-11-07 17:00:00
230.0,4.0,6.0,5.3,,9.6,281.0,1021.3,,13.0,,,,,2025-11-07 17:10:00
220.0,4.0,6.0,5.3,13.0,9.6,281.0,1021.4,,13.0,,,,,2025-11-07 17:20:00
220.0,4.0,6.0,,,,,1021.4,,13.0,,,,,2025-11-07 17:30:00
220.0,4.0,5.0,4.7,,9.2,281.0,1021.6,,13.0,,,,,2025-11-07 17:40:00
230.0,4.0,6.0,4.7,13.0,9.2,281.0,1021.7,,13.0,,,,,2025-11-07 17:50:00
230.0,4.0,6.0,,,,,1021.8,,13.0,,,1.6,,2025-11-07 18:00:00
230.0,4.0,6.0,5.4,,10.1,282.0,1021.8,,13.0,,,,,2025-11-07 18:10:00
230.0,4.0,6.0,5.4,13.0,10.1,282.0,1021.8,,13.0,,,,,2025-11-07 18:20:00
230.0,4.0,5.0,,,,,1021.8,,13.0,,,,,2025-11-07 18:30:00
230.0,3.0,5.0,5.0,,9.7,288.0,1021.9,,13.0,,,,,2025-11-07 18:40:00
220.0,3.0,5.0,5.0,13.0,9.7,288.0,1021.9,,13.0,,,,,2025-11-07 18:50:00
220.0,3.0,4.0,,,,,1021.9,,13.0,,,1.3,,2025-11-07 19:00:00
210.0,3.0,4.0,5.0,,9.6,299.0,1021.9,,13.0,,,,,2025-11-07 19:10:00
210.0,3.0,5.0,5.0,13.0,9.6,299.0,1021.9,,13.0,,,,,2025-11-07 19:20:00
210.0,3.0,4.0,,,,,1022.0,,13.0,,,,,2025-11-07 19:30:00
230.0,3.0,4.0,5.2,,9.8,293.0,1022.0,,13.0,,,,,2025-11-07 19:40:00
310.0,1.0,3.0,5.2,13.0,9.8,293.0,1022.1,,13.1,,,,,2025-11-07 19:50:00
360.0,1.0,3.0,,,,,1022.3,,13.1,,,1.0,,2025-11-07 20:00:00
330.0,2.0,6.0,,,,,1022.3,,13.1,,,,,2025-11-07 20:10:00
340.0,3.0,5.0,4.6,12.0,9.4,300.0,1022.2,,13.1,,,,,2025-11-07 20:20:00
320.0,2.0,4.0,,,,,1022.1,,13.1,,,,,2025-11-07 20:30:00
,0.0,3.0,4.6,,9.5,289.0,1022.2,,13.1,,,,,2025-11-07 20:40:00
,0.0,2.0,4.6,12.0,9.5,289.0,1022.2,,13.1,,,,,2025-11-07 20:50:00
90.0,1.0,3.0,,,,,1022.1,,13.1,,,0.3,,2025-11-07 21:00:00
90.0,1.0,4.0,5.0,,9.6,293.0,1022.0,,13.1,,,,,2025-11-07 21:10:00
110.0,1.0,3.0,5.0,13.0,9.6,293.0,1022.1,,13.2,,,,,2025-11-07 21:20:00
150.0,1.0,3.0,,,,,1022.1,,13.1,,,,,2025-11-07 21:30:00
180.0,1.0,3.0,4.5,,9.4,279.0,1022.2,,13.2,,,,,2025-11-07 21:40:00
210.0,2.0,4.0,4.5,12.0,9.4,279.0,1022.0,,13.2,,,,,2025-11-07 21:50:00
230.0,2.0,4.0,,,,,1022.2,,13.2,,,0.3,,2025-11-07 22:00:00
210.0,3.0,4.0,4.8,,9.8,298.0,1022.2,,13.2,,,,,2025-11-07 22:10:00
210.0,3.0,5.0,4.8,13.0,9.8,298.0,1022.2,,13.2,,,,,2025-11-07 22:20:00
200.0,3.0,4.0,,,,,1022.1,,13.2,,,,,2025-11-07 22:30:00
190.0,3.0,4.0,4.5,,9.3,294.0,1022.2,,13.2,,,,,2025-11-07 22:40:00
200.0,3.0,4.0,4.5,13.0,9.3,294.0,1022.3,,13.2,,,,,2025-11-07 22:50:00
200.0,2.0,4.0,,,,,1022.3,,13.2,,,0.0,,2025-11-07 23:00:00
190.0,2.0,3.0,3.8,,8.8,291.0,1022.2,,13.2,,,,,2025-11-07 23:10:00
190.0,2.0,4.0,3.8,12.0,8.8,291.0,1022.1,,13.2,,,,,2025-11-07 23:20:00
180.0,2.0,4.0,,,,,1022.2,,13.2,,,,,2025-11-07 23:40:00
170.0,2.0,4.0,5.0,12.0,9.8,304.0,1022.2,,13.2,,,,,2025-11-07 23:50:00
180.0,2.0,4.0,,,,,1022.1,,13.2,,,0.0,,2025-11-08 00:00:00
170.0,3.0,4.0,4.8,,9.4,298.0,1022.0,,13.2,,,,,2025-11-08 00:10:00
170.0,3.0,4.0,4.8,12.0,9.4,298.0,1022.1,,13.2,,,,,2025-11-08 00:20:00
170.0,2.0,4.0,,,,,1022.1,,13.2,,,,,2025-11-08 00:30:00
170.0,2.0,4.0,,,,,1022.0,,13.2,,,,,2025-11-08 00:40:00
160.0,3.0,4.0,4.7,12.0,9.4,287.0,1021.9,,13.2,,,,,2025-11-08 00:50:00
170.0,3.0,5.0,,,,,1021.9,,13.2,,,-0.3,,2025-11-08 01:00:00
170.0,3.0,4.0,4.8,,9.4,270.0,1021.8,,13.2,,,,,2025-11-08 01:10:00
170.0,3.0,4.0,4.8,12.0,9.4,270.0,1021.9,,13.2,,,,,2025-11-08 01:20:00
170.0,2.0,4.0,,,,,1021.9,,13.2,,,,,2025-11-08 01:30:00
160.0,2.0,4.0,4.3,,9.2,283.0,1021.8,,13.2,,,,,2025-11-08 01:40:00
160.0,2.0,4.0,4.3,12.0,9.2,283.0,1021.8,,13.2,,,,,2025-11-08 01:50:00
160.0,2.0,5.0,,,,,1021.8,,13.2,,,-0.5,,2025-11-08 02:00:00
160.0,3.0,6.0,4.9,,9.5,273.0,1021.8,,13.2,,,,,2025-11-08 02:10:00
160.0,3.0,5.0,4.9,12.0,9.5,273.0,1021.8,,13.2,,,,,2025-11-08 02:20:00
150.0,4.0,6.0,,,,,1021.8,,13.2,,,,,2025-11-08 02:30:00
160.0,4.0,6.0,,,,,1021.9,,13.2,,,,,2025-11-08 02:40:00
160.0,5.0,7.0,4.0,12.0,8.9,265.0,1022.0,,13.2,,,,,2025-11-08 02:50:00
160.0,5.0,7.0,,,,,1022.1,,13.2,,,-0.0,,2025-11-08 03:00:00
160.0,4.0,7.0,5.1,,9.8,273.0,1022.0,,13.2,,,,,2025-11-08 03:10:00
160.0,4.0,6.0,5.1,13.0,9.8,273.0,1022.1,,13.2,,,,,2025-11-08 03:20:00
160.0,4.0,6.0,,,,,1022.2,,,,,,,2025-11-08 03:30:00
150.0,4.0,6.0,4.3,,9.1,268.0,1022.1,,13.2,,,,,2025-11-08 03:40:00
160.0,4.0,6.0,4.3,12.0,9.1,268.0,1022.1,,13.2,,,,,2025-11-08 03:50:00
150.0,4.0,6.0,,,,,1022.0,,13.2,,,0.0,,2025-11-08 04:00:00
150.0,4.0,7.0,4.7,,9.4,280.0,1022.0,,13.2,,,,,2025-11-08 04:10:00
150.0,4.0,6.0,4.7,13.0,9.4,280.0,1022.0,,13.2,,,,,2025-11-08 04:20:00
150.0,4.0,7.0,,,,,1022.1,,13.1,,,,,2025-11-08 04:30:00
150.0,4.0,6.0,,,,,1022.0,,13.1,,,,,2025-11-08 04:40:00
150.0,4.0,6.0,4.8,13.0,9.8,272.0,1022.1,,13.1,,,,,2025-11-08 04:50:00
150.0,4.0,6.0,,,,,1022.1,,13.1,,,0.3,,2025-11-08 05:00:00
140.0,4.0,5.0,4.3,,9.2,273.0,1022.1,,13.1,,,,,2025-11-08 05:10:00
140.0,4.0,6.0,4.3,11.0,9.2,273.0,1022.2,,13.1,,,,,2025-11-08 05:20:00
140.0,4.0,6.0,,,,,1022.2,,13.1,,,,,2025-11-08 05:30:00
140.0,4.0,6.0,,,,,1022.1,,13.1,,,,,2025-11-08 05:40:00
140.0,4.0,6.0,4.4,12.0,9.6,275.0,1022.0,,13.1,,,,,2025-11-08 05:50:00
140.0,4.0,6.0,,,,,1022.1,,13.1,,,0.0,,2025-11-08 06:00:00
140.0,5.0,6.0,,,,,1021.9,,13.1,,,,,2025-11-08 06:10:00
130.0,5.0,7.0,3.5,12.0,8.9,268.0,1021.7,,13.1,,,,,2025-11-08 06:20:00
130.0,5.0,7.0,,,,,1021.7,,13.1,,,,,2025-11-08 06:30:00
120.0,5.0,7.0,3.8,,9.2,286.0,1021.7,,13.1,,,,,2025-11-08 06:40:00
120.0,5.0,7.0,3.8,13.0,9.2,286.0,1022.0,,13.1,,,,,2025-11-08 06:50:00
130.0,5.0,6.0,,,,,1022.1,,13.1,,,0.0,,2025-11-08 07:00:00
130.0,4.0,6.0,3.5,,8.7,279.0,1022.2,,13.1,,,,,2025-11-08 07:10:00
130.0,4.0,6.0,3.5,12.0,8.7,279.0,1022.1,,13.1,,,,,2025-11-08 07:20:00
130.0,5.0,7.0,,,,,1021.9,,13.1,,,,,2025-11-08 07:30:00
130.0,5.0,7.0,3.8,,9.2,285.0,1021.7,,13.1,,,,,2025-11-08 07:40:00
130.0,5.0,6.0,3.8,12.0,9.2,285.0,1021.7,,13.1,,,,,2025-11-08 07:50:00
130.0,5.0,7.0,,,,,1021.4,,13.1,,,-0.7,,2025-11-08 08:00:00
130.0,5.0,7.0,3.5,,9.0,283.0,1021.4,,13.1,,,,,2025-11-08 08:10:00
130.0,5.0,7.0,3.5,12.0,9.0,283.0,1021.1,,13.1,,,,,2025-11-08 08:20:00
130.0,6.0,7.0,,,,,1021.1,,13.1,,,,,2025-11-08 08:30:00
130.0,5.0,7.0,,,,,1020.9,,13.1,,,,,2025-11-08 08:40:00
130.0,6.0,7.0,3.5,11.0,9.0,282.0,1020.9,,13.1,,,,,2025-11-08 08:50:00
130.0,6.0,8.0,,,,,1020.8,,13.1,,,-1.3,,2025-11-08 09:00:00
130.0,6.0,7.0,3.5,,9.2,280.0,1020.8,,13.1,,,,,2025-11-08 09:10:00
130.0,6.0,8.0,3.5,12.0,9.2,280.0,1020.5,,13.1,,,,,2025-11-08 09:20:00
130.0,6.0,9.0,,,,,1020.4,,13.1,,,,,2025-11-08 09:30:00
120.0,7.0,9.0,3.3,,8.8,281.0,1020.1,,13.1,,,,,2025-11-08 09:40:00
120.0,6.0,8.0,3.3,11.0,8.8,281.0,1020.1,,13.1,,,,,2025-11-08 09:50:00
120.0,7.0,9.0,,,,,1020.0,,,,,-2.1,,2025-11-08 10:00:00
120.0,7.0,9.0,2.9,,8.4,289.0,1020.0,,13.1,,,,,2025-11-08 10:10:00
120.0,7.0,9.0,2.9,12.0,8.4,289.0,1020.0,,13.1,,,,,2025-11-08 10:20:00
120.0,7.0,10.0,,,,,1019.7,,13.1,,,,,2025-11-08 10:30:00
120.0,7.0,10.0,3.3,,8.9,277.0,1019.8,,13.1,,,,,2025-11-08 10:40:00
120.0,7.0,9.0,3.3,12.0,8.9,277.0,1019.9,,13.1,,,,,2025-11-08 10:50:00
120.0,7.0,9.0,,,,,1019.7,,,,,-1.7,,2025-11-08 11:00:00
110.0,7.0,9.0,,,,,1019.5,,13.1,,,,,2025-11-08 11:10:00
110.0,7.0,9.0,3.0,12.0,8.8,294.0,1019.5,,13.1,,,,,2025-11-08 11:20:00
110.0,7.0,8.0,,,,,1019.4,,13.1,,,,,2025-11-08 11:30:00
120.0,7.0,8.0,,,,,1019.5,,13.1,,,,,2025-11-08 11:40:00
120.0,6.0,8.0,3.0,11.0,8.5,282.0,1019.6,,13.1,,,,,2025-11-08 11:50:00
120.0,7.0,9.0,,,,,1019.4,,13.1,,,-1.4,,2025-11-08 12:00:00
110.0,7.0,9.0,3.2,,8.8,294.0,1019.2,,13.1,,,,,2025-11-08 12:10:00
110.0,7.0,9.0,3.2,12.0,8.8,294.0,1019.2,,13.1,,,,,2025-11-08 12:20:00
120.0,7.0,9.0,,,,,1019.0,,13.1,,,,,2025-11-08 12:30:00
110.0,7.0,9.0,,,,,1019.1,,13.1,,,,,2025-11-08 12:40:00
120.0,7.0,9.0,3.1,11.0,8.6,281.0,1018.9,,13.1,,,,,2025-11-08 12:50:00
110.0,7.0,9.0,,,,,1018.7,,13.1,,,-1.3,,2025-11-08 13:00:00
120.0,7.0,9.0,3.2,,9.0,302.0,1018.8,,13.1,,,,,2025-11-08 13:10:00
110.0,8.0,10.0,3.2,13.0,9.0,302.0,1018.9,,13.1,,,,,2025-11-08 13:20:00
120.0,8.0,10.0,,,,,1018.9,,13.2,,,,,2025-11-08 13:30:00
120.0,8.0,10.0,,,,,1018.6,,13.2,,,,,2025-11-08 13:40:00
110.0,7.0,9.0,3.2,12.0,8.8,298.0,1018.5,,13.2,,,,,2025-11-08 13:50:00
110.0,7.0,9.0,,,,,1018.7,,13.2,,,-1.0,,2025-11-08 14:00:00
120.0,7.0,9.0,,,,,1018.6,,13.2,,,,,2025-11-08 14:10:00
120.0,7.0,10.0,2.9,12.0,8.4,291.0,1018.3,,13.2,,,,,2025-11-08 14:20:00
120.0,7.0,10.0,,,,,1018.2,,13.2,,,,,2025-11-08 14:30:00
110.0,8.0,10.0,,,,,1018.0,,13.2,,,,,2025-11-08 14:40:00
120.0,8.0,10.0,2.7,12.0,8.2,305.0,1018.2,,13.2,,,,,2025-11-08 14:50:00
110.0,7.0,9.0,,,,,1017.9,,13.2,,,-1.5,,2025-11-08 15:00:00
110.0,8.0,10.0,3.0,,8.7,298.0,1017.8,,13.2,,,,,2025-11-08 15:10:00
120.0,8.0,10.0,3.0,12.0,8.7,298.0,1017.6,,13.2,,,,,2025-11-08 15:20:00
120.0,8.0,10.0,,,,,1017.6,,13.2,,,,,2025-11-08 15:30:00
120.0,8.0,10.0,,,,,1017.6,,13.2,,,,,2025-11-08 15:40:00
120.0,8.0,11.0,2.7,12.0,8.2,307.0,1017.3,,13.2,,,,,2025-11-08 15:50:00
120.0,8.0,11.0,,,,,1017.6,,13.2,,,-1.1,,2025-11-08 16:00:00
120.0,8.0,10.0,2.6,,7.8,310.0,1017.4,,13.2,,,,,2025-11-08 16:10:00
120.0,8.0,11.0,2.6,11.0,7.8,310.0,1017.4,,13.2,,,,,2025-11-08 16:20:00
120.0,8.0,11.0,,,,,1017.4,,13.2,,,,,2025-11-08 16:30:00
120.0,8.0,10.0,2.9,,8.4,301.0,1017.4,,13.3,,,,,2025-11-08 16:40:00
110.0,8.0,10.0,2.9,12.0,8.4,301.0,1017.6,,13.3,,,,,2025-11-08 16:50:00
120.0,8.0,10.0,,,,,1017.5,,13.3,,,-1.2,,2025-11-08 17:00:00
120.0,8.0,10.0,,,,,1017.4,,13.3,,,,,2025-11-08 17:10:00
120.0,8.0,10.0,2.5,13.0,7.7,302.0,1017.4,,13.3,,,,,2025-11-08 17:20:00
130.0,7.0,10.0,,,,,1017.4,,13.3,,,,,2025-11-08 17:30:00
120.0,8.0,9.0,,,,,1017.2,,13.3,,,,,2025-11-08 17:40:00
120.0,8.0,9.0,2.5,12.0,7.9,298.0,1017.2,,13.3,,,,,2025-11-08 17:50:00
120.0,8.0,10.0,,,,,1017.2,,13.3,,,-0.7,,2025-11-08 18:00:00
120.0,7.0,9.0,2.9,,8.2,305.0,1017.3,,13.3,,,,,2025-11-08 18:10:00
120.0,8.0,10.0,2.9,11.0,8.2,305.0,1017.0,,13.3,,,,,2025-11-08 18:20:00
120.0,8.0,10.0,,,,,1017.1,,13.3,,,,,2025-11-08 18:30:00
120.0,8.0,10.0,,,,,1017.3,,13.3,,,,,2025-11-08 18:40:00
120.0,7.0,9.0,2.9,11.0,8.2,300.0,1017.2,,13.3,,,,,2025-11-08 18:50:00
130.0,7.0,9.0,,,,,1017.2,,13.3,,,-0.4,,2025-11-08 19:00:00
130.0,7.0,10.0,2.5,,7.7,277.0,1017.2,,13.3,,,,,2025-11-08 19:10:00
130.0,7.0,9.0,2.5,12.0,7.7,277.0,1017.1,,13.3,,,,,2025-11-08 19:20:00
130.0,7.0,9.0,,,,,1017.0,,13.3,,,,,2025-11-08 19:30:00
130.0,7.0,9.0,,,,,1017.0,,13.3,,,,,2025-11-08 19:40:00
130.0,7.0,9.0,2.8,11.0,8.0,297.0,1016.8,,13.3,,,,,2025-11-08 19:50:00
130.0,8.0,10.0,,,,,1016.6,,13.3,,,-0.9,,2025-11-08 20:00:00
130.0,7.0,9.0,2.6,,8.0,296.0,1016.5,,13.3,,,,,2025-11-08 20:10:00
130.0,7.0,9.0,2.6,12.0,8.0,296.0,1016.5,,13.3,,,,,2025-11-08 20:20:00
130.0,7.0,9.0,,,,,1016.2,,13.3,,,,,2025-11-08 20:30:00
140.0,7.0,9.0,2.3,,7.4,292.0,1016.1,,13.3,,,,,2025-11-08 20:40:00
140.0,7.0,9.0,2.3,11.0,7.4,292.0,1015.9,,13.3,,,,,2025-11-08 20:50:00
130.0,7.0,8.0,,,,,1015.7,,13.3,,,-1.5,,2025-11-08 21:00:00
130.0,7.0,9.0,2.4,,7.4,298.0,1015.5,,13.3,,,,,2025-11-08 21:10:00
130.0,7.0,9.0,2.4,11.0,7.4,298.0,1015.6,,13.3,,,,,2025-11-08 21:20:00
130.0,7.0,9.0,,,,,1015.3,,13.3,,,,,2025-11-08 21:30:00
130.0,7.0,9.0,,,,,1015.3,,13.3,,,,,2025-11-08 21:40:00
130.0,7.0,9.0,2.2,13.0,7.0,277.0,1015.3,,13.3,,,,,2025-11-08 21:50:00
130.0,7.0,8.0,,,,,1015.3,,13.3,,,-1.9,,2025-11-08 22:00:00
130.0,7.0,8.0,2.1,,7.1,271.0,1015.3,,13.3,,,,,2025-11-08 22:10:00
130.0,7.0,8.0,2.1,14.0,7.1,271.0,1015.2,,13.3,,,,,2025-11-08 22:20:00
130.0,7.0,8.0,,,,,1015.2,,13.3,,,,,2025-11-08 22:30:00
130.0,7.0,8.0,,,,,1015.1,,13.3,,,,,2025-11-08 22:40:00
130.0,7.0,8.0,2.1,12.0,7.1,271.0,1014.9,,13.3,,,,,2025-11-08 22:50:00
130.0,7.0,8.0,,,,,1014.9,,13.3,,,-1.7,,2025-11-08 23:00:00
130.0,7.0,9.0,2.1,,7.0,283.0,1015.1,,13.3,,,,,2025-11-08 23:10:00
130.0,7.0,8.0,1.9,,6.6,277.0,1014.7,,13.3,,,,,2025-11-08 23:40:00
130.0,7.0,8.0,1.9,14.0,6.6,277.0,1014.7,,13.3,,,,,2025-11-08 23:50:00
130.0,7.0,9.0,,,,,1014.4,,13.3,,,-1.3,,2025-11-09 00:00:00
130.0,7.0,9.0,,,,,1014.4,,13.3,,,,,2025-11-09 00:10:00
130.0,7.0,8.0,2.0,14.0,7.1,277.0,1014.5,,13.3,,,,,2025-11-09 00:20:00
140.0,6.0,8.0,,,,,1014.5,,13.3,,,,,2025-11-09 00:30:00
130.0,6.0,8.0,,,,,1014.5,,13.3,,,,,2025-11-09 00:40:00
130.0,7.0,8.0,1.9,13.0,6.3,259.0,1014.4,,13.3,,,,,2025-11-09 00:50:00
130.0,7.0,8.0,,,,,1014.4,,13.3,,,-0.9,,2025-11-09 01:00:00
130.0,7.0,8.0,,,,,1014.4,,13.3,,,,,2025-11-09 01:10:00
130.0,6.0,8.0,2.0,11.0,7.0,260.0,1014.5,,13.3,,,,,2025-11-09 01:20:00
140.0,6.0,7.0,,,,,1014.5,,13.3,,,,,2025-11-09 01:30:00
130.0,6.0,7.0,,,,,1014.3,,13.3,,,,,2025-11-09 01:40:00
120.0,6.0,7.0,1.7,14.0,6.4,269.0,1014.2,,13.3,,,,,2025-11-09 01:50:00
130.0,6.0,8.0,,,,,1014.1,,13.3,,,-0.8,,2025-11-09 02:00:00
130.0,6.0,8.0,1.9,,7.2,293.0,1014.3,,13.3,,,,,2025-11-09 02:10:00
130.0,6.0,7.0,1.9,12.0,7.2,293.0,1014.3,,13.3,,,,,2025-11-09 02:20:00
140.0,6.0,7.0,,,,,1014.3,,13.3,,,,,2025-11-09 02:30:00
140.0,6.0,7.0,1.6,,6.6,291.0,1014.4,,13.3,,,,,2025-11-09 02:40:00
140.0,6.0,7.0,1.6,12.0,6.6,291.0,1014.5,,13.3,,,,,2025-11-09 02:50:00
140.0,6.0,7.0,,,,,1014.5,,13.3,,,-0.0,,2025-11-09 03:00:00
140.0,6.0,7.0,1.8,,6.9,290.0,1014.3,,13.3,,,,,2025-11-09 03:10:00
130.0,6.0,8.0,1.8,13.0,6.9,290.0,1014.2,,13.3,,,,,2025-11-09 03:20:00
130.0,7.0,8.0,,,,,1014.0,,13.3,,,,,2025-11-09 03:30:00
130.0,7.0,8.0,,,,,1014.2,,13.3,,,,,2025-11-09 03:40:00
130.0,7.0,8.0,1.6,12.0,6.4,308.0,1014.3,,13.3,,,,,2025-11-09 03:50:00
140.0,7.0,8.0,,,,,1014.3,,13.3,,,-0.0,,2025-11-09 04:00:00
140.0,7.0,8.0,1.6,,6.5,305.0,1014.3,,13.3,,,,,2025-11-09 04:10:00
150.0,6.0,8.0,1.6,11.0,6.5,305.0,1014.5,,13.3,,,,,2025-11-09 04:20:00
150.0,6.0,8.0,,,,,1014.5,,13.3,,,,,2025-11-09 04:30:00
150.0,6.0,7.0,,,,,1014.5,,13.3,,,,,2025-11-09 04:40:00
150.0,6.0,8.0,1.8,13.0,7.0,304.0,1014.6,,13.3,,,,,2025-11-09 04:50:00
150.0,6.0,8.0,,,,,1014.5,,13.3,,,0.4,,2025-11-09 05:00:00
150.0,6.0,8.0,1.7,,6.9,316.0,1014.7,,13.3,,,,,2025-11-09 05:10:00
150.0,6.0,7.0,1.7,13.0,6.9,316.0,1014.7,,13.3,,,,,2025-11-09 05:20:00
150.0,6.0,8.0,,,,,1014.7,,13.3,,,,,2025-11-09 05:30:00
160.0,7.0,8.0,1.5,,6.3,305.0,1014.7,,13.3,,,,,2025-11-09 05:40:00
150.0,7.0,8.0,1.5,12.0,6.3,305.0,1014.7,,13.3,,,,,2025-11-09 05:50:00
150.0,7.0,9.0,,,,,1014.6,,13.3,,,0.0,,2025-11-09 06:00:00
150.0,7.0,9.0,1.6,,6.3,291.0,1014.7,,13.3,,,,,2025-11-09 06:10:00
160.0,7.0,8.0,1.6,13.0,6.3,291.0,1014.8,,13.3,,,,,2025-11-09 06:20:00
150.0,7.0,8.0,,,,,1014.7,,13.4,,,,,2025-11-09 06:30:00
150.0,7.0,8.0,,,,,1014.7,,13.4,,,,,2025-11-09 06:40:00
150.0,7.0,8.0,1.7,13.0,6.2,306.0,1014.7,,13.4,,,,,2025-11-09 06:50:00
150.0,7.0,8.0,,,,,1014.7,,13.3,,,0.4,,2025-11-09 07:00:00
150.0,7.0,8.0,1.6,,6.1,306.0,1014.8,,13.3,,,,,2025-11-09 07:10:00
160.0,7.0,8.0,1.6,12.0,6.1,306.0,1014.9,,13.3,,,,,2025-11-09 07:20:00
160.0,7.0,8.0,,,,,1015.0,,13.3,,,,,2025-11-09 07:30:00
160.0,7.0,8.0,1.6,,6.2,300.0,1014.9,,13.3,,,,,2025-11-09 07:40:00
150.0,8.0,9.0,1.6,12.0,6.2,300.0,1014.7,,13.2,,,,,2025-11-09 07:50:00
150.0,8.0,9.0,,,,,1014.7,,13.2,,,0.0,,2025-11-09 08:00:00
150.0,8.0,9.0,1.6,,6.2,294.0,1014.7,,13.2,,,,,2025-11-09 08:10:00
150.0,8.0,9.0,1.6,12.0,6.2,294.0,1014.7,,13.2,,,,,2025-11-09 08:20:00
150.0,8.0,9.0,,,,,1014.9,,13.2,,,,,2025-11-09 08:30:00
150.0,7.0,9.0,1.6,,6.0,299.0,1014.8,,13.2,,,,,2025-11-09 08:40:00
150.0,8.0,9.0,1.6,11.0,6.0,299.0,1014.8,,13.2,,,,,2025-11-09 08:50:00
150.0,8.0,10.0,,,,,1014.7,,13.2,,,0.0,,2025-11-09 09:00:00
150.0,8.0,10.0,1.6,,5.9,312.0,1014.9,,13.2,,,,,2025-11-09 09:10:00
150.0,8.0,9.0,1.6,13.0,5.9,312.0,1015.1,,13.2,,,,,2025-11-09 09:20:00
160.0,7.0,9.0,,,,,1015.2,,13.2,,,,,2025-11-09 09:30:00
160.0,7.0,10.0,1.7,,5.9,297.0,1015.2,,13.2,,,,,2025-11-09 09:40:00
150.0,8.0,9.0,1.7,12.0,5.9,297.0,1015.2,,13.2,,,,,2025-11-09 09:50:00
150.0,8.0,9.0,,,,,1015.1,,13.2,,,0.4,,2025-11-09 10:00:00
160.0,8.0,9.0,1.7,,5.9,269.0,1015.1,,13.2,,,,,2025-11-09 10:10:00
150.0,8.0,10.0,1.7,12.0,5.9,269.0,1015.0,,13.2,,,,,2025-11-09 10:20:00
150.0,8.0,10.0,,,,,1015.1,,13.1,,,,,2025-11-09 10:30:00
150.0,8.0,10.0,1.7,,5.8,311.0,1015.1,,13.1,,,,,2025-11-09 10:40:00
150.0,8.0,10.0,1.7,13.0,5.8,311.0,1015.1,,13.1,,,,,2025-11-09 10:50:00
150.0,9.0,11.0,,,,,1014.9,,13.1,,,0.0,,2025-11-09 11:00:00
150.0,9.0,11.0,1.6,,5.4,291.0,1015.0,,13.1,,,,,2025-11-09 11:10:00
150.0,9.0,10.0,1.6,12.0,5.4,291.0,1014.9,,13.1,,,,,2025-11-09 11:20:00
150.0,9.0,10.0,,,,,1014.9,,13.1,,,,,2025-11-09 11:30:00
150.0,8.0,10.0,,,,,1015.0,,13.1,,,,,2025-11-09 11:40:00
150.0,8.0,10.0,1.7,12.0,5.7,268.0,1015.1,,13.1,,,,,2025-11-09 11:50:00
160.0,8.0,10.0,,,,,1015.2,,13.1,,,0.5,,2025-11-09 12:00:00
150.0,8.0,10.0,1.8,,5.6,271.0,1015.2,,13.1,,,,,2025-11-09 12:10:00
150.0,8.0,10.0,1.8,13.0,5.6,271.0,1015.2,,13.1,,,,,2025-11-09 12:20:00
160.0,8.0,10.0,,,,,1015.3,,13.1,,,,,2025-11-09 12:30:00
160.0,8.0,10.0,1.7,,5.5,275.0,1015.3,,13.1,,,,,2025-11-09 12:40:00
150.0,9.0,10.0,1.7,13.0,5.5,275.0,1015.2,,13.1,,,,,2025-11-09 12:50:00
150.0,9.0,10.0,,,,,1015.3,,13.1,,,0.0,,2025-11-09 13:00:00
160.0,8.0,10.0,1.8,,5.5,268.0,1015.4,,13.1,,,,,2025-11-09 13:10:00
160.0,8.0,11.0,1.8,12.0,5.5,268.0,1015.5,,13.1,,,,,2025-11-09 13:20:00
160.0,8.0,11.0,,,,,1015.4,,13.1,,,,,2025-11-09 13:30:00
160.0,9.0,10.0,1.8,,5.6,278.0,1015.7,,13.1,,,,,2025-11-09 13:40:00
160.0,8.0,10.0,1.8,13.0,5.6,278.0,1015.8,,13.1,,,,,2025-11-09 13:50:00
160.0,8.0,10.0,,,,,1015.9,,13.1,,,1.0,,2025-11-09 14:00:00
160.0,8.0,9.0,1.8,,5.6,228.0,1015.9,,13.1,,,,,2025-11-09 14:10:00
160.0,8.0,9.0,1.8,7.0,5.6,228.0,1016.0,,13.1,,,,,2025-11-09 14:20:00
170.0,8.0,9.0,,,,,1016.0,,13.1,,,,,2025-11-09 14:30:00
160.0,8.0,10.0,1.8,,5.5,234.0,1015.6,,13.1,,,,,2025-11-09 14:40:00
160.0,9.0,11.0,1.8,8.0,5.5,234.0,1015.8,,13.1,,,,,2025-11-09 14:50:00
150.0,10.0,12.0,,,,,1015.5,,13.1,,,0.3,,2025-11-09 15:00:00
150.0,10.0,12.0,,,,,1015.5,,13.1,,,,,2025-11-09 15:10:00
150.0,10.0,12.0,1.9,13.0,5.6,267.0,1015.8,,13.1,,,,,2025-11-09 15:20:00
160.0,10.0,11.0,,,,,1016.1,,13.1,,,,,2025-11-09 15:30:00
170.0,9.0,10.0,,,,,1016.4,,13.1,,,,,2025-11-09 15:40:00
170.0,9.0,10.0,1.8,8.0,5.6,232.0,1016.7,,13.1,,,,,2025-11-09 15:50:00
170.0,9.0,11.0,,,,,1016.9,,13.1,,,1.6,,2025-11-09 16:00:00
170.0,9.0,10.0,1.8,,5.7,264.0,1017.3,,13.1,,,,,2025-11-09 16:10:00
170.0,9.0,10.0,1.8,13.0,5.7,264.0,1017.3,,13.1,,,,,2025-11-09 16:20:00
180.0,8.0,10.0,,,,,1017.5,,13.1,,,,,2025-11-09 16:30:00
180.0,9.0,11.0,1.9,,5.8,236.0,1017.7,,13.1,,,,,2025-11-09 16:40:00
180.0,9.0,11.0,1.9,9.0,5.8,236.0,1017.8,,13.1,,,,,2025-11-09 16:50:00
170.0,9.0,10.0,,,,,1017.9,,13.1,,,2.0,,2025-11-09 17:00:00
170.0,9.0,10.0,1.9,,5.8,244.0,1017.9,,13.1,,,,,2025-11-09 17:10:00
170.0,9.0,11.0,1.9,12.0,5.8,244.0,1017.8,,13.1,,,,,2025-11-09 17:20:00
170.0,9.0,11.0,,,,,1017.8,,13.1,,,,,2025-11-09 17:30:00
170.0,9.0,11.0,1.9,,5.7,237.0,1017.9,,13.1,,,,,2025-11-09 17:40:00
180.0,9.0,10.0,1.9,8.0,5.7,237.0,1018.2,,13.1,,,,,2025-11-09 17:50:00
180.0,9.0,11.0,,,,,1018.3,,13.2,,,2.8,,2025-11-09 18:00:00
180.0,8.0,10.0,2.1,,6.0,235.0,1018.3,,13.2,,,,,2025-11-09 18:10:00
180.0,8.0,10.0,2.1,8.0,6.0,235.0,1018.3,,13.2,,,,,2025-11-09 18:20:00
180.0,8.0,10.0,,,,,1018.3,,13.2,,,,,2025-11-09 18:30:00
180.0,8.0,10.0,,,,,1018.4,,13.2,,,,,2025-11-09 18:40:00
180.0,8.0,10.0,2.2,8.0,6.3,236.0,1018.6,,13.2,,,,,2025-11-09 18:50:00
180.0,8.0,10.0,,,,,1018.6,,13.2,,,1.7,,2025-11-09 19:00:00
170.0,8.0,10.0,2.2,,6.1,246.0,1018.7,,13.2,,,,,2025-11-09 19:10:00
170.0,8.0,10.0,2.2,9.0,6.1,246.0,1018.7,,13.2,,,,,2025-11-09 19:20:00
170.0,8.0,10.0,,,,,1018.6,,13.2,,,,,2025-11-09 19:30:00
170.0,8.0,10.0,,,,,1018.4,,13.2,,,,,2025-11-09 19:40:00
170.0,8.0,10.0,2.4,9.0,6.3,233.0,1018.2,,13.2,,,,,2025-11-09 19:50:00
160.0,8.0,10.0,,,,,1018.2,,13.2,,,0.3,,2025-11-09 20:00:00
160.0,9.0,10.0,2.2,,6.1,287.0,1018.3,,13.2,,,,,2025-11-09 20:10:00
170.0,8.0,10.0,2.2,11.0,6.1,287.0,1018.8,,13.2,,,,,2025-11-09 20:20:00
180.0,8.0,9.0,,,,,1018.6,,13.2,,,,,2025-11-09 20:30:00
180.0,8.0,10.0,2.4,,6.5,240.0,1018.8,,13.2,,,,,2025-11-09 20:40:00
170.0,8.0,11.0,2.4,9.0,6.5,240.0,1018.5,,13.2,,,,,2025-11-09 20:50:00
170.0,8.0,10.0,,,,,1018.5,,13.2,,,0.0,,2025-11-09 21:00:00
170.0,8.0,9.0,2.4,,6.6,236.0,1018.7,,13.2,,,,,2025-11-09 21:10:00
180.0,8.0,9.0,2.4,9.0,6.6,236.0,1018.7,,13.2,,,,,2025-11-09 21:20:00
170.0,8.0,9.0,,,,,1018.5,,13.2,,,,,2025-11-09 21:30:00
170.0,8.0,10.0,2.3,,6.6,237.0,1018.4,,13.2,,,,,2025-11-09 21:40:00
180.0,8.0,10.0,2.3,9.0,6.6,237.0,1018.8,,13.2,,,,,2025-11-09 21:50:00
180.0,7.0,9.0,,,,,1018.7,,13.2,,,-0.0,,2025-11-09 22:00:00
180.0,7.0,9.0,,,,,1018.7,,13.2,,,,,2025-11-09 22:10:00
180.0,8.0,9.0,2.5,10.0,6.8,242.0,1018.8,,13.2,,,,,2025-11-09 22:20:00
180.0,8.0,10.0,,,,,1018.9,,13.2,,,,,2025-11-09 22:30:00
180.0,7.0,9.0,,,,,1018.8,,13.2,,,,,2025-11-09 22:40:00
180.0,8.0,9.0,2.4,11.0,6.7,244.0,1018.7,,13.2,,,,,2025-11-09 22:50:00
170.0,8.0,9.0,,,,,1018.8,,13.2,,,0.6,,2025-11-09 23:00:00
180.0,8.0,9.0,2.5,,6.9,238.0,1018.9,,13.2,,,,,2025-11-09 23:10:00
170.0,8.0,10.0,,,,,1018.9,,13.3,,,,,2025-11-09 23:40:00
180.0,8.0,10.0,2.4,11.0,6.8,240.0,1019.0,,13.3,,,,,2025-11-09 23:50:00
180.0,8.0,10.0,,,,,1019.1,,13.3,,,0.6,,2025-11-10 00:00:00
180.0,7.0,9.0,2.7,,7.1,230.0,1019.3,,13.3,,,,,2025-11-10 00:10:00
180.0,7.0,9.0,2.7,10.0,7.1,230.0,1019.1,,13.3,,,,,2025-11-10 00:20:00
180.0,8.0,9.0,,,,,1019.0,,13.4,,,,,2025-11-10 00:30:00
180.0,8.0,9.0,2.7,,7.0,230.0,1018.9,,13.4,,,,,2025-11-10 00:40:00
170.0,8.0,10.0,2.7,11.0,7.0,230.0,1018.9,,13.4,,,,,2025-11-10 00:50:00
180.0,8.0,11.0,,,,,1019.1,,13.4,,,0.4,,2025-11-10 01:00:00
180.0,8.0,10.0,,,,,1019.4,,13.5,,,,,2025-11-10 01:10:00
190.0,8.0,10.0,2.6,11.0,7.1,226.0,1019.7,,13.5,,,,,2025-11-10 01:20:00
200.0,8.0,10.0,,,,,1019.7,,13.5,,,,,2025-11-10 01:30:00
200.0,7.0,9.0,,,,,1019.8,,13.5,,,,,2025-11-10 01:40:00
190.0,7.0,8.0,2.5,11.0,6.8,228.0,1019.7,,13.5,,,,,2025-11-10 01:50:00
190.0,7.0,9.0,,,,,1019.9,,13.5,,,1.1,,2025-11-10 02:00:00
190.0,7.0,8.0,2.6,,7.0,229.0,1020.0,,13.5,,,,,2025-11-10 02:10:00
190.0,7.0,9.0,2.6,11.0,7.0,229.0,1020.0,,13.5,,,,,2025-11-10 02:20:00
190.0,7.0,9.0,,,,,1020.1,,13.5,,,,,2025-11-10 02:30:00
200.0,7.0,8.0,,,,,1020.3,,13.5,,,,,2025-11-10 02:40:00
200.0,7.0,8.0,2.4,11.0,6.7,242.0,1020.4,,13.5,,,,,2025-11-10 02:50:00
200.0,7.0,8.0,,,,,1020.6,,13.5,,,1.5,,2025-11-10 03:00:00
210.0,6.0,8.0,2.3,,6.8,228.0,1020.6,,13.5,,,,,2025-11-10 03:10:00
200.0,7.0,8.0,2.3,11.0,6.8,228.0,1020.7,,13.5,,,,,2025-11-10 03:20:00
200.0,6.0,8.0,,,,,1020.7,,13.5,,,,,2025-11-10 03:30:00
210.0,6.0,8.0,,,,,1020.8,,13.5,,,,,2025-11-10 03:40:00
210.0,6.0,8.0,2.5,11.0,7.0,230.0,1020.8,,13.5,,,,,2025-11-10 03:50:00
210.0,6.0,8.0,,,,,1020.7,,13.5,,,1.6,,2025-11-10 04:00:00
200.0,6.0,8.0,2.6,,7.3,221.0,1020.9,,13.5,,,,,2025-11-10 04:10:00
210.0,6.0,7.0,2.6,10.0,7.3,221.0,1021.1,,13.5,,,,,2025-11-10 04:20:00
210.0,6.0,7.0,,,,,1021.2,,13.5,,,,,2025-11-10 04:30:00
210.0,6.0,7.0,,,,,1021.4,,13.5,,,,,2025-11-10 04:40:00
210.0,5.0,6.0,2.4,11.0,7.2,227.0,1021.5,,13.4,,,,,2025-11-10 04:50:00
220.0,6.0,7.0,,,,,1021.6,,13.4,,,1.7,,2025-11-10 05:00:00
220.0,6.0,7.0,2.5,,7.4,244.0,1021.6,,13.5,,,,,2025-11-10 05:10:00
220.0,6.0,7.0,2.5,12.0,7.4,244.0,1021.6,,13.5,,,,,2025-11-10 05:20:00
220.0,6.0,7.0,,,,,1021.5,,13.5,,,,,2025-11-10 05:30:00
220.0,6.0,7.0,2.6,,7.7,231.0,1021.7,,13.4,,,,,2025-11-10 05:40:00
230.0,6.0,7.0,2.6,11.0,7.7,231.0,1021.9,,13.4,,,,,2025-11-10 05:50:00
230.0,6.0,7.0,,,,,1021.9,,13.4,,,1.3,,2025-11-10 06:00:00
230.0,6.0,7.0,2.8,,7.9,238.0,1021.9,,13.4,,,,,2025-11-10 06:10:00
230.0,6.0,7.0,2.8,11.0,7.9,238.0,1022.0,,13.4,,,,,2025-11-10 06:20:00
230.0,5.0,7.0,,,,,1022.0,,13.4,,,,,2025-11-10 06:30:00
220.0,5.0,6.0,2.5,,7.5,250.0,1022.1,,13.4,,,,,2025-11-10 06:40:00
230.0,5.0,6.0,2.5,11.0,7.5,250.0,1022.1,,13.4,,,,,2025-11-10 06:50:00
230.0,5.0,6.0,,,,,1022.2,,13.4,,,1.5,,2025-11-10 07:00:00
230.0,5.0,6.0,2.8,,8.0,231.0,1022.2,,13.4,,,,,2025-11-10 07:10:00
240.0,5.0,6.0,2.8,11.0,8.0,231.0,1022.2,,13.4,,,,,2025-11-10 07:20:00
230.0,5.0,6.0,,,,,1022.1,,13.4,,,,,2025-11-10 07:30:00
230.0,4.0,6.0,2.7,,7.7,239.0,1022.0,,13.4,,,,,2025-11-10 07:40:00
230.0,4.0,5.0,2.7,11.0,7.7,239.0,1022.1,,13.4,,,,,2025-11-10 07:50:00
230.0,4.0,5.0,,,,,1022.1,,13.5,,,0.5,,2025-11-10 08:00:00
230.0,4.0,5.0,2.6,,8.0,238.0,1022.2,,13.5,,,,,2025-11-10 08:10:00
230.0,4.0,5.0,2.6,11.0,8.0,238.0,1022.2,,13.5,,,,,2025-11-10 08:20:00
240.0,4.0,5.0,,,,,1022.3,,13.5,,,,,2025-11-10 08:30:00
240.0,4.0,5.0,2.6,,8.0,233.0,1022.2,,13.5,,,,,2025-11-10 08:40:00
240.0,4.0,5.0,2.6,11.0,8.0,233.0,1022.3,,13.5,,,,,2025-11-10 08:50:00
240.0,5.0,6.0,,,,,1022.3,,13.5,,,0.4,,2025-11-10 09:00:00
250.0,5.0,6.0,3.0,,8.2,253.0,1022.3,,13.5,,,,,2025-11-10 09:10:00
250.0,5.0,6.0,3.0,11.0,8.2,253.0,1022.3,,13.5,,,,,2025-11-10 09:20:00
250.0,5.0,6.0,,,,,1022.3,,13.5,,,,,2025-11-10 09:30:00
260.0,5.0,8.0,,,,,1022.4,,13.5,,,,,2025-11-10 09:40:00
280.0,6.0,8.0,2.4,11.0,7.6,235.0,1022.5,,13.5,,,,,2025-11-10 09:50:00
280.0,6.0,8.0,,,,,1022.6,,13.5,,,0.4,,2025-11-10 10:00:00
280.0,5.0,6.0,2.3,,7.4,248.0,1022.7,,13.5,,,,,2025-11-10 10:10:00
290.0,6.0,7.0,2.3,11.0,7.4,248.0,1022.7,,13.5,,,,,2025-11-10 10:20:00
300.0,6.0,8.0,,,,,1022.7,,13.5,,,,,2025-11-10 10:30:00
300.0,6.0,7.0,2.6,,8.0,255.0,1022.6,,13.5,,,,,2025-11-10 10:40:00
310.0,6.0,7.0,2.6,11.0,8.0,255.0,1022.6,,13.5,,,,,2025-11-10 10:50:00
300.0,6.0,8.0,,,,,1022.6,,13.5,,,0.5,,2025-11-10 11:00:00
310.0,5.0,7.0,2.6,,8.1,242.0,1022.6,,13.5,,,,,2025-11-10 11:10:00
320.0,5.0,6.0,2.6,11.0,8.1,242.0,1022.5,,13.5,,,,,2025-11-10 11:20:00
310.0,6.0,7.0,,,,,1022.6,,13.5,,,,,2025-11-10 11:30:00
320.0,6.0,7.0,2.6,,8.1,246.0,1022.6,,13.5,,,,,2025-11-10 11:40:00
320.0,7.0,8.0,2.6,11.0,8.1,246.0,1022.6,,13.5,,,,,2025-11-10 11:50:00
330.0,6.0,9.0,,,,,1022.6,,13.5,,,0.3,,2025-11-10 12:00:00
330.0,6.0,7.0,2.8,,8.3,258.0,1022.7,,13.5,,,,,2025-11-10 12:10:00
330.0,6.0,7.0,2.8,12.0,8.3,258.0,1022.5,,13.5,,,,,2025-11-10 12:20:00
330.0,6.0,8.0,,,,,1022.3,,13.5,,,,,2025-11-10 12:30:00
340.0,6.0,7.0,3.0,,8.6,255.0,1022.4,,13.5,,,,,2025-11-10 12:40:00
350.0,4.0,6.0,3.0,11.0,8.6,255.0,1022.3,,13.5,,,,,2025-11-10 12:50:00
350.0,3.0,4.0,,,,,1022.5,,13.4,,,0.0,,2025-11-10 13:00:00
350.0,3.0,4.0,2.8,,8.6,260.0,1022.5,,13.4,,,,,2025-11-10 13:10:00
340.0,3.0,4.0,2.8,12.0,8.6,260.0,1022.6,,13.3,,,,,2025-11-10 13:20:00
330.0,2.0,3.0,,,,,1022.4,,13.3,,,,,2025-11-10 13:30:00
330.0,3.0,4.0,,,,,1022.3,,13.3,,,,,2025-11-10 13:40:00
340.0,2.0,3.0,2.8,12.0,8.4,243.0,1022.4,,13.2,,,,,2025-11-10 13:50:00
350.0,1.0,2.0,,,,,1022.0,,13.2,,,-0.6,,2025-11-10 14:00:00
320.0,2.0,3.0,2.5,,8.2,260.0,1022.1,,13.2,,,,,2025-11-10 14:10:00
320.0,2.0,3.0,2.5,12.0,8.2,260.0,1022.1,,13.2,,,,,2025-11-10 14:20:00
320.0,2.0,4.0,,,,,1022.4,,13.2,,,,,2025-11-10 14:30:00
320.0,3.0,5.0,2.5,,8.1,235.0,1022.8,,13.2,,,,,2025-11-10 14:40:00
310.0,4.0,6.0,2.5,12.0,8.1,235.0,1022.9,,13.2,,,,,2025-11-10 14:50:00
310.0,3.0,5.0,,,,,1022.9,,13.2,,,0.3,,2025-11-10 15:00:00
310.0,3.0,4.0,2.6,,8.0,246.0,1023.0,,13.2,,,,,2025-11-10 15:10:00
300.0,4.0,5.0,2.6,12.0,8.0,246.0,1023.4,,13.2,,,,,2025-11-10 15:20:00
300.0,5.0,6.0,,,,,1023.6,,13.2,,,,,2025-11-10 15:30:00
300.0,5.0,7.0,2.9,,8.3,254.0,1023.7,,13.2,,,,,2025-11-10 15:40:00
310.0,5.0,6.0,2.9,12.0,8.3,254.0,1023.8,,13.2,,,,,2025-11-10 15:50:00
310.0,5.0,6.0,,,,,1024.0,,13.2,,,1.5,,2025-11-10 16:00:00
320.0,5.0,7.0,2.4,,7.7,251.0,1024.1,,13.2,,,,,2025-11-10 16:10:00
320.0,5.0,6.0,2.4,11.0,7.7,251.0,1024.1,,13.2,,,,,2025-11-10 16:20:00
320.0,5.0,6.0,,,,,1024.4,,13.2,,,,,2025-11-10 16:30:00
330.0,5.0,6.0,2.7,,8.3,250.0,1024.5,,13.2,,,,,2025-11-10 16:40:00
320.0,4.0,5.0,2.7,12.0,8.3,250.0,1024.6,,13.2,,,,,2025-11-10 16:50:00
320.0,4.0,6.0,,,,,1024.6,,13.1,,,2.6,,2025-11-10 17:00:00
330.0,6.0,7.0,,,,,1024.7,,13.1,,,,,2025-11-10 17:10:00
330.0,6.0,8.0,2.8,11.0,8.3,244.0,1024.6,,13.1,,,,,2025-11-10 17:20:00
330.0,5.0,7.0,,,,,1024.7,,13.1,,,,,2025-11-10 17:30:00
330.0,6.0,7.0,,,,,1024.9,,13.1,,,,,2025-11-10 17:40:00
330.0,6.0,8.0,2.7,11.0,8.3,253.0,1025.0,,13.1,,,,,2025-11-10 17:50:00
320.0,6.0,8.0,,,,,1025.0,,13.0,,,2.1,,2025-11-10 18:00:00
320.0,6.0,8.0,2.9,,8.9,276.0,1024.9,,13.0,,,,,2025-11-10 18:10:00
320.0,6.0,7.0,2.9,12.0,8.9,276.0,1025.0,,13.0,,,,,2025-11-10 18:20:00
320.0,5.0,7.0,,,,,1025.1,,12.9,,,,,2025-11-10 18:30:00
320.0,6.0,8.0,,,,,1025.2,,13.0,,,,,2025-11-10 18:40:00
320.0,7.0,9.0,2.5,13.0,8.1,293.0,1025.3,,13.0,,,,,2025-11-10 18:50:00
330.0,7.0,8.0,,,,,1025.3,,13.1,,,1.3,,2025-11-10 19:00:00
340.0,5.0,7.0,3.1,,9.0,285.0,1025.2,,13.1,,,,,2025-11-10 19:10:00
330.0,5.0,7.0,3.1,12.0,9.0,285.0,1025.2,,13.1,,,,,2025-11-10 19:20:00
330.0,5.0,6.0,,,,,1025.1,,13.2,,,,,2025-11-10 19:30:00
340.0,4.0,6.0,3.0,,8.7,275.0,1025.0,,13.2,,,,,2025-11-10 19:40:00
340.0,4.0,6.0,3.0,11.0,8.7,275.0,1025.0,,13.2,,,,,2025-11-10 19:50:00
330.0,5.0,7.0,,,,,1025.1,,13.2,,,0.5,,2025-11-10 20:00:00
330.0,5.0,6.0,3.2,,9.0,280.0,1025.1,,13.3,,,,,2025-11-10 20:10:00
330.0,5.0,7.0,3.2,11.0,9.0,280.0,1025.0,,13.3,,,,,2025-11-10 20:20:00
330.0,5.0,6.0,,,,,1024.9,,13.3,,,,,2025-11-10 20:30:00
330.0,5.0,7.0,2.8,,8.6,286.0,1024.8,,13.3,,,,,2025-11-10 20:40:00
330.0,5.0,7.0,2.8,12.0,8.6,286.0,1024.8,,13.3,,,,,2025-11-10 20:50:00
330.0,5.0,6.0,,,,,1024.7,,13.3,,,-0.3,,2025-11-10 21:00:00
330.0,5.0,6.0,3.1,,9.0,307.0,1024.7,,13.3,,,,,2025-11-10 21:10:00
340.0,5.0,6.0,3.1,13.0,9.0,307.0,1024.6,,13.3,,,,,2025-11-10 21:20:00
340.0,4.0,5.0,,,,,1024.6,,13.3,,,,,2025-11-10 21:30:00
340.0,4.0,5.0,2.9,,8.9,281.0,1024.6,,13.3,,,,,2025-11-10 21:40:00
330.0,4.0,6.0,2.9,13.0,8.9,281.0,1024.8,,13.3,,,,,2025-11-10 21:50:00
330.0,5.0,7.0,,,,,1024.9,,13.3,,,-0.4,,2025-11-10 22:00:00
330.0,5.0,7.0,2.9,,8.7,290.0,1024.9,,13.3,,,,,2025-11-10 22:10:00
330.0,4.0,5.0,2.9,13.0,8.7,290.0,1025.0,,,,,,,2025-11-10 22:20:00
330.0,4.0,5.0,,,,,1024.9,,13.3,,,,,2025-11-10 22:30:00
320.0,4.0,5.0,,,,,1024.7,,13.3,,,,,2025-11-10 22:40:00
330.0,4.0,5.0,3.1,11.0,8.7,260.0,1024.8,,13.3,,,,,2025-11-10 22:50:00
340.0,3.0,5.0,,,,,1024.8,,13.3,,,-0.3,,2025-11-10 23:00:00
360.0,2.0,4.0,2.8,,8.6,290.0,1024.9,,13.3,,,,,2025-11-10 23:10:00
360.0,3.0,4.0,,,,,1025.1,,13.3,,,,,2025-11-10 23:40:00
360.0,2.0,4.0,2.8,11.0,8.4,256.0,1025.3,,13.3,,,,,2025-11-10 23:50:00
320.0,3.0,5.0,,,,,1025.3,,13.3,,,0.6,,2025-11-11 00:00:00
330.0,4.0,5.0,3.0,,8.9,281.0,1025.4,,13.3,,,,,2025-11-11 00:10:00
320.0,4.0,6.0,3.0,12.0,8.9,281.0,1025.4,,13.3,,,,,2025-11-11 00:20:00
320.0,4.0,6.0,,,,,1025.4,,13.3,,,,,2025-11-11 00:30:00
320.0,4.0,6.0,3.0,,8.8,300.0,1025.3,,13.3,,,,,2025-11-11 00:40:00
320.0,4.0,6.0,3.0,12.0,8.8,300.0,1025.4,,13.3,,,,,2025-11-11 00:50:00
310.0,3.0,5.0,,,,,1025.4,,13.3,,,0.5,,2025-11-11 01:00:00
320.0,4.0,6.0,2.5,,8.1,298.0,1025.4,,13.3,,,,,2025-11-11 01:10:00
320.0,4.0,5.0,2.5,12.0,8.1,298.0,1025.5,,13.3,,,,,2025-11-11 01:20:00
340.0,4.0,5.0,,,,,1025.5,,13.3,,,,,2025-11-11 01:30:00
350.0,4.0,5.0,2.5,,8.0,289.0,1025.5,,13.3,,,,,2025-11-11 01:40:00
350.0,4.0,4.0,2.5,11.0,8.0,289.0,1025.5,,13.3,,,,,2025-11-11 01:50:00
340.0,3.0,4.0,,,,,1025.4,,13.3,,,0.6,,2025-11-11 02:00:00
330.0,3.0,5.0,2.7,,8.2,261.0,1025.5,,13.3,,,,,2025-11-11 02:10:00
330.0,3.0,5.0,2.7,11.0,8.2,261.0,1025.6,,13.2,,,,,2025-11-11 02:20:00
320.0,4.0,5.0,,,,,1025.6,,13.3,,,,,2025-11-11 02:30:00
320.0,3.0,4.0,2.6,,8.0,293.0,1025.6,,13.3,,,,,2025-11-11 02:40:00
330.0,3.0,5.0,2.6,11.0,8.0,293.0,1025.7,,13.3,,,,,2025-11-11 02:50:00
360.0,4.0,5.0,,,,,1025.7,,13.3,,,0.4,,2025-11-11 03:00:00
10.0,4.0,5.0,2.6,,8.2,275.0,1025.7,,13.3,,,,,2025-11-11 03:10:00
20.0,3.0,4.0,2.6,11.0,8.2,275.0,1025.7,,13.3,,,,,2025-11-11 03:20:00
20.0,3.0,5.0,,,,,1025.7,,13.3,,,,,2025-11-11 03:30:00
20.0,3.0,4.0,,,,,1025.8,,13.3,,,,,2025-11-11 03:40:00
20.0,3.0,4.0,2.4,11.0,7.9,301.0,1025.9,,13.3,,,,,2025-11-11 03:50:00
20.0,3.0,4.0,,,,,1025.9,,13.3,,,0.5,,2025-11-11 04:00:00
20.0,3.0,4.0,2.7,,8.4,284.0,1025.9,,13.3,,,,,2025-11-11 04:10:00
30.0,2.0,3.0,2.7,11.0,8.4,284.0,1025.8,,13.3,,,,,2025-11-11 04:20:00
20.0,3.0,4.0,,,,,1026.0,,13.3,,,,,2025-11-11 04:30:00
20.0,3.0,4.0,,,,,1026.0,,13.3,,,,,2025-11-11 04:40:00
20.0,3.0,4.0,2.5,11.0,7.8,295.0,1025.9,,13.3,,,,,2025-11-11 04:50:00
360.0,3.0,4.0,,,,,1026.0,,13.3,,,0.6,,2025-11-11 05:00:00
10.0,3.0,4.0,2.8,,8.3,275.0,1025.9,,13.3,,,,,2025-11-11 05:10:00
10.0,3.0,4.0,2.8,11.0,8.3,275.0,1026.0,,13.3,,,,,2025-11-11 05:20:00
10.0,3.0,4.0,,,,,1025.9,,13.3,,,,,2025-11-11 05:30:00
20.0,3.0,4.0,,,,,1026.0,,13.3,,,,,2025-11-11 05:40:00
30.0,3.0,4.0,2.6,11.0,7.9,287.0,1026.0,,13.3,,,,,2025-11-11 05:50:00
30.0,2.0,3.0,,,,,1026.1,,13.3,,,0.4,,2025-11-11 06:00:00
30.0,2.0,3.0,2.8,,8.3,291.0,1026.1,,13.3,,,,,2025-11-11 06:10:00
30.0,1.0,2.0,2.8,11.0,8.3,291.0,1026.1,,13.3,,,,,2025-11-11 06:20:00
40.0,1.0,2.0,,,,,1026.0,,13.3,,,,,2025-11-11 06:30:00
60.0,1.0,2.0,2.4,,7.8,306.0,1026.0,,13.3,,,,,2025-11-11 06:40:00
50.0,1.0,3.0,2.4,11.0,7.8,306.0,1025.9,,13.3,,,,,2025-11-11 06:50:00
60.0,1.0,2.0,,,,,1025.9,,13.3,,,0.0,,2025-11-11 07:00:00
60.0,1.0,2.0,2.9,,8.4,298.0,1025.9,,13.2,,,,,2025-11-11 07:10:00
70.0,1.0,2.0,2.9,11.0,8.4,298.0,1025.9,,13.3,,,,,2025-11-11 07:20:00
60.0,1.0,2.0,,,,,1025.8,,,,,,,2025-11-11 07:30:00
80.0,1.0,3.0,2.9,,8.5,298.0,1025.7,,13.2,,,,,2025-11-11 07:40:00
80.0,1.0,2.0,2.9,11.0,8.5,298.0,1025.7,,13.3,,,,,2025-11-11 07:50:00
100.0,1.0,3.0,,,,,1025.7,,13.2,,,-0.3,,2025-11-11 08:00:00
100.0,1.0,3.0,,,,,1025.6,,13.2,,,,,2025-11-11 08:10:00
90.0,1.0,2.0,2.6,11.0,8.3,286.0,1025.6,,13.2,,,,,2025-11-11 08:20:00
100.0,1.0,3.0,,,,,1025.6,,13.2,,,,,2025-11-11 08:30:00
110.0,1.0,3.0,2.7,,8.4,299.0,1025.5,,13.3,,,,,2025-11-11 08:40:00
110.0,2.0,3.0,2.7,10.0,8.4,299.0,1025.4,,13.3,,,,,2025-11-11 08:50:00
110.0,2.0,3.0,,,,,1025.3,,13.3,,,-0.8,,2025-11-11 09:00:00
120.0,1.0,3.0,2.8,,8.6,304.0,1025.2,,13.3,,,,,2025-11-11 09:10:00
110.0,2.0,3.0,2.8,10.0,8.6,304.0,1025.1,,13.3,,,,,2025-11-11 09:20:00
110.0,1.0,3.0,,,,,1025.1,,13.3,,,,,2025-11-11 09:30:00
120.0,2.0,3.0,,,,,1025.1,,13.3,,,,,2025-11-11 09:40:00
110.0,1.0,3.0,2.7,11.0,8.6,298.0,1025.0,,13.3,,,,,2025-11-11 09:50:00
120.0,1.0,3.0,,,,,1025.0,,13.2,,,-0.9,,2025-11-11 10:00:00
120.0,1.0,2.0,2.5,,8.2,301.0,1024.9,,13.2,,,,,2025-11-11 10:10:00
120.0,1.0,2.0,2.5,10.0,8.2,301.0,1024.9,,13.2,,,,,2025-11-11 10:20:00
130.0,1.0,2.0,,,,,1024.8,,13.2,,,,,2025-11-11 10:30:00
110.0,1.0,2.0,,,,,1024.7,,13.2,,,,,2025-11-11 10:40:00
80.0,1.0,2.0,2.2,10.0,8.1,286.0,1024.6,,13.2,,,,,2025-11-11 10:50:00
100.0,1.0,2.0,,,,,1024.6,,13.2,,,-1.1,,2025-11-11 11:00:00
90.0,1.0,2.0,2.8,,8.5,284.0,1024.6,,13.2,,,,,2025-11-11 11:10:00
70.0,1.0,2.0,2.8,10.0,8.5,284.0,1024.5,,13.2,,,,,2025-11-11 11:20:00
80.0,2.0,3.0,,,,,1024.4,,13.2,,,,,2025-11-11 11:30:00
100.0,2.0,3.0,2.4,,8.4,289.0,1024.3,,13.1,,,,,2025-11-11 11:40:00
90.0,2.0,3.0,2.4,10.0,8.4,289.0,1024.3,,13.1,,,,,2025-11-11 11:50:00
80.0,1.0,2.0,,,,,1024.1,,13.1,,,-1.2,,2025-11-11 12:00:00
80.0,1.0,3.0,2.8,,8.7,288.0,1024.1,,13.1,,,,,2025-11-11 12:10:00
90.0,1.0,2.0,2.8,11.0,8.7,288.0,1024.1,,13.1,,,,,2025-11-11 12:20:00
100.0,1.0,2.0,,,,,1024.1,,13.1,,,,,2025-11-11 12:30:00
90.0,1.0,2.0,,,,,1024.0,,13.1,,,,,2025-11-11 12:40:00
110.0,2.0,3.0,2.0,10.0,7.8,281.0,1023.8,,13.1,,,,,2025-11-11 12:50:00
100.0,2.0,2.0,,,,,1023.8,,13.1,,,-1.2,,2025-11-11 13:00:00
120.0,2.0,3.0,,,,,1023.7,,13.1,,,,,2025-11-11 13:10:00
120.0,1.0,2.0,2.2,11.0,8.0,312.0,1023.7,,13.1,,,,,2025-11-11 13:20:00
130.0,1.0,2.0,,,,,1023.7,,13.1,,,,,2025-11-11 13:30:00
130.0,1.0,2.0,2.1,,7.8,268.0,1023.7,,13.1,,,,,2025-11-11 13:40:00
110.0,1.0,2.0,2.1,10.0,7.8,268.0,1023.6,,13.1,,,,,2025-11-11 13:50:00
,0.0,1.0,,,,,1023.6,,13.1,,,-1.0,,2025-11-11 14:00:00
,0.0,1.0,2.1,,7.7,301.0,1023.7,,13.1,,,,,2025-11-11 14:10:00
,0.0,1.0,2.1,11.0,7.7,301.0,1023.6,,13.1,,,,,2025-11-11 14:20:00
,0.0,1.0,,,,,1023.5,,13.1,,,,,2025-11-11 14:30:00
,0.0,2.0,1.9,,7.5,285.0,1023.5,,13.1,,,,,2025-11-11 14:40:00
,0.0,1.0,1.9,11.0,7.5,285.0,1023.3,,13.1,,,,,2025-11-11 14:50:00
90.0,1.0,2.0,,,,,1023.1,,13.1,,,-1.0,,2025-11-11 15:00:00
70.0,1.0,2.0,2.4,,8.1,292.0,1023.1,,13.1,,,,,2025-11-11 15:10:00
80.0,1.0,2.0,2.4,11.0,8.1,292.0,1023.0,,13.1,,,,,2025-11-11 15:20:00
50.0,1.0,2.0,,,,,1022.8,,13.1,,,,,2025-11-11 15:30:00
50.0,1.0,2.0,,,,,1022.6,,13.1,,,,,2025-11-11 15:40:00
60.0,2.0,3.0,1.9,11.0,7.6,289.0,1022.7,,13.1,,,,,2025-11-11 15:50:00
60.0,2.0,3.0,,,,,1022.7,,13.1,,,-1.1,,2025-11-11 16:00:00
40.0,2.0,3.0,,,,,1022.6,,13.1,,,,,2025-11-11 16:10:00
50.0,2.0,3.0,1.9,11.0,7.6,301.0,1022.5,,13.1,,,,,2025-11-11 16:20:00
60.0,2.0,3.0,,,,,1022.5,,13.1,,,,,2025-11-11 16:30:00
60.0,2.0,3.0,,,,,1022.5,,13.1,,,,,2025-11-11 16:40:00
70.0,2.0,3.0,1.9,11.0,7.3,283.0,1022.4,,13.1,,,,,2025-11-11 16:50:00
60.0,3.0,4.0,,,,,1022.2,,13.1,,,-1.4,,2025-11-11 17:00:00
70.0,3.0,4.0,,,,,1022.2,,13.1,,,,,2025-11-11 17:10:00
80.0,3.0,4.0,1.7,11.0,7.1,298.0,1022.1,,13.1,,,,,2025-11-11 17:20:00
80.0,3.0,4.0,,,,,1021.9,,13.1,,,,,2025-11-11 17:30:00
80.0,4.0,5.0,,,,,1021.8,,13.1,,,,,2025-11-11 17:40:00
90.0,4.0,5.0,1.9,11.0,7.6,299.0,1021.7,,13.1,,,,,2025-11-11 17:50:00
80.0,4.0,5.0,,,,,1021.7,,13.1,,,-1.4,,2025-11-11 18:00:00
80.0,4.0,5.0,1.8,,7.6,288.0,1021.6,,13.1,,,,,2025-11-11 18:10:00
80.0,4.0,5.0,1.8,10.0,7.6,288.0,1021.4,,13.1,,,,,2025-11-11 18:20:00
70.0,4.0,5.0,,,,,1021.4,,13.1,,,,,2025-11-11 18:30:00
60.0,4.0,5.0,,,,,1021.2,,13.1,,,,,2025-11-11 18:40:00
70.0,4.0,5.0,1.8,10.0,7.7,288.0,1021.1,,13.1,,,,,2025-11-11 18:50:00
70.0,4.0,5.0,,,,,1021.0,,13.1,,,-1.7,,2025-11-11 19:00:00
80.0,4.0,5.0,1.9,,7.6,297.0,1021.0,,13.1,,,,,2025-11-11 19:10:00
80.0,3.0,4.0,1.9,10.0,7.6,297.0,1021.0,,13.1,,,,,2025-11-11 19:20:00
80.0,3.0,4.0,,,,,1020.7,,13.1,,,,,2025-11-11 19:30:00
70.0,3.0,5.0,1.9,,7.5,286.0,1020.4,,13.2,,,,,2025-11-11 19:40:00
70.0,3.0,5.0,1.9,10.0,7.5,286.0,1020.2,,13.2,,,,,2025-11-11 19:50:00
70.0,3.0,5.0,,,,,1020.1,,13.2,,,-2.1,,2025-11-11 20:00:00
60.0,4.0,4.0,1.7,,7.4,287.0,1019.8,,13.2,,,,,2025-11-11 20:10:00
60.0,3.0,5.0,1.7,10.0,7.4,287.0,1019.6,,13.2,,,,,2025-11-11 20:20:00
50.0,4.0,5.0,,,,,1019.4,,13.2,,,,,2025-11-11 20:30:00
50.0,3.0,5.0,1.8,,7.5,294.0,1019.2,,13.2,,,,,2025-11-11 20:40:00
60.0,3.0,5.0,1.8,10.0,7.5,294.0,1019.1,,13.2,,,,,2025-11-11 20:50:00
50.0,3.0,4.0,,,,,1018.9,,13.2,,,-2.8,,2025-11-11 21:00:00
50.0,3.0,4.0,1.8,,7.6,296.0,1018.6,,13.2,,,,,2025-11-11 21:10:00
50.0,3.0,4.0,1.8,10.0,7.6,296.0,1018.3,,13.3,,,,,2025-11-11 21:20:00
50.0,3.0,5.0,,,,,1018.2,,13.3,,,,,2025-11-11 21:30:00
50.0,4.0,5.0,,,,,1017.7,,13.3,,,,,2025-11-11 21:40:00
50.0,3.0,5.0,1.8,10.0,7.5,290.0,1017.8,,13.3,,,,,2025-11-11 21:50:00
40.0,3.0,4.0,,,,,1017.5,,13.3,,,-3.5,,2025-11-11 22:00:00
40.0,3.0,5.0,,,,,1017.4,,13.2,,,,,2025-11-11 22:10:00
30.0,3.0,4.0,1.7,10.0,7.6,295.0,1017.2,,13.2,,,,,2025-11-11 22:20:00
30.0,3.0,4.0,,,,,1017.0,,13.2,,,,,2025-11-11 22:30:00
20.0,3.0,4.0,1.9,,7.8,293.0,1017.0,,13.2,,,,,2025-11-11 22:40:00
40.0,2.0,3.0,1.9,10.0,7.8,293.0,1016.9,,13.2,,,,,2025-11-11 22:50:00
20.0,2.0,3.0,,,,,1016.9,,13.2,,,-3.2,,2025-11-11 23:00:00
30.0,2.0,3.0,,,,,1016.7,,13.2,,,,,2025-11-11 23:10:00
20.0,2.0,3.0,1.9,10.0,7.8,285.0,1016.6,,13.2,,,,,2025-11-11 23:20:00
20.0,2.0,3.0,,,,,1016.5,,13.2,,,,,2025-11-11 23:30:00
30.0,2.0,4.0,,,,,1016.4,,13.1,,,,,2025-11-11 23:40:00
20.0,2.0,3.0,2.0,9.0,7.9,294.0,1016.3,,13.1,,,,,2025-11-11 23:50:00
30.0,2.0,3.0,,,,,1016.0,,13.1,,,-2.9,,2025-11-12 00:00:00
20.0,2.0,4.0,2.0,,8.0,295.0,1015.7,,13.1,,,,,2025-11-12 00:10:00
20.0,4.0,5.0,2.0,9.0,8.0,295.0,1015.6,,13.1,,,,,2025-11-12 00:20:00
20.0,3.0,4.0,,,,,1015.3,,13.0,,,,,2025-11-12 00:30:00
10.0,3.0,4.0,,,,,1015.3,,13.0,,,,,2025-11-12 00:40:00
10.0,3.0,4.0,2.3,9.0,8.5,299.0,1015.3,,13.0,,,,,2025-11-12 00:50:00
10.0,3.0,4.0,,,,,1015.2,,13.0,,,-2.3,,2025-11-12 01:00:00
10.0,3.0,4.0,,,,,1015.1,,13.0,,,,,2025-11-12 01:10:00
10.0,4.0,4.0,2.1,10.0,8.1,296.0,1015.0,,13.0,,,,,2025-11-12 01:20:00
360.0,4.0,5.0,,,,,1015.0,,12.9,,,,,2025-11-12 01:30:00
360.0,4.0,5.0,2.1,,8.2,297.0,1014.8,,12.9,,,,,2025-11-12 01:40:00
360.0,4.0,4.0,2.1,10.0,8.2,297.0,1014.9,,12.9,,,,,2025-11-12 01:50:00
10.0,4.0,4.0,,,,,1014.8,,12.9,,,-2.1,,2025-11-12 02:00:00
10.0,4.0,5.0,2.2,,8.5,298.0,1014.8,,12.9,,,,,2025-11-12 02:10:00
10.0,3.0,4.0,2.2,11.0,8.5,298.0,1014.8,,12.9,,,,,2025-11-12 02:20:00
360.0,3.0,4.0,,,,,1014.6,,13.0,,,,,2025-11-12 02:30:00
10.0,3.0,4.0,,,,,1014.6,,13.0,,,,,2025-11-12 02:40:00
10.0,3.0,4.0,2.2,11.0,8.5,289.0,1014.6,,12.9,,,,,2025-11-12 02:50:00
360.0,3.0,4.0,,,,,1014.6,,12.9,,,-1.4,,2025-11-12 03:00:00
360.0,3.0,5.0,,,,,1014.5,,12.8,,,,,2025-11-12 03:10:00
360.0,3.0,4.0,2.3,11.0,8.6,286.0,1014.7,,12.8,,,,,2025-11-12 03:20:00
10.0,3.0,4.0,,,,,1014.5,,12.8,,,,,2025-11-12 03:30:00
360.0,3.0,4.0,,,,,1014.4,,12.8,,,,,2025-11-12 03:40:00
10.0,2.0,4.0,2.1,10.0,8.3,280.0,1014.4,,12.8,,,,,2025-11-12 03:50:00
10.0,3.0,4.0,,,,,1014.2,,12.8,,,-1.0,,2025-11-12 04:00:00
10.0,3.0,4.0,2.0,,8.0,286.0,1014.1,,12.8,,,,,2025-11-12 04:10:00
10.0,3.0,4.0,2.0,11.0,8.0,286.0,1014.0,,12.8,,,,,2025-11-12 04:20:00
20.0,3.0,3.0,,,,,1013.8,,12.8,,,,,2025-11-12 04:30:00
360.0,2.0,4.0,,,,,1013.7,,12.8,,,,,2025-11-12 04:40:00
20.0,2.0,3.0,2.1,11.0,8.6,283.0,1013.6,,12.8,,,,,2025-11-12 04:50:00
20.0,2.0,3.0,,,,,1013.3,,12.8,,,-1.5,,2025-11-12 05:00:00
30.0,3.0,4.0,,,,,1013.2,,12.8,,,,,2025-11-12 05:10:00
20.0,2.0,3.0,2.3,11.0,8.5,290.0,1013.1,,12.8,,,,,2025-11-12 05:20:00
40.0,2.0,3.0,,,,,1013.2,,12.8,,,,,2025-11-12 05:30:00
50.0,1.0,2.0,,,,,1013.2,,12.8,,,,,2025-11-12 05:40:00
50.0,1.0,2.0,2.2,11.0,8.5,275.0,1013.2,,12.8,,,,,2025-11-12 05:50:00
,0.0,2.0,,,,,1013.2,,12.8,,,-1.4,,2025-11-12 06:00:00
,0.0,1.0,,,,,1013.3,,12.8,,,,,2025-11-12 06:10:00
280.0,1.0,2.0,1.9,10.0,8.2,280.0,1013.1,,12.8,,,,,2025-11-12 06:20:00
310.0,1.0,2.0,,,,,1012.8,,12.8,,,,,2025-11-12 06:30:00
,0.0,2.0,,,,,1012.7,,12.8,,,,,2025-11-12 06:40:00
340.0,1.0,2.0,2.3,11.0,8.7,281.0,1012.4,,12.8,,,,,2025-11-12 06:50:00
,0.0,2.0,,,,,1012.3,,12.8,,,-1.9,,2025-11-12 07:00:00
,0.0,2.0,,,,,1012.4,,12.8,,,,,2025-11-12 07:10:00
,0.0,2.0,2.1,11.0,8.5,280.0,1012.2,,12.8,,,,,2025-11-12 07:20:00
270.0,1.0,2.0,,,,,1012.2,,12.8,,,,,2025-11-12 07:30:00
,0.0,1.0,,,,,1012.0,,12.8,,,,,2025-11-12 07:40:00
,0.0,1.0,1.8,11.0,8.2,274.0,1011.9,,12.8,,,,,2025-11-12 07:50:00
,0.0,1.0,,,,,1011.7,,12.8,,,-1.6,,2025-11-12 08:00:00
300.0,1.0,2.0,1.9,,8.3,273.0,1011.6,,12.8,,,,,2025-11-12 08:10:00
270.0,1.0,1.0,1.9,11.0,8.3,273.0,1011.7,,12.8,,,,,2025-11-12 08:20:00
,0.0,1.0,,,,,1011.4,,12.8,,,,,2025-11-12 08:30:00
,0.0,0.0,2.0,,8.5,282.0,1011.4,,12.8,,,,,2025-11-12 08:40:00
,0.0,0.0,2.0,11.0,8.5,282.0,1011.2,,12.8,,,,,2025-11-12 08:50:00
,0.0,1.0,,,,,1011.0,,12.8,,,-2.2,,2025-11-12 09:00:00
,0.0,1.0,1.8,,8.1,275.0,1011.0,,12.9,,,,,2025-11-12 09:10:00
,0.0,1.0,1.8,11.0,8.1,275.0,1011.0,,12.9,,,,,2025-11-12 09:20:00
180.0,1.0,2.0,,,,,1011.0,,12.9,,,,,2025-11-12 09:30:00
,0.0,1.0,2.0,,8.7,284.0,1010.7,,12.8,,,,,2025-11-12 09:40:00
170.0,1.0,2.0,2.0,11.0,8.7,284.0,1010.8,,12.9,,,,,2025-11-12 09:50:00
170.0,2.0,3.0,,,,,1010.8,,12.9,,,-1.5,,2025-11-12 10:00:00
170.0,2.0,4.0,,,,,1010.7,,12.9,,,,,2025-11-12 10:10:00
180.0,2.0,3.0,1.8,11.0,8.3,289.0,1010.5,,12.9,,,,,2025-11-12 10:20:00
160.0,2.0,3.0,,,,,1010.4,,12.8,,,,,2025-11-12 10:30:00
160.0,2.0,3.0,,,,,1010.3,,12.9,,,,,2025-11-12 10:40:00
170.0,2.0,3.0,1.9,10.0,8.4,284.0,1010.0,,12.9,,,,,2025-11-12 10:50:00
160.0,1.0,2.0,,,,,1009.9,,12.9,,,-1.8,,2025-11-12 11:00:00
180.0,1.0,2.0,,,,,1009.9,,12.9,,,,,2025-11-12 11:10:00
200.0,1.0,2.0,1.9,11.0,8.8,281.0,1009.6,,12.9,,,,,2025-11-12 11:20:00
150.0,1.0,3.0,,,,,1009.4,,12.9,,,,,2025-11-12 11:30:00
150.0,1.0,2.0,1.9,,8.8,280.0,1009.5,,12.9,,,,,2025-11-12 11:40:00
190.0,2.0,2.0,1.9,10.0,8.8,280.0,1009.5,,12.8,,,,,2025-11-12 11:50:00
170.0,2.0,3.0,,,,,1009.5,,12.8,,,-1.5,,2025-11-12 12:00:00
150.0,2.0,3.0,2.0,,9.0,290.0,1009.4,,12.8,,,,,2025-11-12 12:10:00
130.0,2.0,3.0,2.0,10.0,9.0,290.0,1009.2,,12.9,,,,,2025-11-12 12:20:00
130.0,2.0,3.0,,,,,1009.0,,12.9,,,,,2025-11-12 12:30:00
160.0,2.0,3.0,2.0,,9.1,284.0,1009.5,,12.9,,,,,2025-11-12 12:40:00
160.0,2.0,3.0,2.0,10.0,9.1,284.0,1009.2,,12.9,,,,,2025-11-12 12:50:00
140.0,2.0,3.0,,,,,1008.9,,12.9,,,-1.9,,2025-11-12 13:00:00
130.0,1.0,2.0,1.9,,9.0,306.0,1009.1,,12.9,,,,,2025-11-12 13:10:00
150.0,1.0,2.0,1.9,12.0,9.0,306.0,1009.0,,12.9,,,,,2025-11-12 13:20:00
160.0,1.0,2.0,,,,,1009.0,,12.9,,,,,2025-11-12 13:30:00
140.0,2.0,3.0,,,,,1008.9,,12.9,,,,,2025-11-12 13:40:00
150.0,3.0,4.0,2.0,10.0,8.9,293.0,1009.2,,12.9,,,,,2025-11-12 13:50:00
160.0,3.0,4.0,,,,,1008.9,,12.9,,,-1.0,,2025-11-12 14:00:00
140.0,2.0,4.0,2.1,,9.1,300.0,1008.5,,12.9,,,,,2025-11-12 14:10:00
130.0,2.0,3.0,2.1,11.0,9.1,300.0,1008.5,,12.9,,,,,2025-11-12 14:20:00
110.0,1.0,3.0,,,,,1008.3,,13.0,,,,,2025-11-12 14:30:00
90.0,2.0,4.0,2.3,,9.3,295.0,1008.2,,13.0,,,,,2025-11-12 14:40:00
110.0,2.0,3.0,2.3,10.0,9.3,295.0,1008.4,,13.0,,,,,2025-11-12 14:50:00
120.0,2.0,3.0,,,,,1008.1,,13.0,,,-1.4,,2025-11-12 15:00:00
110.0,2.0,4.0,,,,,1008.2,,13.0,,,,,2025-11-12 15:10:00
140.0,2.0,3.0,2.3,11.0,9.3,295.0,1008.6,,13.0,,,,,2025-11-12 15:20:00
170.0,2.0,4.0,,,,,1008.5,,13.0,,,,,2025-11-12 15:30:00
170.0,2.0,3.0,,,,,1008.5,,13.0,,,,,2025-11-12 15:40:00
160.0,3.0,4.0,2.4,12.0,9.4,289.0,1008.8,,13.0,,,,,2025-11-12 15:50:00
140.0,4.0,8.0,,,,,1007.4,,12.9,,,-1.5,,2025-11-12 16:00:00
100.0,5.0,8.0,2.4,,9.4,291.0,1007.5,,12.9,,,,,2025-11-12 16:10:00
110.0,5.0,7.0,2.4,10.0,9.4,291.0,1007.4,,12.9,,,,,2025-11-12 16:20:00
110.0,5.0,6.0,,,,,1007.4,,12.9,,,,,2025-11-12 16:30:00
120.0,5.0,7.0,,,,,1007.6,,12.9,,,,,2025-11-12 16:40:00
130.0,5.0,6.0,2.3,11.0,9.4,297.0,1007.8,,12.9,,,,,2025-11-12 16:50:00
140.0,5.0,7.0,,,,,1007.7,,12.9,,,-1.2,,2025-11-12 17:00:00
130.0,5.0,6.0,2.5,,9.6,297.0,1007.8,,12.9,,,,,2025-11-12 17:10:00
140.0,6.0,8.0,2.5,12.0,9.6,297.0,1007.8,,12.9,,,,,2025-11-12 17:20:00
140.0,6.0,8.0,,,,,1007.7,,12.9,,,,,2025-11-12 17:30:00
150.0,6.0,8.0,,,,,1007.7,,12.9,,,,,2025-11-12 17:40:00
150.0,6.0,7.0,2.4,12.0,9.2,299.0,1007.4,,12.9,,,,,2025-11-12 17:50:00
150.0,6.0,8.0,,,,,1007.4,,12.9,,,-0.7,,2025-11-12 18:00:00
140.0,6.0,7.0,2.3,,8.9,305.0,1007.5,,12.9,,,,,2025-11-12 18:10:00
160.0,6.0,8.0,2.3,12.0,8.9,305.0,1007.6,,12.9,,,,,2025-11-12 18:20:00
160.0,6.0,7.0,,,,,1007.5,,12.9,,,,,2025-11-12 18:30:00
160.0,6.0,8.0,2.3,,9.1,288.0,1007.4,,12.9,,,,,2025-11-12 18:40:00
150.0,6.0,7.0,2.3,12.0,9.1,288.0,1007.2,,12.9,,,,,2025-11-12 18:50:00
150.0,6.0,8.0,,,,,1007.0,,12.9,,,-0.4,,2025-11-12 19:00:00
150.0,6.0,8.0,2.1,,8.7,285.0,1007.0,,12.9,,,,,2025-11-12 19:10:00
150.0,7.0,8.0,2.1,12.0,8.7,285.0,1007.1,,12.9,,,,,2025-11-12 19:20:00
160.0,7.0,8.0,,,,,1006.9,,12.9,,,,,2025-11-12 19:30:00
170.0,7.0,8.0,2.2,,8.6,290.0,1006.7,,12.9,,,,,2025-11-12 19:40:00
160.0,6.0,7.0,2.2,12.0,8.6,290.0,1006.5,,12.9,,,,,2025-11-12 19:50:00
160.0,6.0,7.0,,,,,1006.3,,12.9,,,-1.4,,2025-11-12 20:00:00
170.0,6.0,7.0,,,,,1006.0,,12.9,,,,,2025-11-12 20:10:00
170.0,6.0,8.0,2.5,12.0,8.9,290.0,1005.9,,12.9,,,,,2025-11-12 20:20:00
170.0,6.0,8.0,,,,,1005.8,,12.9,,,,,2025-11-12 20:30:00
170.0,7.0,9.0,2.2,,8.5,282.0,1005.9,,12.9,,,,,2025-11-12 20:40:00
170.0,7.0,9.0,2.2,11.0,8.5,282.0,1005.9,,12.9,,,,,2025-11-12 20:50:00
170.0,8.0,10.0,,,,,1005.9,,12.9,,,-1.5,,2025-11-12 21:00:00
170.0,8.0,9.0,2.2,,8.0,279.0,1005.7,,12.9,,,,,2025-11-12 21:10:00
170.0,8.0,10.0,2.2,12.0,8.0,279.0,1005.6,,12.9,,,,,2025-11-12 21:20:00
170.0,8.0,10.0,,,,,1005.6,,12.9,,,,,2025-11-12 21:30:00
170.0,8.0,11.0,2.2,,7.9,289.0,1005.6,,12.9,,,,,2025-11-12 21:40:00
170.0,8.0,9.0,2.2,13.0,7.9,289.0,1005.4,,12.9,,,,,2025-11-12 21:50:00
170.0,8.0,9.0,,,,,1005.4,,12.9,,,-1.6,,2025-11-12 22:00:00
170.0,7.0,9.0,2.2,,8.1,282.0,1005.3,,12.9,,,,,2025-11-12 22:10:00
170.0,7.0,9.0,2.2,14.0,8.1,282.0,1005.2,,12.9,,,,,2025-11-12 22:20:00
170.0,7.0,9.0,,,,,1005.1,,12.9,,,,,2025-11-12 22:30:00
170.0,8.0,9.0,2.2,,7.6,279.0,1005.1,,12.9,,,,,2025-11-12 22:40:00
170.0,8.0,10.0,2.2,13.0,7.6,279.0,1005.2,,12.9,,,,,2025-11-12 22:50:00
170.0,8.0,10.0,,,,,1005.2,,12.9,,,-1.1,,2025-11-12 23:00:00
170.0,8.0,9.0,2.3,,7.9,284.0,1005.2,,12.9,,,,,2025-11-12 23:10:00
170.0,8.0,10.0,2.3,13.0,7.9,284.0,1005.3,,12.9,,,,,2025-11-12 23:20:00
170.0,7.0,9.0,,,,,1005.2,,12.9,,,,,2025-11-12 23:40:00
170.0,7.0,8.0,2.4,12.0,7.7,284.0,1005.2,,12.9,,,,,2025-11-12 23:50:00
170.0,7.0,9.0,,,,,1005.1,,12.9,,,-0.8,,2025-11-13 00:00:00
170.0,8.0,10.0,,,,,1005.1,,12.9,,,,,2025-11-13 00:10:00
170.0,9.0,10.0,2.3,12.0,7.8,287.0,1005.1,,12.9,,,,,2025-11-13 00:20:00
180.0,9.0,11.0,,,,,1005.1,,,,,,,2025-11-13 00:30:00
180.0,8.0,10.0,,,,,1005.0,,12.9,,,,,2025-11-13 00:40:00
170.0,8.0,9.0,2.3,12.0,7.5,275.0,1004.9,,12.9,,,,,2025-11-13 00:50:00
180.0,7.0,9.0,,,,,1004.7,,12.9,,,-0.7,,2025-11-13 01:00:00
170.0,7.0,9.0,2.2,,7.2,274.0,1004.7,,12.9,,,,,2025-11-13 01:10:00
170.0,8.0,10.0,2.2,13.0,7.2,274.0,1004.8,,12.9,,,,,2025-11-13 01:20:00
160.0,9.0,11.0,,,,,1004.7,,12.9,,,,,2025-11-13 01:30:00
160.0,9.0,11.0,2.5,,7.3,280.0,1004.7,,12.9,,,,,2025-11-13 01:40:00
160.0,9.0,11.0,2.5,11.0,7.3,280.0,1004.6,,12.9,,,,,2025-11-13 01:50:00
160.0,9.0,11.0,,,,,1004.7,,12.9,,,-0.5,,2025-11-13 02:00:00
160.0,9.0,11.0,2.5,,7.2,278.0,1004.6,,12.9,,,,,2025-11-13 02:10:00
170.0,9.0,11.0,2.5,12.0,7.2,278.0,1004.6,,12.9,,,,,2025-11-13 02:20:00
170.0,9.0,11.0,,,,,1004.5,,12.9,,,,,2025-11-13 02:30:00
170.0,8.0,10.0,2.5,,7.1,270.0,1004.5,,,,,,,2025-11-13 02:40:00
160.0,9.0,11.0,2.5,13.0,7.1,270.0,1004.4,,12.9,,,,,2025-11-13 02:50:00
170.0,9.0,11.0,,,,,1004.4,,12.9,,,-0.7,,2025-11-13 03:00:00
170.0,9.0,10.0,,,,,1004.4,,12.9,,,,,2025-11-13 03:10:00
170.0,9.0,11.0,2.5,11.0,6.9,272.0,1004.4,,12.9,,,,,2025-11-13 03:20:00
170.0,9.0,11.0,,,,,1004.4,,12.9,,,,,2025-11-13 03:30:00
170.0,8.0,10.0,2.6,,7.0,288.0,1004.2,,12.9,,,,,2025-11-13 03:40:00
170.0,9.0,11.0,2.6,12.0,7.0,288.0,1004.2,,12.9,,,,,2025-11-13 03:50:00
170.0,9.0,11.0,,,,,1004.3,,12.9,,,-0.4,,2025-11-13 04:00:00
170.0,9.0,11.0,2.9,,7.4,278.0,1004.3,,12.9,,,,,2025-11-13 04:10:00
170.0,9.0,11.0,2.9,11.0,7.4,278.0,1004.2,,12.9,,,,,2025-11-13 04:20:00
170.0,9.0,11.0,,,,,1004.1,,12.9,,,,,2025-11-13 04:30:00
170.0,10.0,12.0,,,,,1004.1,,12.9,,,,,2025-11-13 04:40:00
170.0,10.0,12.0,3.1,11.0,7.5,278.0,1004.3,,12.9,,,,,2025-11-13 04:50:00
180.0,8.0,9.0,,,,,1004.2,,12.9,,,-0.5,,2025-11-13 05:00:00
170.0,8.0,9.0,3.2,,7.6,284.0,1004.2,,12.9,,,,,2025-11-13 05:10:00
170.0,9.0,11.0,3.2,11.0,7.6,284.0,1004.1,,12.9,,,,,2025-11-13 05:20:00
170.0,9.0,11.0,,,,,1004.0,,12.9,,,,,2025-11-13 05:30:00
170.0,9.0,11.0,,,,,1004.1,,12.9,,,,,2025-11-13 05:40:00
170.0,9.0,11.0,3.1,12.0,7.5,289.0,1004.1,,12.9,,,,,2025-11-13 05:50:00
170.0,9.0,11.0,,,,,1004.2,,12.9,,,0.0,,2025-11-13 06:00:00
170.0,9.0,11.0,3.3,,7.7,285.0,1004.2,,12.9,,,,,2025-11-13 06:10:00
170.0,9.0,11.0,3.3,11.0,7.7,285.0,1004.3,,12.9,,,,,2025-11-13 06:20:00
170.0,8.0,11.0,,,,,1004.2,,12.9,,,,,2025-11-13 06:30:00
170.0,8.0,10.0,3.2,,7.7,284.0,1004.2,,12.9,,,,,2025-11-13 06:40:00
170.0,8.0,10.0,3.2,11.0,7.7,284.0,1004.0,,12.9,,,,,2025-11-13 06:50:00
170.0,9.0,12.0,,,,,1003.9,,12.9,,,-0.4,,2025-11-13 07:00:00
170.0,9.0,11.0,3.4,,7.7,283.0,1004.0,,12.9,,,,,2025-11-13 07:10:00
170.0,8.0,11.0,3.4,11.0,7.7,283.0,1003.9,,12.9,,,,,2025-11-13 07:20:00
170.0,7.0,10.0,,,,,1003.9,,12.9,,,,,2025-11-13 07:30:00
160.0,7.0,9.0,,,,,1003.7,,12.9,,,,,2025-11-13 07:40:00
150.0,8.0,9.0,3.0,16.0,7.7,285.0,1003.6,,12.9,,,,,2025-11-13 07:50:00
160.0,7.0,9.0,,,,,1003.5,,12.9,,,-0.7,,2025-11-13 08:00:00
150.0,7.0,9.0,,,,,1003.4,,12.9,,,,,2025-11-13 08:10:00
150.0,7.0,9.0,3.0,11.0,7.9,281.0,1003.2,,12.9,,,,,2025-11-13 08:20:00
150.0,7.0,9.0,,,,,1003.2,,12.9,,,,,2025-11-13 08:30:00
150.0,7.0,9.0,,,,,1003.0,,12.9,,,,,2025-11-13 08:40:00
150.0,7.0,9.0,2.9,12.0,7.6,284.0,1002.9,,12.9,,,,,2025-11-13 08:50:00
150.0,7.0,9.0,,,,,1002.8,,13.0,,,-1.4,,2025-11-13 09:00:00
150.0,7.0,9.0,2.9,,7.9,288.0,1002.6,,13.0,,,,,2025-11-13 09:10:00
150.0,7.0,8.0,2.9,15.0,7.9,288.0,1002.5,,13.0,,,,,2025-11-13 09:20:00
150.0,7.0,8.0,,,,,1002.5,,13.0,,,,,2025-11-13 09:30:00
150.0,7.0,8.0,,,,,1002.4,,13.0,,,,,2025-11-13 09:40:00
150.0,6.0,9.0,3.1,16.0,8.1,263.0,1002.4,,13.0,,,,,2025-11-13 09:50:00
140.0,6.0,8.0,,,,,1002.3,,12.9,,,-1.6,,2025-11-13 10:00:00
140.0,7.0,8.0,3.2,,7.9,283.0,1002.2,,12.9,,,,,2025-11-13 10:10:00
130.0,6.0,8.0,3.2,16.0,7.9,283.0,1002.2,,12.9,,,,,2025-11-13 10:20:00
140.0,6.0,8.0,,,,,1002.1,,12.9,,,,,2025-11-13 10:30:00
140.0,6.0,8.0,,,,,1002.0,,12.9,,,,,2025-11-13 10:40:00
130.0,6.0,7.0,2.9,16.0,8.0,315.0,1001.9,,12.9,,,,,2025-11-13 10:50:00
130.0,6.0,7.0,,,,,1001.7,,12.9,,,-1.8,,2025-11-13 11:00:00
130.0,5.0,7.0,,,,,1001.5,,12.9,,,,,2025-11-13 11:10:00
130.0,6.0,8.0,3.1,13.0,8.1,294.0,1001.4,,12.9,,,,,2025-11-13 11:20:00
130.0,6.0,8.0,,,,,1001.4,,12.9,,,,,2025-11-13 11:30:00
130.0,6.0,8.0,,,,,1001.2,,12.9,,,,,2025-11-13 11:40:00
130.0,6.0,8.0,2.9,13.0,8.0,294.0,1001.0,,12.9,,,,,2025-11-13 11:50:00
120.0,6.0,8.0,,,,,1000.9,,12.9,,,-1.9,,2025-11-13 12:00:00
120.0,6.0,8.0,3.0,,8.2,316.0,1000.8,,12.9,,,,,2025-11-13 12:10:00
130.0,7.0,8.0,3.0,15.0,8.2,316.0,1001.0,,12.9,,,,,2025-11-13 12:20:00
120.0,6.0,8.0,,,,,1001.0,,12.9,,,,,2025-11-13 12:30:00
130.0,6.0,8.0,,,,,1001.0,,12.9,,,,,2025-11-13 12:40:00
120.0,7.0,8.0,2.9,15.0,8.0,297.0,1000.9,,12.9,,,,,2025-11-13 12:50:00
130.0,7.0,9.0,,,,,1001.0,,12.9,,,-1.3,,2025-11-13 13:00:00
140.0,7.0,9.0,3.0,,7.9,306.0,1000.9,,12.9,,,,,2025-11-13 13:10:00
130.0,8.0,9.0,3.0,14.0,7.9,306.0,1000.8,,12.9,,,,,2025-11-13 13:20:00
140.0,7.0,9.0,,,,,1000.7,,12.9,,,,,2025-11-13 13:30:00
140.0,7.0,9.0,,,,,1000.6,,12.9,,,,,2025-11-13 13:40:00
130.0,7.0,9.0,2.9,15.0,8.1,303.0,1000.5,,12.9,,,,,2025-11-13 13:50:00
130.0,6.0,8.0,,,,,1000.4,,12.9,,,-1.3,,2025-11-13 14:00:00
130.0,6.0,8.0,,,,,1000.3,,12.9,,,,,2025-11-13 14:10:00
140.0,6.0,8.0,3.2,15.0,8.5,288.0,1000.3,,12.9,,,,,2025-11-13 14:20:00
140.0,7.0,9.0,,,,,1000.3,,12.9,,,,,2025-11-13 14:30:00
140.0,7.0,9.0,3.3,,8.2,286.0,1000.2,,12.9,,,,,2025-11-13 14:40:00
150.0,6.0,8.0,3.3,14.0,8.2,286.0,1000.5,,12.9,,,,,2025-11-13 14:50:00
150.0,6.0,7.0,,,,,1000.5,,12.9,,,-0.4,,2025-11-13 15:00:00
160.0,6.0,7.0,3.1,,7.9,255.0,1000.5,,12.9,,,,,2025-11-13 15:10:00
160.0,6.0,7.0,3.1,10.0,7.9,255.0,1000.5,,12.9,,,,,2025-11-13 15:20:00
150.0,5.0,7.0,,,,,1000.8,,12.9,,,,,2025-11-13 15:30:00
160.0,5.0,7.0,,,,,1000.8,,12.9,,,,,2025-11-13 15:40:00
160.0,5.0,6.0,3.4,13.0,8.4,298.0,1000.8,,12.9,,,,,2025-11-13 15:50:00
150.0,4.0,6.0,,,,,1000.9,,12.9,,,-0.0,,2025-11-13 16:00:00
150.0,4.0,5.0,3.1,,8.2,267.0,1000.8,,12.9,,,,,2025-11-13 16:10:00
150.0,3.0,5.0,3.1,11.0,8.2,267.0,1000.9,,12.9,,,,,2025-11-13 16:20:00
150.0,3.0,5.0,,,,,1001.1,,12.9,,,,,2025-11-13 16:30:00
160.0,3.0,4.0,3.6,,8.4,275.0,1001.3,,12.9,,,,,2025-11-13 16:40:00
160.0,4.0,6.0,3.6,10.0,8.4,275.0,1001.4,,12.9,,,,,2025-11-13 16:50:00
180.0,4.0,10.0,,,,,1001.7,,12.9,,,1.3,,2025-11-13 17:00:00
360.0,10.0,15.0,3.4,,8.5,300.0,1001.9,,12.9,,,,,2025-11-13 17:10:00
10.0,11.0,14.0,3.4,15.0,8.5,300.0,1002.1,,12.9,,,,,2025-11-13 17:20:00
10.0,11.0,14.0,,,,,1002.2,,12.9,,,,,2025-11-13 17:30:00
10.0,11.0,15.0,,,,,1002.3,,12.9,,,,,2025-11-13 17:40:00
10.0,11.0,14.0,3.1,13.0,7.8,302.0,1002.4,,12.9,,,,,2025-11-13 17:50:00
10.0,11.0,14.0,,,,,1002.9,,12.9,,,2.4,,2025-11-13 18:00:00
10.0,11.0,13.0,3.8,,8.2,283.0,1003.2,,12.9,,,,,2025-11-13 18:10:00
10.0,11.0,13.0,3.8,11.0,8.2,283.0,1003.2,,12.9,,,,,2025-11-13 18:20:00
10.0,10.0,13.0,,,,,1003.4,,12.9,,,,,2025-11-13 18:30:00
10.0,10.0,14.0,,,,,1003.6,,12.9,,,,,2025-11-13 18:40:00
10.0,10.0,12.0,3.3,11.0,7.3,300.0,1003.8,,12.9,,,,,2025-11-13 18:50:00
10.0,10.0,12.0,,,,,1003.7,,12.9,,,2.8,,2025-11-13 19:00:00
10.0,10.0,13.0,,,,,1003.4,,12.9,,,,,2025-11-13 19:10:00
10.0,10.0,13.0,3.8,12.0,7.8,303.0,1003.0,,12.9,,,,,2025-11-13 19:20:00
10.0,10.0,13.0,,,,,1003.4,,12.9,,,,,2025-11-13 19:30:00
20.0,10.0,12.0,,,,,1002.8,,12.9,,,,,2025-11-13 19:40:00
20.0,10.0,12.0,4.5,12.0,8.1,292.0,1003.0,,12.9,,,,,2025-11-13 19:50:00
20.0,9.0,12.0,,,,,1003.6,,12.9,,,1.9,,2025-11-13 20:00:00
20.0,9.0,11.0,4.1,,8.0,295.0,1003.5,,12.9,,,,,2025-11-13 20:10:00
10.0,10.0,12.0,4.1,11.0,8.0,295.0,1003.0,,12.9,,,,,2025-11-13 20:20:00
20.0,9.0,11.0,,,,,1003.7,,12.9,,,,,2025-11-13 20:30:00
20.0,8.0,11.0,,,,,1004.0,,12.9,,,,,2025-11-13 20:40:00
20.0,7.0,10.0,4.3,13.0,8.0,303.0,1003.9,,12.9,,,,,2025-11-13 20:50:00
20.0,8.0,9.0,,,,,1003.6,,12.9,,,0.7,,2025-11-13 21:00:00
360.0,8.0,10.0,4.4,,8.0,295.0,1003.5,,12.9,,,,,2025-11-13 21:10:00
10.0,9.0,10.0,4.4,10.0,8.0,295.0,1003.5,,12.9,,,,,2025-11-13 21:20:00
10.0,9.0,11.0,,,,,1003.5,,12.9,,,,,2025-11-13 21:30:00
20.0,9.0,11.0,3.8,,7.7,282.0,1003.6,,12.9,,,,,2025-11-13 21:40:00
20.0,9.0,11.0,3.8,11.0,7.7,282.0,1003.9,,12.9,,,,,2025-11-13 21:50:00
20.0,8.0,10.0,,,,,1004.0,,12.9,,,0.3,,2025-11-13 22:00:00
30.0,8.0,10.0,,,,,1004.0,,12.9,,,,,2025-11-13 22:10:00
30.0,8.0,11.0,3.9,11.0,7.9,296.0,1004.4,,12.9,,,,,2025-11-13 22:20:00
30.0,7.0,9.0,,,,,1004.4,,12.9,,,,,2025-11-13 22:30:00
,,,3.9,10.0,7.8,295.0,,,,,,,,2025-11-13 22:40:00
30.0,8.0,10.0,3.9,,7.8,295.0,1004.4,,12.9,,,,,2025-11-13 22:50:00
20.0,8.0,10.0,,,,,1004.3,,12.9,,,0.7,,2025-11-13 23:00:00
30.0,8.0,10.0,3.8,,7.9,299.0,1004.5,,12.9,,,,,2025-11-13 23:10:00
50.0,7.0,9.0,,,,,1004.5,,12.9,,,,,2025-11-13 23:40:00
60.0,7.0,9.0,4.0,10.0,8.0,298.0,1004.2,,13.0,,,,,2025-11-13 23:50:00
70.0,7.0,9.0,,,,,1004.0,,13.0,,,0.4,,2025-11-14 00:00:00
70.0,6.0,9.0,4.2,,8.5,279.0,1004.1,,13.1,,,,,2025-11-14 00:10:00
70.0,6.0,8.0,4.2,12.0,8.5,279.0,1004.3,,13.1,,,,,2025-11-14 00:20:00
40.0,6.0,7.0,,,,,1004.6,,13.1,,,,,2025-11-14 00:30:00
30.0,6.0,7.0,,,,,1004.7,,13.1,,,,,2025-11-14 00:40:00
30.0,6.0,7.0,4.3,11.0,8.6,283.0,1004.9,,13.2,,,,,2025-11-14 00:50:00
20.0,5.0,7.0,,,,,1004.9,,13.2,,,0.9,,2025-11-14 01:00:00
30.0,5.0,7.0,,,,,1004.9,,13.2,,,,,2025-11-14 01:10:00
40.0,5.0,7.0,4.1,10.0,8.4,308.0,1005.1,,13.2,,,,,2025-11-14 01:20:00
40.0,5.0,7.0,,,,,1005.1,,13.2,,,,,2025-11-14 01:30:00
30.0,5.0,8.0,4.1,,8.7,301.0,1005.4,,13.2,,,,,2025-11-14 01:40:00
10.0,6.0,8.0,4.1,10.0,8.7,301.0,1005.6,,13.2,,,,,2025-11-14 01:50:00
10.0,7.0,8.0,,,,,1005.3,,13.2,,,1.0,,2025-11-14 02:00:00
20.0,7.0,9.0,3.5,,8.1,235.0,1005.3,,13.1,,,,,2025-11-14 02:10:00
10.0,8.0,10.0,3.5,11.0,8.1,235.0,1005.1,,13.1,,,,,2025-11-14 02:20:00
10.0,8.0,10.0,,,,,1005.1,,13.1,,,,,2025-11-14 02:30:00
10.0,8.0,10.0,,,,,1005.1,,13.1,,,,,2025-11-14 02:40:00
20.0,8.0,10.0,4.0,11.0,8.4,244.0,1005.3,,13.1,,,,,2025-11-14 02:50:00
30.0,8.0,10.0,,,,,1005.4,,13.1,,,1.4,,2025-11-14 03:00:00
30.0,8.0,10.0,,,,,1005.4,,13.1,,,,,2025-11-14 03:10:00
30.0,8.0,10.0,4.1,11.0,8.5,278.0,1005.4,,13.0,,,,,2025-11-14 03:20:00
20.0,8.0,9.0,,,,,1005.6,,13.0,,,,,2025-11-14 03:30:00
20.0,8.0,10.0,,,,,1005.7,,13.0,,,,,2025-11-14 03:40:00
10.0,8.0,11.0,3.4,10.0,7.9,305.0,1005.9,,13.0,,,,,2025-11-14 03:50:00
20.0,8.0,10.0,,,,,1005.9,,13.0,,,1.0,,2025-11-14 04:00:00
20.0,8.0,10.0,3.8,,8.3,313.0,1006.0,,13.0,,,,,2025-11-14 04:10:00
20.0,8.0,9.0,3.8,9.0,8.3,313.0,1006.0,,13.0,,,,,2025-11-14 04:20:00
10.0,8.0,10.0,,,,,1006.2,,13.0,,,,,2025-11-14 04:30:00
10.0,8.0,10.0,3.6,,8.2,271.0,1006.3,,13.0,,,,,2025-11-14 04:40:00
10.0,7.0,9.0,3.6,10.0,8.2,271.0,1006.3,,13.0,,,,,2025-11-14 04:50:00
20.0,7.0,9.0,,,,,1006.2,,13.0,,,0.9,,2025-11-14 05:00:00
20.0,7.0,8.0,3.8,,8.4,236.0,1006.2,,13.0,,,,,2025-11-14 05:10:00
30.0,6.0,9.0,3.8,11.0,8.4,236.0,1006.1,,13.0,,,,,2025-11-14 05:20:00
40.0,6.0,8.0,,,,,1006.1,,13.0,,,,,2025-11-14 05:30:00
40.0,6.0,8.0,,,,,1006.3,,13.0,,,,,2025-11-14 05:40:00
40.0,6.0,7.0,3.7,10.0,8.4,253.0,1006.5,,13.0,,,,,2025-11-14 05:50:00
30.0,5.0,7.0,,,,,1006.8,,13.0,,,1.4,,2025-11-14 06:00:00
20.0,5.0,7.0,3.7,,8.5,208.0,1007.0,,13.0,,,,,2025-11-14 06:10:00
30.0,5.0,6.0,3.7,11.0,8.5,208.0,1007.1,,13.0,,,,,2025-11-14 06:20:00
20.0,5.0,7.0,,,,,1007.1,,13.0,,,,,2025-11-14 06:30:00
30.0,5.0,6.0,,,,,1007.2,,13.0,,,,,2025-11-14 06:40:00
30.0,5.0,7.0,3.7,10.0,8.7,243.0,1007.3,,13.0,,,,,2025-11-14 06:50:00
30.0,4.0,6.0,,,,,1007.3,,13.0,,,1.4,,2025-11-14 07:00:00
20.0,5.0,6.0,3.8,,8.7,200.0,1007.3,,12.9,,,,,2025-11-14 07:10:00
30.0,4.0,6.0,3.8,11.0,8.7,200.0,1007.3,,12.9,,,,,2025-11-14 07:20:00
40.0,4.0,6.0,,,,,1007.3,,12.9,,,,,2025-11-14 07:30:00
50.0,4.0,6.0,,,,,1007.2,,12.9,,,,,2025-11-14 07:40:00
40.0,4.0,6.0,3.8,11.0,8.7,206.0,1007.5,,12.9,,,,,2025-11-14 07:50:00
50.0,4.0,5.0,,,,,1007.3,,12.9,,,1.1,,2025-11-14 08:00:00
50.0,4.0,6.0,,,,,1007.3,,12.9,,,,,2025-11-14 08:10:00
50.0,4.0,5.0,4.1,12.0,8.7,200.0,1007.4,,12.9,,,,,2025-11-14 08:20:00
50.0,4.0,6.0,,,,,1007.2,,13.0,,,,,2025-11-14 08:30:00
50.0,4.0,6.0,,,,,1007.2,,13.0,,,,,2025-11-14 08:40:00
50.0,4.0,6.0,4.3,12.0,9.3,196.0,1007.2,,12.9,,,,,2025-11-14 08:50:00
50.0,4.0,5.0,,,,,1007.1,,13.0,,,0.3,,2025-11-14 09:00:00
40.0,3.0,5.0,4.2,,9.2,198.0,1007.3,,12.9,,,,,2025-11-14 09:10:00
30.0,3.0,6.0,4.2,11.0,9.2,198.0,1007.4,,13.0,,,,,2025-11-14 09:20:00
30.0,3.0,5.0,,,,,1007.4,,13.0,,,,,2025-11-14 09:30:00
30.0,3.0,5.0,,,,,1007.5,,13.0,,,,,2025-11-14 09:40:00
20.0,3.0,6.0,4.2,12.0,9.0,204.0,1007.6,,13.0,,,,,2025-11-14 09:50:00
20.0,3.0,5.0,,,,,1007.7,,13.0,,,0.4,,2025-11-14 10:00:00
20.0,3.0,5.0,3.8,,8.7,212.0,1007.5,,13.0,,,,,2025-11-14 10:10:00
20.0,3.0,4.0,3.8,13.0,8.7,212.0,1007.7,,13.0,,,,,2025-11-14 10:20:00
10.0,4.0,6.0,,,,,1007.6,,13.0,,,,,2025-11-14 10:30:00
10.0,4.0,6.0,3.8,,8.8,256.0,1007.5,,13.0,,,,,2025-11-14 10:40:00
10.0,4.0,6.0,3.8,13.0,8.8,256.0,1007.7,,13.0,,,,,2025-11-14 10:50:00
360.0,4.0,7.0,,,,,1007.7,,13.0,,,0.4,,2025-11-14 11:00:00
10.0,4.0,7.0,4.3,,9.0,212.0,1007.6,,13.0,,,,,2025-11-14 11:10:00
10.0,4.0,6.0,4.3,12.0,9.0,212.0,1007.6,,13.0,,,,,2025-11-14 11:20:00
20.0,4.0,6.0,,,,,1007.7,,13.0,,,,,2025-11-14 11:30:00
20.0,4.0,6.0,,,,,1007.6,,13.0,,,,,2025-11-14 11:40:00
20.0,4.0,6.0,3.8,12.0,8.8,236.0,1007.5,,13.0,,,,,2025-11-14 11:50:00
20.0,4.0,6.0,,,,,1007.5,,13.0,,,0.4,,2025-11-14 12:00:00
20.0,4.0,6.0,4.2,,9.1,216.0,1007.5,,13.0,,,,,2025-11-14 12:10:00
20.0,4.0,6.0,4.2,11.0,9.1,216.0,1007.7,,13.0,,,,,2025-11-14 12:20:00
10.0,4.0,6.0,,,,,1007.6,,13.0,,,,,2025-11-14 12:30:00
20.0,4.0,5.0,4.1,,9.0,243.0,1007.5,,13.0,,,,,2025-11-14 12:40:00
20.0,3.0,4.0,4.1,12.0,9.0,243.0,1007.6,,13.0,,,,,2025-11-14 12:50:00
20.0,3.0,5.0,,,,,1007.5,,13.1,,,0.0,,2025-11-14 13:00:00
30.0,3.0,5.0,,,,,1007.5,,13.1,,,,,2025-11-14 13:10:00
40.0,3.0,4.0,4.1,11.0,9.0,222.0,1007.2,,13.1,,,,,2025-11-14 13:20:00
30.0,3.0,4.0,,,,,1007.4,,13.1,,,,,2025-11-14 13:30:00
20.0,3.0,5.0,,,,,1007.3,,13.0,,,,,2025-11-14 13:40:00
40.0,3.0,5.0,3.5,12.0,8.5,260.0,1007.3,,13.0,,,,,2025-11-14 13:50:00
40.0,3.0,5.0,,,,,1007.3,,13.0,,,-0.4,,2025-11-14 14:00:00
50.0,3.0,5.0,3.2,,8.5,234.0,1007.6,,13.0,,,,,2025-11-14 14:10:00
40.0,4.0,5.0,3.2,12.0,8.5,234.0,1007.7,,13.0,,,,,2025-11-14 14:20:00
50.0,3.0,5.0,,,,,1007.6,,13.0,,,,,2025-11-14 14:30:00
50.0,3.0,5.0,3.5,,8.5,226.0,1007.7,,13.0,,,,,2025-11-14 14:40:00
60.0,3.0,4.0,3.5,11.0,8.5,226.0,1007.8,,13.0,,,,,2025-11-14 14:50:00
60.0,3.0,4.0,,,,,1007.9,,13.0,,,0.4,,2025-11-14 15:00:00
70.0,2.0,4.0,3.4,,8.4,225.0,1007.7,,13.0,,,,,2025-11-14 15:10:00
70.0,2.0,3.0,3.4,11.0,8.4,225.0,1007.8,,13.0,,,,,2025-11-14 15:20:00
50.0,2.0,3.0,,,,,1008.0,,13.0,,,,,2025-11-14 15:30:00
40.0,2.0,3.0,3.4,,8.4,237.0,1007.9,,13.0,,,,,2025-11-14 15:40:00
40.0,1.0,2.0,3.4,11.0,8.4,237.0,1008.0,,13.0,,,,,2025-11-14 15:50:00
30.0,1.0,2.0,,,,,1008.0,,13.0,,,0.5,,2025-11-14 16:00:00
70.0,1.0,3.0,3.0,,7.7,267.0,1007.9,,12.9,,,,,2025-11-14 16:10:00
40.0,1.0,2.0,3.0,11.0,7.7,267.0,1008.2,,12.9,,,,,2025-11-14 16:20:00
360.0,1.0,3.0,,,,,1008.6,,12.9,,,,,2025-11-14 16:30:00
10.0,1.0,3.0,3.1,,8.1,216.0,1008.9,,12.9,,,,,2025-11-14 16:40:00
360.0,2.0,3.0,3.1,11.0,8.1,216.0,1008.9,,12.9,,,,,2025-11-14 16:50:00
10.0,1.0,2.0,,,,,1008.9,,12.9,,,1.6,,2025-11-14 17:00:00
,0.0,2.0,3.3,,8.3,225.0,1008.9,,12.9,,,,,2025-11-14 17:10:00
,0.0,2.0,3.3,11.0,8.3,225.0,1008.9,,12.9,,,,,2025-11-14 17:20:00
140.0,1.0,2.0,,,,,1008.5,,12.9,,,,,2025-11-14 17:30:00
190.0,1.0,3.0,,,,,1009.0,,12.9,,,,,2025-11-14 17:40:00
180.0,1.0,3.0,3.4,11.0,8.2,196.0,1008.7,,12.9,,,,,2025-11-14 17:50:00
190.0,2.0,3.0,,,,,1008.6,,12.9,,,0.7,,2025-11-14 18:00:00
200.0,2.0,4.0,3.0,,7.9,191.0,1008.7,,12.9,,,,,2025-11-14 18:10:00
200.0,2.0,4.0,3.0,11.0,7.9,191.0,1008.8,,12.9,,,,,2025-11-14 18:20:00
210.0,2.0,4.0,,,,,1008.8,,12.9,,,,,2025-11-14 18:30:00
210.0,2.0,4.0,3.2,,8.2,215.0,1008.9,,13.0,,,,,2025-11-14 18:40:00
220.0,2.0,4.0,3.2,11.0,8.2,215.0,1009.3,,13.0,,,,,2025-11-14 18:50:00
220.0,3.0,4.0,,,,,1009.2,,13.0,,,1.2,,2025-11-14 19:00:00
220.0,3.0,4.0,3.2,,7.9,198.0,1009.2,,,,,,,2025-11-14 19:10:00
220.0,4.0,5.0,3.2,11.0,7.9,198.0,1009.2,,12.9,,,,,2025-11-14 19:20:00
220.0,4.0,5.0,,,,,1009.3,,12.9,,,,,2025-11-14 19:30:00
210.0,4.0,6.0,,,,,1009.3,,12.9,,,,,2025-11-14 19:40:00
220.0,4.0,6.0,3.0,11.0,8.1,266.0,1009.5,,12.9,,,,,2025-11-14 19:50:00
230.0,4.0,6.0,,,,,1009.6,,12.9,,,0.7,,2025-11-14 20:00:00
230.0,4.0,6.0,3.5,,8.6,206.0,1009.6,,12.9,,,,,2025-11-14 20:10:00
230.0,5.0,6.0,3.5,11.0,8.6,206.0,1009.5,,12.9,,,,,2025-11-14 20:20:00
230.0,5.0,6.0,,,,,1009.5,,12.9,,,,,2025-11-14 20:30:00
230.0,5.0,7.0,,,,,1009.6,,12.8,,,,,2025-11-14 20:40:00
230.0,6.0,7.0,3.2,11.0,8.1,227.0,1009.7,,12.8,,,,,2025-11-14 20:50:00
230.0,6.0,7.0,,,,,1009.8,,12.9,,,1.2,,2025-11-14 21:00:00
240.0,6.0,7.0,3.0,,8.0,219.0,1009.8,,12.9,,,,,2025-11-14 21:10:00
240.0,6.0,7.0,3.0,10.0,8.0,219.0,1009.8,,12.9,,,,,2025-11-14 21:20:00
240.0,6.0,8.0,,,,,1010.0,,12.9,,,,,2025-11-14 21:30:00
240.0,7.0,8.0,,,,,1010.0,,12.9,,,,,2025-11-14 21:40:00
230.0,7.0,8.0,2.8,10.0,8.0,220.0,1009.9,,12.9,,,,,2025-11-14 21:50:00
240.0,7.0,8.0,,,,,1010.1,,12.9,,,0.9,,2025-11-14 22:00:00
230.0,7.0,8.0,2.6,,7.5,210.0,1010.3,,12.9,,,,,2025-11-14 22:10:00
230.0,7.0,9.0,2.6,11.0,7.5,210.0,1010.3,,12.9,,,,,2025-11-14 22:20:00
230.0,7.0,9.0,,,,,1010.2,,12.9,,,,,2025-11-14 22:30:00
230.0,7.0,9.0,3.0,,8.1,221.0,1010.2,,12.9,,,,,2025-11-14 22:40:00
230.0,8.0,9.0,3.0,11.0,8.1,221.0,1010.3,,12.9,,,,,2025-11-14 22:50:00
230.0,8.0,9.0,,,,,1010.4,,13.0,,,0.8,,2025-11-14 23:00:00
230.0,8.0,10.0,,,,,1010.4,,12.9,,,,,2025-11-14 23:10:00
220.0,7.0,10.0,2.9,11.0,7.8,211.0,1010.5,,13.0,,,,,2025-11-14 23:20:00
220.0,8.0,10.0,,,,,1010.5,,13.0,,,,,2025-11-14 23:40:00
220.0,8.0,9.0,2.9,11.0,7.7,203.0,1010.4,,13.0,,,,,2025-11-14 23:50:00
210.0,8.0,10.0,,,,,1010.5,,13.0,,,0.7,,2025-11-15 00:00:00
220.0,8.0,10.0,2.9,,7.5,201.0,1010.6,,13.0,,,,,2025-11-15 00:10:00
210.0,8.0,10.0,2.9,10.0,7.5,201.0,1010.6,,13.0,,,,,2025-11-15 00:20:00
210.0,8.0,11.0,,,,,1010.5,,13.0,,,,,2025-11-15 00:30:00
210.0,9.0,11.0,3.2,,7.6,209.0,1010.4,,13.0,,,,,2025-11-15 00:40:00
210.0,9.0,11.0,3.2,11.0,7.6,209.0,1010.4,,13.0,,,,,2025-11-15 00:50:00
210.0,9.0,10.0,,,,,1010.4,,13.0,,,0.3,,2025-11-15 01:00:00
200.0,8.0,10.0,,,,,1010.5,,13.1,,,,,2025-11-15 01:10:00
200.0,8.0,10.0,2.9,10.0,7.4,203.0,1010.6,,13.1,,,,,2025-11-15 01:20:00
200.0,8.0,11.0,,,,,1010.6,,13.1,,,,,2025-11-15 01:30:00
200.0,9.0,11.0,,,,,1010.6,,13.1,,,,,2025-11-15 01:40:00
200.0,9.0,11.0,2.5,10.0,6.9,195.0,1010.6,,13.1,,,,,2025-11-15 01:50:00
200.0,9.0,11.0,,,,,1010.7,,13.1,,,0.3,,2025-11-15 02:00:00
200.0,8.0,10.0,,,,,1010.9,,13.1,,,,,2025-11-15 02:10:00
200.0,9.0,11.0,2.8,10.0,7.1,200.0,1010.9,,13.1,,,,,2025-11-15 02:20:00
200.0,9.0,11.0,,,,,1010.8,,13.1,,,,,2025-11-15 02:30:00
210.0,9.0,11.0,,,,,1010.9,,13.1,,,,,2025-11-15 02:40:00
220.0,8.0,10.0,2.5,9.0,6.6,232.0,1011.1,,13.1,,,,,2025-11-15 02:50:00
220.0,8.0,10.0,,,,,1011.3,,13.1,,,0.8,,2025-11-15 03:00:00
230.0,7.0,10.0,3.0,,7.2,209.0,1011.4,,13.1,,,,,2025-11-15 03:10:00
240.0,7.0,9.0,3.0,10.0,7.2,209.0,1011.5,,13.1,,,,,2025-11-15 03:20:00
240.0,7.0,9.0,,,,,1011.5,,13.1,,,,,2025-11-15 03:30:00
230.0,7.0,9.0,,,,,1011.7,,13.1,,,,,2025-11-15 03:40:00
230.0,7.0,9.0,2.7,10.0,6.8,234.0,1011.7,,13.1,,,,,2025-11-15 03:50:00
240.0,7.0,9.0,,,,,1011.7,,13.1,,,1.3,,2025-11-15 04:00:00
230.0,8.0,9.0,2.7,,7.0,206.0,1011.6,,13.1,,,,,2025-11-15 04:10:00
220.0,7.0,9.0,2.7,10.0,7.0,206.0,1011.7,,13.1,,,,,2025-11-15 04:20:00
230.0,7.0,9.0,,,,,1012.0,,13.1,,,,,2025-11-15 04:30:00
230.0,7.0,9.0,,,,,1012.0,,13.1,,,,,2025-11-15 04:40:00
230.0,7.0,8.0,2.7,10.0,7.1,201.0,1012.0,,13.1,,,,,2025-11-15 04:50:00
220.0,8.0,10.0,,,,,1011.8,,13.1,,,1.1,,2025-11-15 05:00:00
220.0,8.0,9.0,,,,,1011.9,,13.1,,,,,2025-11-15 05:10:00
230.0,8.0,9.0,2.5,8.0,6.5,208.0,1012.1,,13.1,,,,,2025-11-15 05:20:00
220.0,8.0,10.0,,,,,1012.0,,13.1,,,,,2025-11-15 05:30:00
230.0,8.0,10.0,2.8,,7.0,211.0,1012.3,,13.1,,,,,2025-11-15 05:40:00
230.0,8.0,9.0,2.8,10.0,7.0,211.0,1012.5,,13.1,,,,,2025-11-15 05:50:00
230.0,8.0,10.0,,,,,1012.5,,13.1,,,1.2,,2025-11-15 06:00:00
240.0,8.0,9.0,2.7,,6.8,245.0,1012.6,,13.1,,,,,2025-11-15 06:10:00
240.0,8.0,10.0,2.7,10.0,6.8,245.0,1012.7,,13.2,,,,,2025-11-15 06:20:00
240.0,8.0,10.0,,,,,1012.7,,13.2,,,,,2025-11-15 06:30:00
240.0,7.0,9.0,,,,,1012.8,,13.2,,,,,2025-11-15 06:40:00
240.0,7.0,8.0,2.8,10.0,6.9,212.0,1012.9,,13.2,,,,,2025-11-15 06:50:00
240.0,7.0,9.0,,,,,1012.8,,13.2,,,1.1,,2025-11-15 07:00:00
240.0,8.0,10.0,2.5,,6.7,226.0,1012.9,,13.2,,,,,2025-11-15 07:10:00
240.0,7.0,8.0,2.5,10.0,6.7,226.0,1012.9,,13.2,,,,,2025-11-15 07:20:00
240.0,7.0,8.0,,,,,1012.9,,13.2,,,,,2025-11-15 07:30:00
240.0,7.0,8.0,,,,,1013.1,,13.2,,,,,2025-11-15 07:40:00
240.0,7.0,9.0,2.4,9.0,6.7,243.0,1013.1,,13.2,,,,,2025-11-15 07:50:00
240.0,7.0,8.0,,,,,1013.2,,13.2,,,1.4,,2025-11-15 08:00:00
240.0,7.0,9.0,2.4,,6.7,220.0,1013.3,,13.2,,,,,2025-11-15 08:10:00
250.0,7.0,9.0,2.4,10.0,6.7,220.0,1013.3,,13.3,,,,,2025-11-15 08:20:00
240.0,7.0,9.0,,,,,1013.4,,13.3,,,,,2025-11-15 08:30:00
250.0,7.0,9.0,2.3,,6.7,268.0,1013.4,,13.3,,,,,2025-11-15 08:40:00
240.0,7.0,8.0,2.3,11.0,6.7,268.0,1013.5,,13.3,,,,,2025-11-15 08:50:00
240.0,6.0,8.0,,,,,1013.5,,13.3,,,1.0,,2025-11-15 09:00:00
240.0,6.0,8.0,,,,,1013.5,,13.3,,,,,2025-11-15 09:10:00
240.0,6.0,7.0,2.4,9.0,6.8,229.0,1013.6,,13.3,,,,,2025-11-15 09:20:00
240.0,6.0,7.0,,,,,1013.6,,13.3,,,,,2025-11-15 09:30:00
240.0,6.0,7.0,,,,,1013.7,,13.3,,,,,2025-11-15 09:40:00
240.0,6.0,7.0,2.4,9.0,6.8,253.0,1013.8,,13.3,,,,,2025-11-15 09:50:00
250.0,6.0,8.0,,,,,1013.9,,13.3,,,1.1,,2025-11-15 10:00:00
250.0,6.0,8.0,,,,,1014.0,,13.3,,,,,2025-11-15 10:10:00
260.0,6.0,7.0,2.3,9.0,6.7,254.0,1014.1,,13.3,,,,,2025-11-15 10:20:00
260.0,6.0,7.0,,,,,1014.2,,13.3,,,,,2025-11-15 10:30:00
260.0,5.0,6.0,2.1,,6.6,250.0,1014.3,,13.3,,,,,2025-11-15 10:40:00
260.0,5.0,6.0,2.1,9.0,6.6,250.0,1014.3,,13.3,,,,,2025-11-15 10:50:00
260.0,5.0,7.0,,,,,1014.3,,13.3,,,1.1,,2025-11-15 11:00:00
270.0,6.0,8.0,2.2,,7.0,279.0,1014.4,,13.3,,,,,2025-11-15 11:10:00
270.0,5.0,6.0,2.2,10.0,7.0,279.0,1014.3,,13.2,,,,,2025-11-15 11:20:00
280.0,5.0,6.0,,,,,1014.4,,13.2,,,,,2025-11-15 11:30:00
280.0,5.0,6.0,,,,,1014.4,,13.2,,,,,2025-11-15 11:40:00
270.0,5.0,5.0,2.2,9.0,6.9,249.0,1014.4,,,,,,,2025-11-15 11:50:00
270.0,4.0,5.0,,,,,1014.4,,13.2,,,0.9,,2025-11-15 12:00:00
270.0,4.0,5.0,,,,,1014.4,,13.2,,,,,2025-11-15 12:10:00
280.0,4.0,5.0,2.2,10.0,6.9,275.0,1014.3,,13.2,,,,,2025-11-15 12:20:00
290.0,3.0,4.0,,,,,1014.3,,13.2,,,,,2025-11-15 12:30:00
290.0,3.0,4.0,,,,,1014.4,,13.2,,,,,2025-11-15 12:40:00
290.0,3.0,4.0,2.3,9.0,7.0,261.0,1014.5,,13.2,,,,,2025-11-15 12:50:00
290.0,3.0,4.0,,,,,1014.6,,13.2,,,0.7,,2025-11-15 13:00:00
300.0,3.0,4.0,2.3,,6.9,283.0,1014.6,,13.2,,,,,2025-11-15 13:10:00
300.0,3.0,5.0,2.3,9.0,6.9,283.0,1014.6,,13.2,,,,,2025-11-15 13:20:00
300.0,3.0,4.0,,,,,1014.6,,13.2,,,,,2025-11-15 13:30:00
280.0,2.0,3.0,2.4,,7.2,263.0,1014.6,,13.2,,,,,2025-11-15 13:40:00
280.0,2.0,3.0,2.4,9.0,7.2,263.0,1014.6,,13.2,,,,,2025-11-15 13:50:00
270.0,2.0,3.0,,,,,1014.7,,13.2,,,0.4,,2025-11-15 14:00:00
260.0,1.0,2.0,,,,,1014.6,,13.2,,,,,2025-11-15 14:10:00
250.0,2.0,2.0,2.5,8.0,7.2,257.0,1014.6,,13.2,,,,,2025-11-15 14:20:00
270.0,2.0,2.0,,,,,1014.5,,13.2,,,,,2025-11-15 14:30:00
300.0,2.0,4.0,,,,,1014.4,,13.2,,,,,2025-11-15 14:40:00
340.0,2.0,4.0,2.5,8.0,7.3,242.0,1014.2,,13.2,,,,,2025-11-15 14:50:00
350.0,2.0,3.0,,,,,1014.2,,13.2,,,0.0,,2025-11-15 15:00:00
360.0,2.0,3.0,2.4,,7.1,287.0,1014.2,,13.2,,,,,2025-11-15 15:10:00
360.0,2.0,3.0,2.4,11.0,7.1,287.0,1014.1,,13.2,,,,,2025-11-15 15:20:00
360.0,1.0,2.0,,,,,1014.0,,13.2,,,,,2025-11-15 15:30:00
360.0,1.0,2.0,,,,,1014.0,,13.2,,,,,2025-11-15 15:40:00
350.0,1.0,2.0,2.6,10.0,7.4,278.0,1014.0,,13.2,,,,,2025-11-15 15:50:00
,0.0,2.0,,,,,1013.9,,13.2,,,-0.7,,2025-11-15 16:00:00
,0.0,1.0,,,,,1013.9,,13.2,,,,,2025-11-15 16:10:00
,0.0,1.0,2.4,10.0,7.3,291.0,1013.9,,13.2,,,,,2025-11-15 16:20:00
,0.0,1.0,,,,,1014.0,,13.2,,,,,2025-11-15 16:30:00
,0.0,1.0,,,,,1014.1,,13.2,,,,,2025-11-15 16:40:00
,0.0,1.0,2.4,8.0,7.2,254.0,1014.1,,13.2,,,,,2025-11-15 16:50:00
,0.0,1.0,,,,,1014.2,,13.2,,,-0.5,,2025-11-15 17:00:00
,0.0,1.0,2.5,,7.3,281.0,1014.3,,13.2,,,,,2025-11-15 17:10:00
,0.0,2.0,2.5,9.0,7.3,281.0,1014.5,,13.3,,,,,2025-11-15 17:20:00
310.0,1.0,2.0,,,,,1014.5,,13.3,,,,,2025-11-15 17:30:00
310.0,2.0,2.0,,,,,1014.4,,13.3,,,,,2025-11-15 17:40:00
330.0,1.0,2.0,2.6,11.0,7.7,282.0,1014.3,,13.3,,,,,2025-11-15 17:50:00
330.0,1.0,2.0,,,,,1014.3,,13.3,,,-0.0,,2025-11-15 18:00:00
,0.0,1.0,2.7,,7.7,287.0,1014.2,,13.3,,,,,2025-11-15 18:10:00
,0.0,1.0,2.7,10.0,7.7,287.0,1014.2,,13.3,,,,,2025-11-15 18:20:00
,0.0,1.0,,,,,1014.1,,13.3,,,,,2025-11-15 18:30:00
,0.0,2.0,,,,,1014.1,,13.3,,,,,2025-11-15 18:40:00
,0.0,2.0,2.6,11.0,7.6,287.0,1014.1,,13.3,,,,,2025-11-15 18:50:00
,0.0,2.0,,,,,1014.1,,13.3,,,0.0,,2025-11-15 19:00:00
60.0,1.0,2.0,,,,,1014.0,,13.3,,,,,2025-11-15 19:10:00
70.0,1.0,2.0,3.1,10.0,8.1,281.0,1013.9,,13.3,,,,,2025-11-15 19:20:00
70.0,1.0,2.0,,,,,1013.8,,13.3,,,,,2025-11-15 19:30:00
70.0,1.0,2.0,,,,,1013.8,,13.3,,,,,2025-11-15 19:40:00
60.0,1.0,2.0,2.7,11.0,7.9,279.0,1013.7,,13.3,,,,,2025-11-15 19:50:00
70.0,1.0,2.0,,,,,1013.5,,13.3,,,-0.7,,2025-11-15 20:00:00
70.0,1.0,2.0,2.9,,8.1,278.0,1013.4,,13.3,,,,,2025-11-15 20:10:00
70.0,1.0,2.0,2.9,11.0,8.1,278.0,1013.2,,13.3,,,,,2025-11-15 20:20:00
80.0,1.0,3.0,,,,,1013.0,,13.3,,,,,2025-11-15 20:30:00
70.0,1.0,2.0,3.0,,8.1,277.0,1013.0,,13.3,,,,,2025-11-15 20:40:00
70.0,1.0,2.0,3.0,11.0,8.1,277.0,1012.9,,13.3,,,,,2025-11-15 20:50:00
100.0,1.0,3.0,,,,,1012.7,,13.3,,,-1.6,,2025-11-15 21:00:00
100.0,2.0,3.0,,,,,1012.6,,13.3,,,,,2025-11-15 21:10:00
100.0,2.0,3.0,3.2,11.0,8.3,284.0,1012.5,,13.3,,,,,2025-11-15 21:20:00
90.0,1.0,3.0,,,,,1012.3,,13.3,,,,,2025-11-15 21:30:00
60.0,1.0,3.0,3.1,,8.1,289.0,1012.1,,13.3,,,,,2025-11-15 21:40:00
60.0,1.0,2.0,3.1,11.0,8.1,289.0,1012.0,,13.3,,,,,2025-11-15 21:50:00
70.0,2.0,3.0,,,,,1011.9,,13.3,,,-2.2,,2025-11-15 22:00:00
80.0,2.0,3.0,,,,,1011.8,,13.3,,,,,2025-11-15 22:10:00
90.0,2.0,4.0,3.0,11.0,8.1,288.0,1011.7,,13.3,,,,,2025-11-15 22:20:00
100.0,2.0,3.0,,,,,1011.6,,13.3,,,,,2025-11-15 22:30:00
100.0,2.0,4.0,,,,,1011.4,,13.3,,,,,2025-11-15 22:40:00
100.0,3.0,4.0,2.5,11.0,7.6,280.0,1011.2,,13.4,,,,,2025-11-15 22:50:00
110.0,2.0,4.0,,,,,1011.2,,13.3,,,-2.3,,2025-11-15 23:00:00
110.0,1.0,3.0,,,,,1011.1,,13.3,,,,,2025-11-15 23:10:00
80.0,1.0,2.0,2.7,,8.2,281.0,1010.8,,13.2,,,,,2025-11-15 23:40:00
90.0,1.0,3.0,2.7,10.0,8.2,281.0,1010.5,,13.3,,,,,2025-11-15 23:50:00
100.0,1.0,3.0,,,,,1010.4,,13.3,,,-2.3,,2025-11-16 00:00:00
100.0,2.0,3.0,2.9,,8.3,291.0,1010.1,,13.3,,,,,2025-11-16 00:10:00
90.0,1.0,3.0,2.9,11.0,8.3,291.0,1010.0,,13.3,,,,,2025-11-16 00:20:00
90.0,1.0,2.0,,,,,1009.8,,13.3,,,,,2025-11-16 00:30:00
80.0,1.0,2.0,,,,,1009.7,,13.3,,,,,2025-11-16 00:40:00
40.0,1.0,2.0,2.5,11.0,7.9,276.0,1009.6,,13.3,,,,,2025-11-16 00:50:00
20.0,1.0,2.0,,,,,1009.6,,13.3,,,-2.3,,2025-11-16 01:00:00
30.0,1.0,2.0,2.8,,8.4,287.0,1009.4,,13.3,,,,,2025-11-16 01:10:00
30.0,1.0,2.0,2.8,10.0,8.4,287.0,1009.5,,13.3,,,,,2025-11-16 01:20:00
60.0,1.0,1.0,,,,,1009.5,,13.3,,,,,2025-11-16 01:30:00
,0.0,1.0,,,,,1009.4,,13.3,,,,,2025-11-16 01:40:00
20.0,1.0,2.0,2.7,11.0,8.3,289.0,1009.2,,13.2,,,,,2025-11-16 01:50:00
10.0,1.0,2.0,,,,,1009.0,,13.2,,,-2.2,,2025-11-16 02:00:00
350.0,1.0,2.0,,,,,1008.9,,13.2,,,,,2025-11-16 02:10:00
350.0,1.0,2.0,2.6,11.0,8.1,295.0,1008.8,,13.2,,,,,2025-11-16 02:20:00
340.0,2.0,2.0,,,,,1008.7,,13.2,,,,,2025-11-16 02:30:00
350.0,1.0,2.0,,,,,1008.7,,13.1,,,,,2025-11-16 02:40:00
340.0,1.0,2.0,2.8,11.0,8.6,282.0,1008.5,,13.1,,,,,2025-11-16 02:50:00
330.0,1.0,2.0,,,,,1008.4,,13.1,,,-2.0,,2025-11-16 03:00:00
340.0,2.0,2.0,2.6,,8.3,295.0,1008.4,,13.0,,,,,2025-11-16 03:10:00
350.0,1.0,2.0,2.6,11.0,8.3,295.0,1008.3,,13.1,,,,,2025-11-16 03:20:00
360.0,1.0,2.0,,,,,1008.1,,13.1,,,,,2025-11-16 03:30:00
,0.0,1.0,,,,,1008.1,,13.2,,,,,2025-11-16 03:40:00
340.0,1.0,1.0,2.7,10.0,8.2,290.0,1008.0,,13.2,,,,,2025-11-16 03:50:00
,0.0,1.0,,,,,1007.8,,13.2,,,-1.8,,2025-11-16 04:00:00
10.0,1.0,2.0,2.5,,8.1,287.0,1007.6,,13.2,,,,,2025-11-16 04:10:00
10.0,1.0,2.0,2.5,11.0,8.1,287.0,1007.4,,13.2,,,,,2025-11-16 04:20:00
10.0,1.0,2.0,,,,,1007.3,,13.2,,,,,2025-11-16 04:30:00
10.0,1.0,2.0,,,,,1007.2,,13.2,,,,,2025-11-16 04:40:00
20.0,1.0,2.0,2.4,11.0,8.1,292.0,1007.0,,13.2,,,,,2025-11-16 04:50:00
30.0,1.0,2.0,,,,,1006.9,,13.1,,,-2.1,,2025-11-16 05:00:00
30.0,2.0,2.0,2.5,,8.4,293.0,1006.7,,13.0,,,,,2025-11-16 05:10:00
40.0,1.0,2.0,2.5,11.0,8.4,293.0,1006.7,,13.0,,,,,2025-11-16 05:20:00
50.0,1.0,2.0,,,,,1006.5,,12.9,,,,,2025-11-16 05:30:00
40.0,1.0,2.0,,,,,1006.4,,12.9,,,,,2025-11-16 05:40:00
40.0,1.0,2.0,2.5,11.0,8.5,286.0,1006.4,,12.9,,,,,2025-11-16 05:50:00
30.0,1.0,2.0,,,,,1006.2,,12.9,,,-2.2,,2025-11-16 06:00:00
50.0,2.0,2.0,2.6,,8.3,292.0,1006.1,,12.9,,,,,2025-11-16 06:10:00
60.0,2.0,3.0,2.6,11.0,8.3,292.0,1005.9,,12.9,,,,,2025-11-16 06:20:00
60.0,1.0,3.0,,,,,1005.6,,12.9,,,,,2025-11-16 06:30:00
70.0,2.0,3.0,,,,,1005.5,,12.9,,,,,2025-11-16 06:40:00
90.0,2.0,3.0,2.5,11.0,8.3,286.0,1005.3,,12.9,,,,,2025-11-16 06:50:00
100.0,2.0,3.0,,,,,1005.1,,12.9,,,-2.7,,2025-11-16 07:00:00
110.0,2.0,3.0,,,,,1004.9,,12.9,,,,,2025-11-16 07:10:00
110.0,2.0,3.0,2.4,11.0,8.1,287.0,1004.7,,12.9,,,,,2025-11-16 07:20:00
120.0,3.0,4.0,,,,,1004.5,,12.9,,,,,2025-11-16 07:30:00
130.0,3.0,4.0,2.6,,8.3,287.0,1004.4,,12.9,,,,,2025-11-16 07:40:00
130.0,3.0,4.0,2.6,11.0,8.3,287.0,1004.2,,12.9,,,,,2025-11-16 07:50:00
130.0,3.0,4.0,,,,,1004.1,,12.9,,,-2.8,,2025-11-16 08:00:00
130.0,3.0,4.0,2.7,,8.3,283.0,1004.0,,12.9,,,,,2025-11-16 08:10:00
140.0,3.0,4.0,2.7,11.0,8.3,283.0,1003.9,,12.9,,,,,2025-11-16 08:20:00
140.0,3.0,5.0,,,,,1003.7,,12.8,,,,,2025-11-16 08:30:00
140.0,3.0,4.0,2.7,,8.5,283.0,1003.6,,12.9,,,,,2025-11-16 08:40:00
150.0,3.0,4.0,2.7,11.0,8.5,283.0,1003.6,,12.9,,,,,2025-11-16 08:50:00
140.0,3.0,4.0,,,,,1003.5,,12.9,,,-2.7,,2025-11-16 09:00:00
150.0,4.0,5.0,,,,,1003.2,,12.9,,,,,2025-11-16 09:10:00
150.0,4.0,5.0,2.3,11.0,8.2,286.0,1003.1,,12.9,,,,,2025-11-16 09:20:00
150.0,4.0,5.0,,,,,1003.0,,12.9,,,,,2025-11-16 09:30:00
150.0,4.0,5.0,,,,,1002.9,,12.9,,,,,2025-11-16 09:40:00
150.0,4.0,5.0,2.5,11.0,8.4,292.0,1002.8,,12.9,,,,,2025-11-16 09:50:00
150.0,3.0,4.0,,,,,1002.7,,12.9,,,-2.4,,2025-11-16 10:00:00
160.0,3.0,4.0,,,,,1002.7,,12.9,,,,,2025-11-16 10:10:00
170.0,3.0,4.0,2.4,11.0,8.5,294.0,1002.6,,12.9,,,,,2025-11-16 10:20:00
170.0,3.0,4.0,,,,,1002.5,,12.9,,,,,2025-11-16 10:30:00
170.0,3.0,4.0,,,,,1002.3,,12.9,,,,,2025-11-16 10:40:00
170.0,3.0,4.0,2.5,11.0,8.8,286.0,1002.2,,12.9,,,,,2025-11-16 10:50:00
170.0,3.0,4.0,,,,,1002.1,,12.9,,,-2.0,,2025-11-16 11:00:00
180.0,3.0,4.0,,,,,1002.0,,12.9,,,,,2025-11-16 11:10:00
190.0,3.0,4.0,2.4,11.0,8.6,289.0,1001.9,,12.9,,,,,2025-11-16 11:20:00
200.0,4.0,5.0,,,,,1001.7,,12.9,,,,,2025-11-16 11:30:00
200.0,4.0,5.0,2.5,,8.7,291.0,1001.5,,12.9,,,,,2025-11-16 11:40:00
200.0,5.0,6.0,2.5,11.0,8.7,291.0,1001.3,,12.9,,,,,2025-11-16 11:50:00
200.0,5.0,6.0,,,,,1001.1,,12.9,,,-2.4,,2025-11-16 12:00:00
200.0,5.0,6.0,2.5,,8.8,287.0,1001.1,,12.9,,,,,2025-11-16 12:10:00
210.0,5.0,7.0,2.5,11.0,8.8,287.0,1001.0,,12.9,,,,,2025-11-16 12:20:00
200.0,5.0,7.0,,,,,1000.9,,12.9,,,,,2025-11-16 12:30:00
210.0,6.0,7.0,,,,,1000.9,,12.9,,,,,2025-11-16 12:40:00
210.0,7.0,8.0,2.3,11.0,8.3,288.0,1000.9,,12.9,,,,,2025-11-16 12:50:00
210.0,6.0,8.0,,,,,1000.8,,12.9,,,-1.9,,2025-11-16 13:00:00
210.0,6.0,8.0,,,,,1000.7,,12.9,,,,,2025-11-16 13:10:00
200.0,6.0,7.0,2.5,11.0,8.8,294.0,1000.7,,12.9,,,,,2025-11-16 13:20:00
210.0,6.0,8.0,,,,,1000.6,,12.9,,,,,2025-11-16 13:30:00
220.0,6.0,8.0,2.5,,8.4,291.0,1000.6,,12.9,,,,,2025-11-16 13:40:00
220.0,6.0,7.0,2.5,11.0,8.4,291.0,1000.5,,12.9,,,,,2025-11-16 13:50:00
220.0,6.0,7.0,,,,,1000.3,,12.9,,,-1.8,,2025-11-16 14:00:00
220.0,6.0,8.0,2.6,,8.5,292.0,1000.2,,12.9,,,,,2025-11-16 14:10:00
220.0,6.0,7.0,2.6,11.0,8.5,292.0,1000.1,,12.9,,,,,2025-11-16 14:20:00
220.0,6.0,8.0,,,,,1000.2,,12.9,,,,,2025-11-16 14:30:00
220.0,6.0,7.0,,,,,1000.0,,12.9,,,,,2025-11-16 14:40:00
220.0,6.0,8.0,2.3,11.0,8.1,298.0,999.9,,12.9,,,,,2025-11-16 14:50:00
220.0,7.0,8.0,,,,,999.9,,12.9,,,-1.2,,2025-11-16 15:00:00
210.0,7.0,8.0,,,,,999.8,,12.9,,,,,2025-11-16 15:10:00
210.0,7.0,8.0,2.6,11.0,8.2,298.0,999.8,,12.9,,,,,2025-11-16 15:20:00
200.0,6.0,7.0,,,,,999.7,,12.9,,,,,2025-11-16 15:30:00
200.0,6.0,8.0,,,,,999.7,,12.9,,,,,2025-11-16 15:40:00
200.0,6.0,8.0,2.5,11.0,7.9,298.0,999.8,,12.9,,,,,2025-11-16 15:50:00
200.0,7.0,8.0,,,,,999.8,,12.9,,,-1.0,,2025-11-16 16:00:00
200.0,7.0,8.0,,,,,999.8,,12.9,,,,,2025-11-16 16:10:00
190.0,7.0,8.0,2.1,10.0,7.5,291.0,999.9,,13.0,,,,,2025-11-16 16:20:00
200.0,7.0,9.0,,,,,999.7,,13.0,,,,,2025-11-16 16:30:00
200.0,7.0,9.0,,,,,999.8,,13.0,,,,,2025-11-16 16:40:00
200.0,7.0,8.0,2.3,11.0,7.9,293.0,999.8,,13.1,,,,,2025-11-16 16:50:00
200.0,7.0,8.0,,,,,999.8,,13.1,,,-0.5,,2025-11-16 17:00:00
200.0,7.0,9.0,2.4,,7.8,294.0,999.7,,13.1,,,,,2025-11-16 17:10:00
200.0,7.0,8.0,2.4,11.0,7.8,294.0,999.6,,13.2,,,,,2025-11-16 17:20:00
200.0,7.0,9.0,,,,,999.6,,13.2,,,,,2025-11-16 17:30:00
190.0,7.0,9.0,2.4,,7.6,293.0,999.7,,13.2,,,,,2025-11-16 17:40:00
190.0,7.0,9.0,2.4,12.0,7.6,293.0,999.6,,13.2,,,,,2025-11-16 17:50:00
190.0,7.0,9.0,,,,,999.7,,13.2,,,0.0,,2025-11-16 18:00:00
190.0,8.0,10.0,2.3,,7.8,292.0,999.7,,13.2,,,,,2025-11-16 18:10:00
190.0,7.0,9.0,2.3,11.0,7.8,292.0,999.6,,13.2,,,,,2025-11-16 18:20:00
190.0,8.0,9.0,,,,,999.6,,13.2,,,,,2025-11-16 18:30:00
190.0,8.0,10.0,,,,,999.6,,13.2,,,,,2025-11-16 18:40:00
180.0,8.0,10.0,2.2,13.0,7.3,282.0,999.6,,13.2,,,,,2025-11-16 18:50:00
180.0,9.0,10.0,,,,,999.6,,13.2,,,0.0,,2025-11-16 19:00:00
190.0,8.0,10.0,2.2,,7.4,297.0,999.5,,,,,,,2025-11-16 19:10:00
190.0,9.0,11.0,2.2,12.0,7.4,297.0,999.4,,13.2,,,,,2025-11-16 19:20:00
190.0,8.0,10.0,,,,,999.4,,13.2,,,,,2025-11-16 19:30:00
190.0,8.0,10.0,2.2,,7.2,288.0,999.2,,13.2,,,,,2025-11-16 19:40:00
190.0,9.0,10.0,2.2,12.0,7.2,288.0,999.5,,13.2,,,,,2025-11-16 19:50:00
280.0,10.0,12.0,,,,,999.5,,13.2,,,-0.3,,2025-11-16 20:00:00
290.0,10.0,13.0,,,,,999.6,,13.2,,,,,2025-11-16 20:10:00
290.0,10.0,12.0,2.5,11.0,7.6,281.0,999.6,,13.2,,,,,2025-11-16 20:20:00
300.0,9.0,11.0,,,,,999.7,,13.2,,,,,2025-11-16 20:30:00
300.0,10.0,12.0,,,,,999.7,,13.2,,,,,2025-11-16 20:40:00
290.0,9.0,12.0,2.4,13.0,7.2,287.0,999.8,,13.2,,,,,2025-11-16 20:50:00
300.0,9.0,11.0,,,,,999.8,,13.2,,,-0.0,,2025-11-16 21:00:00
300.0,9.0,11.0,,,,,999.8,,13.2,,,,,2025-11-16 21:10:00
300.0,10.0,13.0,2.3,12.0,7.1,285.0,1000.0,,13.2,,,,,2025-11-16 21:20:00
300.0,10.0,12.0,,,,,999.8,,13.2,,,,,2025-11-16 21:30:00
300.0,10.0,13.0,,,,,999.9,,13.2,,,,,2025-11-16 21:40:00
300.0,9.0,11.0,2.5,12.0,7.1,288.0,999.9,,13.2,,,,,2025-11-16 21:50:00
310.0,9.0,11.0,,,,,999.9,,13.2,,,0.3,,2025-11-16 22:00:00
310.0,9.0,11.0,2.6,,7.2,300.0,1000.0,,13.2,,,,,2025-11-16 22:10:00
310.0,10.0,12.0,2.6,12.0,7.2,300.0,1000.1,,13.2,,,,,2025-11-16 22:20:00
320.0,9.0,11.0,,,,,1000.1,,13.2,,,,,2025-11-16 22:30:00
320.0,9.0,12.0,,,,,1000.3,,13.2,,,,,2025-11-16 22:40:00
320.0,10.0,12.0,2.8,11.0,7.3,292.0,1000.3,,13.2,,,,,2025-11-16 22:50:00
320.0,10.0,13.0,,,,,1000.5,,13.2,,,1.0,,2025-11-16 23:00:00
320.0,10.0,12.0,,,,,1000.8,,13.2,,,,,2025-11-16 23:10:00
310.0,11.0,13.0,2.7,,7.1,282.0,1000.9,,13.2,,,,,2025-11-16 23:40:00
320.0,11.0,13.0,2.7,12.0,7.1,282.0,1001.2,,13.2,,,,,2025-11-16 23:50:00
320.0,10.0,13.0,,,,,1001.5,,13.1,,,1.7,,2025-11-17 00:00:00
310.0,11.0,13.0,,,,,1001.7,,13.1,,,,,2025-11-17 00:10:00
320.0,11.0,14.0,2.8,13.0,6.9,290.0,1001.9,,13.1,,,,,2025-11-17 00:20:00
320.0,11.0,14.0,,,,,1001.9,,13.1,,,,,2025-11-17 00:30:00
320.0,11.0,13.0,,,,,1002.0,,13.2,,,,,2025-11-17 00:40:00
320.0,11.0,14.0,3.0,14.0,7.4,309.0,1002.1,,13.2,,,,,2025-11-17 00:50:00
320.0,11.0,13.0,,,,,1002.1,,13.2,,,2.2,,2025-11-17 01:00:00
330.0,11.0,13.0,3.3,,7.8,301.0,1002.1,,13.2,,,,,2025-11-17 01:10:00
330.0,11.0,14.0,3.3,12.0,7.8,301.0,1002.3,,13.2,,,,,2025-11-17 01:20:00
330.0,11.0,13.0,,,,,1002.5,,13.2,,,,,2025-11-17 01:30:00
330.0,10.0,12.0,3.3,,7.7,300.0,1002.6,,13.2,,,,,2025-11-17 01:40:00
330.0,10.0,13.0,3.3,13.0,7.7,300.0,1002.5,,13.2,,,,,2025-11-17 01:50:00
340.0,11.0,14.0,,,,,1002.6,,13.1,,,2.1,,2025-11-17 02:00:00
340.0,11.0,14.0,3.1,,7.2,312.0,1002.5,,13.1,,,,,2025-11-17 02:10:00
330.0,11.0,14.0,3.1,14.0,7.2,312.0,1002.9,,13.1,,,,,2025-11-17 02:20:00
330.0,11.0,13.0,,,,,1003.0,,13.1,,,,,2025-11-17 02:30:00
330.0,12.0,16.0,3.5,,7.6,303.0,1003.1,,13.1,,,,,2025-11-17 02:40:00
330.0,12.0,15.0,3.5,12.0,7.6,303.0,1003.1,,13.2,,,,,2025-11-17 02:50:00
330.0,12.0,14.0,,,,,1003.4,,13.2,,,1.9,,2025-11-17 03:00:00
330.0,11.0,13.0,3.7,,7.7,298.0,1003.6,,13.2,,,,,2025-11-17 03:10:00
330.0,11.0,13.0,3.7,12.0,7.7,298.0,1003.5,,13.2,,,,,2025-11-17 03:20:00
330.0,11.0,13.0,,,,,1003.6,,13.2,,,,,2025-11-17 03:30:00
340.0,11.0,13.0,,,,,1004.0,,13.2,,,,,2025-11-17 03:40:00
340.0,10.0,13.0,4.1,11.0,8.1,308.0,1004.0,,13.2,,,,,2025-11-17 03:50:00
320.0,12.0,15.0,,,,,1004.3,,13.2,,,2.2,,2025-11-17 04:00:00
320.0,11.0,14.0,3.7,,7.5,300.0,1004.4,,13.2,,,,,2025-11-17 04:10:00
330.0,11.0,14.0,3.7,11.0,7.5,300.0,1004.5,,13.2,,,,,2025-11-17 04:20:00
330.0,12.0,14.0,,,,,1004.6,,13.1,,,,,2025-11-17 04:30:00
320.0,12.0,15.0,4.5,,8.2,305.0,1004.7,,13.1,,,,,2025-11-17 04:40:00
330.0,12.0,14.0,4.5,11.0,8.2,305.0,1005.0,,13.0,,,,,2025-11-17 04:50:00
330.0,11.0,13.0,,,,,1005.0,,12.9,,,2.4,,2025-11-17 05:00:00
340.0,11.0,14.0,3.8,,7.7,296.0,1005.0,,12.9,,,,,2025-11-17 05:10:00
340.0,11.0,13.0,3.8,11.0,7.7,296.0,1005.2,,12.9,,,,,2025-11-17 05:20:00
340.0,11.0,15.0,,,,,1005.0,,12.9,,,,,2025-11-17 05:30:00
340.0,11.0,14.0,,,,,1005.4,,12.9,,,,,2025-11-17 05:40:00
330.0,11.0,14.0,4.4,11.0,8.2,301.0,1005.6,,12.9,,,,,2025-11-17 05:50:00
340.0,10.0,13.0,,,,,1005.7,,12.9,,,2.3,,2025-11-17 06:00:00
340.0,10.0,13.0,4.1,,7.9,318.0,1005.8,,13.0,,,,,2025-11-17 06:10:00
340.0,10.0,13.0,4.1,14.0,7.9,318.0,1006.0,,13.0,,,,,2025-11-17 06:20:00
340.0,11.0,12.0,,,,,1006.0,,13.0,,,,,2025-11-17 06:30:00
340.0,10.0,12.0,3.9,,7.5,296.0,1006.0,,13.1,,,,,2025-11-17 06:40:00
340.0,10.0,13.0,3.9,10.0,7.5,296.0,1006.0,,13.1,,,,,2025-11-17 06:50:00
340.0,11.0,13.0,,,,,1006.2,,13.1,,,1.9,,2025-11-17 07:00:00
340.0,10.0,13.0,,,,,1006.1,,13.1,,,,,2025-11-17 07:10:00
340.0,10.0,13.0,4.2,10.0,7.9,302.0,1006.1,,13.1,,,,,2025-11-17 07:20:00
340.0,9.0,11.0,,,,,1006.4,,13.1,,,,,2025-11-17 07:30:00
340.0,9.0,11.0,4.5,,8.2,319.0,1006.4,,13.1,,,,,2025-11-17 07:40:00
350.0,9.0,11.0,4.5,14.0,8.2,319.0,1006.4,,13.1,,,,,2025-11-17 07:50:00
340.0,10.0,12.0,,,,,1006.5,,13.1,,,1.5,,2025-11-17 08:00:00
340.0,9.0,12.0,4.2,,8.0,296.0,1006.6,,13.1,,,,,2025-11-17 08:10:00
340.0,9.0,11.0,4.2,11.0,8.0,296.0,1006.8,,13.1,,,,,2025-11-17 08:20:00
340.0,9.0,11.0,,,,,1007.0,,13.1,,,,,2025-11-17 08:30:00
340.0,9.0,11.0,4.3,,8.2,296.0,1006.9,,13.0,,,,,2025-11-17 08:40:00
330.0,9.0,12.0,4.3,11.0,8.2,296.0,1006.8,,13.0,,,,,2025-11-17 08:50:00
340.0,9.0,11.0,,,,,1007.1,,13.0,,,1.4,,2025-11-17 09:00:00
340.0,9.0,11.0,4.1,,8.0,316.0,1007.1,,13.0,,,,,2025-11-17 09:10:00
340.0,10.0,12.0,4.1,13.0,8.0,316.0,1007.2,,13.0,,,,,2025-11-17 09:20:00
330.0,10.0,12.0,,,,,1007.2,,13.0,,,,,2025-11-17 09:30:00
340.0,9.0,12.0,4.1,,7.8,306.0,1007.5,,13.0,,,,,2025-11-17 09:40:00
340.0,9.0,12.0,4.1,12.0,7.8,306.0,1007.6,,13.0,,,,,2025-11-17 09:50:00
330.0,9.0,11.0,,,,,1007.8,,13.0,,,1.6,,2025-11-17 10:00:00
330.0,9.0,12.0,,,,,1008.2,,13.0,,,,,2025-11-17 10:10:00
330.0,9.0,11.0,3.9,13.0,8.0,308.0,1008.2,,13.0,,,,,2025-11-17 10:20:00
340.0,10.0,12.0,,,,,1008.2,,13.0,,,,,2025-11-17 10:30:00
340.0,10.0,13.0,,,,,1008.3,,13.0,,,,,2025-11-17 10:40:00
340.0,9.0,11.0,4.4,13.0,8.4,311.0,1008.4,,13.0,,,,,2025-11-17 10:50:00
340.0,9.0,11.0,,,,,1008.6,,12.9,,,2.1,,2025-11-17 11:00:00
330.0,9.0,12.0,,,,,1008.7,,12.9,,,,,2025-11-17 11:10:00
340.0,9.0,12.0,3.9,13.0,7.8,313.0,1008.7,,12.9,,,,,2025-11-17 11:20:00
330.0,9.0,11.0,,,,,1008.8,,12.9,,,,,2025-11-17 11:30:00
330.0,9.0,12.0,4.1,,8.2,302.0,1009.0,,12.9,,,,,2025-11-17 11:40:00
330.0,9.0,10.0,4.1,13.0,8.2,302.0,1009.0,,12.9,,,,,2025-11-17 11:50:00
340.0,9.0,11.0,,,,,1009.1,,12.9,,,2.0,,2025-11-17 12:00:00
330.0,9.0,14.0,4.3,,8.2,301.0,1009.2,,12.9,,,,,2025-11-17 12:10:00
330.0,9.0,11.0,4.3,12.0,8.2,301.0,1009.3,,12.9,,,,,2025-11-17 12:20:00
330.0,9.0,11.0,,,,,1009.4,,12.8,,,,,2025-11-17 12:30:00
340.0,9.0,11.0,3.8,,7.9,304.0,1009.6,,12.9,,,,,2025-11-17 12:40:00
330.0,9.0,11.0,3.8,13.0,7.9,304.0,1009.6,,12.8,,,,,2025-11-17 12:50:00
340.0,9.0,11.0,,,,,1009.6,,12.9,,,1.8,,2025-11-17 13:00:00
330.0,10.0,11.0,4.1,,8.1,300.0,1009.9,,12.9,,,,,2025-11-17 13:10:00
340.0,9.0,12.0,4.1,12.0,8.1,300.0,1010.0,,12.8,,,,,2025-11-17 13:20:00
330.0,9.0,12.0,,,,,1010.1,,12.8,,,,,2025-11-17 13:30:00
340.0,8.0,11.0,,,,,1010.1,,12.8,,,,,2025-11-17 13:40:00
340.0,9.0,11.0,4.1,12.0,8.2,302.0,1010.2,,12.8,,,,,2025-11-17 13:50:00
340.0,9.0,11.0,,,,,1010.3,,12.8,,,1.7,,2025-11-17 14:00:00
350.0,8.0,10.0,,,,,1010.5,,12.8,,,,,2025-11-17 14:10:00
340.0,9.0,11.0,3.7,13.0,7.9,301.0,1010.6,,12.8,,,,,2025-11-17 14:20:00
340.0,10.0,12.0,,,,,1010.8,,12.8,,,,,2025-11-17 14:30:00
350.0,10.0,12.0,,,,,1010.9,,12.8,,,,,2025-11-17 14:40:00
340.0,10.0,12.0,3.8,13.0,7.9,309.0,1011.3,,12.8,,,,,2025-11-17 14:50:00
330.0,10.0,13.0,,,,,1011.4,,12.8,,,2.3,,2025-11-17 15:00:00
330.0,9.0,12.0,3.8,,7.9,300.0,1011.6,,12.8,,,,,2025-11-17 15:10:00
340.0,10.0,13.0,3.8,12.0,7.9,300.0,1011.7,,12.8,,,,,2025-11-17 15:20:00
340.0,9.0,12.0,,,,,1011.8,,12.8,,,,,2025-11-17 15:30:00
330.0,9.0,11.0,3.9,,7.7,306.0,1011.9,,12.8,,,,,2025-11-17 15:40:00
330.0,9.0,12.0,3.9,12.0,7.7,306.0,1012.1,,,,,,,2025-11-17 15:50:00
330.0,9.0,11.0,,,,,1012.2,,12.8,,,2.6,,2025-11-17 16:00:00
330.0,9.0,11.0,3.7,,7.8,305.0,1012.3,,12.8,,,,,2025-11-17 16:10:00
330.0,10.0,14.0,3.7,13.0,7.8,305.0,1012.3,,12.8,,,,,2025-11-17 16:20:00
330.0,10.0,13.0,,,,,1012.4,,12.8,,,,,2025-11-17 16:30:00
330.0,10.0,13.0,,,,,1012.6,,12.8,,,,,2025-11-17 16:40:00
330.0,10.0,12.0,3.7,12.0,7.9,308.0,1012.6,,12.8,,,,,2025-11-17 16:50:00
330.0,10.0,13.0,,,,,1012.8,,12.8,,,2.5,,2025-11-17 17:00:00
330.0,11.0,13.0,,,,,1012.9,,12.8,,,,,2025-11-17 17:10:00
330.0,10.0,12.0,3.6,13.0,7.6,302.0,1013.2,,12.8,,,,,2025-11-17 17:20:00
330.0,9.0,12.0,,,,,1013.3,,12.8,,,,,2025-11-17 17:30:00
340.0,9.0,11.0,,,,,1013.2,,12.8,,,,,2025-11-17 17:40:00
340.0,9.0,11.0,3.2,13.0,7.1,300.0,1013.4,,12.8,,,,,2025-11-17 17:50:00
350.0,9.0,11.0,,,,,1013.4,,12.8,,,2.0,,2025-11-17 18:00:00
340.0,9.0,12.0,3.5,,7.5,293.0,1013.6,,12.8,,,,,2025-11-17 18:10:00
330.0,10.0,12.0,3.5,10.0,7.5,293.0,1013.6,,12.8,,,,,2025-11-17 18:20:00
330.0,10.0,12.0,,,,,1013.7,,12.8,,,,,2025-11-17 18:30:00
340.0,9.0,10.0,,,,,1013.8,,12.8,,,,,2025-11-17 18:40:00
340.0,8.0,10.0,3.1,11.0,7.1,302.0,1014.0,,12.8,,,,,2025-11-17 18:50:00
340.0,8.0,9.0,,,,,1013.9,,12.8,,,1.7,,2025-11-17 19:00:00
330.0,8.0,10.0,3.1,,7.1,301.0,1014.0,,12.8,,,,,2025-11-17 19:10:00
350.0,8.0,10.0,3.1,11.0,7.1,301.0,1014.0,,12.8,,,,,2025-11-17 19:20:00
340.0,7.0,9.0,,,,,1014.0,,12.8,,,,,2025-11-17 19:30:00
340.0,7.0,9.0,3.2,,7.3,302.0,1013.9,,,,,,,2025-11-17 19:40:00
330.0,7.0,9.0,3.2,10.0,7.3,302.0,1013.9,,,,,,,2025-11-17 19:50:00
340.0,7.0,8.0,,,,,1013.8,,12.8,,,1.0,,2025-11-17 20:00:00
330.0,7.0,8.0,3.1,,7.4,291.0,1013.9,,12.8,,,,,2025-11-17 20:10:00
340.0,8.0,10.0,3.1,11.0,7.4,291.0,1013.9,,12.8,,,,,2025-11-17 20:20:00
340.0,8.0,10.0,,,,,1014.0,,12.8,,,,,2025-11-17 20:30:00
340.0,7.0,9.0,,,,,1013.9,,12.8,,,,,2025-11-17 20:40:00
330.0,7.0,9.0,3.0,12.0,7.5,302.0,1014.0,,12.8,,,,,2025-11-17 20:50:00
330.0,7.0,9.0,,,,,1013.9,,12.8,,,0.5,,2025-11-17 21:00:00
330.0,7.0,9.0,,,,,1014.0,,12.8,,,,,2025-11-17 21:10:00
320.0,8.0,9.0,3.0,13.0,7.5,312.0,1014.1,,12.8,,,,,2025-11-17 21:20:00
320.0,7.0,9.0,,,,,1014.3,,12.8,,,,,2025-11-17 21:30:00
330.0,8.0,10.0,3.0,,7.4,302.0,1014.3,,12.8,,,,,2025-11-17 21:40:00
340.0,7.0,9.0,3.0,11.0,7.4,302.0,1014.5,,12.8,,,,,2025-11-17 21:50:00
340.0,8.0,9.0,,,,,1014.6,,12.7,,,0.7,,2025-11-17 22:00:00
340.0,8.0,10.0,3.5,,7.9,306.0,1014.6,,12.7,,,,,2025-11-17 22:10:00
330.0,8.0,12.0,3.5,10.0,7.9,306.0,1014.7,,12.7,,,,,2025-11-17 22:20:00
330.0,8.0,11.0,,,,,1014.8,,12.7,,,,,2025-11-17 22:30:00
320.0,8.0,10.0,3.2,,7.6,304.0,1014.9,,12.7,,,,,2025-11-17 22:40:00
320.0,8.0,10.0,3.2,13.0,7.6,304.0,1015.0,,12.7,,,,,2025-11-17 22:50:00
330.0,7.0,9.0,,,,,1015.2,,12.7,,,1.4,,2025-11-17 23:00:00
330.0,7.0,8.0,2.9,,7.4,303.0,1015.3,,12.7,,,,,2025-11-17 23:10:00
320.0,7.0,9.0,2.9,11.0,7.4,303.0,1015.4,,12.7,,,,,2025-11-17 23:20:00
320.0,7.0,8.0,,,,,1015.5,,12.7,,,,,2025-11-17 23:30:00
310.0,7.0,8.0,,,,,1015.6,,12.7,,,,,2025-11-17 23:40:00
320.0,6.0,8.0,3.0,12.0,7.5,300.0,1015.8,,12.8,,,,,2025-11-17 23:50:00
320.0,8.0,11.0,,,,,1015.9,,12.8,,,2.0,,2025-11-18 00:00:00
330.0,8.0,11.0,3.1,,7.6,293.0,1016.0,,12.8,,,,,2025-11-18 00:10:00
330.0,7.0,9.0,3.1,11.0,7.6,293.0,1016.1,,12.8,,,,,2025-11-18 00:20:00
,,,3.3,12.0,8.1,299.0,,,12.8,,,,,2025-11-18 01:35:00
,,,3.3,12.0,8.1,301.0,,,12.8,,,,,2025-11-18 02:05:00
,,,3.1,11.0,7.9,302.0,,,12.9,,,,,2025-11-18 02:35:00
330.0,5.0,8.0,,,,,,,12.9,,,,,2025-11-18 03:20:00
320.0,7.0,8.0,,,,,,,12.9,,,,,2025-11-18 03:30:00
340.0,6.0,7.0,,,,,,,12.9,,,,,2025-11-18 03:40:00
330.0,6.0,9.0,2.9,10.0,7.7,299.0,,,12.9,,,,,2025-11-18 03:50:00
320.0,6.0,9.0,,,,,,,12.9,,,,,2025-11-18 04:00:00
330.0,7.0,9.0,,,,,,,12.9,,,,,2025-11-18 04:10:00
320.0,6.0,10.0,3.1,11.0,7.8,301.0,,,12.9,,,,,2025-11-18 04:20:00
330.0,6.0,8.0,,,,,,,12.9,,,,,2025-11-18 04:30:00
310.0,6.0,9.0,,,,,,,12.9,,,,,2025-11-18 04:40:00
320.0,5.0,8.0,,,,,,,12.9,,,,,2025-11-18 04:50:00
320.0,5.0,9.0,,,,,,,12.9,,,,,2025-11-18 05:00:00
320.0,8.0,10.0,3.3,,7.9,297.0,,,12.9,,,,,2025-11-18 05:10:00
320.0,7.0,9.0,3.3,12.0,7.9,297.0,,,12.9,,,,,2025-11-18 05:20:00
320.0,7.0,9.0,,,,,,,12.9,,,,,2025-11-18 05:30:00
330.0,6.0,8.0,3.0,,7.7,301.0,,,12.9,,,,,2025-11-18 05:40:00
330.0,5.0,7.0,3.0,11.0,7.7,301.0,,,12.9,,,,,2025-11-18 05:50:00
320.0,6.0,8.0,,,,,,,12.9,,,,,2025-11-18 06:00:00
330.0,6.0,8.0,3.2,,8.1,301.0,,,12.9,,,,,2025-11-18 06:10:00
330.0,5.0,6.0,3.2,12.0,8.1,301.0,,,12.9,,,,,2025-11-18 06:20:00
340.0,4.0,6.0,,,,,,,12.9,,,,,2025-11-18 06:30:00
340.0,4.0,5.0,,,,,,,12.9,,,,,2025-11-18 06:40:00
330.0,4.0,5.0,3.1,11.0,7.9,303.0,,,12.9,,,,,2025-11-18 06:50:00
330.0,4.0,7.0,,,,,,,12.8,,,,,2025-11-18 07:00:00
350.0,4.0,6.0,3.4,,8.2,300.0,,,12.8,,,,,2025-11-18 07:10:00
320.0,4.0,6.0,3.4,12.0,8.2,300.0,,,12.8,,,,,2025-11-18 07:20:00
320.0,6.0,8.0,,,,,,,12.8,,,,,2025-11-18 07:30:00
330.0,6.0,9.0,,,,,,,12.8,,,,,2025-11-18 07:40:00
330.0,8.0,10.0,3.1,11.0,8.1,298.0,,,12.8,,,,,2025-11-18 07:50:00
340.0,7.0,9.0,,,,,,,12.8,,,,,2025-11-18 08:00:00
350.0,5.0,7.0,3.1,,7.9,303.0,,,12.8,,,,,2025-11-18 08:10:00
350.0,3.0,5.0,3.1,11.0,7.9,303.0,,,12.8,,,,,2025-11-18 08:20:00
350.0,2.0,4.0,,,,,,,12.8,,,,,2025-11-18 08:30:00
330.0,3.0,4.0,,,,,,,12.8,,,,,2025-11-18 08:40:00
330.0,3.0,4.0,3.1,11.0,8.0,299.0,,,12.8,,,,,2025-11-18 08:50:00
330.0,2.0,3.0,,,,,,,12.8,,,,,2025-11-18 09:00:00
330.0,2.0,4.0,2.9,,7.9,302.0,,,12.8,,,,,2025-11-18 09:10:00
360.0,3.0,4.0,2.9,11.0,7.9,302.0,,,12.8,,,,,2025-11-18 09:20:00
350.0,3.0,4.0,,,,,,,12.8,,,,,2025-11-18 09:30:00
360.0,2.0,4.0,,,,,,,12.8,,,,,2025-11-18 09:40:00
350.0,3.0,4.0,2.6,13.0,7.6,306.0,,,12.8,,,,,2025-11-18 09:50:00
350.0,2.0,4.0,,,,,,,12.8,,,,,2025-11-18 10:00:00
350.0,2.0,4.0,3.1,,7.9,295.0,,,12.9,,,,,2025-11-18 10:10:00
360.0,2.0,4.0,3.1,11.0,7.9,295.0,,,12.9,,,,,2025-11-18 10:20:00
330.0,2.0,3.0,,,,,,,12.8,,,,,2025-11-18 10:30:00
330.0,1.0,3.0,,,,,,,12.8,,,,,2025-11-18 10:40:00
310.0,2.0,4.0,2.7,11.0,7.6,306.0,,,12.8,,,,,2025-11-18 10:50:00
330.0,4.0,6.0,,,,,,,12.8,,,,,2025-11-18 11:00:00
330.0,4.0,6.0,,,,,,,12.8,,,,,2025-11-18 11:10:00
320.0,4.0,5.0,2.7,10.0,7.5,305.0,,,12.8,,,,,2025-11-18 11:20:00
330.0,4.0,5.0,,,,,,,12.8,,,,,2025-11-18 11:30:00
330.0,3.0,5.0,,,,,,,12.8,,,,,2025-11-18 11:40:00
310.0,3.0,6.0,2.6,11.0,7.7,312.0,,,12.8,,,,,2025-11-18 11:50:00
290.0,5.0,6.0,,,,,,,,,,,,2025-11-18 12:00:00
320.0,4.0,6.0,2.7,,7.8,297.0,,,12.8,,,,,2025-11-18 12:10:00
320.0,2.0,4.0,2.7,12.0,7.8,297.0,,,12.8,,,,,2025-11-18 12:20:00
320.0,1.0,2.0,,,,,1019.5,,12.8,,,,,2025-11-18 12:30:00
300.0,3.0,6.0,,,,,1019.6,,12.8,,,,,2025-11-18 12:40:00
300.0,5.0,6.0,2.6,12.0,8.1,306.0,1019.7,,12.8,,,,,2025-11-18 12:50:00
320.0,5.0,8.0,,,,,1019.8,,12.8,,,,,2025-11-18 13:00:00
10.0,4.0,6.0,2.7,,8.2,310.0,1019.8,,12.8,,,,,2025-11-18 13:10:00
10.0,4.0,6.0,2.7,11.0,8.2,310.0,1019.8,,12.8,,,,,2025-11-18 13:20:00
10.0,3.0,5.0,,,,,1019.8,,12.8,,,,,2025-11-18 13:30:00
20.0,2.0,3.0,2.4,,8.1,307.0,1019.8,,12.9,,,,,2025-11-18 13:40:00
350.0,2.0,4.0,2.4,13.0,8.1,307.0,1020.0,,12.9,,,,,2025-11-18 13:50:00
330.0,6.0,8.0,,,,,1020.0,,12.9,,,,,2025-11-18 14:00:00
360.0,6.0,8.0,2.3,,7.5,301.0,1019.9,,12.9,,,,,2025-11-18 14:10:00
360.0,4.0,6.0,2.3,13.0,7.5,301.0,1019.8,,12.9,,,,,2025-11-18 14:20:00
340.0,4.0,5.0,,,,,1020.0,,12.9,,,,,2025-11-18 14:30:00
350.0,4.0,5.0,2.4,,8.1,308.0,1020.0,,12.9,,,,,2025-11-18 14:40:00
360.0,4.0,5.0,2.4,11.0,8.1,308.0,1020.1,,12.9,,,,,2025-11-18 14:50:00
350.0,4.0,5.0,,,,,1020.2,,12.9,,,,,2025-11-18 15:00:00
350.0,4.0,5.0,,,,,1020.3,,12.9,,,,,2025-11-18 15:10:00
350.0,4.0,5.0,2.3,13.0,8.1,311.0,1020.3,,12.9,,,,,2025-11-18 15:20:00
10.0,4.0,5.0,,,,,1020.2,,12.9,,,,,2025-11-18 15:30:00
10.0,4.0,5.0,,,,,1020.2,,12.9,,,,,2025-11-18 15:40:00
20.0,4.0,5.0,2.6,13.0,8.4,304.0,1020.2,,,,,,,2025-11-18 15:50:00
10.0,4.0,5.0,,,,,1020.3,,12.9,,,0.5,,2025-11-18 16:00:00
20.0,3.0,5.0,2.3,,8.0,303.0,1020.3,,12.9,,,,,2025-11-18 16:10:00
10.0,4.0,5.0,2.3,12.0,8.0,303.0,1020.4,,12.8,,,,,2025-11-18 16:20:00
30.0,4.0,5.0,,,,,1020.5,,12.8,,,,,2025-11-18 16:30:00
10.0,3.0,4.0,,,,,1020.6,,12.8,,,,,2025-11-18 16:40:00
350.0,5.0,6.0,2.3,11.0,8.1,298.0,1020.6,,12.8,,,,,2025-11-18 16:50:00
360.0,5.0,6.0,,,,,1020.6,,12.8,,,0.6,,2025-11-18 17:00:00
360.0,4.0,5.0,,,,,1020.6,,12.8,,,,,2025-11-18 17:10:00
350.0,4.0,5.0,2.2,11.0,7.9,308.0,1020.7,,12.8,,,,,2025-11-18 17:20:00
340.0,4.0,5.0,,,,,1020.8,,12.8,,,,,2025-11-18 17:30:00
340.0,4.0,5.0,,,,,1020.9,,12.7,,,,,2025-11-18 17:40:00
350.0,4.0,5.0,2.1,12.0,7.8,312.0,1020.9,,12.6,,,,,2025-11-18 17:50:00
360.0,4.0,5.0,,,,,1020.7,,12.6,,,0.5,,2025-11-18 18:00:00
10.0,4.0,5.0,2.2,,7.8,302.0,1020.8,,12.6,,,,,2025-11-18 18:10:00
360.0,3.0,5.0,2.2,12.0,7.8,302.0,1021.0,,12.6,,,,,2025-11-18 18:20:00
350.0,3.0,4.0,,,,,1021.1,,12.6,,,,,2025-11-18 18:30:00
350.0,3.0,5.0,2.1,,7.6,306.0,1021.2,,12.6,,,,,2025-11-18 18:40:00
340.0,3.0,5.0,2.1,12.0,7.6,306.0,1021.2,,12.7,,,,,2025-11-18 18:50:00
330.0,3.0,4.0,,,,,1021.2,,12.7,,,0.9,,2025-11-18 19:00:00
340.0,3.0,4.0,,,,,1021.1,,12.7,,,,,2025-11-18 19:10:00
350.0,2.0,4.0,2.1,12.0,7.5,308.0,1020.8,,12.7,,,,,2025-11-18 19:20:00
340.0,3.0,4.0,,,,,1020.8,,12.7,,,,,2025-11-18 19:30:00
340.0,3.0,5.0,,,,,1020.8,,,,,,,2025-11-18 19:40:00
340.0,4.0,5.0,2.2,11.0,7.9,300.0,1020.7,,12.7,,,,,2025-11-18 19:50:00
340.0,4.0,5.0,,,,,1020.9,,12.7,,,0.3,,2025-11-18 20:00:00
330.0,4.0,6.0,,,,,1020.9,,12.7,,,,,2025-11-18 20:10:00
330.0,5.0,6.0,2.1,12.0,7.5,296.0,1020.8,,12.7,,,,,2025-11-18 20:20:00
330.0,4.0,6.0,,,,,1020.7,,12.7,,,,,2025-11-18 20:30:00
330.0,4.0,5.0,,,,,1020.6,,12.7,,,,,2025-11-18 20:40:00
330.0,4.0,5.0,2.3,11.0,7.8,303.0,1020.6,,12.7,,,,,2025-11-18 20:50:00
330.0,4.0,5.0,,,,,1020.6,,12.7,,,0.0,,2025-11-18 21:00:00
330.0,4.0,6.0,,,,,1020.6,,12.7,,,,,2025-11-18 21:10:00
340.0,4.0,5.0,,,,,1020.6,,12.7,,,,,2025-11-18 21:30:00
350.0,4.0,5.0,,,,,1020.6,,12.7,,,,,2025-11-18 21:40:00
350.0,4.0,5.0,2.3,10.0,7.5,289.0,1020.6,,12.7,,,,,2025-11-18 21:50:00
330.0,4.0,5.0,,,,,1020.8,,12.7,,,-0.4,,2025-11-18 22:00:00
340.0,4.0,5.0,2.4,,7.7,301.0,1020.6,,12.7,,,,,2025-11-18 22:10:00
340.0,4.0,5.0,2.4,11.0,7.7,301.0,1020.7,,12.7,,,,,2025-11-18 22:20:00
350.0,4.0,5.0,,,,,1020.6,,12.7,,,,,2025-11-18 22:30:00
350.0,4.0,5.0,,,,,1020.6,,12.7,,,,,2025-11-18 22:40:00
360.0,5.0,6.0,2.1,11.0,7.5,296.0,1020.7,,12.7,,,,,2025-11-18 22:50:00
350.0,5.0,6.0,,,,,1020.8,,12.7,,,-0.0,,2025-11-18 23:00:00
350.0,5.0,6.0,2.2,,7.4,294.0,1020.7,,12.6,,,,,2025-11-18 23:10:00
360.0,5.0,6.0,,,,,1021.1,,12.6,,,,,2025-11-18 23:40:00
10.0,6.0,7.0,2.2,11.0,7.3,300.0,1021.2,,12.6,,,,,2025-11-18 23:50:00
20.0,6.0,7.0,,,,,1021.4,,12.7,,,0.8,,2025-11-19 00:00:00
360.0,6.0,7.0,2.2,,7.5,300.0,1021.5,,12.7,,,,,2025-11-19 00:10:00
340.0,5.0,7.0,2.2,11.0,7.5,300.0,1021.5,,12.7,,,,,2025-11-19 00:20:00
360.0,4.0,6.0,,,,,1021.5,,12.7,,,,,2025-11-19 00:30:00
360.0,5.0,6.0,,,,,1021.6,,12.7,,,,,2025-11-19 00:40:00
10.0,5.0,6.0,2.1,11.0,7.5,302.0,1021.4,,12.8,,,,,2025-11-19 00:50:00
10.0,6.0,7.0,,,,,1021.4,,12.8,,,0.6,,2025-11-19 01:00:00
20.0,6.0,7.0,2.0,,7.3,305.0,1021.2,,12.8,,,,,2025-11-19 01:10:00
20.0,6.0,7.0,2.0,11.0,7.3,305.0,1021.3,,12.8,,,,,2025-11-19 01:20:00
20.0,6.0,7.0,,,,,1021.2,,12.8,,,,,2025-11-19 01:30:00
20.0,6.0,7.0,,,,,1021.3,,12.8,,,,,2025-11-19 01:40:00
30.0,6.0,7.0,1.9,11.0,6.9,300.0,1021.3,,12.8,,,,,2025-11-19 01:50:00
20.0,5.0,7.0,,,,,1021.4,,12.8,,,0.6,,2025-11-19 02:00:00
30.0,5.0,6.0,,,,,1021.4,,12.8,,,,,2025-11-19 02:10:00
30.0,5.0,6.0,2.0,11.0,7.1,293.0,1021.4,,12.8,,,,,2025-11-19 02:20:00
30.0,5.0,6.0,,,,,1021.5,,12.8,,,,,2025-11-19 02:30:00
40.0,5.0,6.0,,,,,1021.3,,12.8,,,,,2025-11-19 02:40:00
40.0,5.0,6.0,1.9,11.0,7.0,306.0,1021.2,,12.8,,,,,2025-11-19 02:50:00
40.0,5.0,6.0,,,,,1021.3,,12.8,,,0.0,,2025-11-19 03:00:00
50.0,4.0,5.0,1.9,,7.4,302.0,1021.2,,12.8,,,,,2025-11-19 03:10:00
40.0,4.0,5.0,1.9,11.0,7.4,302.0,1021.3,,12.8,,,,,2025-11-19 03:20:00
40.0,4.0,5.0,,,,,1021.2,,12.9,,,,,2025-11-19 03:30:00
50.0,5.0,6.0,,,,,1021.2,,12.9,,,,,2025-11-19 03:40:00
50.0,5.0,5.0,1.6,12.0,6.9,297.0,1021.1,,12.9,,,,,2025-11-19 03:50:00
40.0,4.0,5.0,,,,,1021.2,,12.9,,,0.0,,2025-11-19 04:00:00
40.0,4.0,5.0,1.6,,7.0,312.0,1021.2,,12.9,,,,,2025-11-19 04:10:00
50.0,4.0,5.0,1.6,11.0,7.0,312.0,1021.1,,13.0,,,,,2025-11-19 04:20:00
40.0,4.0,5.0,,,,,1021.0,,13.0,,,,,2025-11-19 04:30:00
50.0,4.0,5.0,1.7,,7.2,305.0,1020.9,,13.0,,,,,2025-11-19 04:40:00
60.0,4.0,5.0,1.7,11.0,7.2,305.0,1020.6,,13.0,,,,,2025-11-19 04:50:00
70.0,5.0,6.0,,,,,1020.6,,13.0,,,-0.8,,2025-11-19 05:00:00
70.0,5.0,6.0,1.6,,7.2,308.0,1020.6,,13.0,,,,,2025-11-19 05:10:00
70.0,4.0,5.0,1.6,11.0,7.2,308.0,1020.7,,13.0,,,,,2025-11-19 05:20:00
60.0,4.0,5.0,,,,,1020.5,,12.9,,,,,2025-11-19 05:30:00
60.0,4.0,5.0,,,,,1020.4,,12.9,,,,,2025-11-19 05:40:00
60.0,4.0,5.0,1.6,11.0,7.3,313.0,1020.3,,12.9,,,,,2025-11-19 05:50:00
60.0,4.0,5.0,,,,,1020.2,,12.9,,,-1.1,,2025-11-19 06:00:00
70.0,4.0,5.0,,,,,1020.1,,12.9,,,,,2025-11-19 06:10:00
60.0,4.0,5.0,1.5,11.0,7.3,302.0,1020.2,,12.9,,,,,2025-11-19 06:20:00
70.0,3.0,4.0,,,,,1020.3,,12.9,,,,,2025-11-19 06:30:00
70.0,3.0,4.0,,,,,1020.1,,12.9,,,,,2025-11-19 06:40:00
60.0,3.0,4.0,1.5,12.0,7.4,317.0,1020.2,,12.9,,,,,2025-11-19 06:50:00
80.0,3.0,4.0,,,,,1020.1,,13.0,,,-1.1,,2025-11-19 07:00:00
80.0,3.0,4.0,1.5,,7.4,315.0,1020.0,,13.0,,,,,2025-11-19 07:10:00
80.0,3.0,4.0,1.5,12.0,7.4,315.0,1020.0,,13.0,,,,,2025-11-19 07:20:00
100.0,3.0,4.0,,,,,1019.8,,13.0,,,,,2025-11-19 07:30:00
100.0,3.0,4.0,,,,,1019.6,,13.0,,,,,2025-11-19 07:40:00
90.0,3.0,4.0,1.5,12.0,7.5,303.0,1019.7,,13.0,,,,,2025-11-19 07:50:00
100.0,2.0,4.0,,,,,1019.7,,13.0,,,-0.9,,2025-11-19 08:00:00
120.0,3.0,4.0,1.5,,7.7,309.0,1019.5,,13.0,,,,,2025-11-19 08:10:00
100.0,2.0,4.0,1.5,10.0,7.7,309.0,1019.3,,13.0,,,,,2025-11-19 08:20:00
110.0,2.0,3.0,,,,,1019.2,,13.0,,,,,2025-11-19 08:30:00
120.0,2.0,3.0,,,,,1019.1,,13.0,,,,,2025-11-19 08:40:00
120.0,2.0,4.0,1.4,10.0,7.4,295.0,1018.8,,13.0,,,,,2025-11-19 08:50:00
100.0,3.0,4.0,,,,,1018.6,,13.0,,,-1.6,,2025-11-19 09:00:00
100.0,3.0,4.0,1.4,,7.5,289.0,1018.4,,12.9,,,,,2025-11-19 09:10:00
100.0,3.0,5.0,1.4,11.0,7.5,289.0,1018.4,,13.0,,,,,2025-11-19 09:20:00
120.0,4.0,5.0,,,,,1018.2,,12.9,,,,,2025-11-19 09:30:00
110.0,4.0,5.0,1.4,,7.5,295.0,1018.1,,12.9,,,,,2025-11-19 09:40:00
100.0,4.0,5.0,1.4,11.0,7.5,295.0,1017.9,,12.9,,,,,2025-11-19 09:50:00
100.0,3.0,5.0,,,,,1018.1,,12.9,,,-2.0,,2025-11-19 10:00:00
110.0,2.0,4.0,1.5,,7.7,301.0,1018.2,,12.9,,,,,2025-11-19 10:10:00
120.0,1.0,3.0,1.5,11.0,7.7,301.0,1018.3,,12.9,,,,,2025-11-19 10:20:00
100.0,3.0,4.0,,,,,1018.0,,12.9,,,,,2025-11-19 10:30:00
110.0,3.0,4.0,1.5,,7.8,294.0,1017.7,,12.9,,,,,2025-11-19 10:40:00
100.0,3.0,5.0,1.5,11.0,7.8,294.0,1017.5,,12.9,,,,,2025-11-19 10:50:00
100.0,3.0,5.0,,,,,1017.2,,12.9,,,-2.5,,2025-11-19 11:00:00
110.0,2.0,3.0,,,,,1017.3,,12.9,,,,,2025-11-19 11:10:00
130.0,2.0,3.0,1.6,11.0,8.0,295.0,1017.1,,12.9,,,,,2025-11-19 11:20:00
100.0,2.0,3.0,,,,,1017.1,,12.9,,,,,2025-11-19 11:30:00
120.0,2.0,4.0,,,,,1016.9,,12.9,,,,,2025-11-19 11:40:00
110.0,2.0,3.0,1.5,11.0,7.8,293.0,1016.7,,12.9,,,,,2025-11-19 11:50:00
90.0,3.0,4.0,,,,,1016.5,,12.9,,,-2.1,,2025-11-19 12:00:00
90.0,3.0,5.0,1.5,,8.2,306.0,1016.4,,12.9,,,,,2025-11-19 12:10:00
110.0,3.0,5.0,1.5,12.0,8.2,306.0,1016.4,,12.9,,,,,2025-11-19 12:20:00
100.0,3.0,5.0,,,,,1016.3,,12.9,,,,,2025-11-19 12:30:00
100.0,3.0,5.0,,,,,1016.3,,12.9,,,,,2025-11-19 12:40:00
100.0,3.0,5.0,1.5,11.0,8.0,299.0,1016.2,,12.9,,,,,2025-11-19 12:50:00
110.0,4.0,5.0,,,,,1016.0,,12.9,,,-2.1,,2025-11-19 13:00:00
110.0,4.0,5.0,,,,,1015.8,,12.9,,,,,2025-11-19 13:10:00
110.0,4.0,6.0,1.7,11.0,8.3,303.0,1015.7,,12.9,,,,,2025-11-19 13:20:00
110.0,4.0,6.0,,,,,1015.5,,12.9,,,,,2025-11-19 13:30:00
110.0,4.0,6.0,,,,,1015.3,,12.9,,,,,2025-11-19 13:40:00
120.0,4.0,5.0,1.7,10.0,8.4,291.0,1015.0,,12.9,,,,,2025-11-19 13:50:00
110.0,4.0,5.0,,,,,1014.9,,12.9,,,-2.3,,2025-11-19 14:00:00
110.0,5.0,6.0,1.7,,8.6,297.0,1014.8,,12.9,,,,,2025-11-19 14:10:00
100.0,5.0,7.0,1.7,11.0,8.6,297.0,1014.7,,13.0,,,,,2025-11-19 14:20:00
100.0,5.0,7.0,,,,,1014.3,,13.0,,,,,2025-11-19 14:30:00
110.0,5.0,6.0,1.7,,8.4,299.0,1014.4,,13.0,,,,,2025-11-19 14:40:00
110.0,5.0,6.0,1.7,11.0,8.4,299.0,1014.2,,13.0,,,,,2025-11-19 14:50:00
110.0,5.0,7.0,,,,,1014.1,,12.9,,,-2.4,,2025-11-19 15:00:00
110.0,5.0,6.0,,,,,1013.9,,12.9,,,,,2025-11-19 15:10:00
120.0,5.0,6.0,1.5,11.0,8.0,301.0,1013.7,,12.9,,,,,2025-11-19 15:20:00
120.0,5.0,7.0,,,,,1013.6,,12.9,,,,,2025-11-19 15:30:00
120.0,5.0,7.0,,,,,1013.3,,13.0,,,,,2025-11-19 15:40:00
120.0,5.0,7.0,1.6,11.0,8.2,303.0,1013.1,,13.0,,,,,2025-11-19 15:50:00
120.0,6.0,7.0,,,,,1012.9,,13.0,,,-3.1,,2025-11-19 16:00:00
120.0,6.0,8.0,1.7,,8.3,299.0,1012.8,,13.0,,,,,2025-11-19 16:10:00
120.0,6.0,8.0,1.7,11.0,8.3,299.0,1012.4,,13.0,,,,,2025-11-19 16:20:00
120.0,7.0,9.0,,,,,1012.1,,13.0,,,,,2025-11-19 16:30:00
120.0,7.0,9.0,,,,,1011.7,,13.0,,,,,2025-11-19 16:40:00
120.0,8.0,9.0,1.5,11.0,7.7,297.0,1011.7,,13.0,,,,,2025-11-19 16:50:00
120.0,8.0,9.0,,,,,1011.5,,13.0,,,-3.4,,2025-11-19 17:00:00
120.0,8.0,10.0,1.6,,7.4,303.0,1011.3,,13.0,,,,,2025-11-19 17:10:00
120.0,8.0,10.0,1.6,11.0,7.4,303.0,1011.2,,13.0,,,,,2025-11-19 17:20:00
130.0,9.0,11.0,,,,,1010.9,,13.0,,,,,2025-11-19 17:30:00
130.0,9.0,12.0,,,,,1010.6,,13.0,,,,,2025-11-19 17:40:00
130.0,10.0,12.0,1.4,11.0,6.6,300.0,1010.3,,13.0,,,,,2025-11-19 17:50:00
120.0,10.0,12.0,,,,,1010.3,,13.0,,,-3.8,,2025-11-19 18:00:00
130.0,10.0,12.0,1.6,,6.2,304.0,1010.1,,13.0,,,,,2025-11-19 18:10:00
130.0,10.0,12.0,1.6,11.0,6.2,304.0,1010.0,,12.9,,,,,2025-11-19 18:20:00
140.0,10.0,12.0,,,,,1010.0,,12.8,,,,,2025-11-19 18:30:00
140.0,10.0,13.0,,,,,1010.2,,12.8,,,,,2025-11-19 18:40:00
140.0,10.0,12.0,1.5,11.0,5.8,304.0,1010.1,,12.8,,,,,2025-11-19 18:50:00
150.0,10.0,11.0,,,,,1009.9,,12.7,,,-3.0,,2025-11-19 19:00:00
150.0,10.0,12.0,1.5,,5.5,307.0,1009.6,,12.6,,,,,2025-11-19 19:10:00
150.0,10.0,12.0,1.5,11.0,5.5,307.0,1009.6,,12.6,,,,,2025-11-19 19:20:00
150.0,10.0,12.0,,,,,1009.3,,12.6,,,,,2025-11-19 19:30:00
150.0,10.0,12.0,1.5,,5.3,306.0,1008.9,,12.6,,,,,2025-11-19 19:40:00
150.0,10.0,12.0,1.5,11.0,5.3,306.0,1008.7,,12.6,,,,,2025-11-19 19:50:00
150.0,10.0,13.0,,,,,1008.5,,,,,-3.0,,2025-11-19 20:00:00
150.0,10.0,12.0,,,,,1008.5,,12.6,,,,,2025-11-19 20:10:00
160.0,10.0,12.0,1.6,12.0,5.4,290.0,1008.1,,12.6,,,,,2025-11-19 20:20:00
150.0,10.0,12.0,,,,,1007.6,,12.6,,,,,2025-11-19 20:30:00
150.0,11.0,13.0,,,,,1007.5,,12.6,,,,,2025-11-19 20:40:00
150.0,11.0,13.0,1.5,11.0,5.1,279.0,1007.2,,12.6,,,,,2025-11-19 20:50:00
150.0,11.0,13.0,,,,,1007.0,,12.6,,,-3.3,,2025-11-19 21:00:00
150.0,11.0,14.0,1.6,,5.1,136.0,1006.6,,12.6,,,,,2025-11-19 21:10:00
150.0,11.0,14.0,1.6,5.0,5.1,136.0,1006.3,,12.6,,,,,2025-11-19 21:20:00
150.0,11.0,14.0,,,,,1005.9,,12.6,,,,,2025-11-19 21:30:00
150.0,11.0,15.0,1.9,,5.1,149.0,1005.7,,12.6,,,,,2025-11-19 21:40:00
150.0,12.0,15.0,1.9,5.0,5.1,149.0,1005.4,,12.6,,,,,2025-11-19 21:50:00
140.0,12.0,14.0,,,,,1005.1,,12.6,,,-4.8,,2025-11-19 22:00:00
140.0,12.0,15.0,,,,,1005.1,,12.6,,,,,2025-11-19 22:10:00
150.0,11.0,14.0,2.0,6.0,5.1,150.0,1005.6,,,,,,,2025-11-19 22:20:00
160.0,12.0,14.0,,,,,1005.6,,12.6,,,,,2025-11-19 22:30:00
150.0,11.0,13.0,,,,,1005.6,,12.6,,,,,2025-11-19 22:40:00
150.0,11.0,14.0,1.9,6.0,5.1,149.0,1005.7,,12.6,,,,,2025-11-19 22:50:00
160.0,11.0,14.0,,,,,1005.9,,,,,-2.6,,2025-11-19 23:00:00
160.0,10.0,13.0,,,,,1006.1,,12.6,,,,,2025-11-19 23:10:00
160.0,10.0,13.0,2.0,6.0,5.1,147.0,1006.3,,12.6,,,,,2025-11-19 23:20:00
170.0,10.0,12.0,,,,,1005.9,,12.6,,,,,2025-11-19 23:40:00
170.0,9.0,11.0,2.1,6.0,5.3,152.0,1005.7,,12.6,,,,,2025-11-19 23:50:00
170.0,10.0,12.0,,,,,1005.4,,12.7,,,-1.6,,2025-11-20 00:00:00
170.0,10.0,12.0,2.0,,5.2,153.0,1005.1,,12.7,,,,,2025-11-20 00:10:00
160.0,10.0,13.0,2.0,6.0,5.2,153.0,1004.9,,12.7,,,,,2025-11-20 00:20:00
160.0,10.0,12.0,,,,,1004.5,,12.7,,,,,2025-11-20 00:30:00
160.0,10.0,12.0,2.0,,5.3,153.0,1004.5,,12.7,,,,,2025-11-20 00:40:00
170.0,11.0,12.0,2.0,6.0,5.3,153.0,1004.4,,12.7,,,,,2025-11-20 00:50:00
170.0,10.0,12.0,,,,,1004.3,,12.7,,,-0.8,,2025-11-20 01:00:00
170.0,10.0,13.0,2.0,,5.2,151.0,1004.3,,12.7,,,,,2025-11-20 01:10:00
180.0,10.0,12.0,2.0,7.0,5.2,151.0,1004.4,,12.7,,,,,2025-11-20 01:20:00
190.0,10.0,13.0,,,,,1004.5,,12.8,,,,,2025-11-20 01:30:00
180.0,10.0,12.0,,,,,1004.3,,12.8,,,,,2025-11-20 01:40:00
180.0,10.0,13.0,2.1,6.0,5.4,170.0,1004.3,,12.8,,,,,2025-11-20 01:50:00
170.0,9.0,13.0,,,,,1004.2,,12.9,,,-1.7,,2025-11-20 02:00:00
170.0,11.0,14.0,,,,,1004.0,,13.0,,,,,2025-11-20 02:10:00
170.0,11.0,13.0,2.1,7.0,5.5,161.0,1003.8,,13.0,,,,,2025-11-20 02:20:00
170.0,11.0,15.0,,,,,1003.7,,13.1,,,,,2025-11-20 02:30:00
170.0,11.0,13.0,,,,,1003.8,,13.1,,,,,2025-11-20 02:40:00
170.0,11.0,13.0,2.3,7.0,5.5,157.0,1003.7,,13.1,,,,,2025-11-20 02:50:00
180.0,10.0,12.0,,,,,1003.9,,13.1,,,-1.5,,2025-11-20 03:00:00
200.0,7.0,10.0,2.4,,5.7,165.0,1004.3,,13.1,,,,,2025-11-20 03:10:00
240.0,4.0,6.0,2.4,7.0,5.7,165.0,1004.2,,13.1,,,,,2025-11-20 03:20:00
260.0,4.0,6.0,,,,,1003.9,,13.1,,,,,2025-11-20 03:30:00
270.0,6.0,7.0,2.3,,6.0,168.0,1003.9,,13.1,,,,,2025-11-20 03:40:00
270.0,6.0,7.0,2.3,7.0,6.0,168.0,1003.9,,13.1,,,,,2025-11-20 03:50:00
280.0,6.0,7.0,,,,,1003.9,,13.1,,,-0.4,,2025-11-20 04:00:00
280.0,6.0,8.0,2.1,,5.8,179.0,1004.1,,13.1,,,,,2025-11-20 04:10:00
270.0,7.0,8.0,2.1,7.0,5.8,179.0,1004.3,,13.1,,,,,2025-11-20 04:20:00
270.0,7.0,9.0,,,,,1004.4,,13.1,,,,,2025-11-20 04:30:00
270.0,8.0,11.0,,,,,1004.5,,13.1,,,,,2025-11-20 04:40:00
270.0,10.0,12.0,2.2,7.0,5.9,163.0,1004.7,,13.1,,,,,2025-11-20 04:50:00
270.0,10.0,12.0,,,,,1004.8,,13.1,,,0.6,,2025-11-20 05:00:00
270.0,10.0,12.0,,,,,1005.0,,13.1,,,,,2025-11-20 05:10:00
270.0,10.0,13.0,2.3,7.0,6.0,167.0,1005.4,,13.1,,,,,2025-11-20 05:20:00
260.0,10.0,12.0,,,,,1005.5,,13.1,,,,,2025-11-20 05:30:00
260.0,10.0,12.0,2.4,,6.0,185.0,1005.6,,13.1,,,,,2025-11-20 05:40:00
260.0,10.0,12.0,2.4,7.0,6.0,185.0,1005.8,,13.1,,,,,2025-11-20 05:50:00
260.0,9.0,12.0,,,,,1006.0,,13.1,,,2.1,,2025-11-20 06:00:00
260.0,10.0,12.0,2.6,,6.1,195.0,1006.2,,13.1,,,,,2025-11-20 06:10:00
260.0,9.0,11.0,2.6,8.0,6.1,195.0,1006.3,,13.1,,,,,2025-11-20 06:20:00
250.0,10.0,12.0,,,,,1006.4,,13.1,,,,,2025-11-20 06:30:00
250.0,10.0,12.0,,,,,1006.6,,13.1,,,,,2025-11-20 06:40:00
240.0,10.0,12.0,2.4,7.0,6.0,180.0,1006.6,,13.1,,,,,2025-11-20 06:50:00
240.0,10.0,12.0,,,,,1006.8,,13.1,,,2.9,,2025-11-20 07:00:00
230.0,10.0,12.0,2.6,,6.4,240.0,1006.9,,13.1,,,,,2025-11-20 07:10:00
230.0,10.0,12.0,2.6,9.0,6.4,240.0,1007.0,,13.1,,,,,2025-11-20 07:20:00
230.0,9.0,11.0,,,,,1007.3,,13.1,,,,,2025-11-20 07:30:00
220.0,10.0,12.0,2.7,,6.2,204.0,1007.5,,13.1,,,,,2025-11-20 07:40:00
220.0,10.0,12.0,2.7,8.0,6.2,204.0,1007.6,,13.1,,,,,2025-11-20 07:50:00
210.0,10.0,12.0,,,,,1007.6,,13.1,,,2.8,,2025-11-20 08:00:00
210.0,10.0,14.0,2.8,,6.6,198.0,1007.7,,13.1,,,,,2025-11-20 08:10:00
210.0,10.0,13.0,2.8,8.0,6.6,198.0,1007.8,,13.1,,,,,2025-11-20 08:20:00
210.0,9.0,11.0,,,,,1008.0,,13.1,,,,,2025-11-20 08:30:00
210.0,8.0,10.0,2.8,,6.7,200.0,1008.3,,13.0,,,,,2025-11-20 08:40:00
220.0,7.0,9.0,2.8,9.0,6.7,200.0,1008.2,,13.0,,,,,2025-11-20 08:50:00
220.0,8.0,10.0,,,,,1008.3,,13.0,,,2.3,,2025-11-20 09:00:00
210.0,8.0,10.0,3.0,,6.7,185.0,1008.4,,13.0,,,,,2025-11-20 09:10:00
220.0,9.0,11.0,3.0,8.0,6.7,185.0,1008.4,,13.0,,,,,2025-11-20 09:20:00
220.0,9.0,11.0,,,,,1008.6,,13.0,,,,,2025-11-20 09:30:00
210.0,9.0,11.0,3.4,,7.1,201.0,1008.7,,12.9,,,,,2025-11-20 09:40:00
210.0,8.0,10.0,3.4,9.0,7.1,201.0,1008.9,,12.9,,,,,2025-11-20 09:50:00
190.0,9.0,11.0,,,,,1008.8,,12.8,,,2.0,,2025-11-20 10:00:00
200.0,9.0,10.0,,,,,1009.1,,12.8,,,,,2025-11-20 10:10:00
200.0,8.0,10.0,2.8,9.0,6.6,209.0,1009.1,,12.7,,,,,2025-11-20 10:20:00
200.0,9.0,11.0,,,,,1009.3,,12.7,,,,,2025-11-20 10:30:00
200.0,8.0,11.0,,,,,1009.5,,12.7,,,,,2025-11-20 10:40:00
210.0,8.0,10.0,2.9,9.0,6.8,215.0,1009.5,,,,,,,2025-11-20 10:50:00
200.0,8.0,10.0,,,,,1009.4,,12.6,,,1.8,,2025-11-20 11:00:00
200.0,8.0,10.0,,,,,1009.4,,12.6,,,,,2025-11-20 11:10:00
200.0,8.0,9.0,2.8,8.0,6.7,196.0,1009.6,,12.7,,,,,2025-11-20 11:20:00
210.0,7.0,10.0,,,,,1009.6,,12.7,,,,,2025-11-20 11:30:00
200.0,7.0,9.0,2.7,,6.8,189.0,1009.6,,12.7,,,,,2025-11-20 11:40:00
200.0,7.0,8.0,2.7,8.0,6.8,189.0,1009.8,,12.7,,,,,2025-11-20 11:50:00
210.0,7.0,8.0,,,,,1009.8,,12.7,,,1.5,,2025-11-20 12:00:00
220.0,7.0,9.0,,,,,1009.9,,12.7,,,,,2025-11-20 12:10:00
230.0,7.0,9.0,2.5,9.0,6.7,227.0,1010.1,,12.7,,,,,2025-11-20 12:20:00
240.0,6.0,8.0,,,,,1010.2,,12.6,,,,,2025-11-20 12:30:00
240.0,5.0,6.0,,,,,1010.3,,12.6,,,,,2025-11-20 12:40:00
220.0,5.0,6.0,2.8,8.0,7.0,199.0,1010.3,,12.6,,,,,2025-11-20 12:50:00
230.0,4.0,6.0,,,,,1010.5,,12.6,,,1.7,,2025-11-20 13:00:00
220.0,4.0,5.0,,,,,1010.6,,12.6,,,,,2025-11-20 13:10:00
230.0,5.0,6.0,2.5,8.0,6.8,194.0,1010.6,,12.6,,,,,2025-11-20 13:20:00
270.0,5.0,7.0,,,,,1010.7,,12.6,,,,,2025-11-20 13:30:00
270.0,3.0,5.0,,,,,1010.9,,12.6,,,,,2025-11-20 13:40:00
260.0,3.0,4.0,2.6,8.0,7.0,201.0,1011.0,,12.6,,,,,2025-11-20 13:50:00
250.0,3.0,4.0,,,,,1011.2,,12.6,,,1.8,,2025-11-20 14:00:00
250.0,2.0,4.0,2.5,,6.8,230.0,1011.3,,12.6,,,,,2025-11-20 14:10:00
250.0,2.0,3.0,2.5,9.0,6.8,230.0,1011.5,,12.6,,,,,2025-11-20 14:20:00
260.0,2.0,4.0,,,,,1011.5,,12.6,,,,,2025-11-20 14:30:00
270.0,2.0,5.0,,,,,1011.5,,12.6,,,,,2025-11-20 14:40:00
280.0,4.0,6.0,2.7,9.0,7.4,225.0,1011.6,,12.6,,,,,2025-11-20 14:50:00
290.0,5.0,7.0,,,,,1011.9,,12.6,,,2.1,,2025-11-20 15:00:00
280.0,5.0,7.0,2.6,,7.5,212.0,1012.1,,12.6,,,,,2025-11-20 15:10:00
290.0,4.0,6.0,2.6,8.0,7.5,212.0,1012.2,,12.6,,,,,2025-11-20 15:20:00
290.0,5.0,6.0,,,,,1012.5,,12.6,,,,,2025-11-20 15:30:00
290.0,5.0,7.0,,,,,1012.7,,12.6,,,,,2025-11-20 15:40:00
300.0,5.0,6.0,2.7,10.0,7.5,253.0,1012.9,,12.6,,,,,2025-11-20 15:50:00
300.0,5.0,6.0,2.6,,7.4,209.0,1013.3,,12.6,,,,,2025-11-20 16:10:00
300.0,5.0,6.0,2.6,8.0,7.4,209.0,1013.5,,12.6,,,,,2025-11-20 16:20:00
290.0,5.0,6.0,,,,,1013.5,,12.6,,,,,2025-11-20 16:30:00
300.0,4.0,6.0,,,,,1013.8,,12.6,,,,,2025-11-20 16:40:00
310.0,5.0,6.0,2.8,9.0,7.6,251.0,1013.9,,12.6,,,,,2025-11-20 16:50:00
320.0,5.0,7.0,,,,,1014.1,,12.6,,,2.9,,2025-11-20 17:00:00
320.0,5.0,6.0,,,,,1014.2,,12.5,,,,,2025-11-20 17:10:00
320.0,5.0,7.0,3.0,8.0,7.7,212.0,1014.4,,12.5,,,,,2025-11-20 17:20:00
320.0,5.0,6.0,,,,,1014.5,,12.5,,,,,2025-11-20 17:30:00
330.0,4.0,5.0,,,,,1014.6,,12.5,,,,,2025-11-20 17:40:00
330.0,4.0,6.0,3.1,9.0,7.9,240.0,1014.7,,12.5,,,,,2025-11-20 17:50:00
330.0,4.0,6.0,,,,,1014.9,,12.5,,,3.0,,2025-11-20 18:00:00
330.0,4.0,5.0,,,,,1015.1,,12.5,,,,,2025-11-20 18:10:00
330.0,4.0,5.0,3.9,13.0,8.6,265.0,1015.1,,12.5,,,,,2025-11-20 18:20:00
320.0,3.0,4.0,,,,,1015.2,,12.6,,,,,2025-11-20 18:30:00
320.0,3.0,5.0,,,,,1015.5,,12.6,,,,,2025-11-20 18:40:00
320.0,4.0,5.0,4.3,13.0,9.5,275.0,1015.6,,12.6,,,,,2025-11-20 18:50:00
320.0,3.0,5.0,,,,,1015.6,,12.6,,,,,2025-11-20 19:00:00
330.0,2.0,4.0,4.5,,9.7,265.0,1015.7,,12.6,,,,,2025-11-20 19:10:00
340.0,2.0,3.0,4.5,12.0,9.7,265.0,1015.6,,12.6,,,,,2025-11-20 19:20:00
330.0,2.0,4.0,,,,,1015.8,,12.6,,,,,2025-11-20 19:30:00
320.0,1.0,3.0,,,,,1016.0,,12.6,,,,,2025-11-20 19:40:00
330.0,1.0,3.0,5.8,12.0,10.5,272.0,1016.1,,12.6,,,,,2025-11-20 19:50:00
320.0,2.0,4.0,,,,,1016.3,,12.6,,,2.2,,2025-11-20 20:00:00
300.0,3.0,5.0,5.9,,10.7,279.0,1016.3,,12.6,,,,,2025-11-20 20:10:00
290.0,3.0,5.0,5.9,13.0,10.7,279.0,1016.5,,12.6,,,,,2025-11-20 20:20:00
290.0,2.0,5.0,,,,,1016.5,,12.6,,,,,2025-11-20 20:30:00
290.0,2.0,4.0,,,,,1016.4,,12.6,,,,,2025-11-20 20:40:00
280.0,1.0,3.0,,,,,1016.5,,12.6,,,,,2025-11-20 20:50:00
310.0,2.0,4.0,,,,,1016.5,,12.6,,,1.6,,2025-11-20 21:00:00
300.0,2.0,4.0,,,,,1016.5,,12.6,,,,,2025-11-20 21:10:00
300.0,2.0,4.0,5.7,16.0,10.5,277.0,1016.4,,12.6,,,,,2025-11-20 21:20:00
310.0,1.0,3.0,,,,,1016.5,,12.6,,,,,2025-11-20 21:30:00
260.0,1.0,3.0,,,,,1016.3,,,,,,,2025-11-20 21:40:00
260.0,2.0,4.0,,,,,1016.4,,12.7,,,,,2025-11-20 21:50:00
300.0,2.0,5.0,,,,,1016.5,,12.7,,,0.9,,2025-11-20 22:00:00
280.0,2.0,4.0,,,,,1016.8,,12.7,,,,,2025-11-20 22:10:00
280.0,2.0,4.0,,,,,1017.0,,12.7,,,,,2025-11-20 22:20:00
270.0,2.0,4.0,,,,,1017.1,,12.7,,,,,2025-11-20 22:30:00
270.0,3.0,5.0,5.7,,10.8,281.0,1017.2,,12.7,,,,,2025-11-20 22:40:00
270.0,3.0,5.0,5.7,16.0,10.8,281.0,1017.4,,12.7,,,,,2025-11-20 22:50:00
290.0,3.0,6.0,,,,,1017.6,,12.7,,,1.3,,2025-11-20 23:00:00
280.0,2.0,5.0,,,,,1017.6,,12.7,,,,,2025-11-20 23:10:00
280.0,3.0,5.0,5.4,16.0,10.7,284.0,1017.7,,12.7,,,,,2025-11-20 23:20:00
290.0,3.0,5.0,,,,,1018.3,,12.8,,,,,2025-11-20 23:40:00
290.0,3.0,6.0,5.8,16.0,10.7,281.0,1018.4,,12.8,,,,,2025-11-20 23:50:00
290.0,2.0,5.0,,,,,1018.6,,12.8,,,2.1,,2025-11-21 00:00:00
300.0,3.0,6.0,,,,,1018.6,,12.9,,,,,2025-11-21 00:10:00
310.0,2.0,5.0,5.7,16.0,10.9,287.0,1018.7,,12.9,,,,,2025-11-21 00:20:00
300.0,2.0,5.0,,,,,1018.8,,12.8,,,,,2025-11-21 00:30:00
300.0,4.0,6.0,,,,,1019.0,,12.8,,,,,2025-11-21 00:40:00
290.0,2.0,4.0,5.3,16.0,10.6,286.0,1018.9,,12.8,,,,,2025-11-21 00:50:00
290.0,2.0,4.0,,,,,1019.1,,12.8,,,2.6,,2025-11-21 01:00:00
280.0,3.0,5.0,,,,,1019.2,,12.8,,,,,2025-11-21 01:10:00
310.0,1.0,4.0,5.2,17.0,10.6,298.0,1019.5,,12.8,,,,,2025-11-21 01:20:00
310.0,1.0,3.0,,,,,1019.5,,12.8,,,,,2025-11-21 01:30:00
310.0,2.0,4.0,,,,,1019.7,,12.8,,,,,2025-11-21 01:40:00
310.0,2.0,3.0,4.8,12.0,10.0,282.0,1020.0,,12.8,,,,,2025-11-21 01:50:00
310.0,2.0,4.0,,,,,1020.1,,12.8,,,2.5,,2025-11-21 02:00:00
320.0,2.0,5.0,,,,,1020.2,,12.8,,,,,2025-11-21 02:10:00
300.0,2.0,4.0,6.0,16.0,11.7,286.0,1020.2,,12.8,,,,,2025-11-21 02:20:00
300.0,2.0,4.0,,,,,1020.5,,12.8,,,,,2025-11-21 02:30:00
300.0,2.0,4.0,,,,,1020.3,,12.8,,,,,2025-11-21 02:40:00
310.0,1.0,3.0,4.6,17.0,10.2,295.0,1020.3,,12.8,,,,,2025-11-21 02:50:00
350.0,1.0,3.0,,,,,1020.3,,12.8,,,1.7,,2025-11-21 03:00:00
350.0,1.0,2.0,,,,,1020.2,,12.8,,,,,2025-11-21 03:10:00
330.0,1.0,3.0,5.0,16.0,11.3,289.0,1020.3,,12.8,,,,,2025-11-21 03:20:00
290.0,1.0,3.0,,,,,1020.5,,12.8,,,,,2025-11-21 03:30:00
20.0,1.0,3.0,,,,,1020.6,,12.8,,,,,2025-11-21 03:40:00
,0.0,2.0,5.1,16.0,10.9,291.0,1020.8,,12.7,,,,,2025-11-21 03:50:00
280.0,1.0,3.0,,,,,1021.1,,12.7,,,2.0,,2025-11-21 04:00:00
290.0,1.0,2.0,4.6,,10.8,296.0,1021.2,,12.7,,,,,2025-11-21 04:10:00
280.0,1.0,3.0,4.6,16.0,10.8,296.0,1021.2,,12.7,,,,,2025-11-21 04:20:00
,0.0,3.0,,,,,1021.2,,12.6,,,,,2025-11-21 04:30:00
,0.0,2.0,,,,,1021.3,,12.6,,,,,2025-11-21 04:40:00
170.0,1.0,3.0,4.4,15.0,10.4,288.0,1021.2,,12.6,,,,,2025-11-21 04:50:00
140.0,1.0,3.0,,,,,1021.4,,12.6,,,1.3,,2025-11-21 05:00:00
170.0,1.0,2.0,4.7,,10.9,294.0,1021.5,,12.6,,,,,2025-11-21 05:10:00
160.0,1.0,2.0,4.7,15.0,10.9,294.0,1021.4,,12.6,,,,,2025-11-21 05:20:00
140.0,1.0,3.0,,,,,1021.3,,12.6,,,,,2025-11-21 05:30:00
140.0,2.0,4.0,,,,,1021.2,,12.6,,,,,2025-11-21 05:40:00
150.0,2.0,4.0,4.3,15.0,10.8,292.0,1020.9,,12.6,,,,,2025-11-21 05:50:00
150.0,3.0,5.0,,,,,1020.9,,12.6,,,0.6,,2025-11-21 06:00:00
150.0,4.0,6.0,4.4,,10.8,288.0,1021.0,,12.6,,,,,2025-11-21 06:10:00
170.0,3.0,5.0,4.4,15.0,10.8,288.0,1021.4,,12.7,,,,,2025-11-21 06:20:00
170.0,3.0,4.0,,,,,1021.5,,12.7,,,,,2025-11-21 06:30:00
160.0,3.0,5.0,,,,,1021.5,,12.7,,,,,2025-11-21 06:40:00
160.0,4.0,6.0,4.7,15.0,11.2,292.0,1021.5,,12.8,,,,,2025-11-21 06:50:00
170.0,4.0,5.0,,,,,1021.5,,12.8,,,0.4,,2025-11-21 07:00:00
170.0,4.0,6.0,4.5,,10.8,297.0,1021.6,,12.8,,,,,2025-11-21 07:10:00
170.0,4.0,6.0,4.5,15.0,10.8,297.0,1021.7,,12.8,,,,,2025-11-21 07:20:00
180.0,5.0,6.0,,,,,1021.8,,12.8,,,,,2025-11-21 07:30:00
190.0,4.0,6.0,,,,,1021.9,,12.8,,,,,2025-11-21 07:40:00
190.0,4.0,6.0,4.5,15.0,11.0,287.0,1022.2,,12.8,,,,,2025-11-21 07:50:00
200.0,4.0,6.0,,,,,1022.5,,12.8,,,1.1,,2025-11-21 08:00:00
200.0,4.0,6.0,4.3,,10.5,283.0,1022.6,,12.8,,,,,2025-11-21 08:10:00
220.0,5.0,6.0,4.3,14.0,10.5,283.0,1023.0,,12.8,,,,,2025-11-21 08:20:00
230.0,5.0,7.0,,,,,1023.0,,12.8,,,,,2025-11-21 08:30:00
220.0,5.0,6.0,,,,,1023.0,,12.8,,,,,2025-11-21 08:40:00
210.0,5.0,6.0,5.0,14.0,11.2,290.0,1022.8,,12.8,,,,,2025-11-21 08:50:00
210.0,4.0,6.0,4.7,,10.8,288.0,1022.7,,12.8,,,1.8,,2025-11-21 09:00:00
220.0,4.0,6.0,,,,,1022.7,,12.8,,,,,2025-11-21 09:10:00
210.0,4.0,6.0,4.7,13.0,10.8,288.0,1022.6,,12.8,,,,,2025-11-21 09:20:00
220.0,4.0,6.0,,,,,1022.8,,12.8,,,,,2025-11-21 09:30:00
220.0,5.0,6.0,,,,,1022.9,,12.8,,,,,2025-11-21 09:40:00
230.0,5.0,7.0,4.3,13.0,10.1,290.0,1023.0,,12.8,,,,,2025-11-21 09:50:00
230.0,5.0,7.0,,,,,1022.8,,12.8,,,1.3,,2025-11-21 10:00:00
220.0,5.0,7.0,,,,,1022.7,,12.8,,,,,2025-11-21 10:10:00
210.0,5.0,6.0,5.0,13.0,10.6,288.0,1022.6,,12.8,,,,,2025-11-21 10:20:00
210.0,5.0,6.0,,,,,1022.6,,12.8,,,,,2025-11-21 10:30:00
200.0,5.0,6.0,,,,,1022.4,,12.8,,,,,2025-11-21 10:40:00
220.0,5.0,6.0,5.1,13.0,10.4,285.0,1022.7,,12.8,,,,,2025-11-21 10:50:00
220.0,5.0,6.0,,,,,1022.6,,12.8,,,0.0,,2025-11-21 11:00:00
220.0,5.0,6.0,4.7,,10.2,288.0,1022.5,,12.8,,,,,2025-11-21 11:10:00
220.0,5.0,6.0,4.7,12.0,10.2,288.0,1022.5,,12.8,,,,,2025-11-21 11:20:00
220.0,5.0,6.0,,,,,1022.4,,12.8,,,,,2025-11-21 11:30:00
220.0,5.0,6.0,,,,,1022.4,,12.8,,,,,2025-11-21 11:40:00
210.0,5.0,6.0,4.4,13.0,9.5,283.0,1022.3,,12.8,,,,,2025-11-21 11:50:00
220.0,5.0,6.0,,,,,1022.4,,12.8,,,-0.3,,2025-11-21 12:00:00
220.0,5.0,7.0,,,,,1022.5,,12.8,,,,,2025-11-21 12:10:00
220.0,5.0,6.0,4.9,13.0,9.8,285.0,1022.3,,12.8,,,,,2025-11-21 12:20:00
220.0,5.0,6.0,,,,,1022.4,,12.8,,,,,2025-11-21 12:30:00
230.0,5.0,6.0,,,,,1022.5,,12.8,,,,,2025-11-21 12:40:00
230.0,5.0,7.0,4.8,13.0,9.9,285.0,1022.5,,12.8,,,,,2025-11-21 12:50:00
230.0,5.0,6.0,,,,,1022.5,,12.8,,,-0.3,,2025-11-21 13:00:00
230.0,5.0,6.0,,,,,1022.6,,12.8,,,,,2025-11-21 13:10:00
230.0,5.0,7.0,4.6,13.0,9.6,280.0,1022.8,,12.8,,,,,2025-11-21 13:20:00
230.0,5.0,6.0,,,,,1022.9,,12.8,,,,,2025-11-21 13:30:00
230.0,5.0,7.0,,,,,1022.8,,12.8,,,,,2025-11-21 13:40:00
230.0,5.0,6.0,4.4,11.0,9.5,279.0,1022.8,,12.8,,,,,2025-11-21 13:50:00
230.0,5.0,6.0,,,,,1022.9,,12.8,,,0.3,,2025-11-21 14:00:00
230.0,5.0,6.0,,,,,1022.9,,12.8,,,,,2025-11-21 14:10:00
240.0,5.0,7.0,4.4,12.0,9.0,286.0,1022.9,,12.9,,,,,2025-11-21 14:20:00
240.0,5.0,6.0,,,,,1022.9,,12.9,,,,,2025-11-21 14:30:00
230.0,5.0,7.0,,,,,1022.7,,12.9,,,,,2025-11-21 14:40:00
230.0,5.0,6.0,4.0,13.0,8.9,282.0,1022.7,,12.9,,,,,2025-11-21 14:50:00
230.0,5.0,7.0,,,,,1022.7,,12.9,,,0.3,,2025-11-21 15:00:00
230.0,5.0,6.0,4.2,,9.2,281.0,1022.8,,12.9,,,,,2025-11-21 15:10:00
240.0,5.0,6.0,4.2,13.0,9.2,281.0,1022.9,,12.9,,,,,2025-11-21 15:20:00
240.0,5.0,7.0,,,,,1023.1,,12.9,,,,,2025-11-21 15:30:00
240.0,5.0,6.0,3.9,,9.1,293.0,1023.2,,12.9,,,,,2025-11-21 15:40:00
240.0,5.0,7.0,3.9,14.0,9.1,293.0,1023.3,,12.9,,,,,2025-11-21 15:50:00
250.0,5.0,7.0,,,,,1023.3,,12.9,,,0.8,,2025-11-21 16:00:00
240.0,5.0,6.0,,,,,1023.1,,12.9,,,,,2025-11-21 16:10:00
240.0,5.0,6.0,4.1,12.0,9.3,284.0,1023.1,,12.9,,,,,2025-11-21 16:20:00
230.0,5.0,6.0,,,,,1023.1,,12.9,,,,,2025-11-21 16:30:00
230.0,5.0,6.0,,,,,1023.2,,12.9,,,,,2025-11-21 16:40:00
230.0,5.0,6.0,3.3,13.0,8.4,281.0,1023.4,,12.8,,,,,2025-11-21 16:50:00
240.0,5.0,6.0,,,,,1023.6,,12.8,,,0.7,,2025-11-21 17:00:00
240.0,5.0,6.0,3.3,,8.5,282.0,1023.6,,12.8,,,,,2025-11-21 17:10:00
240.0,5.0,7.0,3.3,13.0,8.5,282.0,1023.6,,12.8,,,,,2025-11-21 17:20:00
240.0,5.0,7.0,,,,,1023.6,,12.8,,,,,2025-11-21 17:30:00
230.0,5.0,7.0,,,,,1023.5,,12.8,,,,,2025-11-21 17:40:00
220.0,5.0,6.0,3.1,14.0,8.6,292.0,1023.5,,12.8,,,,,2025-11-21 17:50:00
230.0,5.0,6.0,,,,,1023.6,,12.8,,,0.9,,2025-11-21 18:00:00
230.0,5.0,6.0,2.9,,8.2,288.0,1023.6,,12.8,,,,,2025-11-21 18:10:00
230.0,5.0,6.0,2.9,13.0,8.2,288.0,1023.7,,12.8,,,,,2025-11-21 18:20:00
230.0,5.0,6.0,,,,,1023.7,,12.8,,,,,2025-11-21 18:30:00
230.0,4.0,6.0,,,,,1023.8,,12.8,,,,,2025-11-21 18:40:00
240.0,5.0,6.0,3.2,14.0,8.8,282.0,1023.7,,12.8,,,,,2025-11-21 18:50:00
240.0,5.0,6.0,,,,,1023.7,,12.8,,,0.4,,2025-11-21 19:00:00
250.0,5.0,7.0,3.0,,8.7,287.0,1023.6,,12.8,,,,,2025-11-21 19:10:00
240.0,5.0,7.0,3.0,14.0,8.7,287.0,1023.6,,12.8,,,,,2025-11-21 19:20:00
240.0,5.0,7.0,,,,,1023.4,,12.8,,,,,2025-11-21 19:30:00
230.0,5.0,6.0,,,,,1023.2,,12.8,,,,,2025-11-21 19:40:00
240.0,5.0,7.0,2.9,12.0,8.9,288.0,1023.0,,12.8,,,,,2025-11-21 19:50:00
240.0,6.0,7.0,,,,,1023.0,,12.8,,,-0.6,,2025-11-21 20:00:00
250.0,6.0,7.0,,,,,1023.0,,12.8,,,,,2025-11-21 20:10:00
250.0,6.0,7.0,2.7,12.0,8.7,293.0,1022.9,,12.8,,,,,2025-11-21 20:20:00
250.0,5.0,7.0,,,,,1022.9,,12.8,,,,,2025-11-21 20:30:00
250.0,5.0,6.0,,,,,1022.8,,12.7,,,,,2025-11-21 20:40:00
250.0,5.0,6.0,2.9,12.0,8.8,282.0,1022.7,,12.7,,,,,2025-11-21 20:50:00
240.0,4.0,5.0,,,,,1022.7,,12.7,,,-0.9,,2025-11-21 21:00:00
240.0,5.0,6.0,2.7,,8.9,279.0,1022.7,,12.7,,,,,2025-11-21 21:10:00
240.0,5.0,6.0,2.7,14.0,8.9,279.0,1022.6,,12.7,,,,,2025-11-21 21:20:00
250.0,5.0,7.0,,,,,1022.7,,12.7,,,,,2025-11-21 21:30:00
240.0,5.0,6.0,,,,,1022.8,,12.7,,,,,2025-11-21 21:40:00
250.0,5.0,6.0,2.9,13.0,9.4,280.0,1022.6,,12.7,,,,,2025-11-21 21:50:00
250.0,5.0,6.0,,,,,1022.5,,12.7,,,-1.2,,2025-11-21 22:00:00
250.0,5.0,6.0,2.6,,8.8,283.0,1022.5,,12.7,,,,,2025-11-21 22:10:00
250.0,4.0,6.0,2.6,12.0,8.8,283.0,1022.4,,12.7,,,,,2025-11-21 22:20:00
240.0,4.0,5.0,,,,,1022.4,,12.7,,,,,2025-11-21 22:30:00
240.0,4.0,5.0,,,,,1022.4,,12.7,,,,,2025-11-21 22:40:00
240.0,4.0,5.0,2.6,14.0,9.0,283.0,1022.5,,12.7,,,,,2025-11-21 22:50:00
240.0,4.0,5.0,,,,,1022.6,,12.7,,,-0.4,,2025-11-21 23:00:00
250.0,4.0,5.0,,,,,1022.6,,12.7,,,,,2025-11-21 23:10:00
250.0,4.0,6.0,2.7,13.0,9.1,283.0,1022.7,,12.7,,,,,2025-11-21 23:20:00
270.0,2.0,3.0,2.7,,9.3,278.0,1022.7,,12.7,,,,,2025-11-21 23:40:00
250.0,2.0,3.0,2.7,13.0,9.3,278.0,1022.7,,12.7,,,,,2025-11-21 23:50:00
240.0,2.0,3.0,,,,,1022.7,,12.7,,,0.0,,2025-11-22 00:00:00
240.0,2.0,3.0,,,,,1022.7,,12.7,,,,,2025-11-22 00:10:00
240.0,2.0,3.0,2.8,13.0,9.3,278.0,1022.7,,12.7,,,,,2025-11-22 00:20:00
230.0,2.0,4.0,,,,,1022.8,,12.7,,,,,2025-11-22 00:30:00
240.0,2.0,4.0,3.3,,9.9,284.0,1022.8,,12.7,,,,,2025-11-22 00:40:00
240.0,2.0,4.0,3.3,13.0,9.9,284.0,1022.8,,12.7,,,,,2025-11-22 00:50:00
250.0,3.0,4.0,,,,,1022.9,,12.7,,,0.4,,2025-11-22 01:00:00
240.0,2.0,3.0,2.8,,9.1,289.0,1022.9,,12.7,,,,,2025-11-22 01:10:00
240.0,2.0,3.0,2.8,12.0,9.1,289.0,1022.9,,12.7,,,,,2025-11-22 01:20:00
250.0,3.0,4.0,,,,,1023.0,,12.7,,,,,2025-11-22 01:30:00
240.0,3.0,4.0,,,,,1022.9,,12.7,,,,,2025-11-22 01:40:00
220.0,3.0,3.0,3.0,11.0,9.5,287.0,1022.8,,12.7,,,,,2025-11-22 01:50:00
220.0,3.0,4.0,,,,,1022.7,,12.7,,,0.0,,2025-11-22 02:00:00
230.0,3.0,4.0,,,,,1022.9,,12.7,,,,,2025-11-22 02:10:00
230.0,3.0,4.0,3.3,12.0,9.5,283.0,1023.0,,12.7,,,,,2025-11-22 02:20:00
230.0,3.0,3.0,,,,,1023.0,,12.7,,,,,2025-11-22 02:30:00
230.0,3.0,4.0,,,,,1023.0,,12.7,,,,,2025-11-22 02:40:00
230.0,3.0,4.0,2.9,11.0,9.1,277.0,1023.0,,12.7,,,,,2025-11-22 02:50:00
240.0,3.0,4.0,,,,,1023.2,,12.7,,,0.5,,2025-11-22 03:00:00
240.0,3.0,4.0,,,,,1023.1,,12.7,,,,,2025-11-22 03:10:00
240.0,3.0,4.0,3.0,11.0,9.0,280.0,1023.1,,12.7,,,,,2025-11-22 03:20:00
230.0,3.0,4.0,,,,,1023.2,,12.7,,,,,2025-11-22 03:30:00
230.0,3.0,4.0,3.2,,9.4,271.0,1023.2,,12.7,,,,,2025-11-22 03:40:00
240.0,3.0,4.0,3.2,12.0,9.4,271.0,1023.3,,12.7,,,,,2025-11-22 03:50:00
230.0,3.0,4.0,,,,,1023.1,,12.7,,,0.0,,2025-11-22 04:00:00
220.0,3.0,4.0,3.0,,9.1,275.0,1023.0,,12.7,,,,,2025-11-22 04:10:00
210.0,3.0,4.0,3.0,12.0,9.1,275.0,1022.9,,12.7,,,,,2025-11-22 04:20:00
220.0,3.0,4.0,,,,,1022.9,,12.7,,,,,2025-11-22 04:30:00
210.0,3.0,4.0,3.5,,9.4,285.0,1022.9,,12.7,,,,,2025-11-22 04:40:00
210.0,4.0,4.0,3.5,11.0,9.4,285.0,1022.8,,12.7,,,,,2025-11-22 04:50:00
200.0,3.0,4.0,,,,,1022.7,,12.7,,,0.0,,2025-11-22 05:00:00
200.0,4.0,5.0,3.2,,9.2,281.0,1022.5,,12.7,,,,,2025-11-22 05:10:00
200.0,3.0,4.0,3.2,10.0,9.2,281.0,1022.8,,12.7,,,,,2025-11-22 05:20:00
200.0,4.0,5.0,,,,,1022.7,,12.7,,,,,2025-11-22 05:30:00
200.0,4.0,5.0,,,,,1022.5,,12.7,,,,,2025-11-22 05:40:00
210.0,5.0,6.0,3.2,11.0,9.2,278.0,1022.3,,12.7,,,,,2025-11-22 05:50:00
220.0,5.0,6.0,,,,,1022.4,,,,,-0.8,,2025-11-22 06:00:00
210.0,4.0,6.0,3.8,,9.5,285.0,1022.3,,12.7,,,,,2025-11-22 06:10:00
210.0,4.0,5.0,3.8,11.0,9.5,285.0,1022.3,,12.7,,,,,2025-11-22 06:20:00
210.0,5.0,6.0,,,,,1022.3,,12.7,,,,,2025-11-22 06:30:00
210.0,5.0,6.0,3.9,,9.9,291.0,1022.2,,12.7,,,,,2025-11-22 06:40:00
220.0,5.0,6.0,3.9,11.0,9.9,291.0,1022.1,,12.7,,,,,2025-11-22 06:50:00
230.0,6.0,7.0,,,,,1022.1,,12.7,,,-1.0,,2025-11-22 07:00:00
220.0,5.0,8.0,,,,,1022.0,,12.7,,,,,2025-11-22 07:10:00
220.0,5.0,6.0,4.1,11.0,9.9,279.0,1022.0,,12.7,,,,,2025-11-22 07:20:00
230.0,6.0,7.0,,,,,1022.1,,12.7,,,,,2025-11-22 07:30:00
230.0,5.0,7.0,3.7,,10.0,292.0,1022.1,,12.7,,,,,2025-11-22 07:40:00
240.0,6.0,8.0,3.7,16.0,10.0,292.0,1022.1,,12.7,,,,,2025-11-22 07:50:00
240.0,6.0,7.0,,,,,1022.0,,12.7,,,-0.7,,2025-11-22 08:00:00
230.0,5.0,6.0,,,,,1022.1,,12.7,,,,,2025-11-22 08:10:00
230.0,4.0,6.0,3.9,17.0,10.1,285.0,1022.0,,12.7,,,,,2025-11-22 08:20:00
230.0,4.0,5.0,,,,,1021.9,,12.7,,,,,2025-11-22 08:30:00
230.0,5.0,6.0,3.7,,10.0,286.0,1021.8,,12.7,,,,,2025-11-22 08:40:00
220.0,4.0,5.0,3.7,15.0,10.0,286.0,1021.8,,12.7,,,,,2025-11-22 08:50:00
220.0,4.0,5.0,,,,,1021.7,,12.7,,,-0.7,,2025-11-22 09:00:00
230.0,5.0,6.0,,,,,1021.7,,12.7,,,,,2025-11-22 09:10:00
220.0,5.0,6.0,4.2,16.0,10.7,285.0,1021.5,,12.7,,,,,2025-11-22 09:20:00
230.0,5.0,6.0,,,,,1021.4,,12.7,,,,,2025-11-22 09:30:00
220.0,6.0,7.0,4.5,,11.4,300.0,1021.4,,12.7,,,,,2025-11-22 09:40:00
210.0,5.0,6.0,4.5,17.0,11.4,300.0,1021.2,,12.7,,,,,2025-11-22 09:50:00
210.0,5.0,6.0,,,,,1021.2,,12.7,,,-0.9,,2025-11-22 10:00:00
210.0,5.0,6.0,,,,,1021.1,,12.6,,,,,2025-11-22 10:10:00
210.0,5.0,6.0,3.7,17.0,10.2,306.0,1021.1,,12.6,,,,,2025-11-22 10:20:00
220.0,5.0,6.0,,,,,1021.0,,12.6,,,,,2025-11-22 10:30:00
220.0,5.0,7.0,,,,,1020.9,,12.6,,,,,2025-11-22 10:40:00
220.0,5.0,7.0,3.6,17.0,10.4,302.0,1020.8,,12.6,,,,,2025-11-22 10:50:00
240.0,6.0,7.0,,,,,1020.9,,12.6,,,-1.1,,2025-11-22 11:00:00
250.0,6.0,7.0,,,,,1020.9,,12.6,,,,,2025-11-22 11:10:00
230.0,6.0,8.0,3.6,16.0,10.7,300.0,1020.8,,12.6,,,,,2025-11-22 11:20:00
230.0,6.0,7.0,,,,,1020.8,,12.8,,,,,2025-11-22 11:30:00
240.0,5.0,7.0,,,,,1020.8,,12.9,,,,,2025-11-22 11:40:00
240.0,6.0,7.0,4.1,17.0,11.4,303.0,1020.8,,13.0,,,,,2025-11-22 11:50:00
230.0,5.0,7.0,,,,,1020.7,,13.0,,,-1.0,,2025-11-22 12:00:00
230.0,4.0,5.0,3.8,,11.1,305.0,1020.7,,13.0,,,,,2025-11-22 12:10:00
240.0,4.0,6.0,3.8,16.0,11.1,305.0,1020.6,,13.0,,,,,2025-11-22 12:20:00
240.0,4.0,5.0,,,,,1020.3,,13.0,,,,,2025-11-22 12:30:00
230.0,4.0,6.0,,,,,1020.3,,13.0,,,,,2025-11-22 12:40:00
220.0,4.0,5.0,4.3,16.0,11.3,309.0,1019.9,,13.1,,,,,2025-11-22 12:50:00
220.0,4.0,5.0,,,,,1020.1,,13.1,,,-1.1,,2025-11-22 13:00:00
230.0,4.0,5.0,3.8,,11.0,312.0,1020.0,,13.1,,,,,2025-11-22 13:10:00
230.0,4.0,5.0,3.8,16.0,11.0,312.0,1020.0,,13.1,,,,,2025-11-22 13:20:00
240.0,4.0,5.0,,,,,1020.0,,13.1,,,,,2025-11-22 13:30:00
230.0,4.0,5.0,,,,,1020.2,,13.2,,,,,2025-11-22 13:40:00
230.0,4.0,6.0,3.7,15.0,10.8,314.0,1020.1,,13.2,,,,,2025-11-22 13:50:00
230.0,4.0,6.0,,,,,1020.1,,13.2,,,-0.8,,2025-11-22 14:00:00
230.0,5.0,6.0,4.0,,11.5,309.0,1020.0,,13.2,,,,,2025-11-22 14:10:00
230.0,5.0,6.0,4.0,15.0,11.5,309.0,1020.0,,13.2,,,,,2025-11-22 14:20:00
230.0,5.0,7.0,,,,,1019.9,,13.2,,,,,2025-11-22 14:30:00
220.0,5.0,6.0,3.7,,11.1,301.0,1019.9,,13.2,,,,,2025-11-22 14:40:00
220.0,5.0,6.0,3.7,15.0,11.1,301.0,1019.9,,13.2,,,,,2025-11-22 14:50:00
220.0,5.0,7.0,,,,,1020.0,,13.2,,,-0.7,,2025-11-22 15:00:00
220.0,5.0,7.0,3.7,,11.0,303.0,1019.9,,13.2,,,,,2025-11-22 15:10:00
210.0,5.0,6.0,3.7,15.0,11.0,303.0,1019.8,,13.2,,,,,2025-11-22 15:20:00
210.0,5.0,6.0,,,,,1019.8,,13.2,,,,,2025-11-22 15:30:00
210.0,5.0,6.0,3.8,,11.2,304.0,1019.7,,13.2,,,,,2025-11-22 15:40:00
210.0,5.0,6.0,3.8,15.0,11.2,304.0,1019.9,,13.2,,,,,2025-11-22 15:50:00
210.0,5.0,6.0,,,,,1020.0,,13.2,,,0.0,,2025-11-22 16:00:00
210.0,5.0,6.0,4.4,,11.7,299.0,1019.9,,13.2,,,,,2025-11-22 16:10:00
220.0,5.0,6.0,4.4,15.0,11.7,299.0,1020.0,,13.2,,,,,2025-11-22 16:20:00
220.0,5.0,6.0,,,,,1020.2,,13.2,,,,,2025-11-22 16:30:00
220.0,5.0,7.0,,,,,1020.2,,13.2,,,,,2025-11-22 16:40:00
220.0,6.0,7.0,4.0,14.0,10.8,304.0,1020.2,,13.2,,,,,2025-11-22 16:50:00
220.0,6.0,7.0,,,,,1020.2,,13.2,,,0.0,,2025-11-22 17:00:00
220.0,6.0,7.0,,,,,1020.1,,13.2,,,,,2025-11-22 17:10:00
220.0,5.0,7.0,3.9,14.0,10.8,296.0,1020.0,,13.2,,,,,2025-11-22 17:20:00
220.0,5.0,6.0,,,,,1019.9,,13.2,,,,,2025-11-22 17:30:00
220.0,5.0,6.0,,,,,1019.8,,13.2,,,,,2025-11-22 17:40:00
210.0,5.0,7.0,3.7,14.0,10.7,290.0,1019.9,,13.2,,,,,2025-11-22 17:50:00
220.0,5.0,6.0,,,,,1019.8,,13.2,,,0.0,,2025-11-22 18:00:00
220.0,5.0,6.0,,,,,1019.8,,,,,,,2025-11-22 18:10:00
210.0,5.0,7.0,4.0,14.0,10.9,293.0,1019.6,,13.2,,,,,2025-11-22 18:20:00
210.0,5.0,6.0,,,,,1019.7,,13.2,,,,,2025-11-22 18:30:00
210.0,5.0,7.0,,,,,1019.7,,13.2,,,,,2025-11-22 18:40:00
210.0,5.0,6.0,3.9,13.0,10.8,281.0,1019.8,,13.2,,,,,2025-11-22 18:50:00
220.0,6.0,7.0,,,,,1019.8,,13.2,,,0.0,,2025-11-22 19:00:00
220.0,5.0,6.0,4.9,,11.5,284.0,1019.7,,13.2,,,,,2025-11-22 19:10:00
220.0,6.0,7.0,4.9,14.0,11.5,284.0,1019.5,,13.2,,,,,2025-11-22 19:20:00
220.0,6.0,7.0,,,,,1019.4,,13.2,,,,,2025-11-22 19:30:00
220.0,6.0,7.0,,,,,1019.5,,13.2,,,,,2025-11-22 19:40:00
220.0,6.0,7.0,4.2,14.0,10.7,284.0,1019.3,,13.2,,,,,2025-11-22 19:50:00
220.0,6.0,7.0,,,,,1019.3,,13.2,,,-0.9,,2025-11-22 20:00:00
220.0,6.0,7.0,4.6,,10.8,289.0,1019.2,,13.2,,,,,2025-11-22 20:10:00
230.0,6.0,7.0,4.6,13.0,10.8,289.0,1019.2,,13.2,,,,,2025-11-22 20:20:00
230.0,6.0,7.0,,,,,1019.0,,13.2,,,,,2025-11-22 20:30:00
230.0,6.0,7.0,,,,,1019.0,,13.2,,,,,2025-11-22 20:40:00
230.0,6.0,8.0,4.2,14.0,10.4,287.0,1018.8,,13.2,,,,,2025-11-22 20:50:00
230.0,6.0,8.0,,,,,1018.7,,13.2,,,-1.1,,2025-11-22 21:00:00
230.0,6.0,8.0,,,,,1018.6,,13.1,,,,,2025-11-22 21:10:00
230.0,6.0,7.0,4.5,13.0,10.5,289.0,1018.6,,13.1,,,,,2025-11-22 21:20:00
230.0,6.0,7.0,,,,,1018.5,,13.1,,,,,2025-11-22 21:30:00
220.0,6.0,7.0,4.1,,10.4,270.0,1018.5,,13.1,,,,,2025-11-22 21:40:00
220.0,7.0,9.0,4.1,15.0,10.4,270.0,1018.5,,13.1,,,,,2025-11-22 21:50:00
230.0,7.0,8.0,,,,,1018.5,,13.1,,,-1.3,,2025-11-22 22:00:00
220.0,6.0,7.0,4.3,,10.3,288.0,1018.4,,13.1,,,,,2025-11-22 22:10:00
220.0,6.0,7.0,4.3,12.0,10.3,288.0,1018.3,,13.1,,,,,2025-11-22 22:20:00
220.0,6.0,7.0,,,,,1018.1,,13.1,,,,,2025-11-22 22:30:00
220.0,6.0,8.0,,,,,1018.1,,13.1,,,,,2025-11-22 22:40:00
220.0,7.0,8.0,4.2,14.0,10.5,283.0,1018.0,,13.0,,,,,2025-11-22 22:50:00
220.0,6.0,8.0,,,,,1018.0,,13.0,,,-1.3,,2025-11-22 23:00:00
220.0,6.0,10.0,4.0,,10.1,287.0,1018.2,,13.0,,,,,2025-11-22 23:10:00
220.0,8.0,10.0,4.0,14.0,10.1,287.0,1018.2,,13.1,,,,,2025-11-22 23:20:00
220.0,7.0,8.0,,,,,1018.0,,13.1,,,,,2025-11-22 23:30:00
220.0,6.0,8.0,,,,,1018.1,,13.1,,,,,2025-11-22 23:40:00
220.0,6.0,8.0,4.1,15.0,10.4,293.0,1018.1,,13.1,,,,,2025-11-22 23:50:00
210.0,6.0,8.0,,,,,1018.0,,13.1,,,-0.7,,2025-11-23 00:00:00
210.0,6.0,8.0,3.7,,9.9,298.0,1018.0,,13.1,,,,,2025-11-23 00:10:00
210.0,6.0,8.0,3.7,17.0,9.9,298.0,1018.0,,13.1,,,,,2025-11-23 00:20:00
210.0,6.0,8.0,,,,,1017.9,,13.1,,,,,2025-11-23 00:30:00
210.0,6.0,8.0,,,,,1018.0,,13.1,,,,,2025-11-23 00:40:00
220.0,6.0,8.0,3.9,14.0,9.8,284.0,1018.0,,13.1,,,,,2025-11-23 00:50:00
210.0,7.0,8.0,,,,,1018.0,,13.1,,,-0.5,,2025-11-23 01:00:00
210.0,6.0,8.0,,,,,1018.0,,13.1,,,,,2025-11-23 01:10:00
210.0,7.0,8.0,3.6,17.0,9.3,288.0,1018.0,,13.1,,,,,2025-11-23 01:20:00
210.0,7.0,8.0,,,,,1018.0,,13.1,,,,,2025-11-23 01:30:00
210.0,7.0,8.0,,,,,1018.0,,13.1,,,,,2025-11-23 01:40:00
210.0,7.0,8.0,3.5,17.0,9.2,272.0,1018.1,,13.1,,,,,2025-11-23 01:50:00
210.0,7.0,8.0,,,,,1018.1,,13.1,,,0.0,,2025-11-23 02:00:00
210.0,7.0,8.0,3.6,,9.8,288.0,1017.9,,13.1,,,,,2025-11-23 02:10:00
200.0,6.0,8.0,3.6,16.0,9.8,288.0,1017.9,,13.1,,,,,2025-11-23 02:20:00
210.0,7.0,8.0,,,,,1017.8,,13.1,,,,,2025-11-23 02:30:00
210.0,7.0,8.0,3.6,,10.1,290.0,1017.9,,13.1,,,,,2025-11-23 02:40:00
210.0,7.0,8.0,3.6,14.0,10.1,290.0,1017.8,,13.1,,,,,2025-11-23 02:50:00
210.0,7.0,9.0,,,,,1017.8,,13.1,,,0.0,,2025-11-23 03:00:00
210.0,7.0,9.0,3.2,,9.0,279.0,1017.6,,13.1,,,,,2025-11-23 03:10:00
210.0,7.0,8.0,3.2,16.0,9.0,279.0,1017.5,,13.1,,,,,2025-11-23 03:20:00
210.0,7.0,9.0,,,,,1017.6,,13.1,,,,,2025-11-23 03:30:00
210.0,7.0,9.0,,,,,1017.3,,13.1,,,,,2025-11-23 03:40:00
210.0,8.0,10.0,3.3,17.0,9.5,286.0,1017.2,,13.1,,,,,2025-11-23 03:50:00
210.0,7.0,9.0,,,,,1017.4,,13.1,,,-0.6,,2025-11-23 04:00:00
210.0,7.0,9.0,,,,,1017.4,,13.1,,,,,2025-11-23 04:10:00
220.0,8.0,10.0,3.4,15.0,9.4,287.0,1017.5,,13.1,,,,,2025-11-23 04:20:00
230.0,8.0,10.0,,,,,1017.5,,13.1,,,,,2025-11-23 04:30:00
220.0,8.0,12.0,3.7,,10.1,289.0,1017.4,,13.1,,,,,2025-11-23 04:40:00
210.0,9.0,11.0,3.7,16.0,10.1,289.0,1017.4,,13.1,,,,,2025-11-23 04:50:00
200.0,8.0,9.0,,,,,1017.3,,13.1,,,-0.8,,2025-11-23 05:00:00
210.0,8.0,10.0,,,,,1017.3,,13.1,,,,,2025-11-23 05:10:00
210.0,8.0,10.0,3.5,16.0,9.8,279.0,1017.3,,13.1,,,,,2025-11-23 05:20:00
210.0,9.0,10.0,,,,,1017.2,,13.1,,,,,2025-11-23 05:30:00
210.0,10.0,12.0,,,,,1017.2,,13.1,,,,,2025-11-23 05:40:00
210.0,10.0,13.0,3.3,16.0,9.0,292.0,1017.2,,13.1,,,,,2025-11-23 05:50:00
220.0,10.0,11.0,,,,,1016.9,,13.1,,,-0.9,,2025-11-23 06:00:00
210.0,10.0,11.0,3.3,,9.0,294.0,1016.9,,13.1,,,,,2025-11-23 06:10:00
210.0,9.0,11.0,3.3,16.0,9.0,294.0,1016.8,,13.1,,,,,2025-11-23 06:20:00
210.0,10.0,12.0,,,,,1016.7,,13.1,,,,,2025-11-23 06:30:00
200.0,9.0,11.0,3.4,,9.4,284.0,1016.7,,,,,,,2025-11-23 06:40:00
210.0,9.0,11.0,3.4,16.0,9.4,284.0,1016.6,,13.2,,,,,2025-11-23 06:50:00
200.0,9.0,11.0,,,,,1016.5,,13.2,,,-0.9,,2025-11-23 07:00:00
200.0,9.0,11.0,3.8,,9.3,291.0,1016.6,,13.2,,,,,2025-11-23 07:10:00
200.0,9.0,11.0,3.8,14.0,9.3,291.0,1016.5,,13.2,,,,,2025-11-23 07:20:00
210.0,9.0,11.0,,,,,1016.5,,13.2,,,,,2025-11-23 07:30:00
210.0,9.0,12.0,,,,,1016.5,,13.2,,,,,2025-11-23 07:40:00
210.0,9.0,11.0,3.9,15.0,9.8,298.0,1016.3,,13.2,,,,,2025-11-23 07:50:00
210.0,9.0,11.0,,,,,1016.3,,13.2,,,-1.0,,2025-11-23 08:00:00
210.0,9.0,11.0,3.5,,9.1,283.0,1016.3,,13.2,,,,,2025-11-23 08:10:00
210.0,9.0,11.0,3.5,16.0,9.1,283.0,1016.3,,13.2,,,,,2025-11-23 08:20:00
210.0,9.0,11.0,,,,,1016.2,,13.2,,,,,2025-11-23 08:30:00
220.0,9.0,10.0,,,,,1016.2,,13.2,,,,,2025-11-23 08:40:00
230.0,7.0,10.0,3.8,14.0,9.3,291.0,1016.3,,13.2,,,,,2025-11-23 08:50:00
250.0,7.0,9.0,,,,,1016.3,,13.2,,,-0.6,,2025-11-23 09:00:00
250.0,7.0,9.0,3.9,,9.8,287.0,1016.3,,13.2,,,,,2025-11-23 09:10:00
250.0,7.0,9.0,3.9,15.0,9.8,287.0,1016.3,,13.2,,,,,2025-11-23 09:20:00
250.0,7.0,9.0,,,,,1016.2,,13.2,,,,,2025-11-23 09:30:00
250.0,6.0,8.0,,,,,1016.1,,13.2,,,,,2025-11-23 09:40:00
260.0,7.0,9.0,3.9,15.0,9.8,289.0,1016.1,,13.2,,,,,2025-11-23 09:50:00
270.0,7.0,9.0,,,,,1016.2,,13.2,,,-0.3,,2025-11-23 10:00:00
340.0,8.0,10.0,4.0,,9.8,291.0,1016.4,,13.1,,,,,2025-11-23 10:10:00
360.0,8.0,10.0,4.0,14.0,9.8,291.0,1016.4,,13.1,,,,,2025-11-23 10:20:00
360.0,8.0,10.0,,,,,1016.4,,13.0,,,,,2025-11-23 10:30:00
360.0,8.0,9.0,,,,,1016.5,,13.0,,,,,2025-11-23 10:40:00
360.0,8.0,10.0,3.7,14.0,9.3,289.0,1016.4,,13.0,,,,,2025-11-23 10:50:00
10.0,7.0,9.0,,,,,1016.2,,13.0,,,0.0,,2025-11-23 11:00:00
360.0,7.0,9.0,,,,,1016.2,,12.9,,,,,2025-11-23 11:10:00
10.0,7.0,9.0,4.0,14.0,10.0,289.0,1016.2,,12.9,,,,,2025-11-23 11:20:00
360.0,8.0,10.0,,,,,1016.4,,12.9,,,,,2025-11-23 11:30:00
360.0,8.0,10.0,,,,,1016.7,,12.9,,,,,2025-11-23 11:40:00
360.0,8.0,9.0,4.2,13.0,10.2,291.0,1016.7,,12.9,,,,,2025-11-23 11:50:00
350.0,8.0,10.0,,,,,1016.7,,12.9,,,0.4,,2025-11-23 12:00:00
360.0,8.0,9.0,4.8,,10.5,292.0,1016.9,,12.9,,,,,2025-11-23 12:10:00
360.0,8.0,10.0,4.8,14.0,10.5,292.0,1016.9,,12.9,,,,,2025-11-23 12:20:00
350.0,8.0,9.0,,,,,1017.1,,12.9,,,,,2025-11-23 12:30:00
360.0,8.0,10.0,,,,,1017.2,,12.9,,,,,2025-11-23 12:40:00
360.0,8.0,10.0,4.3,15.0,9.9,298.0,1017.4,,12.9,,,,,2025-11-23 12:50:00
360.0,9.0,10.0,,,,,1017.6,,12.9,,,1.4,,2025-11-23 13:00:00
360.0,8.0,10.0,,,,,1017.8,,12.9,,,,,2025-11-23 13:10:00
360.0,7.0,9.0,4.6,14.0,10.2,295.0,1017.7,,12.9,,,,,2025-11-23 13:20:00
360.0,7.0,8.0,,,,,1017.8,,12.9,,,,,2025-11-23 13:30:00
360.0,7.0,10.0,,,,,1017.8,,12.9,,,,,2025-11-23 13:40:00
360.0,9.0,10.0,4.1,14.0,9.8,290.0,1017.7,,12.9,,,,,2025-11-23 13:50:00
360.0,8.0,10.0,,,,,1017.9,,12.9,,,1.7,,2025-11-23 14:00:00
360.0,8.0,10.0,4.0,,9.8,290.0,1017.9,,12.9,,,,,2025-11-23 14:10:00
360.0,8.0,10.0,4.0,15.0,9.8,290.0,1018.0,,12.9,,,,,2025-11-23 14:20:00
360.0,9.0,10.0,,,,,1018.1,,12.9,,,,,2025-11-23 14:30:00
360.0,8.0,10.0,,,,,1018.3,,12.9,,,,,2025-11-23 14:40:00
360.0,8.0,9.0,3.9,17.0,8.9,296.0,1018.4,,12.9,,,,,2025-11-23 14:50:00
360.0,8.0,10.0,,,,,1018.5,,12.9,,,1.8,,2025-11-23 15:00:00
360.0,8.0,10.0,,,,,1018.6,,12.9,,,,,2025-11-23 15:10:00
360.0,8.0,10.0,3.9,13.0,9.2,299.0,1018.8,,12.9,,,,,2025-11-23 15:20:00
360.0,7.0,10.0,,,,,1018.7,,12.9,,,,,2025-11-23 15:30:00
360.0,7.0,9.0,,,,,1018.8,,12.9,,,,,2025-11-23 15:40:00
360.0,7.0,9.0,4.1,11.0,9.0,293.0,1018.9,,12.9,,,,,2025-11-23 15:50:00
360.0,7.0,9.0,,,,,1019.0,,12.9,,,1.4,,2025-11-23 16:00:00
360.0,7.0,9.0,3.7,,8.9,292.0,1019.0,,12.9,,,,,2025-11-23 16:10:00
360.0,7.0,8.0,3.7,14.0,8.9,292.0,1019.2,,12.9,,,,,2025-11-23 16:20:00
10.0,7.0,8.0,,,,,1019.3,,12.9,,,,,2025-11-23 16:30:00
10.0,7.0,8.0,,,,,1019.4,,12.9,,,,,2025-11-23 16:40:00
10.0,7.0,8.0,3.9,16.0,9.6,277.0,1019.7,,12.9,,,,,2025-11-23 16:50:00
10.0,7.0,8.0,,,,,1019.6,,12.9,,,1.7,,2025-11-23 17:00:00
360.0,7.0,8.0,3.9,,9.6,280.0,1019.5,,12.9,,,,,2025-11-23 17:10:00
360.0,7.0,9.0,3.9,16.0,9.6,280.0,1019.7,,12.9,,,,,2025-11-23 17:20:00
360.0,7.0,8.0,,,,,1019.9,,12.9,,,,,2025-11-23 17:30:00
360.0,6.0,8.0,,,,,1020.1,,12.9,,,,,2025-11-23 17:40:00
360.0,6.0,8.0,3.6,16.0,8.9,288.0,1020.0,,12.9,,,,,2025-11-23 17:50:00
10.0,6.0,8.0,,,,,1019.9,,12.9,,,1.4,,2025-11-23 18:00:00
10.0,6.0,7.0,,,,,1019.9,,12.9,,,,,2025-11-23 18:10:00
10.0,6.0,8.0,3.7,17.0,9.2,292.0,1020.0,,12.9,,,,,2025-11-23 18:20:00
360.0,6.0,7.0,,,,,1020.1,,12.9,,,,,2025-11-23 18:30:00
10.0,6.0,7.0,,,,,1020.2,,12.9,,,,,2025-11-23 18:40:00
360.0,6.0,7.0,3.6,16.0,9.2,289.0,1020.2,,12.9,,,,,2025-11-23 18:50:00
360.0,6.0,7.0,,,,,1020.2,,12.9,,,1.2,,2025-11-23 19:00:00
10.0,6.0,7.0,3.5,,9.1,286.0,1020.2,,12.8,,,,,2025-11-23 19:10:00
360.0,6.0,7.0,3.5,15.0,9.1,286.0,1020.1,,12.9,,,,,2025-11-23 19:20:00
360.0,6.0,7.0,,,,,1020.0,,12.9,,,,,2025-11-23 19:30:00
10.0,6.0,7.0,3.7,,9.7,291.0,1019.9,,12.8,,,,,2025-11-23 19:40:00
360.0,6.0,7.0,3.7,17.0,9.7,291.0,1020.0,,12.8,,,,,2025-11-23 19:50:00
350.0,6.0,7.0,,,,,1020.1,,12.8,,,0.5,,2025-11-23 20:00:00
350.0,5.0,7.0,3.5,,9.6,282.0,1020.2,,12.8,,,,,2025-11-23 20:10:00
350.0,6.0,7.0,3.5,16.0,9.6,282.0,1020.0,,12.8,,,,,2025-11-23 20:20:00
350.0,6.0,7.0,,,,,1020.1,,12.8,,,,,2025-11-23 20:30:00
350.0,5.0,7.0,,,,,1020.1,,12.8,,,,,2025-11-23 20:40:00
350.0,5.0,7.0,3.6,16.0,9.8,290.0,1020.0,,12.8,,,,,2025-11-23 20:50:00
360.0,5.0,7.0,,,,,1019.7,,12.8,,,0.0,,2025-11-23 21:00:00
10.0,5.0,7.0,,,,,1019.6,,12.8,,,,,2025-11-23 21:10:00
10.0,6.0,7.0,3.3,16.0,9.5,285.0,1019.5,,12.8,,,,,2025-11-23 21:20:00
10.0,6.0,7.0,,,,,1019.5,,12.8,,,,,2025-11-23 21:30:00
10.0,5.0,7.0,,,,,1019.8,,12.8,,,,,2025-11-23 21:40:00
360.0,5.0,7.0,3.7,16.0,10.1,295.0,1019.8,,12.8,,,,,2025-11-23 21:50:00
10.0,5.0,6.0,,,,,1020.0,,12.7,,,-0.0,,2025-11-23 22:00:00
360.0,5.0,7.0,,,,,1020.0,,12.7,,,,,2025-11-23 22:10:00
10.0,6.0,7.0,3.4,16.0,10.0,285.0,1020.2,,12.7,,,,,2025-11-23 22:20:00
360.0,5.0,7.0,,,,,1020.3,,12.7,,,,,2025-11-23 22:30:00
360.0,5.0,6.0,,,,,1020.5,,12.7,,,,,2025-11-23 22:40:00
360.0,5.0,7.0,3.6,15.0,10.3,293.0,1020.4,,12.6,,,,,2025-11-23 22:50:00
360.0,5.0,7.0,,,,,1020.4,,12.6,,,0.3,,2025-11-23 23:00:00
360.0,6.0,7.0,3.9,,10.6,295.0,1020.4,,12.5,,,,,2025-11-23 23:10:00
10.0,6.0,7.0,3.9,15.0,10.6,295.0,1020.5,,12.5,,,,,2025-11-23 23:20:00
350.0,5.0,7.0,3.7,,10.2,290.0,1020.4,,12.5,,,,,2025-11-23 23:40:00
360.0,5.0,6.0,3.7,15.0,10.2,290.0,1020.6,,12.5,,,,,2025-11-23 23:50:00
360.0,5.0,6.0,,,,,1020.7,,12.5,,,1.0,,2025-11-24 00:00:00
360.0,4.0,6.0,3.1,,9.5,295.0,1020.7,,12.5,,,,,2025-11-24 00:10:00
360.0,5.0,6.0,3.1,15.0,9.5,295.0,1020.6,,12.5,,,,,2025-11-24 00:20:00
360.0,5.0,6.0,,,,,1020.6,,12.5,,,,,2025-11-24 00:30:00
360.0,4.0,5.0,,,,,1020.6,,12.4,,,,,2025-11-24 00:40:00
10.0,4.0,5.0,3.7,14.0,10.6,296.0,1020.6,,12.4,,,,,2025-11-24 00:50:00
360.0,4.0,6.0,,,,,1020.7,,12.4,,,0.7,,2025-11-24 01:00:00
360.0,5.0,6.0,3.8,,10.7,290.0,1020.8,,12.4,,,,,2025-11-24 01:10:00
360.0,4.0,5.0,3.8,15.0,10.7,290.0,1020.8,,12.4,,,,,2025-11-24 01:20:00
350.0,4.0,6.0,,,,,1020.9,,12.4,,,,,2025-11-24 01:30:00
340.0,4.0,6.0,4.0,,11.0,288.0,1020.9,,12.4,,,,,2025-11-24 01:40:00
340.0,4.0,6.0,4.0,14.0,11.0,288.0,1020.8,,12.4,,,,,2025-11-24 01:50:00
350.0,3.0,5.0,,,,,1020.9,,12.4,,,0.5,,2025-11-24 02:00:00
340.0,4.0,5.0,3.3,,10.4,284.0,1021.0,,12.5,,,,,2025-11-24 02:10:00
340.0,4.0,5.0,3.3,15.0,10.4,284.0,1021.1,,12.5,,,,,2025-11-24 02:20:00
350.0,4.0,6.0,,,,,1021.2,,12.5,,,,,2025-11-24 02:30:00
320.0,4.0,7.0,,,,,1021.3,,12.5,,,,,2025-11-24 02:40:00
320.0,4.0,6.0,4.1,14.0,10.8,292.0,1021.2,,12.5,,,,,2025-11-24 02:50:00
320.0,4.0,6.0,,,,,1021.4,,12.5,,,0.7,,2025-11-24 03:00:00
320.0,4.0,6.0,3.5,,10.2,294.0,1021.4,,12.6,,,,,2025-11-24 03:10:00
320.0,5.0,7.0,3.5,14.0,10.2,294.0,1021.3,,12.6,,,,,2025-11-24 03:20:00
310.0,5.0,7.0,,,,,1021.4,,12.6,,,,,2025-11-24 03:30:00
320.0,5.0,7.0,,,,,1021.4,,12.6,,,,,2025-11-24 03:40:00
340.0,4.0,6.0,3.6,13.0,10.2,295.0,1021.6,,12.6,,,,,2025-11-24 03:50:00
340.0,5.0,6.0,,,,,1021.6,,12.6,,,0.9,,2025-11-24 04:00:00
340.0,4.0,6.0,4.0,,10.7,291.0,1021.7,,12.7,,,,,2025-11-24 04:10:00
320.0,5.0,7.0,4.0,13.0,10.7,291.0,1021.7,,12.7,,,,,2025-11-24 04:20:00
320.0,5.0,7.0,,,,,1021.8,,12.7,,,,,2025-11-24 04:30:00
320.0,5.0,7.0,3.9,,10.8,289.0,1021.9,,12.7,,,,,2025-11-24 04:40:00
330.0,5.0,6.0,3.9,13.0,10.8,289.0,1021.9,,12.7,,,,,2025-11-24 04:50:00
320.0,4.0,6.0,,,,,1022.0,,12.7,,,1.1,,2025-11-24 05:00:00
320.0,4.0,6.0,,,,,1022.1,,12.8,,,,,2025-11-24 05:10:00
310.0,4.0,6.0,3.7,13.0,10.2,290.0,1022.2,,12.8,,,,,2025-11-24 05:20:00
310.0,4.0,6.0,,,,,1022.3,,12.8,,,,,2025-11-24 05:30:00
330.0,5.0,7.0,,,,,1022.4,,12.8,,,,,2025-11-24 05:40:00
310.0,4.0,5.0,3.7,15.0,10.4,287.0,1022.4,,12.8,,,,,2025-11-24 05:50:00
310.0,4.0,6.0,,,,,1022.5,,12.8,,,1.1,,2025-11-24 06:00:00
310.0,4.0,6.0,3.5,,10.0,294.0,1022.6,,12.8,,,,,2025-11-24 06:10:00
320.0,4.0,6.0,3.5,13.0,10.0,294.0,1022.6,,12.8,,,,,2025-11-24 06:20:00
310.0,5.0,6.0,,,,,1022.6,,12.8,,,,,2025-11-24 06:30:00
310.0,5.0,7.0,,,,,1022.7,,12.8,,,,,2025-11-24 06:40:00
310.0,5.0,6.0,3.6,14.0,10.3,291.0,1022.7,,12.7,,,,,2025-11-24 06:50:00
320.0,5.0,7.0,,,,,1022.8,,12.7,,,1.2,,2025-11-24 07:00:00
310.0,4.0,6.0,3.6,,10.4,299.0,1022.9,,12.7,,,,,2025-11-24 07:10:00
310.0,4.0,6.0,3.6,15.0,10.4,299.0,1023.0,,12.7,,,,,2025-11-24 07:20:00
300.0,4.0,6.0,,,,,1023.1,,12.7,,,,,2025-11-24 07:30:00
300.0,4.0,5.0,3.5,,10.0,292.0,1023.1,,12.7,,,,,2025-11-24 07:40:00
290.0,4.0,6.0,3.5,12.0,10.0,292.0,1023.1,,12.7,,,,,2025-11-24 07:50:00
290.0,4.0,6.0,,,,,1023.2,,12.7,,,1.2,,2025-11-24 08:00:00
290.0,4.0,5.0,3.3,,9.8,294.0,1023.2,,12.7,,,,,2025-11-24 08:10:00
280.0,4.0,6.0,3.3,14.0,9.8,294.0,1023.2,,12.7,,,,,2025-11-24 08:20:00
280.0,5.0,6.0,,,,,1023.4,,12.7,,,,,2025-11-24 08:30:00
280.0,5.0,6.0,2.8,,9.2,291.0,1023.5,,12.7,,,,,2025-11-24 08:40:00
290.0,5.0,6.0,2.8,15.0,9.2,291.0,1023.6,,12.7,,,,,2025-11-24 08:50:00
290.0,5.0,7.0,,,,,1023.7,,12.7,,,1.2,,2025-11-24 09:00:00
,,,,,,,1023.8,,12.7,,,,,2025-11-24 09:10:00
280.0,6.0,8.0,,,,,1023.8,,12.7,,,,,2025-11-24 09:20:00
280.0,5.0,7.0,,,,,1023.8,,12.7,,,,,2025-11-24 09:30:00
280.0,4.0,6.0,,,,,1023.9,,12.7,,,,,2025-11-24 09:40:00
270.0,4.0,7.0,3.1,16.0,9.4,280.0,1023.8,,12.7,,,,,2025-11-24 09:50:00
260.0,5.0,7.0,,,,,1023.8,,12.7,,,1.0,,2025-11-24 10:00:00
260.0,5.0,7.0,3.0,,9.6,308.0,1023.9,,,,,,,2025-11-24 10:10:00
260.0,4.0,5.0,3.0,15.0,9.6,308.0,1024.0,,12.7,,,,,2025-11-24 10:20:00
270.0,4.0,8.0,,,,,1023.9,,12.7,,,,,2025-11-24 10:30:00
260.0,6.0,8.0,,,,,1024.1,,12.7,,,,,2025-11-24 10:40:00
260.0,6.0,7.0,2.8,15.0,9.3,299.0,1024.1,,12.7,,,,,2025-11-24 10:50:00
270.0,6.0,8.0,,,,,1024.1,,12.7,,,0.9,,2025-11-24 11:00:00
260.0,7.0,9.0,2.9,,9.7,302.0,1024.2,,12.7,,,,,2025-11-24 11:10:00
270.0,7.0,9.0,2.9,16.0,9.7,302.0,1024.3,,12.8,,,,,2025-11-24 11:20:00
260.0,7.0,9.0,,,,,1024.3,,12.8,,,,,2025-11-24 11:30:00
250.0,5.0,7.0,,,,,1024.2,,12.8,,,,,2025-11-24 11:40:00
250.0,5.0,6.0,2.7,16.0,8.9,292.0,1024.3,,12.8,,,,,2025-11-24 11:50:00
240.0,5.0,7.0,,,,,1024.3,,12.8,,,0.6,,2025-11-24 12:00:00
240.0,5.0,7.0,,,,,1024.3,,12.8,,,,,2025-11-24 12:10:00
240.0,5.0,6.0,2.7,16.0,9.3,291.0,1024.4,,12.8,,,,,2025-11-24 12:20:00
250.0,5.0,7.0,,,,,1024.4,,12.8,,,,,2025-11-24 12:30:00
240.0,7.0,10.0,,,,,1024.5,,12.8,,,,,2025-11-24 12:40:00
260.0,7.0,9.0,2.6,15.0,9.4,295.0,1024.5,,12.8,,,,,2025-11-24 12:50:00
250.0,6.0,8.0,,,,,1024.7,,12.8,,,0.9,,2025-11-24 13:00:00
260.0,6.0,7.0,2.7,,9.2,297.0,1024.8,,12.8,,,,,2025-11-24 13:10:00
260.0,5.0,7.0,2.7,16.0,9.2,297.0,1024.8,,12.8,,,,,2025-11-24 13:20:00
270.0,5.0,7.0,,,,,1024.8,,12.8,,,,,2025-11-24 13:30:00
250.0,5.0,7.0,,,,,1024.8,,12.8,,,,,2025-11-24 13:40:00
240.0,6.0,8.0,2.7,15.0,9.4,292.0,1024.8,,12.8,,,,,2025-11-24 13:50:00
240.0,7.0,8.0,,,,,1024.9,,12.9,,,0.8,,2025-11-24 14:00:00
240.0,8.0,9.0,,,,,1024.9,,12.9,,,,,2025-11-24 14:10:00
250.0,8.0,10.0,2.8,15.0,9.1,289.0,1025.1,,12.9,,,,,2025-11-24 14:20:00
260.0,7.0,10.0,,,,,1025.2,,12.9,,,,,2025-11-24 14:30:00
280.0,10.0,13.0,2.4,,8.2,295.0,1025.4,,12.9,,,,,2025-11-24 14:40:00
260.0,7.0,12.0,2.4,15.0,8.2,295.0,1025.6,,12.9,,,,,2025-11-24 14:50:00
250.0,4.0,5.0,,,,,1025.6,,12.9,,,1.3,,2025-11-24 15:00:00
260.0,4.0,5.0,2.6,,8.2,290.0,1025.7,,12.9,,,,,2025-11-24 15:10:00
270.0,4.0,6.0,2.6,15.0,8.2,290.0,1025.8,,12.9,,,,,2025-11-24 15:20:00
270.0,4.0,8.0,,,,,1026.0,,12.9,,,,,2025-11-24 15:30:00
290.0,8.0,13.0,,,,,1026.2,,12.9,,,,,2025-11-24 15:40:00
300.0,8.0,10.0,2.5,15.0,8.4,291.0,1026.4,,12.9,,,,,2025-11-24 15:50:00
280.0,6.0,8.0,,,,,1026.7,,12.9,,,2.0,,2025-11-24 16:00:00
310.0,5.0,6.0,,,,,1026.9,,12.9,,,,,2025-11-24 16:10:00
300.0,4.0,5.0,2.5,14.0,8.2,291.0,1027.0,,12.9,,,,,2025-11-24 16:20:00
300.0,5.0,7.0,,,,,1026.9,,12.9,,,,,2025-11-24 16:30:00
290.0,6.0,8.0,,,,,1027.0,,12.9,,,,,2025-11-24 16:40:00
300.0,6.0,8.0,2.7,14.0,8.8,285.0,1027.0,,12.9,,,,,2025-11-24 16:50:00
290.0,6.0,7.0,,,,,1027.1,,12.9,,,2.2,,2025-11-24 17:00:00
290.0,5.0,8.0,2.5,,8.2,293.0,1027.2,,12.9,,,,,2025-11-24 17:10:00
280.0,5.0,7.0,2.5,14.0,8.2,293.0,1027.1,,12.9,,,,,2025-11-24 17:20:00
300.0,5.0,7.0,,,,,1027.3,,12.9,,,,,2025-11-24 17:30:00
310.0,7.0,9.0,,,,,1027.4,,12.9,,,,,2025-11-24 17:40:00
310.0,7.0,8.0,2.4,13.0,8.0,288.0,1027.3,,12.9,,,,,2025-11-24 17:50:00
310.0,5.0,7.0,,,,,1027.3,,12.9,,,1.7,,2025-11-24 18:00:00
310.0,5.0,8.0,2.4,,7.9,288.0,1027.5,,12.9,,,,,2025-11-24 18:10:00
300.0,6.0,8.0,2.4,14.0,7.9,288.0,1027.5,,,,,,,2025-11-24 18:20:00
300.0,6.0,8.0,,,,,1027.6,,12.9,,,,,2025-11-24 18:30:00
300.0,5.0,7.0,,,,,1027.6,,12.9,,,,,2025-11-24 18:40:00
300.0,5.0,7.0,2.5,13.0,8.1,298.0,1027.6,,12.8,,,,,2025-11-24 18:50:00
310.0,5.0,6.0,,,,,1027.6,,12.8,,,0.9,,2025-11-24 19:00:00
310.0,5.0,6.0,2.6,,8.3,293.0,1027.7,,12.8,,,,,2025-11-24 19:10:00
310.0,5.0,6.0,2.6,14.0,8.3,293.0,1027.8,,12.8,,,,,2025-11-24 19:20:00
310.0,4.0,6.0,,,,,1027.9,,12.8,,,,,2025-11-24 19:30:00
310.0,5.0,6.0,,,,,1027.9,,12.8,,,,,2025-11-24 19:40:00
310.0,4.0,6.0,2.6,14.0,8.1,292.0,1027.8,,12.8,,,,,2025-11-24 19:50:00
300.0,4.0,6.0,,,,,1027.8,,12.7,,,0.7,,2025-11-24 20:00:00
300.0,4.0,7.0,,,,,1027.8,,12.7,,,,,2025-11-24 20:10:00
310.0,4.0,6.0,2.7,12.0,8.3,289.0,1027.7,,12.7,,,,,2025-11-24 20:20:00
290.0,4.0,5.0,,,,,1027.8,,12.7,,,,,2025-11-24 20:30:00
300.0,4.0,5.0,,,,,1027.8,,12.7,,,,,2025-11-24 20:40:00
300.0,4.0,5.0,2.6,13.0,8.4,285.0,1027.8,,12.7,,,,,2025-11-24 20:50:00
310.0,3.0,5.0,,,,,1027.6,,12.7,,,0.3,,2025-11-24 21:00:00
310.0,2.0,3.0,,,,,1027.5,,12.7,,,,,2025-11-24 21:10:00
310.0,2.0,3.0,2.7,12.0,8.2,286.0,1027.4,,12.7,,,,,2025-11-24 21:20:00
310.0,2.0,3.0,,,,,1027.4,,12.8,,,,,2025-11-24 21:30:00
290.0,1.0,3.0,,,,,1027.3,,12.8,,,,,2025-11-24 21:40:00
300.0,1.0,3.0,2.3,14.0,7.9,268.0,1027.3,,12.8,,,,,2025-11-24 21:50:00
300.0,1.0,3.0,,,,,1027.4,,12.8,,,0.0,,2025-11-24 22:00:00
300.0,1.0,3.0,,,,,1027.4,,12.8,,,,,2025-11-24 22:10:00
280.0,1.0,2.0,2.6,13.0,8.5,288.0,1027.4,,12.8,,,,,2025-11-24 22:20:00
280.0,1.0,3.0,,,,,1027.5,,12.8,,,,,2025-11-24 22:30:00
260.0,1.0,3.0,,,,,1027.5,,12.8,,,,,2025-11-24 22:40:00
260.0,1.0,3.0,2.6,13.0,8.3,292.0,1027.5,,12.8,,,,,2025-11-24 22:50:00
290.0,1.0,3.0,,,,,1027.4,,12.8,,,-0.4,,2025-11-24 23:00:00
,0.0,3.0,,,,,1027.5,,12.8,,,,,2025-11-24 23:10:00
260.0,1.0,2.0,2.5,15.0,8.1,296.0,1027.6,,12.8,,,,,2025-11-24 23:20:00
270.0,1.0,3.0,,,,,1027.7,,12.8,,,,,2025-11-24 23:40:00
240.0,1.0,3.0,2.5,13.0,8.3,281.0,1027.7,,12.8,,,,,2025-11-24 23:50:00
270.0,1.0,3.0,,,,,1027.8,,,,,-0.0,,2025-11-25 00:00:00
270.0,1.0,2.0,2.5,,8.3,289.0,1027.7,,12.8,,,,,2025-11-25 00:10:00
,0.0,2.0,2.5,12.0,8.3,289.0,1027.8,,12.8,,,,,2025-11-25 00:20:00
,0.0,2.0,,,,,1027.9,,12.8,,,,,2025-11-25 00:30:00
,0.0,2.0,,,,,1027.9,,12.8,,,,,2025-11-25 00:40:00
,0.0,1.0,2.5,12.0,8.5,295.0,1027.8,,12.8,,,,,2025-11-25 00:50:00
,0.0,1.0,,,,,1027.9,,12.8,,,0.5,,2025-11-25 01:00:00
,0.0,1.0,2.6,,8.4,289.0,1027.9,,12.7,,,,,2025-11-25 01:10:00
,0.0,2.0,2.6,12.0,8.4,289.0,1027.9,,12.7,,,,,2025-11-25 01:20:00
,0.0,1.0,,,,,1027.8,,12.7,,,,,2025-11-25 01:30:00
,0.0,1.0,,,,,1027.8,,12.7,,,,,2025-11-25 01:40:00
,0.0,0.0,2.3,15.0,8.2,288.0,1027.8,,12.8,,,,,2025-11-25 01:50:00
,0.0,0.0,,,,,1027.8,,12.8,,,0.4,,2025-11-25 02:00:00
,0.0,0.0,,,,,1027.6,,12.8,,,,,2025-11-25 02:10:00
,0.0,2.0,2.5,13.0,8.2,282.0,1027.6,,12.8,,,,,2025-11-25 02:20:00
,0.0,1.0,,,,,1027.7,,12.8,,,,,2025-11-25 02:30:00
140.0,1.0,2.0,2.4,,8.2,279.0,1027.6,,12.8,,,,,2025-11-25 02:40:00
,0.0,2.0,2.4,12.0,8.2,279.0,1027.7,,12.8,,,,,2025-11-25 02:50:00
140.0,1.0,3.0,,,,,1027.7,,12.8,,,0.0,,2025-11-25 03:00:00
150.0,1.0,3.0,2.5,,8.4,284.0,1027.6,,12.8,,,,,2025-11-25 03:10:00
150.0,1.0,3.0,2.5,14.0,8.4,284.0,1027.7,,12.8,,,,,2025-11-25 03:20:00
140.0,2.0,3.0,,,,,1027.7,,12.8,,,,,2025-11-25 03:30:00
150.0,2.0,3.0,2.2,,8.2,287.0,1027.6,,12.7,,,,,2025-11-25 03:40:00
150.0,2.0,4.0,2.2,14.0,8.2,287.0,1027.5,,12.8,,,,,2025-11-25 03:50:00
160.0,2.0,4.0,,,,,1027.6,,12.8,,,-0.3,,2025-11-25 04:00:00
150.0,2.0,4.0,2.5,,8.3,290.0,1027.6,,12.8,,,,,2025-11-25 04:10:00
150.0,3.0,4.0,2.5,12.0,8.3,290.0,1027.8,,12.9,,,,,2025-11-25 04:20:00
150.0,2.0,4.0,,,,,1027.9,,12.9,,,,,2025-11-25 04:30:00
150.0,2.0,4.0,,,,,1027.9,,12.9,,,,,2025-11-25 04:40:00
150.0,2.0,4.0,2.2,13.0,8.1,288.0,1027.9,,12.9,,,,,2025-11-25 04:50:00
160.0,2.0,4.0,,,,,1027.7,,12.9,,,0.0,,2025-11-25 05:00:00
150.0,3.0,5.0,,,,,1027.7,,12.9,,,,,2025-11-25 05:10:00
170.0,3.0,5.0,2.3,13.0,8.4,287.0,1027.6,,12.9,,,,,2025-11-25 05:20:00
160.0,3.0,5.0,,,,,1027.5,,12.9,,,,,2025-11-25 05:30:00
150.0,3.0,5.0,,,,,1027.5,,12.9,,,,,2025-11-25 05:40:00
140.0,3.0,5.0,2.1,14.0,8.2,302.0,1027.2,,12.9,,,,,2025-11-25 05:50:00
150.0,3.0,5.0,,,,,1027.0,,13.0,,,-0.7,,2025-11-25 06:00:00
140.0,3.0,5.0,2.2,,8.5,290.0,1027.0,,13.0,,,,,2025-11-25 06:10:00
150.0,4.0,5.0,2.2,13.0,8.5,290.0,1026.9,,13.0,,,,,2025-11-25 06:20:00
140.0,4.0,6.0,,,,,1026.8,,13.0,,,,,2025-11-25 06:30:00
150.0,4.0,7.0,,,,,1026.7,,13.0,,,,,2025-11-25 06:40:00
140.0,5.0,7.0,2.2,14.0,9.0,290.0,1026.6,,13.0,,,,,2025-11-25 06:50:00
150.0,5.0,7.0,,,,,1026.4,,13.0,,,-1.2,,2025-11-25 07:00:00
140.0,6.0,8.0,1.9,,7.9,278.0,1026.3,,13.1,,,,,2025-11-25 07:10:00
150.0,6.0,8.0,1.9,13.0,7.9,278.0,1026.1,,13.1,,,,,2025-11-25 07:20:00
150.0,6.0,7.0,,,,,1025.9,,13.1,,,,,2025-11-25 07:30:00
150.0,6.0,8.0,,,,,1025.8,,13.1,,,,,2025-11-25 07:40:00
160.0,6.0,8.0,2.0,13.0,8.1,282.0,1025.5,,13.1,,,,,2025-11-25 07:50:00
150.0,7.0,9.0,,,,,1025.3,,13.1,,,-2.4,,2025-11-25 08:00:00
150.0,7.0,9.0,2.1,,8.0,289.0,1025.3,,13.1,,,,,2025-11-25 08:10:00
150.0,7.0,8.0,2.1,14.0,8.0,289.0,1025.2,,13.2,,,,,2025-11-25 08:20:00
160.0,6.0,8.0,,,,,1025.4,,13.2,,,,,2025-11-25 08:30:00
150.0,7.0,9.0,,,,,1025.4,,13.2,,,,,2025-11-25 08:40:00
160.0,6.0,8.0,1.9,13.0,7.9,297.0,1025.3,,13.2,,,,,2025-11-25 08:50:00
160.0,7.0,9.0,,,,,1025.0,,13.2,,,-2.0,,2025-11-25 09:00:00
160.0,7.0,9.0,2.0,,7.7,279.0,1025.0,,13.2,,,,,2025-11-25 09:10:00
150.0,7.0,9.0,2.0,13.0,7.7,279.0,1024.8,,13.2,,,,,2025-11-25 09:20:00
160.0,7.0,10.0,,,,,1024.5,,13.2,,,,,2025-11-25 09:30:00
150.0,8.0,10.0,,,,,1024.3,,13.2,,,,,2025-11-25 09:40:00
150.0,7.0,9.0,2.1,13.0,7.7,291.0,1024.3,,13.2,,,,,2025-11-25 09:50:00
160.0,7.0,9.0,,,,,1024.3,,,,,-2.1,,2025-11-25 10:00:00
160.0,7.0,9.0,2.0,,7.6,287.0,1024.2,,13.2,,,,,2025-11-25 10:10:00
160.0,7.0,9.0,2.0,13.0,7.6,287.0,1023.9,,13.2,,,,,2025-11-25 10:20:00
150.0,7.0,9.0,,,,,1023.7,,13.2,,,,,2025-11-25 10:30:00
150.0,7.0,9.0,,,,,1023.6,,13.2,,,,,2025-11-25 10:40:00
150.0,8.0,10.0,1.8,12.0,7.1,297.0,1023.4,,13.2,,,,,2025-11-25 10:50:00
150.0,8.0,9.0,,,,,1023.4,,13.2,,,-1.9,,2025-11-25 11:00:00
150.0,8.0,10.0,1.8,,6.9,279.0,1023.3,,13.2,,,,,2025-11-25 11:10:00
160.0,8.0,9.0,1.8,13.0,6.9,279.0,1023.4,,13.2,,,,,2025-11-25 11:20:00
150.0,8.0,10.0,,,,,1023.0,,13.1,,,,,2025-11-25 11:30:00
160.0,8.0,11.0,,,,,1022.9,,13.1,,,,,2025-11-25 11:40:00
160.0,8.0,10.0,1.7,12.0,6.5,300.0,1022.5,,13.1,,,,,2025-11-25 11:50:00
160.0,8.0,10.0,,,,,1022.3,,13.1,,,-2.7,,2025-11-25 12:00:00
160.0,8.0,10.0,1.8,,6.7,281.0,1022.3,,13.2,,,,,2025-11-25 12:10:00
160.0,9.0,11.0,1.8,12.0,6.7,281.0,1022.1,,13.1,,,,,2025-11-25 12:20:00
160.0,9.0,11.0,,,,,1022.0,,13.1,,,,,2025-11-25 12:30:00
160.0,8.0,10.0,2.1,,7.3,289.0,1022.0,,13.1,,,,,2025-11-25 12:40:00
160.0,9.0,11.0,2.1,12.0,7.3,289.0,1021.7,,13.1,,,,,2025-11-25 12:50:00
170.0,9.0,11.0,,,,,1021.6,,13.1,,,-2.7,,2025-11-25 13:00:00
170.0,9.0,11.0,1.9,,6.7,283.0,1021.5,,13.1,,,,,2025-11-25 13:10:00
160.0,9.0,12.0,1.9,11.0,6.7,283.0,1021.4,,13.1,,,,,2025-11-25 13:20:00
170.0,9.0,11.0,,,,,1021.4,,13.1,,,,,2025-11-25 13:30:00
170.0,9.0,12.0,,,,,1021.3,,13.1,,,,,2025-11-25 13:40:00
170.0,10.0,11.0,1.9,12.0,6.3,289.0,1021.2,,13.1,,,,,2025-11-25 13:50:00
170.0,9.0,11.0,,,,,1021.2,,13.1,,,-2.2,,2025-11-25 14:00:00
170.0,9.0,11.0,,,,,1020.9,,13.0,,,,,2025-11-25 14:10:00
170.0,9.0,11.0,1.9,12.0,6.1,288.0,1020.9,,13.0,,,,,2025-11-25 14:20:00
170.0,11.0,12.0,,,,,1020.6,,13.0,,,,,2025-11-25 14:30:00
180.0,11.0,13.0,,,,,1020.5,,13.0,,,,,2025-11-25 14:40:00
170.0,11.0,13.0,1.9,11.0,6.4,267.0,1020.5,,13.0,,,,,2025-11-25 14:50:00
170.0,10.0,12.0,2.0,,5.7,275.0,1020.4,,13.0,,,-1.9,,2025-11-25 15:00:00
170.0,11.0,13.0,,,,,1020.4,,13.0,,,,,2025-11-25 15:10:00
180.0,11.0,14.0,2.0,11.0,5.7,275.0,1020.5,,12.9,,,,,2025-11-25 15:20:00
180.0,10.0,13.0,,,,,1020.5,,12.9,,,,,2025-11-25 15:30:00
180.0,11.0,13.0,,,,,1020.3,,12.9,,,,,2025-11-25 15:40:00
170.0,11.0,14.0,1.9,10.0,5.4,277.0,1020.3,,12.9,,,,,2025-11-25 15:50:00
170.0,11.0,12.0,,,,,1020.1,,12.9,,,-1.5,,2025-11-25 16:00:00
180.0,11.0,14.0,,,,,1020.1,,12.9,,,,,2025-11-25 16:10:00
180.0,12.0,14.0,2.0,11.0,5.5,279.0,1020.1,,12.9,,,,,2025-11-25 16:20:00
190.0,11.0,13.0,,,,,1020.1,,12.9,,,,,2025-11-25 16:30:00
180.0,11.0,13.0,,,,,1020.1,,12.9,,,,,2025-11-25 16:40:00
180.0,11.0,13.0,2.2,13.0,5.7,247.0,1020.1,,12.8,,,,,2025-11-25 16:50:00
180.0,11.0,14.0,,,,,1019.9,,12.8,,,-1.3,,2025-11-25 17:00:00
170.0,11.0,14.0,2.3,,5.5,197.0,1019.7,,12.8,,,,,2025-11-25 17:10:00
170.0,12.0,14.0,2.3,6.0,5.5,197.0,1019.7,,12.9,,,,,2025-11-25 17:20:00
170.0,12.0,14.0,,,,,1019.4,,12.9,,,,,2025-11-25 17:30:00
170.0,13.0,15.0,,,,,1019.6,,12.9,,,,,2025-11-25 17:40:00
170.0,12.0,14.0,2.4,6.0,5.6,187.0,1019.5,,12.9,,,,,2025-11-25 17:50:00
170.0,12.0,15.0,,,,,1019.4,,12.9,,,-1.0,,2025-11-25 18:00:00
170.0,12.0,15.0,2.3,,5.5,202.0,1019.3,,12.9,,,,,2025-11-25 18:10:00
160.0,13.0,16.0,2.3,6.0,5.5,202.0,1019.2,,12.9,,,,,2025-11-25 18:20:00
160.0,13.0,15.0,,,,,1019.0,,12.9,,,,,2025-11-25 18:30:00
160.0,13.0,16.0,,,,,1019.0,,12.9,,,,,2025-11-25 18:40:00
170.0,13.0,15.0,2.5,6.0,5.6,207.0,1018.9,,12.9,,,,,2025-11-25 18:50:00
170.0,12.0,16.0,,,,,1018.7,,12.9,,,-1.4,,2025-11-25 19:00:00
170.0,13.0,15.0,,,,,1018.5,,13.0,,,,,2025-11-25 19:10:00
180.0,13.0,15.0,2.5,6.0,5.6,200.0,1018.4,,13.0,,,,,2025-11-25 19:20:00
170.0,13.0,16.0,,,,,1018.0,,13.0,,,,,2025-11-25 19:30:00
170.0,13.0,16.0,,,,,1018.0,,13.0,,,,,2025-11-25 19:40:00
170.0,13.0,16.0,2.5,6.0,5.6,208.0,1017.8,,13.0,,,,,2025-11-25 19:50:00
170.0,13.0,16.0,,,,,1017.7,,,,,-2.2,,2025-11-25 20:00:00
170.0,13.0,16.0,,,,,1017.6,,13.0,,,,,2025-11-25 20:10:00
170.0,13.0,16.0,2.5,7.0,5.9,229.0,1017.4,,13.0,,,,,2025-11-25 20:20:00
170.0,12.0,15.0,,,,,1017.1,,13.0,,,,,2025-11-25 20:30:00
180.0,12.0,14.0,,,,,1016.9,,13.0,,,,,2025-11-25 20:40:00
180.0,12.0,15.0,2.8,8.0,6.0,234.0,1016.9,,13.0,,,,,2025-11-25 20:50:00
170.0,12.0,15.0,,,,,1016.7,,13.0,,,-2.7,,2025-11-25 21:00:00
170.0,12.0,14.0,,,,,1016.6,,13.0,,,,,2025-11-25 21:10:00
170.0,12.0,14.0,3.0,8.0,6.3,229.0,1016.4,,13.0,,,,,2025-11-25 21:20:00
180.0,12.0,14.0,,,,,1016.4,,13.0,,,,,2025-11-25 21:30:00
180.0,12.0,15.0,,,,,1016.2,,13.0,,,,,2025-11-25 21:40:00
180.0,12.0,15.0,3.0,7.0,6.2,213.0,1016.0,,13.0,,,,,2025-11-25 21:50:00
180.0,12.0,14.0,,,,,1015.8,,13.0,,,-2.9,,2025-11-25 22:00:00
180.0,12.0,14.0,2.8,,6.0,214.0,1015.6,,13.1,,,,,2025-11-25 22:10:00
180.0,12.0,14.0,2.8,7.0,6.0,214.0,1015.5,,13.0,,,,,2025-11-25 22:20:00
180.0,12.0,14.0,,,,,1015.4,,13.1,,,,,2025-11-25 22:30:00
180.0,11.0,14.0,,,,,1015.4,,13.1,,,,,2025-11-25 22:40:00
180.0,12.0,14.0,3.1,8.0,6.3,241.0,1015.4,,13.1,,,,,2025-11-25 22:50:00
190.0,11.0,14.0,,,,,1015.4,,13.1,,,-2.3,,2025-11-25 23:00:00
190.0,12.0,14.0,,,,,1015.5,,13.1,,,,,2025-11-25 23:10:00
190.0,11.0,14.0,,,,,1015.5,,13.1,,,,,2025-11-25 23:40:00
190.0,11.0,13.0,2.8,9.0,6.4,243.0,1015.4,,13.1,,,,,2025-11-25 23:50:00
190.0,11.0,13.0,,,,,1015.5,,13.1,,,-1.2,,2025-11-26 00:00:00
190.0,11.0,13.0,,,,,1015.3,,13.1,,,,,2025-11-26 00:10:00
190.0,11.0,13.0,3.0,8.0,6.3,232.0,1015.3,,13.1,,,,,2025-11-26 00:20:00
190.0,11.0,13.0,,,,,1015.2,,13.1,,,,,2025-11-26 00:30:00
190.0,11.0,13.0,,,,,1015.3,,13.1,,,,,2025-11-26 00:40:00
190.0,11.0,13.0,3.1,8.0,6.7,232.0,1015.4,,13.1,,,,,2025-11-26 00:50:00
190.0,10.0,13.0,,,,,1015.5,,13.1,,,-0.3,,2025-11-26 01:00:00
200.0,11.0,13.0,2.8,,6.3,228.0,1015.5,,13.1,,,,,2025-11-26 01:10:00
200.0,10.0,12.0,2.8,8.0,6.3,228.0,1015.7,,13.1,,,,,2025-11-26 01:20:00
200.0,10.0,13.0,,,,,1015.8,,,,,,,2025-11-26 01:30:00
200.0,10.0,12.0,,,,,1015.7,,13.1,,,,,2025-11-26 01:40:00
200.0,10.0,13.0,3.0,8.0,6.5,226.0,1015.9,,13.1,,,,,2025-11-26 01:50:00
210.0,10.0,13.0,,,,,1016.0,,13.1,,,0.6,,2025-11-26 02:00:00
210.0,10.0,12.0,3.0,,6.5,251.0,1015.9,,13.1,,,,,2025-11-26 02:10:00
230.0,9.0,12.0,3.0,9.0,6.5,251.0,1016.0,,13.1,,,,,2025-11-26 02:20:00
280.0,6.0,8.0,,,,,1016.2,,13.1,,,,,2025-11-26 02:30:00
310.0,7.0,9.0,,,,,1016.3,,13.1,,,,,2025-11-26 02:40:00
330.0,7.0,9.0,2.9,8.0,6.5,229.0,1016.4,,13.1,,,,,2025-11-26 02:50:00
320.0,7.0,9.0,,,,,1016.5,,13.1,,,1.0,,2025-11-26 03:00:00
320.0,7.0,9.0,2.9,,6.8,252.0,1016.8,,13.1,,,,,2025-11-26 03:10:00
320.0,8.0,9.0,2.9,9.0,6.8,252.0,1016.9,,13.1,,,,,2025-11-26 03:20:00
310.0,6.0,9.0,,,,,1017.1,,13.1,,,,,2025-11-26 03:30:00
300.0,7.0,8.0,,,,,1017.2,,,,,,,2025-11-26 03:40:00
300.0,7.0,9.0,2.6,8.0,6.4,237.0,1017.4,,13.1,,,,,2025-11-26 03:50:00
300.0,7.0,9.0,,,,,1017.5,,13.1,,,2.0,,2025-11-26 04:00:00
300.0,7.0,8.0,2.7,,6.5,262.0,1017.7,,13.1,,,,,2025-11-26 04:10:00
300.0,6.0,8.0,2.7,10.0,6.5,262.0,1017.8,,13.1,,,,,2025-11-26 04:20:00
300.0,7.0,9.0,,,,,1017.7,,13.1,,,,,2025-11-26 04:30:00
300.0,7.0,8.0,,,,,1017.8,,13.1,,,,,2025-11-26 04:40:00
300.0,6.0,7.0,2.6,8.0,6.5,233.0,1018.2,,13.1,,,,,2025-11-26 04:50:00
300.0,7.0,9.0,,,,,1018.6,,13.1,,,2.6,,2025-11-26 05:00:00
280.0,7.0,9.0,,,,,1018.7,,13.1,,,,,2025-11-26 05:10:00
300.0,5.0,8.0,2.5,9.0,6.4,248.0,1019.0,,13.1,,,,,2025-11-26 05:20:00
300.0,7.0,8.0,,,,,1018.9,,13.1,,,,,2025-11-26 05:30:00
300.0,7.0,9.0,2.5,,6.4,230.0,1019.0,,13.1,,,,,2025-11-26 05:40:00
300.0,7.0,9.0,2.5,8.0,6.4,230.0,1019.1,,13.1,,,,,2025-11-26 05:50:00
300.0,7.0,8.0,,,,,1019.2,,13.1,,,2.7,,2025-11-26 06:00:00
300.0,7.0,8.0,2.6,,6.5,236.0,1019.1,,13.1,,,,,2025-11-26 06:10:00
310.0,6.0,8.0,2.6,8.0,6.5,236.0,1019.2,,13.1,,,,,2025-11-26 06:20:00
310.0,6.0,7.0,,,,,1019.6,,13.0,,,,,2025-11-26 06:30:00
310.0,6.0,8.0,2.3,,6.3,222.0,1019.8,,13.0,,,,,2025-11-26 06:40:00
320.0,6.0,7.0,2.3,8.0,6.3,222.0,1019.9,,13.0,,,,,2025-11-26 06:50:00
320.0,5.0,7.0,,,,,1020.1,,13.0,,,2.6,,2025-11-26 07:00:00
320.0,5.0,6.0,2.4,,6.6,247.0,1020.3,,13.0,,,,,2025-11-26 07:10:00
320.0,5.0,6.0,2.4,9.0,6.6,247.0,1020.3,,13.0,,,,,2025-11-26 07:20:00
320.0,4.0,5.0,,,,,1020.2,,13.0,,,,,2025-11-26 07:30:00
320.0,5.0,6.0,,,,,1020.4,,13.0,,,,,2025-11-26 07:40:00
330.0,6.0,8.0,2.2,8.0,6.3,237.0,1020.6,,13.0,,,,,2025-11-26 07:50:00
320.0,6.0,8.0,,,,,1020.6,,13.0,,,2.0,,2025-11-26 08:00:00
330.0,6.0,8.0,2.2,,6.5,241.0,1020.6,,13.0,,,,,2025-11-26 08:10:00
330.0,6.0,7.0,2.2,9.0,6.5,241.0,1020.6,,13.0,,,,,2025-11-26 08:20:00
340.0,6.0,7.0,,,,,1020.5,,12.9,,,,,2025-11-26 08:30:00
340.0,6.0,7.0,,,,,1020.6,,12.9,,,,,2025-11-26 08:40:00
330.0,6.0,7.0,2.2,9.0,6.5,250.0,1020.7,,13.0,,,,,2025-11-26 08:50:00
320.0,6.0,7.0,,,,,1021.0,,13.0,,,1.8,,2025-11-26 09:00:00
320.0,7.0,8.0,2.1,,6.6,244.0,1021.1,,13.0,,,,,2025-11-26 09:10:00
330.0,6.0,8.0,2.1,9.0,6.6,244.0,1021.1,,13.0,,,,,2025-11-26 09:20:00
330.0,6.0,8.0,,,,,1021.1,,13.0,,,,,2025-11-26 09:30:00
330.0,6.0,8.0,,,,,1021.2,,13.0,,,,,2025-11-26 09:40:00
340.0,6.0,7.0,2.1,8.0,6.5,241.0,1021.4,,13.0,,,,,2025-11-26 09:50:00
330.0,5.0,6.0,,,,,1021.6,,,,,1.5,,2025-11-26 10:00:00
340.0,4.0,6.0,,,,,1021.8,,13.0,,,,,2025-11-26 10:10:00
340.0,4.0,5.0,2.0,8.0,6.4,243.0,1021.8,,13.0,,,,,2025-11-26 10:20:00
350.0,5.0,6.0,,,,,1021.9,,13.0,,,,,2025-11-26 10:30:00
360.0,5.0,7.0,1.9,,6.4,241.0,1022.0,,13.0,,,,,2025-11-26 10:40:00
360.0,6.0,8.0,1.9,8.0,6.4,241.0,1022.0,,13.0,,,,,2025-11-26 10:50:00
360.0,5.0,6.0,,,,,1022.0,,13.0,,,1.4,,2025-11-26 11:00:00
350.0,5.0,7.0,,,,,1022.0,,13.0,,,,,2025-11-26 11:10:00
10.0,6.0,8.0,2.0,8.0,6.3,239.0,1021.8,,13.0,,,,,2025-11-26 11:20:00
10.0,5.0,7.0,,,,,1021.7,,13.0,,,,,2025-11-26 11:30:00
20.0,4.0,6.0,,,,,1021.7,,13.0,,,,,2025-11-26 11:40:00
10.0,4.0,5.0,2.0,9.0,6.6,252.0,1022.0,,13.0,,,,,2025-11-26 11:50:00
360.0,4.0,6.0,,,,,1022.0,,13.0,,,1.0,,2025-11-26 12:00:00
10.0,4.0,5.0,,,,,1021.8,,13.0,,,,,2025-11-26 12:10:00
20.0,4.0,5.0,2.0,8.0,6.6,240.0,1021.5,,13.0,,,,,2025-11-26 12:20:00
30.0,4.0,6.0,,,,,1021.4,,13.0,,,,,2025-11-26 12:30:00
40.0,5.0,6.0,1.8,,6.3,251.0,1021.6,,13.0,,,,,2025-11-26 12:40:00
50.0,4.0,6.0,1.8,9.0,6.3,251.0,1021.7,,13.0,,,,,2025-11-26 12:50:00
40.0,5.0,6.0,,,,,1021.7,,13.0,,,0.0,,2025-11-26 13:00:00
50.0,5.0,7.0,,,,,1021.8,,13.0,,,,,2025-11-26 13:10:00
40.0,6.0,8.0,1.7,9.0,6.1,260.0,1021.8,,13.1,,,,,2025-11-26 13:20:00
40.0,6.0,8.0,,,,,1021.6,,13.1,,,,,2025-11-26 13:30:00
30.0,7.0,8.0,,,,,1021.6,,13.1,,,,,2025-11-26 13:40:00
30.0,6.0,8.0,1.9,8.0,6.3,256.0,1021.4,,13.1,,,,,2025-11-26 13:50:00
40.0,6.0,8.0,,,,,1021.3,,13.1,,,-0.7,,2025-11-26 14:00:00
50.0,5.0,7.0,1.8,,6.2,257.0,1021.7,,13.1,,,,,2025-11-26 14:10:00
50.0,5.0,6.0,1.8,8.0,6.2,257.0,1021.8,,13.1,,,,,2025-11-26 14:20:00
50.0,5.0,6.0,,,,,1021.8,,13.1,,,,,2025-11-26 14:30:00
60.0,5.0,7.0,,,,,1021.7,,13.1,,,,,2025-11-26 14:40:00
60.0,5.0,6.0,1.7,8.0,6.0,254.0,1021.9,,13.1,,,,,2025-11-26 14:50:00
50.0,5.0,6.0,,,,,1021.9,,13.1,,,-0.0,,2025-11-26 15:00:00
60.0,5.0,6.0,1.9,,6.5,246.0,1021.8,,13.1,,,,,2025-11-26 15:10:00
50.0,5.0,6.0,1.9,8.0,6.5,246.0,1021.9,,13.1,,,,,2025-11-26 15:20:00
50.0,5.0,7.0,,,,,1022.1,,13.1,,,,,2025-11-26 15:30:00
60.0,5.0,6.0,,,,,1022.1,,13.1,,,,,2025-11-26 15:40:00
50.0,5.0,6.0,1.8,8.0,6.5,249.0,1022.2,,13.1,,,,,2025-11-26 15:50:00
60.0,5.0,6.0,,,,,1022.1,,13.1,,,0.4,,2025-11-26 16:00:00
70.0,5.0,6.0,1.6,,6.1,254.0,1022.0,,13.1,,,,,2025-11-26 16:10:00
70.0,5.0,6.0,1.6,8.0,6.1,254.0,1022.2,,13.0,,,,,2025-11-26 16:20:00
70.0,5.0,6.0,,,,,1022.4,,13.0,,,,,2025-11-26 16:30:00
70.0,5.0,7.0,,,,,1022.1,,13.0,,,,,2025-11-26 16:40:00
70.0,5.0,7.0,1.7,7.0,6.1,226.0,1022.3,,13.0,,,,,2025-11-26 16:50:00
70.0,5.0,7.0,,,,,1022.1,,13.0,,,0.8,,2025-11-26 17:00:00
80.0,5.0,6.0,1.6,,6.1,285.0,1022.2,,13.0,,,,,2025-11-26 17:10:00
70.0,5.0,6.0,1.6,10.0,6.1,285.0,1022.3,,13.0,,,,,2025-11-26 17:20:00
80.0,4.0,5.0,,,,,1022.5,,13.0,,,,,2025-11-26 17:30:00
70.0,5.0,6.0,,,,,1022.2,,13.0,,,,,2025-11-26 17:40:00
70.0,5.0,6.0,1.5,9.0,6.0,254.0,1022.2,,13.0,,,,,2025-11-26 17:50:00
70.0,5.0,6.0,,,,,1022.3,,13.0,,,0.4,,2025-11-26 18:00:00
70.0,5.0,6.0,,,,,1022.1,,13.0,,,,,2025-11-26 18:10:00
70.0,6.0,7.0,1.5,11.0,5.9,288.0,1022.1,,13.0,,,,,2025-11-26 18:20:00
70.0,5.0,7.0,,,,,1021.8,,13.0,,,,,2025-11-26 18:30:00
80.0,5.0,7.0,,,,,1021.8,,13.0,,,,,2025-11-26 18:40:00
90.0,6.0,7.0,1.5,7.0,6.1,248.0,1021.5,,13.0,,,,,2025-11-26 18:50:00
90.0,6.0,7.0,,,,,1021.4,,13.0,,,-0.7,,2025-11-26 19:00:00
90.0,6.0,7.0,,,,,1021.5,,13.0,,,,,2025-11-26 19:10:00
90.0,6.0,7.0,1.6,9.0,6.2,278.0,1021.6,,13.0,,,,,2025-11-26 19:20:00
90.0,6.0,7.0,,,,,1021.6,,13.0,,,,,2025-11-26 19:30:00
80.0,6.0,7.0,,,,,1021.5,,13.0,,,,,2025-11-26 19:40:00
70.0,6.0,8.0,1.4,8.0,5.7,261.0,1021.1,,13.0,,,,,2025-11-26 19:50:00
90.0,6.0,8.0,,,,,1020.8,,13.0,,,-1.3,,2025-11-26 20:00:00
70.0,7.0,8.0,,,,,1020.7,,13.0,,,,,2025-11-26 20:10:00
80.0,7.0,8.0,1.5,7.0,5.8,249.0,1020.6,,13.0,,,,,2025-11-26 20:20:00
70.0,7.0,8.0,,,,,1020.6,,13.0,,,,,2025-11-26 20:30:00
80.0,7.0,8.0,,,,,1020.4,,13.0,,,,,2025-11-26 20:40:00
80.0,6.0,8.0,1.4,8.0,5.6,256.0,1020.3,,13.0,,,,,2025-11-26 20:50:00
70.0,7.0,8.0,,,,,1020.3,,13.0,,,-2.0,,2025-11-26 21:00:00
80.0,7.0,8.0,,,,,1020.2,,13.0,,,,,2025-11-26 21:10:00
80.0,6.0,8.0,1.5,8.0,5.8,254.0,1020.2,,13.0,,,,,2025-11-26 21:20:00
70.0,6.0,8.0,,,,,1019.9,,13.0,,,,,2025-11-26 21:30:00
70.0,7.0,8.0,,,,,1019.9,,13.0,,,,,2025-11-26 21:40:00
70.0,6.0,8.0,1.5,11.0,5.8,271.0,1019.9,,13.0,,,,,2025-11-26 21:50:00
80.0,6.0,7.0,,,,,1019.9,,13.0,,,-1.5,,2025-11-26 22:00:00
80.0,6.0,8.0,1.5,,5.8,295.0,1019.7,,13.0,,,,,2025-11-26 22:10:00
70.0,6.0,8.0,1.5,11.0,5.8,295.0,1019.6,,13.0,,,,,2025-11-26 22:20:00
70.0,6.0,7.0,,,,,1019.6,,13.0,,,,,2025-11-26 22:30:00
60.0,6.0,8.0,,,,,1019.5,,13.0,,,,,2025-11-26 22:40:00
60.0,6.0,8.0,1.5,9.0,6.0,269.0,1019.3,,13.0,,,,,2025-11-26 22:50:00
60.0,7.0,8.0,,,,,1019.3,,13.0,,,-1.5,,2025-11-26 23:00:00
60.0,7.0,8.0,,,,,1019.3,,13.0,,,,,2025-11-26 23:10:00
60.0,7.0,8.0,1.6,14.0,6.1,306.0,1019.2,,13.0,,,,,2025-11-26 23:20:00
70.0,7.0,8.0,,,,,1019.0,,13.0,,,,,2025-11-26 23:40:00
70.0,6.0,7.0,1.6,13.0,6.2,308.0,1019.1,,13.0,,,,,2025-11-26 23:50:00
70.0,6.0,7.0,,,,,1019.0,,13.0,,,-1.3,,2025-11-27 00:00:00
70.0,6.0,7.0,1.8,,7.1,292.0,1018.9,,13.0,,,,,2025-11-27 00:10:00
80.0,5.0,6.0,1.8,14.0,7.1,292.0,1018.8,,13.0,,,,,2025-11-27 00:20:00
90.0,5.0,7.0,,,,,1018.7,,13.0,,,,,2025-11-27 00:30:00
90.0,5.0,6.0,1.9,,7.0,295.0,1018.7,,13.0,,,,,2025-11-27 00:40:00
90.0,5.0,6.0,1.9,13.0,7.0,295.0,1018.4,,13.0,,,,,2025-11-27 00:50:00
110.0,5.0,6.0,,,,,1018.3,,,,,-1.6,,2025-11-27 01:00:00
110.0,5.0,6.0,,,,,1018.3,,13.0,,,,,2025-11-27 01:10:00
110.0,4.0,5.0,1.9,12.0,7.3,287.0,1018.3,,13.0,,,,,2025-11-27 01:20:00
110.0,4.0,5.0,,,,,1018.2,,13.0,,,,,2025-11-27 01:30:00
120.0,4.0,5.0,,,,,1018.1,,13.1,,,,,2025-11-27 01:40:00
140.0,4.0,5.0,2.1,13.0,7.7,297.0,1018.1,,13.1,,,,,2025-11-27 01:50:00
130.0,4.0,6.0,,,,,1017.9,,13.1,,,-1.4,,2025-11-27 02:00:00
140.0,5.0,6.0,2.2,,7.9,294.0,1017.9,,13.1,,,,,2025-11-27 02:10:00
140.0,5.0,6.0,2.2,12.0,7.9,294.0,1017.7,,13.1,,,,,2025-11-27 02:20:00
130.0,5.0,6.0,,,,,1017.6,,13.1,,,,,2025-11-27 02:30:00
140.0,5.0,6.0,,,,,1017.5,,13.1,,,,,2025-11-27 02:40:00
130.0,5.0,7.0,2.2,12.0,8.2,296.0,1017.5,,13.1,,,,,2025-11-27 02:50:00
130.0,5.0,6.0,,,,,1017.4,,13.1,,,-1.6,,2025-11-27 03:00:00
140.0,6.0,7.0,2.0,,7.4,287.0,1017.3,,13.1,,,,,2025-11-27 03:10:00
140.0,6.0,7.0,2.0,11.0,7.4,287.0,1017.2,,13.1,,,,,2025-11-27 03:20:00
170.0,7.0,9.0,,,,,1017.0,,13.1,,,,,2025-11-27 03:30:00
190.0,10.0,13.0,,,,,1016.8,,13.1,,,,,2025-11-27 03:40:00
190.0,10.0,11.0,2.1,11.0,7.8,295.0,1016.8,,13.1,,,,,2025-11-27 03:50:00
200.0,10.0,12.0,,,,,1016.8,,13.1,,,-1.5,,2025-11-27 04:00:00
200.0,10.0,12.0,2.2,,7.6,284.0,1016.8,,13.1,,,,,2025-11-27 04:10:00
200.0,9.0,12.0,2.2,12.0,7.6,284.0,1017.0,,13.1,,,,,2025-11-27 04:20:00
190.0,9.0,10.0,,,,,1017.1,,13.1,,,,,2025-11-27 04:30:00
180.0,9.0,10.0,,,,,1017.1,,13.1,,,,,2025-11-27 04:40:00
190.0,9.0,11.0,2.0,12.0,6.9,275.0,1017.1,,13.1,,,,,2025-11-27 04:50:00
180.0,8.0,10.0,,,,,1017.1,,13.1,,,-0.8,,2025-11-27 05:00:00
180.0,9.0,11.0,2.2,,7.3,280.0,1017.0,,13.1,,,,,2025-11-27 05:10:00
180.0,9.0,11.0,2.2,11.0,7.3,280.0,1016.9,,13.1,,,,,2025-11-27 05:20:00
180.0,9.0,10.0,,,,,1016.8,,13.1,,,,,2025-11-27 05:30:00
170.0,9.0,11.0,,,,,1016.7,,13.1,,,,,2025-11-27 05:40:00
170.0,9.0,11.0,2.4,11.0,7.1,277.0,1016.7,,13.1,,,,,2025-11-27 05:50:00
170.0,9.0,11.0,,,,,1016.7,,13.1,,,-0.7,,2025-11-27 06:00:00
170.0,9.0,11.0,2.3,,6.5,275.0,1016.6,,13.1,,,,,2025-11-27 06:10:00
170.0,10.0,12.0,2.3,12.0,6.5,275.0,1016.5,,13.1,,,,,2025-11-27 06:20:00
170.0,10.0,11.0,,,,,1016.5,,13.1,,,,,2025-11-27 06:30:00
170.0,10.0,12.0,,,,,1016.4,,13.1,,,,,2025-11-27 06:40:00
170.0,10.0,12.0,2.2,11.0,6.3,290.0,1016.3,,13.1,,,,,2025-11-27 06:50:00
170.0,10.0,12.0,,,,,1016.2,,,,,-0.6,,2025-11-27 07:00:00
170.0,10.0,13.0,2.4,,6.6,275.0,1016.1,,13.1,,,,,2025-11-27 07:10:00
160.0,11.0,13.0,2.4,11.0,6.6,275.0,1015.9,,13.1,,,,,2025-11-27 07:20:00
170.0,10.0,13.0,,,,,1016.0,,13.1,,,,,2025-11-27 07:30:00
160.0,10.0,13.0,,,,,1015.7,,13.1,,,,,2025-11-27 07:40:00
160.0,10.0,12.0,2.3,12.0,6.2,272.0,1015.7,,13.1,,,,,2025-11-27 07:50:00
160.0,10.0,12.0,,,,,1015.6,,13.1,,,-1.5,,2025-11-27 08:00:00
160.0,10.0,13.0,2.2,,6.2,284.0,1015.5,,13.1,,,,,2025-11-27 08:10:00
150.0,10.0,12.0,2.2,11.0,6.2,284.0,1015.2,,13.1,,,,,2025-11-27 08:20:00
150.0,10.0,12.0,,,,,1014.9,,13.1,,,,,2025-11-27 08:30:00
150.0,10.0,12.0,,,,,1014.8,,13.1,,,,,2025-11-27 08:40:00
150.0,10.0,13.0,2.3,11.0,6.3,273.0,1014.6,,13.1,,,,,2025-11-27 08:50:00
150.0,11.0,13.0,,,,,1014.4,,13.1,,,-2.3,,2025-11-27 09:00:00
150.0,11.0,14.0,2.1,,6.0,278.0,1014.1,,13.1,,,,,2025-11-27 09:10:00
150.0,11.0,14.0,2.1,11.0,6.0,278.0,1013.9,,13.1,,,,,2025-11-27 09:20:00
150.0,11.0,13.0,,,,,1013.6,,13.1,,,,,2025-11-27 09:30:00
150.0,11.0,13.0,,,,,1013.4,,13.1,,,,,2025-11-27 09:40:00
150.0,12.0,14.0,2.2,11.0,6.1,259.0,1013.3,,13.1,,,,,2025-11-27 09:50:00
150.0,12.0,14.0,,,,,1013.2,,13.1,,,-3.0,,2025-11-27 10:00:00
150.0,12.0,14.0,2.2,,6.0,304.0,1013.1,,13.1,,,,,2025-11-27 10:10:00
150.0,12.0,15.0,2.2,16.0,6.0,304.0,1012.9,,13.1,,,,,2025-11-27 10:20:00
150.0,12.0,14.0,,,,,1012.8,,13.1,,,,,2025-11-27 10:30:00
150.0,12.0,14.0,,,,,1012.7,,13.1,,,,,2025-11-27 10:40:00
150.0,12.0,15.0,2.2,6.0,5.8,188.0,1012.5,,13.1,,,,,2025-11-27 10:50:00
150.0,12.0,14.0,,,,,1012.5,,13.1,,,-3.1,,2025-11-27 11:00:00
160.0,12.0,15.0,2.4,,5.9,195.0,1012.3,,13.0,,,,,2025-11-27 11:10:00
160.0,12.0,15.0,2.4,6.0,5.9,195.0,1012.1,,13.0,,,,,2025-11-27 11:20:00
160.0,12.0,14.0,,,,,1011.9,,13.0,,,,,2025-11-27 11:30:00
160.0,11.0,14.0,,,,,1011.6,,13.0,,,,,2025-11-27 11:40:00
160.0,11.0,14.0,2.3,6.0,6.0,181.0,1011.3,,13.0,,,,,2025-11-27 11:50:00
160.0,11.0,14.0,,,,,1011.1,,13.0,,,-3.3,,2025-11-27 12:00:00
160.0,12.0,15.0,2.6,,6.1,186.0,1011.0,,13.0,,,,,2025-11-27 12:10:00
160.0,12.0,15.0,2.6,6.0,6.1,186.0,1010.8,,13.0,,,,,2025-11-27 12:20:00
170.0,11.0,14.0,,,,,1010.8,,13.0,,,,,2025-11-27 12:30:00
170.0,11.0,14.0,2.5,,5.9,185.0,1010.7,,13.0,,,,,2025-11-27 12:40:00
180.0,9.0,13.0,2.5,6.0,5.9,185.0,1010.5,,13.0,,,,,2025-11-27 12:50:00
170.0,12.0,16.0,,,,,1010.4,,13.0,,,-2.8,,2025-11-27 13:00:00
180.0,12.0,16.0,2.7,,6.3,188.0,1010.3,,12.9,,,,,2025-11-27 13:10:00
180.0,13.0,17.0,2.7,7.0,6.3,188.0,1010.2,,12.9,,,,,2025-11-27 13:20:00
190.0,14.0,17.0,,,,,1010.5,,12.9,,,,,2025-11-27 13:30:00
190.0,11.0,14.0,,,,,1010.3,,12.9,,,,,2025-11-27 13:40:00
190.0,12.0,15.0,2.9,7.0,6.2,192.0,1010.3,,12.9,,,,,2025-11-27 13:50:00
180.0,12.0,15.0,,,,,1010.1,,12.9,,,-2.4,,2025-11-27 14:00:00
180.0,11.0,14.0,,,,,1010.1,,12.9,,,,,2025-11-27 14:10:00
180.0,11.0,14.0,2.9,7.0,6.3,189.0,1009.9,,12.9,,,,,2025-11-27 14:20:00
190.0,11.0,14.0,,,,,1009.8,,12.9,,,,,2025-11-27 14:30:00
180.0,12.0,16.0,,,,,1009.7,,12.8,,,,,2025-11-27 14:40:00
180.0,13.0,16.0,2.8,7.0,6.3,209.0,1009.7,,12.8,,,,,2025-11-27 14:50:00
180.0,11.0,14.0,,,,,1009.5,,12.8,,,-1.6,,2025-11-27 15:00:00
180.0,12.0,15.0,,,,,1009.4,,12.8,,,,,2025-11-27 15:10:00
190.0,11.0,14.0,3.0,8.0,6.3,207.0,1009.4,,12.8,,,,,2025-11-27 15:20:00
180.0,11.0,15.0,,,,,1009.2,,12.8,,,,,2025-11-27 15:30:00
180.0,11.0,14.0,,,,,1009.1,,12.8,,,,,2025-11-27 15:40:00
180.0,12.0,14.0,3.0,8.0,6.4,203.0,1009.0,,12.8,,,,,2025-11-27 15:50:00
180.0,12.0,17.0,,,,,1008.9,,12.8,,,-1.5,,2025-11-27 16:00:00
180.0,13.0,16.0,,,,,1008.8,,12.8,,,,,2025-11-27 16:10:00
180.0,12.0,15.0,3.1,8.0,6.5,206.0,1008.9,,12.7,,,,,2025-11-27 16:20:00
180.0,11.0,14.0,,,,,1008.7,,12.8,,,,,2025-11-27 16:30:00
180.0,11.0,14.0,,,,,1008.5,,12.8,,,,,2025-11-27 16:40:00
180.0,12.0,15.0,3.4,8.0,6.7,197.0,1008.6,,12.7,,,,,2025-11-27 16:50:00
190.0,11.0,14.0,,,,,1008.5,,12.7,,,-1.6,,2025-11-27 17:00:00
180.0,11.0,14.0,,,,,1008.4,,12.7,,,,,2025-11-27 17:10:00
190.0,11.0,15.0,3.4,9.0,6.6,222.0,1008.4,,12.7,,,,,2025-11-27 17:20:00
190.0,11.0,14.0,,,,,1008.3,,12.7,,,,,2025-11-27 17:30:00
180.0,11.0,14.0,,,,,1008.2,,12.7,,,,,2025-11-27 17:40:00
180.0,12.0,16.0,3.4,9.0,6.9,220.0,1008.2,,12.7,,,,,2025-11-27 17:50:00
190.0,13.0,17.0,,,,,1008.1,,12.7,,,-1.4,,2025-11-27 18:00:00
180.0,12.0,17.0,3.9,,7.3,239.0,1008.1,,12.7,,,,,2025-11-27 18:10:00
180.0,12.0,15.0,3.9,11.0,7.3,239.0,1008.1,,12.7,,,,,2025-11-27 18:20:00
180.0,13.0,18.0,,,,,1007.9,,12.7,,,,,2025-11-27 18:30:00
180.0,12.0,15.0,4.2,,7.6,249.0,1007.9,,12.7,,,,,2025-11-27 18:40:00
180.0,12.0,15.0,4.2,11.0,7.6,249.0,1007.7,,12.7,,,,,2025-11-27 18:50:00
180.0,13.0,15.0,,,,,1007.4,,12.7,,,-1.5,,2025-11-27 19:00:00
170.0,13.0,15.0,,,,,1007.2,,12.7,,,,,2025-11-27 19:10:00
180.0,13.0,16.0,4.2,11.0,7.4,246.0,1007.0,,12.7,,,,,2025-11-27 19:20:00
180.0,13.0,16.0,,,,,1006.7,,12.7,,,,,2025-11-27 19:30:00
170.0,13.0,16.0,,,,,1006.4,,12.7,,,,,2025-11-27 19:40:00
180.0,13.0,17.0,4.7,13.0,8.0,241.0,1006.1,,12.7,,,,,2025-11-27 19:50:00
170.0,13.0,16.0,,,,,1005.9,,12.7,,,-2.6,,2025-11-27 20:00:00
180.0,13.0,17.0,4.6,,8.0,230.0,1005.7,,12.7,,,,,2025-11-27 20:10:00
180.0,12.0,15.0,4.6,10.0,8.0,230.0,1005.4,,12.7,,,,,2025-11-27 20:20:00
180.0,11.0,15.0,,,,,1005.2,,12.7,,,,,2025-11-27 20:30:00
170.0,12.0,16.0,,,,,1004.9,,12.7,,,,,2025-11-27 20:40:00
180.0,13.0,16.0,5.3,11.0,8.1,237.0,1004.6,,12.7,,,,,2025-11-27 20:50:00
180.0,13.0,16.0,,,,,1004.4,,12.8,,,-3.7,,2025-11-27 21:00:00
180.0,13.0,16.0,,,,,1004.1,,12.8,,,,,2025-11-27 21:10:00
180.0,13.0,16.0,5.2,11.0,8.3,234.0,1003.9,,12.8,,,,,2025-11-27 21:20:00
190.0,12.0,16.0,,,,,1003.7,,12.8,,,,,2025-11-27 21:30:00
200.0,12.0,15.0,,,,,1003.6,,12.8,,,,,2025-11-27 21:40:00
220.0,12.0,15.0,4.9,13.0,8.1,237.0,1003.5,,12.8,,,,,2025-11-27 21:50:00
220.0,12.0,15.0,,,,,1003.6,,12.8,,,-3.8,,2025-11-27 22:00:00
220.0,13.0,15.0,5.4,,8.4,238.0,1003.6,,12.8,,,,,2025-11-27 22:10:00
220.0,12.0,15.0,5.4,13.0,8.4,238.0,1003.7,,12.8,,,,,2025-11-27 22:20:00
230.0,12.0,16.0,,,,,1003.8,,12.8,,,,,2025-11-27 22:30:00
230.0,11.0,14.0,,,,,1003.8,,12.8,,,,,2025-11-27 22:40:00
230.0,11.0,14.0,4.9,13.0,8.2,241.0,1003.8,,12.8,,,,,2025-11-27 22:50:00
230.0,11.0,14.0,,,,,1004.1,,12.8,,,-1.8,,2025-11-27 23:00:00
240.0,12.0,16.0,,,,,1004.2,,12.9,,,,,2025-11-27 23:10:00
250.0,10.0,13.0,5.4,,8.4,242.0,1004.7,,12.9,,,,,2025-11-27 23:40:00
250.0,10.0,13.0,5.4,12.0,8.4,242.0,1004.9,,12.9,,,,,2025-11-27 23:50:00
260.0,11.0,14.0,,,,,1005.1,,12.9,,,0.7,,2025-11-28 00:00:00
260.0,11.0,14.0,,,,,1005.2,,12.9,,,,,2025-11-28 00:10:00
270.0,11.0,14.0,4.7,10.0,7.9,243.0,1005.5,,12.9,,,,,2025-11-28 00:20:00
270.0,10.0,13.0,,,,,1005.7,,12.9,,,,,2025-11-28 00:30:00
270.0,10.0,12.0,,,,,1005.8,,12.9,,,,,2025-11-28 00:40:00
270.0,10.0,12.0,4.8,13.0,8.1,242.0,1006.2,,12.9,,,,,2025-11-28 00:50:00
270.0,9.0,12.0,,,,,1006.5,,12.9,,,2.9,,2025-11-28 01:00:00
280.0,10.0,12.0,,,,,1006.7,,12.9,,,,,2025-11-28 01:10:00
270.0,10.0,12.0,4.8,11.0,8.0,239.0,1007.0,,12.9,,,,,2025-11-28 01:20:00
280.0,9.0,11.0,,,,,1007.2,,12.9,,,,,2025-11-28 01:30:00
280.0,9.0,12.0,,,,,1007.6,,12.9,,,,,2025-11-28 01:40:00
280.0,9.0,11.0,4.4,13.0,8.1,243.0,1007.8,,12.9,,,,,2025-11-28 01:50:00
280.0,9.0,11.0,,,,,1007.9,,12.9,,,3.8,,2025-11-28 02:00:00
280.0,9.0,11.0,4.5,,8.2,229.0,1008.0,,12.9,,,,,2025-11-28 02:10:00
290.0,9.0,11.0,4.5,13.0,8.2,229.0,1008.3,,12.9,,,,,2025-11-28 02:20:00
290.0,9.0,11.0,,,,,1008.5,,13.0,,,,,2025-11-28 02:30:00
290.0,9.0,11.0,,,,,1008.7,,13.0,,,,,2025-11-28 02:40:00
290.0,8.0,10.0,4.4,13.0,8.4,233.0,1008.9,,13.0,,,,,2025-11-28 02:50:00
290.0,9.0,11.0,,,,,1009.0,,13.0,,,3.9,,2025-11-28 03:00:00
290.0,8.0,10.0,,,,,1009.3,,13.0,,,,,2025-11-28 03:10:00
290.0,8.0,10.0,4.4,12.0,8.5,254.0,1009.5,,13.0,,,,,2025-11-28 03:20:00
290.0,8.0,10.0,,,,,1009.6,,13.0,,,,,2025-11-28 03:30:00
300.0,8.0,10.0,,,,,1009.9,,13.0,,,,,2025-11-28 03:40:00
300.0,8.0,10.0,4.1,12.0,8.1,258.0,1009.9,,13.0,,,,,2025-11-28 03:50:00
300.0,8.0,10.0,,,,,1010.1,,13.0,,,3.6,,2025-11-28 04:00:00
300.0,7.0,9.0,4.0,,8.1,252.0,1010.4,,13.0,,,,,2025-11-28 04:10:00
300.0,7.0,9.0,4.0,13.0,8.1,252.0,1010.6,,13.0,,,,,2025-11-28 04:20:00
300.0,7.0,9.0,,,,,1011.0,,13.0,,,,,2025-11-28 04:30:00
300.0,8.0,10.0,,,,,1011.1,,13.0,,,,,2025-11-28 04:40:00
300.0,7.0,9.0,4.0,13.0,8.3,253.0,1011.4,,13.0,,,,,2025-11-28 04:50:00
310.0,7.0,9.0,,,,,1011.5,,13.0,,,3.6,,2025-11-28 05:00:00
310.0,7.0,9.0,3.4,,7.8,245.0,1011.7,,13.0,,,,,2025-11-28 05:10:00
310.0,7.0,9.0,3.4,12.0,7.8,245.0,1011.9,,13.0,,,,,2025-11-28 05:20:00
320.0,7.0,9.0,,,,,1012.2,,13.0,,,,,2025-11-28 05:30:00
330.0,7.0,9.0,,,,,1012.5,,13.0,,,,,2025-11-28 05:40:00
330.0,7.0,9.0,3.8,12.0,8.3,254.0,1012.7,,13.0,,,,,2025-11-28 05:50:00
330.0,7.0,9.0,,,,,1012.9,,12.9,,,3.9,,2025-11-28 06:00:00
330.0,8.0,10.0,,,,,1013.1,,12.9,,,,,2025-11-28 06:10:00
330.0,8.0,11.0,3.5,12.0,8.0,244.0,1013.4,,12.9,,,,,2025-11-28 06:20:00
340.0,8.0,10.0,,,,,1013.6,,12.9,,,,,2025-11-28 06:30:00
340.0,8.0,10.0,,,,,1013.7,,12.9,,,,,2025-11-28 06:40:00
340.0,7.0,10.0,3.6,11.0,7.9,249.0,1013.9,,12.9,,,,,2025-11-28 06:50:00
340.0,8.0,10.0,,,,,1014.0,,12.9,,,3.9,,2025-11-28 07:00:00
350.0,8.0,10.0,3.8,,8.0,258.0,1014.0,,12.9,,,,,2025-11-28 07:10:00
340.0,8.0,11.0,3.8,12.0,8.0,258.0,1014.2,,12.9,,,,,2025-11-28 07:20:00
340.0,8.0,10.0,,,,,1014.3,,,,,,,2025-11-28 07:30:00
340.0,8.0,10.0,,,,,1014.4,,12.9,,,,,2025-11-28 07:40:00
350.0,9.0,11.0,3.4,11.0,7.7,254.0,1014.6,,12.9,,,,,2025-11-28 07:50:00
340.0,8.0,10.0,,,,,1014.9,,12.9,,,3.4,,2025-11-28 08:00:00
340.0,9.0,11.0,3.1,,7.3,260.0,1015.1,,12.9,,,,,2025-11-28 08:10:00
340.0,9.0,11.0,3.1,11.0,7.3,260.0,1015.2,,12.9,,,,,2025-11-28 08:20:00
340.0,9.0,12.0,,,,,1015.4,,12.8,,,,,2025-11-28 08:30:00
340.0,9.0,11.0,,,,,1015.4,,12.8,,,,,2025-11-28 08:40:00
350.0,9.0,11.0,3.1,11.0,7.2,247.0,1015.4,,12.8,,,,,2025-11-28 08:50:00
350.0,8.0,10.0,,,,,1015.6,,12.8,,,2.7,,2025-11-28 09:00:00
350.0,8.0,10.0,,,,,1015.6,,12.8,,,,,2025-11-28 09:10:00
350.0,7.0,9.0,3.2,10.0,6.9,252.0,1015.6,,12.8,,,,,2025-11-28 09:20:00
350.0,8.0,9.0,,,,,1015.8,,12.8,,,,,2025-11-28 09:30:00
350.0,8.0,9.0,3.2,,7.3,259.0,1016.0,,12.8,,,,,2025-11-28 09:40:00
350.0,8.0,10.0,3.2,10.0,7.3,259.0,1016.2,,12.8,,,,,2025-11-28 09:50:00
350.0,8.0,9.0,,,,,1016.5,,12.8,,,2.5,,2025-11-28 10:00:00
340.0,7.0,9.0,3.1,,7.0,250.0,1016.7,,12.8,,,,,2025-11-28 10:10:00
350.0,7.0,9.0,3.1,10.0,7.0,250.0,1016.9,,12.8,,,,,2025-11-28 10:20:00
340.0,7.0,9.0,,,,,1017.1,,12.8,,,,,2025-11-28 10:30:00
340.0,7.0,9.0,,,,,1017.0,,12.8,,,,,2025-11-28 10:40:00
350.0,7.0,8.0,3.0,10.0,6.9,247.0,1016.9,,12.8,,,,,2025-11-28 10:50:00
350.0,6.0,8.0,,,,,1017.0,,12.8,,,2.1,,2025-11-28 11:00:00
350.0,6.0,7.0,2.9,,7.1,253.0,1017.1,,12.8,,,,,2025-11-28 11:10:00
360.0,6.0,7.0,2.9,11.0,7.1,253.0,1017.2,,12.8,,,,,2025-11-28 11:20:00
360.0,6.0,7.0,,,,,1017.3,,12.8,,,,,2025-11-28 11:30:00
360.0,6.0,7.0,,,,,1017.4,,12.8,,,,,2025-11-28 11:40:00
360.0,5.0,6.0,2.9,10.0,7.2,253.0,1017.5,,12.8,,,,,2025-11-28 11:50:00
350.0,5.0,6.0,,,,,1017.7,,,,,2.1,,2025-11-28 12:00:00
360.0,4.0,6.0,,,,,1017.9,,12.8,,,,,2025-11-28 12:10:00
360.0,5.0,7.0,2.8,15.0,7.2,295.0,1018.2,,12.8,,,,,2025-11-28 12:20:00
360.0,4.0,5.0,,,,,1018.0,,12.8,,,,,2025-11-28 12:30:00
10.0,4.0,5.0,,,,,1018.2,,12.8,,,,,2025-11-28 12:40:00
350.0,3.0,4.0,2.9,9.0,7.3,254.0,1018.2,,12.8,,,,,2025-11-28 12:50:00
340.0,3.0,4.0,,,,,1018.5,,12.8,,,2.0,,2025-11-28 13:00:00
350.0,3.0,5.0,2.8,,7.2,271.0,1018.5,,12.8,,,,,2025-11-28 13:10:00
350.0,3.0,4.0,2.8,10.0,7.2,271.0,1018.4,,12.8,,,,,2025-11-28 13:20:00
350.0,4.0,5.0,,,,,1018.4,,12.8,,,,,2025-11-28 13:30:00
360.0,3.0,5.0,,,,,1018.4,,12.8,,,,,2025-11-28 13:40:00
360.0,4.0,5.0,2.7,10.0,7.2,260.0,1018.5,,12.8,,,,,2025-11-28 13:50:00
350.0,3.0,4.0,,,,,1018.5,,12.8,,,1.5,,2025-11-28 14:00:00
340.0,3.0,4.0,2.8,,7.0,268.0,1018.5,,12.8,,,,,2025-11-28 14:10:00
340.0,3.0,4.0,2.8,10.0,7.0,268.0,1018.6,,12.8,,,,,2025-11-28 14:20:00
350.0,4.0,5.0,,,,,1018.7,,12.8,,,,,2025-11-28 14:30:00
350.0,4.0,5.0,2.7,,7.3,250.0,1018.7,,12.8,,,,,2025-11-28 14:40:00
350.0,4.0,6.0,2.7,8.0,7.3,250.0,1018.8,,12.8,,,,,2025-11-28 14:50:00
360.0,4.0,5.0,,,,,1018.8,,12.8,,,1.1,,2025-11-28 15:00:00
360.0,4.0,5.0,2.7,,6.9,241.0,1018.8,,12.9,,,,,2025-11-28 15:10:00
360.0,4.0,5.0,2.7,9.0,6.9,241.0,1018.8,,12.9,,,,,2025-11-28 15:20:00
10.0,4.0,4.0,,,,,1018.8,,12.9,,,,,2025-11-28 15:30:00
360.0,4.0,5.0,,,,,1018.8,,12.9,,,,,2025-11-28 15:40:00
360.0,3.0,4.0,2.4,7.0,6.9,281.0,1018.9,,12.9,,,,,2025-11-28 15:50:00
350.0,3.0,4.0,,,,,1019.0,,12.9,,,0.5,,2025-11-28 16:00:00
330.0,3.0,4.0,,,,,1019.1,,12.9,,,,,2025-11-28 16:10:00
320.0,3.0,4.0,2.5,14.0,6.9,293.0,1019.2,,12.9,,,,,2025-11-28 16:20:00
320.0,2.0,3.0,,,,,1019.1,,12.9,,,,,2025-11-28 16:30:00
320.0,3.0,4.0,,,,,1019.0,,12.9,,,,,2025-11-28 16:40:00
310.0,3.0,4.0,2.5,14.0,6.8,282.0,1019.1,,12.9,,,,,2025-11-28 16:50:00
320.0,3.0,4.0,,,,,1019.3,,12.9,,,0.8,,2025-11-28 17:00:00
320.0,3.0,4.0,,,,,1019.3,,12.9,,,,,2025-11-28 17:10:00
320.0,3.0,4.0,2.4,7.0,6.8,299.0,1019.3,,12.9,,,,,2025-11-28 17:20:00
340.0,3.0,4.0,,,,,1019.5,,12.9,,,,,2025-11-28 17:30:00
340.0,2.0,3.0,,,,,1019.7,,12.9,,,,,2025-11-28 17:40:00
330.0,2.0,3.0,2.4,9.0,7.1,269.0,1019.9,,12.9,,,,,2025-11-28 17:50:00
340.0,2.0,3.0,,,,,1020.1,,12.9,,,1.3,,2025-11-28 18:00:00
10.0,3.0,5.0,2.4,,7.0,266.0,1020.2,,12.9,,,,,2025-11-28 18:10:00
50.0,5.0,6.0,2.4,9.0,7.0,266.0,1020.3,,12.9,,,,,2025-11-28 18:20:00
50.0,4.0,6.0,,,,,1020.3,,12.9,,,,,2025-11-28 18:30:00
50.0,4.0,6.0,,,,,1020.4,,12.9,,,,,2025-11-28 18:40:00
50.0,4.0,6.0,2.2,9.0,7.0,260.0,1020.4,,12.9,,,,,2025-11-28 18:50:00
60.0,4.0,6.0,,,,,1020.3,,12.9,,,1.3,,2025-11-28 19:00:00
50.0,4.0,7.0,,,,,1020.3,,12.9,,,,,2025-11-28 19:10:00
50.0,4.0,6.0,2.2,14.0,6.9,297.0,1020.3,,12.9,,,,,2025-11-28 19:20:00
70.0,4.0,5.0,,,,,1020.3,,12.9,,,,,2025-11-28 19:30:00
60.0,4.0,6.0,,,,,1020.2,,12.9,,,,,2025-11-28 19:40:00
70.0,4.0,6.0,2.0,9.0,6.7,275.0,1020.3,,12.9,,,,,2025-11-28 19:50:00
80.0,3.0,5.0,,,,,1020.4,,13.0,,,1.1,,2025-11-28 20:00:00
80.0,3.0,5.0,,,,,1020.5,,12.9,,,,,2025-11-28 20:10:00
80.0,2.0,5.0,1.9,15.0,6.8,288.0,1020.5,,12.9,,,,,2025-11-28 20:20:00
90.0,2.0,4.0,,,,,1020.5,,12.9,,,,,2025-11-28 20:30:00
90.0,3.0,5.0,,,,,1020.5,,12.9,,,,,2025-11-28 20:40:00
70.0,3.0,5.0,2.1,9.0,7.1,263.0,1020.5,,12.9,,,,,2025-11-28 20:50:00
80.0,2.0,4.0,,,,,1020.5,,12.9,,,0.4,,2025-11-28 21:00:00
80.0,3.0,5.0,,,,,1020.4,,12.9,,,,,2025-11-28 21:10:00
100.0,2.0,4.0,1.9,14.0,6.9,300.0,1020.3,,12.9,,,,,2025-11-28 21:20:00
80.0,3.0,4.0,,,,,1020.3,,12.9,,,,,2025-11-28 21:30:00
90.0,3.0,4.0,1.9,,6.7,290.0,1020.4,,12.9,,,,,2025-11-28 21:40:00
70.0,4.0,5.0,1.9,13.0,6.7,290.0,1020.3,,12.9,,,,,2025-11-28 21:50:00
60.0,4.0,5.0,,,,,1020.3,,12.9,,,0.0,,2025-11-28 22:00:00
60.0,3.0,4.0,1.9,,6.8,293.0,1020.4,,12.9,,,,,2025-11-28 22:10:00
60.0,3.0,4.0,1.9,16.0,6.8,293.0,1020.4,,12.9,,,,,2025-11-28 22:20:00
60.0,3.0,4.0,,,,,1020.4,,12.9,,,,,2025-11-28 22:30:00
40.0,2.0,3.0,,,,,1020.4,,12.9,,,,,2025-11-28 22:40:00
40.0,2.0,2.0,1.7,8.0,6.8,261.0,1020.6,,12.9,,,,,2025-11-28 22:50:00
60.0,1.0,2.0,,,,,1020.6,,12.9,,,-0.0,,2025-11-28 23:00:00
90.0,1.0,3.0,,,,,1020.6,,12.9,,,,,2025-11-28 23:10:00
90.0,1.0,2.0,1.7,13.0,6.7,291.0,1020.7,,12.9,,,,,2025-11-28 23:20:00
100.0,1.0,2.0,,,,,1020.9,,12.9,,,,,2025-11-28 23:40:00
160.0,2.0,3.0,1.7,13.0,6.8,281.0,1020.9,,12.8,,,,,2025-11-28 23:50:00
170.0,3.0,3.0,,,,,1020.9,,12.8,,,0.4,,2025-11-29 00:00:00
190.0,3.0,4.0,1.8,,7.1,299.0,1020.9,,12.8,,,,,2025-11-29 00:10:00
180.0,5.0,6.0,1.8,16.0,7.1,299.0,1020.9,,12.8,,,,,2025-11-29 00:20:00
170.0,5.0,6.0,,,,,1021.0,,12.8,,,,,2025-11-29 00:30:00
190.0,3.0,4.0,,,,,1021.1,,12.8,,,,,2025-11-29 00:40:00
180.0,3.0,3.0,1.6,15.0,6.9,294.0,1021.0,,12.8,,,,,2025-11-29 00:50:00
170.0,3.0,3.0,,,,,1020.8,,12.8,,,0.5,,2025-11-29 01:00:00
170.0,3.0,5.0,1.7,,7.2,294.0,1020.9,,12.8,,,,,2025-11-29 01:10:00
180.0,4.0,5.0,1.7,15.0,7.2,294.0,1020.9,,12.8,,,,,2025-11-29 01:20:00
160.0,4.0,5.0,,,,,1020.9,,12.8,,,,,2025-11-29 01:30:00
150.0,4.0,5.0,1.7,,7.3,279.0,1021.0,,12.7,,,,,2025-11-29 01:40:00
130.0,4.0,5.0,1.7,15.0,7.3,279.0,1020.9,,12.7,,,,,2025-11-29 01:50:00
120.0,4.0,5.0,,,,,1020.9,,12.7,,,0.3,,2025-11-29 02:00:00
120.0,4.0,5.0,1.6,,7.4,297.0,1021.1,,12.7,,,,,2025-11-29 02:10:00
120.0,4.0,5.0,1.6,14.0,7.4,297.0,1021.3,,12.7,,,,,2025-11-29 02:20:00
120.0,4.0,5.0,,,,,1021.2,,12.7,,,,,2025-11-29 02:30:00
120.0,4.0,5.0,,,,,1021.3,,12.7,,,,,2025-11-29 02:40:00
120.0,5.0,5.0,1.5,15.0,7.1,288.0,1021.3,,12.8,,,,,2025-11-29 02:50:00
130.0,4.0,5.0,,,,,1021.4,,12.8,,,0.5,,2025-11-29 03:00:00
130.0,4.0,5.0,1.6,,7.3,309.0,1021.5,,12.8,,,,,2025-11-29 03:10:00
130.0,4.0,5.0,1.6,14.0,7.3,309.0,1021.6,,12.8,,,,,2025-11-29 03:20:00
110.0,5.0,6.0,,,,,1021.4,,12.8,,,,,2025-11-29 03:30:00
110.0,5.0,6.0,,,,,1021.4,,12.8,,,,,2025-11-29 03:40:00
120.0,5.0,7.0,1.5,13.0,7.2,292.0,1021.3,,12.8,,,,,2025-11-29 03:50:00
110.0,5.0,7.0,,,,,1021.4,,12.8,,,0.6,,2025-11-29 04:00:00
110.0,5.0,6.0,1.5,,7.0,322.0,1021.3,,12.8,,,,,2025-11-29 04:10:00
110.0,5.0,7.0,1.5,14.0,7.0,322.0,1021.3,,12.8,,,,,2025-11-29 04:20:00
110.0,6.0,7.0,,,,,1021.2,,12.8,,,,,2025-11-29 04:30:00
130.0,5.0,6.0,,,,,1021.4,,12.8,,,,,2025-11-29 04:40:00
130.0,4.0,7.0,1.5,13.0,7.1,302.0,1021.3,,12.8,,,,,2025-11-29 04:50:00
140.0,3.0,4.0,,,,,1021.2,,12.8,,,0.3,,2025-11-29 05:00:00
130.0,4.0,6.0,1.5,,7.3,279.0,1021.2,,12.8,,,,,2025-11-29 05:10:00
130.0,5.0,6.0,1.5,15.0,7.3,279.0,1021.2,,12.8,,,,,2025-11-29 05:20:00
140.0,5.0,8.0,,,,,1021.2,,12.8,,,,,2025-11-29 05:30:00
140.0,3.0,4.0,1.6,,7.5,291.0,1021.3,,12.8,,,,,2025-11-29 05:40:00
140.0,3.0,5.0,1.6,14.0,7.5,291.0,1021.2,,,,,,,2025-11-29 05:50:00
120.0,4.0,6.0,,,,,1021.1,,,,,-0.3,,2025-11-29 06:00:00
130.0,4.0,6.0,1.6,,7.7,281.0,1021.0,,12.8,,,,,2025-11-29 06:10:00
130.0,5.0,7.0,1.6,12.0,7.7,281.0,1020.9,,12.8,,,,,2025-11-29 06:20:00
120.0,6.0,7.0,,,,,1020.8,,12.8,,,,,2025-11-29 06:30:00
130.0,5.0,7.0,,,,,1020.7,,12.8,,,,,2025-11-29 06:40:00
120.0,6.0,7.0,1.6,14.0,7.4,287.0,1020.9,,,,,,,2025-11-29 06:50:00
130.0,5.0,7.0,,,,,1020.8,,12.8,,,-0.6,,2025-11-29 07:00:00
130.0,5.0,7.0,,,,,1020.8,,12.8,,,,,2025-11-29 07:10:00
140.0,5.0,6.0,1.5,14.0,6.9,278.0,1020.8,,12.8,,,,,2025-11-29 07:20:00
140.0,5.0,6.0,,,,,1020.6,,12.7,,,,,2025-11-29 07:30:00
130.0,5.0,6.0,,,,,1020.5,,12.7,,,,,2025-11-29 07:40:00
130.0,5.0,6.0,1.4,14.0,7.2,275.0,1020.3,,12.7,,,,,2025-11-29 07:50:00
140.0,5.0,6.0,,,,,1020.1,,12.7,,,-1.1,,2025-11-29 08:00:00
150.0,5.0,7.0,1.5,,7.1,281.0,1020.0,,12.7,,,,,2025-11-29 08:10:00
130.0,5.0,6.0,1.5,13.0,7.1,281.0,1019.9,,12.7,,,,,2025-11-29 08:20:00
130.0,5.0,6.0,,,,,1020.0,,12.7,,,,,2025-11-29 08:30:00
140.0,4.0,5.0,,,,,1020.1,,12.8,,,,,2025-11-29 08:40:00
120.0,4.0,5.0,1.3,14.0,6.9,288.0,1020.1,,12.8,,,,,2025-11-29 08:50:00
130.0,4.0,5.0,,,,,1020.1,,12.8,,,-1.0,,2025-11-29 09:00:00
120.0,4.0,5.0,,,,,1020.1,,12.8,,,,,2025-11-29 09:10:00
130.0,4.0,5.0,1.3,14.0,6.9,269.0,1020.1,,12.8,,,,,2025-11-29 09:20:00
140.0,3.0,4.0,,,,,1020.3,,12.8,,,,,2025-11-29 09:30:00
140.0,3.0,4.0,,,,,1020.3,,12.8,,,,,2025-11-29 09:40:00
140.0,3.0,4.0,1.4,14.0,7.2,277.0,1020.4,,12.8,,,,,2025-11-29 09:50:00
160.0,3.0,4.0,,,,,1020.5,,12.9,,,-0.3,,2025-11-29 10:00:00
140.0,3.0,4.0,,,,,1020.4,,12.9,,,,,2025-11-29 10:10:00
140.0,3.0,5.0,1.2,14.0,6.9,269.0,1020.2,,12.9,,,,,2025-11-29 10:20:00
140.0,3.0,4.0,,,,,1020.3,,12.9,,,,,2025-11-29 10:30:00
140.0,3.0,4.0,,,,,1020.3,,12.9,,,,,2025-11-29 10:40:00
150.0,3.0,4.0,1.3,14.0,7.0,269.0,1020.4,,12.9,,,,,2025-11-29 10:50:00
160.0,3.0,4.0,,,,,1020.1,,12.9,,,0.0,,2025-11-29 11:00:00
160.0,3.0,4.0,,,,,1020.1,,12.9,,,,,2025-11-29 11:10:00
160.0,4.0,5.0,1.4,14.0,6.9,277.0,1019.9,,12.9,,,,,2025-11-29 11:20:00
150.0,4.0,4.0,,,,,1019.6,,12.9,,,,,2025-11-29 11:30:00
160.0,4.0,5.0,,,,,1019.6,,12.9,,,,,2025-11-29 11:40:00
170.0,4.0,5.0,1.3,12.0,6.8,295.0,1019.6,,12.9,,,,,2025-11-29 11:50:00
160.0,4.0,5.0,,,,,1019.5,,12.9,,,-0.6,,2025-11-29 12:00:00
150.0,3.0,4.0,1.4,,6.8,284.0,1019.5,,12.9,,,,,2025-11-29 12:10:00
150.0,3.0,4.0,1.4,13.0,6.8,284.0,1019.4,,12.9,,,,,2025-11-29 12:20:00
150.0,3.0,4.0,,,,,1019.5,,12.9,,,,,2025-11-29 12:30:00
150.0,2.0,3.0,,,,,1019.5,,12.9,,,,,2025-11-29 12:40:00
150.0,2.0,2.0,1.2,14.0,6.3,293.0,1019.4,,12.9,,,,,2025-11-29 12:50:00
170.0,2.0,3.0,,,,,1019.4,,12.8,,,-1.1,,2025-11-29 13:00:00
170.0,2.0,3.0,,,,,1019.3,,12.8,,,,,2025-11-29 13:10:00
190.0,2.0,3.0,1.3,12.0,6.8,297.0,1019.5,,12.8,,,,,2025-11-29 13:20:00
240.0,3.0,5.0,,,,,1019.5,,12.8,,,,,2025-11-29 13:30:00
270.0,4.0,5.0,,,,,1019.6,,12.8,,,,,2025-11-29 13:40:00
270.0,5.0,6.0,1.4,13.0,7.0,288.0,1019.7,,12.8,,,,,2025-11-29 13:50:00
280.0,6.0,7.0,,,,,1019.8,,12.8,,,-0.3,,2025-11-29 14:00:00
280.0,6.0,7.0,1.3,,7.0,313.0,1019.8,,12.8,,,,,2025-11-29 14:10:00
280.0,6.0,7.0,1.3,14.0,7.0,313.0,1020.0,,12.8,,,,,2025-11-29 14:20:00
280.0,5.0,6.0,,,,,1019.9,,12.7,,,,,2025-11-29 14:30:00
280.0,5.0,6.0,,,,,1020.0,,12.7,,,,,2025-11-29 14:40:00
280.0,4.0,5.0,1.3,13.0,6.5,300.0,1020.1,,12.7,,,,,2025-11-29 14:50:00
290.0,4.0,6.0,,,,,1020.2,,12.7,,,0.7,,2025-11-29 15:00:00
300.0,4.0,5.0,,,,,1020.1,,12.7,,,,,2025-11-29 15:10:00
290.0,3.0,4.0,1.2,15.0,6.6,262.0,1020.0,,12.7,,,,,2025-11-29 15:20:00
280.0,2.0,2.0,,,,,1020.0,,12.7,,,,,2025-11-29 15:30:00
280.0,3.0,5.0,,,,,1019.9,,12.7,,,,,2025-11-29 15:40:00
280.0,4.0,5.0,1.2,13.0,6.8,297.0,1019.9,,12.7,,,,,2025-11-29 15:50:00
290.0,3.0,4.0,,,,,1019.9,,,,,0.5,,2025-11-29 16:00:00
280.0,2.0,3.0,1.2,,7.1,294.0,1020.0,,12.7,,,,,2025-11-29 16:10:00
270.0,1.0,2.0,1.2,14.0,7.1,294.0,1019.9,,12.7,,,,,2025-11-29 16:20:00
280.0,2.0,2.0,,,,,1020.0,,12.7,,,,,2025-11-29 16:30:00
300.0,2.0,3.0,,,,,1020.0,,12.7,,,,,2025-11-29 16:40:00
300.0,2.0,2.0,1.2,12.0,6.8,315.0,1020.0,,12.7,,,,,2025-11-29 16:50:00
300.0,2.0,2.0,,,,,1020.0,,12.7,,,0.0,,2025-11-29 17:00:00
300.0,1.0,2.0,,,,,1020.0,,12.7,,,,,2025-11-29 17:10:00
,0.0,1.0,1.1,12.0,6.8,305.0,1020.0,,12.7,,,,,2025-11-29 17:20:00
,0.0,1.0,,,,,1020.0,,12.7,,,,,2025-11-29 17:30:00
,0.0,2.0,,,,,1020.0,,12.7,,,,,2025-11-29 17:40:00
340.0,1.0,2.0,1.1,13.0,6.4,304.0,1020.0,,12.7,,,,,2025-11-29 17:50:00
,0.0,1.0,,,,,1020.1,,12.8,,,-0.0,,2025-11-29 18:00:00
310.0,1.0,1.0,,,,,1020.0,,12.8,,,,,2025-11-29 18:10:00
250.0,2.0,3.0,1.1,13.0,6.7,320.0,1020.1,,12.8,,,,,2025-11-29 18:20:00
250.0,2.0,3.0,,,,,1020.1,,12.9,,,,,2025-11-29 18:30:00
,0.0,2.0,,,,,1020.1,,,,,,,2025-11-29 18:40:00
230.0,1.0,2.0,1.2,14.0,7.1,296.0,1020.1,,12.9,,,,,2025-11-29 18:50:00
250.0,3.0,4.0,,,,,1020.0,,12.9,,,0.0,,2025-11-29 19:00:00
270.0,3.0,5.0,,,,,1019.8,,12.9,,,,,2025-11-29 19:10:00
290.0,4.0,4.0,1.2,14.0,7.3,273.0,1019.6,,12.9,,,,,2025-11-29 19:20:00
290.0,4.0,4.0,,,,,1019.5,,13.0,,,,,2025-11-29 19:30:00
290.0,3.0,4.0,,,,,1019.2,,13.0,,,,,2025-11-29 19:40:00
280.0,3.0,4.0,1.2,14.0,7.2,288.0,1019.3,,13.0,,,,,2025-11-29 19:50:00
270.0,4.0,5.0,,,,,1019.3,,13.0,,,-0.7,,2025-11-29 20:00:00
260.0,4.0,5.0,1.2,,7.2,284.0,1019.2,,13.0,,,,,2025-11-29 20:10:00
260.0,4.0,4.0,1.2,13.0,7.2,284.0,1019.2,,13.0,,,,,2025-11-29 20:20:00
240.0,4.0,5.0,,,,,1019.1,,13.0,,,,,2025-11-29 20:30:00
230.0,2.0,4.0,,,,,1019.0,,13.0,,,,,2025-11-29 20:40:00
220.0,2.0,3.0,1.3,14.0,7.9,264.0,1019.2,,13.0,,,,,2025-11-29 20:50:00
270.0,2.0,4.0,,,,,1019.4,,13.0,,,-0.7,,2025-11-29 21:00:00
300.0,3.0,5.0,,,,,1019.3,,13.0,,,,,2025-11-29 21:10:00
300.0,3.0,4.0,1.5,16.0,8.9,250.0,1019.3,,13.0,,,,,2025-11-29 21:20:00
280.0,3.0,5.0,,,,,1019.0,,13.0,,,,,2025-11-29 21:30:00
280.0,3.0,5.0,,,,,1019.0,,13.0,,,,,2025-11-29 21:40:00
290.0,4.0,5.0,1.7,16.0,9.7,241.0,1019.1,,13.0,,,,,2025-11-29 21:50:00
290.0,4.0,5.0,,,,,1018.8,,13.0,,,-1.2,,2025-11-29 22:00:00
290.0,4.0,6.0,1.9,,10.3,249.0,1018.7,,13.0,,,,,2025-11-29 22:10:00
280.0,4.0,5.0,1.9,15.0,10.3,249.0,1018.9,,13.0,,,,,2025-11-29 22:20:00
290.0,4.0,5.0,,,,,1019.0,,13.0,,,,,2025-11-29 22:30:00
300.0,4.0,5.0,,,,,1019.0,,12.9,,,,,2025-11-29 22:40:00
300.0,4.0,5.0,1.6,16.0,9.1,250.0,1018.9,,12.9,,,,,2025-11-29 22:50:00
310.0,4.0,6.0,,,,,1018.8,,12.9,,,-0.5,,2025-11-29 23:00:00
320.0,4.0,6.0,,,,,1018.9,,12.9,,,,,2025-11-29 23:10:00
330.0,3.0,4.0,1.7,16.0,10.3,275.0,1018.7,,12.9,,,,,2025-11-29 23:20:00
320.0,2.0,4.0,,,,,1018.7,,12.9,,,,,2025-11-29 23:30:00
330.0,4.0,6.0,,,,,1018.7,,12.8,,,,,2025-11-29 23:40:00
340.0,4.0,5.0,1.9,15.0,10.8,247.0,1018.7,,12.8,,,,,2025-11-29 23:50:00
330.0,5.0,6.0,,,,,1018.7,,12.8,,,-0.7,,2025-11-30 00:00:00
320.0,5.0,6.0,2.2,,11.5,252.0,1018.7,,12.7,,,,,2025-11-30 00:10:00
340.0,3.0,5.0,2.2,16.0,11.5,252.0,1018.6,,12.7,,,,,2025-11-30 00:20:00
320.0,5.0,6.0,,,,,1018.6,,12.7,,,,,2025-11-30 00:30:00
310.0,4.0,5.0,,,,,1018.6,,12.7,,,,,2025-11-30 00:40:00
320.0,5.0,6.0,2.6,16.0,12.1,249.0,1018.5,,12.7,,,,,2025-11-30 00:50:00
330.0,4.0,6.0,,,,,1018.6,,12.7,,,0.0,,2025-11-30 01:00:00
320.0,4.0,5.0,2.5,,11.9,251.0,1018.6,,12.7,,,,,2025-11-30 01:10:00
310.0,4.0,5.0,2.5,15.0,11.9,251.0,1018.6,,12.7,,,,,2025-11-30 01:20:00
310.0,5.0,6.0,,,,,1018.6,,12.7,,,,,2025-11-30 01:30:00
310.0,5.0,6.0,,,,,1018.7,,12.7,,,,,2025-11-30 01:40:00
320.0,6.0,7.0,2.5,16.0,12.0,252.0,1018.8,,12.7,,,,,2025-11-30 01:50:00
300.0,7.0,7.0,,,,,1019.0,,12.7,,,-0.0,,2025-11-30 02:00:00
310.0,6.0,8.0,2.8,,11.1,249.0,1019.1,,12.7,,,,,2025-11-30 02:10:00
310.0,5.0,6.0,2.8,16.0,11.1,249.0,1019.2,,12.7,,,,,2025-11-30 02:20:00
310.0,5.0,6.0,,,,,1019.4,,12.7,,,,,2025-11-30 02:30:00
320.0,5.0,6.0,,,,,1019.5,,12.7,,,,,2025-11-30 02:40:00
320.0,6.0,8.0,2.4,16.0,10.9,246.0,1019.4,,12.7,,,,,2025-11-30 02:50:00
310.0,7.0,8.0,,,,,1019.4,,12.7,,,0.7,,2025-11-30 03:00:00
310.0,5.0,6.0,,,,,1019.5,,12.7,,,,,2025-11-30 03:10:00
320.0,5.0,7.0,2.5,16.0,10.7,247.0,1019.5,,12.7,,,,,2025-11-30 03:20:00
330.0,6.0,7.0,,,,,1019.5,,12.7,,,,,2025-11-30 03:30:00
330.0,6.0,7.0,2.4,,10.6,260.0,1019.4,,12.7,,,,,2025-11-30 03:40:00
340.0,6.0,7.0,2.4,16.0,10.6,260.0,1019.5,,12.8,,,,,2025-11-30 03:50:00
340.0,5.0,6.0,,,,,1019.4,,12.8,,,0.8,,2025-11-30 04:00:00
340.0,5.0,6.0,2.2,,9.9,268.0,1019.4,,12.8,,,,,2025-11-30 04:10:00
340.0,4.0,5.0,2.2,16.0,9.9,268.0,1019.4,,12.7,,,,,2025-11-30 04:20:00
350.0,4.0,5.0,,,,,1019.5,,12.7,,,,,2025-11-30 04:30:00
350.0,4.0,4.0,,,,,1019.5,,12.7,,,,,2025-11-30 04:40:00
350.0,3.0,4.0,2.6,16.0,10.7,254.0,1019.5,,12.8,,,,,2025-11-30 04:50:00
350.0,3.0,4.0,,,,,1019.4,,12.8,,,0.4,,2025-11-30 05:00:00
340.0,3.0,4.0,2.0,,9.9,252.0,1019.6,,12.8,,,,,2025-11-30 05:10:00
350.0,4.0,5.0,2.0,15.0,9.9,252.0,1019.7,,12.8,,,,,2025-11-30 05:20:00
360.0,4.0,5.0,,,,,1019.8,,12.8,,,,,2025-11-30 05:30:00
350.0,4.0,4.0,,,,,1020.0,,12.8,,,,,2025-11-30 05:40:00
340.0,3.0,4.0,1.9,15.0,10.1,269.0,1019.9,,12.8,,,,,2025-11-30 05:50:00
340.0,3.0,4.0,,,,,1019.9,,12.8,,,0.5,,2025-11-30 06:00:00
350.0,3.0,4.0,,,,,1020.0,,12.8,,,,,2025-11-30 06:10:00
340.0,3.0,4.0,2.2,14.0,10.7,259.0,1020.2,,12.8,,,,,2025-11-30 06:20:00
340.0,3.0,4.0,,,,,1020.2,,12.8,,,,,2025-11-30 06:30:00
350.0,3.0,4.0,,,,,1020.2,,12.8,,,,,2025-11-30 06:40:00
20.0,3.0,4.0,2.2,15.0,11.0,257.0,1020.3,,12.8,,,,,2025-11-30 06:50:00
330.0,4.0,6.0,,,,,1020.4,,12.8,,,1.0,,2025-11-30 07:00:00
310.0,4.0,6.0,,,,,1020.6,,12.8,,,,,2025-11-30 07:10:00
340.0,3.0,4.0,2.2,15.0,11.2,259.0,1020.7,,12.8,,,,,2025-11-30 07:20:00
350.0,3.0,4.0,,,,,1020.7,,12.8,,,,,2025-11-30 07:30:00
360.0,3.0,4.0,2.0,,10.9,257.0,1020.6,,12.8,,,,,2025-11-30 07:40:00
360.0,2.0,3.0,2.0,14.0,10.9,257.0,1020.7,,12.8,,,,,2025-11-30 07:50:00
350.0,2.0,3.0,,,,,1020.7,,12.8,,,1.3,,2025-11-30 08:00:00
350.0,3.0,4.0,1.8,,10.4,265.0,1020.8,,12.8,,,,,2025-11-30 08:10:00
350.0,3.0,4.0,1.8,14.0,10.4,265.0,1020.7,,12.8,,,,,2025-11-30 08:20:00
10.0,3.0,4.0,,,,,1020.8,,12.8,,,,,2025-11-30 08:30:00
360.0,4.0,5.0,,,,,1020.9,,12.8,,,,,2025-11-30 08:40:00
360.0,4.0,5.0,2.0,14.0,11.0,269.0,1020.9,,12.8,,,,,2025-11-30 08:50:00
360.0,4.0,5.0,,,,,1020.9,,12.8,,,1.0,,2025-11-30 09:00:00
20.0,4.0,6.0,,,,,1020.9,,12.8,,,,,2025-11-30 09:10:00
30.0,4.0,5.0,2.0,15.0,11.1,256.0,1020.8,,12.9,,,,,2025-11-30 09:20:00
30.0,4.0,5.0,,,,,1020.9,,12.9,,,,,2025-11-30 09:30:00
40.0,4.0,6.0,,,,,1021.1,,12.9,,,,,2025-11-30 09:40:00
50.0,5.0,6.0,1.9,14.0,10.6,256.0,1021.2,,12.9,,,,,2025-11-30 09:50:00
50.0,5.0,7.0,,,,,1021.3,,12.9,,,0.9,,2025-11-30 10:00:00
50.0,5.0,6.0,1.6,,9.8,275.0,1021.2,,12.9,,,,,2025-11-30 10:10:00
50.0,4.0,6.0,1.6,13.0,9.8,275.0,1021.3,,12.9,,,,,2025-11-30 10:20:00
40.0,4.0,6.0,,,,,1021.4,,12.9,,,,,2025-11-30 10:30:00
50.0,5.0,6.0,,,,,1021.3,,12.9,,,,,2025-11-30 10:40:00
50.0,5.0,7.0,1.9,14.0,10.3,260.0,1021.4,,12.9,,,,,2025-11-30 10:50:00
50.0,5.0,7.0,,,,,1021.4,,12.9,,,0.7,,2025-11-30 11:00:00
50.0,5.0,7.0,,,,,1021.4,,12.9,,,,,2025-11-30 11:10:00
50.0,5.0,7.0,2.2,14.0,10.2,259.0,1021.5,,12.9,,,,,2025-11-30 11:20:00
50.0,5.0,7.0,,,,,1021.5,,12.9,,,,,2025-11-30 11:30:00
40.0,5.0,7.0,,,,,1021.5,,12.9,,,,,2025-11-30 11:40:00
40.0,6.0,7.0,1.9,13.0,9.6,258.0,1021.4,,12.9,,,,,2025-11-30 11:50:00
30.0,6.0,8.0,,,,,1021.4,,12.9,,,0.5,,2025-11-30 12:00:00
40.0,5.0,6.0,,,,,1021.4,,12.9,,,,,2025-11-30 12:10:00
40.0,5.0,7.0,2.1,13.0,9.6,266.0,1021.6,,12.9,,,,,2025-11-30 12:20:00
50.0,5.0,6.0,,,,,1021.7,,12.9,,,,,2025-11-30 12:30:00
50.0,5.0,6.0,,,,,1021.6,,12.9,,,,,2025-11-30 12:40:00
50.0,5.0,7.0,2.0,13.0,9.4,264.0,1021.5,,12.9,,,,,2025-11-30 12:50:00
50.0,5.0,7.0,,,,,1021.5,,12.9,,,0.0,,2025-11-30 13:00:00
60.0,5.0,7.0,2.2,,9.3,257.0,1021.5,,12.9,,,,,2025-11-30 13:10:00
50.0,4.0,6.0,2.2,13.0,9.3,257.0,1021.5,,12.9,,,,,2025-11-30 13:20:00
40.0,4.0,5.0,,,,,1021.6,,12.9,,,,,2025-11-30 13:30:00
50.0,4.0,5.0,,,,,1021.6,,12.9,,,,,2025-11-30 13:40:00
50.0,3.0,5.0,2.2,13.0,9.6,266.0,1021.6,,12.9,,,,,2025-11-30 13:50:00
50.0,3.0,5.0,,,,,1021.7,,12.9,,,0.3,,2025-11-30 14:00:00
40.0,3.0,5.0,,,,,1021.9,,12.9,,,,,2025-11-30 14:10:00
30.0,4.0,5.0,2.2,13.0,9.4,261.0,1022.0,,12.9,,,,,2025-11-30 14:20:00
50.0,4.0,6.0,,,,,1022.1,,12.9,,,,,2025-11-30 14:30:00
60.0,5.0,7.0,,,,,1022.3,,12.9,,,,,2025-11-30 14:40:00
50.0,5.0,7.0,2.2,12.0,9.5,248.0,1022.4,,12.9,,,,,2025-11-30 14:50:00
50.0,5.0,7.0,,,,,1022.6,,12.9,,,1.2,,2025-11-30 15:00:00
50.0,5.0,6.0,2.3,,9.4,257.0,1022.8,,12.9,,,,,2025-11-30 15:10:00
50.0,5.0,6.0,2.3,13.0,9.4,257.0,1022.8,,12.8,,,,,2025-11-30 15:20:00
60.0,5.0,6.0,,,,,1022.8,,12.8,,,,,2025-11-30 15:30:00
60.0,5.0,6.0,,,,,1022.6,,12.8,,,,,2025-11-30 15:40:00
60.0,4.0,6.0,2.3,12.0,9.1,259.0,1022.6,,12.8,,,,,2025-11-30 15:50:00
90.0,3.0,5.0,,,,,1022.7,,12.8,,,1.2,,2025-11-30 16:00:00
70.0,3.0,4.0,2.5,,9.4,251.0,1022.8,,12.8,,,,,2025-11-30 16:10:00
70.0,4.0,6.0,2.5,12.0,9.4,251.0,1022.9,,12.8,,,,,2025-11-30 16:20:00
60.0,4.0,6.0,,,,,1022.9,,12.8,,,,,2025-11-30 16:30:00
60.0,4.0,6.0,,,,,1023.1,,12.8,,,,,2025-11-30 16:40:00
50.0,4.0,5.0,2.3,12.0,9.3,257.0,1023.2,,12.8,,,,,2025-11-30 16:50:00
40.0,3.0,5.0,,,,,1023.3,,12.8,,,1.6,,2025-11-30 17:00:00
60.0,4.0,6.0,,,,,1023.4,,12.8,,,,,2025-11-30 17:10:00
60.0,4.0,6.0,2.6,12.0,9.6,257.0,1023.5,,12.8,,,,,2025-11-30 17:20:00
50.0,3.0,5.0,,,,,1023.7,,12.8,,,,,2025-11-30 17:30:00
50.0,2.0,4.0,,,,,1023.9,,12.8,,,,,2025-11-30 17:40:00
100.0,2.0,3.0,2.6,11.0,9.6,256.0,1024.0,,12.8,,,,,2025-11-30 17:50:00
90.0,2.0,4.0,,,,,1023.9,,12.8,,,1.3,,2025-11-30 18:00:00
80.0,3.0,5.0,2.3,,9.1,256.0,1024.0,,12.8,,,,,2025-11-30 18:10:00
70.0,4.0,6.0,2.3,13.0,9.1,256.0,1024.1,,12.8,,,,,2025-11-30 18:20:00
70.0,4.0,7.0,,,,,1024.3,,12.8,,,,,2025-11-30 18:30:00
80.0,3.0,5.0,,,,,1024.4,,12.8,,,,,2025-11-30 18:40:00
80.0,2.0,4.0,2.5,12.0,9.5,257.0,1024.4,,12.8,,,,,2025-11-30 18:50:00
60.0,4.0,7.0,,,,,1024.5,,,,,1.8,,2025-11-30 19:00:00
50.0,4.0,6.0,,,,,1024.6,,12.8,,,,,2025-11-30 19:10:00
40.0,5.0,6.0,2.7,12.0,9.7,263.0,1024.5,,12.8,,,,,2025-11-30 19:20:00
50.0,5.0,6.0,,,,,1024.5,,,,,,,2025-11-30 19:30:00
40.0,4.0,6.0,,,,,1024.4,,12.8,,,,,2025-11-30 19:40:00
50.0,5.0,6.0,2.6,13.0,9.1,263.0,1024.5,,12.8,,,,,2025-11-30 19:50:00
50.0,5.0,6.0,,,,,1024.4,,12.8,,,1.1,,2025-11-30 20:00:00
60.0,5.0,7.0,2.5,,8.9,260.0,1024.4,,12.8,,,,,2025-11-30 20:10:00
50.0,5.0,7.0,2.5,12.0,8.9,260.0,1024.4,,12.8,,,,,2025-11-30 20:20:00
50.0,5.0,7.0,,,,,1024.4,,12.8,,,,,2025-11-30 20:30:00
50.0,5.0,7.0,2.7,,9.1,268.0,1024.5,,12.8,,,,,2025-11-30 20:40:00
50.0,5.0,7.0,2.7,13.0,9.1,268.0,1024.4,,12.8,,,,,2025-11-30 20:50:00
50.0,6.0,7.0,,,,,1024.3,,12.8,,,0.4,,2025-11-30 21:00:00
50.0,6.0,7.0,,,,,1024.4,,12.8,,,,,2025-11-30 21:10:00
50.0,6.0,8.0,2.2,12.0,8.3,267.0,1024.3,,12.8,,,,,2025-11-30 21:20:00
50.0,6.0,7.0,,,,,1024.3,,12.8,,,,,2025-11-30 21:30:00
50.0,6.0,7.0,,,,,1024.2,,12.8,,,,,2025-11-30 21:40:00
50.0,6.0,8.0,2.2,11.0,8.0,270.0,1024.2,,12.8,,,,,2025-11-30 21:50:00
50.0,6.0,7.0,,,,,1024.2,,12.8,,,-0.3,,2025-11-30 22:00:00
50.0,6.0,7.0,2.2,,8.1,262.0,1024.2,,12.8,,,,,2025-11-30 22:10:00
50.0,6.0,8.0,2.2,11.0,8.1,262.0,1024.1,,12.8,,,,,2025-11-30 22:20:00
50.0,6.0,7.0,,,,,1024.3,,12.8,,,,,2025-11-30 22:30:00
40.0,5.0,7.0,,,,,1024.3,,12.8,,,,,2025-11-30 22:40:00
40.0,5.0,7.0,2.3,13.0,8.5,268.0,1024.3,,12.8,,,,,2025-11-30 22:50:00
40.0,5.0,6.0,,,,,1024.2,,12.8,,,0.0,,2025-11-30 23:00:00
30.0,4.0,5.0,1.9,,8.0,261.0,1024.5,,12.8,,,,,2025-11-30 23:40:00
30.0,4.0,6.0,1.9,12.0,8.0,261.0,1024.7,,12.8,,,,,2025-11-30 23:50:00
30.0,5.0,6.0,,,,,1024.7,,12.8,,,0.4,,2025-12-01 00:00:00
50.0,5.0,6.0,,,,,1024.6,,12.8,,,,,2025-12-01 00:10:00
40.0,5.0,6.0,2.1,13.0,8.7,260.0,1024.6,,12.8,,,,,2025-12-01 00:20:00
40.0,5.0,6.0,,,,,1024.6,,12.8,,,,,2025-12-01 00:30:00
50.0,5.0,7.0,,,,,1024.7,,12.8,,,,,2025-12-01 00:40:00
50.0,5.0,6.0,1.9,13.0,8.2,274.0,1024.7,,12.8,,,,,2025-12-01 00:50:00
40.0,5.0,7.0,,,,,1024.6,,12.8,,,0.4,,2025-12-01 01:00:00
40.0,6.0,7.0,2.3,,9.2,258.0,1024.7,,12.8,,,,,2025-12-01 01:10:00
40.0,5.0,6.0,2.3,13.0,9.2,258.0,1024.7,,12.8,,,,,2025-12-01 01:20:00
50.0,5.0,6.0,,,,,1024.8,,12.8,,,,,2025-12-01 01:30:00
40.0,4.0,6.0,,,,,1025.0,,12.8,,,,,2025-12-01 01:40:00
40.0,4.0,6.0,1.8,12.0,8.2,279.0,1025.0,,12.8,,,,,2025-12-01 01:50:00
40.0,4.0,6.0,,,,,1025.0,,12.8,,,0.8,,2025-12-01 02:00:00
40.0,4.0,5.0,1.7,,8.2,266.0,1025.0,,12.8,,,,,2025-12-01 02:10:00
40.0,4.0,5.0,1.7,13.0,8.2,266.0,1025.0,,12.8,,,,,2025-12-01 02:20:00
30.0,4.0,5.0,,,,,1025.0,,12.8,,,,,2025-12-01 02:30:00
30.0,4.0,6.0,,,,,1024.9,,12.8,,,,,2025-12-01 02:40:00
30.0,4.0,5.0,2.1,13.0,9.1,264.0,1024.9,,12.8,,,,,2025-12-01 02:50:00
30.0,3.0,5.0,,,,,1024.9,,12.8,,,0.0,,2025-12-01 03:00:00
30.0,4.0,5.0,1.7,,8.3,269.0,1025.0,,12.8,,,,,2025-12-01 03:10:00
30.0,3.0,4.0,1.7,12.0,8.3,269.0,1025.0,,12.8,,,,,2025-12-01 03:20:00
30.0,3.0,5.0,,,,,1025.1,,12.8,,,,,2025-12-01 03:30:00
20.0,3.0,5.0,,,,,1025.3,,12.8,,,,,2025-12-01 03:40:00
20.0,3.0,4.0,1.9,13.0,8.7,253.0,1025.2,,12.8,,,,,2025-12-01 03:50:00
20.0,4.0,5.0,,,,,1025.2,,12.8,,,0.6,,2025-12-01 04:00:00
20.0,3.0,4.0,1.7,,8.3,250.0,1025.4,,12.8,,,,,2025-12-01 04:10:00
10.0,3.0,5.0,1.7,12.0,8.3,250.0,1025.4,,12.8,,,,,2025-12-01 04:20:00
10.0,3.0,4.0,,,,,1025.4,,12.8,,,,,2025-12-01 04:30:00
20.0,3.0,5.0,,,,,1025.4,,12.8,,,,,2025-12-01 04:40:00
10.0,4.0,5.0,1.8,12.0,8.6,252.0,1025.6,,12.8,,,,,2025-12-01 04:50:00
20.0,4.0,5.0,,,,,1025.5,,12.8,,,0.5,,2025-12-01 05:00:00
20.0,4.0,5.0,2.0,,9.2,252.0,1025.4,,12.8,,,,,2025-12-01 05:10:00
20.0,3.0,4.0,2.0,12.0,9.2,252.0,1025.6,,12.8,,,,,2025-12-01 05:20:00
20.0,4.0,5.0,,,,,1025.6,,12.8,,,,,2025-12-01 05:30:00
20.0,4.0,5.0,2.0,,8.8,250.0,1025.6,,12.8,,,,,2025-12-01 05:40:00
10.0,4.0,5.0,2.0,11.0,8.8,250.0,1025.5,,12.8,,,,,2025-12-01 05:50:00
20.0,4.0,5.0,,,,,1025.6,,12.8,,,0.7,,2025-12-01 06:00:00
20.0,4.0,5.0,,,,,1025.7,,12.8,,,,,2025-12-01 06:10:00
10.0,4.0,5.0,1.9,11.0,8.9,255.0,1026.0,,12.8,,,,,2025-12-01 06:20:00
20.0,4.0,6.0,,,,,1026.0,,12.8,,,,,2025-12-01 06:30:00
30.0,5.0,6.0,,,,,1026.0,,12.8,,,,,2025-12-01 06:40:00
20.0,5.0,6.0,1.8,11.0,8.8,264.0,1026.1,,12.8,,,,,2025-12-01 06:50:00
30.0,5.0,7.0,,,,,1026.0,,12.8,,,0.8,,2025-12-01 07:00:00
30.0,5.0,7.0,,,,,1025.8,,12.8,,,,,2025-12-01 07:10:00
40.0,6.0,7.0,1.9,11.0,8.8,269.0,1025.8,,12.8,,,,,2025-12-01 07:20:00
40.0,5.0,7.0,,,,,1025.8,,12.8,,,,,2025-12-01 07:30:00
40.0,6.0,7.0,,,,,1025.9,,12.8,,,,,2025-12-01 07:40:00
50.0,6.0,8.0,2.0,11.0,9.0,265.0,1025.6,,12.8,,,,,2025-12-01 07:50:00
50.0,6.0,7.0,,,,,1025.4,,12.8,,,0.0,,2025-12-01 08:00:00
50.0,6.0,8.0,,,,,1025.3,,12.8,,,,,2025-12-01 08:10:00
60.0,6.0,7.0,1.9,11.0,8.6,268.0,1025.2,,12.8,,,,,2025-12-01 08:20:00
50.0,5.0,7.0,,,,,1025.0,,12.8,,,,,2025-12-01 08:30:00
60.0,6.0,7.0,,,,,1024.6,,12.8,,,,,2025-12-01 08:40:00
60.0,6.0,8.0,2.0,11.0,8.6,269.0,1024.8,,12.8,,,,,2025-12-01 08:50:00
70.0,6.0,7.0,,,,,1024.7,,,,,-0.9,,2025-12-01 09:00:00
70.0,6.0,7.0,,,,,1024.6,,12.8,,,,,2025-12-01 09:10:00
70.0,6.0,7.0,1.8,12.0,8.2,255.0,1024.6,,12.8,,,,,2025-12-01 09:20:00
80.0,5.0,7.0,,,,,1024.8,,12.8,,,,,2025-12-01 09:30:00
70.0,4.0,6.0,,,,,1025.1,,12.8,,,,,2025-12-01 09:40:00
70.0,5.0,6.0,2.1,11.0,8.6,261.0,1025.0,,12.8,,,,,2025-12-01 09:50:00
80.0,4.0,6.0,,,,,1025.0,,12.8,,,-1.0,,2025-12-01 10:00:00
60.0,4.0,5.0,2.0,,8.6,260.0,1025.0,,12.8,,,,,2025-12-01 10:10:00
70.0,4.0,6.0,2.0,12.0,8.6,260.0,1025.1,,12.8,,,,,2025-12-01 10:20:00
60.0,4.0,5.0,,,,,1025.2,,12.8,,,,,2025-12-01 10:30:00
60.0,4.0,5.0,,,,,1025.1,,12.8,,,,,2025-12-01 10:40:00
60.0,3.0,5.0,1.8,11.0,8.2,252.0,1025.1,,12.8,,,,,2025-12-01 10:50:00
70.0,3.0,5.0,,,,,1025.0,,12.8,,,-0.4,,2025-12-01 11:00:00
60.0,4.0,5.0,,,,,1025.2,,12.8,,,,,2025-12-01 11:10:00
60.0,3.0,5.0,2.1,11.0,9.0,260.0,1025.2,,12.8,,,,,2025-12-01 11:20:00
50.0,3.0,5.0,,,,,1025.0,,12.8,,,,,2025-12-01 11:30:00
50.0,3.0,4.0,,,,,1025.2,,12.8,,,,,2025-12-01 11:40:00
40.0,3.0,5.0,2.0,12.0,8.8,258.0,1025.2,,12.8,,,,,2025-12-01 11:50:00
40.0,3.0,4.0,,,,,1025.2,,,,,0.5,,2025-12-01 12:00:00
20.0,3.0,4.0,1.9,,8.7,259.0,1025.2,,12.8,,,,,2025-12-01 12:10:00
20.0,3.0,4.0,1.9,11.0,8.7,259.0,1025.2,,12.8,,,,,2025-12-01 12:20:00
20.0,3.0,4.0,,,,,1025.3,,12.8,,,,,2025-12-01 12:30:00
40.0,4.0,5.0,,,,,1024.9,,12.8,,,,,2025-12-01 12:40:00
40.0,3.0,5.0,2.1,10.0,9.1,268.0,1024.8,,12.8,,,,,2025-12-01 12:50:00
50.0,3.0,5.0,,,,,1024.6,,12.8,,,-0.4,,2025-12-01 13:00:00
50.0,3.0,5.0,,,,,1024.6,,12.8,,,,,2025-12-01 13:10:00
40.0,3.0,4.0,1.9,11.0,8.5,258.0,1024.6,,12.8,,,,,2025-12-01 13:20:00
50.0,3.0,4.0,,,,,1024.4,,12.8,,,,,2025-12-01 13:30:00
80.0,3.0,4.0,,,,,1024.4,,12.8,,,,,2025-12-01 13:40:00
80.0,3.0,4.0,1.8,21.0,8.8,273.0,1024.4,,12.8,,,,,2025-12-01 13:50:00
40.0,2.0,3.0,,,,,1024.9,,12.8,,,-0.0,,2025-12-01 14:00:00
20.0,3.0,4.0,,,,,1024.8,,12.8,,,,,2025-12-01 14:10:00
10.0,2.0,4.0,1.9,21.0,9.2,301.0,1024.9,,12.8,,,,,2025-12-01 14:20:00
10.0,3.0,3.0,,,,,1024.9,,12.8,,,,,2025-12-01 14:30:00
10.0,3.0,4.0,,,,,1024.9,,12.8,,,,,2025-12-01 14:40:00
360.0,3.0,4.0,1.9,11.0,8.8,263.0,1024.9,,12.8,,,,,2025-12-01 14:50:00
350.0,3.0,4.0,,,,,1025.0,,12.8,,,-0.0,,2025-12-01 15:00:00
350.0,4.0,5.0,,,,,1025.1,,12.8,,,,,2025-12-01 15:10:00
350.0,4.0,5.0,1.8,11.0,8.4,261.0,1025.1,,12.8,,,,,2025-12-01 15:20:00
360.0,4.0,5.0,,,,,1025.0,,12.8,,,,,2025-12-01 15:30:00
350.0,4.0,5.0,,,,,1025.0,,12.8,,,,,2025-12-01 15:40:00
10.0,5.0,6.0,1.9,19.0,9.4,278.0,1025.0,,12.8,,,,,2025-12-01 15:50:00
10.0,4.0,5.0,,,,,1025.0,,12.8,,,0.4,,2025-12-01 16:00:00
10.0,4.0,6.0,,,,,1025.1,,12.8,,,,,2025-12-01 16:10:00
10.0,4.0,6.0,1.9,13.0,9.0,267.0,1025.3,,12.8,,,,,2025-12-01 16:20:00
20.0,5.0,6.0,,,,,1025.2,,,,,,,2025-12-01 16:30:00
10.0,5.0,6.0,1.8,,9.0,266.0,1025.2,,12.8,,,,,2025-12-01 16:40:00
20.0,5.0,7.0,1.8,12.0,9.0,266.0,1025.3,,12.8,,,,,2025-12-01 16:50:00
20.0,5.0,7.0,,,,,1025.1,,12.8,,,0.0,,2025-12-01 17:00:00
20.0,3.0,4.0,1.8,,9.0,281.0,1025.3,,12.8,,,,,2025-12-01 17:10:00
20.0,3.0,5.0,1.8,19.0,9.0,281.0,1025.3,,12.8,,,,,2025-12-01 17:20:00
20.0,3.0,4.0,,,,,1025.4,,12.8,,,,,2025-12-01 17:30:00
20.0,3.0,4.0,,,,,1025.5,,12.8,,,,,2025-12-01 17:40:00
30.0,3.0,4.0,1.8,19.0,8.7,278.0,1025.5,,12.8,,,,,2025-12-01 17:50:00
30.0,3.0,4.0,,,,,1025.5,,12.8,,,0.5,,2025-12-01 18:00:00
30.0,3.0,4.0,1.7,,8.7,270.0,1025.4,,12.8,,,,,2025-12-01 18:10:00
30.0,3.0,4.0,1.7,19.0,8.7,270.0,1025.7,,12.8,,,,,2025-12-01 18:20:00
30.0,2.0,3.0,,,,,1025.5,,12.8,,,,,2025-12-01 18:30:00
40.0,2.0,3.0,,,,,1025.5,,12.8,,,,,2025-12-01 18:40:00
50.0,2.0,3.0,2.2,19.0,10.9,282.0,1025.1,,12.8,,,,,2025-12-01 18:50:00
70.0,1.0,3.0,,,,,1025.1,,12.8,,,0.0,,2025-12-01 19:00:00
70.0,2.0,3.0,,,,,1024.9,,12.8,,,,,2025-12-01 19:10:00
80.0,2.0,4.0,1.9,19.0,9.8,288.0,1024.7,,,,,,,2025-12-01 19:20:00
90.0,2.0,4.0,,,,,1024.7,,12.8,,,,,2025-12-01 19:30:00
90.0,2.0,3.0,2.1,,11.3,276.0,1024.8,,12.8,,,,,2025-12-01 19:40:00
80.0,2.0,3.0,2.1,19.0,11.3,276.0,1024.6,,12.9,,,,,2025-12-01 19:50:00
80.0,2.0,3.0,,,,,1024.5,,12.9,,,-0.6,,2025-12-01 20:00:00
90.0,2.0,3.0,2.0,,10.7,272.0,1024.4,,12.9,,,,,2025-12-01 20:10:00
100.0,2.0,3.0,2.0,19.0,10.7,272.0,1024.2,,,,,,,2025-12-01 20:20:00
100.0,2.0,3.0,,,,,1024.2,,12.9,,,,,2025-12-01 20:30:00
100.0,1.0,2.0,,,,,1024.2,,12.9,,,,,2025-12-01 20:40:00
110.0,1.0,2.0,1.9,19.0,10.8,273.0,1023.7,,12.9,,,,,2025-12-01 20:50:00
110.0,2.0,3.0,,,,,1023.6,,12.9,,,-1.9,,2025-12-01 21:00:00
90.0,1.0,2.0,2.0,,11.0,281.0,1023.9,,12.9,,,,,2025-12-01 21:10:00
,0.0,2.0,2.0,17.0,11.0,281.0,1024.1,,12.9,,,,,2025-12-01 21:20:00
,0.0,2.0,,,,,1024.6,,12.9,,,,,2025-12-01 21:30:00
,0.0,2.0,2.1,,11.4,279.0,1024.6,,12.9,,,,,2025-12-01 21:40:00
,0.0,2.0,2.1,17.0,11.4,279.0,1024.5,,12.9,,,,,2025-12-01 21:50:00
,0.0,2.0,,,,,1024.3,,12.9,,,-0.8,,2025-12-01 22:00:00
,0.0,2.0,2.2,,11.8,269.0,1024.0,,12.9,,,,,2025-12-01 22:10:00
,0.0,1.0,2.2,17.0,11.8,269.0,1023.7,,12.9,,,,,2025-12-01 22:20:00
,0.0,2.0,,,,,1023.4,,12.9,,,,,2025-12-01 22:30:00
,0.0,3.0,,,,,1023.5,,12.9,,,,,2025-12-01 22:40:00
,0.0,3.0,2.5,17.0,12.5,288.0,1023.3,,12.9,,,,,2025-12-01 22:50:00
,0.0,2.0,,,,,1023.4,,,,,-1.1,,2025-12-01 23:00:00
,0.0,2.0,,,,,1023.6,,12.9,,,,,2025-12-01 23:10:00
280.0,1.0,3.0,,,,,1023.7,,12.9,,,,,2025-12-01 23:40:00
270.0,1.0,2.0,2.4,17.0,13.0,271.0,1023.6,,12.9,,,,,2025-12-01 23:50:00
270.0,1.0,3.0,,,,,1023.5,,12.9,,,0.0,,2025-12-02 00:00:00
270.0,2.0,3.0,2.1,,12.0,276.0,1023.7,,12.8,,,,,2025-12-02 00:10:00
270.0,3.0,4.0,2.1,17.0,12.0,276.0,1023.8,,12.8,,,,,2025-12-02 00:20:00
270.0,4.0,5.0,,,,,1023.8,,12.8,,,,,2025-12-02 00:30:00
270.0,3.0,5.0,,,,,1023.5,,12.8,,,,,2025-12-02 00:40:00
270.0,3.0,5.0,2.3,17.0,12.6,267.0,1023.3,,12.8,,,,,2025-12-02 00:50:00
260.0,3.0,4.0,,,,,1023.2,,12.8,,,-1.1,,2025-12-02 01:00:00
260.0,3.0,4.0,2.2,,11.9,267.0,1023.1,,12.8,,,,,2025-12-02 01:10:00
260.0,3.0,5.0,2.2,17.0,11.9,267.0,1023.0,,12.8,,,,,2025-12-02 01:20:00
260.0,3.0,5.0,,,,,1023.0,,12.8,,,,,2025-12-02 01:30:00
250.0,4.0,6.0,,,,,1022.9,,12.8,,,,,2025-12-02 01:40:00
250.0,4.0,6.0,1.9,17.0,11.5,282.0,1022.8,,12.8,,,,,2025-12-02 01:50:00
260.0,3.0,5.0,,,,,1023.1,,12.8,,,-0.3,,2025-12-02 02:00:00
260.0,4.0,5.0,2.4,,12.5,269.0,1023.0,,12.8,,,,,2025-12-02 02:10:00
260.0,3.0,5.0,2.4,17.0,12.5,269.0,1023.0,,12.8,,,,,2025-12-02 02:20:00
260.0,3.0,5.0,,,,,1023.1,,12.8,,,,,2025-12-02 02:30:00
260.0,4.0,5.0,,,,,1022.9,,12.8,,,,,2025-12-02 02:40:00
260.0,4.0,5.0,2.2,17.0,11.9,271.0,1022.8,,12.8,,,,,2025-12-02 02:50:00
250.0,4.0,6.0,,,,,1022.9,,12.8,,,-0.6,,2025-12-02 03:00:00
260.0,5.0,6.0,1.9,,10.9,278.0,1022.8,,12.8,,,,,2025-12-02 03:10:00
250.0,5.0,6.0,1.9,17.0,10.9,278.0,1023.1,,12.8,,,,,2025-12-02 03:20:00
250.0,5.0,6.0,,,,,1022.7,,12.8,,,,,2025-12-02 03:30:00
250.0,6.0,7.0,,,,,1022.7,,12.8,,,,,2025-12-02 03:40:00
260.0,6.0,7.0,1.8,17.0,10.5,271.0,1022.7,,12.8,,,,,2025-12-02 03:50:00
260.0,7.0,8.0,,,,,1022.7,,12.8,,,-0.5,,2025-12-02 04:00:00
270.0,7.0,8.0,,,,,1022.6,,12.8,,,,,2025-12-02 04:10:00
260.0,7.0,8.0,1.7,17.0,9.2,266.0,1022.8,,12.8,,,,,2025-12-02 04:20:00
260.0,6.0,8.0,,,,,1022.6,,12.8,,,,,2025-12-02 04:30:00
270.0,6.0,8.0,,,,,1022.7,,12.8,,,,,2025-12-02 04:40:00
270.0,7.0,8.0,2.0,17.0,9.6,273.0,1022.8,,12.8,,,,,2025-12-02 04:50:00
260.0,7.0,9.0,,,,,1022.6,,12.8,,,-0.5,,2025-12-02 05:00:00
270.0,7.0,9.0,1.9,,9.1,272.0,1022.6,,12.8,,,,,2025-12-02 05:10:00
260.0,7.0,9.0,1.9,17.0,9.1,272.0,1022.5,,12.8,,,,,2025-12-02 05:20:00
270.0,7.0,9.0,,,,,1022.5,,12.8,,,,,2025-12-02 05:30:00
270.0,7.0,9.0,,,,,1022.7,,12.8,,,,,2025-12-02 05:40:00
270.0,8.0,9.0,2.2,17.0,9.1,279.0,1022.8,,12.8,,,,,2025-12-02 05:50:00
270.0,7.0,9.0,,,,,1022.9,,12.8,,,-0.0,,2025-12-02 06:00:00
290.0,8.0,11.0,2.1,,9.0,284.0,1022.8,,12.8,,,,,2025-12-02 06:10:00
310.0,9.0,11.0,2.1,17.0,9.0,284.0,1022.7,,12.8,,,,,2025-12-02 06:20:00
320.0,9.0,11.0,,,,,1022.8,,12.8,,,,,2025-12-02 06:30:00
320.0,9.0,11.0,,,,,1022.9,,12.8,,,,,2025-12-02 06:40:00
320.0,9.0,11.0,2.1,17.0,7.7,283.0,1022.9,,12.8,,,,,2025-12-02 06:50:00
320.0,9.0,10.0,,,,,1023.0,,12.8,,,0.3,,2025-12-02 07:00:00
320.0,9.0,10.0,2.1,,7.8,274.0,1023.0,,12.8,,,,,2025-12-02 07:10:00
320.0,9.0,11.0,2.1,17.0,7.8,274.0,1023.0,,12.8,,,,,2025-12-02 07:20:00
320.0,9.0,11.0,,,,,1023.1,,12.8,,,,,2025-12-02 07:30:00
320.0,9.0,10.0,1.9,,6.6,300.0,1023.1,,12.8,,,,,2025-12-02 07:40:00
320.0,9.0,11.0,1.9,17.0,6.6,300.0,1023.2,,12.8,,,,,2025-12-02 07:50:00
330.0,9.0,12.0,,,,,1023.2,,12.8,,,0.6,,2025-12-02 08:00:00
330.0,9.0,11.0,2.3,,7.4,280.0,1023.1,,12.8,,,,,2025-12-02 08:10:00
330.0,9.0,11.0,2.3,17.0,7.4,280.0,1023.1,,12.8,,,,,2025-12-02 08:20:00
330.0,9.0,11.0,,,,,1023.1,,12.8,,,,,2025-12-02 08:30:00
340.0,9.0,11.0,2.1,,7.1,289.0,1023.0,,12.8,,,,,2025-12-02 08:40:00
340.0,9.0,11.0,2.1,17.0,7.1,289.0,1023.0,,12.8,,,,,2025-12-02 08:50:00
330.0,9.0,11.0,,,,,1023.2,,12.8,,,0.3,,2025-12-02 09:00:00
330.0,9.0,11.0,,,,,1023.2,,12.8,,,,,2025-12-02 09:10:00
330.0,9.0,11.0,2.5,17.0,7.9,296.0,1023.2,,12.8,,,,,2025-12-02 09:20:00
340.0,8.0,10.0,,,,,1023.2,,12.8,,,,,2025-12-02 09:30:00
330.0,9.0,11.0,,,,,1023.1,,12.8,,,,,2025-12-02 09:40:00
330.0,9.0,11.0,2.3,16.0,7.1,284.0,1023.1,,12.8,,,,,2025-12-02 09:50:00
330.0,9.0,11.0,,,,,1023.1,,12.8,,,0.0,,2025-12-02 10:00:00
330.0,9.0,11.0,,,,,1023.1,,12.8,,,,,2025-12-02 10:10:00
330.0,8.0,10.0,2.3,16.0,6.9,302.0,1023.3,,12.8,,,,,2025-12-02 10:20:00
330.0,9.0,11.0,,,,,1023.4,,12.8,,,,,2025-12-02 10:30:00
320.0,9.0,11.0,,,,,1023.6,,12.8,,,,,2025-12-02 10:40:00
330.0,8.0,10.0,2.6,16.0,8.2,289.0,1023.6,,12.8,,,,,2025-12-02 10:50:00
330.0,8.0,11.0,,,,,1023.6,,12.8,,,0.4,,2025-12-02 11:00:00
330.0,8.0,10.0,,,,,1023.6,,12.9,,,,,2025-12-02 11:10:00
330.0,9.0,12.0,2.3,16.0,7.2,290.0,1023.5,,12.9,,,,,2025-12-02 11:20:00
330.0,9.0,11.0,,,,,1023.5,,12.9,,,,,2025-12-02 11:30:00
330.0,8.0,11.0,,,,,1023.5,,12.9,,,,,2025-12-02 11:40:00
330.0,9.0,11.0,2.5,16.0,7.6,269.0,1023.5,,12.9,,,,,2025-12-02 11:50:00
340.0,9.0,11.0,,,,,1023.5,,12.9,,,0.3,,2025-12-02 12:00:00
340.0,9.0,11.0,2.4,,7.3,284.0,1023.6,,12.9,,,,,2025-12-02 12:10:00
330.0,9.0,12.0,2.4,16.0,7.3,284.0,1023.7,,12.9,,,,,2025-12-02 12:20:00
330.0,9.0,12.0,,,,,1023.9,,12.9,,,,,2025-12-02 12:30:00
330.0,9.0,11.0,,,,,1023.9,,12.9,,,,,2025-12-02 12:40:00
330.0,9.0,12.0,2.7,15.0,8.2,271.0,1023.8,,12.9,,,,,2025-12-02 12:50:00
340.0,9.0,11.0,,,,,1023.8,,12.9,,,0.7,,2025-12-02 13:00:00
340.0,9.0,11.0,2.7,,8.0,281.0,1023.7,,12.9,,,,,2025-12-02 13:10:00
340.0,9.0,12.0,2.7,16.0,8.0,281.0,1023.7,,12.9,,,,,2025-12-02 13:20:00
340.0,9.0,11.0,,,,,1023.7,,12.9,,,,,2025-12-02 13:30:00
330.0,10.0,11.0,,,,,1023.8,,12.9,,,,,2025-12-02 13:40:00
330.0,9.0,11.0,2.7,16.0,8.2,275.0,1023.8,,12.9,,,,,2025-12-02 13:50:00
330.0,9.0,11.0,,,,,1023.8,,12.8,,,0.0,,2025-12-02 14:00:00
330.0,9.0,12.0,2.6,,7.7,292.0,1023.6,,12.8,,,,,2025-12-02 14:10:00
330.0,8.0,10.0,2.6,16.0,7.7,292.0,1023.6,,12.9,,,,,2025-12-02 14:20:00
330.0,9.0,10.0,,,,,1023.7,,12.8,,,,,2025-12-02 14:30:00
340.0,9.0,11.0,,,,,1023.7,,12.8,,,,,2025-12-02 14:40:00
340.0,9.0,11.0,2.8,16.0,7.9,286.0,1023.8,,12.8,,,,,2025-12-02 14:50:00
340.0,9.0,11.0,,,,,1023.9,,12.8,,,0.4,,2025-12-02 15:00:00
340.0,9.0,11.0,2.8,,7.8,291.0,1024.1,,12.8,,,,,2025-12-02 15:10:00
340.0,8.0,10.0,2.8,16.0,7.8,291.0,1024.1,,12.8,,,,,2025-12-02 15:20:00
340.0,9.0,11.0,,,,,1024.0,,12.8,,,,,2025-12-02 15:30:00
340.0,9.0,12.0,2.8,,7.9,271.0,1024.2,,12.8,,,,,2025-12-02 15:40:00
330.0,9.0,12.0,2.8,16.0,7.9,271.0,1024.4,,12.8,,,,,2025-12-02 15:50:00
340.0,9.0,12.0,,,,,1024.5,,12.8,,,0.7,,2025-12-02 16:00:00
330.0,8.0,10.0,2.8,,8.0,268.0,1024.6,,12.8,,,,,2025-12-02 16:10:00
340.0,8.0,10.0,2.8,15.0,8.0,268.0,1024.6,,12.8,,,,,2025-12-02 16:20:00
340.0,9.0,10.0,,,,,1024.6,,12.8,,,,,2025-12-02 16:30:00
350.0,9.0,13.0,,,,,1024.8,,12.8,,,,,2025-12-02 16:40:00
350.0,8.0,10.0,2.8,15.0,7.8,280.0,1024.6,,12.9,,,,,2025-12-02 16:50:00
350.0,8.0,10.0,,,,,1024.7,,12.9,,,0.9,,2025-12-02 17:00:00
350.0,8.0,10.0,3.3,,8.4,285.0,1024.8,,12.8,,,,,2025-12-02 17:10:00
350.0,8.0,10.0,3.3,14.0,8.4,285.0,1024.9,,12.9,,,,,2025-12-02 17:20:00
350.0,8.0,11.0,,,,,1025.0,,12.9,,,,,2025-12-02 17:30:00
350.0,8.0,10.0,3.5,,8.9,273.0,1025.0,,12.9,,,,,2025-12-02 17:40:00
350.0,8.0,10.0,3.5,15.0,8.9,273.0,1024.9,,12.9,,,,,2025-12-02 17:50:00
350.0,8.0,10.0,,,,,1025.1,,12.9,,,1.2,,2025-12-02 18:00:00
340.0,8.0,10.0,,,,,1025.1,,12.9,,,,,2025-12-02 18:10:00
350.0,8.0,9.0,3.4,15.0,9.0,277.0,1025.1,,12.9,,,,,2025-12-02 18:20:00
350.0,7.0,9.0,,,,,1025.2,,12.9,,,,,2025-12-02 18:30:00
340.0,8.0,9.0,,,,,1025.2,,12.8,,,,,2025-12-02 18:40:00
340.0,7.0,9.0,3.6,14.0,8.9,273.0,1025.3,,12.8,,,,,2025-12-02 18:50:00
350.0,7.0,9.0,,,,,1025.4,,12.8,,,0.9,,2025-12-02 19:00:00
360.0,7.0,9.0,3.3,,8.6,269.0,1025.3,,12.8,,,,,2025-12-02 19:10:00
350.0,7.0,9.0,3.3,15.0,8.6,269.0,1025.4,,12.8,,,,,2025-12-02 19:20:00
350.0,7.0,9.0,,,,,1025.4,,12.8,,,,,2025-12-02 19:30:00
350.0,7.0,9.0,,,,,1025.4,,12.8,,,,,2025-12-02 19:40:00
340.0,7.0,9.0,3.5,15.0,8.8,272.0,1025.4,,12.8,,,,,2025-12-02 19:50:00
350.0,7.0,8.0,,,,,1025.4,,12.8,,,0.7,,2025-12-02 20:00:00
350.0,7.0,9.0,3.4,,8.6,278.0,1025.5,,12.8,,,,,2025-12-02 20:10:00
350.0,7.0,8.0,3.4,15.0,8.6,278.0,1025.6,,12.8,,,,,2025-12-02 20:20:00
350.0,6.0,8.0,,,,,1025.5,,12.8,,,,,2025-12-02 20:30:00
350.0,6.0,8.0,,,,,1025.5,,12.8,,,,,2025-12-02 20:40:00
350.0,7.0,10.0,3.4,15.0,9.0,278.0,1025.4,,12.8,,,,,2025-12-02 20:50:00
350.0,6.0,8.0,,,,,1025.3,,12.8,,,0.0,,2025-12-02 21:00:00
350.0,6.0,8.0,3.1,,8.3,276.0,1025.4,,12.8,,,,,2025-12-02 21:10:00
350.0,6.0,8.0,3.1,14.0,8.3,276.0,1025.5,,12.8,,,,,2025-12-02 21:20:00
340.0,6.0,8.0,,,,,1025.5,,12.8,,,,,2025-12-02 21:30:00
330.0,6.0,9.0,,,,,1025.6,,12.8,,,,,2025-12-02 21:40:00
360.0,7.0,9.0,3.2,15.0,8.6,279.0,1025.6,,12.8,,,,,2025-12-02 21:50:00
360.0,7.0,8.0,,,,,1025.6,,,,,-0.0,,2025-12-02 22:00:00
360.0,6.0,8.0,2.8,,8.0,268.0,1025.5,,12.8,,,,,2025-12-02 22:10:00
350.0,7.0,9.0,2.8,16.0,8.0,268.0,1025.6,,12.8,,,,,2025-12-02 22:20:00
360.0,6.0,8.0,,,,,1025.5,,12.8,,,,,2025-12-02 22:30:00
350.0,7.0,9.0,,,,,1025.6,,12.8,,,,,2025-12-02 22:40:00
350.0,7.0,8.0,3.3,15.0,8.7,274.0,1025.7,,12.8,,,,,2025-12-02 22:50:00
360.0,6.0,8.0,,,,,1025.8,,12.8,,,0.4,,2025-12-02 23:00:00
360.0,6.0,7.0,,,,,1025.7,,12.8,,,,,2025-12-02 23:10:00
350.0,5.0,6.0,2.7,15.0,7.6,278.0,1025.7,,12.8,,,,,2025-12-02 23:20:00
330.0,6.0,7.0,,,,,1025.8,,12.8,,,,,2025-12-02 23:40:00
330.0,5.0,7.0,2.8,16.0,8.1,291.0,1025.8,,12.8,,,,,2025-12-02 23:50:00
340.0,6.0,7.0,,,,,1025.7,,12.8,,,0.4,,2025-12-03 00:00:00
350.0,6.0,7.0,3.0,,8.1,284.0,1025.8,,12.8,,,,,2025-12-03 00:10:00
10.0,6.0,8.0,3.0,16.0,8.1,284.0,1025.9,,12.8,,,,,2025-12-03 00:20:00
360.0,5.0,6.0,,,,,1025.8,,12.8,,,,,2025-12-03 00:30:00
10.0,4.0,5.0,,,,,1025.9,,12.8,,,,,2025-12-03 00:40:00
10.0,5.0,7.0,2.9,15.0,8.8,275.0,1025.9,,12.8,,,,,2025-12-03 00:50:00
10.0,5.0,7.0,,,,,1025.9,,12.8,,,0.3,,2025-12-03 01:00:00
360.0,6.0,8.0,,,,,1026.0,,12.8,,,,,2025-12-03 01:10:00
360.0,6.0,7.0,2.5,14.0,7.9,282.0,1026.0,,12.9,,,,,2025-12-03 01:20:00
360.0,5.0,7.0,,,,,1026.0,,12.9,,,,,2025-12-03 01:30:00
10.0,5.0,7.0,,,,,1026.1,,12.9,,,,,2025-12-03 01:40:00
360.0,5.0,6.0,2.3,14.0,7.8,281.0,1026.1,,12.9,,,,,2025-12-03 01:50:00
350.0,6.0,8.0,,,,,1026.1,,12.9,,,0.3,,2025-12-03 02:00:00
350.0,5.0,7.0,2.7,,8.5,280.0,1026.1,,12.8,,,,,2025-12-03 02:10:00
350.0,4.0,5.0,2.7,15.0,8.5,280.0,1026.0,,12.8,,,,,2025-12-03 02:20:00
360.0,5.0,6.0,,,,,1026.1,,12.8,,,,,2025-12-03 02:30:00
350.0,5.0,7.0,,,,,1026.0,,12.8,,,,,2025-12-03 02:40:00
360.0,6.0,7.0,2.6,15.0,8.5,272.0,1026.1,,12.8,,,,,2025-12-03 02:50:00
360.0,6.0,7.0,,,,,1026.1,,12.8,,,0.4,,2025-12-03 03:00:00
350.0,6.0,7.0,,,,,1026.0,,12.8,,,,,2025-12-03 03:10:00
360.0,5.0,6.0,2.6,15.0,8.4,286.0,1026.2,,12.8,,,,,2025-12-03 03:20:00
360.0,5.0,6.0,,,,,1026.3,,12.8,,,,,2025-12-03 03:30:00
360.0,6.0,8.0,,,,,1026.4,,12.8,,,,,2025-12-03 03:40:00
20.0,5.0,7.0,2.3,15.0,8.1,282.0,1026.5,,12.8,,,,,2025-12-03 03:50:00
360.0,4.0,5.0,,,,,1026.4,,12.8,,,0.5,,2025-12-03 04:00:00
10.0,4.0,5.0,2.5,,8.6,290.0,1026.3,,12.8,,,,,2025-12-03 04:10:00
10.0,4.0,5.0,2.5,15.0,8.6,290.0,1026.3,,12.8,,,,,2025-12-03 04:20:00
10.0,4.0,5.0,,,,,1026.2,,12.8,,,,,2025-12-03 04:30:00
360.0,4.0,5.0,,,,,1026.3,,12.8,,,,,2025-12-03 04:40:00
10.0,3.0,5.0,2.3,15.0,8.7,268.0,1026.4,,12.8,,,,,2025-12-03 04:50:00
10.0,4.0,5.0,,,,,1026.6,,12.8,,,0.5,,2025-12-03 05:00:00
360.0,4.0,5.0,,,,,1026.5,,12.8,,,,,2025-12-03 05:10:00
10.0,4.0,5.0,2.4,14.0,9.0,277.0,1026.5,,12.8,,,,,2025-12-03 05:20:00
10.0,3.0,6.0,,,,,1026.5,,12.8,,,,,2025-12-03 05:30:00
10.0,4.0,6.0,,,,,1026.4,,12.8,,,,,2025-12-03 05:40:00
350.0,4.0,5.0,2.2,14.0,8.4,279.0,1026.4,,12.8,,,,,2025-12-03 05:50:00
350.0,3.0,5.0,,,,,1026.5,,12.8,,,0.4,,2025-12-03 06:00:00
340.0,4.0,5.0,2.4,,8.8,273.0,1026.6,,,,,,,2025-12-03 06:10:00
330.0,4.0,5.0,2.4,15.0,8.8,273.0,1026.6,,12.8,,,,,2025-12-03 06:20:00
330.0,3.0,4.0,,,,,1026.4,,12.8,,,,,2025-12-03 06:30:00
340.0,3.0,4.0,,,,,1026.3,,12.8,,,,,2025-12-03 06:40:00
350.0,2.0,3.0,2.8,13.0,9.6,281.0,1026.5,,12.8,,,,,2025-12-03 06:50:00
340.0,3.0,5.0,,,,,1026.8,,12.8,,,0.4,,2025-12-03 07:00:00
340.0,4.0,5.0,2.5,,9.4,283.0,1026.9,,12.8,,,,,2025-12-03 07:10:00
330.0,4.0,6.0,2.5,13.0,9.4,283.0,1027.1,,12.8,,,,,2025-12-03 07:20:00
330.0,4.0,6.0,,,,,1027.0,,12.8,,,,,2025-12-03 07:30:00
330.0,4.0,5.0,,,,,1026.9,,12.8,,,,,2025-12-03 07:40:00
340.0,4.0,6.0,2.4,14.0,9.3,284.0,1026.7,,12.8,,,,,2025-12-03 07:50:00
10.0,5.0,6.0,,,,,1026.9,,12.8,,,0.3,,2025-12-03 08:00:00
360.0,4.0,5.0,2.9,,9.9,269.0,1026.8,,12.8,,,,,2025-12-03 08:10:00
10.0,4.0,4.0,2.9,14.0,9.9,269.0,1026.7,,12.8,,,,,2025-12-03 08:20:00
360.0,4.0,5.0,,,,,1026.9,,12.8,,,,,2025-12-03 08:30:00
360.0,3.0,5.0,,,,,1026.9,,12.8,,,,,2025-12-03 08:40:00
340.0,3.0,4.0,2.5,14.0,8.9,271.0,1027.0,,12.8,,,,,2025-12-03 08:50:00
330.0,3.0,5.0,,,,,1026.9,,12.8,,,0.4,,2025-12-03 09:00:00
330.0,4.0,5.0,,,,,1026.9,,12.8,,,,,2025-12-03 09:10:00
340.0,4.0,5.0,2.7,14.0,9.6,275.0,1026.8,,12.8,,,,,2025-12-03 09:20:00
330.0,4.0,5.0,,,,,1026.8,,12.8,,,,,2025-12-03 09:30:00
330.0,4.0,5.0,,,,,1026.4,,12.8,,,,,2025-12-03 09:40:00
330.0,4.0,5.0,2.7,13.0,9.9,272.0,1026.4,,12.8,,,,,2025-12-03 09:50:00
330.0,4.0,5.0,,,,,1026.6,,12.8,,,0.0,,2025-12-03 10:00:00
340.0,3.0,5.0,,,,,1026.6,,,,,,,2025-12-03 10:10:00
330.0,4.0,5.0,2.8,13.0,9.6,277.0,1026.8,,12.8,,,,,2025-12-03 10:20:00
330.0,4.0,5.0,,,,,1026.8,,12.8,,,,,2025-12-03 10:30:00
350.0,4.0,5.0,,,,,1027.0,,12.8,,,,,2025-12-03 10:40:00
340.0,4.0,4.0,2.6,14.0,9.5,276.0,1027.0,,12.8,,,,,2025-12-03 10:50:00
360.0,3.0,4.0,,,,,1026.7,,12.8,,,0.0,,2025-12-03 11:00:00
10.0,3.0,5.0,2.6,,9.2,283.0,1026.6,,12.8,,,,,2025-12-03 11:10:00
10.0,3.0,4.0,2.6,15.0,9.2,283.0,1026.6,,12.8,,,,,2025-12-03 11:20:00
10.0,3.0,4.0,,,,,1026.7,,12.8,,,,,2025-12-03 11:30:00
10.0,4.0,5.0,,,,,1026.5,,12.8,,,,,2025-12-03 11:40:00
360.0,4.0,5.0,2.6,13.0,9.5,281.0,1026.8,,12.8,,,,,2025-12-03 11:50:00
350.0,4.0,5.0,,,,,1026.9,,12.8,,,-0.0,,2025-12-03 12:00:00
340.0,4.0,5.0,2.6,,9.5,272.0,1026.8,,12.8,,,,,2025-12-03 12:10:00
350.0,4.0,5.0,2.6,14.0,9.5,272.0,1026.9,,12.8,,,,,2025-12-03 12:20:00
340.0,4.0,5.0,,,,,1027.1,,12.8,,,,,2025-12-03 12:30:00
350.0,4.0,5.0,,,,,1026.7,,12.8,,,,,2025-12-03 12:40:00
340.0,4.0,5.0,2.8,13.0,9.6,277.0,1026.9,,12.8,,,,,2025-12-03 12:50:00
340.0,3.0,5.0,,,,,1026.6,,12.8,,,0.0,,2025-12-03 13:00:00
360.0,3.0,4.0,2.5,,9.2,279.0,1026.5,,12.8,,,,,2025-12-03 13:10:00
20.0,3.0,4.0,2.5,14.0,9.2,279.0,1026.4,,12.8,,,,,2025-12-03 13:20:00
30.0,3.0,4.0,,,,,1026.6,,12.8,,,,,2025-12-03 13:30:00
30.0,3.0,5.0,,,,,1026.6,,12.8,,,,,2025-12-03 13:40:00
30.0,3.0,3.0,2.4,14.0,8.9,269.0,1026.7,,12.8,,,,,2025-12-03 13:50:00
360.0,3.0,4.0,,,,,1026.9,,12.8,,,-0.0,,2025-12-03 14:00:00
340.0,3.0,5.0,,,,,1027.1,,12.8,,,,,2025-12-03 14:10:00
350.0,4.0,6.0,2.3,14.0,8.9,263.0,1027.2,,12.8,,,,,2025-12-03 14:20:00
350.0,4.0,5.0,,,,,1027.2,,12.8,,,,,2025-12-03 14:30:00
340.0,4.0,5.0,,,,,1027.2,,12.8,,,,,2025-12-03 14:40:00
340.0,3.0,5.0,2.3,14.0,8.9,278.0,1027.1,,12.8,,,,,2025-12-03 14:50:00
340.0,3.0,4.0,,,,,1027.0,,12.8,,,-0.0,,2025-12-03 15:00:00
360.0,2.0,4.0,2.4,,9.3,273.0,1026.9,,12.8,,,,,2025-12-03 15:10:00
360.0,2.0,3.0,2.4,13.0,9.3,273.0,1027.0,,12.8,,,,,2025-12-03 15:20:00
360.0,2.0,3.0,,,,,1027.1,,12.8,,,,,2025-12-03 15:30:00
340.0,2.0,3.0,,,,,1026.9,,12.8,,,,,2025-12-03 15:40:00
350.0,2.0,3.0,2.1,13.0,8.5,276.0,1026.8,,12.8,,,,,2025-12-03 15:50:00
360.0,2.0,3.0,,,,,1026.8,,12.8,,,0.0,,2025-12-03 16:00:00
10.0,2.0,3.0,2.2,,9.0,277.0,1026.5,,12.8,,,,,2025-12-03 16:10:00
20.0,1.0,2.0,2.2,14.0,9.0,277.0,1026.8,,12.8,,,,,2025-12-03 16:20:00
340.0,1.0,2.0,,,,,1026.7,,12.8,,,,,2025-12-03 16:30:00
340.0,1.0,2.0,,,,,1026.8,,12.8,,,,,2025-12-03 16:40:00
340.0,1.0,2.0,2.1,14.0,8.8,283.0,1026.7,,12.8,,,,,2025-12-03 16:50:00
320.0,1.0,2.0,,,,,1026.6,,12.8,,,-0.3,,2025-12-03 17:00:00
320.0,1.0,2.0,,,,,1026.9,,12.8,,,,,2025-12-03 17:10:00
320.0,2.0,3.0,2.2,14.0,9.3,282.0,1027.2,,12.8,,,,,2025-12-03 17:20:00
330.0,2.0,3.0,,,,,1027.0,,12.8,,,,,2025-12-03 17:30:00
310.0,2.0,3.0,,,,,1026.6,,12.8,,,,,2025-12-03 17:40:00
330.0,1.0,2.0,2.1,11.0,8.8,272.0,1026.8,,12.8,,,,,2025-12-03 17:50:00
350.0,2.0,3.0,,,,,1027.0,,12.8,,,-0.0,,2025-12-03 18:00:00
350.0,2.0,3.0,2.0,,9.2,282.0,1027.1,,12.8,,,,,2025-12-03 18:10:00
360.0,1.0,2.0,2.0,14.0,9.2,282.0,1027.0,,12.8,,,,,2025-12-03 18:20:00
40.0,1.0,2.0,,,,,1027.0,,12.8,,,,,2025-12-03 18:30:00
30.0,2.0,3.0,,,,,1027.1,,12.8,,,,,2025-12-03 18:40:00
40.0,2.0,3.0,2.0,14.0,9.1,286.0,1027.0,,12.8,,,,,2025-12-03 18:50:00
40.0,1.0,2.0,,,,,1026.9,,12.8,,,0.0,,2025-12-03 19:00:00
,0.0,1.0,,,,,1026.9,,12.8,,,,,2025-12-03 19:10:00
,0.0,2.0,1.9,14.0,9.1,267.0,1026.9,,12.8,,,,,2025-12-03 19:20:00
40.0,1.0,2.0,,,,,1026.7,,12.8,,,,,2025-12-03 19:30:00
40.0,1.0,1.0,,,,,1026.8,,12.8,,,,,2025-12-03 19:40:00
,0.0,1.0,2.3,14.0,10.0,276.0,1026.7,,12.8,,,,,2025-12-03 19:50:00
,0.0,0.0,,,,,1026.5,,12.8,,,0.0,,2025-12-03 20:00:00
,0.0,0.0,2.0,,9.6,281.0,1026.5,,12.8,,,,,2025-12-03 20:10:00
,0.0,1.0,2.0,13.0,9.6,281.0,1026.6,,12.8,,,,,2025-12-03 20:20:00
,0.0,2.0,,,,,1026.8,,12.8,,,,,2025-12-03 20:30:00
300.0,1.0,2.0,,,,,1026.7,,12.8,,,,,2025-12-03 20:40:00
270.0,1.0,2.0,2.0,14.0,9.5,279.0,1026.6,,12.8,,,,,2025-12-03 20:50:00
280.0,1.0,2.0,,,,,1026.6,,12.8,,,-0.4,,2025-12-03 21:00:00
290.0,1.0,2.0,,,,,1026.8,,12.8,,,,,2025-12-03 21:10:00
300.0,1.0,2.0,1.8,12.0,9.2,278.0,1026.6,,12.8,,,,,2025-12-03 21:20:00
,0.0,1.0,,,,,1026.6,,12.8,,,,,2025-12-03 21:30:00
280.0,1.0,2.0,1.9,,9.6,262.0,1026.7,,12.8,,,,,2025-12-03 21:40:00
280.0,1.0,2.0,1.9,14.0,9.6,262.0,1026.6,,12.8,,,,,2025-12-03 21:50:00
290.0,1.0,2.0,,,,,1026.6,,12.8,,,-0.3,,2025-12-03 22:00:00
300.0,2.0,3.0,,,,,1026.6,,12.8,,,,,2025-12-03 22:10:00
310.0,1.0,2.0,1.9,13.0,9.5,274.0,1026.7,,12.8,,,,,2025-12-03 22:20:00
310.0,2.0,3.0,,,,,1026.7,,12.8,,,,,2025-12-03 22:30:00
310.0,2.0,4.0,,,,,1026.8,,,,,,,2025-12-03 22:40:00
300.0,1.0,2.0,2.2,14.0,10.1,265.0,1026.7,,12.8,,,,,2025-12-03 22:50:00
300.0,2.0,3.0,,,,,1026.9,,12.8,,,0.4,,2025-12-03 23:00:00
300.0,2.0,3.0,1.7,,8.9,276.0,1027.1,,12.8,,,,,2025-12-03 23:10:00
300.0,2.0,3.0,1.7,13.0,8.9,276.0,1027.1,,12.8,,,,,2025-12-03 23:20:00
310.0,2.0,4.0,1.9,,9.1,262.0,1027.3,,12.8,,,,,2025-12-03 23:40:00
300.0,2.0,4.0,1.9,12.0,9.1,262.0,1027.2,,12.8,,,,,2025-12-03 23:50:00
310.0,2.0,4.0,,,,,1027.0,,12.8,,,0.4,,2025-12-04 00:00:00
290.0,3.0,4.0,2.0,,9.5,277.0,1027.0,,12.8,,,,,2025-12-04 00:10:00
300.0,2.0,4.0,2.0,13.0,9.5,277.0,1026.9,,12.8,,,,,2025-12-04 00:20:00
350.0,2.0,3.0,,,,,1027.1,,12.8,,,,,2025-12-04 00:30:00
350.0,1.0,3.0,,,,,1026.9,,12.8,,,,,2025-12-04 00:40:00
,0.0,2.0,1.6,13.0,9.1,281.0,1026.9,,12.8,,,,,2025-12-04 00:50:00
,0.0,1.0,,,,,1027.0,,12.8,,,0.4,,2025-12-04 01:00:00
,0.0,1.0,,,,,1027.0,,12.8,,,,,2025-12-04 01:10:00
,0.0,1.0,1.7,11.0,8.8,268.0,1027.1,,12.8,,,,,2025-12-04 01:20:00
,0.0,1.0,,,,,1027.3,,12.8,,,,,2025-12-04 01:30:00
,0.0,1.0,,,,,1027.1,,12.8,,,,,2025-12-04 01:40:00
,0.0,1.0,1.9,13.0,9.2,274.0,1027.1,,12.8,,,,,2025-12-04 01:50:00
,0.0,1.0,,,,,1027.2,,12.8,,,0.3,,2025-12-04 02:00:00
,0.0,1.0,2.0,,9.6,281.0,1027.3,,12.8,,,,,2025-12-04 02:10:00
,0.0,1.0,2.0,12.0,9.6,281.0,1027.3,,12.8,,,,,2025-12-04 02:20:00
,0.0,0.0,,,,,1027.3,,12.8,,,,,2025-12-04 02:30:00
,0.0,2.0,,,,,1027.2,,12.8,,,,,2025-12-04 02:40:00
,0.0,1.0,1.9,12.0,9.2,285.0,1027.1,,12.8,,,,,2025-12-04 02:50:00
,0.0,1.0,,,,,1027.0,,12.8,,,0.0,,2025-12-04 03:00:00
150.0,1.0,2.0,,,,,1027.0,,12.8,,,,,2025-12-04 03:10:00
170.0,1.0,2.0,1.8,11.0,8.9,282.0,1027.1,,12.8,,,,,2025-12-04 03:20:00
190.0,1.0,2.0,,,,,1027.1,,12.8,,,,,2025-12-04 03:30:00
190.0,1.0,2.0,,,,,1027.0,,12.8,,,,,2025-12-04 03:40:00
200.0,2.0,2.0,1.8,13.0,9.2,267.0,1026.9,,12.8,,,,,2025-12-04 03:50:00
200.0,2.0,2.0,,,,,1026.9,,12.8,,,0.0,,2025-12-04 04:00:00
200.0,2.0,3.0,,,,,1026.9,,12.8,,,,,2025-12-04 04:10:00
200.0,2.0,2.0,1.8,12.0,9.1,273.0,1027.0,,12.8,,,,,2025-12-04 04:20:00
190.0,2.0,3.0,,,,,1027.0,,12.8,,,,,2025-12-04 04:30:00
190.0,2.0,3.0,,,,,1027.0,,12.8,,,,,2025-12-04 04:40:00
190.0,2.0,3.0,1.7,11.0,8.6,268.0,1026.9,,12.8,,,,,2025-12-04 04:50:00
200.0,3.0,3.0,,,,,1026.8,,12.8,,,-0.4,,2025-12-04 05:00:00
200.0,3.0,4.0,1.7,,8.9,281.0,1026.8,,12.8,,,,,2025-12-04 05:10:00
210.0,3.0,4.0,1.7,11.0,8.9,281.0,1026.6,,12.8,,,,,2025-12-04 05:20:00
200.0,3.0,4.0,,,,,1026.6,,12.8,,,,,2025-12-04 05:30:00
210.0,4.0,5.0,1.8,,9.0,276.0,1026.5,,12.8,,,,,2025-12-04 05:40:00
210.0,3.0,4.0,1.8,11.0,9.0,276.0,1026.3,,12.8,,,,,2025-12-04 05:50:00
210.0,4.0,4.0,,,,,1026.3,,12.8,,,-0.7,,2025-12-04 06:00:00
210.0,4.0,4.0,1.8,,8.8,276.0,1026.4,,12.8,,,,,2025-12-04 06:10:00
210.0,3.0,4.0,1.8,11.0,8.8,276.0,1026.4,,12.8,,,,,2025-12-04 06:20:00
220.0,3.0,4.0,,,,,1026.4,,12.8,,,,,2025-12-04 06:30:00
220.0,3.0,4.0,,,,,1026.5,,12.8,,,,,2025-12-04 06:40:00
210.0,3.0,5.0,1.6,11.0,8.6,271.0,1026.5,,12.8,,,,,2025-12-04 06:50:00
210.0,3.0,4.0,,,,,1026.5,,12.8,,,-0.4,,2025-12-04 07:00:00
220.0,4.0,4.0,1.5,,8.8,276.0,1026.5,,12.8,,,,,2025-12-04 07:10:00
220.0,4.0,5.0,1.5,11.0,8.8,276.0,1026.6,,12.8,,,,,2025-12-04 07:20:00
220.0,4.0,5.0,,,,,1026.6,,12.8,,,,,2025-12-04 07:30:00
220.0,4.0,5.0,,,,,1026.6,,12.8,,,,,2025-12-04 07:40:00
220.0,4.0,5.0,1.5,12.0,8.8,288.0,1026.6,,12.8,,,,,2025-12-04 07:50:00
220.0,4.0,6.0,,,,,1026.5,,12.8,,,-0.3,,2025-12-04 08:00:00
220.0,5.0,5.0,,,,,1026.4,,12.8,,,,,2025-12-04 08:10:00
230.0,5.0,5.0,1.4,11.0,8.3,280.0,1026.4,,12.8,,,,,2025-12-04 08:20:00
220.0,4.0,6.0,,,,,1026.4,,12.8,,,,,2025-12-04 08:30:00
230.0,5.0,6.0,,,,,1026.3,,12.7,,,,,2025-12-04 08:40:00
220.0,5.0,6.0,1.5,12.0,8.3,270.0,1026.3,,12.7,,,,,2025-12-04 08:50:00
220.0,5.0,6.0,,,,,1026.1,,12.7,,,0.0,,2025-12-04 09:00:00
220.0,5.0,6.0,,,,,1026.1,,12.7,,,,,2025-12-04 09:10:00
220.0,5.0,6.0,1.5,13.0,8.3,261.0,1026.1,,12.7,,,,,2025-12-04 09:20:00
210.0,5.0,6.0,,,,,1026.1,,12.7,,,,,2025-12-04 09:30:00
210.0,5.0,6.0,1.4,,8.1,274.0,1025.9,,12.7,,,,,2025-12-04 09:40:00
210.0,5.0,6.0,1.4,12.0,8.1,274.0,1025.8,,12.7,,,,,2025-12-04 09:50:00
210.0,5.0,6.0,,,,,1025.9,,12.7,,,-0.6,,2025-12-04 10:00:00
220.0,5.0,6.0,,,,,1026.0,,12.7,,,,,2025-12-04 10:10:00
220.0,5.0,6.0,1.4,13.0,8.2,281.0,1026.1,,12.7,,,,,2025-12-04 10:20:00
220.0,5.0,6.0,,,,,1026.1,,12.7,,,,,2025-12-04 10:30:00
220.0,5.0,6.0,,,,,1025.9,,12.7,,,,,2025-12-04 10:40:00
220.0,5.0,6.0,1.3,13.0,7.7,263.0,1025.8,,12.7,,,,,2025-12-04 10:50:00
210.0,5.0,6.0,,,,,1025.6,,12.7,,,-0.9,,2025-12-04 11:00:00
210.0,5.0,6.0,1.5,,7.9,269.0,1025.5,,12.7,,,,,2025-12-04 11:10:00
210.0,5.0,7.0,1.5,12.0,7.9,269.0,1025.5,,12.7,,,,,2025-12-04 11:20:00
210.0,6.0,7.0,,,,,1025.7,,12.6,,,,,2025-12-04 11:30:00
210.0,6.0,7.0,,,,,1025.2,,12.6,,,,,2025-12-04 11:40:00
210.0,6.0,7.0,1.3,13.0,7.8,275.0,1025.2,,12.6,,,,,2025-12-04 11:50:00
210.0,6.0,8.0,,,,,1025.0,,12.6,,,-1.1,,2025-12-04 12:00:00
200.0,6.0,8.0,1.2,,7.2,288.0,1024.8,,,,,,,2025-12-04 12:10:00
200.0,7.0,8.0,1.2,13.0,7.2,288.0,1024.8,,12.7,,,,,2025-12-04 12:20:00
210.0,7.0,8.0,,,,,1024.6,,12.7,,,,,2025-12-04 12:30:00
210.0,7.0,8.0,,,,,1024.5,,12.7,,,,,2025-12-04 12:40:00
210.0,7.0,8.0,1.3,11.0,7.2,277.0,1024.6,,12.7,,,,,2025-12-04 12:50:00
220.0,7.0,9.0,,,,,1024.5,,12.7,,,-1.4,,2025-12-04 13:00:00
220.0,8.0,10.0,,,,,1024.5,,12.7,,,,,2025-12-04 13:10:00
220.0,9.0,10.0,1.2,11.0,6.6,268.0,1024.3,,12.7,,,,,2025-12-04 13:20:00
210.0,8.0,10.0,,,,,1024.2,,12.7,,,,,2025-12-04 13:30:00
200.0,8.0,10.0,,,,,1023.8,,12.7,,,,,2025-12-04 13:40:00
200.0,8.0,10.0,1.3,12.0,6.1,268.0,1023.9,,12.6,,,,,2025-12-04 13:50:00
200.0,8.0,10.0,,,,,1023.7,,12.6,,,-1.9,,2025-12-04 14:00:00
200.0,9.0,11.0,,,,,1023.6,,12.6,,,,,2025-12-04 14:10:00
200.0,9.0,10.0,1.3,11.0,5.7,260.0,1023.6,,,,,,,2025-12-04 14:20:00
200.0,9.0,10.0,,,,,1023.5,,12.6,,,,,2025-12-04 14:30:00
190.0,8.0,10.0,,,,,1023.3,,12.6,,,,,2025-12-04 14:40:00
190.0,8.0,10.0,1.2,11.0,5.6,275.0,1023.2,,12.6,,,,,2025-12-04 14:50:00
190.0,8.0,10.0,,,,,1023.2,,12.6,,,-1.8,,2025-12-04 15:00:00
200.0,8.0,10.0,,,,,1023.4,,12.6,,,,,2025-12-04 15:10:00
200.0,8.0,9.0,1.3,12.0,5.8,279.0,1023.4,,12.6,,,,,2025-12-04 15:20:00
210.0,8.0,10.0,,,,,1023.3,,12.6,,,,,2025-12-04 15:30:00
210.0,8.0,10.0,,,,,1023.6,,12.6,,,,,2025-12-04 15:40:00
210.0,8.0,9.0,1.3,12.0,5.5,249.0,1023.4,,12.6,,,,,2025-12-04 15:50:00
210.0,8.0,9.0,,,,,1023.2,,12.6,,,-1.3,,2025-12-04 16:00:00
200.0,8.0,9.0,1.4,,5.8,265.0,1023.0,,12.6,,,,,2025-12-04 16:10:00
200.0,8.0,10.0,1.4,11.0,5.8,265.0,1023.1,,12.6,,,,,2025-12-04 16:20:00
200.0,8.0,10.0,,,,,1023.1,,12.6,,,,,2025-12-04 16:30:00
200.0,8.0,10.0,,,,,1023.1,,12.6,,,,,2025-12-04 16:40:00
210.0,8.0,10.0,1.4,11.0,5.6,267.0,1023.2,,12.6,,,,,2025-12-04 16:50:00
210.0,8.0,9.0,,,,,1023.2,,12.6,,,-0.5,,2025-12-04 17:00:00
220.0,8.0,9.0,,,,,1023.2,,12.6,,,,,2025-12-04 17:10:00
220.0,8.0,10.0,1.3,12.0,5.2,260.0,1023.0,,12.6,,,,,2025-12-04 17:20:00
220.0,8.0,9.0,,,,,1023.1,,12.6,,,,,2025-12-04 17:30:00
220.0,8.0,9.0,,,,,1023.0,,12.6,,,,,2025-12-04 17:40:00
230.0,7.0,9.0,1.4,11.0,5.4,259.0,1023.1,,12.6,,,,,2025-12-04 17:50:00
230.0,7.0,9.0,,,,,1022.8,,12.6,,,-0.4,,2025-12-04 18:00:00
220.0,7.0,8.0,1.4,,5.2,273.0,1022.8,,12.6,,,,,2025-12-04 18:10:00
230.0,7.0,9.0,1.4,11.0,5.2,273.0,1022.9,,12.6,,,,,2025-12-04 18:20:00
230.0,7.0,8.0,,,,,1022.8,,12.6,,,,,2025-12-04 18:30:00
230.0,7.0,8.0,,,,,1022.8,,12.6,,,,,2025-12-04 18:40:00
240.0,7.0,8.0,1.4,11.0,5.5,259.0,1022.8,,12.6,,,,,2025-12-04 18:50:00
240.0,7.0,8.0,,,,,1022.6,,,,,-0.6,,2025-12-04 19:00:00
240.0,6.0,7.0,1.4,,6.0,262.0,1022.5,,12.6,,,,,2025-12-04 19:10:00
250.0,6.0,8.0,1.4,11.0,6.0,262.0,1022.5,,12.6,,,,,2025-12-04 19:20:00
250.0,6.0,7.0,,,,,1022.5,,12.6,,,,,2025-12-04 19:30:00
250.0,6.0,7.0,,,,,1022.4,,12.7,,,,,2025-12-04 19:40:00
260.0,5.0,7.0,1.4,11.0,5.8,268.0,1022.4,,12.6,,,,,2025-12-04 19:50:00
260.0,5.0,6.0,,,,,1022.4,,12.7,,,-0.8,,2025-12-04 20:00:00
260.0,6.0,7.0,,,,,1022.3,,12.7,,,,,2025-12-04 20:10:00
260.0,6.0,7.0,1.3,11.0,5.6,279.0,1022.1,,12.7,,,,,2025-12-04 20:20:00
260.0,6.0,7.0,,,,,1022.1,,12.7,,,,,2025-12-04 20:30:00
260.0,6.0,7.0,,,,,1022.0,,12.7,,,,,2025-12-04 20:40:00
260.0,5.0,6.0,1.4,11.0,6.1,275.0,1021.7,,12.7,,,,,2025-12-04 20:50:00
260.0,5.0,6.0,,,,,1021.4,,12.7,,,-1.4,,2025-12-04 21:00:00
260.0,6.0,7.0,,,,,1021.5,,12.7,,,,,2025-12-04 21:10:00
260.0,6.0,7.0,1.3,11.0,6.0,281.0,1021.3,,12.7,,,,,2025-12-04 21:20:00
260.0,6.0,7.0,,,,,1021.3,,12.7,,,,,2025-12-04 21:30:00
260.0,6.0,7.0,,,,,1021.2,,12.7,,,,,2025-12-04 21:40:00
260.0,6.0,8.0,1.4,11.0,5.7,275.0,1021.2,,12.7,,,,,2025-12-04 21:50:00
260.0,7.0,8.0,,,,,1021.1,,12.7,,,-1.5,,2025-12-04 22:00:00
260.0,7.0,8.0,1.4,,5.8,286.0,1021.3,,12.7,,,,,2025-12-04 22:10:00
270.0,7.0,8.0,1.4,11.0,5.8,286.0,1021.2,,12.7,,,,,2025-12-04 22:20:00
270.0,7.0,9.0,,,,,1021.4,,12.7,,,,,2025-12-04 22:30:00
270.0,7.0,8.0,,,,,1021.6,,12.7,,,,,2025-12-04 22:40:00
270.0,7.0,8.0,1.3,11.0,5.6,275.0,1021.3,,12.7,,,,,2025-12-04 22:50:00
280.0,7.0,8.0,,,,,1021.2,,12.7,,,-1.2,,2025-12-04 23:00:00
280.0,7.0,8.0,1.4,,5.9,265.0,1021.1,,12.7,,,,,2025-12-04 23:10:00
290.0,7.0,9.0,,,,,1021.5,,12.7,,,,,2025-12-04 23:40:00
290.0,8.0,9.0,1.4,12.0,5.5,277.0,1021.6,,12.7,,,,,2025-12-04 23:50:00
290.0,8.0,9.0,,,,,1021.6,,12.7,,,-0.0,,2025-12-05 00:00:00
290.0,8.0,9.0,1.5,,5.9,283.0,1021.6,,12.7,,,,,2025-12-05 00:10:00
290.0,7.0,9.0,1.5,12.0,5.9,283.0,1021.4,,12.7,,,,,2025-12-05 00:20:00
290.0,7.0,9.0,,,,,1021.5,,12.6,,,,,2025-12-05 00:30:00
290.0,7.0,9.0,,,,,1021.6,,12.6,,,,,2025-12-05 00:40:00
290.0,7.0,9.0,1.4,12.0,5.3,288.0,1021.7,,12.6,,,,,2025-12-05 00:50:00
290.0,7.0,9.0,,,,,1021.7,,12.6,,,0.6,,2025-12-05 01:00:00
290.0,7.0,9.0,1.4,,5.4,270.0,1021.7,,12.7,,,,,2025-12-05 01:10:00
290.0,7.0,9.0,1.4,10.0,5.4,270.0,1021.7,,12.7,,,,,2025-12-05 01:20:00
290.0,7.0,9.0,,,,,1021.7,,12.7,,,,,2025-12-05 01:30:00
290.0,8.0,10.0,,,,,1021.9,,12.7,,,,,2025-12-05 01:40:00
290.0,8.0,9.0,1.5,12.0,5.4,281.0,1022.1,,12.7,,,,,2025-12-05 01:50:00
300.0,8.0,9.0,,,,,1022.1,,12.7,,,0.9,,2025-12-05 02:00:00
300.0,7.0,9.0,1.5,,5.5,277.0,1021.9,,12.7,,,,,2025-12-05 02:10:00
290.0,7.0,9.0,1.5,11.0,5.5,277.0,1022.0,,12.7,,,,,2025-12-05 02:20:00
300.0,7.0,9.0,,,,,1021.8,,12.6,,,,,2025-12-05 02:30:00
300.0,7.0,8.0,,,,,1021.5,,12.6,,,,,2025-12-05 02:40:00
290.0,6.0,8.0,1.4,12.0,5.2,268.0,1021.5,,12.6,,,,,2025-12-05 02:50:00
300.0,6.0,8.0,,,,,1021.7,,12.6,,,0.0,,2025-12-05 03:00:00
300.0,7.0,9.0,1.4,,5.5,278.0,1022.0,,12.6,,,,,2025-12-05 03:10:00
310.0,7.0,9.0,1.4,11.0,5.5,278.0,1021.9,,12.6,,,,,2025-12-05 03:20:00
310.0,6.0,7.0,,,,,1021.8,,12.6,,,,,2025-12-05 03:30:00
310.0,6.0,7.0,,,,,1021.7,,12.6,,,,,2025-12-05 03:40:00
310.0,6.0,7.0,1.4,11.0,5.4,282.0,1022.2,,12.6,,,,,2025-12-05 03:50:00
310.0,6.0,7.0,,,,,1022.0,,12.6,,,0.3,,2025-12-05 04:00:00
300.0,6.0,7.0,,,,,1022.2,,12.6,,,,,2025-12-05 04:10:00
310.0,6.0,7.0,1.4,11.0,5.4,264.0,1022.2,,12.6,,,,,2025-12-05 04:20:00
310.0,5.0,6.0,,,,,1022.3,,12.6,,,,,2025-12-05 04:30:00
300.0,5.0,7.0,,,,,1022.4,,12.6,,,,,2025-12-05 04:40:00
290.0,6.0,7.0,1.4,12.0,5.7,248.0,1022.3,,12.6,,,,,2025-12-05 04:50:00
290.0,6.0,7.0,,,,,1022.4,,12.6,,,0.3,,2025-12-05 05:00:00
290.0,6.0,7.0,1.3,,5.6,277.0,1022.4,,12.6,,,,,2025-12-05 05:10:00
290.0,6.0,8.0,1.3,11.0,5.6,277.0,1022.5,,,,,,,2025-12-05 05:20:00
290.0,7.0,8.0,,,,,1022.5,,12.6,,,,,2025-12-05 05:30:00
290.0,7.0,9.0,,,,,1022.3,,12.6,,,,,2025-12-05 05:40:00
290.0,6.0,7.0,1.3,11.0,5.7,272.0,1022.3,,12.6,,,,,2025-12-05 05:50:00
290.0,6.0,7.0,,,,,1022.3,,12.6,,,0.6,,2025-12-05 06:00:00
290.0,5.0,7.0,1.5,,6.0,264.0,1022.0,,12.6,,,,,2025-12-05 06:10:00
280.0,4.0,6.0,1.5,11.0,6.0,264.0,1021.9,,12.6,,,,,2025-12-05 06:20:00
270.0,4.0,5.0,,,,,1022.0,,12.6,,,,,2025-12-05 06:30:00
270.0,4.0,5.0,,,,,1022.0,,12.6,,,,,2025-12-05 06:40:00
260.0,5.0,6.0,1.4,11.0,6.0,277.0,1022.0,,12.6,,,,,2025-12-05 06:50:00
270.0,5.0,6.0,,,,,1022.0,,12.6,,,0.0,,2025-12-05 07:00:00
270.0,5.0,7.0,1.4,,6.3,271.0,1022.0,,12.6,,,,,2025-12-05 07:10:00
260.0,5.0,6.0,1.4,11.0,6.3,271.0,1021.9,,12.6,,,,,2025-12-05 07:20:00
250.0,5.0,7.0,,,,,1021.7,,12.6,,,,,2025-12-05 07:30:00
240.0,6.0,7.0,,,,,1021.5,,12.6,,,,,2025-12-05 07:40:00
240.0,6.0,7.0,1.4,10.0,6.3,259.0,1021.4,,12.5,,,,,2025-12-05 07:50:00
240.0,6.0,7.0,,,,,1021.2,,12.5,,,-1.2,,2025-12-05 08:00:00
240.0,6.0,7.0,1.3,,6.2,249.0,1021.1,,12.5,,,,,2025-12-05 08:10:00
240.0,6.0,8.0,1.3,11.0,6.2,249.0,1020.9,,12.5,,,,,2025-12-05 08:20:00
240.0,7.0,8.0,,,,,1020.6,,12.4,,,,,2025-12-05 08:30:00
240.0,7.0,9.0,,,,,1020.3,,12.4,,,,,2025-12-05 08:40:00
240.0,7.0,8.0,1.4,11.0,6.1,266.0,1020.1,,12.4,,,,,2025-12-05 08:50:00
240.0,7.0,8.0,,,,,1020.2,,12.4,,,-2.1,,2025-12-05 09:00:00
230.0,7.0,9.0,1.5,,6.3,282.0,1020.2,,12.4,,,,,2025-12-05 09:10:00
230.0,8.0,9.0,1.5,11.0,6.3,282.0,1019.9,,12.4,,,,,2025-12-05 09:20:00
230.0,8.0,10.0,,,,,1019.8,,12.4,,,,,2025-12-05 09:30:00
230.0,8.0,9.0,,,,,1019.9,,12.4,,,,,2025-12-05 09:40:00
240.0,8.0,10.0,1.5,11.0,6.0,274.0,1019.9,,12.4,,,,,2025-12-05 09:50:00
230.0,9.0,11.0,,,,,1019.7,,12.4,,,-2.3,,2025-12-05 10:00:00
230.0,9.0,11.0,1.6,,5.9,273.0,1019.5,,12.4,,,,,2025-12-05 10:10:00
230.0,9.0,11.0,1.6,11.0,5.9,273.0,1019.2,,12.4,,,,,2025-12-05 10:20:00
230.0,9.0,11.0,,,,,1019.3,,12.4,,,,,2025-12-05 10:30:00
230.0,9.0,11.0,,,,,1019.0,,12.5,,,,,2025-12-05 10:40:00
230.0,9.0,11.0,1.6,11.0,5.6,293.0,1018.9,,12.5,,,,,2025-12-05 10:50:00
230.0,9.0,11.0,,,,,1018.6,,12.5,,,-2.6,,2025-12-05 11:00:00
240.0,9.0,11.0,,,,,1018.4,,12.5,,,,,2025-12-05 11:10:00
240.0,10.0,11.0,1.9,11.0,6.1,273.0,1018.2,,12.5,,,,,2025-12-05 11:20:00
250.0,10.0,11.0,,,,,1017.9,,12.6,,,,,2025-12-05 11:30:00
250.0,9.0,11.0,,,,,1018.1,,12.5,,,,,2025-12-05 11:40:00
250.0,9.0,11.0,2.0,11.0,5.9,275.0,1018.2,,12.6,,,,,2025-12-05 11:50:00
250.0,9.0,11.0,,,,,1018.1,,,,,-2.1,,2025-12-05 12:00:00
250.0,9.0,11.0,1.9,,5.6,274.0,1018.0,,12.6,,,,,2025-12-05 12:10:00
250.0,9.0,11.0,1.9,11.0,5.6,274.0,1017.5,,12.6,,,,,2025-12-05 12:20:00
250.0,9.0,10.0,,,,,1017.4,,12.6,,,,,2025-12-05 12:30:00
250.0,9.0,11.0,,,,,1017.0,,12.6,,,,,2025-12-05 12:40:00
250.0,10.0,12.0,1.9,10.0,6.0,278.0,1017.2,,12.6,,,,,2025-12-05 12:50:00
250.0,10.0,12.0,,,,,1017.0,,12.6,,,-2.7,,2025-12-05 13:00:00
250.0,10.0,12.0,,,,,1016.9,,12.6,,,,,2025-12-05 13:10:00
250.0,10.0,12.0,2.2,10.0,5.8,272.0,1016.7,,12.6,,,,,2025-12-05 13:20:00
250.0,10.0,12.0,,,,,1016.4,,12.6,,,,,2025-12-05 13:30:00
250.0,10.0,12.0,2.2,,5.7,279.0,1016.5,,12.6,,,,,2025-12-05 13:40:00
250.0,10.0,12.0,2.2,10.0,5.7,279.0,1016.7,,12.6,,,,,2025-12-05 13:50:00
260.0,10.0,12.0,,,,,1016.8,,12.6,,,-1.8,,2025-12-05 14:00:00
260.0,10.0,12.0,2.2,,5.6,266.0,1016.4,,12.6,,,,,2025-12-05 14:10:00
250.0,9.0,11.0,2.2,11.0,5.6,266.0,1016.3,,12.6,,,,,2025-12-05 14:20:00
250.0,9.0,12.0,,,,,1016.1,,12.6,,,,,2025-12-05 14:30:00
250.0,9.0,12.0,2.1,,5.5,264.0,1015.6,,12.6,,,,,2025-12-05 14:40:00
250.0,9.0,11.0,2.1,6.0,5.5,264.0,1016.0,,12.6,,,,,2025-12-05 14:50:00
260.0,10.0,12.0,,,,,1016.0,,12.6,,,-2.1,,2025-12-05 15:00:00
260.0,10.0,11.0,2.2,,5.7,273.0,1015.8,,12.6,,,,,2025-12-05 15:10:00
250.0,9.0,11.0,2.2,11.0,5.7,273.0,1015.4,,12.6,,,,,2025-12-05 15:20:00
250.0,9.0,10.0,,,,,1015.3,,12.6,,,,,2025-12-05 15:30:00
250.0,9.0,11.0,,,,,1015.4,,12.6,,,,,2025-12-05 15:40:00
250.0,10.0,11.0,2.1,6.0,5.5,276.0,1015.2,,12.6,,,,,2025-12-05 15:50:00
250.0,10.0,12.0,,,,,1015.1,,12.6,,,-1.9,,2025-12-05 16:00:00
250.0,10.0,12.0,2.1,,5.5,267.0,1014.8,,12.6,,,,,2025-12-05 16:10:00
250.0,10.0,12.0,2.1,6.0,5.5,267.0,1015.0,,12.6,,,,,2025-12-05 16:20:00
250.0,10.0,12.0,,,,,1014.9,,12.6,,,,,2025-12-05 16:30:00
250.0,10.0,12.0,2.1,,5.5,275.0,1014.8,,12.6,,,,,2025-12-05 16:40:00
250.0,11.0,13.0,2.1,11.0,5.5,275.0,1014.5,,12.6,,,,,2025-12-05 16:50:00
250.0,11.0,13.0,,,,,1014.2,,12.6,,,-2.6,,2025-12-05 17:00:00
250.0,11.0,12.0,,,,,1014.4,,12.6,,,,,2025-12-05 17:10:00
250.0,10.0,12.0,2.0,7.0,5.5,263.0,1014.4,,12.6,,,,,2025-12-05 17:20:00
260.0,10.0,13.0,,,,,1014.4,,12.6,,,,,2025-12-05 17:30:00
260.0,11.0,13.0,,,,,1014.8,,12.6,,,,,2025-12-05 17:40:00
260.0,11.0,13.0,2.2,11.0,5.7,268.0,1014.2,,12.6,,,,,2025-12-05 17:50:00
260.0,11.0,14.0,,,,,1014.4,,12.5,,,-1.6,,2025-12-05 18:00:00
260.0,11.0,14.0,2.0,,5.3,262.0,1014.4,,12.5,,,,,2025-12-05 18:10:00
260.0,11.0,14.0,2.0,7.0,5.3,262.0,1014.1,,12.5,,,,,2025-12-05 18:20:00
260.0,11.0,14.0,,,,,1014.1,,12.4,,,,,2025-12-05 18:30:00
260.0,12.0,14.0,2.2,,5.5,265.0,1014.3,,,,,,,2025-12-05 18:40:00
270.0,11.0,14.0,2.2,7.0,5.5,265.0,1014.4,,12.3,,,,,2025-12-05 18:50:00
260.0,11.0,14.0,,,,,1014.0,,12.2,,,-1.1,,2025-12-05 19:00:00
260.0,11.0,14.0,2.3,,5.6,275.0,1013.7,,12.2,,,,,2025-12-05 19:10:00
260.0,11.0,14.0,2.3,7.0,5.6,275.0,1013.7,,12.1,,,,,2025-12-05 19:20:00
260.0,11.0,14.0,,,,,1013.6,,12.1,,,,,2025-12-05 19:30:00
260.0,11.0,14.0,,,,,1013.5,,12.1,,,,,2025-12-05 19:40:00
270.0,12.0,15.0,2.2,7.0,5.4,265.0,1013.5,,12.1,,,,,2025-12-05 19:50:00
270.0,12.0,15.0,,,,,1013.4,,12.1,,,-0.8,,2025-12-05 20:00:00
270.0,11.0,15.0,,,,,1013.2,,12.1,,,,,2025-12-05 20:10:00
270.0,11.0,14.0,2.4,8.0,5.7,266.0,1013.2,,12.1,,,,,2025-12-05 20:20:00
270.0,12.0,15.0,,,,,1013.1,,12.1,,,,,2025-12-05 20:30:00
270.0,11.0,14.0,2.5,,5.8,264.0,1013.0,,12.1,,,,,2025-12-05 20:40:00
270.0,11.0,13.0,2.5,7.0,5.8,264.0,1013.3,,12.1,,,,,2025-12-05 20:50:00
270.0,11.0,15.0,,,,,1013.1,,12.1,,,-1.3,,2025-12-05 21:00:00
270.0,12.0,15.0,,,,,1012.8,,12.1,,,,,2025-12-05 21:10:00
270.0,11.0,14.0,2.7,7.0,6.1,272.0,1012.8,,12.1,,,,,2025-12-05 21:20:00
270.0,11.0,13.0,,,,,1012.7,,12.2,,,,,2025-12-05 21:30:00
270.0,11.0,14.0,,,,,1012.8,,12.2,,,,,2025-12-05 21:40:00
270.0,12.0,15.0,2.6,8.0,6.0,272.0,1012.7,,12.2,,,,,2025-12-05 21:50:00
270.0,12.0,15.0,,,,,1012.9,,12.2,,,-1.1,,2025-12-05 22:00:00
270.0,12.0,14.0,2.9,,6.2,274.0,1012.9,,12.2,,,,,2025-12-05 22:10:00
270.0,13.0,16.0,2.9,8.0,6.2,274.0,1013.0,,12.2,,,,,2025-12-05 22:20:00
280.0,12.0,15.0,,,,,1013.0,,12.2,,,,,2025-12-05 22:30:00
280.0,12.0,15.0,,,,,1013.2,,12.2,,,,,2025-12-05 22:40:00
280.0,12.0,16.0,3.1,8.0,6.3,280.0,1013.2,,12.2,,,,,2025-12-05 22:50:00
270.0,12.0,15.0,,,,,1013.3,,12.2,,,-0.0,,2025-12-05 23:00:00
280.0,12.0,15.0,,,,,1012.9,,12.2,,,,,2025-12-05 23:10:00
280.0,11.0,14.0,3.0,8.0,6.4,272.0,1013.2,,12.2,,,,,2025-12-05 23:20:00
270.0,11.0,13.0,,,,,1013.1,,12.2,,,,,2025-12-05 23:40:00
280.0,11.0,14.0,3.3,8.0,6.5,273.0,1013.3,,12.2,,,,,2025-12-05 23:50:00
280.0,11.0,13.0,,,,,1013.3,,12.2,,,0.0,,2025-12-06 00:00:00
280.0,12.0,15.0,3.4,,6.6,270.0,1013.6,,12.2,,,,,2025-12-06 00:10:00
280.0,12.0,15.0,3.4,8.0,6.6,270.0,1013.7,,12.2,,,,,2025-12-06 00:20:00
280.0,12.0,15.0,,,,,1013.6,,12.2,,,,,2025-12-06 00:30:00
280.0,11.0,13.0,3.5,,6.8,274.0,1013.6,,12.2,,,,,2025-12-06 00:40:00
280.0,11.0,15.0,3.5,9.0,6.8,274.0,1013.8,,12.2,,,,,2025-12-06 00:50:00
280.0,13.0,16.0,,,,,1013.7,,12.2,,,0.8,,2025-12-06 01:00:00
280.0,11.0,14.0,,,,,1013.6,,12.2,,,,,2025-12-06 01:10:00
280.0,11.0,15.0,3.6,9.0,6.9,283.0,1013.5,,12.2,,,,,2025-12-06 01:20:00
280.0,12.0,15.0,,,,,1013.9,,12.2,,,,,2025-12-06 01:30:00
280.0,12.0,16.0,3.8,,7.2,276.0,1014.1,,12.2,,,,,2025-12-06 01:40:00
280.0,12.0,16.0,3.8,9.0,7.2,276.0,1014.0,,12.2,,,,,2025-12-06 01:50:00
280.0,11.0,14.0,,,,,1014.1,,12.2,,,0.8,,2025-12-06 02:00:00
280.0,12.0,15.0,,,,,1014.0,,12.1,,,,,2025-12-06 02:10:00
280.0,11.0,13.0,3.8,9.0,7.0,277.0,1014.2,,12.1,,,,,2025-12-06 02:20:00
280.0,11.0,14.0,,,,,1014.3,,12.1,,,,,2025-12-06 02:30:00
280.0,12.0,15.0,,,,,1014.6,,12.1,,,,,2025-12-06 02:40:00
270.0,11.0,13.0,3.9,9.0,7.0,279.0,1014.4,,12.1,,,,,2025-12-06 02:50:00
280.0,11.0,15.0,,,,,1014.6,,12.1,,,1.3,,2025-12-06 03:00:00
270.0,11.0,13.0,3.8,,7.0,280.0,1014.5,,12.1,,,,,2025-12-06 03:10:00
270.0,11.0,15.0,3.8,8.0,7.0,280.0,1014.5,,12.1,,,,,2025-12-06 03:20:00
260.0,11.0,14.0,,,,,1014.4,,12.1,,,,,2025-12-06 03:30:00
270.0,11.0,14.0,,,,,1014.4,,12.1,,,,,2025-12-06 03:40:00
270.0,11.0,14.0,3.8,9.0,7.1,284.0,1014.8,,12.1,,,,,2025-12-06 03:50:00
270.0,11.0,14.0,,,,,1015.1,,12.1,,,1.4,,2025-12-06 04:00:00
270.0,11.0,14.0,3.9,,7.3,273.0,1014.6,,12.1,,,,,2025-12-06 04:10:00
270.0,11.0,14.0,3.9,9.0,7.3,273.0,1014.6,,12.1,,,,,2025-12-06 04:20:00
270.0,11.0,14.0,,,,,1014.7,,12.1,,,,,2025-12-06 04:30:00
270.0,11.0,14.0,,,,,1014.8,,12.1,,,,,2025-12-06 04:40:00
270.0,10.0,13.0,3.7,10.0,7.2,284.0,1014.7,,12.1,,,,,2025-12-06 04:50:00
270.0,11.0,13.0,,,,,1014.7,,12.1,,,0.6,,2025-12-06 05:00:00
270.0,10.0,13.0,4.3,,7.4,285.0,1014.8,,12.2,,,,,2025-12-06 05:10:00
260.0,10.0,12.0,4.3,10.0,7.4,285.0,1014.9,,12.1,,,,,2025-12-06 05:20:00
270.0,10.0,13.0,,,,,1014.9,,12.2,,,,,2025-12-06 05:30:00
270.0,11.0,14.0,,,,,1015.0,,12.2,,,,,2025-12-06 05:40:00
270.0,11.0,14.0,4.1,10.0,7.3,276.0,1015.0,,12.2,,,,,2025-12-06 05:50:00
270.0,11.0,14.0,,,,,1015.0,,,,,0.4,,2025-12-06 06:00:00
270.0,10.0,13.0,3.6,,7.1,275.0,1015.2,,,,,,,2025-12-06 06:10:00
270.0,11.0,14.0,3.6,10.0,7.1,275.0,1015.2,,12.2,,,,,2025-12-06 06:20:00
270.0,11.0,14.0,,,,,1015.4,,12.2,,,,,2025-12-06 06:30:00
270.0,11.0,13.0,,,,,1015.5,,12.2,,,,,2025-12-06 06:40:00
270.0,11.0,14.0,3.9,10.0,7.3,278.0,1015.5,,12.2,,,,,2025-12-06 06:50:00
270.0,12.0,14.0,,,,,1015.7,,12.2,,,0.6,,2025-12-06 07:00:00
270.0,11.0,14.0,,,,,1015.8,,12.3,,,,,2025-12-06 07:10:00
270.0,12.0,15.0,3.9,11.0,7.3,276.0,1015.7,,12.3,,,,,2025-12-06 07:20:00
270.0,12.0,14.0,,,,,1015.8,,12.3,,,,,2025-12-06 07:30:00
270.0,12.0,16.0,,,,,1015.9,,12.3,,,,,2025-12-06 07:40:00
270.0,12.0,14.0,4.1,11.0,7.5,286.0,1016.0,,12.3,,,,,2025-12-06 07:50:00
270.0,12.0,14.0,,,,,1015.9,,12.3,,,1.2,,2025-12-06 08:00:00
280.0,11.0,14.0,3.9,,7.6,281.0,1016.0,,12.3,,,,,2025-12-06 08:10:00
280.0,11.0,15.0,3.9,10.0,7.6,281.0,1016.0,,12.4,,,,,2025-12-06 08:20:00
280.0,11.0,13.0,,,,,1016.1,,12.4,,,,,2025-12-06 08:30:00
270.0,10.0,13.0,,,,,1016.4,,12.4,,,,,2025-12-06 08:40:00
270.0,10.0,12.0,4.1,11.0,7.5,286.0,1016.2,,12.4,,,,,2025-12-06 08:50:00
270.0,10.0,13.0,,,,,1016.2,,12.4,,,1.2,,2025-12-06 09:00:00
280.0,10.0,13.0,,,,,1016.2,,12.4,,,,,2025-12-06 09:10:00
280.0,10.0,13.0,4.4,11.0,7.9,285.0,1016.4,,12.4,,,,,2025-12-06 09:20:00
280.0,9.0,11.0,,,,,1016.3,,12.4,,,,,2025-12-06 09:30:00
270.0,8.0,10.0,,,,,1016.4,,12.4,,,,,2025-12-06 09:40:00
270.0,8.0,10.0,4.1,11.0,7.8,288.0,1016.2,,12.4,,,,,2025-12-06 09:50:00
270.0,9.0,12.0,,,,,1016.5,,12.4,,,0.8,,2025-12-06 10:00:00
270.0,8.0,12.0,,,,,1016.5,,12.4,,,,,2025-12-06 10:10:00
270.0,8.0,10.0,4.3,12.0,8.1,291.0,1016.8,,12.3,,,,,2025-12-06 10:20:00
270.0,8.0,10.0,,,,,1016.9,,12.3,,,,,2025-12-06 10:30:00
280.0,9.0,12.0,,,,,1017.0,,12.3,,,,,2025-12-06 10:40:00
280.0,8.0,11.0,3.9,12.0,7.9,294.0,1017.1,,12.3,,,,,2025-12-06 10:50:00
280.0,9.0,11.0,,,,,1017.2,,12.3,,,1.3,,2025-12-06 11:00:00
280.0,9.0,11.0,,,,,1017.1,,12.3,,,,,2025-12-06 11:10:00
280.0,9.0,11.0,4.4,11.0,8.6,293.0,1017.3,,12.3,,,,,2025-12-06 11:20:00
280.0,9.0,11.0,,,,,1017.2,,12.3,,,,,2025-12-06 11:30:00
270.0,8.0,10.0,,,,,1017.4,,12.3,,,,,2025-12-06 11:40:00
270.0,9.0,11.0,4.5,11.0,8.5,285.0,1017.5,,12.3,,,,,2025-12-06 11:50:00
270.0,9.0,11.0,,,,,1017.5,,12.3,,,1.3,,2025-12-06 12:00:00
280.0,9.0,12.0,,,,,1017.6,,12.3,,,,,2025-12-06 12:10:00
280.0,9.0,12.0,4.5,12.0,8.6,296.0,1017.5,,12.3,,,,,2025-12-06 12:20:00
280.0,9.0,11.0,,,,,1017.6,,12.3,,,,,2025-12-06 12:30:00
280.0,9.0,11.0,,,,,1017.7,,12.3,,,,,2025-12-06 12:40:00
270.0,8.0,10.0,4.8,13.0,8.8,291.0,1017.7,,12.3,,,,,2025-12-06 12:50:00
270.0,8.0,10.0,,,,,1017.8,,12.3,,,1.3,,2025-12-06 13:00:00
260.0,8.0,10.0,4.9,,9.0,293.0,1017.8,,12.3,,,,,2025-12-06 13:10:00
260.0,7.0,10.0,4.9,12.0,9.0,293.0,1017.8,,12.3,,,,,2025-12-06 13:20:00
260.0,8.0,10.0,,,,,1017.9,,12.3,,,,,2025-12-06 13:30:00
260.0,7.0,10.0,,,,,1017.6,,12.3,,,,,2025-12-06 13:40:00
260.0,8.0,10.0,5.3,12.0,9.4,294.0,1017.9,,12.2,,,,,2025-12-06 13:50:00
270.0,8.0,10.0,,,,,1018.0,,12.2,,,0.8,,2025-12-06 14:00:00
260.0,7.0,10.0,,,,,1018.2,,12.2,,,,,2025-12-06 14:10:00
260.0,7.0,9.0,5.3,14.0,9.5,307.0,1018.1,,12.2,,,,,2025-12-06 14:20:00
260.0,7.0,9.0,,,,,1018.2,,12.2,,,,,2025-12-06 14:30:00
250.0,7.0,9.0,,,,,1018.1,,12.2,,,,,2025-12-06 14:40:00
250.0,6.0,8.0,5.2,14.0,9.4,308.0,1018.1,,12.2,,,,,2025-12-06 14:50:00
240.0,7.0,9.0,,,,,1018.1,,12.2,,,0.6,,2025-12-06 15:00:00
250.0,7.0,9.0,,,,,1018.1,,12.2,,,,,2025-12-06 15:10:00
250.0,7.0,9.0,4.9,14.0,9.1,303.0,1018.0,,12.2,,,,,2025-12-06 15:20:00
250.0,8.0,10.0,,,,,1018.0,,12.2,,,,,2025-12-06 15:30:00
260.0,8.0,11.0,,,,,1018.1,,12.2,,,,,2025-12-06 15:40:00
260.0,7.0,10.0,4.5,14.0,8.9,298.0,1018.1,,12.2,,,,,2025-12-06 15:50:00
250.0,8.0,10.0,,,,,1018.2,,12.2,,,0.4,,2025-12-06 16:00:00
250.0,6.0,9.0,,,,,1018.4,,12.2,,,,,2025-12-06 16:10:00
250.0,7.0,10.0,5.2,13.0,9.3,297.0,1018.2,,12.2,,,,,2025-12-06 16:20:00
280.0,6.0,9.0,,,,,1018.2,,12.2,,,,,2025-12-06 16:30:00
260.0,6.0,8.0,5.4,,9.4,301.0,1018.2,,12.2,,,,,2025-12-06 16:40:00
250.0,7.0,9.0,5.4,13.0,9.4,301.0,1018.3,,12.2,,,,,2025-12-06 16:50:00
270.0,7.0,9.0,,,,,1018.4,,12.2,,,0.4,,2025-12-06 17:00:00
260.0,8.0,11.0,4.6,,8.8,297.0,1018.7,,12.2,,,,,2025-12-06 17:10:00
260.0,7.0,9.0,4.6,14.0,8.8,297.0,1019.0,,12.2,,,,,2025-12-06 17:20:00
250.0,6.0,8.0,,,,,1018.7,,12.2,,,,,2025-12-06 17:30:00
250.0,5.0,7.0,,,,,1018.9,,12.2,,,,,2025-12-06 17:40:00
250.0,5.0,6.0,4.9,13.0,9.2,297.0,1018.8,,12.2,,,,,2025-12-06 17:50:00
240.0,5.0,6.0,,,,,1018.7,,12.2,,,0.6,,2025-12-06 18:00:00
250.0,6.0,8.0,4.8,,9.3,296.0,1018.8,,12.2,,,,,2025-12-06 18:10:00
240.0,7.0,9.0,4.8,13.0,9.3,296.0,1018.8,,12.2,,,,,2025-12-06 18:20:00
240.0,7.0,10.0,,,,,1018.8,,12.2,,,,,2025-12-06 18:30:00
250.0,8.0,10.0,,,,,1019.0,,12.2,,,,,2025-12-06 18:40:00
240.0,8.0,11.0,4.6,13.0,9.1,290.0,1019.1,,12.2,,,,,2025-12-06 18:50:00
240.0,7.0,9.0,,,,,1019.1,,12.2,,,0.9,,2025-12-06 19:00:00
240.0,7.0,8.0,,,,,1019.1,,12.2,,,,,2025-12-06 19:10:00
250.0,8.0,9.0,4.3,12.0,8.8,291.0,1019.0,,12.2,,,,,2025-12-06 19:20:00
240.0,8.0,10.0,,,,,1018.9,,12.2,,,,,2025-12-06 19:30:00
250.0,7.0,9.0,,,,,1018.9,,12.2,,,,,2025-12-06 19:40:00
240.0,7.0,9.0,4.7,12.0,8.9,289.0,1018.9,,12.2,,,,,2025-12-06 19:50:00
240.0,7.0,8.0,,,,,1018.8,,12.3,,,0.4,,2025-12-06 20:00:00
230.0,7.0,9.0,4.2,,8.5,294.0,1018.8,,12.3,,,,,2025-12-06 20:10:00
230.0,7.0,9.0,4.2,13.0,8.5,294.0,1018.7,,12.3,,,,,2025-12-06 20:20:00
240.0,7.0,9.0,,,,,1018.7,,12.4,,,,,2025-12-06 20:30:00
250.0,8.0,9.0,,,,,1018.7,,12.4,,,,,2025-12-06 20:40:00
240.0,7.0,10.0,3.9,13.0,8.4,293.0,1018.5,,12.4,,,,,2025-12-06 20:50:00
240.0,7.0,9.0,,,,,1018.4,,,,,-0.3,,2025-12-06 21:00:00
240.0,7.0,9.0,3.7,,8.3,290.0,1018.4,,12.4,,,,,2025-12-06 21:10:00
240.0,7.0,8.0,3.7,12.0,8.3,290.0,1018.4,,12.4,,,,,2025-12-06 21:20:00
240.0,7.0,8.0,,,,,1018.2,,12.4,,,,,2025-12-06 21:30:00
240.0,6.0,8.0,3.8,,8.4,288.0,1018.3,,12.4,,,,,2025-12-06 21:40:00
240.0,6.0,8.0,3.8,11.0,8.4,288.0,1018.4,,12.4,,,,,2025-12-06 21:50:00
240.0,6.0,7.0,,,,,1018.5,,12.4,,,-0.6,,2025-12-06 22:00:00
230.0,6.0,8.0,3.5,,8.1,290.0,1018.4,,12.3,,,,,2025-12-06 22:10:00
230.0,6.0,8.0,3.5,13.0,8.1,290.0,1018.4,,12.3,,,,,2025-12-06 22:20:00
230.0,6.0,8.0,,,,,1018.4,,12.3,,,,,2025-12-06 22:30:00
230.0,7.0,8.0,,,,,1018.3,,12.3,,,,,2025-12-06 22:40:00
230.0,7.0,8.0,3.9,13.0,8.4,289.0,1018.1,,12.3,,,,,2025-12-06 22:50:00
230.0,6.0,8.0,,,,,1018.0,,12.3,,,-0.8,,2025-12-06 23:00:00
230.0,6.0,8.0,,,,,1018.0,,12.3,,,,,2025-12-06 23:10:00
230.0,6.0,7.0,4.0,,8.6,293.0,1018.3,,12.3,,,,,2025-12-06 23:40:00
230.0,5.0,7.0,4.0,13.0,8.6,293.0,1018.3,,12.3,,,,,2025-12-06 23:50:00
220.0,6.0,7.0,,,,,1018.4,,12.3,,,-0.0,,2025-12-07 00:00:00
220.0,6.0,7.0,3.5,,8.1,288.0,1018.4,,12.3,,,,,2025-12-07 00:10:00
220.0,6.0,7.0,3.5,12.0,8.1,288.0,1018.4,,12.3,,,,,2025-12-07 00:20:00
210.0,6.0,7.0,,,,,1018.3,,12.3,,,,,2025-12-07 00:30:00
220.0,6.0,7.0,,,,,1018.5,,12.3,,,,,2025-12-07 00:40:00
220.0,6.0,7.0,2.9,13.0,7.5,286.0,1018.8,,12.3,,,,,2025-12-07 00:50:00
220.0,6.0,8.0,,,,,1018.8,,12.3,,,0.3,,2025-12-07 01:00:00
220.0,6.0,8.0,3.2,,7.7,282.0,1018.8,,12.3,,,,,2025-12-07 01:10:00
220.0,6.0,7.0,3.2,11.0,7.7,282.0,1018.8,,12.3,,,,,2025-12-07 01:20:00
220.0,6.0,7.0,,,,,1018.9,,12.3,,,,,2025-12-07 01:30:00
220.0,6.0,7.0,3.2,,7.7,290.0,1019.0,,12.3,,,,,2025-12-07 01:40:00
220.0,6.0,7.0,3.2,12.0,7.7,290.0,1019.1,,12.3,,,,,2025-12-07 01:50:00
220.0,6.0,7.0,,,,,1019.1,,12.3,,,1.1,,2025-12-07 02:00:00
220.0,6.0,7.0,3.1,,7.9,281.0,1018.9,,12.3,,,,,2025-12-07 02:10:00
220.0,6.0,7.0,3.1,11.0,7.9,281.0,1018.9,,12.3,,,,,2025-12-07 02:20:00
210.0,6.0,7.0,,,,,1018.8,,12.3,,,,,2025-12-07 02:30:00
210.0,6.0,7.0,3.0,,7.7,289.0,1018.6,,12.3,,,,,2025-12-07 02:40:00
210.0,5.0,7.0,3.0,12.0,7.7,289.0,1018.6,,12.3,,,,,2025-12-07 02:50:00
210.0,6.0,7.0,,,,,1018.7,,12.3,,,0.3,,2025-12-07 03:00:00
210.0,5.0,7.0,3.0,,7.7,287.0,1018.6,,12.3,,,,,2025-12-07 03:10:00
210.0,6.0,8.0,3.0,11.0,7.7,287.0,1018.5,,12.3,,,,,2025-12-07 03:20:00
200.0,5.0,6.0,,,,,1018.5,,12.3,,,,,2025-12-07 03:30:00
200.0,5.0,7.0,,,,,1018.5,,12.3,,,,,2025-12-07 03:40:00
210.0,6.0,7.0,3.1,12.0,8.0,280.0,1018.4,,12.3,,,,,2025-12-07 03:50:00
200.0,6.0,7.0,,,,,1018.5,,12.3,,,-0.3,,2025-12-07 04:00:00
200.0,7.0,8.0,2.8,,7.7,291.0,1018.5,,12.3,,,,,2025-12-07 04:10:00
210.0,6.0,7.0,2.8,12.0,7.7,291.0,1018.6,,12.3,,,,,2025-12-07 04:20:00
210.0,7.0,9.0,,,,,1018.4,,12.3,,,,,2025-12-07 04:30:00
210.0,7.0,9.0,,,,,1018.3,,12.3,,,,,2025-12-07 04:40:00
210.0,7.0,9.0,2.8,11.0,7.7,288.0,1018.2,,12.3,,,,,2025-12-07 04:50:00
210.0,7.0,9.0,,,,,1018.2,,12.4,,,-0.9,,2025-12-07 05:00:00
210.0,7.0,9.0,,,,,1018.0,,12.4,,,,,2025-12-07 05:10:00
210.0,7.0,8.0,3.2,11.0,8.3,283.0,1017.8,,12.4,,,,,2025-12-07 05:20:00
200.0,7.0,9.0,,,,,1017.7,,12.4,,,,,2025-12-07 05:30:00
200.0,7.0,9.0,2.6,,7.4,277.0,1017.6,,12.4,,,,,2025-12-07 05:40:00
200.0,8.0,9.0,2.6,12.0,7.4,277.0,1017.3,,12.4,,,,,2025-12-07 05:50:00
200.0,8.0,9.0,,,,,1017.3,,12.4,,,-1.4,,2025-12-07 06:00:00
200.0,8.0,9.0,2.6,,7.5,285.0,1017.2,,12.4,,,,,2025-12-07 06:10:00
200.0,7.0,9.0,2.6,11.0,7.5,285.0,1017.2,,12.4,,,,,2025-12-07 06:20:00
200.0,8.0,9.0,,,,,1017.3,,12.4,,,,,2025-12-07 06:30:00
200.0,8.0,9.0,,,,,1017.3,,12.4,,,,,2025-12-07 06:40:00
200.0,8.0,10.0,2.8,11.0,7.8,292.0,1017.2,,12.4,,,,,2025-12-07 06:50:00
200.0,8.0,10.0,,,,,1017.1,,,,,-1.4,,2025-12-07 07:00:00
200.0,8.0,11.0,,,,,1016.9,,12.4,,,,,2025-12-07 07:10:00
200.0,8.0,11.0,2.5,11.0,7.6,283.0,1016.9,,12.4,,,,,2025-12-07 07:20:00
210.0,8.0,11.0,,,,,1016.9,,12.4,,,,,2025-12-07 07:30:00
200.0,8.0,10.0,2.7,,7.6,298.0,1016.9,,12.4,,,,,2025-12-07 07:40:00
200.0,8.0,11.0,2.7,11.0,7.6,298.0,1016.8,,12.4,,,,,2025-12-07 07:50:00
200.0,8.0,10.0,,,,,1016.7,,12.4,,,-1.5,,2025-12-07 08:00:00
200.0,8.0,10.0,2.6,,7.3,293.0,1016.5,,12.4,,,,,2025-12-07 08:10:00
190.0,8.0,11.0,2.6,11.0,7.3,293.0,1016.3,,12.4,,,,,2025-12-07 08:20:00
190.0,8.0,10.0,,,,,1016.2,,12.4,,,,,2025-12-07 08:30:00
190.0,7.0,9.0,,,,,1016.1,,12.4,,,,,2025-12-07 08:40:00
190.0,7.0,9.0,2.8,11.0,7.6,290.0,1015.9,,12.4,,,,,2025-12-07 08:50:00
190.0,8.0,10.0,,,,,1015.5,,12.4,,,-1.8,,2025-12-07 09:00:00
190.0,8.0,9.0,,,,,1015.4,,12.4,,,,,2025-12-07 09:10:00
180.0,7.0,9.0,2.8,11.0,7.4,288.0,1015.0,,12.5,,,,,2025-12-07 09:20:00
180.0,7.0,9.0,,,,,1015.0,,12.5,,,,,2025-12-07 09:30:00
170.0,7.0,9.0,2.7,,7.7,284.0,1014.5,,12.5,,,,,2025-12-07 09:40:00
160.0,8.0,9.0,2.7,11.0,7.7,284.0,1014.0,,12.5,,,,,2025-12-07 09:50:00
160.0,8.0,10.0,,,,,1013.8,,12.5,,,-3.3,,2025-12-07 10:00:00
160.0,9.0,11.0,2.7,,7.6,288.0,1013.4,,12.5,,,,,2025-12-07 10:10:00
160.0,9.0,12.0,2.7,11.0,7.6,288.0,1013.3,,,,,,,2025-12-07 10:20:00
160.0,8.0,11.0,,,,,1013.3,,12.5,,,,,2025-12-07 10:30:00
160.0,9.0,11.0,,,,,1013.0,,12.5,,,,,2025-12-07 10:40:00
160.0,10.0,12.0,2.6,11.0,7.3,294.0,1012.9,,12.5,,,,,2025-12-07 10:50:00
160.0,9.0,12.0,,,,,1012.8,,12.6,,,-3.9,,2025-12-07 11:00:00
160.0,9.0,12.0,,,,,1012.6,,12.6,,,,,2025-12-07 11:10:00
150.0,9.0,11.0,2.6,11.0,7.3,294.0,1012.4,,12.6,,,,,2025-12-07 11:20:00
160.0,9.0,12.0,,,,,1012.0,,12.5,,,,,2025-12-07 11:30:00
180.0,9.0,11.0,,,,,1011.7,,12.6,,,,,2025-12-07 11:40:00
200.0,9.0,11.0,2.8,12.0,7.3,277.0,1011.6,,12.5,,,,,2025-12-07 11:50:00
210.0,10.0,13.0,,,,,1011.4,,12.6,,,-4.1,,2025-12-07 12:00:00
210.0,10.0,12.0,,,,,1011.4,,12.5,,,,,2025-12-07 12:10:00
210.0,11.0,13.0,2.5,10.0,6.8,285.0,1011.4,,12.5,,,,,2025-12-07 12:20:00
210.0,10.0,13.0,,,,,1011.3,,12.5,,,,,2025-12-07 12:30:00
210.0,11.0,14.0,,,,,1011.2,,12.5,,,,,2025-12-07 12:40:00
210.0,11.0,13.0,2.7,11.0,6.9,272.0,1011.1,,12.5,,,,,2025-12-07 12:50:00
200.0,11.0,13.0,,,,,1010.9,,12.5,,,-2.9,,2025-12-07 13:00:00
200.0,11.0,13.0,2.7,,6.4,274.0,1010.7,,12.5,,,,,2025-12-07 13:10:00
210.0,11.0,13.0,2.7,11.0,6.4,274.0,1010.8,,12.5,,,,,2025-12-07 13:20:00
210.0,11.0,13.0,,,,,1010.8,,12.5,,,,,2025-12-07 13:30:00
210.0,11.0,14.0,,,,,1010.8,,12.5,,,,,2025-12-07 13:40:00
210.0,11.0,14.0,2.9,10.0,6.7,288.0,1010.8,,12.5,,,,,2025-12-07 13:50:00
210.0,11.0,13.0,,,,,1010.7,,12.5,,,-2.1,,2025-12-07 14:00:00
210.0,11.0,13.0,2.9,,6.2,286.0,1010.6,,12.5,,,,,2025-12-07 14:10:00
210.0,11.0,14.0,2.9,10.0,6.2,286.0,1010.8,,12.5,,,,,2025-12-07 14:20:00
210.0,11.0,14.0,,,,,1010.9,,12.5,,,,,2025-12-07 14:30:00
210.0,11.0,13.0,,,,,1011.0,,12.5,,,,,2025-12-07 14:40:00
220.0,11.0,13.0,2.5,10.0,6.1,289.0,1010.8,,12.5,,,,,2025-12-07 14:50:00
220.0,11.0,13.0,,,,,1011.1,,12.5,,,-0.3,,2025-12-07 15:00:00
220.0,11.0,13.0,,,,,1011.0,,12.5,,,,,2025-12-07 15:10:00
230.0,11.0,14.0,3.0,11.0,6.4,277.0,1011.1,,12.5,,,,,2025-12-07 15:20:00
240.0,11.0,13.0,,,,,1011.3,,12.5,,,,,2025-12-07 15:30:00
250.0,10.0,12.0,,,,,1011.5,,12.5,,,,,2025-12-07 15:40:00
250.0,10.0,13.0,2.9,9.0,6.2,269.0,1011.6,,12.5,,,,,2025-12-07 15:50:00
260.0,10.0,12.0,,,,,1012.0,,12.5,,,1.1,,2025-12-07 16:00:00
260.0,11.0,14.0,2.9,,6.2,275.0,1012.5,,12.5,,,,,2025-12-07 16:10:00
270.0,11.0,13.0,2.9,10.0,6.2,275.0,1012.8,,12.5,,,,,2025-12-07 16:20:00
270.0,10.0,13.0,,,,,1013.0,,12.5,,,,,2025-12-07 16:30:00
270.0,10.0,12.0,,,,,1013.4,,12.5,,,,,2025-12-07 16:40:00
270.0,10.0,12.0,2.7,11.0,6.1,271.0,1013.7,,12.5,,,,,2025-12-07 16:50:00
270.0,10.0,13.0,,,,,1013.9,,12.5,,,3.2,,2025-12-07 17:00:00
270.0,10.0,12.0,,,,,1014.2,,12.5,,,,,2025-12-07 17:10:00
270.0,10.0,12.0,2.8,11.0,6.1,272.0,1014.6,,12.5,,,,,2025-12-07 17:20:00
260.0,10.0,12.0,,,,,1014.8,,12.5,,,,,2025-12-07 17:30:00
260.0,10.0,12.0,,,,,1015.1,,12.5,,,,,2025-12-07 17:40:00
260.0,9.0,12.0,2.6,7.0,5.9,236.0,1015.3,,12.5,,,,,2025-12-07 17:50:00
260.0,10.0,13.0,,,,,1015.6,,12.6,,,4.5,,2025-12-07 18:00:00
260.0,10.0,12.0,2.6,,5.9,281.0,1015.8,,12.6,,,,,2025-12-07 18:10:00
260.0,10.0,13.0,2.6,11.0,5.9,281.0,1016.0,,12.6,,,,,2025-12-07 18:20:00
260.0,10.0,12.0,,,,,1016.2,,12.6,,,,,2025-12-07 18:30:00
260.0,10.0,12.0,,,,,1016.4,,12.6,,,,,2025-12-07 18:40:00
250.0,9.0,11.0,2.6,7.0,6.0,251.0,1016.5,,12.6,,,,,2025-12-07 18:50:00
250.0,9.0,11.0,,,,,1016.6,,12.6,,,4.6,,2025-12-07 19:00:00
250.0,9.0,12.0,,,,,1016.8,,12.6,,,,,2025-12-07 19:10:00
250.0,9.0,11.0,2.5,7.0,6.0,232.0,1016.9,,12.6,,,,,2025-12-07 19:20:00
240.0,9.0,11.0,,,,,1017.0,,12.6,,,,,2025-12-07 19:30:00
240.0,9.0,11.0,,,,,1017.0,,12.6,,,,,2025-12-07 19:40:00
240.0,9.0,11.0,2.5,7.0,5.9,239.0,1017.3,,12.6,,,,,2025-12-07 19:50:00
240.0,8.0,10.0,,,,,1017.3,,12.6,,,3.4,,2025-12-07 20:00:00
230.0,8.0,10.0,2.6,,6.0,254.0,1017.2,,12.6,,,,,2025-12-07 20:10:00
230.0,8.0,10.0,2.6,7.0,6.0,254.0,1017.3,,12.6,,,,,2025-12-07 20:20:00
230.0,8.0,10.0,,,,,1017.4,,12.6,,,,,2025-12-07 20:30:00
230.0,9.0,11.0,,,,,1017.4,,12.6,,,,,2025-12-07 20:40:00
230.0,9.0,11.0,2.4,7.0,6.1,231.0,1017.7,,12.6,,,,,2025-12-07 20:50:00
230.0,9.0,12.0,,,,,1017.7,,12.6,,,2.1,,2025-12-07 21:00:00
230.0,9.0,11.0,2.5,,6.2,285.0,1017.7,,12.6,,,,,2025-12-07 21:10:00
230.0,10.0,12.0,2.5,11.0,6.2,285.0,1017.8,,12.5,,,,,2025-12-07 21:20:00
230.0,10.0,12.0,,,,,1017.8,,12.5,,,,,2025-12-07 21:30:00
230.0,9.0,12.0,,,,,1017.9,,12.5,,,,,2025-12-07 21:40:00
230.0,9.0,12.0,2.7,11.0,6.3,289.0,1017.8,,12.5,,,,,2025-12-07 21:50:00
230.0,9.0,11.0,,,,,1017.9,,12.5,,,1.3,,2025-12-07 22:00:00
230.0,9.0,11.0,2.5,,6.3,254.0,1017.9,,12.5,,,,,2025-12-07 22:10:00
230.0,9.0,11.0,2.5,7.0,6.3,254.0,1017.9,,12.4,,,,,2025-12-07 22:20:00
230.0,9.0,12.0,,,,,1018.0,,12.4,,,,,2025-12-07 22:30:00
230.0,9.0,12.0,,,,,1017.9,,12.4,,,,,2025-12-07 22:40:00
230.0,10.0,12.0,2.6,7.0,6.3,249.0,1018.0,,12.4,,,,,2025-12-07 22:50:00
230.0,10.0,12.0,,,,,1018.1,,12.4,,,0.8,,2025-12-07 23:00:00
230.0,10.0,12.0,,,,,1018.2,,12.4,,,,,2025-12-07 23:10:00
230.0,9.0,11.0,2.6,8.0,6.3,254.0,1018.3,,12.3,,,,,2025-12-07 23:20:00
230.0,9.0,12.0,,,,,1018.6,,12.3,,,,,2025-12-07 23:40:00
230.0,9.0,11.0,2.6,8.0,6.4,248.0,1018.7,,12.2,,,,,2025-12-07 23:50:00
230.0,9.0,11.0,,,,,1018.8,,12.2,,,1.1,,2025-12-08 00:00:00
230.0,10.0,12.0,2.7,,6.5,284.0,1018.9,,12.2,,,,,2025-12-08 00:10:00
230.0,10.0,13.0,2.7,10.0,6.5,284.0,1019.1,,12.1,,,,,2025-12-08 00:20:00
240.0,10.0,12.0,,,,,1019.2,,12.1,,,,,2025-12-08 00:30:00
240.0,9.0,12.0,2.6,,6.6,255.0,1019.4,,12.1,,,,,2025-12-08 00:40:00
260.0,9.0,12.0,2.6,8.0,6.6,255.0,1019.4,,12.1,,,,,2025-12-08 00:50:00
250.0,7.0,9.0,,,,,1019.5,,12.0,,,1.6,,2025-12-08 01:00:00
240.0,8.0,11.0,2.7,,6.7,286.0,1019.6,,12.0,,,,,2025-12-08 01:10:00
240.0,9.0,12.0,2.7,11.0,6.7,286.0,1019.8,,12.0,,,,,2025-12-08 01:20:00
240.0,7.0,9.0,,,,,1019.8,,12.0,,,,,2025-12-08 01:30:00
240.0,7.0,9.0,,,,,1020.1,,12.0,,,,,2025-12-08 01:40:00
250.0,6.0,9.0,2.4,11.0,6.3,276.0,1020.1,,12.0,,,,,2025-12-08 01:50:00
240.0,6.0,7.0,,,,,1020.3,,12.0,,,2.2,,2025-12-08 02:00:00
230.0,7.0,9.0,2.8,,7.0,307.0,1020.5,,12.0,,,,,2025-12-08 02:10:00
220.0,8.0,9.0,2.8,11.0,7.0,307.0,1020.6,,11.9,,,,,2025-12-08 02:20:00
230.0,7.0,9.0,,,,,1020.7,,11.9,,,,,2025-12-08 02:30:00
220.0,7.0,8.0,2.8,,6.8,295.0,1020.7,,11.9,,,,,2025-12-08 02:40:00
220.0,7.0,8.0,2.8,10.0,6.8,295.0,1020.8,,11.9,,,,,2025-12-08 02:50:00
220.0,7.0,8.0,,,,,1020.8,,11.9,,,2.0,,2025-12-08 03:00:00
220.0,7.0,8.0,2.5,,6.8,284.0,1020.8,,11.9,,,,,2025-12-08 03:10:00
220.0,7.0,9.0,2.5,9.0,6.8,284.0,1021.0,,11.9,,,,,2025-12-08 03:20:00
220.0,7.0,8.0,,,,,1021.2,,11.9,,,,,2025-12-08 03:30:00
220.0,7.0,8.0,,,,,1021.1,,11.9,,,,,2025-12-08 03:40:00
220.0,7.0,9.0,3.0,10.0,7.2,290.0,1021.2,,11.9,,,,,2025-12-08 03:50:00
220.0,7.0,8.0,,,,,1021.1,,11.9,,,1.6,,2025-12-08 04:00:00
220.0,7.0,9.0,,,,,1021.4,,11.9,,,,,2025-12-08 04:10:00
220.0,7.0,9.0,2.8,10.0,7.0,312.0,1021.3,,11.9,,,,,2025-12-08 04:20:00
210.0,7.0,8.0,,,,,1021.2,,11.9,,,,,2025-12-08 04:30:00
210.0,7.0,8.0,,,,,1021.5,,11.9,,,,,2025-12-08 04:40:00
210.0,7.0,9.0,2.9,10.0,7.3,295.0,1021.5,,11.9,,,,,2025-12-08 04:50:00
210.0,7.0,9.0,,,,,1021.3,,11.9,,,1.0,,2025-12-08 05:00:00
210.0,7.0,8.0,3.1,,7.3,296.0,1021.3,,11.9,,,,,2025-12-08 05:10:00
210.0,6.0,8.0,3.1,10.0,7.3,296.0,1021.3,,11.9,,,,,2025-12-08 05:20:00
220.0,6.0,7.0,,,,,1021.2,,11.9,,,,,2025-12-08 05:30:00
220.0,6.0,8.0,,,,,1021.4,,11.9,,,,,2025-12-08 05:40:00
210.0,6.0,8.0,3.0,10.0,7.0,296.0,1021.3,,11.9,,,,,2025-12-08 05:50:00
220.0,7.0,8.0,,,,,1021.8,,11.9,,,1.0,,2025-12-08 06:00:00
220.0,7.0,8.0,,,,,1021.6,,11.9,,,,,2025-12-08 06:10:00
220.0,6.0,8.0,3.0,9.0,7.0,291.0,1021.7,,12.0,,,,,2025-12-08 06:20:00
220.0,6.0,8.0,,,,,1021.5,,12.0,,,,,2025-12-08 06:30:00
210.0,6.0,7.0,,,,,1021.2,,12.0,,,,,2025-12-08 06:40:00
210.0,6.0,8.0,3.2,11.0,7.4,290.0,1021.2,,12.0,,,,,2025-12-08 06:50:00
210.0,7.0,9.0,,,,,1021.2,,12.1,,,0.0,,2025-12-08 07:00:00
210.0,7.0,8.0,2.8,,7.0,290.0,1021.1,,12.1,,,,,2025-12-08 07:10:00
200.0,7.0,8.0,2.8,10.0,7.0,290.0,1020.8,,12.2,,,,,2025-12-08 07:20:00
200.0,7.0,8.0,,,,,1020.8,,12.2,,,,,2025-12-08 07:30:00
200.0,7.0,8.0,,,,,1020.7,,12.2,,,,,2025-12-08 07:40:00
200.0,6.0,8.0,3.0,10.0,7.3,294.0,1020.3,,12.2,,,,,2025-12-08 07:50:00
190.0,6.0,8.0,,,,,1020.2,,12.3,,,-1.1,,2025-12-08 08:00:00
200.0,7.0,9.0,2.8,,7.1,285.0,1020.3,,12.3,,,,,2025-12-08 08:10:00
190.0,7.0,9.0,2.8,11.0,7.1,285.0,1019.9,,12.3,,,,,2025-12-08 08:20:00
190.0,7.0,9.0,,,,,1019.6,,12.3,,,,,2025-12-08 08:30:00
180.0,7.0,8.0,,,,,1019.4,,12.3,,,,,2025-12-08 08:40:00
180.0,7.0,8.0,2.7,11.0,7.0,286.0,1019.4,,12.4,,,,,2025-12-08 08:50:00
180.0,7.0,9.0,,,,,1019.3,,,,,-2.5,,2025-12-08 09:00:00
180.0,7.0,9.0,2.8,,7.2,292.0,1019.3,,12.4,,,,,2025-12-08 09:10:00
180.0,8.0,10.0,2.8,11.0,7.2,292.0,1019.3,,12.4,,,,,2025-12-08 09:20:00
190.0,8.0,10.0,,,,,1019.7,,12.4,,,,,2025-12-08 09:30:00
190.0,9.0,12.0,,,,,1019.9,,12.4,,,,,2025-12-08 09:40:00
190.0,9.0,11.0,2.6,10.0,6.8,284.0,1019.9,,12.4,,,,,2025-12-08 09:50:00
190.0,8.0,10.0,,,,,1019.5,,12.4,,,-1.7,,2025-12-08 10:00:00
190.0,8.0,9.0,2.8,,7.3,286.0,1019.5,,12.4,,,,,2025-12-08 10:10:00
190.0,9.0,11.0,2.8,10.0,7.3,286.0,1019.5,,12.4,,,,,2025-12-08 10:20:00
190.0,9.0,11.0,,,,,1019.5,,12.4,,,,,2025-12-08 10:30:00
180.0,8.0,10.0,,,,,1019.6,,12.4,,,,,2025-12-08 10:40:00
180.0,8.0,10.0,2.6,12.0,6.8,298.0,1019.3,,12.4,,,,,2025-12-08 10:50:00
180.0,8.0,10.0,,,,,1019.1,,,,,-1.1,,2025-12-08 11:00:00
180.0,8.0,10.0,2.6,,7.1,285.0,1019.0,,12.4,,,,,2025-12-08 11:10:00
180.0,8.0,10.0,2.6,11.0,7.1,285.0,1018.8,,12.4,,,,,2025-12-08 11:20:00
180.0,9.0,11.0,,,,,1018.4,,12.4,,,,,2025-12-08 11:30:00
180.0,9.0,11.0,,,,,1018.3,,12.4,,,,,2025-12-08 11:40:00
180.0,9.0,11.0,2.7,11.0,7.0,283.0,1018.1,,12.4,,,,,2025-12-08 11:50:00
180.0,9.0,11.0,,,,,1018.1,,12.4,,,-1.2,,2025-12-08 12:00:00
180.0,9.0,11.0,,,,,1017.8,,12.4,,,,,2025-12-08 12:10:00
170.0,9.0,11.0,2.5,10.0,6.8,289.0,1017.5,,12.4,,,,,2025-12-08 12:20:00
170.0,9.0,11.0,,,,,1017.4,,12.4,,,,,2025-12-08 12:30:00
170.0,9.0,11.0,,,,,1017.3,,12.4,,,,,2025-12-08 12:40:00
170.0,9.0,11.0,2.7,12.0,7.4,302.0,1017.2,,12.4,,,,,2025-12-08 12:50:00
180.0,9.0,11.0,,,,,1016.8,,12.4,,,-2.7,,2025-12-08 13:00:00
190.0,9.0,12.0,2.7,,7.1,302.0,1016.6,,12.3,,,,,2025-12-08 13:10:00
190.0,10.0,12.0,2.7,12.0,7.1,302.0,1016.5,,12.3,,,,,2025-12-08 13:20:00
200.0,10.0,12.0,,,,,1016.4,,12.3,,,,,2025-12-08 13:30:00
200.0,10.0,12.0,,,,,1016.2,,12.3,,,,,2025-12-08 13:40:00
200.0,10.0,13.0,3.1,11.0,7.5,299.0,1015.9,,12.3,,,,,2025-12-08 13:50:00
200.0,10.0,12.0,,,,,1015.6,,12.3,,,-3.5,,2025-12-08 14:00:00
200.0,10.0,12.0,3.0,,7.5,296.0,1015.7,,12.3,,,,,2025-12-08 14:10:00
200.0,10.0,13.0,3.0,11.0,7.5,296.0,1015.3,,12.2,,,,,2025-12-08 14:20:00
200.0,11.0,13.0,,,,,1015.3,,12.2,,,,,2025-12-08 14:30:00
200.0,11.0,14.0,,,,,1015.1,,12.2,,,,,2025-12-08 14:40:00
200.0,12.0,14.0,3.4,11.0,7.9,302.0,1014.8,,12.2,,,,,2025-12-08 14:50:00
200.0,12.0,15.0,,,,,1014.5,,12.1,,,-3.6,,2025-12-08 15:00:00
200.0,13.0,16.0,,,,,1014.4,,12.1,,,,,2025-12-08 15:10:00
200.0,13.0,16.0,3.8,12.0,7.9,290.0,1014.2,,12.1,,,,,2025-12-08 15:20:00
200.0,14.0,18.0,,,,,1014.1,,12.1,,,,,2025-12-08 15:30:00
210.0,14.0,19.0,,,,,1014.1,,12.1,,,,,2025-12-08 15:40:00
210.0,14.0,17.0,3.4,13.0,7.4,291.0,1014.1,,12.0,,,,,2025-12-08 15:50:00
210.0,13.0,16.0,,,,,1014.1,,12.0,,,-2.7,,2025-12-08 16:00:00
210.0,14.0,17.0,4.1,,8.0,289.0,1013.8,,12.0,,,,,2025-12-08 16:10:00
210.0,14.0,18.0,4.1,12.0,8.0,289.0,1013.9,,12.0,,,,,2025-12-08 16:20:00
210.0,14.0,18.0,,,,,1013.9,,12.0,,,,,2025-12-08 16:30:00
220.0,14.0,17.0,,,,,1014.4,,12.0,,,,,2025-12-08 16:40:00
220.0,14.0,18.0,4.1,12.0,7.7,289.0,1014.3,,12.0,,,,,2025-12-08 16:50:00
220.0,15.0,19.0,,,,,1014.4,,12.0,,,-1.2,,2025-12-08 17:00:00
220.0,14.0,19.0,4.0,,7.5,284.0,1014.5,,12.0,,,,,2025-12-08 17:10:00
220.0,15.0,19.0,4.0,12.0,7.5,284.0,1014.6,,12.0,,,,,2025-12-08 17:20:00
230.0,14.0,18.0,,,,,1014.8,,12.0,,,,,2025-12-08 17:30:00
230.0,15.0,18.0,,,,,1015.1,,12.0,,,,,2025-12-08 17:40:00
220.0,14.0,17.0,4.1,13.0,7.5,279.0,1015.3,,12.0,,,,,2025-12-08 17:50:00
230.0,14.0,17.0,,,,,1015.4,,12.0,,,0.9,,2025-12-08 18:00:00
230.0,14.0,17.0,,,,,1015.5,,12.0,,,,,2025-12-08 18:10:00
220.0,13.0,17.0,4.6,13.0,7.7,279.0,1015.5,,12.1,,,,,2025-12-08 18:20:00
230.0,14.0,17.0,,,,,1015.5,,12.0,,,,,2025-12-08 18:30:00
220.0,13.0,17.0,,,,,1015.6,,12.0,,,,,2025-12-08 18:40:00
220.0,14.0,17.0,4.5,11.0,7.6,279.0,1015.7,,12.0,,,,,2025-12-08 18:50:00
230.0,13.0,17.0,,,,,1015.7,,12.0,,,1.6,,2025-12-08 19:00:00
220.0,13.0,16.0,4.5,,7.4,287.0,1015.7,,12.1,,,,,2025-12-08 19:10:00
220.0,13.0,16.0,4.5,11.0,7.4,287.0,1015.7,,12.1,,,,,2025-12-08 19:20:00
220.0,13.0,16.0,,,,,1015.7,,12.1,,,,,2025-12-08 19:30:00
220.0,14.0,17.0,,,,,1015.7,,,,,,,2025-12-08 19:40:00
220.0,14.0,16.0,4.9,13.0,7.7,282.0,1015.6,,12.1,,,,,2025-12-08 19:50:00
220.0,14.0,16.0,,,,,1015.6,,12.1,,,1.2,,2025-12-08 20:00:00
220.0,14.0,18.0,5.3,,7.7,278.0,1015.7,,12.1,,,,,2025-12-08 20:10:00
220.0,13.0,16.0,5.3,11.0,7.7,278.0,1015.5,,12.1,,,,,2025-12-08 20:20:00
230.0,13.0,16.0,,,,,1015.5,,12.2,,,,,2025-12-08 20:30:00
230.0,13.0,16.0,,,,,1015.5,,12.2,,,,,2025-12-08 20:40:00
220.0,13.0,15.0,4.6,13.0,7.7,276.0,1015.3,,,,,,,2025-12-08 20:50:00
220.0,12.0,15.0,,,,,1015.1,,12.2,,,-0.3,,2025-12-08 21:00:00
220.0,12.0,16.0,4.4,,7.6,278.0,1015.1,,12.2,,,,,2025-12-08 21:10:00
220.0,12.0,15.0,4.4,11.0,7.6,278.0,1014.9,,,,,,,2025-12-08 21:20:00
220.0,12.0,15.0,,,,,1014.8,,12.2,,,,,2025-12-08 21:30:00
220.0,13.0,15.0,4.2,,7.4,279.0,1014.7,,12.2,,,,,2025-12-08 21:40:00
220.0,13.0,16.0,4.2,9.0,7.4,279.0,1014.6,,12.2,,,,,2025-12-08 21:50:00
220.0,13.0,16.0,,,,,1014.6,,12.2,,,-1.1,,2025-12-08 22:00:00
220.0,13.0,15.0,4.3,,7.6,275.0,1014.4,,12.2,,,,,2025-12-08 22:10:00
220.0,13.0,16.0,4.3,14.0,7.6,275.0,1014.4,,,,,,,2025-12-08 22:20:00
220.0,13.0,16.0,,,,,1014.2,,12.2,,,,,2025-12-08 22:30:00
220.0,13.0,16.0,4.3,,7.5,281.0,1013.9,,12.1,,,,,2025-12-08 22:40:00
220.0,13.0,16.0,4.3,11.0,7.5,281.0,1013.9,,12.1,,,,,2025-12-08 22:50:00
220.0,13.0,16.0,,,,,1013.9,,12.1,,,-1.7,,2025-12-08 23:00:00
220.0,13.0,16.0,,,,,1013.9,,12.1,,,,,2025-12-08 23:10:00
220.0,13.0,16.0,4.3,11.0,7.5,274.0,1013.9,,12.1,,,,,2025-12-08 23:20:00
220.0,12.0,16.0,,,,,1013.9,,12.1,,,,,2025-12-08 23:40:00
220.0,13.0,15.0,4.1,11.0,7.3,275.0,1013.8,,12.0,,,,,2025-12-08 23:50:00
220.0,13.0,15.0,,,,,1013.6,,12.0,,,-1.5,,2025-12-09 00:00:00
220.0,12.0,15.0,4.2,,7.6,266.0,1013.6,,12.0,,,,,2025-12-09 00:10:00
220.0,12.0,17.0,4.2,9.0,7.6,266.0,1013.5,,12.0,,,,,2025-12-09 00:20:00
220.0,13.0,16.0,,,,,1013.7,,12.0,,,,,2025-12-09 00:30:00
220.0,13.0,16.0,4.2,,7.7,271.0,1013.6,,12.0,,,,,2025-12-09 00:40:00
220.0,13.0,16.0,4.2,12.0,7.7,271.0,1013.6,,11.9,,,,,2025-12-09 00:50:00
220.0,12.0,15.0,,,,,1013.7,,11.9,,,-0.9,,2025-12-09 01:00:00
220.0,12.0,16.0,4.8,,7.9,278.0,1013.9,,11.9,,,,,2025-12-09 01:10:00
230.0,12.0,15.0,4.8,14.0,7.9,278.0,1013.9,,11.9,,,,,2025-12-09 01:20:00
230.0,13.0,17.0,,,,,1014.0,,11.9,,,,,2025-12-09 01:30:00
220.0,12.0,15.0,4.9,,8.0,284.0,1014.0,,11.9,,,,,2025-12-09 01:40:00
220.0,12.0,15.0,4.9,13.0,8.0,284.0,1014.0,,11.9,,,,,2025-12-09 01:50:00
230.0,11.0,14.0,,,,,1014.0,,11.9,,,-0.0,,2025-12-09 02:00:00
230.0,12.0,14.0,4.7,,7.8,278.0,1014.1,,11.9,,,,,2025-12-09 02:10:00
230.0,12.0,14.0,4.7,14.0,7.8,278.0,1014.1,,11.9,,,,,2025-12-09 02:20:00
230.0,12.0,17.0,,,,,1014.0,,11.9,,,,,2025-12-09 02:30:00
230.0,12.0,15.0,,,,,1014.3,,11.9,,,,,2025-12-09 02:40:00
230.0,11.0,15.0,4.7,14.0,7.8,285.0,1014.4,,11.9,,,,,2025-12-09 02:50:00
240.0,11.0,14.0,,,,,1014.4,,11.9,,,0.8,,2025-12-09 03:00:00
240.0,11.0,15.0,,,,,1014.5,,11.9,,,,,2025-12-09 03:10:00
230.0,11.0,13.0,5.0,13.0,8.3,281.0,1014.6,,11.9,,,,,2025-12-09 03:20:00
240.0,10.0,13.0,,,,,1014.7,,11.9,,,,,2025-12-09 03:30:00
240.0,11.0,13.0,,,,,1014.6,,11.9,,,,,2025-12-09 03:40:00
240.0,10.0,12.0,4.7,13.0,7.8,285.0,1014.7,,11.9,,,,,2025-12-09 03:50:00
240.0,10.0,12.0,,,,,1014.9,,11.9,,,1.2,,2025-12-09 04:00:00
240.0,10.0,12.0,4.9,,8.6,282.0,1015.1,,11.9,,,,,2025-12-09 04:10:00
280.0,9.0,15.0,4.9,13.0,8.6,282.0,1015.5,,11.9,,,,,2025-12-09 04:20:00
330.0,6.0,9.0,,,,,1015.6,,11.9,,,,,2025-12-09 04:30:00
340.0,6.0,8.0,,,,,1015.8,,11.9,,,,,2025-12-09 04:40:00
340.0,6.0,7.0,4.3,14.0,7.9,289.0,1016.0,,11.9,,,,,2025-12-09 04:50:00
330.0,6.0,7.0,,,,,1016.3,,11.9,,,2.3,,2025-12-09 05:00:00
330.0,4.0,6.0,,,,,1016.3,,11.9,,,,,2025-12-09 05:10:00
330.0,4.0,6.0,4.8,14.0,8.7,286.0,1016.4,,11.9,,,,,2025-12-09 05:20:00
330.0,4.0,6.0,,,,,1016.6,,11.9,,,,,2025-12-09 05:30:00
320.0,4.0,5.0,,,,,1016.9,,11.9,,,,,2025-12-09 05:40:00
320.0,4.0,5.0,5.1,14.0,9.2,292.0,1016.9,,11.9,,,,,2025-12-09 05:50:00
320.0,4.0,6.0,,,,,1017.2,,11.9,,,2.8,,2025-12-09 06:00:00
320.0,5.0,7.0,,,,,1017.7,,11.9,,,,,2025-12-09 06:10:00
330.0,6.0,9.0,4.7,14.0,8.9,294.0,1017.9,,11.9,,,,,2025-12-09 06:20:00
320.0,8.0,10.0,,,,,1018.1,,11.9,,,,,2025-12-09 06:30:00
320.0,9.0,11.0,,,,,1018.5,,11.9,,,,,2025-12-09 06:40:00
320.0,8.0,11.0,4.5,14.0,8.7,286.0,1018.7,,11.9,,,,,2025-12-09 06:50:00
320.0,9.0,11.0,,,,,1018.7,,11.9,,,3.8,,2025-12-09 07:00:00
320.0,8.0,10.0,,,,,1018.7,,11.9,,,,,2025-12-09 07:10:00
330.0,6.0,8.0,4.4,13.0,8.8,284.0,1018.6,,11.9,,,,,2025-12-09 07:20:00
320.0,6.0,10.0,,,,,1019.0,,11.9,,,,,2025-12-09 07:30:00
320.0,6.0,8.0,,,,,1019.0,,11.9,,,,,2025-12-09 07:40:00
310.0,4.0,5.0,4.3,13.0,8.9,288.0,1018.9,,11.9,,,,,2025-12-09 07:50:00
310.0,3.0,5.0,,,,,1018.8,,,,,2.5,,2025-12-09 08:00:00
320.0,2.0,4.0,4.1,,8.8,293.0,1019.0,,,,,,,2025-12-09 08:10:00
310.0,2.0,4.0,4.1,13.0,8.8,293.0,1019.2,,11.9,,,,,2025-12-09 08:20:00
290.0,2.0,4.0,,,,,1019.1,,11.9,,,,,2025-12-09 08:30:00
280.0,3.0,5.0,,,,,1019.3,,11.8,,,,,2025-12-09 08:40:00
290.0,3.0,5.0,4.4,13.0,9.3,290.0,1019.2,,11.8,,,,,2025-12-09 08:50:00
280.0,2.0,4.0,,,,,1019.0,,,,,1.8,,2025-12-09 09:00:00
280.0,2.0,4.0,,,,,1018.9,,11.8,,,,,2025-12-09 09:10:00
270.0,2.0,4.0,4.0,13.0,8.8,287.0,1018.8,,11.8,,,,,2025-12-09 09:20:00
270.0,2.0,4.0,,,,,1018.9,,11.8,,,,,2025-12-09 09:30:00
270.0,3.0,4.0,,,,,1019.0,,11.8,,,,,2025-12-09 09:40:00
250.0,2.0,4.0,4.4,11.0,9.1,288.0,1019.1,,11.8,,,,,2025-12-09 09:50:00
260.0,3.0,5.0,,,,,1019.3,,,,,0.6,,2025-12-09 10:00:00
260.0,3.0,4.0,4.7,,9.5,285.0,1019.2,,11.8,,,,,2025-12-09 10:10:00
230.0,3.0,4.0,4.7,13.0,9.5,285.0,1019.3,,11.8,,,,,2025-12-09 10:20:00
240.0,2.0,4.0,,,,,1019.6,,11.8,,,,,2025-12-09 10:30:00
260.0,2.0,4.0,,,,,1019.5,,11.8,,,,,2025-12-09 10:40:00
250.0,2.0,4.0,4.5,13.0,9.0,291.0,1019.6,,11.8,,,,,2025-12-09 10:50:00
240.0,2.0,4.0,,,,,1019.5,,11.8,,,0.7,,2025-12-09 11:00:00
200.0,2.0,4.0,,,,,1019.2,,11.8,,,,,2025-12-09 11:10:00
200.0,3.0,4.0,4.0,12.0,8.7,284.0,1019.5,,11.8,,,,,2025-12-09 11:20:00
210.0,3.0,4.0,,,,,1019.6,,11.8,,,,,2025-12-09 11:30:00
210.0,3.0,4.0,,,,,1019.8,,11.8,,,,,2025-12-09 11:40:00
200.0,4.0,5.0,4.4,13.0,9.2,289.0,1019.8,,11.8,,,,,2025-12-09 11:50:00
190.0,3.0,4.0,,,,,1019.8,,,,,0.8,,2025-12-09 12:00:00
190.0,4.0,5.0,3.8,,8.5,279.0,1019.9,,11.8,,,,,2025-12-09 12:10:00
200.0,4.0,5.0,3.8,11.0,8.5,279.0,1019.8,,11.8,,,,,2025-12-09 12:20:00
170.0,4.0,6.0,,,,,1019.7,,11.8,,,,,2025-12-09 12:30:00
170.0,4.0,5.0,,,,,1019.9,,11.8,,,,,2025-12-09 12:40:00
170.0,4.0,5.0,4.1,11.0,8.8,282.0,1020.0,,11.8,,,,,2025-12-09 12:50:00
170.0,4.0,5.0,,,,,1019.8,,11.8,,,0.5,,2025-12-09 13:00:00
170.0,4.0,5.0,,,,,1019.9,,11.8,,,,,2025-12-09 13:10:00
170.0,4.0,5.0,4.1,10.0,8.5,274.0,1019.8,,11.8,,,,,2025-12-09 13:20:00
170.0,3.0,5.0,,,,,1019.7,,11.8,,,,,2025-12-09 13:30:00
180.0,3.0,4.0,,,,,1019.8,,11.8,,,,,2025-12-09 13:40:00
170.0,3.0,5.0,4.1,13.0,8.5,283.0,1019.7,,11.8,,,,,2025-12-09 13:50:00
170.0,3.0,5.0,,,,,1019.8,,11.8,,,0.3,,2025-12-09 14:00:00
170.0,4.0,5.0,4.0,,8.5,278.0,1019.8,,11.8,,,,,2025-12-09 14:10:00
170.0,4.0,5.0,4.0,12.0,8.5,278.0,1019.9,,11.8,,,,,2025-12-09 14:20:00
170.0,4.0,6.0,,,,,1019.9,,11.8,,,,,2025-12-09 14:30:00
170.0,4.0,6.0,,,,,1019.8,,11.8,,,,,2025-12-09 14:40:00
160.0,4.0,5.0,3.9,10.0,8.4,268.0,1019.7,,11.8,,,,,2025-12-09 14:50:00
170.0,4.0,5.0,,,,,1019.7,,11.8,,,0.0,,2025-12-09 15:00:00
160.0,4.0,6.0,3.8,,8.3,272.0,1019.6,,11.8,,,,,2025-12-09 15:10:00
160.0,4.0,6.0,3.8,13.0,8.3,272.0,1019.8,,11.8,,,,,2025-12-09 15:20:00
160.0,4.0,6.0,,,,,1019.8,,11.8,,,,,2025-12-09 15:30:00
160.0,4.0,6.0,,,,,1019.7,,11.8,,,,,2025-12-09 15:40:00
150.0,4.0,6.0,3.8,11.0,8.5,272.0,1019.7,,11.8,,,,,2025-12-09 15:50:00
140.0,4.0,6.0,,,,,1019.7,,11.8,,,0.0,,2025-12-09 16:00:00
140.0,4.0,6.0,3.7,,8.4,288.0,1019.9,,11.8,,,,,2025-12-09 16:10:00
140.0,4.0,5.0,3.7,13.0,8.4,288.0,1019.9,,11.8,,,,,2025-12-09 16:20:00
130.0,4.0,7.0,,,,,1019.8,,11.8,,,,,2025-12-09 16:30:00
130.0,4.0,6.0,,,,,1019.6,,11.8,,,,,2025-12-09 16:40:00
120.0,4.0,6.0,3.9,14.0,8.6,288.0,1019.7,,11.8,,,,,2025-12-09 16:50:00
120.0,4.0,6.0,,,,,1019.8,,11.8,,,0.0,,2025-12-09 17:00:00
120.0,4.0,6.0,,,,,1019.9,,11.8,,,,,2025-12-09 17:10:00
120.0,4.0,6.0,3.7,13.0,8.8,283.0,1020.2,,11.8,,,,,2025-12-09 17:20:00
120.0,3.0,6.0,,,,,1020.3,,11.8,,,,,2025-12-09 17:30:00
110.0,4.0,6.0,,,,,1020.2,,11.9,,,,,2025-12-09 17:40:00
110.0,4.0,6.0,3.9,13.0,8.9,287.0,1020.2,,11.9,,,,,2025-12-09 17:50:00
110.0,4.0,6.0,,,,,1020.1,,11.9,,,0.4,,2025-12-09 18:00:00
110.0,5.0,7.0,3.9,,8.8,293.0,1020.2,,,,,,,2025-12-09 18:10:00
110.0,5.0,8.0,3.9,12.0,8.8,293.0,1020.0,,11.9,,,,,2025-12-09 18:20:00
120.0,6.0,8.0,,,,,1019.9,,11.9,,,,,2025-12-09 18:30:00
110.0,6.0,9.0,,,,,1019.7,,12.0,,,,,2025-12-09 18:40:00
120.0,6.0,9.0,3.5,11.0,8.5,282.0,1019.6,,12.0,,,,,2025-12-09 18:50:00
120.0,6.0,9.0,,,,,1019.4,,12.1,,,-0.3,,2025-12-09 19:00:00
110.0,7.0,9.0,3.7,,9.0,296.0,1019.1,,12.1,,,,,2025-12-09 19:10:00
110.0,7.0,10.0,3.7,14.0,9.0,296.0,1019.0,,12.2,,,,,2025-12-09 19:20:00
110.0,7.0,10.0,,,,,1018.7,,12.2,,,,,2025-12-09 19:30:00
120.0,7.0,9.0,,,,,1018.5,,12.2,,,,,2025-12-09 19:40:00
120.0,7.0,11.0,3.7,13.0,9.2,291.0,1018.4,,12.2,,,,,2025-12-09 19:50:00
120.0,7.0,10.0,,,,,1018.3,,12.3,,,-1.5,,2025-12-09 20:00:00
120.0,7.0,9.0,,,,,1018.2,,12.3,,,,,2025-12-09 20:10:00
130.0,7.0,10.0,3.5,13.0,9.2,296.0,1018.1,,12.3,,,,,2025-12-09 20:20:00
130.0,7.0,9.0,,,,,1018.2,,12.3,,,,,2025-12-09 20:30:00
130.0,7.0,10.0,,,,,1017.8,,12.3,,,,,2025-12-09 20:40:00
130.0,8.0,10.0,3.8,13.0,9.3,297.0,1017.3,,12.3,,,,,2025-12-09 20:50:00
130.0,7.0,10.0,,,,,1017.3,,12.3,,,-2.8,,2025-12-09 21:00:00
130.0,7.0,11.0,,,,,1017.1,,12.3,,,,,2025-12-09 21:10:00
130.0,7.0,10.0,3.6,12.0,9.1,293.0,1017.3,,12.3,,,,,2025-12-09 21:20:00
130.0,6.0,9.0,,,,,1017.3,,12.3,,,,,2025-12-09 21:30:00
130.0,7.0,9.0,,,,,1016.9,,12.3,,,,,2025-12-09 21:40:00
130.0,7.0,10.0,3.5,13.0,9.1,292.0,1016.7,,12.3,,,,,2025-12-09 21:50:00
140.0,7.0,9.0,,,,,1016.5,,12.3,,,-2.9,,2025-12-09 22:00:00
140.0,7.0,10.0,3.3,,9.1,302.0,1016.4,,12.3,,,,,2025-12-09 22:10:00
150.0,8.0,10.0,3.3,13.0,9.1,302.0,1016.2,,12.3,,,,,2025-12-09 22:20:00
150.0,8.0,9.0,,,,,1016.1,,12.3,,,,,2025-12-09 22:30:00
150.0,8.0,11.0,,,,,1015.8,,12.3,,,,,2025-12-09 22:40:00
150.0,8.0,11.0,3.3,13.0,9.1,301.0,1015.7,,12.3,,,,,2025-12-09 22:50:00
150.0,8.0,10.0,,,,,1015.4,,12.3,,,-2.9,,2025-12-09 23:00:00
150.0,8.0,10.0,3.3,,8.9,305.0,1015.3,,12.3,,,,,2025-12-09 23:10:00
160.0,8.0,10.0,3.3,13.0,8.9,305.0,1015.4,,12.3,,,,,2025-12-09 23:20:00
170.0,8.0,9.0,,,,,1014.9,,12.2,,,,,2025-12-09 23:40:00
170.0,8.0,9.0,3.1,14.0,9.0,299.0,1014.8,,12.2,,,,,2025-12-09 23:50:00
170.0,7.0,9.0,,,,,1014.6,,12.2,,,-2.7,,2025-12-10 00:00:00
180.0,7.0,8.0,,,,,1014.7,,12.1,,,,,2025-12-10 00:10:00
180.0,7.0,9.0,2.9,14.0,8.3,299.0,1014.6,,12.1,,,,,2025-12-10 00:20:00
190.0,8.0,9.0,,,,,1014.6,,12.1,,,,,2025-12-10 00:30:00
200.0,7.0,8.0,3.2,,8.8,304.0,1014.8,,12.0,,,,,2025-12-10 00:40:00
200.0,8.0,10.0,3.2,14.0,8.8,304.0,1014.7,,12.0,,,,,2025-12-10 00:50:00
210.0,8.0,10.0,,,,,1014.8,,12.0,,,-1.7,,2025-12-10 01:00:00
210.0,9.0,11.0,,,,,1014.4,,12.0,,,,,2025-12-10 01:10:00
210.0,9.0,11.0,3.2,11.0,8.4,298.0,1014.5,,12.0,,,,,2025-12-10 01:20:00
210.0,9.0,11.0,,,,,1014.4,,11.9,,,,,2025-12-10 01:30:00
210.0,10.0,12.0,3.0,,8.0,292.0,1014.3,,11.9,,,,,2025-12-10 01:40:00
210.0,10.0,12.0,3.0,12.0,8.0,292.0,1014.5,,11.9,,,,,2025-12-10 01:50:00
210.0,10.0,12.0,,,,,1014.5,,11.9,,,-0.9,,2025-12-10 02:00:00
220.0,10.0,12.0,3.2,,8.1,295.0,1014.6,,11.9,,,,,2025-12-10 02:10:00
220.0,10.0,12.0,3.2,12.0,8.1,295.0,1014.6,,11.9,,,,,2025-12-10 02:20:00
220.0,11.0,13.0,,,,,1014.6,,11.9,,,,,2025-12-10 02:30:00
220.0,11.0,13.0,3.4,,8.1,292.0,1014.6,,11.9,,,,,2025-12-10 02:40:00
220.0,10.0,12.0,3.4,12.0,8.1,292.0,1014.4,,11.9,,,,,2025-12-10 02:50:00
220.0,11.0,13.0,,,,,1014.7,,11.9,,,0.0,,2025-12-10 03:00:00
220.0,11.0,13.0,3.0,,7.6,296.0,1014.8,,11.9,,,,,2025-12-10 03:10:00
220.0,11.0,14.0,3.0,13.0,7.6,296.0,1014.6,,11.9,,,,,2025-12-10 03:20:00
220.0,11.0,13.0,,,,,1014.5,,11.9,,,,,2025-12-10 03:30:00
220.0,11.0,13.0,,,,,1014.8,,11.9,,,,,2025-12-10 03:40:00
220.0,11.0,14.0,3.1,13.0,7.5,285.0,1014.9,,11.9,,,,,2025-12-10 03:50:00
230.0,12.0,14.0,,,,,1015.1,,11.9,,,0.3,,2025-12-10 04:00:00
230.0,12.0,15.0,,,,,1015.2,,11.9,,,,,2025-12-10 04:10:00
230.0,12.0,14.0,3.3,13.0,7.4,282.0,1015.3,,11.9,,,,,2025-12-10 04:20:00
220.0,11.0,15.0,,,,,1015.3,,11.9,,,,,2025-12-10 04:30:00
220.0,11.0,13.0,3.1,,7.0,286.0,1015.3,,11.9,,,,,2025-12-10 04:40:00
230.0,11.0,13.0,3.1,12.0,7.0,286.0,1015.4,,11.9,,,,,2025-12-10 04:50:00
220.0,11.0,14.0,,,,,1015.3,,11.9,,,0.8,,2025-12-10 05:00:00
220.0,11.0,13.0,3.2,,6.9,295.0,1015.3,,12.0,,,,,2025-12-10 05:10:00
220.0,12.0,14.0,3.2,12.0,6.9,295.0,1015.4,,12.0,,,,,2025-12-10 05:20:00
220.0,12.0,15.0,,,,,1015.4,,12.0,,,,,2025-12-10 05:30:00
220.0,12.0,14.0,,,,,1015.4,,12.0,,,,,2025-12-10 05:40:00
220.0,12.0,15.0,3.3,12.0,6.8,291.0,1015.4,,12.0,,,,,2025-12-10 05:50:00
220.0,12.0,16.0,,,,,1015.4,,12.0,,,0.7,,2025-12-10 06:00:00
230.0,12.0,14.0,,,,,1015.3,,12.0,,,,,2025-12-10 06:10:00
230.0,12.0,15.0,3.4,12.0,6.9,282.0,1015.3,,12.1,,,,,2025-12-10 06:20:00
220.0,12.0,14.0,,,,,1015.2,,12.1,,,,,2025-12-10 06:30:00
220.0,12.0,14.0,,,,,1015.3,,12.1,,,,,2025-12-10 06:40:00
220.0,12.0,15.0,3.3,12.0,6.6,303.0,1015.4,,12.1,,,,,2025-12-10 06:50:00
230.0,12.0,14.0,,,,,1015.5,,12.1,,,0.4,,2025-12-10 07:00:00
230.0,12.0,15.0,3.4,,6.8,275.0,1015.8,,12.1,,,,,2025-12-10 07:10:00
230.0,12.0,15.0,3.4,12.0,6.8,275.0,1015.9,,12.1,,,,,2025-12-10 07:20:00
230.0,12.0,15.0,,,,,1015.9,,12.1,,,,,2025-12-10 07:30:00
230.0,12.0,15.0,,,,,1015.8,,12.1,,,,,2025-12-10 07:40:00
230.0,12.0,15.0,3.4,11.0,6.8,287.0,1015.8,,12.2,,,,,2025-12-10 07:50:00
220.0,12.0,15.0,,,,,1015.8,,12.2,,,0.5,,2025-12-10 08:00:00
220.0,12.0,14.0,3.4,,6.9,273.0,1015.6,,12.2,,,,,2025-12-10 08:10:00
220.0,12.0,14.0,3.4,11.0,6.9,273.0,1015.5,,12.2,,,,,2025-12-10 08:20:00
220.0,12.0,15.0,,,,,1015.6,,12.2,,,,,2025-12-10 08:30:00
220.0,12.0,15.0,,,,,1015.7,,12.2,,,,,2025-12-10 08:40:00
230.0,12.0,15.0,3.5,11.0,6.9,286.0,1015.6,,12.2,,,,,2025-12-10 08:50:00
220.0,12.0,14.0,,,,,1015.5,,,,,0.0,,2025-12-10 09:00:00
230.0,12.0,14.0,3.4,,6.6,276.0,1015.4,,12.2,,,,,2025-12-10 09:10:00
220.0,12.0,15.0,3.4,10.0,6.6,276.0,1015.4,,12.2,,,,,2025-12-10 09:20:00
220.0,12.0,15.0,,,,,1015.4,,12.2,,,,,2025-12-10 09:30:00
220.0,12.0,15.0,3.6,,6.8,284.0,1015.6,,12.2,,,,,2025-12-10 09:40:00
220.0,12.0,14.0,3.6,12.0,6.8,284.0,1015.6,,12.2,,,,,2025-12-10 09:50:00
220.0,12.0,14.0,,,,,1015.6,,12.2,,,0.0,,2025-12-10 10:00:00
220.0,12.0,14.0,3.6,,7.0,289.0,1015.4,,12.2,,,,,2025-12-10 10:10:00
220.0,12.0,14.0,3.6,11.0,7.0,289.0,1015.3,,12.2,,,,,2025-12-10 10:20:00
220.0,12.0,15.0,,,,,1015.5,,12.2,,,,,2025-12-10 10:30:00
220.0,12.0,14.0,,,,,1015.7,,12.2,,,,,2025-12-10 10:40:00
220.0,12.0,14.0,3.4,11.0,6.9,270.0,1015.7,,12.2,,,,,2025-12-10 10:50:00
220.0,11.0,14.0,,,,,1015.5,,12.2,,,-0.3,,2025-12-10 11:00:00
220.0,11.0,15.0,3.3,,6.7,280.0,1015.6,,12.2,,,,,2025-12-10 11:10:00
220.0,11.0,15.0,3.3,12.0,6.7,280.0,1015.5,,12.2,,,,,2025-12-10 11:20:00
220.0,11.0,14.0,,,,,1015.3,,12.2,,,,,2025-12-10 11:30:00
220.0,12.0,14.0,,,,,1015.3,,12.2,,,,,2025-12-10 11:40:00
220.0,11.0,14.0,3.5,12.0,7.1,287.0,1015.2,,12.2,,,,,2025-12-10 11:50:00
220.0,11.0,13.0,,,,,1015.2,,12.2,,,-0.3,,2025-12-10 12:00:00
220.0,11.0,14.0,3.6,,7.0,273.0,1015.2,,12.2,,,,,2025-12-10 12:10:00
220.0,11.0,14.0,3.6,10.0,7.0,273.0,1015.1,,12.2,,,,,2025-12-10 12:20:00
220.0,11.0,13.0,,,,,1015.3,,12.2,,,,,2025-12-10 12:30:00
220.0,11.0,13.0,,,,,1015.2,,12.2,,,,,2025-12-10 12:40:00
220.0,12.0,14.0,3.4,10.0,7.0,282.0,1015.2,,12.2,,,,,2025-12-10 12:50:00
220.0,12.0,14.0,,,,,1015.3,,12.2,,,-0.3,,2025-12-10 13:00:00
220.0,11.0,14.0,,,,,1015.2,,12.2,,,,,2025-12-10 13:10:00
220.0,11.0,14.0,3.6,12.0,7.2,284.0,1015.2,,12.2,,,,,2025-12-10 13:20:00
220.0,11.0,14.0,,,,,1015.3,,12.2,,,,,2025-12-10 13:30:00
220.0,11.0,13.0,3.4,,7.1,296.0,1015.4,,12.2,,,,,2025-12-10 13:40:00
220.0,11.0,14.0,3.4,12.0,7.1,296.0,1015.2,,12.1,,,,,2025-12-10 13:50:00
220.0,11.0,14.0,,,,,1015.2,,12.1,,,-0.3,,2025-12-10 14:00:00
220.0,11.0,14.0,3.5,,6.9,279.0,1015.3,,12.1,,,,,2025-12-10 14:10:00
210.0,12.0,15.0,3.5,11.0,6.9,279.0,1015.0,,12.1,,,,,2025-12-10 14:20:00
210.0,11.0,14.0,,,,,1014.9,,12.1,,,,,2025-12-10 14:30:00
210.0,12.0,14.0,,,,,1015.1,,12.1,,,,,2025-12-10 14:40:00
210.0,11.0,14.0,3.4,9.0,6.9,255.0,1015.0,,12.1,,,,,2025-12-10 14:50:00
220.0,11.0,13.0,,,,,1015.0,,12.0,,,0.0,,2025-12-10 15:00:00
220.0,11.0,14.0,3.7,,7.3,285.0,1015.0,,12.0,,,,,2025-12-10 15:10:00
220.0,11.0,13.0,3.7,10.0,7.3,285.0,1015.1,,12.0,,,,,2025-12-10 15:20:00
220.0,11.0,14.0,,,,,1015.3,,12.0,,,,,2025-12-10 15:30:00
220.0,11.0,14.0,,,,,1015.4,,12.0,,,,,2025-12-10 15:40:00
220.0,11.0,13.0,3.6,12.0,7.2,284.0,1015.3,,12.0,,,,,2025-12-10 15:50:00
220.0,11.0,14.0,,,,,1015.3,,12.0,,,-0.0,,2025-12-10 16:00:00
220.0,11.0,13.0,3.4,,7.2,291.0,1015.4,,12.0,,,,,2025-12-10 16:10:00
220.0,11.0,13.0,3.4,11.0,7.2,291.0,1015.4,,12.0,,,,,2025-12-10 16:20:00
220.0,11.0,13.0,,,,,1015.4,,12.0,,,,,2025-12-10 16:30:00
220.0,11.0,14.0,,,,,1015.4,,12.0,,,,,2025-12-10 16:40:00
220.0,11.0,13.0,3.7,11.0,7.5,286.0,1015.6,,12.0,,,,,2025-12-10 16:50:00
220.0,11.0,13.0,,,,,1015.7,,12.0,,,0.5,,2025-12-10 17:00:00
220.0,11.0,13.0,3.8,,7.3,255.0,1015.9,,12.0,,,,,2025-12-10 17:10:00
220.0,11.0,13.0,3.8,9.0,7.3,255.0,1015.9,,12.0,,,,,2025-12-10 17:20:00
210.0,11.0,13.0,,,,,1015.9,,12.0,,,,,2025-12-10 17:30:00
210.0,11.0,14.0,,,,,1015.9,,12.0,,,,,2025-12-10 17:40:00
220.0,11.0,13.0,3.6,11.0,7.3,273.0,1015.9,,12.0,,,,,2025-12-10 17:50:00
220.0,11.0,14.0,,,,,1016.0,,12.0,,,1.0,,2025-12-10 18:00:00
220.0,11.0,13.0,3.4,,7.0,284.0,1016.1,,12.0,,,,,2025-12-10 18:10:00
210.0,11.0,14.0,3.4,11.0,7.0,284.0,1016.1,,12.0,,,,,2025-12-10 18:20:00
210.0,11.0,14.0,,,,,1016.2,,12.0,,,,,2025-12-10 18:30:00
220.0,12.0,15.0,3.7,,7.0,281.0,1016.2,,12.0,,,,,2025-12-10 18:40:00
220.0,12.0,14.0,3.7,11.0,7.0,281.0,1016.2,,12.0,,,,,2025-12-10 18:50:00
220.0,11.0,14.0,,,,,1016.3,,12.0,,,1.0,,2025-12-10 19:00:00
220.0,12.0,14.0,,,,,1016.4,,12.0,,,,,2025-12-10 19:10:00
210.0,12.0,15.0,3.6,10.0,7.1,268.0,1016.3,,12.0,,,,,2025-12-10 19:20:00
210.0,12.0,15.0,,,,,1016.2,,12.0,,,,,2025-12-10 19:30:00
210.0,12.0,15.0,,,,,1016.1,,12.0,,,,,2025-12-10 19:40:00
210.0,12.0,16.0,3.5,11.0,7.2,265.0,1016.1,,12.0,,,,,2025-12-10 19:50:00
210.0,12.0,14.0,,,,,1016.1,,12.0,,,0.4,,2025-12-10 20:00:00
220.0,12.0,15.0,,,,,1016.1,,12.0,,,,,2025-12-10 20:10:00
220.0,12.0,15.0,3.9,11.0,7.3,274.0,1016.2,,12.0,,,,,2025-12-10 20:20:00
220.0,12.0,14.0,,,,,1016.0,,12.0,,,,,2025-12-10 20:30:00
220.0,12.0,14.0,,,,,1015.9,,12.0,,,,,2025-12-10 20:40:00
210.0,12.0,14.0,3.7,10.0,7.1,259.0,1015.8,,12.0,,,,,2025-12-10 20:50:00
210.0,12.0,14.0,,,,,1015.8,,12.0,,,0.0,,2025-12-10 21:00:00
210.0,12.0,14.0,3.6,,7.2,254.0,1015.8,,12.0,,,,,2025-12-10 21:10:00
220.0,12.0,14.0,3.6,10.0,7.2,254.0,1015.8,,12.1,,,,,2025-12-10 21:20:00
220.0,12.0,14.0,,,,,1015.7,,12.1,,,,,2025-12-10 21:30:00
220.0,12.0,14.0,3.9,,7.2,258.0,1015.7,,12.1,,,,,2025-12-10 21:40:00
220.0,12.0,14.0,3.9,9.0,7.2,258.0,1015.7,,12.1,,,,,2025-12-10 21:50:00
220.0,12.0,15.0,,,,,1015.7,,12.1,,,-0.6,,2025-12-10 22:00:00
210.0,11.0,14.0,3.7,,7.2,263.0,1015.6,,12.1,,,,,2025-12-10 22:10:00
210.0,11.0,13.0,3.7,11.0,7.2,263.0,1015.7,,12.2,,,,,2025-12-10 22:20:00
210.0,12.0,14.0,,,,,1015.6,,,,,,,2025-12-10 22:30:00
220.0,12.0,14.0,3.7,,7.0,261.0,1015.6,,12.2,,,,,2025-12-10 22:40:00
210.0,12.0,14.0,3.7,9.0,7.0,261.0,1015.4,,12.2,,,,,2025-12-10 22:50:00
210.0,11.0,14.0,,,,,1015.4,,12.2,,,-0.7,,2025-12-10 23:00:00
210.0,11.0,13.0,,,,,1015.4,,,,,,,2025-12-10 23:10:00
220.0,11.0,14.0,3.5,,7.0,268.0,1015.6,,12.3,,,,,2025-12-10 23:40:00
220.0,11.0,13.0,3.5,11.0,7.0,268.0,1015.8,,12.3,,,,,2025-12-10 23:50:00
220.0,10.0,13.0,,,,,1015.9,,12.3,,,-0.0,,2025-12-11 00:00:00
220.0,11.0,13.0,,,,,1015.9,,12.3,,,,,2025-12-11 00:10:00
220.0,10.0,13.0,3.7,10.0,7.0,261.0,1016.0,,12.3,,,,,2025-12-11 00:20:00
220.0,10.0,12.0,,,,,1016.1,,12.3,,,,,2025-12-11 00:30:00
220.0,10.0,12.0,3.8,,7.4,270.0,1016.1,,12.3,,,,,2025-12-11 00:40:00
220.0,10.0,12.0,3.8,10.0,7.4,270.0,1016.0,,12.3,,,,,2025-12-11 00:50:00
220.0,10.0,13.0,,,,,1015.9,,12.3,,,-0.0,,2025-12-11 01:00:00
220.0,10.0,12.0,,,,,1015.8,,12.3,,,,,2025-12-11 01:10:00
210.0,10.0,12.0,3.6,11.0,7.1,274.0,1015.8,,12.3,,,,,2025-12-11 01:20:00
220.0,11.0,12.0,,,,,1016.0,,12.3,,,,,2025-12-11 01:30:00
220.0,10.0,13.0,3.5,,7.4,261.0,1016.1,,12.3,,,,,2025-12-11 01:40:00
220.0,10.0,13.0,3.5,10.0,7.4,261.0,1016.2,,12.4,,,,,2025-12-11 01:50:00
220.0,11.0,13.0,,,,,1016.4,,12.4,,,1.0,,2025-12-11 02:00:00
220.0,11.0,13.0,3.5,,7.1,268.0,1016.4,,12.4,,,,,2025-12-11 02:10:00
220.0,10.0,12.0,3.5,10.0,7.1,268.0,1016.5,,12.4,,,,,2025-12-11 02:20:00
220.0,10.0,13.0,,,,,1016.4,,12.4,,,,,2025-12-11 02:30:00
220.0,10.0,12.0,,,,,1016.6,,12.4,,,,,2025-12-11 02:40:00
220.0,10.0,12.0,3.5,11.0,7.4,278.0,1016.8,,12.4,,,,,2025-12-11 02:50:00
220.0,10.0,12.0,,,,,1017.0,,12.4,,,1.1,,2025-12-11 03:00:00
220.0,10.0,11.0,3.7,,7.7,283.0,1017.0,,12.4,,,,,2025-12-11 03:10:00
220.0,10.0,12.0,3.7,15.0,7.7,283.0,1017.0,,12.4,,,,,2025-12-11 03:20:00
220.0,10.0,12.0,,,,,1017.1,,12.4,,,,,2025-12-11 03:30:00
220.0,10.0,11.0,,,,,1017.2,,12.4,,,,,2025-12-11 03:40:00
230.0,10.0,12.0,3.8,12.0,7.9,281.0,1017.4,,12.4,,,,,2025-12-11 03:50:00
230.0,9.0,11.0,,,,,1017.5,,12.4,,,1.6,,2025-12-11 04:00:00
230.0,9.0,11.0,,,,,1017.6,,12.4,,,,,2025-12-11 04:10:00
230.0,9.0,11.0,3.7,12.0,7.8,281.0,1017.6,,12.4,,,,,2025-12-11 04:20:00
230.0,9.0,11.0,,,,,1017.6,,12.4,,,,,2025-12-11 04:30:00
220.0,9.0,11.0,,,,,1017.6,,12.4,,,,,2025-12-11 04:40:00
230.0,9.0,10.0,3.8,15.0,7.8,275.0,1017.6,,12.4,,,,,2025-12-11 04:50:00
230.0,8.0,10.0,,,,,1017.6,,12.4,,,1.2,,2025-12-11 05:00:00
230.0,8.0,10.0,,,,,1017.7,,12.4,,,,,2025-12-11 05:10:00
230.0,9.0,11.0,3.6,15.0,8.0,280.0,1017.7,,12.4,,,,,2025-12-11 05:20:00
230.0,9.0,11.0,,,,,1017.7,,12.4,,,,,2025-12-11 05:30:00
230.0,8.0,11.0,3.6,,7.8,258.0,1017.9,,12.3,,,,,2025-12-11 05:40:00
230.0,8.0,10.0,3.6,15.0,7.8,258.0,1018.0,,12.3,,,,,2025-12-11 05:50:00
230.0,8.0,10.0,,,,,1018.1,,12.3,,,1.1,,2025-12-11 06:00:00
230.0,8.0,10.0,3.5,,8.2,275.0,1018.1,,12.3,,,,,2025-12-11 06:10:00
230.0,8.0,9.0,3.5,15.0,8.2,275.0,1018.1,,12.3,,,,,2025-12-11 06:20:00
230.0,8.0,10.0,,,,,1018.3,,12.3,,,,,2025-12-11 06:30:00
230.0,8.0,9.0,,,,,1018.3,,12.3,,,,,2025-12-11 06:40:00
230.0,7.0,9.0,3.3,11.0,7.8,283.0,1018.5,,12.3,,,,,2025-12-11 06:50:00
230.0,7.0,9.0,,,,,1018.5,,12.3,,,1.0,,2025-12-11 07:00:00
230.0,7.0,9.0,,,,,1018.7,,12.3,,,,,2025-12-11 07:10:00
240.0,7.0,8.0,3.4,15.0,8.1,283.0,1018.7,,12.3,,,,,2025-12-11 07:20:00
240.0,7.0,8.0,,,,,1018.8,,12.3,,,,,2025-12-11 07:30:00
240.0,6.0,8.0,3.5,,8.3,276.0,1018.9,,12.3,,,,,2025-12-11 07:40:00
250.0,6.0,8.0,3.5,15.0,8.3,276.0,1019.0,,12.2,,,,,2025-12-11 07:50:00
260.0,5.0,6.0,,,,,1019.0,,12.2,,,1.4,,2025-12-11 08:00:00
270.0,4.0,5.0,,,,,1019.1,,12.2,,,,,2025-12-11 08:10:00
340.0,2.0,4.0,3.6,15.0,8.3,275.0,1019.1,,12.2,,,,,2025-12-11 08:20:00
340.0,2.0,3.0,,,,,1019.1,,12.2,,,,,2025-12-11 08:30:00
350.0,2.0,3.0,,,,,1019.0,,12.2,,,,,2025-12-11 08:40:00
360.0,2.0,3.0,3.5,13.0,8.7,272.0,1018.9,,12.2,,,,,2025-12-11 08:50:00
10.0,2.0,3.0,,,,,1018.9,,12.2,,,0.8,,2025-12-11 09:00:00
10.0,2.0,2.0,3.4,,8.6,283.0,1018.9,,12.2,,,,,2025-12-11 09:10:00
360.0,2.0,3.0,3.4,15.0,8.6,283.0,1019.1,,12.2,,,,,2025-12-11 09:20:00
350.0,2.0,5.0,,,,,1019.2,,12.2,,,,,2025-12-11 09:30:00
10.0,4.0,5.0,,,,,1019.3,,12.2,,,,,2025-12-11 09:40:00
360.0,4.0,5.0,3.3,14.0,8.5,275.0,1019.3,,12.2,,,,,2025-12-11 09:50:00
10.0,4.0,5.0,,,,,1019.3,,12.2,,,0.8,,2025-12-11 10:00:00
360.0,4.0,5.0,,,,,1019.4,,12.2,,,,,2025-12-11 10:10:00
360.0,3.0,5.0,3.3,12.0,8.4,270.0,1019.6,,12.2,,,,,2025-12-11 10:20:00
10.0,3.0,3.0,,,,,1019.4,,12.2,,,,,2025-12-11 10:30:00
10.0,4.0,5.0,,,,,1019.5,,12.2,,,,,2025-12-11 10:40:00
10.0,4.0,5.0,3.0,15.0,8.4,276.0,1019.5,,12.1,,,,,2025-12-11 10:50:00
20.0,4.0,6.0,,,,,1019.5,,12.1,,,0.5,,2025-12-11 11:00:00
30.0,4.0,6.0,3.1,,8.6,281.0,1019.6,,12.1,,,,,2025-12-11 11:10:00
30.0,4.0,5.0,3.1,15.0,8.6,281.0,1019.7,,12.2,,,,,2025-12-11 11:20:00
20.0,3.0,4.0,,,,,1019.9,,12.2,,,,,2025-12-11 11:30:00
10.0,3.0,4.0,,,,,1019.9,,12.2,,,,,2025-12-11 11:40:00
10.0,3.0,4.0,3.4,15.0,9.1,274.0,1019.8,,12.2,,,,,2025-12-11 11:50:00
20.0,4.0,5.0,,,,,1019.9,,,,,1.0,,2025-12-11 12:00:00
20.0,3.0,5.0,3.6,,9.4,278.0,1019.7,,12.2,,,,,2025-12-11 12:10:00
40.0,4.0,5.0,3.6,15.0,9.4,278.0,1019.7,,12.2,,,,,2025-12-11 12:20:00
40.0,4.0,5.0,,,,,1019.8,,12.2,,,,,2025-12-11 12:30:00
50.0,3.0,4.0,,,,,1019.7,,12.2,,,,,2025-12-11 12:40:00
50.0,3.0,4.0,3.3,15.0,8.7,271.0,1019.8,,12.2,,,,,2025-12-11 12:50:00
60.0,3.0,4.0,,,,,1019.9,,12.2,,,0.6,,2025-12-11 13:00:00
40.0,4.0,6.0,,,,,1019.9,,12.2,,,,,2025-12-11 13:10:00
50.0,4.0,5.0,3.5,15.0,9.6,271.0,1019.9,,12.2,,,,,2025-12-11 13:20:00
50.0,4.0,6.0,,,,,1019.9,,12.2,,,,,2025-12-11 13:30:00
60.0,4.0,5.0,,,,,1019.9,,12.2,,,,,2025-12-11 13:40:00
70.0,4.0,6.0,3.3,15.0,9.1,271.0,1019.9,,12.2,,,,,2025-12-11 13:50:00
60.0,4.0,6.0,,,,,1020.0,,12.2,,,0.5,,2025-12-11 14:00:00
50.0,4.0,6.0,,,,,1020.2,,12.2,,,,,2025-12-11 14:10:00
60.0,4.0,6.0,3.3,14.0,8.9,285.0,1020.2,,12.2,,,,,2025-12-11 14:20:00
70.0,4.0,6.0,,,,,1020.2,,12.2,,,,,2025-12-11 14:30:00
70.0,4.0,6.0,,,,,1020.2,,12.3,,,,,2025-12-11 14:40:00
80.0,4.0,6.0,3.6,14.0,9.2,270.0,1020.3,,12.3,,,,,2025-12-11 14:50:00
70.0,4.0,6.0,,,,,1020.6,,12.3,,,0.7,,2025-12-11 15:00:00
60.0,4.0,6.0,,,,,1020.8,,12.3,,,,,2025-12-11 15:10:00
50.0,4.0,5.0,3.1,14.0,8.6,287.0,1020.9,,12.3,,,,,2025-12-11 15:20:00
60.0,4.0,6.0,,,,,1020.8,,12.3,,,,,2025-12-11 15:30:00
70.0,4.0,6.0,,,,,1020.8,,12.3,,,,,2025-12-11 15:40:00
70.0,4.0,6.0,3.3,13.0,8.6,280.0,1020.9,,12.3,,,,,2025-12-11 15:50:00
70.0,5.0,7.0,,,,,1020.8,,12.3,,,0.9,,2025-12-11 16:00:00
70.0,5.0,7.0,3.2,,8.7,278.0,1020.8,,12.3,,,,,2025-12-11 16:10:00
80.0,5.0,7.0,3.2,14.0,8.7,278.0,1020.8,,12.3,,,,,2025-12-11 16:20:00
80.0,5.0,7.0,,,,,1021.0,,12.3,,,,,2025-12-11 16:30:00
80.0,5.0,7.0,,,,,1021.0,,12.3,,,,,2025-12-11 16:40:00
80.0,5.0,7.0,3.8,15.0,9.2,278.0,1021.2,,12.4,,,,,2025-12-11 16:50:00
80.0,5.0,6.0,,,,,1021.3,,12.4,,,1.3,,2025-12-11 17:00:00
80.0,5.0,7.0,3.2,,8.6,294.0,1021.3,,12.4,,,,,2025-12-11 17:10:00
80.0,5.0,7.0,3.2,15.0,8.6,294.0,1021.6,,12.4,,,,,2025-12-11 17:20:00
80.0,6.0,7.0,,,,,1021.8,,12.4,,,,,2025-12-11 17:30:00
90.0,5.0,7.0,,,,,1021.9,,12.4,,,,,2025-12-11 17:40:00
90.0,6.0,7.0,2.8,15.0,8.1,277.0,1022.0,,12.4,,,,,2025-12-11 17:50:00
90.0,6.0,8.0,,,,,1022.1,,12.4,,,1.5,,2025-12-11 18:00:00
90.0,6.0,7.0,,,,,1022.0,,12.4,,,,,2025-12-11 18:10:00
90.0,6.0,7.0,2.9,15.0,8.7,270.0,1022.1,,12.4,,,,,2025-12-11 18:20:00
100.0,5.0,7.0,,,,,1022.1,,12.4,,,,,2025-12-11 18:30:00
100.0,6.0,7.0,,,,,1022.1,,12.4,,,,,2025-12-11 18:40:00
100.0,6.0,8.0,3.1,13.0,8.4,280.0,1022.0,,12.4,,,,,2025-12-11 18:50:00
110.0,6.0,8.0,,,,,1022.1,,12.4,,,1.3,,2025-12-11 19:00:00
100.0,6.0,8.0,,,,,1022.0,,12.4,,,,,2025-12-11 19:10:00
100.0,5.0,7.0,3.0,15.0,8.6,278.0,1022.0,,12.4,,,,,2025-12-11 19:20:00
100.0,5.0,8.0,,,,,1022.0,,12.4,,,,,2025-12-11 19:30:00
110.0,5.0,7.0,,,,,1022.0,,12.4,,,,,2025-12-11 19:40:00
110.0,5.0,7.0,3.2,15.0,8.8,285.0,1021.9,,12.4,,,,,2025-12-11 19:50:00
110.0,5.0,7.0,,,,,1021.9,,12.4,,,0.6,,2025-12-11 20:00:00
120.0,5.0,7.0,2.9,,8.5,282.0,1021.7,,12.4,,,,,2025-12-11 20:10:00
120.0,5.0,7.0,2.9,15.0,8.5,282.0,1021.5,,12.4,,,,,2025-12-11 20:20:00
130.0,5.0,7.0,,,,,1021.3,,12.4,,,,,2025-12-11 20:30:00
130.0,5.0,7.0,,,,,1021.3,,12.4,,,,,2025-12-11 20:40:00
140.0,5.0,6.0,2.9,15.0,8.7,284.0,1021.1,,12.4,,,,,2025-12-11 20:50:00
150.0,4.0,6.0,,,,,1021.2,,12.4,,,-0.9,,2025-12-11 21:00:00
160.0,4.0,5.0,2.7,,8.4,268.0,1021.1,,12.4,,,,,2025-12-11 21:10:00
170.0,4.0,5.0,2.7,15.0,8.4,268.0,1021.1,,12.4,,,,,2025-12-11 21:20:00
170.0,3.0,4.0,,,,,1021.2,,12.4,,,,,2025-12-11 21:30:00
180.0,3.0,4.0,,,,,1021.2,,12.4,,,,,2025-12-11 21:40:00
200.0,4.0,4.0,2.7,14.0,8.4,278.0,1021.1,,12.4,,,,,2025-12-11 21:50:00
200.0,4.0,4.0,,,,,1021.0,,12.4,,,-1.1,,2025-12-11 22:00:00
200.0,4.0,5.0,,,,,1020.9,,12.4,,,,,2025-12-11 22:10:00
210.0,4.0,4.0,2.5,15.0,8.4,280.0,1020.9,,12.4,,,,,2025-12-11 22:20:00
210.0,4.0,5.0,,,,,1020.9,,12.4,,,,,2025-12-11 22:30:00
210.0,4.0,5.0,,,,,1020.9,,12.4,,,,,2025-12-11 22:40:00
220.0,4.0,5.0,2.6,15.0,8.8,267.0,1020.9,,12.4,,,,,2025-12-11 22:50:00
220.0,4.0,5.0,,,,,1020.9,,12.4,,,-1.0,,2025-12-11 23:00:00
230.0,4.0,5.0,2.4,,8.6,278.0,1020.9,,12.4,,,,,2025-12-11 23:10:00
230.0,4.0,5.0,2.4,15.0,8.6,278.0,1021.1,,12.4,,,,,2025-12-11 23:20:00
230.0,4.0,5.0,,,,,1021.1,,12.4,,,,,2025-12-11 23:40:00
230.0,4.0,5.0,2.5,15.0,8.7,272.0,1021.1,,12.4,,,,,2025-12-11 23:50:00
220.0,4.0,6.0,,,,,1021.2,,12.4,,,-0.0,,2025-12-12 00:00:00
230.0,4.0,6.0,2.7,,9.0,288.0,1021.2,,12.4,,,,,2025-12-12 00:10:00
230.0,5.0,6.0,2.7,15.0,9.0,288.0,1021.2,,12.4,,,,,2025-12-12 00:20:00
220.0,5.0,6.0,,,,,1021.2,,12.4,,,,,2025-12-12 00:30:00
220.0,5.0,6.0,,,,,1021.3,,12.4,,,,,2025-12-12 00:40:00
220.0,5.0,6.0,2.3,14.0,8.6,282.0,1021.3,,12.4,,,,,2025-12-12 00:50:00
220.0,5.0,6.0,,,,,1021.4,,12.4,,,0.4,,2025-12-12 01:00:00
220.0,5.0,6.0,2.5,,8.9,284.0,1021.4,,12.4,,,,,2025-12-12 01:10:00
230.0,5.0,7.0,2.5,15.0,8.9,284.0,1021.6,,12.4,,,,,2025-12-12 01:20:00
230.0,5.0,6.0,,,,,1021.6,,12.4,,,,,2025-12-12 01:30:00
230.0,5.0,6.0,,,,,1021.6,,12.4,,,,,2025-12-12 01:40:00
230.0,6.0,7.0,2.4,15.0,8.7,275.0,1021.6,,12.4,,,,,2025-12-12 01:50:00
230.0,6.0,7.0,,,,,1021.6,,12.4,,,0.7,,2025-12-12 02:00:00
230.0,5.0,7.0,,,,,1021.6,,12.4,,,,,2025-12-12 02:10:00
230.0,5.0,6.0,2.5,14.0,8.6,274.0,1021.6,,12.4,,,,,2025-12-12 02:20:00
220.0,5.0,6.0,,,,,1021.6,,12.4,,,,,2025-12-12 02:30:00
220.0,5.0,6.0,,,,,1021.7,,12.4,,,,,2025-12-12 02:40:00
220.0,5.0,5.0,2.6,14.0,8.7,273.0,1021.7,,12.4,,,,,2025-12-12 02:50:00
220.0,5.0,6.0,,,,,1021.7,,12.4,,,0.5,,2025-12-12 03:00:00
210.0,4.0,5.0,,,,,1021.7,,12.4,,,,,2025-12-12 03:10:00
220.0,5.0,6.0,2.5,15.0,8.7,271.0,1021.8,,12.4,,,,,2025-12-12 03:20:00
220.0,5.0,6.0,,,,,1021.7,,12.4,,,,,2025-12-12 03:30:00
210.0,5.0,6.0,,,,,1021.7,,12.4,,,,,2025-12-12 03:40:00
210.0,5.0,5.0,2.6,12.0,9.0,280.0,1021.7,,12.4,,,,,2025-12-12 03:50:00
220.0,5.0,6.0,,,,,1021.7,,12.4,,,0.3,,2025-12-12 04:00:00
210.0,4.0,5.0,2.5,,8.8,270.0,1021.7,,12.4,,,,,2025-12-12 04:10:00
220.0,4.0,5.0,2.5,14.0,8.8,270.0,1021.8,,12.4,,,,,2025-12-12 04:20:00
220.0,4.0,5.0,,,,,1021.9,,12.4,,,,,2025-12-12 04:30:00
220.0,4.0,5.0,,,,,1021.9,,12.4,,,,,2025-12-12 04:40:00
220.0,4.0,5.0,2.7,14.0,8.9,279.0,1022.0,,12.4,,,,,2025-12-12 04:50:00
220.0,4.0,5.0,,,,,1021.8,,12.4,,,0.0,,2025-12-12 05:00:00
230.0,3.0,4.0,2.6,,8.7,271.0,1021.9,,12.4,,,,,2025-12-12 05:10:00
220.0,3.0,4.0,2.6,14.0,8.7,271.0,1022.0,,12.4,,,,,2025-12-12 05:20:00
210.0,4.0,4.0,,,,,1022.0,,12.4,,,,,2025-12-12 05:30:00
210.0,3.0,4.0,,,,,1021.9,,12.4,,,,,2025-12-12 05:40:00
210.0,4.0,4.0,2.5,13.0,8.6,278.0,1022.1,,12.4,,,,,2025-12-12 05:50:00
210.0,4.0,4.0,,,,,1022.0,,12.4,,,0.3,,2025-12-12 06:00:00
200.0,3.0,4.0,2.4,,8.5,262.0,1022.2,,12.4,,,,,2025-12-12 06:10:00
200.0,3.0,4.0,2.4,11.0,8.5,262.0,1022.3,,12.4,,,,,2025-12-12 06:20:00
210.0,3.0,4.0,,,,,1022.3,,12.4,,,,,2025-12-12 06:30:00
200.0,3.0,4.0,,,,,1022.3,,12.4,,,,,2025-12-12 06:40:00
200.0,3.0,4.0,2.6,12.0,8.9,274.0,1022.2,,12.4,,,,,2025-12-12 06:50:00
190.0,3.0,4.0,,,,,1022.3,,12.4,,,0.6,,2025-12-12 07:00:00
190.0,3.0,4.0,2.6,,9.1,278.0,1022.3,,12.4,,,,,2025-12-12 07:10:00
200.0,3.0,4.0,2.6,14.0,9.1,278.0,1022.3,,12.4,,,,,2025-12-12 07:20:00
190.0,4.0,4.0,,,,,1022.2,,12.4,,,,,2025-12-12 07:30:00
200.0,4.0,5.0,,,,,1022.2,,12.4,,,,,2025-12-12 07:40:00
200.0,4.0,5.0,2.5,13.0,8.8,275.0,1022.1,,12.4,,,,,2025-12-12 07:50:00
190.0,4.0,5.0,,,,,1022.2,,12.4,,,0.4,,2025-12-12 08:00:00
190.0,4.0,5.0,2.7,,9.1,279.0,1022.2,,12.4,,,,,2025-12-12 08:10:00
200.0,4.0,5.0,2.7,13.0,9.1,279.0,1022.3,,12.4,,,,,2025-12-12 08:20:00
200.0,4.0,5.0,,,,,1022.1,,12.4,,,,,2025-12-12 08:30:00
200.0,4.0,5.0,2.7,,9.1,272.0,1021.9,,12.4,,,,,2025-12-12 08:40:00
200.0,4.0,5.0,2.7,14.0,9.1,272.0,1022.1,,12.4,,,,,2025-12-12 08:50:00
210.0,4.0,5.0,,,,,1022.0,,12.4,,,0.0,,2025-12-12 09:00:00
210.0,4.0,6.0,2.4,,8.6,271.0,1022.1,,12.4,,,,,2025-12-12 09:10:00
210.0,4.0,5.0,2.4,14.0,8.6,271.0,1021.9,,12.4,,,,,2025-12-12 09:20:00
200.0,4.0,6.0,,,,,1022.0,,12.4,,,,,2025-12-12 09:30:00
200.0,4.0,5.0,2.2,,8.0,276.0,1021.9,,12.4,,,,,2025-12-12 09:40:00
200.0,3.0,4.0,2.2,12.0,8.0,276.0,1022.0,,12.4,,,,,2025-12-12 09:50:00
200.0,3.0,4.0,,,,,1022.0,,12.4,,,-0.3,,2025-12-12 10:00:00
200.0,3.0,4.0,2.3,,8.3,281.0,1022.0,,12.4,,,,,2025-12-12 10:10:00
200.0,3.0,4.0,2.3,13.0,8.3,281.0,1022.0,,12.4,,,,,2025-12-12 10:20:00
200.0,3.0,4.0,,,,,1022.0,,12.4,,,,,2025-12-12 10:30:00
200.0,3.0,4.0,,,,,1022.1,,12.4,,,,,2025-12-12 10:40:00
200.0,3.0,4.0,2.3,13.0,8.8,282.0,1022.2,,12.4,,,,,2025-12-12 10:50:00
200.0,3.0,5.0,,,,,1022.2,,12.4,,,0.0,,2025-12-12 11:00:00
200.0,4.0,5.0,,,,,1022.1,,12.4,,,,,2025-12-12 11:10:00
200.0,3.0,4.0,2.2,14.0,8.6,274.0,1022.0,,12.4,,,,,2025-12-12 11:20:00
190.0,4.0,5.0,,,,,1021.9,,12.4,,,,,2025-12-12 11:30:00
190.0,4.0,5.0,,,,,1021.9,,12.4,,,,,2025-12-12 11:40:00
190.0,4.0,5.0,2.2,12.0,8.4,277.0,1021.7,,12.4,,,,,2025-12-12 11:50:00
180.0,4.0,5.0,,,,,1021.7,,12.4,,,-0.3,,2025-12-12 12:00:00
190.0,3.0,4.0,2.1,,8.3,279.0,1021.6,,12.4,,,,,2025-12-12 12:10:00
190.0,3.0,4.0,2.1,11.0,8.3,279.0,1021.6,,12.4,,,,,2025-12-12 12:20:00
180.0,3.0,4.0,,,,,1021.6,,12.4,,,,,2025-12-12 12:30:00
200.0,3.0,4.0,,,,,1021.7,,12.4,,,,,2025-12-12 12:40:00
200.0,3.0,4.0,2.5,13.0,9.1,279.0,1021.6,,12.4,,,,,2025-12-12 12:50:00
200.0,3.0,3.0,,,,,1021.5,,12.4,,,-0.5,,2025-12-12 13:00:00
190.0,3.0,3.0,1.9,,8.3,283.0,1021.6,,12.4,,,,,2025-12-12 13:10:00
200.0,3.0,3.0,1.9,13.0,8.3,283.0,1021.6,,12.4,,,,,2025-12-12 13:20:00
200.0,3.0,3.0,,,,,1021.7,,12.4,,,,,2025-12-12 13:30:00
200.0,2.0,3.0,2.0,,8.7,277.0,1021.6,,12.4,,,,,2025-12-12 13:40:00
190.0,2.0,3.0,2.0,12.0,8.7,277.0,1021.6,,12.4,,,,,2025-12-12 13:50:00
190.0,2.0,3.0,,,,,1021.7,,12.4,,,-0.5,,2025-12-12 14:00:00
190.0,2.0,3.0,2.1,,8.6,279.0,1021.7,,12.4,,,,,2025-12-12 14:10:00
200.0,2.0,3.0,2.1,14.0,8.6,279.0,1021.7,,12.4,,,,,2025-12-12 14:20:00
210.0,2.0,3.0,,,,,1021.8,,12.4,,,,,2025-12-12 14:30:00
210.0,2.0,3.0,,,,,1021.7,,12.4,,,,,2025-12-12 14:40:00
200.0,2.0,3.0,1.9,12.0,8.4,277.0,1021.7,,12.4,,,,,2025-12-12 14:50:00
190.0,2.0,3.0,,,,,1021.6,,12.4,,,0.0,,2025-12-12 15:00:00
190.0,2.0,3.0,2.0,,8.5,276.0,1021.6,,12.4,,,,,2025-12-12 15:10:00
190.0,2.0,2.0,2.0,12.0,8.5,276.0,1021.6,,12.4,,,,,2025-12-12 15:20:00
180.0,2.0,3.0,,,,,1021.5,,12.4,,,,,2025-12-12 15:30:00
180.0,2.0,3.0,,,,,1021.5,,12.4,,,,,2025-12-12 15:40:00
180.0,2.0,3.0,2.2,12.0,8.8,276.0,1021.5,,12.4,,,,,2025-12-12 15:50:00
180.0,2.0,3.0,,,,,1021.5,,12.4,,,0.0,,2025-12-12 16:00:00
170.0,3.0,3.0,,,,,1021.4,,12.4,,,,,2025-12-12 16:10:00
180.0,3.0,4.0,2.2,13.0,8.8,286.0,1021.3,,12.4,,,,,2025-12-12 16:20:00
170.0,3.0,4.0,,,,,1021.3,,12.4,,,,,2025-12-12 16:30:00
170.0,3.0,4.0,,,,,1021.3,,12.4,,,,,2025-12-12 16:40:00
180.0,3.0,4.0,2.1,13.0,8.8,284.0,1021.3,,12.4,,,,,2025-12-12 16:50:00
170.0,3.0,4.0,,,,,1021.3,,12.4,,,-0.4,,2025-12-12 17:00:00
180.0,3.0,4.0,2.0,,8.4,266.0,1021.3,,12.4,,,,,2025-12-12 17:10:00
180.0,4.0,4.0,2.0,14.0,8.4,266.0,1021.4,,12.4,,,,,2025-12-12 17:20:00
170.0,4.0,5.0,,,,,1021.3,,12.4,,,,,2025-12-12 17:30:00
170.0,4.0,5.0,2.0,,8.7,286.0,1021.3,,12.4,,,,,2025-12-12 17:40:00
170.0,4.0,5.0,2.0,13.0,8.7,286.0,1021.2,,12.4,,,,,2025-12-12 17:50:00
180.0,5.0,6.0,,,,,1021.3,,12.4,,,-0.3,,2025-12-12 18:00:00
190.0,4.0,5.0,2.0,,8.7,271.0,1021.4,,12.4,,,,,2025-12-12 18:10:00
190.0,4.0,5.0,2.0,14.0,8.7,271.0,1021.5,,12.4,,,,,2025-12-12 18:20:00
190.0,3.0,4.0,,,,,1021.5,,12.4,,,,,2025-12-12 18:30:00
200.0,4.0,5.0,,,,,1021.6,,12.4,,,,,2025-12-12 18:40:00
200.0,4.0,5.0,2.0,11.0,8.5,273.0,1021.6,,12.4,,,,,2025-12-12 18:50:00
200.0,4.0,5.0,,,,,1021.5,,12.4,,,0.0,,2025-12-12 19:00:00
200.0,4.0,4.0,,,,,1021.5,,12.4,,,,,2025-12-12 19:10:00
200.0,4.0,5.0,2.1,13.0,8.8,272.0,1021.4,,12.4,,,,,2025-12-12 19:20:00
210.0,4.0,5.0,,,,,1021.4,,12.4,,,,,2025-12-12 19:30:00
210.0,3.0,3.0,,,,,1021.3,,12.4,,,,,2025-12-12 19:40:00
210.0,3.0,4.0,2.0,11.0,8.6,273.0,1021.1,,12.4,,,,,2025-12-12 19:50:00
210.0,3.0,4.0,,,,,1021.0,,12.4,,,-0.3,,2025-12-12 20:00:00
210.0,3.0,4.0,1.9,,8.5,269.0,1020.9,,12.4,,,,,2025-12-12 20:10:00
200.0,3.0,3.0,1.9,13.0,8.5,269.0,1020.8,,12.4,,,,,2025-12-12 20:20:00
210.0,3.0,3.0,,,,,1020.7,,12.4,,,,,2025-12-12 20:30:00
210.0,3.0,4.0,,,,,1020.6,,12.5,,,,,2025-12-12 20:40:00
240.0,3.0,4.0,1.7,11.0,8.1,268.0,1020.6,,12.5,,,,,2025-12-12 20:50:00
260.0,4.0,6.0,,,,,1020.4,,12.5,,,-0.9,,2025-12-12 21:00:00
270.0,5.0,6.0,,,,,1020.4,,12.5,,,,,2025-12-12 21:10:00
270.0,5.0,6.0,1.7,12.0,8.2,269.0,1020.3,,12.5,,,,,2025-12-12 21:20:00
270.0,4.0,5.0,,,,,1020.2,,12.5,,,,,2025-12-12 21:30:00
270.0,4.0,5.0,,,,,1020.2,,12.5,,,,,2025-12-12 21:40:00
270.0,3.0,5.0,2.0,12.0,8.5,268.0,1020.2,,12.5,,,,,2025-12-12 21:50:00
270.0,3.0,4.0,,,,,1020.0,,12.5,,,-1.5,,2025-12-12 22:00:00
270.0,4.0,6.0,1.9,,8.7,274.0,1019.9,,12.5,,,,,2025-12-12 22:10:00
270.0,4.0,6.0,1.9,12.0,8.7,274.0,1019.9,,12.5,,,,,2025-12-12 22:20:00
260.0,4.0,5.0,,,,,1019.7,,12.5,,,,,2025-12-12 22:30:00
270.0,3.0,5.0,,,,,1019.7,,12.5,,,,,2025-12-12 22:40:00
280.0,4.0,5.0,1.9,11.0,8.5,274.0,1019.6,,12.5,,,,,2025-12-12 22:50:00
270.0,4.0,5.0,,,,,1019.7,,,,,-1.3,,2025-12-12 23:00:00
280.0,4.0,4.0,1.9,,8.5,267.0,1019.6,,12.5,,,,,2025-12-12 23:10:00
280.0,3.0,4.0,1.9,12.0,8.5,267.0,1019.4,,12.5,,,,,2025-12-12 23:20:00
280.0,3.0,4.0,,,,,1019.3,,12.5,,,,,2025-12-12 23:40:00
280.0,3.0,4.0,1.6,12.0,8.0,258.0,1019.2,,12.5,,,,,2025-12-12 23:50:00
280.0,3.0,3.0,,,,,1019.3,,,,,-1.1,,2025-12-13 00:00:00
270.0,2.0,3.0,1.7,,8.0,266.0,1019.3,,12.4,,,,,2025-12-13 00:10:00
270.0,2.0,3.0,1.7,11.0,8.0,266.0,1019.2,,12.5,,,,,2025-12-13 00:20:00
250.0,2.0,3.0,,,,,1019.2,,12.4,,,,,2025-12-13 00:30:00
270.0,2.0,3.0,,,,,1019.3,,12.4,,,,,2025-12-13 00:40:00
260.0,2.0,3.0,1.8,11.0,8.2,270.0,1019.3,,12.4,,,,,2025-12-13 00:50:00
250.0,1.0,2.0,,,,,1019.2,,12.4,,,-0.8,,2025-12-13 01:00:00
230.0,1.0,1.0,1.6,,7.9,257.0,1019.2,,12.4,,,,,2025-12-13 01:10:00
230.0,1.0,2.0,1.6,12.0,7.9,257.0,1019.2,,12.4,,,,,2025-12-13 01:20:00
280.0,2.0,3.0,,,,,1019.1,,12.4,,,,,2025-12-13 01:30:00
250.0,1.0,2.0,,,,,1019.0,,12.5,,,,,2025-12-13 01:40:00
240.0,1.0,2.0,1.8,12.0,8.1,281.0,1018.9,,12.5,,,,,2025-12-13 01:50:00
230.0,1.0,2.0,,,,,1018.8,,12.5,,,-0.9,,2025-12-13 02:00:00
200.0,1.0,3.0,1.7,,7.8,277.0,1018.7,,12.4,,,,,2025-12-13 02:10:00
210.0,3.0,4.0,1.7,11.0,7.8,277.0,1018.8,,12.5,,,,,2025-12-13 02:20:00
210.0,3.0,4.0,,,,,1018.8,,12.5,,,,,2025-12-13 02:30:00
220.0,3.0,4.0,1.7,,7.9,277.0,1018.8,,12.5,,,,,2025-12-13 02:40:00
210.0,3.0,4.0,1.7,12.0,7.9,277.0,1018.7,,12.4,,,,,2025-12-13 02:50:00
200.0,3.0,4.0,,,,,1018.5,,12.4,,,-0.8,,2025-12-13 03:00:00
210.0,3.0,4.0,1.7,,8.1,282.0,1018.5,,12.4,,,,,2025-12-13 03:10:00
220.0,3.0,4.0,1.7,11.0,8.1,282.0,1018.6,,12.4,,,,,2025-12-13 03:20:00
220.0,4.0,5.0,,,,,1018.4,,12.4,,,,,2025-12-13 03:30:00
210.0,4.0,6.0,,,,,1018.3,,12.4,,,,,2025-12-13 03:40:00
220.0,4.0,5.0,1.5,11.0,7.4,278.0,1018.3,,12.4,,,,,2025-12-13 03:50:00
200.0,4.0,5.0,,,,,1018.3,,12.4,,,-0.9,,2025-12-13 04:00:00
230.0,5.0,6.0,,,,,1018.3,,12.4,,,,,2025-12-13 04:10:00
230.0,5.0,6.0,1.8,12.0,7.7,275.0,1018.4,,12.4,,,,,2025-12-13 04:20:00
240.0,5.0,7.0,,,,,1018.3,,12.4,,,,,2025-12-13 04:30:00
220.0,4.0,5.0,1.6,,7.2,274.0,1018.4,,12.5,,,,,2025-12-13 04:40:00
210.0,4.0,6.0,1.6,11.0,7.2,274.0,1018.4,,12.5,,,,,2025-12-13 04:50:00
210.0,4.0,6.0,,,,,1018.4,,12.4,,,-0.4,,2025-12-13 05:00:00
200.0,5.0,6.0,1.9,,7.4,275.0,1018.3,,12.4,,,,,2025-12-13 05:10:00
190.0,4.0,6.0,1.9,11.0,7.4,275.0,1018.2,,12.4,,,,,2025-12-13 05:20:00
190.0,5.0,5.0,,,,,1018.1,,12.4,,,,,2025-12-13 05:30:00
180.0,5.0,6.0,1.7,,7.1,263.0,1018.1,,,,,,,2025-12-13 05:40:00
180.0,5.0,6.0,1.7,11.0,7.1,263.0,1018.0,,12.4,,,,,2025-12-13 05:50:00
180.0,5.0,6.0,,,,,1018.0,,12.4,,,-0.5,,2025-12-13 06:00:00
180.0,5.0,6.0,1.9,,7.3,279.0,1017.9,,12.4,,,,,2025-12-13 06:10:00
180.0,5.0,6.0,1.9,12.0,7.3,279.0,1017.9,,12.4,,,,,2025-12-13 06:20:00
190.0,5.0,6.0,,,,,1017.8,,12.4,,,,,2025-12-13 06:30:00
190.0,5.0,7.0,1.8,,7.0,278.0,1017.9,,12.4,,,,,2025-12-13 06:40:00
190.0,5.0,6.0,1.8,13.0,7.0,278.0,1017.9,,12.4,,,,,2025-12-13 06:50:00
180.0,5.0,6.0,,,,,1017.8,,12.4,,,-0.5,,2025-12-13 07:00:00
190.0,6.0,7.0,1.7,,6.7,268.0,1017.7,,12.4,,,,,2025-12-13 07:10:00
190.0,6.0,7.0,1.7,12.0,6.7,268.0,1017.7,,12.4,,,,,2025-12-13 07:20:00
190.0,5.0,7.0,,,,,1017.7,,12.4,,,,,2025-12-13 07:30:00
190.0,5.0,6.0,,,,,1017.7,,12.4,,,,,2025-12-13 07:40:00
180.0,6.0,7.0,1.7,10.0,7.0,268.0,1017.6,,12.4,,,,,2025-12-13 07:50:00
190.0,6.0,7.0,,,,,1017.5,,12.4,,,-0.9,,2025-12-13 08:00:00
180.0,5.0,6.0,,,,,1017.4,,12.4,,,,,2025-12-13 08:10:00
190.0,5.0,7.0,1.5,10.0,6.6,269.0,1017.4,,12.4,,,,,2025-12-13 08:20:00
190.0,5.0,6.0,,,,,1017.4,,12.4,,,,,2025-12-13 08:30:00
200.0,4.0,6.0,,,,,1017.4,,12.4,,,,,2025-12-13 08:40:00
200.0,4.0,5.0,1.4,11.0,6.7,254.0,1017.3,,12.4,,,,,2025-12-13 08:50:00
200.0,4.0,5.0,,,,,1017.3,,12.4,,,-0.7,,2025-12-13 09:00:00
190.0,4.0,5.0,1.4,,6.5,248.0,1017.1,,12.4,,,,,2025-12-13 09:10:00
180.0,4.0,5.0,1.4,10.0,6.5,248.0,1017.1,,12.4,,,,,2025-12-13 09:20:00
190.0,3.0,4.0,,,,,1017.0,,,,,,,2025-12-13 09:30:00
,,,1.4,11.0,7.0,252.0,,,12.4,,,,,2025-12-13 10:45:00
,,,1.4,8.0,6.8,260.0,,,12.4,,,,,2025-12-13 11:15:00
,,,1.4,12.0,7.3,257.0,,,12.4,,,,,2025-12-13 11:45:00
,,,1.3,10.0,7.3,258.0,,,12.3,,,,,2025-12-13 12:15:00
,,,1.3,11.0,7.4,256.0,,,12.3,,,,,2025-12-13 12:45:00
,,,1.3,11.0,7.1,267.0,,,12.3,,,,,2025-12-13 13:15:00
,,,1.2,11.0,6.8,270.0,,,12.3,,,,,2025-12-13 13:45:00
,,,1.2,11.0,6.3,273.0,,,12.4,,,,,2025-12-13 14:15:00
,,,1.3,11.0,6.4,262.0,,,12.4,,,,,2025-12-13 14:45:00
,,,1.4,10.0,6.3,266.0,,,12.4,,,,,2025-12-13 15:15:00
,,,1.4,10.0,6.4,260.0,,,12.5,,,,,2025-12-13 15:45:00
,,,1.6,9.0,6.5,253.0,,,12.5,,,,,2025-12-13 16:15:00
,,,1.5,10.0,6.4,269.0,,,12.4,,,,,2025-12-13 16:45:00
,,,1.4,11.0,6.1,261.0,,,12.4,,,,,2025-12-13 17:15:00
,,,1.6,8.0,6.6,265.0,,,12.4,,,,,2025-12-13 17:45:00
170.0,5.0,6.0,,,,,,,12.4,,,,,2025-12-13 18:20:00
160.0,6.0,7.0,,,,,,,12.4,,,,,2025-12-13 18:30:00
160.0,6.0,7.0,,,,,,,12.4,,,,,2025-12-13 18:40:00
160.0,6.0,7.0,,,,,,,12.4,,,,,2025-12-13 18:50:00
160.0,7.0,8.0,1.7,8.0,6.6,269.0,,,,,,,,2025-12-13 19:00:00
170.0,6.0,7.0,,,,,1013.8,,12.4,,,,,2025-12-13 19:10:00
160.0,6.0,8.0,,,,,1013.7,,12.4,,,,,2025-12-13 19:20:00
170.0,6.0,7.0,,,,,1013.4,,12.4,,,,,2025-12-13 19:30:00
160.0,6.0,7.0,1.8,,6.4,257.0,1013.5,,12.4,,,,,2025-12-13 19:40:00
160.0,6.0,7.0,1.8,8.0,6.4,257.0,1013.3,,12.4,,,,,2025-12-13 19:50:00
170.0,6.0,7.0,,,,,1013.2,,12.4,,,,,2025-12-13 20:00:00
170.0,6.0,7.0,1.6,,6.2,275.0,1013.2,,12.4,,,,,2025-12-13 20:10:00
160.0,6.0,7.0,1.6,11.0,6.2,275.0,1013.0,,12.4,,,,,2025-12-13 20:20:00
160.0,6.0,7.0,,,,,1012.9,,12.4,,,,,2025-12-13 20:30:00
170.0,6.0,7.0,,,,,1012.7,,12.4,,,,,2025-12-13 20:40:00
170.0,6.0,7.0,1.5,9.0,6.4,254.0,1012.5,,12.4,,,,,2025-12-13 20:50:00
170.0,6.0,8.0,,,,,1012.4,,12.4,,,,,2025-12-13 21:00:00
160.0,6.0,7.0,,,,,1012.2,,12.4,,,,,2025-12-13 21:10:00
160.0,6.0,7.0,1.7,11.0,6.7,267.0,1012.0,,12.4,,,,,2025-12-13 21:20:00
160.0,6.0,7.0,,,,,1011.9,,12.4,,,,,2025-12-13 21:30:00
160.0,6.0,7.0,1.6,,6.4,258.0,1011.8,,12.4,,,,,2025-12-13 21:40:00
170.0,6.0,7.0,1.6,9.0,6.4,258.0,1011.6,,12.4,,,,,2025-12-13 21:50:00
160.0,6.0,7.0,,,,,1011.4,,12.4,,,,,2025-12-13 22:00:00
170.0,7.0,8.0,,,,,1011.3,,12.4,,,,,2025-12-13 22:10:00
170.0,6.0,8.0,1.5,10.0,6.7,262.0,1011.4,,12.4,,,,,2025-12-13 22:20:00
160.0,6.0,7.0,,,,,1011.2,,12.4,,,,,2025-12-13 22:30:00
160.0,6.0,8.0,,,,,1011.0,,12.4,,,,,2025-12-13 22:40:00
160.0,7.0,8.0,1.7,12.0,7.0,254.0,1010.8,,12.4,,,,,2025-12-13 22:50:00
160.0,7.0,9.0,,,,,1010.8,,12.4,,,-2.4,,2025-12-13 23:00:00
160.0,7.0,8.0,,,,,1010.8,,12.4,,,,,2025-12-13 23:10:00
170.0,7.0,8.0,1.6,13.0,6.8,254.0,1010.8,,12.4,,,,,2025-12-13 23:20:00
170.0,7.0,8.0,1.7,,7.0,258.0,1010.7,,12.4,,,,,2025-12-13 23:40:00
180.0,7.0,9.0,1.7,11.0,7.0,258.0,1010.9,,,,,,,2025-12-13 23:50:00
160.0,7.0,9.0,,,,,1010.6,,12.4,,,-1.8,,2025-12-14 00:00:00
170.0,8.0,9.0,1.6,,6.8,245.0,1010.5,,12.4,,,,,2025-12-14 00:10:00
160.0,8.0,10.0,1.6,11.0,6.8,245.0,1010.3,,12.4,,,,,2025-12-14 00:20:00
170.0,9.0,11.0,,,,,1010.0,,12.4,,,,,2025-12-14 00:30:00
160.0,10.0,11.0,,,,,1009.7,,12.4,,,,,2025-12-14 00:40:00
160.0,9.0,11.0,1.6,11.0,6.3,250.0,1009.9,,12.4,,,,,2025-12-14 00:50:00
160.0,9.0,11.0,,,,,1009.7,,12.4,,,-1.7,,2025-12-14 01:00:00
170.0,9.0,11.0,1.8,,6.4,251.0,1009.9,,12.4,,,,,2025-12-14 01:10:00
170.0,9.0,11.0,1.8,10.0,6.4,251.0,1010.0,,12.3,,,,,2025-12-14 01:20:00
180.0,8.0,10.0,,,,,1010.5,,12.3,,,,,2025-12-14 01:30:00
180.0,8.0,10.0,,,,,1010.3,,12.3,,,,,2025-12-14 01:40:00
170.0,8.0,10.0,1.9,12.0,6.4,244.0,1009.9,,12.3,,,,,2025-12-14 01:50:00
170.0,9.0,10.0,,,,,1009.7,,12.3,,,-1.1,,2025-12-14 02:00:00
170.0,9.0,11.0,1.8,,6.3,241.0,1009.5,,12.3,,,,,2025-12-14 02:10:00
170.0,8.0,10.0,1.8,11.0,6.3,241.0,1009.3,,12.3,,,,,2025-12-14 02:20:00
170.0,9.0,10.0,,,,,1009.1,,12.3,,,,,2025-12-14 02:30:00
170.0,9.0,10.0,1.9,,6.1,258.0,1008.9,,12.3,,,,,2025-12-14 02:40:00
170.0,9.0,11.0,1.9,11.0,6.1,258.0,1008.8,,12.3,,,,,2025-12-14 02:50:00
170.0,10.0,11.0,,,,,1008.8,,12.3,,,-1.8,,2025-12-14 03:00:00
180.0,10.0,11.0,,,,,1008.9,,12.3,,,,,2025-12-14 03:10:00
180.0,10.0,12.0,1.9,12.0,6.0,246.0,1009.3,,12.3,,,,,2025-12-14 03:20:00
190.0,10.0,12.0,,,,,1009.9,,12.3,,,,,2025-12-14 03:30:00
200.0,10.0,12.0,,,,,1009.8,,12.3,,,,,2025-12-14 03:40:00
190.0,10.0,12.0,2.0,11.0,6.0,239.0,1009.6,,12.3,,,,,2025-12-14 03:50:00
200.0,10.0,12.0,,,,,1009.8,,12.3,,,-0.0,,2025-12-14 04:00:00
200.0,9.0,11.0,,,,,1009.8,,12.3,,,,,2025-12-14 04:10:00
210.0,10.0,12.0,2.1,11.0,6.1,250.0,1009.8,,12.3,,,,,2025-12-14 04:20:00
200.0,10.0,12.0,,,,,1009.9,,12.3,,,,,2025-12-14 04:30:00
200.0,10.0,12.0,,,,,1010.1,,12.3,,,,,2025-12-14 04:40:00
200.0,10.0,13.0,2.3,11.0,6.4,248.0,1010.1,,12.3,,,,,2025-12-14 04:50:00
200.0,9.0,11.0,,,,,1009.9,,12.3,,,-0.0,,2025-12-14 05:00:00
200.0,9.0,11.0,2.1,,5.8,241.0,1009.8,,12.3,,,,,2025-12-14 05:10:00
190.0,9.0,11.0,2.1,11.0,5.8,241.0,1009.8,,12.3,,,,,2025-12-14 05:20:00
180.0,9.0,11.0,,,,,1009.8,,12.3,,,,,2025-12-14 05:30:00
190.0,9.0,11.0,2.2,,5.7,251.0,1010.1,,12.3,,,,,2025-12-14 05:40:00
190.0,9.0,11.0,2.2,10.0,5.7,251.0,1010.3,,12.3,,,,,2025-12-14 05:50:00
200.0,9.0,11.0,,,,,1010.3,,12.3,,,1.5,,2025-12-14 06:00:00
200.0,9.0,10.0,2.0,,5.5,256.0,1010.3,,12.3,,,,,2025-12-14 06:10:00
200.0,9.0,11.0,2.0,8.0,5.5,256.0,1010.4,,12.3,,,,,2025-12-14 06:20:00
190.0,9.0,12.0,,,,,1010.4,,12.3,,,,,2025-12-14 06:30:00
190.0,9.0,11.0,,,,,1010.3,,12.3,,,,,2025-12-14 06:40:00
200.0,9.0,11.0,2.3,11.0,5.9,259.0,1010.5,,12.3,,,,,2025-12-14 06:50:00
190.0,9.0,12.0,,,,,1010.6,,12.3,,,0.8,,2025-12-14 07:00:00
190.0,10.0,12.0,,,,,1010.8,,12.3,,,,,2025-12-14 07:10:00
190.0,10.0,12.0,2.4,11.0,5.7,234.0,1010.8,,12.3,,,,,2025-12-14 07:20:00
190.0,9.0,11.0,,,,,1010.9,,12.3,,,,,2025-12-14 07:30:00
190.0,9.0,11.0,,,,,1010.8,,12.3,,,,,2025-12-14 07:40:00
180.0,9.0,11.0,2.3,11.0,6.0,243.0,1010.7,,12.4,,,,,2025-12-14 07:50:00
190.0,9.0,11.0,,,,,1010.6,,12.4,,,0.7,,2025-12-14 08:00:00
180.0,10.0,11.0,2.3,,5.8,245.0,1010.6,,12.4,,,,,2025-12-14 08:10:00
180.0,10.0,12.0,2.3,11.0,5.8,245.0,1010.5,,12.4,,,,,2025-12-14 08:20:00
170.0,10.0,12.0,,,,,1010.3,,12.4,,,,,2025-12-14 08:30:00
180.0,11.0,13.0,2.2,,5.5,237.0,1010.4,,12.4,,,,,2025-12-14 08:40:00
180.0,10.0,12.0,2.2,11.0,5.5,237.0,1010.6,,12.4,,,,,2025-12-14 08:50:00
190.0,10.0,13.0,,,,,1010.8,,12.4,,,0.5,,2025-12-14 09:00:00
190.0,10.0,12.0,2.3,,5.7,244.0,1010.8,,12.5,,,,,2025-12-14 09:10:00
190.0,10.0,13.0,2.3,11.0,5.7,244.0,1010.9,,12.5,,,,,2025-12-14 09:20:00
190.0,10.0,13.0,,,,,1011.0,,12.5,,,,,2025-12-14 09:30:00
190.0,10.0,12.0,2.2,,5.6,240.0,1011.0,,12.5,,,,,2025-12-14 09:40:00
190.0,10.0,12.0,2.2,11.0,5.6,240.0,1011.2,,12.5,,,,,2025-12-14 09:50:00
200.0,10.0,12.0,,,,,1011.4,,12.5,,,0.8,,2025-12-14 10:00:00
200.0,10.0,13.0,,,,,1011.6,,12.5,,,,,2025-12-14 10:10:00
190.0,10.0,13.0,2.4,11.0,5.7,247.0,1011.7,,12.5,,,,,2025-12-14 10:20:00
190.0,10.0,12.0,,,,,1011.8,,12.5,,,,,2025-12-14 10:30:00
190.0,10.0,12.0,,,,,1011.7,,12.5,,,,,2025-12-14 10:40:00
200.0,10.0,12.0,2.3,10.0,5.8,250.0,1011.8,,12.5,,,,,2025-12-14 10:50:00
200.0,10.0,12.0,,,,,1011.8,,12.5,,,1.2,,2025-12-14 11:00:00
190.0,10.0,12.0,2.5,,5.7,255.0,1011.8,,12.5,,,,,2025-12-14 11:10:00
200.0,10.0,12.0,2.5,9.0,5.7,255.0,1011.8,,12.5,,,,,2025-12-14 11:20:00
190.0,10.0,12.0,,,,,1011.7,,12.6,,,,,2025-12-14 11:30:00
200.0,9.0,12.0,,,,,1011.8,,12.6,,,,,2025-12-14 11:40:00
200.0,9.0,12.0,2.4,8.0,5.8,242.0,1011.6,,12.6,,,,,2025-12-14 11:50:00
200.0,9.0,11.0,,,,,1011.7,,12.6,,,0.9,,2025-12-14 12:00:00
190.0,10.0,11.0,,,,,1011.7,,12.6,,,,,2025-12-14 12:10:00
190.0,9.0,12.0,2.2,8.0,5.8,251.0,1011.6,,12.6,,,,,2025-12-14 12:20:00
190.0,9.0,11.0,,,,,1011.5,,12.6,,,,,2025-12-14 12:30:00
190.0,9.0,11.0,2.3,,5.8,242.0,1011.5,,12.6,,,,,2025-12-14 12:40:00
190.0,9.0,12.0,2.3,9.0,5.8,242.0,1011.5,,12.6,,,,,2025-12-14 12:50:00
190.0,9.0,12.0,,,,,1011.6,,12.6,,,0.0,,2025-12-14 13:00:00
190.0,9.0,11.0,,,,,1011.5,,12.6,,,,,2025-12-14 13:10:00
190.0,9.0,11.0,2.4,8.0,6.1,239.0,1011.7,,12.6,,,,,2025-12-14 13:20:00
200.0,9.0,11.0,,,,,1011.6,,12.6,,,,,2025-12-14 13:30:00
200.0,10.0,11.0,2.3,,5.9,236.0,1011.6,,12.6,,,,,2025-12-14 13:40:00
190.0,10.0,12.0,2.3,8.0,5.9,236.0,1011.9,,12.6,,,,,2025-12-14 13:50:00
200.0,10.0,11.0,,,,,1011.9,,12.6,,,-0.0,,2025-12-14 14:00:00
200.0,10.0,12.0,,,,,1011.9,,12.6,,,,,2025-12-14 14:10:00
190.0,10.0,12.0,2.3,9.0,6.1,255.0,1011.6,,12.6,,,,,2025-12-14 14:20:00
190.0,9.0,11.0,,,,,1011.6,,12.6,,,,,2025-12-14 14:30:00
190.0,9.0,11.0,,,,,1011.9,,12.6,,,,,2025-12-14 14:40:00
200.0,9.0,12.0,2.6,9.0,6.4,248.0,1012.1,,12.6,,,,,2025-12-14 14:50:00
190.0,9.0,11.0,,,,,1012.3,,12.6,,,0.6,,2025-12-14 15:00:00
190.0,9.0,11.0,,,,,1012.4,,12.6,,,,,2025-12-14 15:10:00
190.0,9.0,11.0,2.5,9.0,6.2,248.0,1012.4,,12.6,,,,,2025-12-14 15:20:00
190.0,9.0,11.0,,,,,1012.5,,12.6,,,,,2025-12-14 15:30:00
190.0,9.0,10.0,2.4,,6.1,248.0,1012.7,,12.6,,,,,2025-12-14 15:40:00
200.0,9.0,11.0,2.4,8.0,6.1,248.0,1012.9,,12.6,,,,,2025-12-14 15:50:00
200.0,9.0,11.0,,,,,1013.0,,12.6,,,1.4,,2025-12-14 16:00:00
200.0,9.0,11.0,,,,,1013.0,,12.6,,,,,2025-12-14 16:10:00
200.0,9.0,11.0,2.5,9.0,6.2,245.0,1013.1,,12.6,,,,,2025-12-14 16:20:00
200.0,9.0,11.0,,,,,1013.3,,12.6,,,,,2025-12-14 16:30:00
190.0,9.0,11.0,,,,,1013.3,,12.6,,,,,2025-12-14 16:40:00
190.0,9.0,11.0,2.7,8.0,6.3,239.0,1013.3,,12.6,,,,,2025-12-14 16:50:00
190.0,9.0,11.0,,,,,1013.3,,12.6,,,1.4,,2025-12-14 17:00:00
190.0,9.0,11.0,,,,,1013.4,,12.6,,,,,2025-12-14 17:10:00
190.0,9.0,11.0,2.6,8.0,6.2,241.0,1013.5,,12.6,,,,,2025-12-14 17:20:00
190.0,9.0,12.0,,,,,1013.5,,12.6,,,,,2025-12-14 17:30:00
190.0,8.0,10.0,,,,,1013.6,,12.6,,,,,2025-12-14 17:40:00
190.0,9.0,11.0,2.6,8.0,6.1,236.0,1013.7,,12.6,,,,,2025-12-14 17:50:00
200.0,9.0,11.0,,,,,1013.8,,12.6,,,1.5,,2025-12-14 18:00:00
180.0,9.0,11.0,2.5,,6.2,211.0,1013.9,,12.6,,,,,2025-12-14 18:10:00
190.0,9.0,11.0,2.5,7.0,6.2,211.0,1014.1,,12.6,,,,,2025-12-14 18:20:00
190.0,9.0,11.0,,,,,1014.1,,12.6,,,,,2025-12-14 18:30:00
190.0,9.0,11.0,,,,,1014.1,,12.6,,,,,2025-12-14 18:40:00
180.0,9.0,12.0,2.6,7.0,6.0,191.0,1013.8,,12.6,,,,,2025-12-14 18:50:00
180.0,10.0,12.0,,,,,1013.8,,12.6,,,0.8,,2025-12-14 19:00:00
180.0,10.0,12.0,2.4,,5.9,199.0,1013.7,,12.6,,,,,2025-12-14 19:10:00
180.0,10.0,12.0,2.4,7.0,5.9,199.0,1013.5,,12.6,,,,,2025-12-14 19:20:00
180.0,9.0,12.0,,,,,1013.6,,12.6,,,,,2025-12-14 19:30:00
180.0,9.0,11.0,2.3,,5.8,208.0,1013.5,,12.6,,,,,2025-12-14 19:40:00
180.0,10.0,12.0,2.3,8.0,5.8,208.0,1013.8,,12.6,,,,,2025-12-14 19:50:00
190.0,10.0,12.0,,,,,1013.7,,12.6,,,0.4,,2025-12-14 20:00:00
180.0,10.0,12.0,2.4,,5.8,205.0,1013.5,,12.6,,,,,2025-12-14 20:10:00
180.0,9.0,12.0,2.4,8.0,5.8,205.0,1013.5,,12.6,,,,,2025-12-14 20:20:00
180.0,10.0,12.0,,,,,1013.4,,12.6,,,,,2025-12-14 20:30:00
190.0,10.0,12.0,2.4,,5.8,229.0,1013.3,,12.6,,,,,2025-12-14 20:40:00
190.0,10.0,13.0,2.4,8.0,5.8,229.0,1013.1,,12.6,,,,,2025-12-14 20:50:00
180.0,10.0,11.0,,,,,1012.8,,12.6,,,-1.0,,2025-12-14 21:00:00
180.0,10.0,12.0,,,,,1012.7,,12.6,,,,,2025-12-14 21:10:00
190.0,10.0,13.0,2.2,7.0,5.5,204.0,1013.2,,12.6,,,,,2025-12-14 21:20:00
190.0,10.0,12.0,,,,,1013.0,,12.6,,,,,2025-12-14 21:30:00
190.0,10.0,12.0,,,,,1012.9,,12.6,,,,,2025-12-14 21:40:00
180.0,10.0,13.0,2.3,8.0,5.7,210.0,1012.5,,12.5,,,,,2025-12-14 21:50:00
180.0,10.0,12.0,,,,,1012.6,,12.5,,,-1.2,,2025-12-14 22:00:00
190.0,10.0,12.0,,,,,1012.8,,12.4,,,,,2025-12-14 22:10:00
190.0,10.0,12.0,2.3,7.0,5.7,196.0,1012.8,,12.4,,,,,2025-12-14 22:20:00
180.0,10.0,13.0,,,,,1012.8,,12.4,,,,,2025-12-14 22:30:00
190.0,10.0,12.0,,,,,1012.6,,12.4,,,,,2025-12-14 22:40:00
190.0,10.0,13.0,2.4,7.0,5.7,197.0,1012.5,,12.4,,,,,2025-12-14 22:50:00
180.0,10.0,12.0,,,,,1012.1,,12.5,,,-1.6,,2025-12-14 23:00:00
180.0,10.0,13.0,,,,,1012.0,,12.6,,,,,2025-12-14 23:10:00
170.0,11.0,14.0,,,,,1011.8,,12.6,,,,,2025-12-14 23:40:00
170.0,11.0,14.0,2.4,8.0,5.8,188.0,1011.6,,12.6,,,,,2025-12-14 23:50:00
170.0,12.0,15.0,,,,,1011.7,,12.6,,,-1.1,,2025-12-15 00:00:00
170.0,12.0,14.0,2.5,,5.8,227.0,1011.4,,12.6,,,,,2025-12-15 00:10:00
170.0,12.0,15.0,2.5,9.0,5.8,227.0,1010.9,,12.6,,,,,2025-12-15 00:20:00
170.0,13.0,16.0,,,,,1010.6,,12.6,,,,,2025-12-15 00:30:00
170.0,12.0,16.0,,,,,1011.1,,12.6,,,,,2025-12-15 00:40:00
170.0,13.0,16.0,2.6,7.0,6.0,186.0,1011.5,,12.6,,,,,2025-12-15 00:50:00
180.0,13.0,16.0,,,,,1011.6,,12.6,,,-1.0,,2025-12-15 01:00:00
180.0,12.0,15.0,,,,,1011.5,,12.6,,,,,2025-12-15 01:10:00
170.0,12.0,15.0,2.8,7.0,5.9,189.0,1010.8,,12.6,,,,,2025-12-15 01:20:00
170.0,12.0,16.0,,,,,1010.9,,12.6,,,,,2025-12-15 01:30:00
170.0,12.0,15.0,2.8,,6.0,200.0,1010.5,,12.6,,,,,2025-12-15 01:40:00
170.0,12.0,15.0,2.8,8.0,6.0,200.0,1010.5,,12.6,,,,,2025-12-15 01:50:00
160.0,13.0,15.0,,,,,1010.5,,12.6,,,-1.6,,2025-12-15 02:00:00
170.0,13.0,16.0,2.8,,6.0,194.0,1010.5,,12.6,,,,,2025-12-15 02:10:00
170.0,13.0,16.0,2.8,7.0,6.0,194.0,1010.5,,12.6,,,,,2025-12-15 02:20:00
170.0,13.0,16.0,,,,,1010.2,,12.6,,,,,2025-12-15 02:30:00
170.0,13.0,16.0,,,,,1010.4,,12.6,,,,,2025-12-15 02:40:00
170.0,13.0,16.0,2.8,8.0,6.1,196.0,1010.0,,12.6,,,,,2025-12-15 02:50:00
170.0,13.0,16.0,,,,,1010.0,,12.6,,,-1.7,,2025-12-15 03:00:00
170.0,14.0,17.0,,,,,1009.9,,12.6,,,,,2025-12-15 03:10:00
170.0,13.0,17.0,2.9,8.0,5.9,200.0,1009.9,,12.6,,,,,2025-12-15 03:20:00
160.0,14.0,16.0,,,,,1009.9,,12.6,,,,,2025-12-15 03:30:00
170.0,14.0,17.0,,,,,1009.8,,12.6,,,,,2025-12-15 03:40:00
170.0,13.0,17.0,3.1,8.0,6.2,183.0,1009.7,,12.6,,,,,2025-12-15 03:50:00
170.0,14.0,17.0,,,,,1009.7,,12.6,,,-1.9,,2025-12-15 04:00:00
180.0,14.0,17.0,,,,,1010.1,,12.6,,,,,2025-12-15 04:10:00
180.0,14.0,17.0,3.1,8.0,6.2,183.0,1010.0,,12.6,,,,,2025-12-15 04:20:00
170.0,14.0,17.0,,,,,1010.2,,12.6,,,,,2025-12-15 04:30:00
180.0,14.0,17.0,,,,,1010.2,,12.6,,,,,2025-12-15 04:40:00
170.0,14.0,18.0,3.2,8.0,6.2,181.0,1009.9,,12.6,,,,,2025-12-15 04:50:00
180.0,14.0,17.0,,,,,1009.9,,12.6,,,-0.6,,2025-12-15 05:00:00
180.0,14.0,17.0,,,,,1009.9,,12.6,,,,,2025-12-15 05:10:00
180.0,14.0,16.0,3.2,8.0,6.2,196.0,1009.9,,12.6,,,,,2025-12-15 05:20:00
170.0,14.0,16.0,,,,,1009.8,,12.6,,,,,2025-12-15 05:30:00
180.0,14.0,17.0,,,,,1009.7,,12.6,,,,,2025-12-15 05:40:00
180.0,14.0,17.0,3.2,8.0,6.3,194.0,1009.5,,12.6,,,,,2025-12-15 05:50:00
180.0,14.0,18.0,,,,,1009.2,,12.6,,,-0.8,,2025-12-15 06:00:00
180.0,14.0,18.0,3.5,,6.4,191.0,1009.2,,12.6,,,,,2025-12-15 06:10:00
180.0,15.0,18.0,3.5,8.0,6.4,191.0,1009.1,,12.6,,,,,2025-12-15 06:20:00
180.0,14.0,17.0,,,,,1009.3,,12.6,,,,,2025-12-15 06:30:00
180.0,14.0,18.0,3.8,,6.6,182.0,1009.4,,12.6,,,,,2025-12-15 06:40:00
190.0,14.0,17.0,3.8,8.0,6.6,182.0,1009.4,,12.6,,,,,2025-12-15 06:50:00
180.0,14.0,17.0,,,,,1009.4,,12.6,,,-0.3,,2025-12-15 07:00:00
180.0,14.0,18.0,,,,,1009.0,,12.6,,,,,2025-12-15 07:10:00
180.0,14.0,16.0,3.5,8.0,6.5,179.0,1008.9,,12.6,,,,,2025-12-15 07:20:00
180.0,13.0,17.0,,,,,1009.1,,12.6,,,,,2025-12-15 07:30:00
180.0,14.0,17.0,3.7,,6.6,178.0,1008.9,,12.6,,,,,2025-12-15 07:40:00
180.0,15.0,17.0,3.7,8.0,6.6,178.0,1009.0,,12.6,,,,,2025-12-15 07:50:00
180.0,14.0,17.0,,,,,1008.6,,12.6,,,-1.3,,2025-12-15 08:00:00
180.0,14.0,18.0,,,,,1008.6,,12.6,,,,,2025-12-15 08:10:00
180.0,14.0,18.0,4.0,8.0,6.7,182.0,1008.5,,12.6,,,,,2025-12-15 08:20:00
180.0,14.0,16.0,,,,,1008.2,,12.6,,,,,2025-12-15 08:30:00
180.0,14.0,17.0,,,,,1008.2,,12.6,,,,,2025-12-15 08:40:00
180.0,14.0,17.0,3.8,8.0,6.6,182.0,1008.1,,12.6,,,,,2025-12-15 08:50:00
180.0,14.0,17.0,,,,,1008.1,,12.6,,,-1.1,,2025-12-15 09:00:00
180.0,14.0,18.0,3.8,,6.6,193.0,1008.0,,12.6,,,,,2025-12-15 09:10:00
180.0,14.0,17.0,3.8,8.0,6.6,193.0,1007.9,,12.6,,,,,2025-12-15 09:20:00
180.0,14.0,17.0,,,,,1007.9,,12.6,,,,,2025-12-15 09:30:00
180.0,14.0,17.0,,,,,1008.0,,12.6,,,,,2025-12-15 09:40:00
180.0,14.0,18.0,3.9,9.0,6.6,195.0,1008.0,,12.6,,,,,2025-12-15 09:50:00
180.0,14.0,18.0,,,,,1007.9,,12.5,,,-1.5,,2025-12-15 10:00:00
180.0,14.0,17.0,4.0,,6.7,187.0,1007.7,,12.5,,,,,2025-12-15 10:10:00
180.0,14.0,17.0,4.0,8.0,6.7,187.0,1007.8,,12.6,,,,,2025-12-15 10:20:00
180.0,14.0,17.0,,,,,1007.7,,12.6,,,,,2025-12-15 10:30:00
180.0,14.0,18.0,,,,,1007.2,,12.6,,,,,2025-12-15 10:40:00
180.0,14.0,18.0,4.0,9.0,6.8,205.0,1007.3,,12.6,,,,,2025-12-15 10:50:00
180.0,15.0,20.0,,,,,1007.1,,12.6,,,-1.5,,2025-12-15 11:00:00
180.0,15.0,19.0,,,,,1007.2,,12.6,,,,,2025-12-15 11:10:00
180.0,16.0,21.0,4.2,8.0,6.9,195.0,1006.6,,12.6,,,,,2025-12-15 11:20:00
180.0,15.0,19.0,,,,,1006.4,,12.6,,,,,2025-12-15 11:30:00
180.0,15.0,18.0,4.3,,6.9,197.0,1006.7,,12.6,,,,,2025-12-15 11:40:00
180.0,15.0,19.0,4.3,9.0,6.9,197.0,1006.7,,12.6,,,,,2025-12-15 11:50:00
180.0,15.0,19.0,,,,,1006.6,,12.5,,,-1.5,,2025-12-15 12:00:00
180.0,16.0,19.0,4.5,,7.2,198.0,1006.5,,12.5,,,,,2025-12-15 12:10:00
180.0,15.0,19.0,4.5,9.0,7.2,198.0,1006.5,,12.5,,,,,2025-12-15 12:20:00
180.0,15.0,19.0,,,,,1006.5,,12.5,,,,,2025-12-15 12:30:00
180.0,14.0,18.0,,,,,1006.7,,12.5,,,,,2025-12-15 12:40:00
180.0,14.0,18.0,4.6,8.0,7.1,188.0,1006.4,,12.5,,,,,2025-12-15 12:50:00
180.0,15.0,18.0,,,,,1006.2,,12.5,,,-1.7,,2025-12-15 13:00:00
190.0,15.0,18.0,,,,,1006.2,,12.5,,,,,2025-12-15 13:10:00
190.0,14.0,18.0,4.3,9.0,7.1,201.0,1006.4,,12.5,,,,,2025-12-15 13:20:00
190.0,15.0,19.0,,,,,1006.3,,12.5,,,,,2025-12-15 13:30:00
190.0,14.0,18.0,,,,,1006.2,,12.5,,,,,2025-12-15 13:40:00
190.0,14.0,17.0,4.7,9.0,7.5,197.0,1006.0,,12.5,,,,,2025-12-15 13:50:00
180.0,13.0,16.0,,,,,1005.9,,12.5,,,-1.2,,2025-12-15 14:00:00
180.0,14.0,18.0,,,,,1006.1,,12.5,,,,,2025-12-15 14:10:00
190.0,13.0,16.0,4.5,10.0,7.2,207.0,1006.2,,12.5,,,,,2025-12-15 14:20:00
190.0,14.0,16.0,,,,,1006.5,,12.5,,,,,2025-12-15 14:30:00
190.0,13.0,16.0,4.6,,7.4,192.0,1006.5,,12.5,,,,,2025-12-15 14:40:00
190.0,13.0,17.0,4.6,10.0,7.4,192.0,1006.5,,12.5,,,,,2025-12-15 14:50:00
200.0,13.0,16.0,,,,,1006.4,,12.5,,,-0.0,,2025-12-15 15:00:00
190.0,14.0,18.0,4.5,,7.3,188.0,1006.5,,12.5,,,,,2025-12-15 15:10:00
200.0,13.0,16.0,4.5,10.0,7.3,188.0,1006.5,,12.5,,,,,2025-12-15 15:20:00
190.0,13.0,17.0,,,,,1006.6,,12.5,,,,,2025-12-15 15:30:00
200.0,14.0,17.0,4.6,,7.4,205.0,1006.6,,12.5,,,,,2025-12-15 15:40:00
200.0,13.0,17.0,4.6,10.0,7.4,205.0,1006.8,,12.5,,,,,2025-12-15 15:50:00
200.0,12.0,14.0,,,,,1006.7,,12.5,,,0.5,,2025-12-15 16:00:00
200.0,13.0,17.0,,,,,1006.7,,12.5,,,,,2025-12-15 16:10:00
200.0,13.0,17.0,4.5,9.0,7.3,197.0,1006.8,,12.5,,,,,2025-12-15 16:20:00
200.0,13.0,16.0,,,,,1007.1,,12.5,,,,,2025-12-15 16:30:00
210.0,13.0,17.0,,,,,1007.3,,12.5,,,,,2025-12-15 16:40:00
200.0,13.0,16.0,5.2,10.0,7.9,209.0,1007.3,,12.5,,,,,2025-12-15 16:50:00
200.0,13.0,16.0,,,,,1007.5,,12.5,,,1.6,,2025-12-15 17:00:00
200.0,13.0,16.0,,,,,1007.7,,12.5,,,,,2025-12-15 17:10:00
200.0,13.0,17.0,5.1,10.0,7.8,216.0,1007.8,,12.5,,,,,2025-12-15 17:20:00
190.0,14.0,17.0,,,,,1008.0,,12.5,,,,,2025-12-15 17:30:00
200.0,13.0,17.0,,,,,1008.4,,12.5,,,,,2025-12-15 17:40:00
200.0,14.0,18.0,5.1,10.0,7.9,212.0,1008.5,,12.5,,,,,2025-12-15 17:50:00
210.0,14.0,19.0,,,,,1008.8,,12.5,,,2.4,,2025-12-15 18:00:00
210.0,14.0,18.0,5.2,,7.9,225.0,1009.0,,12.5,,,,,2025-12-15 18:10:00
210.0,13.0,16.0,5.2,10.0,7.9,225.0,1009.3,,12.5,,,,,2025-12-15 18:20:00
210.0,14.0,17.0,,,,,1009.5,,12.5,,,,,2025-12-15 18:30:00
210.0,14.0,18.0,5.2,,7.8,214.0,1009.8,,12.5,,,,,2025-12-15 18:40:00
220.0,14.0,18.0,5.2,10.0,7.8,214.0,1009.8,,12.5,,,,,2025-12-15 18:50:00
220.0,13.0,17.0,,,,,1010.0,,12.5,,,3.3,,2025-12-15 19:00:00
220.0,14.0,19.0,5.3,,8.0,221.0,1010.3,,12.5,,,,,2025-12-15 19:10:00
220.0,13.0,17.0,5.3,10.0,8.0,221.0,1010.5,,12.5,,,,,2025-12-15 19:20:00
220.0,13.0,16.0,,,,,1010.7,,12.5,,,,,2025-12-15 19:30:00
230.0,14.0,18.0,5.3,,7.8,218.0,1010.9,,12.5,,,,,2025-12-15 19:40:00
240.0,13.0,18.0,5.3,10.0,7.8,218.0,1011.1,,12.5,,,,,2025-12-15 19:50:00
240.0,14.0,17.0,,,,,1011.4,,12.5,,,3.9,,2025-12-15 20:00:00
240.0,13.0,17.0,,,,,1011.7,,12.5,,,,,2025-12-15 20:10:00
240.0,13.0,17.0,4.7,10.0,7.5,226.0,1011.9,,12.5,,,,,2025-12-15 20:20:00
240.0,12.0,14.0,,,,,1011.9,,12.5,,,,,2025-12-15 20:30:00
240.0,12.0,16.0,,,,,1012.1,,12.5,,,,,2025-12-15 20:40:00
250.0,13.0,17.0,5.6,10.0,8.0,213.0,1012.3,,12.5,,,,,2025-12-15 20:50:00
250.0,11.0,14.0,,,,,1012.6,,12.5,,,3.8,,2025-12-15 21:00:00
250.0,11.0,14.0,,,,,1012.6,,12.5,,,,,2025-12-15 21:10:00
250.0,13.0,17.0,5.1,11.0,7.8,229.0,1012.9,,12.5,,,,,2025-12-15 21:20:00
250.0,11.0,14.0,,,,,1013.1,,12.5,,,,,2025-12-15 21:30:00
250.0,11.0,14.0,4.7,,7.7,225.0,1013.4,,12.5,,,,,2025-12-15 21:40:00
250.0,11.0,13.0,4.7,10.0,7.7,225.0,1013.8,,12.5,,,,,2025-12-15 21:50:00
250.0,11.0,14.0,,,,,1013.8,,12.5,,,3.8,,2025-12-15 22:00:00
250.0,10.0,13.0,4.8,,7.9,227.0,1013.9,,12.5,,,,,2025-12-15 22:10:00
240.0,10.0,12.0,4.8,10.0,7.9,227.0,1014.0,,12.5,,,,,2025-12-15 22:20:00
250.0,9.0,12.0,,,,,1014.1,,12.5,,,,,2025-12-15 22:30:00
240.0,9.0,11.0,5.0,,8.1,234.0,1014.2,,12.5,,,,,2025-12-15 22:40:00
250.0,9.0,12.0,5.0,11.0,8.1,234.0,1014.2,,12.5,,,,,2025-12-15 22:50:00
250.0,9.0,12.0,,,,,1014.4,,12.5,,,3.0,,2025-12-15 23:00:00
250.0,9.0,11.0,,,,,1014.5,,12.5,,,,,2025-12-15 23:10:00
250.0,9.0,11.0,5.0,10.0,8.2,228.0,1014.5,,12.5,,,,,2025-12-15 23:20:00
240.0,11.0,14.0,4.5,,8.1,247.0,1014.9,,12.5,,,,,2025-12-15 23:40:00
240.0,9.0,12.0,4.5,11.0,8.1,247.0,1014.9,,12.5,,,,,2025-12-15 23:50:00
240.0,9.0,11.0,,,,,1015.1,,12.5,,,2.5,,2025-12-16 00:00:00
240.0,9.0,11.0,,,,,1015.2,,12.5,,,,,2025-12-16 00:10:00
240.0,8.0,10.0,4.4,11.0,7.9,246.0,1015.3,,12.5,,,,,2025-12-16 00:20:00
250.0,8.0,10.0,,,,,1015.4,,12.5,,,,,2025-12-16 00:30:00
240.0,8.0,10.0,4.4,,8.3,251.0,1015.5,,12.5,,,,,2025-12-16 00:40:00
240.0,8.0,10.0,4.4,11.0,8.3,251.0,1015.5,,12.5,,,,,2025-12-16 00:50:00
230.0,8.0,10.0,,,,,1015.7,,12.5,,,1.9,,2025-12-16 01:00:00
240.0,8.0,11.0,,,,,1015.8,,12.5,,,,,2025-12-16 01:10:00
230.0,8.0,10.0,4.2,10.0,8.0,226.0,1015.9,,12.5,,,,,2025-12-16 01:20:00
240.0,8.0,10.0,,,,,1016.0,,12.5,,,,,2025-12-16 01:30:00
240.0,8.0,9.0,,,,,1016.2,,12.5,,,,,2025-12-16 01:40:00
230.0,7.0,9.0,4.4,12.0,8.2,251.0,1016.1,,12.5,,,,,2025-12-16 01:50:00
220.0,7.0,8.0,,,,,1016.3,,12.5,,,1.9,,2025-12-16 02:00:00
220.0,7.0,8.0,4.2,,8.1,243.0,1016.3,,12.5,,,,,2025-12-16 02:10:00
220.0,6.0,8.0,4.2,12.0,8.1,243.0,1016.3,,12.5,,,,,2025-12-16 02:20:00
220.0,6.0,9.0,,,,,1016.6,,12.5,,,,,2025-12-16 02:30:00
220.0,7.0,8.0,,,,,1016.7,,12.5,,,,,2025-12-16 02:40:00
220.0,7.0,9.0,4.2,12.0,8.4,250.0,1016.8,,12.5,,,,,2025-12-16 02:50:00
210.0,7.0,9.0,,,,,1017.0,,,,,1.9,,2025-12-16 03:00:00
210.0,7.0,9.0,,,,,1017.1,,12.5,,,,,2025-12-16 03:10:00
200.0,8.0,11.0,4.5,12.0,8.7,253.0,1017.1,,12.5,,,,,2025-12-16 03:20:00
210.0,8.0,10.0,,,,,1017.1,,12.5,,,,,2025-12-16 03:30:00
220.0,8.0,10.0,,,,,1017.3,,12.5,,,,,2025-12-16 03:40:00
210.0,8.0,10.0,4.3,11.0,8.4,249.0,1017.4,,12.5,,,,,2025-12-16 03:50:00
200.0,7.0,9.0,,,,,1017.3,,12.5,,,1.6,,2025-12-16 04:00:00
200.0,6.0,8.0,4.2,,8.4,245.0,1017.4,,12.5,,,,,2025-12-16 04:10:00
190.0,7.0,9.0,4.2,12.0,8.4,245.0,1017.6,,12.5,,,,,2025-12-16 04:20:00
200.0,7.0,8.0,,,,,1017.6,,12.5,,,,,2025-12-16 04:30:00
200.0,7.0,8.0,,,,,1017.8,,12.5,,,,,2025-12-16 04:40:00
200.0,7.0,9.0,4.4,11.0,8.6,244.0,1017.8,,12.5,,,,,2025-12-16 04:50:00
210.0,8.0,10.0,,,,,1017.8,,12.5,,,1.5,,2025-12-16 05:00:00
220.0,7.0,9.0,4.3,,8.4,243.0,1017.6,,12.5,,,,,2025-12-16 05:10:00
210.0,6.0,8.0,4.3,11.0,8.4,243.0,1017.7,,12.5,,,,,2025-12-16 05:20:00
210.0,7.0,8.0,,,,,1017.8,,12.5,,,,,2025-12-16 05:30:00
200.0,7.0,9.0,3.9,,8.1,248.0,1017.6,,12.5,,,,,2025-12-16 05:40:00
200.0,7.0,9.0,3.9,12.0,8.1,248.0,1017.5,,12.5,,,,,2025-12-16 05:50:00
200.0,7.0,9.0,,,,,1017.2,,12.5,,,0.0,,2025-12-16 06:00:00
190.0,7.0,8.0,,,,,1017.0,,12.5,,,,,2025-12-16 06:10:00
190.0,7.0,9.0,4.4,11.0,8.4,246.0,1016.8,,12.5,,,,,2025-12-16 06:20:00
190.0,7.0,9.0,,,,,1017.1,,12.5,,,,,2025-12-16 06:30:00
200.0,7.0,8.0,,,,,1017.3,,12.5,,,,,2025-12-16 06:40:00
210.0,6.0,7.0,4.4,12.0,8.5,249.0,1017.4,,12.5,,,,,2025-12-16 06:50:00
200.0,6.0,8.0,,,,,1017.5,,12.5,,,0.0,,2025-12-16 07:00:00
200.0,6.0,8.0,4.1,,8.3,239.0,1017.3,,12.5,,,,,2025-12-16 07:10:00
200.0,6.0,8.0,4.1,11.0,8.3,239.0,1017.1,,12.5,,,,,2025-12-16 07:20:00
190.0,7.0,9.0,,,,,1017.1,,12.5,,,,,2025-12-16 07:30:00
190.0,7.0,8.0,4.3,,8.4,248.0,1016.7,,12.5,,,,,2025-12-16 07:40:00
190.0,6.0,8.0,4.3,11.0,8.4,248.0,1016.6,,12.5,,,,,2025-12-16 07:50:00
190.0,6.0,8.0,,,,,1016.8,,12.5,,,-1.0,,2025-12-16 08:00:00
200.0,6.0,8.0,,,,,1016.8,,12.5,,,,,2025-12-16 08:10:00
190.0,6.0,7.0,4.2,11.0,8.3,241.0,1016.9,,12.5,,,,,2025-12-16 08:20:00
180.0,6.0,7.0,,,,,1016.8,,12.5,,,,,2025-12-16 08:30:00
190.0,6.0,8.0,,,,,1017.0,,12.5,,,,,2025-12-16 08:40:00
200.0,6.0,8.0,3.5,11.0,7.7,247.0,1017.1,,12.5,,,,,2025-12-16 08:50:00
210.0,7.0,8.0,,,,,1017.4,,12.5,,,-0.0,,2025-12-16 09:00:00
200.0,7.0,9.0,,,,,1017.0,,12.5,,,,,2025-12-16 09:10:00
200.0,6.0,8.0,3.9,11.0,8.1,235.0,1017.0,,12.5,,,,,2025-12-16 09:20:00
210.0,7.0,9.0,,,,,1016.8,,12.5,,,,,2025-12-16 09:30:00
220.0,7.0,9.0,4.0,,8.2,244.0,1016.6,,12.5,,,,,2025-12-16 09:40:00
210.0,7.0,9.0,4.0,12.0,8.2,244.0,1016.4,,,,,,,2025-12-16 09:50:00
200.0,7.0,8.0,,,,,1016.2,,12.5,,,-1.3,,2025-12-16 10:00:00
200.0,7.0,9.0,3.4,,7.9,240.0,1016.1,,12.5,,,,,2025-12-16 10:10:00
200.0,7.0,9.0,3.4,11.0,7.9,240.0,1016.1,,12.5,,,,,2025-12-16 10:20:00
190.0,7.0,8.0,,,,,1016.2,,12.5,,,,,2025-12-16 10:30:00
200.0,6.0,8.0,3.7,,8.0,241.0,1016.1,,12.5,,,,,2025-12-16 10:40:00
190.0,6.0,8.0,3.7,11.0,8.0,241.0,1016.1,,12.5,,,,,2025-12-16 10:50:00
190.0,6.0,7.0,,,,,1016.2,,12.5,,,-0.6,,2025-12-16 11:00:00
190.0,6.0,8.0,3.8,,8.0,251.0,1016.4,,12.5,,,,,2025-12-16 11:10:00
190.0,7.0,9.0,3.8,11.0,8.0,251.0,1016.2,,12.5,,,,,2025-12-16 11:20:00
200.0,7.0,9.0,,,,,1016.0,,12.5,,,,,2025-12-16 11:30:00
190.0,7.0,9.0,3.4,,7.7,248.0,1015.8,,12.5,,,,,2025-12-16 11:40:00
200.0,8.0,10.0,3.4,11.0,7.7,248.0,1015.8,,12.5,,,,,2025-12-16 11:50:00
200.0,8.0,10.0,,,,,1015.6,,12.4,,,-1.8,,2025-12-16 12:00:00
200.0,8.0,9.0,3.4,,7.7,244.0,1015.6,,12.4,,,,,2025-12-16 12:10:00
210.0,8.0,9.0,3.4,11.0,7.7,244.0,1015.4,,12.4,,,,,2025-12-16 12:20:00
200.0,7.0,9.0,,,,,1015.1,,12.5,,,,,2025-12-16 12:30:00
200.0,7.0,8.0,,,,,1015.1,,12.5,,,,,2025-12-16 12:40:00
190.0,6.0,8.0,3.4,11.0,7.9,254.0,1014.9,,12.5,,,,,2025-12-16 12:50:00
190.0,6.0,8.0,,,,,1014.7,,12.5,,,-1.5,,2025-12-16 13:00:00
190.0,7.0,9.0,,,,,1014.4,,12.5,,,,,2025-12-16 13:10:00
190.0,8.0,9.0,3.4,12.0,8.0,242.0,1014.4,,12.5,,,,,2025-12-16 13:20:00
190.0,8.0,11.0,,,,,1014.2,,12.6,,,,,2025-12-16 13:30:00
200.0,9.0,11.0,,,,,1014.2,,12.6,,,,,2025-12-16 13:40:00
200.0,9.0,11.0,3.3,11.0,7.9,245.0,1014.3,,12.6,,,,,2025-12-16 13:50:00
200.0,9.0,11.0,,,,,1014.1,,12.6,,,-2.1,,2025-12-16 14:00:00
200.0,10.0,14.0,,,,,1014.1,,12.6,,,,,2025-12-16 14:10:00
200.0,11.0,14.0,3.5,11.0,7.9,238.0,1013.8,,12.6,,,,,2025-12-16 14:20:00
200.0,10.0,13.0,,,,,1013.7,,12.6,,,,,2025-12-16 14:30:00
200.0,11.0,13.0,3.5,,7.9,243.0,1013.5,,12.6,,,,,2025-12-16 14:40:00
200.0,10.0,12.0,3.5,11.0,7.9,243.0,1013.3,,12.6,,,,,2025-12-16 14:50:00
200.0,10.0,13.0,,,,,1013.3,,12.6,,,-2.3,,2025-12-16 15:00:00
190.0,10.0,13.0,,,,,1013.2,,12.6,,,,,2025-12-16 15:10:00
190.0,11.0,14.0,3.5,12.0,7.6,248.0,1012.9,,12.6,,,,,2025-12-16 15:20:00
190.0,10.0,12.0,,,,,1012.8,,12.6,,,,,2025-12-16 15:30:00
200.0,11.0,14.0,,,,,1012.8,,12.6,,,,,2025-12-16 15:40:00
200.0,11.0,14.0,3.5,12.0,7.7,245.0,1012.8,,12.6,,,,,2025-12-16 15:50:00
210.0,12.0,14.0,,,,,1012.7,,12.6,,,-2.0,,2025-12-16 16:00:00
200.0,12.0,14.0,3.6,,7.6,238.0,1012.5,,12.6,,,,,2025-12-16 16:10:00
200.0,11.0,14.0,3.6,11.0,7.6,238.0,1012.4,,12.6,,,,,2025-12-16 16:20:00
200.0,11.0,14.0,,,,,1012.4,,12.6,,,,,2025-12-16 16:30:00
200.0,11.0,14.0,,,,,1012.2,,12.6,,,,,2025-12-16 16:40:00
200.0,11.0,14.0,3.4,12.0,7.3,252.0,1012.3,,12.6,,,,,2025-12-16 16:50:00
200.0,10.0,13.0,,,,,1012.2,,12.6,,,-1.9,,2025-12-16 17:00:00
200.0,10.0,13.0,,,,,1012.2,,12.6,,,,,2025-12-16 17:10:00
200.0,10.0,13.0,3.5,11.0,7.6,246.0,1012.5,,12.5,,,,,2025-12-16 17:20:00
200.0,10.0,13.0,,,,,1012.5,,12.5,,,,,2025-12-16 17:30:00
200.0,11.0,13.0,3.4,,7.5,243.0,1012.6,,12.5,,,,,2025-12-16 17:40:00
200.0,11.0,13.0,3.4,13.0,7.5,243.0,1012.6,,12.5,,,,,2025-12-16 17:50:00
200.0,11.0,14.0,,,,,1012.4,,12.5,,,-0.9,,2025-12-16 18:00:00
200.0,11.0,13.0,3.5,,7.5,250.0,1012.2,,12.5,,,,,2025-12-16 18:10:00
200.0,11.0,13.0,3.5,12.0,7.5,250.0,1012.2,,12.5,,,,,2025-12-16 18:20:00
200.0,11.0,13.0,,,,,1012.0,,12.5,,,,,2025-12-16 18:30:00
190.0,11.0,13.0,,,,,1012.1,,12.5,,,,,2025-12-16 18:40:00
190.0,12.0,14.0,3.5,12.0,7.6,248.0,1012.2,,12.5,,,,,2025-12-16 18:50:00
200.0,11.0,14.0,,,,,1011.8,,12.5,,,-0.9,,2025-12-16 19:00:00
190.0,11.0,14.0,3.5,,7.5,234.0,1011.4,,12.5,,,,,2025-12-16 19:10:00
190.0,12.0,14.0,3.5,12.0,7.5,234.0,1011.3,,12.5,,,,,2025-12-16 19:20:00
190.0,11.0,14.0,,,,,1011.0,,12.5,,,,,2025-12-16 19:30:00
190.0,11.0,14.0,3.6,,7.7,242.0,1010.8,,12.5,,,,,2025-12-16 19:40:00
200.0,11.0,14.0,3.6,12.0,7.7,242.0,1010.6,,12.5,,,,,2025-12-16 19:50:00
200.0,12.0,15.0,,,,,1010.3,,12.5,,,-1.9,,2025-12-16 20:00:00
200.0,12.0,16.0,3.6,,7.5,259.0,1010.3,,12.5,,,,,2025-12-16 20:10:00
200.0,12.0,15.0,3.6,12.0,7.5,259.0,1010.0,,12.5,,,,,2025-12-16 20:20:00
200.0,12.0,14.0,,,,,1009.8,,12.5,,,,,2025-12-16 20:30:00
190.0,12.0,14.0,3.1,,7.0,258.0,1009.5,,12.5,,,,,2025-12-16 20:40:00
200.0,12.0,16.0,3.1,12.0,7.0,258.0,1009.3,,12.5,,,,,2025-12-16 20:50:00
200.0,12.0,15.0,,,,,1009.1,,12.5,,,-3.3,,2025-12-16 21:00:00
190.0,12.0,14.0,3.3,,6.8,238.0,1009.0,,12.5,,,,,2025-12-16 21:10:00
190.0,12.0,14.0,3.3,12.0,6.8,238.0,1008.5,,12.5,,,,,2025-12-16 21:20:00
190.0,12.0,15.0,,,,,1008.2,,12.5,,,,,2025-12-16 21:30:00
190.0,12.0,15.0,,,,,1008.1,,12.5,,,,,2025-12-16 21:40:00
200.0,12.0,15.0,3.4,12.0,7.0,243.0,1008.0,,12.5,,,,,2025-12-16 21:50:00
200.0,12.0,14.0,,,,,1007.9,,12.5,,,-3.9,,2025-12-16 22:00:00
200.0,12.0,14.0,3.5,,6.8,257.0,1007.6,,12.5,,,,,2025-12-16 22:10:00
200.0,12.0,15.0,3.5,11.0,6.8,257.0,1007.6,,12.5,,,,,2025-12-16 22:20:00
200.0,12.0,14.0,,,,,1007.4,,12.5,,,,,2025-12-16 22:30:00
200.0,11.0,13.0,3.3,,6.5,231.0,1007.1,,12.5,,,,,2025-12-16 22:40:00
200.0,10.0,12.0,3.3,12.0,6.5,231.0,1006.8,,12.6,,,,,2025-12-16 22:50:00
200.0,10.0,12.0,,,,,1006.7,,12.6,,,-3.6,,2025-12-16 23:00:00
200.0,10.0,12.0,3.5,,6.7,250.0,1006.6,,12.6,,,,,2025-12-16 23:10:00
200.0,11.0,14.0,3.8,,7.2,246.0,1005.9,,12.6,,,,,2025-12-16 23:40:00
190.0,11.0,13.0,3.8,11.0,7.2,246.0,1005.5,,12.6,,,,,2025-12-16 23:50:00
190.0,11.0,13.0,,,,,1005.3,,,,,-3.8,,2025-12-17 00:00:00
190.0,11.0,13.0,3.4,,6.9,254.0,1005.1,,12.6,,,,,2025-12-17 00:10:00
190.0,11.0,13.0,3.4,12.0,6.9,254.0,1004.8,,12.7,,,,,2025-12-17 00:20:00
190.0,11.0,13.0,,,,,1004.6,,12.7,,,,,2025-12-17 00:30:00
190.0,11.0,13.0,3.6,,7.0,255.0,1004.2,,12.7,,,,,2025-12-17 00:40:00
190.0,10.0,12.0,3.6,11.0,7.0,255.0,1004.0,,12.6,,,,,2025-12-17 00:50:00
190.0,11.0,14.0,,,,,1003.6,,12.6,,,-4.3,,2025-12-17 01:00:00
190.0,11.0,14.0,3.4,,6.6,255.0,1003.3,,12.6,,,,,2025-12-17 01:10:00
190.0,11.0,13.0,3.4,11.0,6.6,255.0,1002.9,,12.6,,,,,2025-12-17 01:20:00
190.0,11.0,13.0,,,,,1002.3,,12.6,,,,,2025-12-17 01:30:00
180.0,12.0,15.0,3.6,,7.1,241.0,1001.8,,12.6,,,,,2025-12-17 01:40:00
180.0,12.0,15.0,3.6,11.0,7.1,241.0,1001.6,,12.6,,,,,2025-12-17 01:50:00
190.0,13.0,16.0,,,,,1001.1,,12.6,,,-5.6,,2025-12-17 02:00:00
200.0,13.0,17.0,3.7,,7.1,249.0,1001.0,,12.6,,,,,2025-12-17 02:10:00
200.0,15.0,18.0,3.7,11.0,7.1,249.0,1000.7,,12.5,,,,,2025-12-17 02:20:00
200.0,15.0,18.0,,,,,1000.7,,12.5,,,,,2025-12-17 02:30:00
200.0,15.0,19.0,,,,,1000.6,,12.5,,,,,2025-12-17 02:40:00
210.0,15.0,18.0,3.6,11.0,6.6,252.0,1000.5,,12.5,,,,,2025-12-17 02:50:00
220.0,14.0,17.0,,,,,1000.3,,12.5,,,-5.0,,2025-12-17 03:00:00
220.0,13.0,16.0,4.1,,6.8,252.0,1000.2,,12.5,,,,,2025-12-17 03:10:00
230.0,12.0,15.0,4.1,11.0,6.8,252.0,1000.1,,12.5,,,,,2025-12-17 03:20:00
220.0,11.0,13.0,,,,,999.6,,12.5,,,,,2025-12-17 03:30:00
220.0,11.0,14.0,,,,,999.8,,12.5,,,,,2025-12-17 03:40:00
220.0,10.0,13.0,3.7,11.0,7.0,239.0,999.5,,12.5,,,,,2025-12-17 03:50:00
220.0,10.0,12.0,,,,,999.3,,12.5,,,-4.3,,2025-12-17 04:00:00
210.0,10.0,13.0,3.8,,7.2,241.0,999.2,,12.5,,,,,2025-12-17 04:10:00
210.0,10.0,13.0,3.8,12.0,7.2,241.0,998.9,,12.5,,,,,2025-12-17 04:20:00
220.0,11.0,13.0,,,,,998.8,,12.4,,,,,2025-12-17 04:30:00
220.0,10.0,12.0,3.9,,7.1,244.0,998.5,,12.5,,,,,2025-12-17 04:40:00
200.0,10.0,13.0,3.9,10.0,7.1,244.0,998.3,,12.4,,,,,2025-12-17 04:50:00
210.0,10.0,12.0,,,,,997.8,,12.5,,,-3.3,,2025-12-17 05:00:00
200.0,10.0,12.0,3.8,,7.3,241.0,997.3,,12.5,,,,,2025-12-17 05:10:00
200.0,11.0,13.0,3.8,8.0,7.3,241.0,996.9,,12.5,,,,,2025-12-17 05:20:00
200.0,12.0,14.0,,,,,996.4,,12.5,,,,,2025-12-17 05:30:00
190.0,13.0,16.0,,,,,995.9,,12.5,,,,,2025-12-17 05:40:00
200.0,14.0,17.0,3.7,11.0,7.2,262.0,995.8,,12.5,,,,,2025-12-17 05:50:00
210.0,14.0,16.0,,,,,995.9,,12.5,,,-4.4,,2025-12-17 06:00:00
220.0,13.0,17.0,,,,,995.8,,12.5,,,,,2025-12-17 06:10:00
250.0,15.0,21.0,3.8,8.0,7.2,236.0,996.8,,12.5,,,,,2025-12-17 06:20:00
280.0,17.0,24.0,,,,,997.5,,12.5,,,,,2025-12-17 06:30:00
310.0,17.0,22.0,4.0,,7.2,263.0,998.5,,12.5,,,,,2025-12-17 06:40:00
300.0,17.0,22.0,4.0,11.0,7.2,263.0,999.1,,12.5,,,,,2025-12-17 06:50:00
300.0,16.0,21.0,,,,,999.3,,12.5,,,-0.0,,2025-12-17 07:00:00
300.0,16.0,20.0,4.1,,6.9,271.0,999.7,,12.5,,,,,2025-12-17 07:10:00
290.0,17.0,20.0,4.1,13.0,6.9,271.0,1000.3,,12.5,,,,,2025-12-17 07:20:00
290.0,18.0,22.0,,,,,1001.1,,12.5,,,,,2025-12-17 07:30:00
290.0,16.0,21.0,,,,,1001.5,,12.5,,,,,2025-12-17 07:40:00
280.0,15.0,19.0,4.5,11.0,7.2,275.0,1002.1,,12.5,,,,,2025-12-17 07:50:00
280.0,14.0,18.0,,,,,1002.2,,12.5,,,4.4,,2025-12-17 08:00:00
280.0,12.0,15.0,4.2,,7.1,254.0,1001.8,,12.5,,,,,2025-12-17 08:10:00
290.0,12.0,14.0,4.2,12.0,7.1,254.0,1002.2,,12.5,,,,,2025-12-17 08:20:00
280.0,12.0,16.0,,,,,1002.4,,12.5,,,,,2025-12-17 08:30:00
270.0,14.0,18.0,4.7,,7.5,276.0,1002.7,,12.5,,,,,2025-12-17 08:40:00
270.0,14.0,19.0,4.7,13.0,7.5,276.0,1003.0,,12.5,,,,,2025-12-17 08:50:00
270.0,16.0,21.0,,,,,1003.4,,12.5,,,7.5,,2025-12-17 09:00:00
270.0,15.0,20.0,4.4,,7.3,284.0,1003.7,,12.5,,,,,2025-12-17 09:10:00
270.0,16.0,20.0,4.4,11.0,7.3,284.0,1004.2,,12.6,,,,,2025-12-17 09:20:00
280.0,14.0,20.0,,,,,1004.6,,12.6,,,,,2025-12-17 09:30:00
290.0,15.0,19.0,,,,,1004.5,,12.6,,,,,2025-12-17 09:40:00
280.0,14.0,17.0,4.3,10.0,7.3,274.0,1004.8,,12.6,,,,,2025-12-17 09:50:00
280.0,14.0,18.0,,,,,1005.2,,12.6,,,5.9,,2025-12-17 10:00:00
290.0,13.0,17.0,,,,,1005.6,,12.6,,,,,2025-12-17 10:10:00
280.0,15.0,20.0,4.5,10.0,7.4,275.0,1006.0,,12.6,,,,,2025-12-17 10:20:00
280.0,15.0,19.0,,,,,1006.5,,12.6,,,,,2025-12-17 10:30:00
290.0,15.0,19.0,4.8,,7.3,255.0,1006.9,,12.6,,,,,2025-12-17 10:40:00
290.0,13.0,17.0,4.8,9.0,7.3,255.0,1007.1,,12.6,,,,,2025-12-17 10:50:00
280.0,14.0,17.0,,,,,1007.3,,12.6,,,5.1,,2025-12-17 11:00:00
280.0,14.0,18.0,,,,,1007.7,,12.6,,,,,2025-12-17 11:10:00
280.0,15.0,18.0,5.0,8.0,7.6,283.0,1008.1,,12.5,,,,,2025-12-17 11:20:00
280.0,14.0,18.0,,,,,1008.4,,12.5,,,,,2025-12-17 11:30:00
280.0,13.0,18.0,,,,,1008.8,,12.5,,,,,2025-12-17 11:40:00
280.0,13.0,16.0,4.7,11.0,7.7,275.0,1009.0,,12.5,,,,,2025-12-17 11:50:00
270.0,14.0,18.0,,,,,1009.2,,12.5,,,5.8,,2025-12-17 12:00:00
280.0,14.0,17.0,5.2,,7.9,271.0,1009.7,,12.5,,,,,2025-12-17 12:10:00
280.0,14.0,17.0,5.2,11.0,7.9,271.0,1009.9,,12.5,,,,,2025-12-17 12:20:00
280.0,13.0,17.0,,,,,1010.2,,12.5,,,,,2025-12-17 12:30:00
270.0,13.0,17.0,5.1,,7.9,265.0,1010.5,,12.5,,,,,2025-12-17 12:40:00
280.0,14.0,19.0,5.1,10.0,7.9,265.0,1010.8,,12.5,,,,,2025-12-17 12:50:00
280.0,12.0,15.0,,,,,1010.9,,12.4,,,5.7,,2025-12-17 13:00:00
280.0,12.0,16.0,5.0,,7.8,266.0,1011.1,,12.4,,,,,2025-12-17 13:10:00
280.0,14.0,18.0,5.0,9.0,7.8,266.0,1011.5,,12.4,,,,,2025-12-17 13:20:00
280.0,13.0,16.0,,,,,1011.8,,12.4,,,,,2025-12-17 13:30:00
280.0,11.0,15.0,4.9,,7.9,272.0,1012.0,,12.4,,,,,2025-12-17 13:40:00
290.0,12.0,15.0,4.9,12.0,7.9,272.0,1012.2,,12.4,,,,,2025-12-17 13:50:00
290.0,9.0,12.0,,,,,1012.4,,12.4,,,5.1,,2025-12-17 14:00:00
280.0,11.0,16.0,5.0,,8.0,278.0,1012.7,,12.4,,,,,2025-12-17 14:10:00
270.0,13.0,16.0,5.0,10.0,8.0,278.0,1012.9,,12.4,,,,,2025-12-17 14:20:00
260.0,12.0,15.0,,,,,1013.0,,12.4,,,,,2025-12-17 14:30:00
260.0,13.0,17.0,,,,,1013.3,,12.4,,,,,2025-12-17 14:40:00
270.0,12.0,15.0,4.9,10.0,7.9,271.0,1013.5,,12.4,,,,,2025-12-17 14:50:00
260.0,11.0,15.0,,,,,1013.7,,12.4,,,4.5,,2025-12-17 15:00:00
250.0,13.0,16.0,5.0,,8.1,263.0,1014.0,,12.4,,,,,2025-12-17 15:10:00
250.0,13.0,15.0,5.0,11.0,8.1,263.0,1014.4,,12.4,,,,,2025-12-17 15:20:00
260.0,12.0,16.0,,,,,1014.3,,12.4,,,,,2025-12-17 15:30:00
260.0,12.0,15.0,4.9,,8.1,264.0,1014.6,,12.4,,,,,2025-12-17 15:40:00
260.0,13.0,16.0,4.9,11.0,8.1,264.0,1014.6,,12.4,,,,,2025-12-17 15:50:00
260.0,12.0,15.0,,,,,1014.5,,12.4,,,3.6,,2025-12-17 16:00:00
260.0,11.0,14.0,5.1,,8.4,268.0,1014.6,,12.5,,,,,2025-12-17 16:10:00
270.0,12.0,15.0,5.1,11.0,8.4,268.0,1015.0,,12.5,,,,,2025-12-17 16:20:00
270.0,11.0,15.0,,,,,1015.3,,12.5,,,,,2025-12-17 16:30:00
270.0,12.0,18.0,,,,,1015.6,,12.5,,,,,2025-12-17 16:40:00
280.0,12.0,16.0,5.3,11.0,8.3,265.0,1016.0,,12.5,,,,,2025-12-17 16:50:00
280.0,11.0,14.0,,,,,1016.1,,12.5,,,3.7,,2025-12-17 17:00:00
280.0,9.0,12.0,,,,,1016.2,,12.5,,,,,2025-12-17 17:10:00
280.0,9.0,12.0,5.0,11.0,8.2,272.0,1016.4,,12.5,,,,,2025-12-17 17:20:00
270.0,10.0,12.0,,,,,1016.7,,12.5,,,,,2025-12-17 17:30:00
270.0,10.0,13.0,,,,,1016.9,,12.5,,,,,2025-12-17 17:40:00
250.0,7.0,10.0,5.1,11.0,8.5,254.0,1017.2,,12.5,,,,,2025-12-17 17:50:00
260.0,8.0,11.0,,,,,1017.3,,12.5,,,3.6,,2025-12-17 18:00:00
260.0,7.0,9.0,5.0,,8.2,274.0,1017.7,,12.5,,,,,2025-12-17 18:10:00
270.0,9.0,20.0,5.0,11.0,8.2,274.0,1018.0,,12.4,,,,,2025-12-17 18:20:00
270.0,4.0,11.0,,,,,1017.9,,12.4,,,,,2025-12-17 18:30:00
260.0,8.0,12.0,,,,,1018.1,,12.4,,,,,2025-12-17 18:40:00
260.0,8.0,11.0,5.3,11.0,8.3,258.0,1018.1,,,,,,,2025-12-17 18:50:00
260.0,9.0,12.0,,,,,1018.4,,,,,3.9,,2025-12-17 19:00:00
260.0,8.0,10.0,5.1,,8.4,256.0,1018.4,,12.4,,,,,2025-12-17 19:10:00
250.0,8.0,10.0,5.1,11.0,8.4,256.0,1018.5,,12.4,,,,,2025-12-17 19:20:00
240.0,9.0,13.0,,,,,1018.6,,12.4,,,,,2025-12-17 19:30:00
240.0,8.0,11.0,,,,,1018.7,,12.4,,,,,2025-12-17 19:40:00
230.0,9.0,12.0,5.4,11.0,8.5,264.0,1018.7,,12.4,,,,,2025-12-17 19:50:00
240.0,10.0,13.0,,,,,1018.6,,12.3,,,2.5,,2025-12-17 20:00:00
240.0,9.0,13.0,,,,,1018.7,,12.3,,,,,2025-12-17 20:10:00
230.0,10.0,12.0,5.0,11.0,8.2,268.0,1018.7,,12.3,,,,,2025-12-17 20:20:00
230.0,9.0,12.0,,,,,1018.7,,12.3,,,,,2025-12-17 20:30:00
240.0,8.0,10.0,,,,,1018.6,,12.3,,,,,2025-12-17 20:40:00
240.0,9.0,14.0,4.8,10.0,7.9,259.0,1018.8,,12.3,,,,,2025-12-17 20:50:00
250.0,9.0,14.0,,,,,1019.0,,12.3,,,1.7,,2025-12-17 21:00:00
260.0,9.0,12.0,,,,,1019.2,,12.3,,,,,2025-12-17 21:10:00
280.0,7.0,9.0,4.8,10.0,8.0,276.0,1019.2,,12.3,,,,,2025-12-17 21:20:00
270.0,10.0,14.0,,,,,1019.4,,12.3,,,,,2025-12-17 21:30:00
250.0,6.0,12.0,,,,,1019.3,,12.3,,,,,2025-12-17 21:40:00
240.0,11.0,16.0,5.2,11.0,8.2,272.0,1019.6,,12.3,,,,,2025-12-17 21:50:00
240.0,8.0,12.0,,,,,1019.4,,12.3,,,1.0,,2025-12-17 22:00:00
250.0,7.0,9.0,,,,,1019.2,,12.3,,,,,2025-12-17 22:10:00
240.0,7.0,9.0,4.6,11.0,7.8,271.0,1019.1,,12.3,,,,,2025-12-17 22:20:00
230.0,8.0,11.0,,,,,1019.2,,12.3,,,,,2025-12-17 22:30:00
230.0,8.0,9.0,4.1,,7.5,275.0,1019.2,,12.3,,,,,2025-12-17 22:40:00
240.0,7.0,9.0,4.1,10.0,7.5,275.0,1019.2,,12.3,,,,,2025-12-17 22:50:00
240.0,8.0,11.0,,,,,1019.3,,12.3,,,0.7,,2025-12-17 23:00:00
240.0,9.0,12.0,4.4,,8.1,271.0,1019.2,,12.3,,,,,2025-12-17 23:10:00
230.0,9.0,12.0,4.2,,7.6,271.0,1019.3,,12.3,,,,,2025-12-17 23:40:00
230.0,9.0,11.0,4.2,11.0,7.6,271.0,1019.3,,12.3,,,,,2025-12-17 23:50:00
230.0,9.0,11.0,,,,,1019.1,,12.3,,,0.0,,2025-12-18 00:00:00
230.0,9.0,11.0,4.4,,7.8,273.0,1019.0,,12.3,,,,,2025-12-18 00:10:00
240.0,9.0,12.0,4.4,11.0,7.8,273.0,1018.9,,12.3,,,,,2025-12-18 00:20:00
230.0,9.0,10.0,,,,,1018.8,,12.3,,,,,2025-12-18 00:30:00
230.0,8.0,10.0,,,,,1018.8,,12.3,,,,,2025-12-18 00:40:00
220.0,9.0,12.0,4.3,10.0,7.7,276.0,1018.8,,12.3,,,,,2025-12-18 00:50:00
220.0,9.0,12.0,,,,,1018.6,,12.3,,,-0.8,,2025-12-18 01:00:00
220.0,9.0,11.0,,,,,1018.5,,12.3,,,,,2025-12-18 01:10:00
220.0,10.0,12.0,4.1,11.0,7.8,265.0,1018.5,,12.3,,,,,2025-12-18 01:20:00
210.0,10.0,12.0,3.8,,7.7,265.0,1018.4,,12.4,,,,,2025-12-18 01:30:00
220.0,10.0,12.0,,,,,1018.5,,12.4,,,,,2025-12-18 01:40:00
210.0,9.0,12.0,3.8,11.0,7.7,265.0,1018.6,,12.4,,,,,2025-12-18 01:50:00
210.0,10.0,13.0,,,,,1018.6,,12.4,,,-0.7,,2025-12-18 02:00:00
220.0,9.0,14.0,4.1,,7.7,269.0,1018.5,,12.4,,,,,2025-12-18 02:10:00
220.0,7.0,9.0,4.1,11.0,7.7,269.0,1018.6,,12.4,,,,,2025-12-18 02:20:00
220.0,9.0,12.0,,,,,1018.5,,12.4,,,,,2025-12-18 02:30:00
210.0,10.0,13.0,,,,,1018.3,,12.4,,,,,2025-12-18 02:40:00
210.0,10.0,12.0,3.6,11.0,7.7,267.0,1018.1,,12.4,,,,,2025-12-18 02:50:00
210.0,10.0,12.0,,,,,1018.1,,12.4,,,-1.0,,2025-12-18 03:00:00
230.0,9.0,12.0,3.8,,7.6,262.0,1018.1,,12.4,,,,,2025-12-18 03:10:00
230.0,8.0,10.0,3.8,11.0,7.6,262.0,1017.9,,12.4,,,,,2025-12-18 03:20:00
220.0,8.0,11.0,,,,,1017.9,,12.4,,,,,2025-12-18 03:30:00
210.0,9.0,11.0,,,,,1017.8,,12.4,,,,,2025-12-18 03:40:00
200.0,9.0,11.0,3.8,12.0,8.0,256.0,1017.7,,12.4,,,,,2025-12-18 03:50:00
200.0,9.0,12.0,,,,,1017.7,,12.4,,,-0.9,,2025-12-18 04:00:00
200.0,10.0,12.0,3.9,,7.9,258.0,1017.5,,12.4,,,,,2025-12-18 04:10:00
200.0,9.0,11.0,3.9,11.0,7.9,258.0,1017.3,,12.4,,,,,2025-12-18 04:20:00
200.0,9.0,11.0,,,,,1017.2,,12.4,,,,,2025-12-18 04:30:00
210.0,9.0,12.0,,,,,1017.4,,12.4,,,,,2025-12-18 04:40:00
210.0,11.0,14.0,3.7,11.0,8.1,265.0,1017.4,,12.4,,,,,2025-12-18 04:50:00
220.0,9.0,12.0,,,,,1017.4,,12.4,,,-1.2,,2025-12-18 05:00:00
210.0,9.0,12.0,3.9,,8.1,275.0,1017.2,,12.3,,,,,2025-12-18 05:10:00
210.0,11.0,13.0,3.9,11.0,8.1,275.0,1017.2,,12.4,,,,,2025-12-18 05:20:00
200.0,10.0,13.0,,,,,1016.9,,12.3,,,,,2025-12-18 05:30:00
200.0,11.0,13.0,,,,,1016.8,,12.3,,,,,2025-12-18 05:40:00
200.0,10.0,13.0,4.1,11.0,8.1,266.0,1016.4,,12.3,,,,,2025-12-18 05:50:00
200.0,11.0,13.0,,,,,1016.2,,12.3,,,-1.9,,2025-12-18 06:00:00
200.0,11.0,13.0,3.5,,7.5,275.0,1016.3,,12.3,,,,,2025-12-18 06:10:00
200.0,11.0,13.0,3.5,11.0,7.5,275.0,1016.3,,12.3,,,,,2025-12-18 06:20:00
200.0,11.0,13.0,,,,,1016.1,,12.3,,,,,2025-12-18 06:30:00
200.0,10.0,13.0,,,,,1016.0,,12.3,,,,,2025-12-18 06:40:00
200.0,11.0,13.0,3.4,11.0,7.4,275.0,1015.8,,12.3,,,,,2025-12-18 06:50:00
190.0,11.0,13.0,,,,,1015.8,,12.3,,,-1.9,,2025-12-18 07:00:00
190.0,11.0,13.0,,,,,1015.4,,12.3,,,,,2025-12-18 07:10:00
190.0,10.0,13.0,3.8,11.0,7.7,260.0,1015.5,,12.3,,,,,2025-12-18 07:20:00
190.0,10.0,13.0,,,,,1015.2,,12.3,,,,,2025-12-18 07:30:00
190.0,11.0,13.0,,,,,1014.8,,12.3,,,,,2025-12-18 07:40:00
190.0,11.0,12.0,3.7,11.0,7.5,255.0,1014.6,,12.3,,,,,2025-12-18 07:50:00
190.0,11.0,14.0,,,,,1014.5,,12.3,,,-2.9,,2025-12-18 08:00:00
190.0,12.0,14.0,,,,,1014.2,,12.3,,,,,2025-12-18 08:10:00
190.0,11.0,14.0,4.1,11.0,8.1,256.0,1014.1,,12.3,,,,,2025-12-18 08:20:00
190.0,11.0,15.0,,,,,1013.6,,12.3,,,,,2025-12-18 08:30:00
190.0,12.0,15.0,3.7,,7.3,265.0,1013.3,,12.3,,,,,2025-12-18 08:40:00
190.0,11.0,14.0,3.7,11.0,7.3,265.0,1012.7,,12.3,,,,,2025-12-18 08:50:00
190.0,12.0,14.0,,,,,1012.4,,12.3,,,-3.8,,2025-12-18 09:00:00
190.0,12.0,15.0,,,,,1012.4,,12.3,,,,,2025-12-18 09:10:00
190.0,12.0,15.0,4.0,11.0,7.5,251.0,1012.2,,12.3,,,,,2025-12-18 09:20:00
190.0,11.0,14.0,,,,,1012.2,,12.3,,,,,2025-12-18 09:30:00
180.0,11.0,13.0,,,,,1011.8,,12.3,,,,,2025-12-18 09:40:00
190.0,11.0,14.0,3.8,11.0,7.5,259.0,1011.4,,12.3,,,,,2025-12-18 09:50:00
180.0,11.0,13.0,,,,,1011.1,,12.3,,,-4.7,,2025-12-18 10:00:00
180.0,12.0,14.0,,,,,1010.6,,12.3,,,,,2025-12-18 10:10:00
180.0,11.0,14.0,3.8,12.0,7.3,258.0,1010.4,,12.4,,,,,2025-12-18 10:20:00
170.0,12.0,14.0,,,,,1010.3,,12.4,,,,,2025-12-18 10:30:00
170.0,11.0,14.0,,,,,1010.1,,12.4,,,,,2025-12-18 10:40:00
150.0,10.0,13.0,4.2,11.0,7.3,267.0,1009.7,,12.4,,,,,2025-12-18 10:50:00
160.0,11.0,13.0,,,,,1009.5,,12.4,,,-5.0,,2025-12-18 11:00:00
160.0,10.0,13.0,,,,,1009.4,,12.4,,,,,2025-12-18 11:10:00
160.0,10.0,13.0,3.8,11.0,7.1,267.0,1009.3,,12.4,,,,,2025-12-18 11:20:00
170.0,11.0,14.0,,,,,1008.8,,12.4,,,,,2025-12-18 11:30:00
170.0,11.0,14.0,3.7,,6.9,256.0,1008.7,,12.4,,,,,2025-12-18 11:40:00
170.0,11.0,14.0,3.7,10.0,6.9,256.0,1008.3,,12.4,,,,,2025-12-18 11:50:00
170.0,11.0,14.0,,,,,1008.1,,12.4,,,-4.3,,2025-12-18 12:00:00
160.0,10.0,13.0,3.7,,7.2,254.0,1007.6,,12.4,,,,,2025-12-18 12:10:00
160.0,11.0,15.0,3.7,11.0,7.2,254.0,1007.2,,12.4,,,,,2025-12-18 12:20:00
170.0,12.0,15.0,,,,,1006.6,,12.4,,,,,2025-12-18 12:30:00
160.0,12.0,15.0,,,,,1006.2,,12.4,,,,,2025-12-18 12:40:00
160.0,11.0,16.0,3.7,11.0,7.2,269.0,1006.0,,12.4,,,,,2025-12-18 12:50:00
170.0,12.0,16.0,,,,,1005.7,,12.4,,,-5.4,,2025-12-18 13:00:00
170.0,13.0,17.0,,,,,1005.0,,12.4,,,,,2025-12-18 13:10:00
160.0,12.0,15.0,3.6,10.0,6.8,269.0,1004.8,,12.4,,,,,2025-12-18 13:20:00
160.0,11.0,14.0,,,,,1004.6,,12.4,,,,,2025-12-18 13:30:00
160.0,12.0,15.0,,,,,1004.3,,12.4,,,,,2025-12-18 13:40:00
160.0,12.0,15.0,3.7,10.0,7.2,266.0,1003.4,,12.4,,,,,2025-12-18 13:50:00
150.0,12.0,16.0,,,,,1002.9,,12.4,,,-6.6,,2025-12-18 14:00:00
150.0,13.0,17.0,,,,,1002.2,,12.4,,,,,2025-12-18 14:10:00
150.0,13.0,16.0,3.9,11.0,7.0,254.0,1001.7,,12.4,,,,,2025-12-18 14:20:00
150.0,14.0,17.0,,,,,1001.1,,12.3,,,,,2025-12-18 14:30:00
150.0,14.0,17.0,,,,,1000.6,,12.3,,,,,2025-12-18 14:40:00
150.0,14.0,18.0,3.8,11.0,7.0,251.0,1000.2,,12.3,,,,,2025-12-18 14:50:00
150.0,14.0,18.0,,,,,999.5,,12.3,,,-8.6,,2025-12-18 15:00:00
150.0,14.0,18.0,4.0,,7.0,254.0,998.7,,12.3,,,,,2025-12-18 15:10:00
150.0,14.0,19.0,4.0,11.0,7.0,254.0,998.4,,12.3,,,,,2025-12-18 15:20:00
150.0,13.0,16.0,,,,,997.9,,12.3,,,,,2025-12-18 15:30:00
160.0,13.0,16.0,,,,,997.2,,12.3,,,,,2025-12-18 15:40:00
160.0,13.0,16.0,3.7,11.0,6.8,259.0,997.0,,,,,,,2025-12-18 15:50:00
170.0,13.0,16.0,,,,,996.4,,12.3,,,-9.3,,2025-12-18 16:00:00
170.0,13.0,16.0,,,,,996.0,,12.3,,,,,2025-12-18 16:10:00
180.0,13.0,17.0,4.0,11.0,7.0,245.0,995.8,,12.3,,,,,2025-12-18 16:20:00
190.0,13.0,16.0,,,,,995.4,,12.3,,,,,2025-12-18 16:30:00
200.0,14.0,17.0,,,,,995.4,,12.3,,,,,2025-12-18 16:40:00
200.0,14.0,18.0,4.0,11.0,7.1,248.0,995.5,,12.3,,,,,2025-12-18 16:50:00
200.0,15.0,18.0,,,,,995.1,,12.3,,,-7.8,,2025-12-18 17:00:00
200.0,15.0,18.0,4.1,,7.0,261.0,995.4,,12.3,,,,,2025-12-18 17:10:00
210.0,14.0,17.0,4.1,11.0,7.0,261.0,995.2,,12.3,,,,,2025-12-18 17:20:00
210.0,14.0,17.0,,,,,995.4,,12.3,,,,,2025-12-18 17:30:00
210.0,15.0,19.0,3.9,,6.9,229.0,995.4,,12.3,,,,,2025-12-18 17:40:00
210.0,15.0,19.0,3.9,9.0,6.9,229.0,995.4,,12.3,,,,,2025-12-18 17:50:00
210.0,15.0,20.0,,,,,995.0,,12.3,,,-4.5,,2025-12-18 18:00:00
210.0,16.0,19.0,4.3,,7.3,255.0,995.3,,12.3,,,,,2025-12-18 18:10:00
210.0,16.0,20.0,4.3,11.0,7.3,255.0,995.3,,12.3,,,,,2025-12-18 18:20:00
210.0,16.0,19.0,,,,,995.3,,12.3,,,,,2025-12-18 18:30:00
210.0,16.0,19.0,4.5,,7.3,256.0,995.4,,12.3,,,,,2025-12-18 18:40:00
210.0,16.0,20.0,4.5,11.0,7.3,256.0,995.3,,12.3,,,,,2025-12-18 18:50:00
210.0,16.0,20.0,,,,,995.1,,12.3,,,-1.3,,2025-12-18 19:00:00
210.0,15.0,19.0,4.3,,7.2,232.0,995.2,,12.3,,,,,2025-12-18 19:10:00
210.0,16.0,20.0,4.3,9.0,7.2,232.0,995.1,,12.3,,,,,2025-12-18 19:20:00
210.0,15.0,20.0,,,,,995.3,,12.3,,,,,2025-12-18 19:30:00
210.0,15.0,20.0,4.4,,7.2,253.0,995.0,,12.3,,,,,2025-12-18 19:40:00
220.0,15.0,19.0,4.4,11.0,7.2,253.0,995.2,,12.3,,,,,2025-12-18 19:50:00
220.0,15.0,19.0,,,,,995.3,,12.3,,,0.0,,2025-12-18 20:00:00
220.0,15.0,19.0,4.5,,7.4,213.0,995.4,,12.3,,,,,2025-12-18 20:10:00
220.0,16.0,20.0,4.5,9.0,7.4,213.0,995.4,,12.3,,,,,2025-12-18 20:20:00
220.0,15.0,19.0,,,,,995.4,,12.3,,,,,2025-12-18 20:30:00
220.0,15.0,18.0,,,,,995.4,,12.3,,,,,2025-12-18 20:40:00
220.0,14.0,18.0,4.9,9.0,7.7,225.0,995.7,,12.3,,,,,2025-12-18 20:50:00
230.0,14.0,18.0,,,,,995.7,,12.3,,,0.7,,2025-12-18 21:00:00
230.0,13.0,17.0,,,,,996.0,,12.3,,,,,2025-12-18 21:10:00
240.0,13.0,16.0,4.9,8.0,7.6,220.0,996.2,,12.3,,,,,2025-12-18 21:20:00
240.0,13.0,16.0,,,,,996.0,,12.3,,,,,2025-12-18 21:30:00
240.0,12.0,15.0,4.5,,7.6,248.0,996.2,,12.3,,,,,2025-12-18 21:40:00
240.0,12.0,14.0,4.5,11.0,7.6,248.0,996.2,,12.3,,,,,2025-12-18 21:50:00
240.0,11.0,14.0,,,,,996.0,,12.3,,,0.9,,2025-12-18 22:00:00
240.0,11.0,14.0,4.9,,7.9,243.0,996.0,,12.3,,,,,2025-12-18 22:10:00
240.0,11.0,14.0,4.9,11.0,7.9,243.0,996.2,,12.3,,,,,2025-12-18 22:20:00
240.0,11.0,14.0,,,,,996.4,,12.3,,,,,2025-12-18 22:30:00
250.0,11.0,14.0,4.5,,7.5,247.0,996.6,,12.3,,,,,2025-12-18 22:40:00
250.0,12.0,17.0,4.5,11.0,7.5,247.0,996.6,,12.3,,,,,2025-12-18 22:50:00
250.0,11.0,14.0,,,,,996.9,,12.3,,,1.6,,2025-12-18 23:00:00
250.0,11.0,13.0,,,,,996.9,,12.3,,,,,2025-12-18 23:10:00
250.0,11.0,13.0,4.8,10.0,7.8,220.0,997.1,,12.3,,,,,2025-12-18 23:20:00
250.0,11.0,14.0,,,,,997.3,,12.3,,,,,2025-12-18 23:40:00
260.0,11.0,14.0,4.7,11.0,7.9,230.0,997.3,,12.3,,,,,2025-12-18 23:50:00
260.0,10.0,13.0,,,,,997.5,,12.3,,,1.8,,2025-12-19 00:00:00
260.0,11.0,13.0,4.7,,7.9,254.0,997.7,,12.3,,,,,2025-12-19 00:10:00
270.0,11.0,14.0,4.7,11.0,7.9,254.0,997.9,,12.3,,,,,2025-12-19 00:20:00
260.0,12.0,15.0,,,,,997.6,,12.3,,,,,2025-12-19 00:30:00
260.0,11.0,15.0,,,,,997.7,,12.3,,,,,2025-12-19 00:40:00
270.0,12.0,16.0,4.6,10.0,7.9,219.0,997.9,,12.3,,,,,2025-12-19 00:50:00
270.0,11.0,14.0,,,,,998.1,,12.3,,,2.1,,2025-12-19 01:00:00
270.0,12.0,16.0,5.0,,8.4,251.0,998.4,,12.3,,,,,2025-12-19 01:10:00
280.0,12.0,15.0,5.0,11.0,8.4,251.0,998.4,,12.3,,,,,2025-12-19 01:20:00
280.0,12.0,15.0,,,,,998.4,,12.3,,,,,2025-12-19 01:30:00
280.0,12.0,16.0,,,,,998.8,,12.3,,,,,2025-12-19 01:40:00
280.0,11.0,14.0,4.6,11.0,7.7,245.0,998.5,,12.3,,,,,2025-12-19 01:50:00
290.0,11.0,16.0,,,,,998.4,,12.3,,,1.5,,2025-12-19 02:00:00
290.0,12.0,15.0,5.1,,8.2,237.0,999.3,,12.3,,,,,2025-12-19 02:10:00
290.0,10.0,13.0,5.1,11.0,8.2,237.0,999.3,,12.3,,,,,2025-12-19 02:20:00
290.0,12.0,16.0,,,,,999.4,,12.3,,,,,2025-12-19 02:30:00
300.0,11.0,14.0,,,,,999.4,,12.3,,,,,2025-12-19 02:40:00
300.0,12.0,17.0,4.8,10.0,8.1,216.0,999.1,,12.3,,,,,2025-12-19 02:50:00
310.0,12.0,16.0,,,,,999.9,,12.3,,,2.4,,2025-12-19 03:00:00
300.0,12.0,16.0,5.1,,8.3,219.0,999.8,,12.3,,,,,2025-12-19 03:10:00
300.0,12.0,15.0,5.1,10.0,8.3,219.0,1000.0,,12.3,,,,,2025-12-19 03:20:00
300.0,12.0,15.0,,,,,1000.1,,12.3,,,,,2025-12-19 03:30:00
300.0,11.0,14.0,4.7,,7.9,242.0,1000.1,,12.3,,,,,2025-12-19 03:40:00
290.0,11.0,14.0,4.7,11.0,7.9,242.0,1000.3,,12.3,,,,,2025-12-19 03:50:00
300.0,11.0,14.0,,,,,1000.3,,12.3,,,2.2,,2025-12-19 04:00:00
290.0,11.0,14.0,,,,,1000.6,,12.3,,,,,2025-12-19 04:10:00
290.0,11.0,16.0,4.7,11.0,7.8,234.0,1000.7,,12.2,,,,,2025-12-19 04:20:00
280.0,12.0,14.0,,,,,1000.7,,12.3,,,,,2025-12-19 04:30:00
280.0,12.0,16.0,5.3,,8.2,220.0,1000.9,,12.2,,,,,2025-12-19 04:40:00
280.0,12.0,16.0,5.3,11.0,8.2,220.0,1001.2,,12.2,,,,,2025-12-19 04:50:00
300.0,11.0,14.0,,,,,1001.2,,12.3,,,2.8,,2025-12-19 05:00:00
290.0,11.0,14.0,4.9,,8.0,227.0,1001.4,,12.3,,,,,2025-12-19 05:10:00
280.0,11.0,14.0,4.9,11.0,8.0,227.0,1001.5,,12.2,,,,,2025-12-19 05:20:00
290.0,11.0,14.0,,,,,1001.7,,12.2,,,,,2025-12-19 05:30:00
300.0,11.0,13.0,4.8,,7.9,229.0,1001.8,,12.2,,,,,2025-12-19 05:40:00
290.0,11.0,13.0,4.8,11.0,7.9,229.0,1002.1,,12.2,,,,,2025-12-19 05:50:00
300.0,10.0,14.0,,,,,1002.0,,12.2,,,2.1,,2025-12-19 06:00:00
300.0,11.0,13.0,5.0,,7.9,234.0,1002.2,,12.2,,,,,2025-12-19 06:10:00
300.0,10.0,12.0,5.0,10.0,7.9,234.0,1002.3,,12.2,,,,,2025-12-19 06:20:00
300.0,10.0,12.0,,,,,1002.6,,12.2,,,,,2025-12-19 06:30:00
310.0,10.0,13.0,,,,,1002.7,,12.2,,,,,2025-12-19 06:40:00
300.0,9.0,12.0,4.8,11.0,8.0,270.0,1002.9,,12.2,,,,,2025-12-19 06:50:00
310.0,9.0,12.0,,,,,1003.0,,12.2,,,2.7,,2025-12-19 07:00:00
300.0,10.0,13.0,5.3,,8.3,247.0,1003.3,,12.2,,,,,2025-12-19 07:10:00
310.0,9.0,13.0,5.3,11.0,8.3,247.0,1003.5,,12.2,,,,,2025-12-19 07:20:00
290.0,9.0,13.0,,,,,1003.6,,12.2,,,,,2025-12-19 07:30:00
290.0,9.0,11.0,5.2,,8.4,242.0,1003.7,,12.2,,,,,2025-12-19 07:40:00
290.0,8.0,11.0,5.2,11.0,8.4,242.0,1003.9,,12.2,,,,,2025-12-19 07:50:00
290.0,8.0,11.0,,,,,1004.0,,12.2,,,2.8,,2025-12-19 08:00:00
290.0,8.0,11.0,5.3,,8.6,239.0,1004.0,,12.2,,,,,2025-12-19 08:10:00
290.0,8.0,10.0,5.3,11.0,8.6,239.0,1004.0,,12.2,,,,,2025-12-19 08:20:00
290.0,8.0,11.0,,,,,1004.0,,12.2,,,,,2025-12-19 08:30:00
280.0,8.0,11.0,,,,,1004.1,,12.2,,,,,2025-12-19 08:40:00
280.0,9.0,11.0,5.1,11.0,8.5,226.0,1004.2,,12.2,,,,,2025-12-19 08:50:00
280.0,9.0,11.0,,,,,1004.2,,12.2,,,2.2,,2025-12-19 09:00:00
290.0,9.0,11.0,4.8,,8.2,255.0,1004.3,,12.2,,,,,2025-12-19 09:10:00
280.0,8.0,11.0,4.8,11.0,8.2,255.0,1004.4,,12.2,,,,,2025-12-19 09:20:00
280.0,8.0,11.0,,,,,1004.4,,12.2,,,,,2025-12-19 09:30:00
270.0,8.0,10.0,,,,,1004.4,,12.2,,,,,2025-12-19 09:40:00
270.0,7.0,13.0,4.8,11.0,8.3,246.0,1004.6,,12.2,,,,,2025-12-19 09:50:00
280.0,9.0,13.0,,,,,1004.8,,12.2,,,1.8,,2025-12-19 10:00:00
280.0,10.0,13.0,4.8,,8.0,256.0,1005.1,,12.2,,,,,2025-12-19 10:10:00
290.0,9.0,11.0,4.8,11.0,8.0,256.0,1005.1,,12.2,,,,,2025-12-19 10:20:00
270.0,9.0,11.0,,,,,1005.0,,12.2,,,,,2025-12-19 10:30:00
280.0,8.0,10.0,,,,,1005.1,,12.2,,,,,2025-12-19 10:40:00
270.0,9.0,11.0,4.4,10.0,7.8,243.0,1005.2,,12.2,,,,,2025-12-19 10:50:00
280.0,9.0,12.0,,,,,1005.5,,12.2,,,1.5,,2025-12-19 11:00:00
270.0,10.0,12.0,,,,,1005.5,,12.2,,,,,2025-12-19 11:10:00
270.0,9.0,12.0,4.2,10.0,7.9,262.0,1005.4,,12.2,,,,,2025-12-19 11:20:00
290.0,9.0,11.0,,,,,1005.5,,12.2,,,,,2025-12-19 11:30:00
300.0,8.0,10.0,4.4,,7.9,228.0,1005.5,,12.2,,,,,2025-12-19 11:40:00
300.0,7.0,9.0,4.4,10.0,7.9,228.0,1005.4,,12.2,,,,,2025-12-19 11:50:00
270.0,8.0,9.0,,,,,1005.5,,12.2,,,1.3,,2025-12-19 12:00:00
270.0,10.0,16.0,4.4,,8.0,243.0,1005.6,,12.2,,,,,2025-12-19 12:10:00
270.0,9.0,12.0,4.4,10.0,8.0,243.0,1005.7,,12.2,,,,,2025-12-19 12:20:00
270.0,9.0,12.0,,,,,1005.5,,12.2,,,,,2025-12-19 12:30:00
260.0,9.0,13.0,4.2,,7.7,261.0,1005.7,,12.2,,,,,2025-12-19 12:40:00
260.0,9.0,11.0,4.2,9.0,7.7,261.0,1005.8,,12.2,,,,,2025-12-19 12:50:00
260.0,9.0,11.0,,,,,1005.8,,12.2,,,1.0,,2025-12-19 13:00:00
280.0,9.0,12.0,4.0,,7.7,246.0,1006.0,,12.2,,,,,2025-12-19 13:10:00
280.0,9.0,13.0,4.0,9.0,7.7,246.0,1006.1,,12.2,,,,,2025-12-19 13:20:00
290.0,8.0,10.0,,,,,1006.1,,12.2,,,,,2025-12-19 13:30:00
270.0,7.0,9.0,4.0,,7.6,260.0,1006.2,,12.2,,,,,2025-12-19 13:40:00
270.0,7.0,10.0,4.0,8.0,7.6,260.0,1006.3,,12.2,,,,,2025-12-19 13:50:00
280.0,7.0,10.0,,,,,1006.4,,12.2,,,0.9,,2025-12-19 14:00:00
270.0,8.0,12.0,,,,,1006.3,,12.2,,,,,2025-12-19 14:10:00
270.0,9.0,12.0,4.3,11.0,8.3,249.0,1006.3,,12.2,,,,,2025-12-19 14:20:00
270.0,9.0,11.0,,,,,1006.5,,12.2,,,,,2025-12-19 14:30:00
260.0,9.0,13.0,,,,,1006.5,,12.2,,,,,2025-12-19 14:40:00
260.0,10.0,16.0,3.6,11.0,7.6,253.0,1006.9,,12.2,,,,,2025-12-19 14:50:00
260.0,14.0,17.0,,,,,1007.1,,12.2,,,1.6,,2025-12-19 15:00:00
280.0,9.0,14.0,3.6,,7.3,251.0,1007.1,,12.2,,,,,2025-12-19 15:10:00
250.0,7.0,10.0,3.6,10.0,7.3,251.0,1007.3,,12.2,,,,,2025-12-19 15:20:00
250.0,9.0,13.0,,,,,1007.4,,12.2,,,,,2025-12-19 15:30:00
250.0,7.0,9.0,,,,,1007.4,,12.2,,,,,2025-12-19 15:40:00
280.0,5.0,8.0,3.7,11.0,7.8,241.0,1007.4,,12.2,,,,,2025-12-19 15:50:00
260.0,8.0,16.0,,,,,1007.5,,12.2,,,1.7,,2025-12-19 16:00:00
260.0,14.0,17.0,,,,,1007.8,,12.2,,,,,2025-12-19 16:10:00
260.0,11.0,16.0,3.9,11.0,7.6,271.0,1007.7,,12.2,,,,,2025-12-19 16:20:00
250.0,8.0,11.0,,,,,1007.9,,12.2,,,,,2025-12-19 16:30:00
270.0,9.0,12.0,,,,,1008.0,,12.2,,,,,2025-12-19 16:40:00
290.0,8.0,12.0,4.0,11.0,7.8,263.0,1008.1,,12.2,,,,,2025-12-19 16:50:00
280.0,6.0,9.0,,,,,1008.3,,12.2,,,1.9,,2025-12-19 17:00:00
270.0,9.0,15.0,,,,,1008.6,,12.2,,,,,2025-12-19 17:10:00
270.0,8.0,10.0,3.8,11.0,7.6,239.0,1008.6,,12.2,,,,,2025-12-19 17:20:00
260.0,9.0,12.0,,,,,1008.5,,12.2,,,,,2025-12-19 17:30:00
250.0,11.0,13.0,,,,,1008.7,,12.2,,,,,2025-12-19 17:40:00
250.0,11.0,15.0,3.9,10.0,7.9,248.0,1008.7,,12.2,,,,,2025-12-19 17:50:00
240.0,11.0,14.0,,,,,1008.8,,12.2,,,1.7,,2025-12-19 18:00:00
240.0,8.0,11.0,,,,,1009.0,,12.2,,,,,2025-12-19 18:10:00
240.0,9.0,11.0,3.8,10.0,7.5,248.0,1009.2,,12.2,,,,,2025-12-19 18:20:00
230.0,9.0,12.0,,,,,1009.3,,12.2,,,,,2025-12-19 18:30:00
250.0,9.0,12.0,,,,,1009.3,,12.2,,,,,2025-12-19 18:40:00
240.0,8.0,11.0,3.9,10.0,7.8,259.0,1009.3,,12.2,,,,,2025-12-19 18:50:00
230.0,9.0,11.0,,,,,1009.3,,12.2,,,1.8,,2025-12-19 19:00:00
260.0,8.0,14.0,,,,,1009.5,,12.2,,,,,2025-12-19 19:10:00
260.0,9.0,13.0,3.8,10.0,7.7,257.0,1009.4,,12.2,,,,,2025-12-19 19:20:00
260.0,11.0,16.0,,,,,1009.6,,12.2,,,,,2025-12-19 19:30:00
260.0,10.0,12.0,3.5,,7.3,288.0,1009.6,,12.2,,,,,2025-12-19 19:40:00
260.0,10.0,12.0,3.5,11.0,7.3,288.0,1009.5,,12.2,,,,,2025-12-19 19:50:00
260.0,10.0,13.0,,,,,1009.5,,12.2,,,1.2,,2025-12-19 20:00:00
260.0,10.0,13.0,3.9,,7.6,260.0,1009.6,,12.2,,,,,2025-12-19 20:10:00
260.0,10.0,14.0,3.9,10.0,7.6,260.0,1009.6,,12.2,,,,,2025-12-19 20:20:00
250.0,10.0,12.0,,,,,1009.7,,12.2,,,,,2025-12-19 20:30:00
240.0,10.0,13.0,,,,,1009.6,,12.2,,,,,2025-12-19 20:40:00
250.0,9.0,11.0,3.8,11.0,7.7,274.0,1009.7,,12.2,,,,,2025-12-19 20:50:00
250.0,8.0,10.0,,,,,1009.7,,12.2,,,0.9,,2025-12-19 21:00:00
240.0,8.0,15.0,,,,,1010.0,,12.2,,,,,2025-12-19 21:10:00
250.0,8.0,12.0,3.7,10.0,7.6,260.0,1010.0,,12.2,,,,,2025-12-19 21:20:00
270.0,8.0,10.0,,,,,1009.8,,12.2,,,,,2025-12-19 21:30:00
270.0,9.0,11.0,3.6,,7.8,260.0,1009.8,,12.2,,,,,2025-12-19 21:40:00
270.0,8.0,10.0,3.6,10.0,7.8,260.0,1009.9,,12.2,,,,,2025-12-19 21:50:00
270.0,8.0,10.0,,,,,1009.9,,12.2,,,0.6,,2025-12-19 22:00:00
260.0,9.0,12.0,,,,,1010.0,,12.2,,,,,2025-12-19 22:10:00
250.0,9.0,11.0,3.6,10.0,7.5,273.0,1010.1,,12.2,,,,,2025-12-19 22:20:00
260.0,9.0,11.0,,,,,1010.2,,12.2,,,,,2025-12-19 22:30:00
260.0,9.0,11.0,,,,,1010.2,,12.2,,,,,2025-12-19 22:40:00
260.0,9.0,12.0,3.9,9.0,7.7,252.0,1010.3,,12.2,,,,,2025-12-19 22:50:00
270.0,10.0,12.0,,,,,1010.4,,12.2,,,0.9,,2025-12-19 23:00:00
260.0,9.0,13.0,,,,,1010.6,,12.2,,,,,2025-12-19 23:10:00
250.0,8.0,10.0,3.9,,7.7,272.0,1010.9,,12.2,,,,,2025-12-19 23:40:00
250.0,7.0,9.0,3.9,10.0,7.7,272.0,1011.2,,12.2,,,,,2025-12-19 23:50:00
250.0,8.0,10.0,,,,,1011.2,,12.2,,,1.5,,2025-12-20 00:00:00
250.0,8.0,10.0,3.6,,7.6,264.0,1011.2,,12.2,,,,,2025-12-20 00:10:00
250.0,7.0,10.0,3.6,10.0,7.6,264.0,1011.3,,12.2,,,,,2025-12-20 00:20:00
250.0,8.0,10.0,,,,,1011.4,,12.2,,,,,2025-12-20 00:30:00
230.0,8.0,11.0,,,,,1011.4,,12.2,,,,,2025-12-20 00:40:00
240.0,8.0,10.0,3.7,11.0,7.4,279.0,1011.4,,12.2,,,,,2025-12-20 00:50:00
250.0,8.0,10.0,,,,,1011.6,,12.2,,,1.7,,2025-12-20 01:00:00
250.0,8.0,11.0,3.6,,7.3,288.0,1011.7,,12.2,,,,,2025-12-20 01:10:00
260.0,8.0,11.0,3.6,10.0,7.3,288.0,1011.7,,12.2,,,,,2025-12-20 01:20:00
260.0,9.0,13.0,,,,,1011.9,,12.2,,,,,2025-12-20 01:30:00
260.0,8.0,11.0,,,,,1011.8,,12.2,,,,,2025-12-20 01:40:00
250.0,10.0,13.0,3.7,9.0,7.3,264.0,1011.9,,12.2,,,,,2025-12-20 01:50:00
250.0,10.0,12.0,,,,,1011.9,,12.2,,,1.5,,2025-12-20 02:00:00
250.0,10.0,13.0,3.4,,7.1,255.0,1011.9,,12.2,,,,,2025-12-20 02:10:00
250.0,10.0,12.0,3.4,9.0,7.1,255.0,1011.9,,12.2,,,,,2025-12-20 02:20:00
250.0,9.0,12.0,,,,,1011.9,,12.2,,,,,2025-12-20 02:30:00
240.0,10.0,12.0,3.7,,7.4,257.0,1012.0,,12.2,,,,,2025-12-20 02:40:00
250.0,10.0,12.0,3.7,10.0,7.4,257.0,1012.1,,12.2,,,,,2025-12-20 02:50:00
240.0,9.0,11.0,,,,,1012.1,,12.2,,,0.9,,2025-12-20 03:00:00
240.0,9.0,11.0,3.5,,7.3,270.0,1012.0,,12.2,,,,,2025-12-20 03:10:00
240.0,9.0,11.0,3.5,10.0,7.3,270.0,1012.1,,12.2,,,,,2025-12-20 03:20:00
240.0,9.0,12.0,,,,,1012.3,,12.2,,,,,2025-12-20 03:30:00
230.0,10.0,14.0,,,,,1012.3,,12.2,,,,,2025-12-20 03:40:00
230.0,12.0,14.0,3.4,10.0,7.2,270.0,1012.5,,12.2,,,,,2025-12-20 03:50:00
230.0,11.0,13.0,,,,,1012.7,,12.2,,,1.1,,2025-12-20 04:00:00
230.0,11.0,14.0,3.6,,7.3,265.0,1012.9,,12.2,,,,,2025-12-20 04:10:00
240.0,8.0,12.0,3.6,10.0,7.3,265.0,1012.8,,12.1,,,,,2025-12-20 04:20:00
240.0,8.0,12.0,,,,,1012.9,,12.1,,,,,2025-12-20 04:30:00
250.0,9.0,12.0,,,,,1013.0,,12.1,,,,,2025-12-20 04:40:00
240.0,10.0,11.0,3.4,10.0,7.3,267.0,1013.0,,12.1,,,,,2025-12-20 04:50:00
240.0,9.0,11.0,,,,,1013.0,,12.1,,,1.1,,2025-12-20 05:00:00
250.0,10.0,13.0,3.4,,7.3,268.0,1013.0,,12.1,,,,,2025-12-20 05:10:00
250.0,9.0,11.0,3.4,9.0,7.3,268.0,1013.0,,12.1,,,,,2025-12-20 05:20:00
240.0,9.0,11.0,,,,,1013.0,,12.1,,,,,2025-12-20 05:30:00
240.0,9.0,11.0,,,,,1012.9,,12.1,,,,,2025-12-20 05:40:00
230.0,9.0,11.0,3.2,10.0,7.2,272.0,1012.9,,12.1,,,,,2025-12-20 05:50:00
240.0,9.0,11.0,,,,,1013.0,,12.1,,,0.9,,2025-12-20 06:00:00
240.0,10.0,11.0,3.3,,7.1,279.0,1013.1,,12.1,,,,,2025-12-20 06:10:00
250.0,9.0,13.0,3.3,11.0,7.1,279.0,1013.2,,12.1,,,,,2025-12-20 06:20:00
240.0,9.0,13.0,,,,,1013.3,,12.1,,,,,2025-12-20 06:30:00
230.0,10.0,14.0,3.2,,7.2,284.0,1013.4,,12.1,,,,,2025-12-20 06:40:00
240.0,10.0,14.0,3.2,10.0,7.2,284.0,1013.1,,12.1,,,,,2025-12-20 06:50:00
230.0,9.0,12.0,,,,,1013.2,,12.1,,,0.5,,2025-12-20 07:00:00
230.0,10.0,12.0,,,,,1013.2,,12.1,,,,,2025-12-20 07:10:00
230.0,10.0,12.0,3.2,11.0,7.0,282.0,1013.2,,12.1,,,,,2025-12-20 07:20:00
240.0,10.0,12.0,,,,,1013.3,,12.1,,,,,2025-12-20 07:30:00
240.0,10.0,12.0,,,,,1013.3,,12.1,,,,,2025-12-20 07:40:00
230.0,10.0,12.0,3.2,10.0,7.2,265.0,1013.3,,12.1,,,,,2025-12-20 07:50:00
240.0,9.0,11.0,,,,,1013.3,,12.1,,,0.3,,2025-12-20 08:00:00
250.0,10.0,12.0,3.0,,6.9,275.0,1013.3,,12.1,,,,,2025-12-20 08:10:00
230.0,10.0,12.0,3.0,10.0,6.9,275.0,1013.4,,12.1,,,,,2025-12-20 08:20:00
260.0,9.0,13.0,,,,,1013.4,,12.1,,,,,2025-12-20 08:30:00
260.0,8.0,10.0,,,,,1013.4,,12.1,,,,,2025-12-20 08:40:00
250.0,8.0,11.0,3.4,10.0,7.4,270.0,1013.4,,12.1,,,,,2025-12-20 08:50:00
240.0,10.0,15.0,,,,,1013.5,,12.1,,,0.5,,2025-12-20 09:00:00
240.0,9.0,13.0,,,,,1013.5,,12.1,,,,,2025-12-20 09:10:00
230.0,8.0,9.0,3.2,9.0,7.0,274.0,1013.5,,12.1,,,,,2025-12-20 09:20:00
230.0,7.0,9.0,,,,,1013.5,,12.1,,,,,2025-12-20 09:30:00
230.0,8.0,12.0,,,,,1013.8,,12.1,,,,,2025-12-20 09:40:00
250.0,10.0,13.0,3.5,10.0,7.4,271.0,1013.8,,12.1,,,,,2025-12-20 09:50:00
240.0,8.0,11.0,,,,,1013.7,,12.1,,,0.5,,2025-12-20 10:00:00
230.0,8.0,10.0,3.0,,7.2,290.0,1013.7,,12.1,,,,,2025-12-20 10:10:00
230.0,8.0,9.0,3.0,11.0,7.2,290.0,1013.7,,12.1,,,,,2025-12-20 10:20:00
240.0,8.0,10.0,,,,,1013.8,,12.1,,,,,2025-12-20 10:30:00
230.0,8.0,10.0,3.3,,7.6,284.0,1013.7,,12.1,,,,,2025-12-20 10:40:00
240.0,9.0,11.0,3.3,10.0,7.6,284.0,1013.9,,12.1,,,,,2025-12-20 10:50:00
230.0,8.0,12.0,,,,,1013.8,,12.1,,,0.5,,2025-12-20 11:00:00
230.0,7.0,9.0,,,,,1013.9,,12.1,,,,,2025-12-20 11:10:00
230.0,8.0,10.0,3.3,11.0,7.4,293.0,1013.9,,12.1,,,,,2025-12-20 11:20:00
240.0,9.0,10.0,,,,,1013.9,,12.1,,,,,2025-12-20 11:30:00
230.0,8.0,11.0,,,,,1013.9,,12.1,,,,,2025-12-20 11:40:00
240.0,8.0,10.0,3.1,10.0,7.1,267.0,1013.8,,12.1,,,,,2025-12-20 11:50:00
250.0,11.0,15.0,,,,,1013.9,,12.1,,,0.4,,2025-12-20 12:00:00
240.0,9.0,11.0,3.3,,7.3,268.0,1013.6,,12.1,,,,,2025-12-20 12:10:00
240.0,8.0,10.0,3.3,9.0,7.3,268.0,1013.6,,12.1,,,,,2025-12-20 12:20:00
250.0,9.0,11.0,,,,,1013.6,,12.1,,,,,2025-12-20 12:30:00
240.0,8.0,10.0,,,,,1013.5,,12.1,,,,,2025-12-20 12:40:00
240.0,8.0,13.0,3.4,10.0,7.4,285.0,1013.5,,12.1,,,,,2025-12-20 12:50:00
240.0,9.0,12.0,,,,,1013.5,,12.1,,,0.0,,2025-12-20 13:00:00
240.0,10.0,13.0,3.2,,7.1,299.0,1013.7,,12.1,,,,,2025-12-20 13:10:00
230.0,9.0,11.0,3.2,11.0,7.1,299.0,1013.5,,12.1,,,,,2025-12-20 13:20:00
230.0,8.0,10.0,,,,,1013.4,,12.1,,,,,2025-12-20 13:30:00
230.0,8.0,10.0,3.1,,7.2,268.0,1013.4,,12.1,,,,,2025-12-20 13:40:00
240.0,9.0,11.0,3.1,10.0,7.2,268.0,1013.4,,12.1,,,,,2025-12-20 13:50:00
230.0,8.0,10.0,,,,,1013.3,,12.1,,,-0.5,,2025-12-20 14:00:00
230.0,9.0,12.0,3.1,,7.4,293.0,1013.2,,12.1,,,,,2025-12-20 14:10:00
220.0,9.0,11.0,3.1,11.0,7.4,293.0,1013.2,,12.1,,,,,2025-12-20 14:20:00
230.0,9.0,10.0,,,,,1013.2,,12.1,,,,,2025-12-20 14:30:00
230.0,8.0,10.0,,,,,1013.1,,12.1,,,,,2025-12-20 14:40:00
230.0,9.0,10.0,3.4,10.0,7.2,285.0,1013.1,,12.1,,,,,2025-12-20 14:50:00
240.0,9.0,12.0,,,,,1013.2,,12.1,,,-0.7,,2025-12-20 15:00:00
230.0,8.0,11.0,,,,,1013.2,,12.1,,,,,2025-12-20 15:10:00
220.0,10.0,14.0,3.2,10.0,7.2,280.0,1013.3,,12.1,,,,,2025-12-20 15:20:00
240.0,10.0,14.0,,,,,1013.3,,12.1,,,,,2025-12-20 15:30:00
230.0,8.0,10.0,,,,,1013.2,,12.1,,,,,2025-12-20 15:40:00
220.0,9.0,10.0,3.4,11.0,7.4,288.0,1013.1,,12.1,,,,,2025-12-20 15:50:00
220.0,9.0,11.0,,,,,1013.0,,12.1,,,-0.5,,2025-12-20 16:00:00
230.0,10.0,12.0,3.2,,7.1,279.0,1012.9,,12.1,,,,,2025-12-20 16:10:00
230.0,10.0,11.0,3.2,11.0,7.1,279.0,1013.0,,12.1,,,,,2025-12-20 16:20:00
230.0,9.0,11.0,,,,,1012.9,,12.1,,,,,2025-12-20 16:30:00
210.0,9.0,11.0,3.2,,7.2,287.0,1012.8,,12.1,,,,,2025-12-20 16:40:00
210.0,8.0,10.0,3.2,11.0,7.2,287.0,1012.8,,12.0,,,,,2025-12-20 16:50:00
220.0,10.0,14.0,,,,,1013.0,,12.0,,,-0.3,,2025-12-20 17:00:00
240.0,8.0,10.0,,,,,1012.9,,12.0,,,,,2025-12-20 17:10:00
230.0,8.0,10.0,3.2,11.0,7.3,279.0,1012.9,,12.1,,,,,2025-12-20 17:20:00
220.0,8.0,10.0,,,,,1013.0,,12.1,,,,,2025-12-20 17:30:00
230.0,10.0,12.0,2.9,,6.7,271.0,1013.0,,12.1,,,,,2025-12-20 17:40:00
230.0,10.0,12.0,2.9,9.0,6.7,271.0,1012.9,,12.1,,,,,2025-12-20 17:50:00
220.0,10.0,13.0,,,,,1013.0,,12.1,,,0.0,,2025-12-20 18:00:00
220.0,10.0,13.0,2.8,,6.6,274.0,1013.0,,12.1,,,,,2025-12-20 18:10:00
220.0,10.0,12.0,2.8,10.0,6.6,274.0,1012.9,,12.1,,,,,2025-12-20 18:20:00
220.0,10.0,12.0,,,,,1012.8,,12.1,,,,,2025-12-20 18:30:00
220.0,11.0,14.0,,,,,1013.0,,12.1,,,,,2025-12-20 18:40:00
220.0,11.0,13.0,3.2,10.0,6.9,260.0,1013.0,,12.1,,,,,2025-12-20 18:50:00
230.0,10.0,12.0,,,,,1013.0,,12.1,,,0.0,,2025-12-20 19:00:00
230.0,10.0,12.0,,,,,1012.9,,12.0,,,,,2025-12-20 19:10:00
240.0,10.0,11.0,2.8,11.0,6.4,283.0,1012.8,,12.0,,,,,2025-12-20 19:20:00
240.0,9.0,11.0,,,,,1012.6,,12.0,,,,,2025-12-20 19:30:00
220.0,10.0,12.0,,,,,1012.5,,12.0,,,,,2025-12-20 19:40:00
220.0,10.0,12.0,2.9,11.0,6.6,274.0,1012.4,,12.0,,,,,2025-12-20 19:50:00
220.0,9.0,11.0,,,,,1012.3,,12.0,,,-0.7,,2025-12-20 20:00:00
220.0,9.0,12.0,3.2,,7.0,280.0,1012.2,,12.0,,,,,2025-12-20 20:10:00
220.0,9.0,11.0,3.2,10.0,7.0,280.0,1012.1,,12.0,,,,,2025-12-20 20:20:00
220.0,10.0,13.0,,,,,1012.0,,12.0,,,,,2025-12-20 20:30:00
230.0,11.0,13.0,,,,,1011.9,,12.0,,,,,2025-12-20 20:40:00
220.0,10.0,11.0,3.3,10.0,7.0,269.0,1011.7,,12.0,,,,,2025-12-20 20:50:00
220.0,10.0,12.0,,,,,1011.7,,12.0,,,-1.3,,2025-12-20 21:00:00
210.0,10.0,12.0,,,,,1011.6,,12.0,,,,,2025-12-20 21:10:00
220.0,9.0,11.0,2.9,10.0,6.5,285.0,1011.6,,12.0,,,,,2025-12-20 21:20:00
210.0,8.0,10.0,,,,,1011.4,,12.0,,,,,2025-12-20 21:30:00
240.0,10.0,12.0,3.0,,6.7,267.0,1011.3,,12.0,,,,,2025-12-20 21:40:00
230.0,10.0,11.0,3.0,9.0,6.7,267.0,1011.2,,12.0,,,,,2025-12-20 21:50:00
220.0,9.0,12.0,,,,,1011.1,,12.0,,,-1.9,,2025-12-20 22:00:00
220.0,11.0,13.0,,,,,1011.2,,12.0,,,,,2025-12-20 22:10:00
230.0,9.0,12.0,3.0,11.0,6.9,284.0,1011.2,,12.0,,,,,2025-12-20 22:20:00
230.0,8.0,10.0,,,,,1011.2,,12.1,,,,,2025-12-20 22:30:00
220.0,10.0,13.0,,,,,1011.1,,12.1,,,,,2025-12-20 22:40:00
220.0,10.0,13.0,3.1,10.0,6.7,278.0,1011.2,,12.0,,,,,2025-12-20 22:50:00
220.0,9.0,11.0,,,,,1011.1,,12.1,,,-1.2,,2025-12-20 23:00:00
220.0,9.0,11.0,,,,,1011.0,,12.1,,,,,2025-12-20 23:10:00
220.0,9.0,10.0,2.7,,6.6,288.0,1011.1,,12.0,,,,,2025-12-20 23:40:00
220.0,9.0,10.0,2.7,11.0,6.6,288.0,1011.0,,12.1,,,,,2025-12-20 23:50:00
220.0,8.0,10.0,,,,,1010.9,,12.0,,,-0.8,,2025-12-21 00:00:00
220.0,8.0,10.0,3.0,,7.2,285.0,1010.9,,12.0,,,,,2025-12-21 00:10:00
220.0,8.0,11.0,3.0,11.0,7.2,285.0,1010.8,,12.0,,,,,2025-12-21 00:20:00
220.0,8.0,12.0,,,,,1010.8,,12.0,,,,,2025-12-21 00:30:00
220.0,10.0,14.0,,,,,1010.9,,12.0,,,,,2025-12-21 00:40:00
220.0,8.0,10.0,3.0,11.0,6.8,286.0,1010.7,,12.0,,,,,2025-12-21 00:50:00
220.0,7.0,9.0,,,,,1010.6,,12.0,,,-0.5,,2025-12-21 01:00:00
220.0,7.0,9.0,2.8,,7.0,288.0,1010.5,,12.0,,,,,2025-12-21 01:10:00
220.0,9.0,12.0,2.8,11.0,7.0,288.0,1010.5,,12.0,,,,,2025-12-21 01:20:00
220.0,8.0,11.0,,,,,1010.5,,12.0,,,,,2025-12-21 01:30:00
210.0,7.0,10.0,,,,,1010.5,,12.0,,,,,2025-12-21 01:40:00
210.0,6.0,8.0,3.0,11.0,7.2,290.0,1010.5,,12.0,,,,,2025-12-21 01:50:00
210.0,6.0,8.0,,,,,1010.4,,12.0,,,-0.7,,2025-12-21 02:00:00
210.0,8.0,10.0,,,,,1010.3,,12.0,,,,,2025-12-21 02:10:00
220.0,8.0,9.0,2.7,11.0,6.9,276.0,1010.2,,12.0,,,,,2025-12-21 02:20:00
210.0,8.0,11.0,,,,,1010.1,,12.0,,,,,2025-12-21 02:30:00
220.0,9.0,11.0,,,,,1010.1,,12.0,,,,,2025-12-21 02:40:00
210.0,8.0,9.0,2.8,10.0,7.0,288.0,1010.1,,12.0,,,,,2025-12-21 02:50:00
210.0,8.0,9.0,,,,,1009.9,,12.0,,,-1.0,,2025-12-21 03:00:00
210.0,8.0,10.0,,,,,1009.9,,12.0,,,,,2025-12-21 03:10:00
200.0,8.0,10.0,3.1,11.0,7.5,288.0,1009.8,,12.0,,,,,2025-12-21 03:20:00
200.0,8.0,9.0,,,,,1009.6,,12.0,,,,,2025-12-21 03:30:00
210.0,7.0,9.0,,,,,1009.6,,12.0,,,,,2025-12-21 03:40:00
200.0,8.0,10.0,3.0,10.0,7.2,290.0,1009.5,,12.0,,,,,2025-12-21 03:50:00
210.0,8.0,9.0,,,,,1009.4,,12.0,,,-1.2,,2025-12-21 04:00:00
210.0,7.0,9.0,3.1,,7.3,290.0,1009.4,,12.0,,,,,2025-12-21 04:10:00
210.0,8.0,9.0,3.1,11.0,7.3,290.0,1009.3,,12.0,,,,,2025-12-21 04:20:00
200.0,8.0,10.0,,,,,1009.1,,12.0,,,,,2025-12-21 04:30:00
200.0,9.0,10.0,,,,,1009.0,,12.0,,,,,2025-12-21 04:40:00
200.0,9.0,11.0,3.0,11.0,7.4,293.0,1008.9,,12.0,,,,,2025-12-21 04:50:00
200.0,8.0,10.0,,,,,1008.8,,12.0,,,-1.6,,2025-12-21 05:00:00
220.0,9.0,11.0,3.1,,7.4,287.0,1008.6,,12.0,,,,,2025-12-21 05:10:00
200.0,8.0,9.0,3.1,11.0,7.4,287.0,1008.7,,12.0,,,,,2025-12-21 05:20:00
200.0,8.0,10.0,,,,,1008.4,,12.0,,,,,2025-12-21 05:30:00
200.0,8.0,9.0,,,,,1008.3,,12.0,,,,,2025-12-21 05:40:00
200.0,8.0,10.0,2.8,10.0,7.1,280.0,1008.2,,12.0,,,,,2025-12-21 05:50:00
210.0,8.0,9.0,,,,,1008.1,,12.0,,,-1.8,,2025-12-21 06:00:00
190.0,9.0,11.0,2.9,,7.3,290.0,1007.9,,12.0,,,,,2025-12-21 06:10:00
210.0,9.0,11.0,2.9,11.0,7.3,290.0,1007.9,,12.0,,,,,2025-12-21 06:20:00
210.0,9.0,12.0,,,,,1007.9,,12.0,,,,,2025-12-21 06:30:00
220.0,8.0,11.0,,,,,1007.8,,12.0,,,,,2025-12-21 06:40:00
200.0,10.0,13.0,2.9,10.0,7.2,293.0,1007.8,,12.0,,,,,2025-12-21 06:50:00
210.0,9.0,11.0,,,,,1007.7,,12.0,,,-1.7,,2025-12-21 07:00:00
220.0,8.0,10.0,,,,,1007.6,,12.0,,,,,2025-12-21 07:10:00
220.0,9.0,11.0,2.7,11.0,6.8,286.0,1007.5,,12.0,,,,,2025-12-21 07:20:00
210.0,9.0,11.0,,,,,1007.4,,12.0,,,,,2025-12-21 07:30:00
230.0,8.0,11.0,,,,,1007.3,,12.0,,,,,2025-12-21 07:40:00
230.0,8.0,10.0,2.7,10.0,6.7,289.0,1007.2,,12.0,,,,,2025-12-21 07:50:00
220.0,7.0,9.0,,,,,1007.0,,12.0,,,-1.8,,2025-12-21 08:00:00
210.0,8.0,9.0,2.8,,6.8,275.0,1006.9,,12.0,,,,,2025-12-21 08:10:00
210.0,8.0,9.0,2.8,11.0,6.8,275.0,1006.7,,12.0,,,,,2025-12-21 08:20:00
210.0,8.0,10.0,,,,,1006.5,,12.0,,,,,2025-12-21 08:30:00
190.0,10.0,13.0,2.8,,6.8,282.0,1006.4,,12.0,,,,,2025-12-21 08:40:00
200.0,9.0,11.0,2.8,10.0,6.8,282.0,1006.2,,12.0,,,,,2025-12-21 08:50:00
200.0,9.0,12.0,,,,,1006.1,,12.0,,,-2.0,,2025-12-21 09:00:00
210.0,10.0,12.0,2.8,,6.8,285.0,1005.9,,12.0,,,,,2025-12-21 09:10:00
210.0,10.0,12.0,2.8,11.0,6.8,285.0,1005.7,,12.0,,,,,2025-12-21 09:20:00
210.0,11.0,14.0,,,,,1005.7,,,,,,,2025-12-21 09:30:00
210.0,11.0,13.0,,,,,1005.5,,12.0,,,,,2025-12-21 09:40:00
210.0,10.0,13.0,2.7,12.0,6.6,285.0,1005.3,,12.0,,,,,2025-12-21 09:50:00
200.0,10.0,12.0,,,,,1005.2,,12.0,,,-2.5,,2025-12-21 10:00:00
200.0,9.0,11.0,,,,,1004.9,,12.0,,,,,2025-12-21 10:10:00
200.0,9.0,11.0,2.6,11.0,6.6,286.0,1004.9,,12.0,,,,,2025-12-21 10:20:00
210.0,9.0,11.0,,,,,1004.8,,12.0,,,,,2025-12-21 10:30:00
210.0,9.0,11.0,,,,,1004.7,,12.0,,,,,2025-12-21 10:40:00
210.0,9.0,11.0,2.7,11.0,6.6,274.0,1004.6,,12.0,,,,,2025-12-21 10:50:00
220.0,9.0,11.0,,,,,1004.6,,12.0,,,-2.4,,2025-12-21 11:00:00
210.0,9.0,11.0,,,,,1004.5,,12.0,,,,,2025-12-21 11:10:00
200.0,8.0,10.0,2.8,11.0,6.7,280.0,1004.4,,12.0,,,,,2025-12-21 11:20:00
210.0,8.0,10.0,,,,,1004.2,,12.0,,,,,2025-12-21 11:30:00
200.0,9.0,10.0,,,,,1004.1,,12.0,,,,,2025-12-21 11:40:00
210.0,9.0,10.0,2.7,10.0,6.4,275.0,1004.0,,12.0,,,,,2025-12-21 11:50:00
210.0,9.0,10.0,,,,,1003.8,,12.0,,,-2.3,,2025-12-21 12:00:00
200.0,8.0,10.0,2.6,,6.7,289.0,1003.8,,12.0,,,,,2025-12-21 12:10:00
200.0,8.0,10.0,2.6,11.0,6.7,289.0,1003.5,,12.0,,,,,2025-12-21 12:20:00
210.0,8.0,10.0,,,,,1003.5,,12.0,,,,,2025-12-21 12:30:00
210.0,8.0,10.0,,,,,1003.3,,12.0,,,,,2025-12-21 12:40:00
220.0,8.0,10.0,2.4,11.0,6.3,275.0,1003.2,,12.0,,,,,2025-12-21 12:50:00
220.0,8.0,10.0,,,,,1003.2,,12.0,,,-2.0,,2025-12-21 13:00:00
220.0,8.0,10.0,,,,,1003.0,,12.0,,,,,2025-12-21 13:10:00
220.0,8.0,10.0,2.6,11.0,6.6,280.0,1002.9,,12.0,,,,,2025-12-21 13:20:00
220.0,8.0,10.0,,,,,1002.8,,12.0,,,,,2025-12-21 13:30:00
220.0,8.0,10.0,,,,,1002.8,,12.0,,,,,2025-12-21 13:40:00
230.0,8.0,9.0,2.6,11.0,6.5,279.0,1002.7,,12.0,,,,,2025-12-21 13:50:00
220.0,8.0,9.0,,,,,1002.6,,12.0,,,-2.0,,2025-12-21 14:00:00
220.0,7.0,9.0,2.7,,6.6,292.0,1002.7,,11.9,,,,,2025-12-21 14:10:00
220.0,8.0,9.0,2.7,11.0,6.6,292.0,1002.7,,11.9,,,,,2025-12-21 14:20:00
220.0,8.0,9.0,,,,,1002.7,,11.9,,,,,2025-12-21 14:30:00
220.0,7.0,9.0,2.8,,6.9,292.0,1002.7,,11.9,,,,,2025-12-21 14:40:00
220.0,8.0,9.0,2.8,11.0,6.9,292.0,1002.7,,11.9,,,,,2025-12-21 14:50:00
210.0,8.0,10.0,,,,,1002.7,,11.9,,,-1.1,,2025-12-21 15:00:00
220.0,8.0,10.0,,,,,1002.7,,11.9,,,,,2025-12-21 15:10:00
220.0,7.0,8.0,2.5,11.0,6.7,293.0,1002.6,,11.9,,,,,2025-12-21 15:20:00
220.0,7.0,8.0,,,,,1002.5,,11.9,,,,,2025-12-21 15:30:00
220.0,7.0,9.0,,,,,1002.5,,11.9,,,,,2025-12-21 15:40:00
240.0,8.0,9.0,2.5,11.0,6.6,295.0,1002.5,,11.9,,,,,2025-12-21 15:50:00
240.0,7.0,9.0,,,,,1002.4,,11.9,,,-0.8,,2025-12-21 16:00:00
240.0,6.0,8.0,2.7,,7.1,293.0,1002.4,,11.9,,,,,2025-12-21 16:10:00
240.0,7.0,8.0,2.7,11.0,7.1,293.0,1002.3,,11.9,,,,,2025-12-21 16:20:00
240.0,8.0,9.0,,,,,1002.3,,11.9,,,,,2025-12-21 16:30:00
230.0,8.0,9.0,,,,,1002.3,,11.9,,,,,2025-12-21 16:40:00
220.0,7.0,9.0,2.6,11.0,6.7,292.0,1002.4,,11.9,,,,,2025-12-21 16:50:00
220.0,8.0,9.0,,,,,1002.4,,11.9,,,0.0,,2025-12-21 17:00:00
220.0,7.0,9.0,,,,,1002.5,,11.9,,,,,2025-12-21 17:10:00
230.0,8.0,9.0,2.5,11.0,6.9,285.0,1002.5,,11.9,,,,,2025-12-21 17:20:00
240.0,8.0,11.0,,,,,1002.5,,11.9,,,,,2025-12-21 17:30:00
230.0,8.0,10.0,,,,,1002.5,,11.9,,,,,2025-12-21 17:40:00
240.0,7.0,9.0,2.7,11.0,7.0,287.0,1002.6,,11.9,,,,,2025-12-21 17:50:00
240.0,7.0,9.0,,,,,1002.7,,11.9,,,-0.0,,2025-12-21 18:00:00
240.0,7.0,9.0,2.7,,7.2,299.0,1002.8,,11.9,,,,,2025-12-21 18:10:00
260.0,8.0,11.0,2.7,11.0,7.2,299.0,1002.9,,11.9,,,,,2025-12-21 18:20:00
260.0,7.0,9.0,,,,,1003.1,,11.9,,,,,2025-12-21 18:30:00
250.0,9.0,11.0,,,,,1003.1,,11.9,,,,,2025-12-21 18:40:00
240.0,8.0,9.0,2.6,11.0,6.9,304.0,1003.1,,11.9,,,,,2025-12-21 18:50:00
230.0,7.0,10.0,,,,,1003.1,,11.9,,,0.7,,2025-12-21 19:00:00
230.0,7.0,8.0,,,,,1003.1,,11.9,,,,,2025-12-21 19:10:00
230.0,7.0,9.0,2.5,11.0,6.7,292.0,1003.1,,11.9,,,,,2025-12-21 19:20:00
240.0,7.0,9.0,,,,,1003.1,,11.9,,,,,2025-12-21 19:30:00
260.0,6.0,8.0,,,,,1002.8,,11.9,,,,,2025-12-21 19:40:00
250.0,6.0,7.0,,,,,1002.8,,11.9,,,,,2025-12-21 19:50:00
250.0,5.0,7.0,,,,,1002.8,,,,,0.4,,2025-12-21 20:00:00
250.0,6.0,7.0,,,,,1002.7,,11.9,,,,,2025-12-21 20:10:00
240.0,7.0,8.0,2.4,11.0,6.8,286.0,1002.6,,11.9,,,,,2025-12-21 20:20:00
250.0,7.0,9.0,,,,,1002.6,,11.9,,,,,2025-12-21 20:30:00
240.0,7.0,9.0,,,,,1002.5,,11.9,,,,,2025-12-21 20:40:00
250.0,8.0,12.0,2.5,10.0,7.1,296.0,1002.6,,11.9,,,,,2025-12-21 20:50:00
230.0,6.0,8.0,,,,,1002.6,,11.9,,,0.0,,2025-12-21 21:00:00
220.0,6.0,8.0,,,,,1002.5,,11.9,,,,,2025-12-21 21:10:00
220.0,6.0,8.0,2.4,11.0,6.9,295.0,1002.3,,11.9,,,,,2025-12-21 21:20:00
250.0,10.0,16.0,,,,,1002.8,,11.9,,,,,2025-12-21 21:30:00
250.0,7.0,11.0,,,,,1002.7,,11.9,,,,,2025-12-21 21:40:00
240.0,6.0,8.0,2.5,11.0,6.8,300.0,1002.7,,11.9,,,,,2025-12-21 21:50:00
240.0,5.0,7.0,,,,,1002.4,,11.9,,,-0.7,,2025-12-21 22:00:00
230.0,6.0,8.0,2.6,,7.1,294.0,1002.4,,11.9,,,,,2025-12-21 22:10:00
230.0,7.0,10.0,2.6,10.0,7.1,294.0,1002.5,,11.9,,,,,2025-12-21 22:20:00
230.0,9.0,11.0,,,,,1002.7,,11.9,,,,,2025-12-21 22:30:00
240.0,9.0,11.0,2.5,,6.8,295.0,1002.7,,11.9,,,,,2025-12-21 22:40:00
250.0,9.0,11.0,2.5,11.0,6.8,295.0,1002.8,,11.9,,,,,2025-12-21 22:50:00
270.0,9.0,11.0,,,,,1002.9,,11.9,,,-0.0,,2025-12-21 23:00:00
260.0,8.0,11.0,,,,,1002.9,,11.9,,,,,2025-12-21 23:10:00
250.0,8.0,10.0,2.4,11.0,6.8,301.0,1003.1,,11.9,,,,,2025-12-21 23:20:00
240.0,8.0,10.0,,,,,1003.1,,11.9,,,,,2025-12-21 23:30:00
260.0,10.0,12.0,2.6,,6.7,287.0,1003.3,,11.9,,,,,2025-12-21 23:40:00
280.0,10.0,12.0,2.6,11.0,6.7,287.0,1003.5,,11.9,,,,,2025-12-21 23:50:00
280.0,8.0,11.0,,,,,1003.5,,11.9,,,0.9,,2025-12-22 00:00:00
280.0,7.0,9.0,2.5,,6.3,288.0,1003.5,,11.9,,,,,2025-12-22 00:10:00
270.0,8.0,11.0,2.5,9.0,6.3,288.0,1003.7,,11.9,,,,,2025-12-22 00:20:00
270.0,8.0,9.0,,,,,1003.8,,11.9,,,,,2025-12-22 00:30:00
260.0,8.0,10.0,2.5,,6.5,292.0,1003.8,,11.9,,,,,2025-12-22 00:40:00
270.0,9.0,11.0,2.5,11.0,6.5,292.0,1004.0,,11.9,,,,,2025-12-22 00:50:00
260.0,8.0,10.0,,,,,1004.0,,11.9,,,1.6,,2025-12-22 01:00:00
250.0,8.0,10.0,,,,,1004.0,,11.9,,,,,2025-12-22 01:10:00
250.0,8.0,10.0,2.6,11.0,6.8,288.0,1004.1,,,,,,,2025-12-22 01:20:00
250.0,8.0,10.0,,,,,1004.1,,11.9,,,,,2025-12-22 01:30:00
260.0,8.0,11.0,2.5,,6.5,286.0,1004.2,,11.9,,,,,2025-12-22 01:40:00
270.0,8.0,10.0,2.5,11.0,6.5,286.0,1004.4,,11.9,,,,,2025-12-22 01:50:00
270.0,8.0,10.0,,,,,1004.6,,11.9,,,1.7,,2025-12-22 02:00:00
270.0,8.0,10.0,2.3,,6.3,270.0,1004.5,,11.9,,,,,2025-12-22 02:10:00
270.0,8.0,10.0,2.3,8.0,6.3,270.0,1004.4,,11.9,,,,,2025-12-22 02:20:00
260.0,8.0,9.0,,,,,1004.7,,11.9,,,,,2025-12-22 02:30:00
250.0,8.0,10.0,,,,,1004.8,,11.9,,,,,2025-12-22 02:40:00
250.0,8.0,10.0,2.7,11.0,6.7,292.0,1004.8,,11.9,,,,,2025-12-22 02:50:00
250.0,8.0,10.0,,,,,1005.0,,11.9,,,1.5,,2025-12-22 03:00:00
260.0,9.0,11.0,2.7,,6.7,296.0,1005.1,,11.9,,,,,2025-12-22 03:10:00
260.0,8.0,10.0,2.7,9.0,6.7,296.0,1005.1,,11.9,,,,,2025-12-22 03:20:00
260.0,7.0,9.0,,,,,1005.3,,11.9,,,,,2025-12-22 03:30:00
250.0,6.0,8.0,,,,,1005.5,,11.9,,,,,2025-12-22 03:40:00
250.0,7.0,9.0,2.4,10.0,6.4,275.0,1005.5,,11.9,,,,,2025-12-22 03:50:00
250.0,7.0,10.0,,,,,1005.5,,11.9,,,1.5,,2025-12-22 04:00:00
260.0,7.0,9.0,2.5,,6.6,268.0,1005.6,,11.9,,,,,2025-12-22 04:10:00
240.0,6.0,8.0,2.5,10.0,6.6,268.0,1005.6,,11.9,,,,,2025-12-22 04:20:00
250.0,7.0,8.0,,,,,1005.7,,11.9,,,,,2025-12-22 04:30:00
250.0,6.0,8.0,2.5,,6.5,292.0,1005.8,,11.9,,,,,2025-12-22 04:40:00
240.0,6.0,8.0,2.5,11.0,6.5,292.0,1005.8,,11.9,,,,,2025-12-22 04:50:00
240.0,6.0,7.0,,,,,1005.8,,11.8,,,1.2,,2025-12-22 05:00:00
230.0,10.0,16.0,,,,,1006.0,,11.8,,,,,2025-12-22 05:10:00
230.0,6.0,15.0,2.6,10.0,6.8,282.0,1006.2,,11.8,,,,,2025-12-22 05:20:00
240.0,3.0,4.0,,,,,1006.3,,11.8,,,,,2025-12-22 05:30:00
240.0,3.0,4.0,,,,,1006.2,,11.8,,,,,2025-12-22 05:40:00
220.0,3.0,5.0,2.4,9.0,6.6,282.0,1006.1,,11.8,,,,,2025-12-22 05:50:00
220.0,7.0,9.0,,,,,1006.2,,11.8,,,1.2,,2025-12-22 06:00:00
220.0,8.0,10.0,2.3,,6.7,272.0,1006.1,,11.8,,,,,2025-12-22 06:10:00
220.0,8.0,10.0,2.3,11.0,6.7,272.0,1006.1,,11.8,,,,,2025-12-22 06:20:00
220.0,9.0,10.0,,,,,1006.2,,11.8,,,,,2025-12-22 06:30:00
220.0,8.0,9.0,2.2,,6.3,286.0,1006.3,,11.8,,,,,2025-12-22 06:40:00
220.0,7.0,10.0,2.2,9.0,6.3,286.0,1006.4,,11.8,,,,,2025-12-22 06:50:00
220.0,8.0,10.0,,,,,1006.5,,11.8,,,1.0,,2025-12-22 07:00:00
220.0,8.0,10.0,,,,,1006.5,,11.8,,,,,2025-12-22 07:10:00
240.0,9.0,14.0,2.3,9.0,6.4,288.0,1006.6,,11.8,,,,,2025-12-22 07:20:00
260.0,8.0,10.0,,,,,1006.8,,11.8,,,,,2025-12-22 07:30:00
250.0,6.0,9.0,2.4,,6.4,270.0,1006.8,,11.8,,,,,2025-12-22 07:40:00
220.0,8.0,11.0,2.4,11.0,6.4,270.0,1006.9,,11.8,,,,,2025-12-22 07:50:00
210.0,9.0,11.0,,,,,1006.9,,11.8,,,1.1,,2025-12-22 08:00:00
210.0,8.0,11.0,2.1,,6.1,282.0,1006.7,,11.8,,,,,2025-12-22 08:10:00
220.0,8.0,9.0,2.1,11.0,6.1,282.0,1006.7,,11.8,,,,,2025-12-22 08:20:00
220.0,8.0,10.0,,,,,1006.6,,11.9,,,,,2025-12-22 08:30:00
230.0,8.0,12.0,,,,,1006.6,,11.9,,,,,2025-12-22 08:40:00
230.0,8.0,11.0,2.4,10.0,6.4,273.0,1006.6,,11.9,,,,,2025-12-22 08:50:00
230.0,8.0,11.0,,,,,1006.6,,11.9,,,0.4,,2025-12-22 09:00:00
220.0,7.0,10.0,,,,,1006.5,,12.0,,,,,2025-12-22 09:10:00
210.0,7.0,9.0,2.2,10.0,6.1,284.0,1006.6,,12.0,,,,,2025-12-22 09:20:00
230.0,8.0,13.0,,,,,1006.8,,12.0,,,,,2025-12-22 09:30:00
240.0,7.0,10.0,,,,,1006.7,,12.0,,,,,2025-12-22 09:40:00
230.0,8.0,11.0,2.4,10.0,6.1,286.0,1006.7,,12.0,,,,,2025-12-22 09:50:00
230.0,9.0,12.0,,,,,1006.7,,12.0,,,0.0,,2025-12-22 10:00:00
230.0,9.0,12.0,2.1,,5.9,264.0,1006.9,,12.0,,,,,2025-12-22 10:10:00
230.0,8.0,11.0,2.1,11.0,5.9,264.0,1007.0,,12.0,,,,,2025-12-22 10:20:00
230.0,9.0,14.0,,,,,1007.3,,12.0,,,,,2025-12-22 10:30:00
220.0,7.0,10.0,,,,,1007.2,,,,,,,2025-12-22 10:40:00
210.0,8.0,11.0,2.2,9.0,5.8,285.0,1007.3,,12.0,,,,,2025-12-22 10:50:00
200.0,8.0,10.0,,,,,1007.4,,12.0,,,0.5,,2025-12-22 11:00:00
220.0,8.0,12.0,2.3,,6.0,284.0,1007.5,,12.0,,,,,2025-12-22 11:10:00
220.0,8.0,12.0,2.3,8.0,6.0,284.0,1007.5,,12.0,,,,,2025-12-22 11:20:00
210.0,6.0,8.0,,,,,1007.4,,12.0,,,,,2025-12-22 11:30:00
210.0,7.0,9.0,2.4,,6.3,286.0,1007.4,,12.0,,,,,2025-12-22 11:40:00
210.0,8.0,11.0,2.4,10.0,6.3,286.0,1007.2,,12.0,,,,,2025-12-22 11:50:00
220.0,10.0,14.0,,,,,1007.3,,12.0,,,0.7,,2025-12-22 12:00:00
230.0,7.0,11.0,,,,,1007.2,,12.0,,,,,2025-12-22 12:10:00
220.0,6.0,8.0,2.5,8.0,6.2,276.0,1007.2,,12.0,,,,,2025-12-22 12:20:00
210.0,7.0,10.0,,,,,1007.0,,12.0,,,,,2025-12-22 12:30:00
210.0,8.0,10.0,,,,,1007.0,,12.0,,,,,2025-12-22 12:40:00
210.0,9.0,12.0,2.3,8.0,6.2,275.0,1006.9,,11.9,,,,,2025-12-22 12:50:00
200.0,8.0,11.0,,,,,1006.9,,11.9,,,0.0,,2025-12-22 13:00:00
190.0,8.0,10.0,2.3,,6.1,280.0,1006.8,,11.9,,,,,2025-12-22 13:10:00
190.0,9.0,12.0,2.3,10.0,6.1,280.0,1006.7,,11.9,,,,,2025-12-22 13:20:00
190.0,9.0,12.0,,,,,1006.5,,11.9,,,,,2025-12-22 13:30:00
190.0,10.0,13.0,2.4,,6.1,281.0,1006.4,,11.9,,,,,2025-12-22 13:40:00
190.0,10.0,13.0,2.4,10.0,6.1,281.0,1006.4,,11.9,,,,,2025-12-22 13:50:00
200.0,11.0,13.0,,,,,1006.4,,11.9,,,-1.0,,2025-12-22 14:00:00
190.0,10.0,14.0,2.3,,6.1,286.0,1006.4,,11.9,,,,,2025-12-22 14:10:00
190.0,10.0,13.0,2.3,9.0,6.1,286.0,1006.1,,11.9,,,,,2025-12-22 14:20:00
200.0,11.0,14.0,,,,,1006.2,,11.9,,,,,2025-12-22 14:30:00
200.0,11.0,14.0,2.4,,5.9,278.0,1006.1,,11.8,,,,,2025-12-22 14:40:00
190.0,11.0,13.0,2.4,10.0,5.9,278.0,1005.9,,11.8,,,,,2025-12-22 14:50:00
190.0,11.0,14.0,,,,,1005.8,,11.8,,,-1.5,,2025-12-22 15:00:00
190.0,12.0,14.0,,,,,1005.7,,11.8,,,,,2025-12-22 15:10:00
190.0,12.0,14.0,2.4,10.0,6.1,271.0,1005.6,,11.8,,,,,2025-12-22 15:20:00
190.0,12.0,15.0,,,,,1005.5,,11.8,,,,,2025-12-22 15:30:00
180.0,12.0,16.0,,,,,1005.6,,11.8,,,,,2025-12-22 15:40:00
180.0,12.0,16.0,2.5,10.0,6.1,273.0,1005.6,,11.8,,,,,2025-12-22 15:50:00
180.0,12.0,15.0,,,,,1005.4,,11.8,,,-1.5,,2025-12-22 16:00:00
190.0,14.0,18.0,2.6,,5.9,278.0,1005.4,,11.8,,,,,2025-12-22 16:10:00
190.0,13.0,16.0,2.6,8.0,5.9,278.0,1005.2,,11.8,,,,,2025-12-22 16:20:00
190.0,12.0,15.0,,,,,1005.1,,11.8,,,,,2025-12-22 16:30:00
190.0,14.0,18.0,,,,,1005.0,,11.8,,,,,2025-12-22 16:40:00
190.0,14.0,16.0,2.9,8.0,5.9,267.0,1004.7,,11.8,,,,,2025-12-22 16:50:00
180.0,14.0,18.0,,,,,1004.7,,11.8,,,-1.7,,2025-12-22 17:00:00
180.0,13.0,16.0,2.8,,6.0,249.0,1004.6,,11.8,,,,,2025-12-22 17:10:00
180.0,14.0,20.0,2.8,8.0,6.0,249.0,1004.8,,11.8,,,,,2025-12-22 17:20:00
190.0,12.0,17.0,,,,,1004.7,,11.8,,,,,2025-12-22 17:30:00
190.0,14.0,18.0,2.8,,5.9,234.0,1004.7,,11.8,,,,,2025-12-22 17:40:00
200.0,14.0,17.0,2.8,7.0,5.9,234.0,1004.9,,11.8,,,,,2025-12-22 17:50:00
190.0,15.0,19.0,,,,,1004.8,,11.8,,,-1.0,,2025-12-22 18:00:00
190.0,14.0,17.0,3.1,,6.0,227.0,1004.5,,11.8,,,,,2025-12-22 18:10:00
190.0,13.0,17.0,3.1,7.0,6.0,227.0,1004.6,,11.8,,,,,2025-12-22 18:20:00
200.0,15.0,20.0,,,,,1004.7,,11.8,,,,,2025-12-22 18:30:00
200.0,15.0,18.0,,,,,1005.1,,11.8,,,,,2025-12-22 18:40:00
210.0,14.0,16.0,3.3,7.0,6.0,221.0,1004.8,,11.8,,,,,2025-12-22 18:50:00
210.0,12.0,15.0,,,,,1004.8,,11.8,,,-0.6,,2025-12-22 19:00:00
200.0,12.0,15.0,,,,,1004.5,,11.8,,,,,2025-12-22 19:10:00
200.0,13.0,18.0,3.2,7.0,6.0,222.0,1004.7,,11.8,,,,,2025-12-22 19:20:00
210.0,13.0,17.0,,,,,1004.3,,,,,,,2025-12-22 19:30:00
,,,3.3,7.0,6.2,212.0,,,,,,,,2025-12-22 19:40:00
200.0,13.0,16.0,3.3,,6.2,212.0,1004.0,,11.8,,,,,2025-12-22 19:50:00
200.0,13.0,16.0,3.3,,6.2,217.0,1004.1,,11.8,,,-0.6,,2025-12-22 20:00:00
230.0,12.0,18.0,,,,,1004.2,,11.8,,,,,2025-12-22 20:10:00
220.0,11.0,13.0,3.3,8.0,6.2,217.0,1004.1,,11.8,,,,,2025-12-22 20:20:00
220.0,12.0,15.0,,,,,1004.0,,11.8,,,,,2025-12-22 20:30:00
220.0,12.0,15.0,,,,,1003.9,,11.8,,,,,2025-12-22 20:40:00
220.0,12.0,19.0,3.5,8.0,6.4,244.0,1004.0,,11.8,,,,,2025-12-22 20:50:00
230.0,13.0,17.0,,,,,1004.2,,11.8,,,-0.6,,2025-12-22 21:00:00
240.0,12.0,15.0,,,,,1004.2,,11.8,,,,,2025-12-22 21:10:00
240.0,12.0,14.0,3.5,8.0,6.4,240.0,1004.2,,11.8,,,,,2025-12-22 21:20:00
230.0,13.0,16.0,,,,,1004.1,,11.8,,,,,2025-12-22 21:30:00
220.0,11.0,14.0,,,,,1004.0,,,,,,,2025-12-22 21:40:00
230.0,12.0,15.0,3.4,9.0,6.6,257.0,1004.2,,11.8,,,,,2025-12-22 21:50:00
230.0,12.0,16.0,,,,,1004.2,,,,,-0.6,,2025-12-22 22:00:00
230.0,13.0,15.0,3.5,,6.5,223.0,1004.3,,11.8,,,,,2025-12-22 22:10:00
230.0,12.0,15.0,3.5,8.0,6.5,223.0,1004.5,,11.9,,,,,2025-12-22 22:20:00
230.0,12.0,16.0,,,,,1004.4,,11.9,,,,,2025-12-22 22:30:00
230.0,14.0,16.0,,,,,1004.6,,11.9,,,,,2025-12-22 22:40:00
230.0,12.0,14.0,3.4,8.0,6.5,232.0,1004.7,,11.9,,,,,2025-12-22 22:50:00
230.0,12.0,16.0,,,,,1004.9,,11.9,,,0.8,,2025-12-22 23:00:00
240.0,13.0,17.0,3.8,,6.7,224.0,1005.1,,11.9,,,,,2025-12-22 23:10:00
230.0,13.0,17.0,,,,,1005.5,,11.9,,,,,2025-12-22 23:40:00
230.0,13.0,16.0,3.6,8.0,6.5,238.0,1005.7,,11.9,,,,,2025-12-22 23:50:00
230.0,13.0,18.0,,,,,1005.9,,11.9,,,1.7,,2025-12-23 00:00:00
230.0,13.0,15.0,,,,,1006.1,,11.9,,,,,2025-12-23 00:10:00
230.0,12.0,15.0,3.9,8.0,6.8,236.0,1006.2,,11.9,,,,,2025-12-23 00:20:00
230.0,12.0,15.0,,,,,1006.4,,11.9,,,,,2025-12-23 00:30:00
240.0,12.0,15.0,,,,,1006.5,,11.9,,,,,2025-12-23 00:40:00
230.0,12.0,15.0,3.9,9.0,7.0,261.0,1006.6,,11.9,,,,,2025-12-23 00:50:00
230.0,12.0,15.0,,,,,1006.9,,11.8,,,2.7,,2025-12-23 01:00:00
230.0,12.0,16.0,4.0,,7.0,252.0,1007.0,,11.8,,,,,2025-12-23 01:10:00
230.0,12.0,15.0,4.0,9.0,7.0,252.0,1007.2,,11.8,,,,,2025-12-23 01:20:00
220.0,11.0,15.0,,,,,1007.4,,11.8,,,,,2025-12-23 01:30:00
220.0,11.0,14.0,3.8,,6.8,256.0,1007.5,,11.8,,,,,2025-12-23 01:40:00
230.0,10.0,14.0,3.8,9.0,6.8,256.0,1007.8,,11.9,,,,,2025-12-23 01:50:00
250.0,9.0,12.0,,,,,1007.7,,11.9,,,2.8,,2025-12-23 02:00:00
240.0,11.0,16.0,3.6,,6.9,256.0,1007.9,,11.9,,,,,2025-12-23 02:10:00
270.0,10.0,13.0,3.6,9.0,6.9,256.0,1007.9,,11.9,,,,,2025-12-23 02:20:00
260.0,8.0,10.0,,,,,1008.1,,11.9,,,,,2025-12-23 02:30:00
260.0,8.0,10.0,,,,,1008.2,,11.9,,,,,2025-12-23 02:40:00
250.0,12.0,16.0,3.5,8.0,6.9,242.0,1008.5,,11.9,,,,,2025-12-23 02:50:00
250.0,10.0,13.0,,,,,1008.5,,11.9,,,2.6,,2025-12-23 03:00:00
240.0,9.0,12.0,3.7,,7.1,263.0,1008.5,,11.9,,,,,2025-12-23 03:10:00
250.0,10.0,13.0,3.7,9.0,7.1,263.0,1008.9,,11.9,,,,,2025-12-23 03:20:00
260.0,8.0,11.0,,,,,1008.8,,11.9,,,,,2025-12-23 03:30:00
250.0,8.0,11.0,,,,,1008.9,,11.8,,,,,2025-12-23 03:40:00
240.0,10.0,12.0,3.5,9.0,7.0,263.0,1008.9,,11.8,,,,,2025-12-23 03:50:00
240.0,10.0,12.0,,,,,1008.9,,11.8,,,2.0,,2025-12-23 04:00:00
230.0,10.0,13.0,3.5,,7.0,260.0,1009.1,,11.8,,,,,2025-12-23 04:10:00
220.0,9.0,12.0,3.5,10.0,7.0,260.0,1009.1,,11.9,,,,,2025-12-23 04:20:00
230.0,9.0,11.0,,,,,1009.2,,11.8,,,,,2025-12-23 04:30:00
230.0,9.0,13.0,3.4,,7.1,272.0,1009.3,,11.8,,,,,2025-12-23 04:40:00
230.0,10.0,12.0,3.4,11.0,7.1,272.0,1009.3,,11.8,,,,,2025-12-23 04:50:00
230.0,9.0,12.0,,,,,1009.4,,11.8,,,1.7,,2025-12-23 05:00:00
230.0,9.0,11.0,4.0,,7.6,269.0,1009.4,,11.8,,,,,2025-12-23 05:10:00
230.0,8.0,11.0,4.0,10.0,7.6,269.0,1009.3,,11.8,,,,,2025-12-23 05:20:00
210.0,9.0,11.0,,,,,1009.3,,11.8,,,,,2025-12-23 05:30:00
210.0,9.0,11.0,,,,,1009.4,,11.8,,,,,2025-12-23 05:40:00
230.0,8.0,11.0,3.6,10.0,7.6,266.0,1009.4,,11.8,,,,,2025-12-23 05:50:00
240.0,7.0,9.0,,,,,1009.4,,11.8,,,0.9,,2025-12-23 06:00:00
240.0,10.0,13.0,4.0,,7.8,266.0,1009.4,,11.8,,,,,2025-12-23 06:10:00
240.0,8.0,11.0,4.0,10.0,7.8,266.0,1009.5,,11.8,,,,,2025-12-23 06:20:00
230.0,7.0,9.0,,,,,1009.5,,11.8,,,,,2025-12-23 06:30:00
230.0,7.0,10.0,3.6,,7.4,260.0,1009.6,,11.8,,,,,2025-12-23 06:40:00
240.0,9.0,10.0,3.6,10.0,7.4,260.0,1009.7,,11.8,,,,,2025-12-23 06:50:00
240.0,8.0,10.0,,,,,1009.7,,11.8,,,0.8,,2025-12-23 07:00:00
230.0,7.0,10.0,3.3,,7.1,258.0,1009.7,,11.8,,,,,2025-12-23 07:10:00
240.0,8.0,10.0,3.3,10.0,7.1,258.0,1009.7,,11.8,,,,,2025-12-23 07:20:00
240.0,7.0,10.0,,,,,1009.7,,11.8,,,,,2025-12-23 07:30:00
240.0,8.0,11.0,,,,,1009.8,,11.8,,,,,2025-12-23 07:40:00
230.0,7.0,10.0,3.4,11.0,7.3,258.0,1009.8,,11.8,,,,,2025-12-23 07:50:00
230.0,7.0,10.0,,,,,1009.8,,11.8,,,0.4,,2025-12-23 08:00:00
230.0,8.0,10.0,,,,,1009.7,,11.8,,,,,2025-12-23 08:10:00
230.0,8.0,10.0,3.4,9.0,7.2,254.0,1009.6,,11.8,,,,,2025-12-23 08:20:00
230.0,7.0,10.0,,,,,1009.5,,11.8,,,,,2025-12-23 08:30:00
230.0,7.0,9.0,,,,,1009.5,,11.8,,,,,2025-12-23 08:40:00
220.0,8.0,10.0,3.3,10.0,7.4,258.0,1009.4,,11.8,,,,,2025-12-23 08:50:00
220.0,7.0,10.0,,,,,1009.4,,11.8,,,0.0,,2025-12-23 09:00:00
210.0,8.0,11.0,,,,,1009.3,,11.8,,,,,2025-12-23 09:10:00
200.0,11.0,14.0,3.1,11.0,7.1,248.0,1009.3,,11.8,,,,,2025-12-23 09:20:00
200.0,11.0,13.0,,,,,1009.2,,11.8,,,,,2025-12-23 09:30:00
190.0,10.0,13.0,,,,,1009.1,,11.8,,,,,2025-12-23 09:40:00
190.0,8.0,10.0,3.4,11.0,7.4,264.0,1009.0,,11.8,,,,,2025-12-23 09:50:00
210.0,8.0,10.0,,,,,1009.1,,11.8,,,-0.6,,2025-12-23 10:00:00
200.0,7.0,9.0,3.2,,7.1,254.0,1009.1,,11.8,,,,,2025-12-23 10:10:00
200.0,7.0,9.0,3.2,10.0,7.1,254.0,1009.1,,11.8,,,,,2025-12-23 10:20:00
200.0,7.0,9.0,,,,,1009.1,,11.8,,,,,2025-12-23 10:30:00
200.0,8.0,10.0,,,,,1009.1,,11.8,,,,,2025-12-23 10:40:00
200.0,8.0,10.0,3.3,11.0,7.2,259.0,1009.1,,11.8,,,,,2025-12-23 10:50:00
200.0,8.0,10.0,,,,,1009.2,,11.8,,,-0.6,,2025-12-23 11:00:00
190.0,8.0,9.0,,,,,1009.1,,11.8,,,,,2025-12-23 11:10:00
180.0,7.0,9.0,2.9,9.0,7.0,246.0,1009.1,,11.8,,,,,2025-12-23 11:20:00
190.0,7.0,8.0,,,,,1009.2,,11.8,,,,,2025-12-23 11:30:00
200.0,7.0,9.0,3.4,,7.6,253.0,1009.2,,11.8,,,,,2025-12-23 11:40:00
200.0,7.0,9.0,3.4,10.0,7.6,253.0,1009.1,,11.8,,,,,2025-12-23 11:50:00
210.0,9.0,13.0,,,,,1009.2,,,,,-0.0,,2025-12-23 12:00:00
250.0,7.0,9.0,3.2,,7.1,259.0,1009.1,,11.8,,,,,2025-12-23 12:10:00
250.0,3.0,6.0,3.2,11.0,7.1,259.0,1009.0,,11.8,,,,,2025-12-23 12:20:00
230.0,5.0,7.0,,,,,1008.8,,11.8,,,,,2025-12-23 12:30:00
230.0,6.0,9.0,,,,,1008.7,,11.8,,,,,2025-12-23 12:40:00
230.0,8.0,10.0,3.0,10.0,7.3,258.0,1008.7,,11.7,,,,,2025-12-23 12:50:00
230.0,7.0,10.0,,,,,1008.6,,11.7,,,-0.5,,2025-12-23 13:00:00
230.0,8.0,10.0,,,,,1008.6,,11.7,,,,,2025-12-23 13:10:00
230.0,7.0,9.0,3.0,10.0,7.1,258.0,1008.5,,11.7,,,,,2025-12-23 13:20:00
230.0,8.0,10.0,,,,,1008.5,,11.8,,,,,2025-12-23 13:30:00
230.0,7.0,10.0,,,,,1008.5,,11.8,,,,,2025-12-23 13:40:00
220.0,7.0,9.0,3.2,11.0,7.4,265.0,1008.6,,11.7,,,,,2025-12-23 13:50:00
220.0,7.0,9.0,,,,,1008.7,,11.8,,,-0.5,,2025-12-23 14:00:00
220.0,7.0,9.0,2.8,,7.0,266.0,1008.7,,11.8,,,,,2025-12-23 14:10:00
220.0,7.0,9.0,2.8,10.0,7.0,266.0,1008.7,,11.8,,,,,2025-12-23 14:20:00
220.0,6.0,8.0,,,,,1008.8,,11.8,,,,,2025-12-23 14:30:00
220.0,6.0,8.0,,,,,1008.7,,11.8,,,,,2025-12-23 14:40:00
250.0,7.0,11.0,3.0,12.0,7.2,271.0,1008.7,,11.8,,,,,2025-12-23 14:50:00
250.0,8.0,10.0,,,,,1008.8,,11.8,,,-0.4,,2025-12-23 15:00:00
240.0,6.0,8.0,3.0,,7.2,263.0,1008.9,,11.8,,,,,2025-12-23 15:10:00
240.0,4.0,6.0,3.0,9.0,7.2,263.0,1008.8,,11.8,,,,,2025-12-23 15:20:00
240.0,4.0,6.0,,,,,1008.8,,11.8,,,,,2025-12-23 15:30:00
220.0,5.0,7.0,,,,,1008.6,,11.8,,,,,2025-12-23 15:40:00
220.0,5.0,7.0,3.0,9.0,7.1,270.0,1008.5,,11.8,,,,,2025-12-23 15:50:00
230.0,6.0,8.0,,,,,1008.5,,11.8,,,0.0,,2025-12-23 16:00:00
230.0,5.0,7.0,,,,,1008.5,,11.8,,,,,2025-12-23 16:10:00
230.0,6.0,8.0,3.2,10.0,7.7,273.0,1008.4,,11.8,,,,,2025-12-23 16:20:00
220.0,6.0,8.0,,,,,1008.4,,11.8,,,,,2025-12-23 16:30:00
220.0,6.0,8.0,3.1,,7.4,272.0,1008.4,,11.8,,,,,2025-12-23 16:40:00
210.0,6.0,8.0,3.1,11.0,7.4,272.0,1008.6,,11.8,,,,,2025-12-23 16:50:00
210.0,5.0,7.0,,,,,1008.6,,11.8,,,0.0,,2025-12-23 17:00:00
200.0,4.0,6.0,3.0,,7.5,274.0,1008.6,,11.8,,,,,2025-12-23 17:10:00
210.0,4.0,5.0,3.0,11.0,7.5,274.0,1008.7,,11.8,,,,,2025-12-23 17:20:00
210.0,4.0,5.0,,,,,1008.7,,11.8,,,,,2025-12-23 17:30:00
210.0,3.0,5.0,,,,,1008.6,,11.8,,,,,2025-12-23 17:40:00
200.0,4.0,5.0,2.9,12.0,7.4,282.0,1008.6,,11.8,,,,,2025-12-23 17:50:00
190.0,3.0,5.0,3.3,,7.8,280.0,1008.6,,,,,-0.0,,2025-12-23 18:00:00
200.0,4.0,6.0,,,,,1008.5,,11.8,,,,,2025-12-23 18:10:00
190.0,4.0,6.0,3.3,11.0,7.8,280.0,1008.5,,11.8,,,,,2025-12-23 18:20:00
190.0,5.0,6.0,,,,,1008.5,,11.8,,,,,2025-12-23 18:30:00
180.0,5.0,6.0,,,,,1008.4,,11.8,,,,,2025-12-23 18:40:00
190.0,4.0,7.0,3.0,11.0,7.9,285.0,1008.3,,11.8,,,,,2025-12-23 18:50:00
200.0,4.0,6.0,,,,,1008.2,,11.9,,,-0.3,,2025-12-23 19:00:00
200.0,4.0,7.0,,,,,1008.0,,11.9,,,,,2025-12-23 19:10:00
200.0,4.0,5.0,2.8,12.0,7.9,284.0,1007.9,,11.9,,,,,2025-12-23 19:20:00
200.0,3.0,5.0,,,,,1007.6,,11.9,,,,,2025-12-23 19:30:00
200.0,4.0,5.0,,,,,1007.4,,11.9,,,,,2025-12-23 19:40:00
190.0,4.0,5.0,2.8,12.0,8.0,287.0,1007.3,,11.9,,,,,2025-12-23 19:50:00
190.0,3.0,6.0,,,,,1007.1,,11.9,,,-1.5,,2025-12-23 20:00:00
190.0,4.0,5.0,2.7,,8.1,284.0,1007.1,,11.9,,,,,2025-12-23 20:10:00
190.0,3.0,4.0,2.7,11.0,8.1,284.0,1006.9,,11.9,,,,,2025-12-23 20:20:00
190.0,4.0,5.0,,,,,1006.9,,11.9,,,,,2025-12-23 20:30:00
250.0,3.0,5.0,,,,,1006.8,,11.9,,,,,2025-12-23 20:40:00
260.0,3.0,5.0,3.0,11.0,8.3,284.0,1006.5,,11.9,,,,,2025-12-23 20:50:00
250.0,2.0,5.0,,,,,1006.5,,,,,-2.1,,2025-12-23 21:00:00
240.0,1.0,2.0,2.8,,8.1,292.0,1006.4,,11.9,,,,,2025-12-23 21:10:00
190.0,2.0,4.0,2.8,12.0,8.1,292.0,1006.2,,11.9,,,,,2025-12-23 21:20:00
200.0,3.0,4.0,,,,,1006.2,,11.9,,,,,2025-12-23 21:30:00
200.0,2.0,4.0,,,,,1006.1,,11.9,,,,,2025-12-23 21:40:00
200.0,2.0,4.0,2.8,11.0,8.2,288.0,1005.9,,11.9,,,,,2025-12-23 21:50:00
200.0,2.0,4.0,,,,,1005.9,,11.9,,,-2.3,,2025-12-23 22:00:00
180.0,2.0,4.0,2.9,,8.5,289.0,1005.8,,11.9,,,,,2025-12-23 22:10:00
180.0,2.0,3.0,2.9,12.0,8.5,289.0,1005.8,,11.9,,,,,2025-12-23 22:20:00
180.0,2.0,4.0,,,,,1005.8,,11.9,,,,,2025-12-23 22:30:00
160.0,3.0,4.0,2.9,,8.5,288.0,1005.8,,11.9,,,,,2025-12-23 22:40:00
180.0,2.0,4.0,2.9,12.0,8.5,288.0,1005.8,,11.9,,,,,2025-12-23 22:50:00
210.0,2.0,4.0,,,,,1005.7,,11.9,,,-1.4,,2025-12-23 23:00:00
210.0,2.0,3.0,3.1,,8.9,282.0,1005.6,,11.9,,,,,2025-12-23 23:10:00
180.0,2.0,3.0,3.1,12.0,8.9,282.0,1005.6,,11.9,,,,,2025-12-23 23:20:00
160.0,2.0,4.0,2.8,,8.3,293.0,1005.5,,11.9,,,,,2025-12-23 23:40:00
150.0,2.0,4.0,2.8,12.0,8.3,293.0,1005.5,,11.9,,,,,2025-12-23 23:50:00
180.0,2.0,4.0,,,,,1005.5,,11.9,,,-1.0,,2025-12-24 00:00:00
170.0,2.0,3.0,2.5,,8.3,289.0,1005.4,,11.9,,,,,2025-12-24 00:10:00
160.0,2.0,4.0,2.5,12.0,8.3,289.0,1005.3,,11.9,,,,,2025-12-24 00:20:00
150.0,2.0,4.0,,,,,1005.3,,11.9,,,,,2025-12-24 00:30:00
150.0,1.0,4.0,,,,,1005.2,,11.9,,,,,2025-12-24 00:40:00
150.0,2.0,3.0,2.5,11.0,8.3,285.0,1005.3,,11.9,,,,,2025-12-24 00:50:00
160.0,2.0,4.0,,,,,1005.2,,11.9,,,-0.7,,2025-12-24 01:00:00
160.0,2.0,4.0,2.7,,8.4,285.0,1005.3,,11.9,,,,,2025-12-24 01:10:00
150.0,2.0,4.0,2.7,11.0,8.4,285.0,1005.1,,11.9,,,,,2025-12-24 01:20:00
140.0,1.0,3.0,,,,,1005.0,,11.9,,,,,2025-12-24 01:30:00
140.0,2.0,4.0,,,,,1004.8,,11.9,,,,,2025-12-24 01:40:00
140.0,2.0,4.0,2.7,12.0,8.4,287.0,1004.7,,,,,,,2025-12-24 01:50:00
120.0,2.0,4.0,,,,,1004.6,,11.8,,,-1.1,,2025-12-24 02:00:00
120.0,2.0,4.0,2.5,,8.2,293.0,1004.6,,11.8,,,,,2025-12-24 02:10:00
110.0,3.0,5.0,2.5,11.0,8.2,293.0,1004.4,,11.8,,,,,2025-12-24 02:20:00
120.0,3.0,5.0,,,,,1004.3,,11.8,,,,,2025-12-24 02:30:00
100.0,3.0,5.0,,,,,1004.2,,11.8,,,,,2025-12-24 02:40:00
110.0,3.0,6.0,2.4,12.0,8.1,281.0,1004.0,,11.8,,,,,2025-12-24 02:50:00
120.0,2.0,6.0,,,,,1003.9,,11.8,,,-1.6,,2025-12-24 03:00:00
120.0,3.0,5.0,,,,,1003.8,,11.8,,,,,2025-12-24 03:10:00
90.0,3.0,5.0,2.3,12.0,8.0,294.0,1003.7,,11.8,,,,,2025-12-24 03:20:00
90.0,3.0,4.0,,,,,1003.6,,11.8,,,,,2025-12-24 03:30:00
100.0,2.0,4.0,2.4,,8.0,290.0,1003.4,,11.8,,,,,2025-12-24 03:40:00
100.0,3.0,5.0,2.4,12.0,8.0,290.0,1003.3,,11.8,,,,,2025-12-24 03:50:00
100.0,3.0,5.0,,,,,1003.1,,11.8,,,-2.1,,2025-12-24 04:00:00
90.0,3.0,6.0,2.5,,8.4,296.0,1003.0,,11.8,,,,,2025-12-24 04:10:00
100.0,3.0,6.0,2.5,12.0,8.4,296.0,1002.9,,11.8,,,,,2025-12-24 04:20:00
90.0,4.0,6.0,,,,,1002.9,,11.8,,,,,2025-12-24 04:30:00
90.0,4.0,6.0,2.3,,8.0,290.0,1002.7,,11.8,,,,,2025-12-24 04:40:00
90.0,3.0,5.0,2.3,13.0,8.0,290.0,1002.6,,11.8,,,,,2025-12-24 04:50:00
90.0,4.0,6.0,,,,,1002.4,,11.8,,,-2.2,,2025-12-24 05:00:00
100.0,4.0,5.0,2.3,,8.0,276.0,1002.5,,11.8,,,,,2025-12-24 05:10:00
80.0,4.0,6.0,2.3,9.0,8.0,276.0,1002.4,,11.8,,,,,2025-12-24 05:20:00
80.0,4.0,7.0,,,,,1002.1,,11.8,,,,,2025-12-24 05:30:00
80.0,4.0,6.0,,,,,1002.1,,11.8,,,,,2025-12-24 05:40:00
90.0,4.0,6.0,2.4,11.0,7.8,282.0,1002.0,,11.8,,,,,2025-12-24 05:50:00
90.0,4.0,7.0,,,,,1001.9,,11.8,,,-2.0,,2025-12-24 06:00:00
80.0,4.0,6.0,2.4,,8.1,286.0,1001.9,,11.8,,,,,2025-12-24 06:10:00
80.0,4.0,6.0,2.4,11.0,8.1,286.0,1001.8,,11.8,,,,,2025-12-24 06:20:00
80.0,4.0,6.0,,,,,1001.6,,11.8,,,,,2025-12-24 06:30:00
70.0,4.0,6.0,,,,,1001.4,,11.8,,,,,2025-12-24 06:40:00
70.0,4.0,6.0,2.2,11.0,7.7,284.0,1001.1,,11.8,,,,,2025-12-24 06:50:00
60.0,4.0,6.0,,,,,1000.9,,11.8,,,-2.2,,2025-12-24 07:00:00
70.0,4.0,6.0,2.3,,7.8,296.0,1000.6,,11.8,,,,,2025-12-24 07:10:00
70.0,4.0,6.0,2.3,11.0,7.8,296.0,1000.3,,11.8,,,,,2025-12-24 07:20:00
50.0,4.0,6.0,,,,,1000.0,,11.8,,,,,2025-12-24 07:30:00
50.0,4.0,6.0,,,,,999.8,,11.8,,,,,2025-12-24 07:40:00
50.0,4.0,6.0,2.2,11.0,7.8,286.0,999.5,,11.8,,,,,2025-12-24 07:50:00
50.0,5.0,6.0,,,,,999.2,,11.8,,,-3.2,,2025-12-24 08:00:00
40.0,5.0,6.0,2.2,,7.8,288.0,999.0,,11.8,,,,,2025-12-24 08:10:00
40.0,5.0,6.0,2.2,11.0,7.8,288.0,998.6,,11.8,,,,,2025-12-24 08:20:00
40.0,5.0,7.0,,,,,998.4,,11.8,,,,,2025-12-24 08:30:00
40.0,4.0,6.0,,,,,998.7,,11.8,,,,,2025-12-24 08:40:00
40.0,5.0,6.0,2.2,11.0,7.8,282.0,998.2,,,,,,,2025-12-24 08:50:00
30.0,5.0,6.0,,,,,998.1,,,,,-3.8,,2025-12-24 09:00:00
30.0,5.0,8.0,,,,,998.0,,11.8,,,,,2025-12-24 09:10:00
20.0,5.0,7.0,2.2,10.0,7.8,293.0,997.5,,11.8,,,,,2025-12-24 09:20:00
20.0,6.0,8.0,,,,,997.0,,11.8,,,,,2025-12-24 09:30:00
20.0,5.0,7.0,1.9,,7.1,288.0,997.0,,11.8,,,,,2025-12-24 09:40:00
20.0,6.0,8.0,1.9,11.0,7.1,288.0,996.8,,11.8,,,,,2025-12-24 09:50:00
30.0,5.0,7.0,,,,,996.6,,11.8,,,-4.3,,2025-12-24 10:00:00
10.0,6.0,7.0,2.0,,7.4,289.0,996.5,,11.8,,,,,2025-12-24 10:10:00
10.0,6.0,7.0,2.0,11.0,7.4,289.0,996.2,,11.8,,,,,2025-12-24 10:20:00
20.0,6.0,7.0,,,,,996.2,,11.8,,,,,2025-12-24 10:30:00
20.0,6.0,8.0,,,,,996.1,,11.8,,,,,2025-12-24 10:40:00
20.0,6.0,8.0,2.0,9.0,7.0,293.0,995.8,,11.8,,,,,2025-12-24 10:50:00
20.0,6.0,8.0,,,,,995.6,,11.8,,,-3.6,,2025-12-24 11:00:00
20.0,6.0,7.0,,,,,995.5,,11.8,,,,,2025-12-24 11:10:00
20.0,6.0,8.0,1.9,11.0,7.1,290.0,995.0,,11.8,,,,,2025-12-24 11:20:00
30.0,6.0,8.0,,,,,994.6,,11.8,,,,,2025-12-24 11:30:00
40.0,6.0,8.0,2.0,,6.9,294.0,994.6,,11.8,,,,,2025-12-24 11:40:00
40.0,5.0,7.0,2.0,11.0,6.9,294.0,994.2,,11.8,,,,,2025-12-24 11:50:00
30.0,5.0,7.0,,,,,994.1,,11.8,,,-4.0,,2025-12-24 12:00:00
30.0,5.0,7.0,,,,,993.8,,11.8,,,,,2025-12-24 12:10:00
30.0,5.0,6.0,2.0,12.0,6.8,286.0,993.5,,11.8,,,,,2025-12-24 12:20:00
30.0,5.0,6.0,,,,,993.4,,11.8,,,,,2025-12-24 12:30:00
40.0,5.0,7.0,,,,,993.0,,11.8,,,,,2025-12-24 12:40:00
30.0,6.0,8.0,1.9,10.0,6.8,297.0,992.4,,11.8,,,,,2025-12-24 12:50:00
40.0,6.0,8.0,,,,,992.7,,11.8,,,-3.9,,2025-12-24 13:00:00
40.0,5.0,7.0,1.8,,6.5,298.0,993.2,,11.8,,,,,2025-12-24 13:10:00
40.0,6.0,7.0,1.8,11.0,6.5,298.0,993.1,,11.8,,,,,2025-12-24 13:20:00
30.0,6.0,8.0,,,,,993.1,,11.8,,,,,2025-12-24 13:30:00
50.0,6.0,7.0,,,,,992.8,,11.8,,,,,2025-12-24 13:40:00
40.0,7.0,8.0,1.9,10.0,6.8,294.0,992.8,,11.8,,,,,2025-12-24 13:50:00
30.0,6.0,8.0,,,,,992.9,,11.8,,,-2.7,,2025-12-24 14:00:00
30.0,6.0,7.0,2.0,,6.7,301.0,992.5,,11.8,,,,,2025-12-24 14:10:00
20.0,6.0,8.0,2.0,11.0,6.7,301.0,992.6,,11.8,,,,,2025-12-24 14:20:00
20.0,6.0,7.0,,,,,992.6,,11.8,,,,,2025-12-24 14:30:00
20.0,6.0,7.0,,,,,992.6,,11.8,,,,,2025-12-24 14:40:00
20.0,6.0,7.0,1.9,11.0,6.5,310.0,992.6,,11.8,,,,,2025-12-24 14:50:00
10.0,6.0,7.0,,,,,992.8,,11.8,,,-1.3,,2025-12-24 15:00:00
20.0,6.0,8.0,1.9,,6.5,298.0,993.0,,11.8,,,,,2025-12-24 15:10:00
10.0,7.0,8.0,1.9,11.0,6.5,298.0,992.7,,11.8,,,,,2025-12-24 15:20:00
360.0,7.0,8.0,,,,,992.5,,11.8,,,,,2025-12-24 15:30:00
360.0,7.0,8.0,,,,,992.6,,11.8,,,,,2025-12-24 15:40:00
340.0,6.0,7.0,2.0,12.0,6.6,304.0,993.2,,11.8,,,,,2025-12-24 15:50:00
340.0,5.0,6.0,,,,,993.4,,11.8,,,0.7,,2025-12-24 16:00:00
340.0,5.0,6.0,,,,,993.4,,11.8,,,,,2025-12-24 16:10:00
340.0,5.0,7.0,2.1,10.0,6.6,303.0,993.7,,11.8,,,,,2025-12-24 16:20:00
330.0,5.0,7.0,,,,,994.1,,11.8,,,,,2025-12-24 16:30:00
330.0,4.0,5.0,,,,,994.3,,11.8,,,,,2025-12-24 16:40:00
310.0,5.0,6.0,1.8,11.0,6.3,303.0,994.5,,11.8,,,,,2025-12-24 16:50:00
310.0,4.0,5.0,,,,,994.7,,11.8,,,1.8,,2025-12-24 17:00:00
320.0,4.0,5.0,1.9,,6.3,301.0,994.9,,11.8,,,,,2025-12-24 17:10:00
320.0,4.0,6.0,1.9,11.0,6.3,301.0,994.9,,11.8,,,,,2025-12-24 17:20:00
310.0,5.0,6.0,,,,,995.0,,11.8,,,,,2025-12-24 17:30:00
300.0,5.0,6.0,1.9,,6.7,294.0,995.5,,11.8,,,,,2025-12-24 17:40:00
290.0,4.0,6.0,1.9,11.0,6.7,294.0,995.9,,11.8,,,,,2025-12-24 17:50:00
290.0,4.0,6.0,,,,,996.3,,11.8,,,3.5,,2025-12-24 18:00:00
300.0,4.0,6.0,1.7,,6.4,299.0,996.5,,11.8,,,,,2025-12-24 18:10:00
290.0,4.0,6.0,1.7,10.0,6.4,299.0,997.2,,11.8,,,,,2025-12-24 18:20:00
280.0,5.0,6.0,,,,,997.4,,11.8,,,,,2025-12-24 18:30:00
260.0,4.0,5.0,1.7,,6.9,278.0,997.6,,11.8,,,,,2025-12-24 18:40:00
260.0,3.0,5.0,1.7,11.0,6.9,278.0,997.7,,11.8,,,,,2025-12-24 18:50:00
250.0,3.0,4.0,,,,,998.0,,11.8,,,4.6,,2025-12-24 19:00:00
240.0,3.0,4.0,,,,,998.1,,11.8,,,,,2025-12-24 19:10:00
240.0,4.0,5.0,1.7,11.0,6.9,294.0,998.2,,11.8,,,,,2025-12-24 19:20:00
220.0,3.0,5.0,,,,,998.3,,11.8,,,,,2025-12-24 19:30:00
220.0,4.0,6.0,,,,,998.5,,11.8,,,,,2025-12-24 19:40:00
210.0,5.0,7.0,1.8,10.0,7.4,299.0,998.7,,11.8,,,,,2025-12-24 19:50:00
210.0,5.0,6.0,,,,,998.9,,11.8,,,4.2,,2025-12-24 20:00:00
190.0,5.0,6.0,,,,,999.2,,11.8,,,,,2025-12-24 20:10:00
200.0,5.0,7.0,1.7,10.0,7.2,292.0,999.3,,11.8,,,,,2025-12-24 20:20:00
190.0,5.0,6.0,,,,,999.5,,11.8,,,,,2025-12-24 20:30:00
190.0,5.0,7.0,,,,,999.5,,11.8,,,,,2025-12-24 20:40:00
190.0,5.0,7.0,1.7,10.0,7.4,289.0,999.5,,11.8,,,,,2025-12-24 20:50:00
190.0,5.0,7.0,,,,,999.5,,11.8,,,3.2,,2025-12-24 21:00:00
180.0,6.0,7.0,1.6,,7.1,289.0,999.6,,11.8,,,,,2025-12-24 21:10:00
190.0,6.0,8.0,1.6,10.0,7.1,289.0,999.8,,11.8,,,,,2025-12-24 21:20:00
200.0,6.0,11.0,,,,,999.9,,11.8,,,,,2025-12-24 21:30:00
230.0,7.0,9.0,,,,,1000.0,,11.8,,,,,2025-12-24 21:40:00
210.0,5.0,7.0,1.9,10.0,7.1,281.0,1000.1,,11.8,,,,,2025-12-24 21:50:00
200.0,4.0,5.0,,,,,1000.2,,11.8,,,2.2,,2025-12-24 22:00:00
200.0,5.0,6.0,1.7,,6.9,291.0,1000.2,,11.8,,,,,2025-12-24 22:10:00
210.0,5.0,6.0,1.7,10.0,6.9,291.0,1000.2,,11.8,,,,,2025-12-24 22:20:00
210.0,4.0,5.0,,,,,1000.2,,11.8,,,,,2025-12-24 22:30:00
210.0,4.0,5.0,,,,,1000.2,,11.8,,,,,2025-12-24 22:40:00
190.0,4.0,5.0,1.6,11.0,6.9,280.0,1000.2,,11.8,,,,,2025-12-24 22:50:00
190.0,5.0,5.0,,,,,1000.3,,11.8,,,1.4,,2025-12-24 23:00:00
180.0,5.0,6.0,1.6,,7.1,278.0,1000.3,,11.8,,,,,2025-12-24 23:10:00
200.0,5.0,6.0,,,,,1000.8,,11.8,,,,,2025-12-24 23:40:00
200.0,4.0,5.0,1.6,11.0,6.6,284.0,1000.8,,11.8,,,,,2025-12-24 23:50:00
200.0,3.0,4.0,,,,,1001.0,,11.8,,,1.5,,2025-12-25 00:00:00
170.0,4.0,5.0,1.7,,6.8,276.0,1001.0,,11.8,,,,,2025-12-25 00:10:00
170.0,4.0,4.0,1.7,10.0,6.8,276.0,1001.0,,11.8,,,,,2025-12-25 00:20:00
160.0,3.0,4.0,,,,,1001.2,,11.8,,,,,2025-12-25 00:30:00
160.0,4.0,5.0,,,,,1001.3,,11.8,,,,,2025-12-25 00:40:00
150.0,4.0,5.0,1.7,10.0,6.7,290.0,1001.5,,11.8,,,,,2025-12-25 00:50:00
140.0,4.0,5.0,,,,,1001.6,,11.8,,,1.4,,2025-12-25 01:00:00
140.0,4.0,5.0,1.6,,6.7,283.0,1001.6,,11.8,,,,,2025-12-25 01:10:00
140.0,4.0,6.0,1.6,10.0,6.7,283.0,1001.7,,11.8,,,,,2025-12-25 01:20:00
140.0,4.0,5.0,,,,,1001.8,,11.8,,,,,2025-12-25 01:30:00
140.0,4.0,5.0,,,,,1001.9,,11.8,,,,,2025-12-25 01:40:00
130.0,4.0,5.0,1.6,10.0,6.9,281.0,1001.9,,11.8,,,,,2025-12-25 01:50:00
120.0,4.0,6.0,,,,,1001.8,,11.8,,,1.5,,2025-12-25 02:00:00
120.0,4.0,6.0,1.5,,6.9,287.0,1001.8,,11.8,,,,,2025-12-25 02:10:00
110.0,5.0,7.0,1.5,10.0,6.9,287.0,1002.0,,11.8,,,,,2025-12-25 02:20:00
110.0,5.0,6.0,,,,,1002.0,,11.8,,,,,2025-12-25 02:30:00
100.0,5.0,6.0,,,,,1002.1,,11.8,,,,,2025-12-25 02:40:00
110.0,5.0,7.0,1.5,10.0,6.7,286.0,1002.1,,11.7,,,,,2025-12-25 02:50:00
100.0,5.0,7.0,,,,,1002.1,,11.8,,,1.1,,2025-12-25 03:00:00
100.0,5.0,7.0,1.7,,7.2,292.0,1001.9,,11.8,,,,,2025-12-25 03:10:00
90.0,6.0,6.0,1.7,10.0,7.2,292.0,1001.8,,11.8,,,,,2025-12-25 03:20:00
100.0,6.0,7.0,,,,,1001.7,,11.8,,,,,2025-12-25 03:30:00
100.0,6.0,7.0,1.5,,7.1,293.0,1001.7,,11.8,,,,,2025-12-25 03:40:00
100.0,6.0,7.0,1.5,9.0,7.1,293.0,1001.5,,11.8,,,,,2025-12-25 03:50:00
100.0,6.0,7.0,,,,,1001.5,,11.8,,,0.0,,2025-12-25 04:00:00
90.0,6.0,7.0,1.4,,6.8,293.0,1001.4,,11.8,,,,,2025-12-25 04:10:00
100.0,5.0,7.0,1.4,9.0,6.8,293.0,1001.4,,11.8,,,,,2025-12-25 04:20:00
90.0,5.0,7.0,,,,,1001.3,,11.8,,,,,2025-12-25 04:30:00
90.0,6.0,8.0,,,,,1001.1,,11.8,,,,,2025-12-25 04:40:00
100.0,6.0,7.0,1.7,10.0,7.3,298.0,1001.1,,11.8,,,,,2025-12-25 04:50:00
90.0,6.0,8.0,,,,,1001.1,,11.8,,,-0.7,,2025-12-25 05:00:00
90.0,6.0,7.0,,,,,1001.1,,11.8,,,,,2025-12-25 05:10:00
100.0,6.0,7.0,1.5,10.0,6.8,285.0,1001.0,,11.8,,,,,2025-12-25 05:20:00
90.0,6.0,8.0,,,,,1000.8,,11.8,,,,,2025-12-25 05:30:00
80.0,6.0,8.0,,,,,1000.7,,11.8,,,,,2025-12-25 05:40:00
80.0,7.0,8.0,1.7,10.0,7.4,293.0,1000.4,,11.8,,,,,2025-12-25 05:50:00
80.0,7.0,8.0,,,,,1000.2,,11.8,,,-1.9,,2025-12-25 06:00:00
90.0,7.0,9.0,,,,,1000.1,,11.8,,,,,2025-12-25 06:10:00
90.0,8.0,9.0,1.4,10.0,6.3,290.0,999.8,,11.8,,,,,2025-12-25 06:20:00
80.0,7.0,9.0,,,,,999.8,,11.8,,,,,2025-12-25 06:30:00
80.0,7.0,9.0,1.5,,6.5,293.0,999.7,,11.8,,,,,2025-12-25 06:40:00
80.0,8.0,9.0,1.5,10.0,6.5,293.0,999.7,,11.8,,,,,2025-12-25 06:50:00
80.0,8.0,10.0,,,,,999.6,,11.8,,,-1.9,,2025-12-25 07:00:00
90.0,9.0,10.0,,,,,999.4,,11.8,,,,,2025-12-25 07:10:00
80.0,9.0,11.0,1.6,11.0,6.5,265.0,999.2,,11.7,,,,,2025-12-25 07:20:00
80.0,9.0,11.0,,,,,999.1,,11.7,,,,,2025-12-25 07:30:00
80.0,9.0,11.0,,,,,998.8,,11.7,,,,,2025-12-25 07:40:00
80.0,9.0,12.0,1.7,11.0,6.4,290.0,998.5,,11.7,,,,,2025-12-25 07:50:00
70.0,10.0,12.0,,,,,998.4,,11.7,,,-2.7,,2025-12-25 08:00:00
70.0,11.0,13.0,,,,,998.2,,11.7,,,,,2025-12-25 08:10:00
70.0,11.0,13.0,1.8,11.0,6.0,292.0,998.1,,11.7,,,,,2025-12-25 08:20:00
70.0,11.0,13.0,,,,,998.0,,11.7,,,,,2025-12-25 08:30:00
70.0,11.0,12.0,1.8,,5.8,306.0,998.0,,11.7,,,,,2025-12-25 08:40:00
70.0,11.0,13.0,1.8,11.0,5.8,306.0,997.9,,11.7,,,,,2025-12-25 08:50:00
70.0,10.0,13.0,,,,,997.8,,,,,-2.4,,2025-12-25 09:00:00
70.0,11.0,13.0,,,,,997.5,,11.7,,,,,2025-12-25 09:10:00
60.0,11.0,13.0,1.9,10.0,5.8,280.0,997.3,,11.7,,,,,2025-12-25 09:20:00
70.0,12.0,15.0,,,,,997.3,,11.7,,,,,2025-12-25 09:30:00
70.0,11.0,14.0,,,,,997.3,,11.7,,,,,2025-12-25 09:40:00
70.0,11.0,13.0,1.9,10.0,5.6,306.0,997.5,,11.7,,,,,2025-12-25 09:50:00
80.0,11.0,14.0,,,,,997.7,,11.8,,,-1.9,,2025-12-25 10:00:00
80.0,10.0,12.0,2.1,,5.8,273.0,997.7,,11.7,,,,,2025-12-25 10:10:00
80.0,11.0,13.0,2.1,11.0,5.8,273.0,997.7,,11.8,,,,,2025-12-25 10:20:00
80.0,10.0,12.0,,,,,997.7,,11.8,,,,,2025-12-25 10:30:00
70.0,9.0,13.0,,,,,997.7,,11.8,,,,,2025-12-25 10:40:00
80.0,9.0,12.0,2.0,11.0,5.5,278.0,997.8,,11.7,,,,,2025-12-25 10:50:00
80.0,9.0,11.0,,,,,997.7,,11.7,,,-0.7,,2025-12-25 11:00:00
90.0,10.0,12.0,1.9,,5.6,282.0,997.7,,11.8,,,,,2025-12-25 11:10:00
90.0,11.0,13.0,1.9,9.0,5.6,282.0,997.6,,11.7,,,,,2025-12-25 11:20:00
90.0,10.0,12.0,,,,,997.6,,11.8,,,,,2025-12-25 11:30:00
90.0,11.0,13.0,,,,,997.2,,11.7,,,,,2025-12-25 11:40:00
80.0,11.0,12.0,2.1,11.0,5.5,304.0,997.0,,11.7,,,,,2025-12-25 11:50:00
90.0,11.0,13.0,,,,,996.6,,,,,-1.2,,2025-12-25 12:00:00
80.0,10.0,12.0,,,,,996.4,,11.8,,,,,2025-12-25 12:10:00
80.0,10.0,12.0,2.1,6.0,5.5,75.0,996.2,,11.8,,,,,2025-12-25 12:20:00
80.0,10.0,12.0,,,,,995.9,,11.8,,,,,2025-12-25 12:30:00
80.0,10.0,11.0,,,,,995.8,,11.8,,,,,2025-12-25 12:40:00
70.0,10.0,11.0,2.1,11.0,5.7,262.0,995.4,,11.8,,,,,2025-12-25 12:50:00
70.0,10.0,12.0,,,,,995.3,,11.8,,,-2.4,,2025-12-25 13:00:00
70.0,10.0,12.0,1.9,,5.4,284.0,995.2,,11.8,,,,,2025-12-25 13:10:00
70.0,10.0,12.0,1.9,11.0,5.4,284.0,995.0,,11.8,,,,,2025-12-25 13:20:00
80.0,10.0,12.0,,,,,994.9,,11.8,,,,,2025-12-25 13:30:00
80.0,10.0,12.0,,,,,994.8,,11.8,,,,,2025-12-25 13:40:00
80.0,9.0,12.0,2.0,6.0,5.6,68.0,994.8,,11.7,,,,,2025-12-25 13:50:00
80.0,9.0,11.0,,,,,994.7,,11.7,,,-3.0,,2025-12-25 14:00:00
80.0,9.0,11.0,1.9,,5.7,202.0,994.6,,11.7,,,,,2025-12-25 14:10:00
80.0,9.0,11.0,1.9,11.0,5.7,202.0,994.5,,11.7,,,,,2025-12-25 14:20:00
70.0,9.0,11.0,,,,,994.2,,11.7,,,,,2025-12-25 14:30:00
70.0,9.0,11.0,,,,,994.3,,11.7,,,,,2025-12-25 14:40:00
70.0,10.0,12.0,2.1,6.0,5.7,61.0,994.4,,11.7,,,,,2025-12-25 14:50:00
70.0,9.0,11.0,,,,,994.1,,11.7,,,-2.5,,2025-12-25 15:00:00
70.0,9.0,10.0,,,,,993.9,,11.7,,,,,2025-12-25 15:10:00
70.0,10.0,11.0,2.1,10.0,6.0,249.0,993.8,,11.7,,,,,2025-12-25 15:20:00
70.0,10.0,12.0,,,,,993.8,,11.7,,,,,2025-12-25 15:30:00
80.0,10.0,12.0,,,,,994.0,,11.8,,,,,2025-12-25 15:40:00
80.0,10.0,12.0,2.1,11.0,6.0,204.0,994.1,,11.7,,,,,2025-12-25 15:50:00
80.0,9.0,11.0,,,,,994.3,,11.7,,,-1.0,,2025-12-25 16:00:00
90.0,9.0,12.0,2.2,,6.2,213.0,994.9,,11.7,,,,,2025-12-25 16:10:00
90.0,10.0,12.0,2.2,11.0,6.2,213.0,994.9,,11.7,,,,,2025-12-25 16:20:00
90.0,10.0,12.0,,,,,994.8,,11.7,,,,,2025-12-25 16:30:00
90.0,9.0,12.0,,,,,995.1,,11.7,,,,,2025-12-25 16:40:00
80.0,10.0,12.0,2.1,10.0,6.2,258.0,995.0,,11.7,,,,,2025-12-25 16:50:00
90.0,9.0,11.0,,,,,995.2,,11.7,,,0.5,,2025-12-25 17:00:00
80.0,9.0,11.0,2.0,,5.9,35.0,995.3,,11.7,,,,,2025-12-25 17:10:00
80.0,9.0,11.0,2.0,7.0,5.9,35.0,995.2,,11.7,,,,,2025-12-25 17:20:00
80.0,10.0,12.0,,,,,995.1,,11.7,,,,,2025-12-25 17:30:00
70.0,9.0,11.0,2.1,,5.9,44.0,995.4,,11.7,,,,,2025-12-25 17:40:00
80.0,9.0,11.0,2.1,6.0,5.9,44.0,995.7,,11.7,,,,,2025-12-25 17:50:00
90.0,9.0,10.0,,,,,995.9,,11.7,,,1.8,,2025-12-25 18:00:00
90.0,8.0,10.0,,,,,996.3,,11.7,,,,,2025-12-25 18:10:00
110.0,7.0,9.0,1.9,11.0,6.1,209.0,996.4,,11.7,,,,,2025-12-25 18:20:00
110.0,7.0,8.0,,,,,996.4,,11.7,,,,,2025-12-25 18:30:00
120.0,6.0,8.0,1.8,,5.8,222.0,996.5,,11.7,,,,,2025-12-25 18:40:00
110.0,6.0,8.0,1.8,10.0,5.8,222.0,996.5,,11.7,,,,,2025-12-25 18:50:00
110.0,6.0,7.0,,,,,996.6,,11.7,,,2.3,,2025-12-25 19:00:00
100.0,6.0,9.0,,,,,996.6,,11.7,,,,,2025-12-25 19:10:00
110.0,6.0,8.0,2.0,10.0,6.3,261.0,996.6,,11.7,,,,,2025-12-25 19:20:00
110.0,7.0,8.0,,,,,996.4,,11.7,,,,,2025-12-25 19:30:00
130.0,6.0,8.0,,,,,996.3,,11.7,,,,,2025-12-25 19:40:00
140.0,8.0,10.0,1.9,11.0,6.0,238.0,996.2,,11.7,,,,,2025-12-25 19:50:00
150.0,9.0,11.0,,,,,996.3,,11.7,,,1.1,,2025-12-25 20:00:00
150.0,8.0,10.0,,,,,996.4,,11.7,,,,,2025-12-25 20:10:00
150.0,7.0,9.0,1.8,6.0,5.9,50.0,996.4,,11.7,,,,,2025-12-25 20:20:00
170.0,7.0,12.0,,,,,996.5,,11.6,,,,,2025-12-25 20:30:00
190.0,7.0,11.0,,,,,996.5,,11.6,,,,,2025-12-25 20:40:00
170.0,7.0,9.0,1.9,6.0,5.9,49.0,996.5,,11.6,,,,,2025-12-25 20:50:00
160.0,7.0,12.0,,,,,996.4,,11.7,,,0.5,,2025-12-25 21:00:00
160.0,10.0,14.0,,,,,996.3,,11.7,,,,,2025-12-25 21:10:00
160.0,12.0,16.0,2.0,11.0,6.1,246.0,996.3,,11.7,,,,,2025-12-25 21:20:00
170.0,11.0,15.0,,,,,996.7,,11.7,,,,,2025-12-25 21:30:00
180.0,10.0,13.0,,,,,996.9,,11.7,,,,,2025-12-25 21:40:00
170.0,10.0,13.0,2.0,11.0,5.8,242.0,996.9,,11.7,,,,,2025-12-25 21:50:00
160.0,10.0,13.0,,,,,996.9,,11.7,,,0.3,,2025-12-25 22:00:00
160.0,10.0,12.0,1.9,,5.7,237.0,997.0,,11.7,,,,,2025-12-25 22:10:00
160.0,10.0,13.0,1.9,11.0,5.7,237.0,997.1,,11.7,,,,,2025-12-25 22:20:00
170.0,10.0,13.0,,,,,997.0,,11.7,,,,,2025-12-25 22:30:00
170.0,9.0,12.0,2.1,,5.9,222.0,997.3,,11.7,,,,,2025-12-25 22:40:00
170.0,9.0,11.0,2.1,11.0,5.9,222.0,997.4,,11.7,,,,,2025-12-25 22:50:00
170.0,10.0,12.0,,,,,997.8,,11.7,,,1.5,,2025-12-25 23:00:00
170.0,9.0,12.0,2.3,,6.2,224.0,997.9,,11.7,,,,,2025-12-25 23:10:00
