WDIR,WSPD,GST,WVHT,DPD,APD,MWD,PRES,ATMP,WTMP,DEWP,VIS,PTDY,TIDE,datetime
,,,1.7,6.0,5.8,189.0,,,14.3,,,,,2025-08-22 00:26:00
,,,1.8,6.0,5.8,189.0,,,14.4,,,,,2025-08-22 00:56:00
,,,1.6,6.0,5.9,181.0,,,14.4,,,,,2025-08-22 01:26:00
,,,1.6,6.0,5.9,177.0,,,14.4,,,,,2025-08-22 01:56:00
,,,1.6,6.0,5.8,189.0,,,14.5,,,,,2025-08-22 02:26:00
,,,1.6,7.0,6.0,184.0,,,14.4,,,,,2025-08-22 02:56:00
,,,1.6,7.0,6.1,191.0,,,14.5,,,,,2025-08-22 03:26:00
,,,1.5,7.0,5.8,195.0,,,14.4,,,,,2025-08-22 03:56:00
,,,1.6,6.0,6.0,178.0,,,14.4,,,,,2025-08-22 04:26:00
,,,1.6,6.0,6.0,181.0,,,14.4,,,,,2025-08-22 04:56:00
,,,1.4,6.0,5.9,180.0,,,14.4,,,,,2025-08-22 05:26:00
,,,1.4,7.0,6.0,189.0,,,14.4,,,,,2025-08-22 05:56:00
,,,1.5,6.0,5.8,174.0,,,14.4,,,,,2025-08-22 06:26:00
,,,1.6,7.0,6.0,239.0,,,14.4,,,,,2025-08-22 06:56:00
,,,1.5,6.0,5.7,198.0,,,14.4,,,,,2025-08-22 07:26:00
,,,1.5,6.0,5.6,192.0,,,14.4,,,,,2025-08-22 07:56:00
,,,1.5,7.0,5.3,220.0,,,14.3,,,,,2025-08-22 08:26:00
,,,1.4,14.0,5.0,198.0,,,14.3,,,,,2025-08-22 08:56:00
,,,1.5,6.0,5.0,210.0,,,14.3,,,,,2025-08-22 09:26:00
,,,1.4,7.0,5.2,247.0,,,14.3,,,,,2025-08-22 09:56:00
,,,1.3,6.0,5.0,182.0,,,14.3,,,,,2025-08-22 10:26:00
,,,1.4,6.0,5.1,213.0,,,14.3,,,,,2025-08-22 10:56:00
,,,1.4,14.0,5.0,185.0,,,14.3,,,,,2025-08-22 11:26:00
,,,1.3,7.0,5.1,260.0,,,14.3,,,,,2025-08-22 11:56:00
,,,1.3,7.0,5.1,254.0,,,14.3,,,,,2025-08-22 12:26:00
,,,1.4,6.0,5.0,243.0,,,14.3,,,,,2025-08-22 12:56:00
,,,1.3,6.0,5.0,232.0,,,14.3,,,,,2025-08-22 13:26:00
,,,1.3,7.0,5.2,258.0,,,14.3,,,,,2025-08-22 13:56:00
,,,1.3,14.0,5.2,175.0,,,14.3,,,,,2025-08-22 14:26:00
,,,1.3,7.0,5.2,299.0,,,14.3,,,,,2025-08-22 14:56:00
,,,1.3,15.0,5.3,173.0,,,14.3,,,,,2025-08-22 15:26:00
,,,1.2,15.0,5.3,170.0,,,14.3,,,,,2025-08-22 15:56:00
,,,1.1,6.0,5.2,109.0,,,14.3,,,,,2025-08-22 16:26:00
,,,1.2,15.0,5.4,180.0,,,14.3,,,,,2025-08-22 16:56:00
,,,1.1,15.0,5.0,185.0,,,14.3,,,,,2025-08-22 17:26:00
,,,1.1,14.0,5.2,188.0,,,14.3,,,,,2025-08-22 17:56:00
,,,1.1,14.0,5.3,182.0,,,14.3,,,,,2025-08-22 18:26:00
,,,1.0,6.0,5.3,205.0,,,14.3,,,,,2025-08-22 18:56:00
,,,1.1,7.0,5.5,230.0,,,14.3,,,,,2025-08-22 19:26:00
,,,1.1,6.0,5.4,182.0,,,14.3,,,,,2025-08-22 19:56:00
,,,1.1,7.0,5.3,253.0,,,14.3,,,,,2025-08-22 20:26:00
,,,1.1,7.0,5.5,257.0,,,14.3,,,,,2025-08-22 20:56:00
,,,1.1,14.0,5.4,177.0,,,14.4,,,,,2025-08-22 21:26:00
,,,1.1,15.0,5.3,151.0,,,14.4,,,,,2025-08-22 21:56:00
,,,1.1,7.0,5.0,267.0,,,14.4,,,,,2025-08-22 22:26:00
,,,1.1,6.0,5.0,282.0,,,14.4,,,,,2025-08-22 22:56:00
,,,1.1,14.0,5.2,177.0,,,14.4,,,,,2025-08-22 23:26:00
,,,1.1,14.0,5.2,171.0,,,14.4,,,,,2025-08-22 23:56:00
,,,1.1,15.0,5.4,170.0,,,14.4,,,,,2025-08-23 00:26:00
,,,1.1,14.0,5.2,191.0,,,14.4,,,,,2025-08-23 00:56:00
,,,1.1,15.0,5.4,167.0,,,14.4,,,,,2025-08-23 01:26:00
,,,1.1,15.0,5.5,173.0,,,14.4,,,,,2025-08-23 01:56:00
,,,1.1,14.0,5.8,180.0,,,14.4,,,,,2025-08-23 02:26:00
,,,1.1,14.0,5.7,178.0,,,14.4,,,,,2025-08-23 02:56:00
,,,1.1,14.0,5.6,174.0,,,14.4,,,,,2025-08-23 03:26:00
,,,1.1,15.0,5.8,158.0,,,14.4,,,,,2025-08-23 03:56:00
,,,1.1,15.0,5.8,171.0,,,14.4,,,,,2025-08-23 04:26:00
,,,1.1,6.0,5.8,296.0,,,14.4,,,,,2025-08-23 04:56:00
,,,1.1,13.0,5.9,175.0,,,14.4,,,,,2025-08-23 05:26:00
,,,1.0,14.0,5.7,174.0,,,14.4,,,,,2025-08-23 05:56:00
,,,1.1,14.0,5.7,182.0,,,14.3,,,,,2025-08-23 06:26:00
,,,1.0,7.0,5.8,291.0,,,14.3,,,,,2025-08-23 06:56:00
,,,1.0,6.0,5.7,248.0,,,14.3,,,,,2025-08-23 07:26:00
,,,1.1,7.0,6.0,282.0,,,14.3,,,,,2025-08-23 07:56:00
,,,1.0,7.0,5.8,274.0,,,14.3,,,,,2025-08-23 08:26:00
,,,1.0,7.0,5.8,289.0,,,14.3,,,,,2025-08-23 08:56:00
,,,1.1,14.0,6.1,188.0,,,14.3,,,,,2025-08-23 09:26:00
,,,1.1,14.0,6.3,187.0,,,14.4,,,,,2025-08-23 09:56:00
,,,1.1,7.0,6.2,310.0,,,14.4,,,,,2025-08-23 10:26:00
,,,1.1,7.0,6.0,298.0,,,14.4,,,,,2025-08-23 10:56:00
,,,1.0,14.0,6.1,177.0,,,14.4,,,,,2025-08-23 11:26:00
,,,1.0,15.0,6.3,180.0,,,14.4,,,,,2025-08-23 11:56:00
,,,1.0,7.0,6.1,315.0,,,14.4,,,,,2025-08-23 12:26:00
,,,1.1,6.0,6.1,326.0,,,14.4,,,,,2025-08-23 12:56:00
,,,1.1,6.0,6.3,309.0,,,14.4,,,,,2025-08-23 13:26:00
,,,1.1,13.0,6.1,182.0,,,14.4,,,,,2025-08-23 13:56:00
,,,1.2,7.0,6.2,315.0,,,14.4,,,,,2025-08-23 14:26:00
,,,1.1,6.0,6.0,284.0,,,14.4,,,,,2025-08-23 14:56:00
,,,1.2,6.0,6.1,293.0,,,14.4,,,,,2025-08-23 15:26:00
,,,1.2,6.0,6.0,308.0,,,14.4,,,,,2025-08-23 15:56:00
,,,1.2,7.0,6.0,306.0,,,14.4,,,,,2025-08-23 16:26:00
,,,1.1,6.0,6.1,281.0,,,14.4,,,,,2025-08-23 16:56:00
,,,1.1,7.0,6.2,302.0,,,14.4,,,,,2025-08-23 17:26:00
,,,1.1,6.0,6.1,233.0,,,14.4,,,,,2025-08-23 17:56:00
,,,1.1,6.0,6.1,285.0,,,14.4,,,,,2025-08-23 18:26:00
,,,1.1,14.0,6.2,185.0,,,14.5,,,,,2025-08-23 18:56:00
,,,1.1,15.0,6.2,163.0,,,14.5,,,,,2025-08-23 19:26:00
,,,1.1,6.0,5.9,267.0,,,14.5,,,,,2025-08-23 19:56:00
,,,1.1,15.0,5.9,165.0,,,14.5,,,,,2025-08-23 20:26:00
,,,1.1,14.0,6.1,170.0,,,14.4,,,,,2025-08-23 20:56:00
,,,1.0,7.0,6.0,296.0,,,14.5,,,,,2025-08-23 21:26:00
,,,1.1,6.0,6.0,298.0,,,14.6,,,,,2025-08-23 21:56:00
,,,1.1,6.0,6.0,308.0,,,14.7,,,,,2025-08-23 22:26:00
,,,1.1,6.0,6.1,319.0,,,14.8,,,,,2025-08-23 22:56:00
,,,1.0,7.0,5.9,315.0,,,15.0,,,,,2025-08-23 23:26:00
,,,1.1,13.0,6.3,188.0,,,14.9,,,,,2025-08-23 23:56:00
,,,1.0,15.0,6.0,173.0,,,14.9,,,,,2025-08-24 00:26:00
,,,1.1,7.0,6.1,320.0,,,14.9,,,,,2025-08-24 00:56:00
,,,1.1,14.0,6.0,181.0,,,14.9,,,,,2025-08-24 01:26:00
,,,1.0,13.0,5.7,187.0,,,14.9,,,,,2025-08-24 01:56:00
,,,1.1,7.0,5.7,320.0,,,14.9,,,,,2025-08-24 02:26:00
,,,1.0,7.0,5.6,322.0,,,14.9,,,,,2025-08-24 02:56:00
,,,1.0,14.0,5.8,167.0,,,14.8,,,,,2025-08-24 03:26:00
,,,0.9,15.0,5.7,151.0,,,14.8,,,,,2025-08-24 03:56:00
,,,1.0,14.0,5.8,163.0,,,14.8,,,,,2025-08-24 04:26:00
,,,1.0,14.0,5.3,154.0,,,14.8,,,,,2025-08-24 04:56:00
,,,0.9,13.0,5.4,175.0,,,14.7,,,,,2025-08-24 05:26:00
,,,0.9,14.0,5.2,163.0,,,14.7,,,,,2025-08-24 05:56:00
,,,0.9,13.0,5.3,177.0,,,14.8,,,,,2025-08-24 06:26:00
,,,1.0,15.0,5.4,174.0,,,14.7,,,,,2025-08-24 06:56:00
,,,0.9,15.0,5.1,160.0,,,14.6,,,,,2025-08-24 07:26:00
,,,0.9,14.0,5.3,173.0,,,14.6,,,,,2025-08-24 07:56:00
,,,1.0,14.0,5.5,177.0,,,14.6,,,,,2025-08-24 08:26:00
,,,0.9,14.0,5.2,171.0,,,14.6,,,,,2025-08-24 08:56:00
,,,0.9,14.0,5.2,175.0,,,14.6,,,,,2025-08-24 09:26:00
,,,0.9,14.0,5.2,177.0,,,14.5,,,,,2025-08-24 09:56:00
,,,0.9,13.0,5.1,192.0,,,14.5,,,,,2025-08-24 10:26:00
,,,0.9,14.0,5.2,161.0,,,14.5,,,,,2025-08-24 10:56:00
,,,0.9,7.0,5.0,320.0,,,14.5,,,,,2025-08-24 11:26:00
,,,1.0,14.0,5.5,167.0,,,14.5,,,,,2025-08-24 11:56:00
,,,1.0,14.0,5.6,180.0,,,14.5,,,,,2025-08-24 12:26:00
,,,1.0,14.0,5.6,177.0,,,14.5,,,,,2025-08-24 12:56:00
,,,1.0,13.0,5.8,170.0,,,14.6,,,,,2025-08-24 13:26:00
,,,0.9,8.0,5.7,329.0,,,14.6,,,,,2025-08-24 13:56:00
,,,1.0,14.0,6.1,168.0,,,14.6,,,,,2025-08-24 14:26:00
,,,1.0,14.0,6.0,170.0,,,14.6,,,,,2025-08-24 14:56:00
,,,1.0,14.0,5.7,156.0,,,14.6,,,,,2025-08-24 15:26:00
,,,0.9,13.0,5.9,182.0,,,14.6,,,,,2025-08-24 15:56:00
,,,0.9,14.0,5.9,167.0,,,14.6,,,,,2025-08-24 16:26:00
,,,1.0,13.0,6.1,181.0,,,14.6,,,,,2025-08-24 16:56:00
,,,0.9,14.0,5.8,160.0,,,14.6,,,,,2025-08-24 17:26:00
,,,0.9,13.0,5.4,167.0,,,14.6,,,,,2025-08-24 17:56:00
,,,0.9,13.0,5.7,170.0,,,14.6,,,,,2025-08-24 18:26:00
,,,0.9,15.0,5.4,180.0,,,14.7,,,,,2025-08-24 18:56:00
,,,0.9,13.0,5.4,170.0,,,14.7,,,,,2025-08-24 19:26:00
,,,0.9,14.0,5.2,168.0,,,14.7,,,,,2025-08-24 19:56:00
,,,0.9,13.0,5.7,170.0,,,14.7,,,,,2025-08-24 20:26:00
,,,0.9,15.0,5.2,173.0,,,14.8,,,,,2025-08-24 20:56:00
,,,0.8,13.0,5.5,178.0,,,14.8,,,,,2025-08-24 21:26:00
,,,0.8,14.0,5.5,174.0,,,14.9,,,,,2025-08-24 21:56:00
,,,0.8,14.0,5.8,182.0,,,15.0,,,,,2025-08-24 22:26:00
,,,0.8,14.0,6.5,187.0,,,15.1,,,,,2025-08-24 22:56:00
,,,0.8,14.0,6.3,180.0,,,15.1,,,,,2025-08-24 23:26:00
,,,0.8,14.0,6.5,180.0,,,15.1,,,,,2025-08-24 23:56:00
,,,0.8,13.0,6.5,174.0,,,15.1,,,,,2025-08-25 00:26:00
,,,0.8,14.0,6.6,194.0,,,15.1,,,,,2025-08-25 00:56:00
,,,0.7,15.0,6.5,171.0,,,15.1,,,,,2025-08-25 01:26:00
,,,0.7,14.0,6.5,167.0,,,15.1,,,,,2025-08-25 01:56:00
,,,0.8,14.0,7.0,175.0,,,15.0,,,,,2025-08-25 03:56:00
,,,0.8,14.0,6.7,175.0,,,15.0,,,,,2025-08-25 04:26:00
,,,0.8,13.0,6.9,185.0,,,15.0,,,,,2025-08-25 04:56:00
,,,0.7,13.0,6.5,194.0,,,15.0,,,,,2025-08-25 05:26:00
,,,0.8,14.0,6.8,177.0,,,15.0,,,,,2025-08-25 05:56:00
,,,0.8,14.0,7.1,173.0,,,15.0,,,,,2025-08-25 06:26:00
,,,0.8,13.0,7.0,181.0,,,15.0,,,,,2025-08-25 06:56:00
,,,0.8,13.0,7.1,185.0,,,15.0,,,,,2025-08-25 07:26:00
,,,0.8,14.0,6.7,174.0,,,14.9,,,,,2025-08-25 07:56:00
,,,0.8,14.0,6.7,182.0,,,15.0,,,,,2025-08-25 08:26:00
,,,0.7,14.0,6.4,177.0,,,15.0,,,,,2025-08-25 08:56:00
,,,0.8,13.0,7.0,192.0,,,15.0,,,,,2025-08-25 09:26:00
,,,0.8,13.0,7.0,182.0,,,15.0,,,,,2025-08-25 09:56:00
,,,0.7,14.0,7.0,175.0,,,15.0,,,,,2025-08-25 10:26:00
,,,0.7,14.0,7.3,191.0,,,15.0,,,,,2025-08-25 10:56:00
,,,0.7,14.0,7.3,184.0,,,15.0,,,,,2025-08-25 11:26:00
,,,0.7,14.0,7.2,173.0,,,15.0,,,,,2025-08-25 11:56:00
,,,0.7,13.0,7.8,178.0,,,15.0,,,,,2025-08-25 12:26:00
,,,0.7,14.0,8.1,180.0,,,15.0,,,,,2025-08-25 12:56:00
,,,0.7,14.0,8.0,177.0,,,15.0,,,,,2025-08-25 13:26:00
,,,0.7,13.0,7.9,188.0,,,15.0,,,,,2025-08-25 13:56:00
,,,0.7,13.0,8.0,189.0,,,15.0,,,,,2025-08-25 14:26:00
,,,0.7,13.0,7.9,184.0,,,15.0,,,,,2025-08-25 14:56:00
,,,0.6,14.0,7.8,167.0,,,15.0,,,,,2025-08-25 15:26:00
,,,0.7,13.0,8.2,165.0,,,14.9,,,,,2025-08-25 15:56:00
,,,0.7,13.0,8.0,184.0,,,14.9,,,,,2025-08-25 16:26:00
,,,0.7,14.0,7.2,180.0,,,14.8,,,,,2025-08-25 16:56:00
,,,0.7,14.0,7.8,177.0,,,14.8,,,,,2025-08-25 17:26:00
,,,0.7,14.0,7.9,168.0,,,14.8,,,,,2025-08-25 17:56:00
,,,0.8,14.0,7.2,178.0,,,14.8,,,,,2025-08-25 18:26:00
,,,0.8,14.0,7.0,174.0,,,14.8,,,,,2025-08-25 18:56:00
,,,0.8,14.0,7.3,174.0,,,14.9,,,,,2025-08-25 20:26:00
,,,0.8,13.0,7.1,191.0,,,14.8,,,,,2025-08-25 20:56:00
,,,0.7,14.0,7.0,189.0,,,14.9,,,,,2025-08-25 21:26:00
,,,0.7,14.0,7.5,195.0,,,15.0,,,,,2025-08-25 21:56:00
,,,0.7,13.0,7.2,182.0,,,15.0,,,,,2025-08-25 22:26:00
,,,0.8,14.0,7.9,178.0,,,15.0,,,,,2025-08-25 22:56:00
,,,0.7,13.0,7.5,199.0,,,15.2,,,,,2025-08-26 00:26:00
,,,0.7,20.0,7.6,202.0,,,15.1,,,,,2025-08-26 00:56:00
,,,0.7,13.0,7.5,192.0,,,15.1,,,,,2025-08-26 01:26:00
,,,0.7,13.0,8.2,191.0,,,15.1,,,,,2025-08-26 01:56:00
,,,0.7,14.0,8.0,164.0,,,15.1,,,,,2025-08-26 02:26:00
,,,0.7,13.0,7.6,175.0,,,15.1,,,,,2025-08-26 02:56:00
,,,0.8,13.0,6.9,178.0,,,15.1,,,,,2025-08-26 03:26:00
,,,0.8,13.0,6.4,182.0,,,15.1,,,,,2025-08-26 03:56:00
,,,0.8,14.0,7.3,180.0,,,15.1,,,,,2025-08-26 04:26:00
,,,0.7,13.0,6.6,202.0,,,15.1,,,,,2025-08-26 04:56:00
,,,0.8,13.0,6.8,195.0,,,15.0,,,,,2025-08-26 05:26:00
,,,0.8,13.0,7.3,178.0,,,15.0,,,,,2025-08-26 05:56:00
,,,0.8,13.0,7.0,180.0,,,15.0,,,,,2025-08-26 06:26:00
,,,0.8,14.0,7.3,154.0,,,15.0,,,,,2025-08-26 06:56:00
,,,0.8,13.0,6.6,184.0,,,15.0,,,,,2025-08-26 07:26:00
,,,0.8,14.0,6.7,177.0,,,14.9,,,,,2025-08-26 07:56:00
,,,0.8,13.0,6.5,181.0,,,14.9,,,,,2025-08-26 08:26:00
,,,0.8,14.0,6.0,182.0,,,14.9,,,,,2025-08-26 08:56:00
,,,0.8,13.0,6.4,188.0,,,14.8,,,,,2025-08-26 09:26:00
,,,0.7,13.0,7.1,199.0,,,14.8,,,,,2025-08-26 09:56:00
,,,0.7,18.0,7.2,191.0,,,14.8,,,,,2025-08-26 10:26:00
,,,0.7,13.0,7.0,188.0,,,14.8,,,,,2025-08-26 10:56:00
,,,0.7,14.0,7.3,188.0,,,14.9,,,,,2025-08-26 11:26:00
,,,0.6,14.0,7.6,194.0,,,14.9,,,,,2025-08-26 11:56:00
,,,0.7,18.0,8.4,199.0,,,14.9,,,,,2025-08-26 12:26:00
,,,0.7,14.0,8.1,174.0,,,14.9,,,,,2025-08-26 12:56:00
,,,0.7,18.0,8.5,191.0,,,14.9,,,,,2025-08-26 13:26:00
,,,0.7,18.0,8.1,191.0,,,14.9,,,,,2025-08-26 13:56:00
,,,0.7,13.0,8.6,187.0,,,14.9,,,,,2025-08-26 14:26:00
,,,0.7,18.0,8.1,188.0,,,14.9,,,,,2025-08-26 14:56:00
,,,0.7,14.0,8.3,182.0,,,14.9,,,,,2025-08-26 15:26:00
,,,0.7,13.0,7.8,189.0,,,14.9,,,,,2025-08-26 15:56:00
,,,0.7,13.0,7.6,180.0,,,14.9,,,,,2025-08-26 16:26:00
,,,0.7,13.0,8.1,181.0,,,14.9,,,,,2025-08-26 16:56:00
,,,0.7,18.0,7.8,192.0,,,14.9,,,,,2025-08-26 17:26:00
,,,0.7,13.0,8.2,178.0,,,15.0,,,,,2025-08-26 18:26:00
,,,0.7,14.0,7.3,185.0,,,15.0,,,,,2025-08-26 18:56:00
,,,0.8,13.0,8.1,189.0,,,15.1,,,,,2025-08-26 19:26:00
,,,0.8,14.0,7.8,177.0,,,15.2,,,,,2025-08-26 19:56:00
,,,0.8,13.0,7.5,184.0,,,15.3,,,,,2025-08-26 20:26:00
,,,0.8,13.0,7.7,181.0,,,15.4,,,,,2025-08-26 20:56:00
,,,0.9,8.0,7.4,165.0,,,15.7,,,,,2025-08-26 21:26:00
,,,0.9,8.0,7.5,161.0,,,15.8,,,,,2025-08-26 21:56:00
,,,1.0,18.0,7.7,194.0,,,16.0,,,,,2025-08-26 22:26:00
,,,0.9,8.0,7.0,158.0,,,16.1,,,,,2025-08-26 22:56:00
,,,1.0,8.0,7.4,156.0,,,16.3,,,,,2025-08-26 23:26:00
,,,1.0,14.0,7.8,177.0,,,16.3,,,,,2025-08-26 23:56:00
,,,1.0,7.0,7.8,151.0,,,16.7,,,,,2025-08-27 00:26:00
,,,0.9,13.0,7.9,188.0,,,16.7,,,,,2025-08-27 00:56:00
,,,0.9,7.0,7.7,153.0,,,16.8,,,,,2025-08-27 01:26:00
,,,1.0,13.0,7.8,184.0,,,16.8,,,,,2025-08-27 01:56:00
,,,0.9,13.0,7.6,185.0,,,16.0,,,,,2025-08-27 03:26:00
,,,0.9,18.0,8.0,189.0,,,16.0,,,,,2025-08-27 03:56:00
,,,0.9,13.0,7.9,177.0,,,16.0,,,,,2025-08-27 04:26:00
,,,0.9,13.0,7.4,177.0,,,16.1,,,,,2025-08-27 04:56:00
,,,0.9,13.0,7.6,177.0,,,16.1,,,,,2025-08-27 05:26:00
,,,0.9,18.0,7.5,189.0,,,16.0,,,,,2025-08-27 05:56:00
,,,0.9,13.0,7.5,185.0,,,15.9,,,,,2025-08-27 06:26:00
,,,0.9,13.0,7.2,185.0,,,15.8,,,,,2025-08-27 06:56:00
,,,0.8,13.0,7.0,182.0,,,15.7,,,,,2025-08-27 07:26:00
,,,0.8,17.0,7.0,182.0,,,15.7,,,,,2025-08-27 07:56:00
,,,0.8,14.0,7.1,182.0,,,15.7,,,,,2025-08-27 08:26:00
,,,0.9,13.0,7.3,181.0,,,15.7,,,,,2025-08-27 08:56:00
,,,0.9,13.0,7.3,187.0,,,15.7,,,,,2025-08-27 09:26:00
,,,0.9,13.0,7.0,189.0,,,15.6,,,,,2025-08-27 09:56:00
,,,0.8,14.0,7.1,177.0,,,15.6,,,,,2025-08-27 10:26:00
,,,0.9,17.0,7.3,189.0,,,15.5,,,,,2025-08-27 10:56:00
,,,0.9,14.0,7.2,184.0,,,15.5,,,,,2025-08-27 11:26:00
,,,0.9,13.0,7.5,187.0,,,15.4,,,,,2025-08-27 11:56:00
,,,0.9,17.0,7.2,196.0,,,15.5,,,,,2025-08-27 12:26:00
,,,0.9,17.0,7.6,187.0,,,15.5,,,,,2025-08-27 12:56:00
,,,0.8,18.0,7.6,180.0,,,15.4,,,,,2025-08-27 13:26:00
,,,0.8,13.0,7.6,184.0,,,15.4,,,,,2025-08-27 13:56:00
,,,0.8,13.0,7.9,188.0,,,15.4,,,,,2025-08-27 14:26:00
,,,0.8,17.0,8.0,187.0,,,15.3,,,,,2025-08-27 14:56:00
,,,0.8,18.0,8.3,177.0,,,15.3,,,,,2025-08-27 15:26:00
,,,0.8,13.0,8.1,194.0,,,15.2,,,,,2025-08-27 15:56:00
,,,0.8,17.0,7.6,194.0,,,15.2,,,,,2025-08-27 16:26:00
,,,0.8,13.0,7.6,187.0,,,15.3,,,,,2025-08-27 16:56:00
,,,0.8,17.0,7.9,199.0,,,15.3,,,,,2025-08-27 17:26:00
,,,0.8,17.0,7.4,199.0,,,15.3,,,,,2025-08-27 17:56:00
,,,0.8,13.0,7.0,178.0,,,15.2,,,,,2025-08-27 18:26:00
,,,0.8,17.0,7.6,182.0,,,15.3,,,,,2025-08-27 18:56:00
,,,0.8,13.0,6.5,175.0,,,15.4,,,,,2025-08-27 19:26:00
,,,0.8,13.0,6.6,192.0,,,15.5,,,,,2025-08-27 19:56:00
,,,0.9,17.0,6.8,196.0,,,15.5,,,,,2025-08-27 20:26:00
,,,0.9,17.0,7.1,188.0,,,15.6,,,,,2025-08-27 20:56:00
,,,0.9,17.0,6.9,199.0,,,15.6,,,,,2025-08-27 21:26:00
,,,0.9,13.0,6.6,189.0,,,15.7,,,,,2025-08-27 21:56:00
,,,0.9,13.0,6.1,192.0,,,15.7,,,,,2025-08-27 22:26:00
,,,1.0,17.0,6.3,196.0,,,15.7,,,,,2025-08-27 22:56:00
,,,1.0,17.0,6.2,202.0,,,15.7,,,,,2025-08-27 23:26:00
,,,0.9,17.0,5.8,195.0,,,15.6,,,,,2025-08-27 23:56:00
,,,1.0,13.0,5.9,191.0,,,15.7,,,,,2025-08-28 00:26:00
,,,0.9,13.0,5.5,191.0,,,15.7,,,,,2025-08-28 00:56:00
,,,0.9,17.0,5.4,185.0,,,15.6,,,,,2025-08-28 01:26:00
,,,0.9,13.0,5.1,177.0,,,15.5,,,,,2025-08-28 01:56:00
,,,0.9,17.0,5.0,181.0,,,15.5,,,,,2025-08-28 02:26:00
,,,0.9,13.0,5.2,170.0,,,15.5,,,,,2025-08-28 02:56:00
,,,0.9,17.0,5.1,191.0,,,15.4,,,,,2025-08-28 03:26:00
,,,0.9,17.0,5.2,180.0,,,15.4,,,,,2025-08-28 03:56:00
,,,1.0,17.0,5.2,189.0,,,15.4,,,,,2025-08-28 04:26:00
,,,1.0,15.0,5.2,174.0,,,15.4,,,,,2025-08-28 04:56:00
,,,1.0,17.0,5.3,181.0,,,15.4,,,,,2025-08-28 05:26:00
,,,1.0,18.0,5.5,157.0,,,15.4,,,,,2025-08-28 05:56:00
,,,1.0,18.0,5.1,153.0,,,15.3,,,,,2025-08-28 06:26:00
,,,1.0,17.0,5.3,174.0,,,15.3,,,,,2025-08-28 06:56:00
,,,1.0,17.0,5.1,178.0,,,15.3,,,,,2025-08-28 07:26:00
,,,1.1,14.0,4.7,163.0,,,15.3,,,,,2025-08-28 07:56:00
,,,1.2,15.0,5.0,180.0,,,15.3,,,,,2025-08-28 08:26:00
,,,1.1,14.0,5.0,177.0,,,15.2,,,,,2025-08-28 08:56:00
,,,1.1,18.0,5.1,165.0,,,15.2,,,,,2025-08-28 09:26:00
,,,1.2,15.0,4.8,185.0,,,15.1,,,,,2025-08-28 09:56:00
,,,1.2,13.0,4.9,182.0,,,15.1,,,,,2025-08-28 10:26:00
,,,1.2,14.0,5.0,180.0,,,15.1,,,,,2025-08-28 10:56:00
,,,1.2,14.0,5.2,174.0,,,15.1,,,,,2025-08-28 11:26:00
,,,1.2,17.0,5.1,184.0,,,15.1,,,,,2025-08-28 11:56:00
,,,1.2,5.0,5.1,234.0,,,15.1,,,,,2025-08-28 12:26:00
,,,1.2,13.0,5.2,168.0,,,15.1,,,,,2025-08-28 12:56:00
,,,1.2,5.0,5.1,233.0,,,15.1,,,,,2025-08-28 13:26:00
,,,1.2,11.0,5.1,255.0,,,15.1,,,,,2025-08-28 13:56:00
,,,1.3,10.0,5.4,274.0,,,15.1,,,,,2025-08-28 14:26:00
,,,1.2,14.0,5.5,181.0,,,15.1,,,,,2025-08-28 14:56:00
,,,1.2,10.0,5.3,289.0,,,15.1,,,,,2025-08-28 15:26:00
,,,1.2,10.0,5.7,272.0,,,15.2,,,,,2025-08-28 15:56:00
,,,1.2,11.0,5.8,274.0,,,15.2,,,,,2025-08-28 16:26:00
,,,1.3,11.0,6.1,270.0,,,15.2,,,,,2025-08-28 16:56:00
,,,1.2,15.0,6.2,178.0,,,15.2,,,,,2025-08-28 17:26:00
,,,1.2,10.0,6.3,272.0,,,15.3,,,,,2025-08-28 17:56:00
,,,1.2,9.0,5.9,271.0,,,15.3,,,,,2025-08-28 18:26:00
,,,1.2,10.0,6.3,272.0,,,15.3,,,,,2025-08-28 18:56:00
,,,1.3,10.0,6.5,270.0,,,15.3,,,,,2025-08-28 19:26:00
,,,1.3,15.0,6.2,202.0,,,15.3,,,,,2025-08-28 19:56:00
,,,1.3,9.0,5.9,274.0,,,15.3,,,,,2025-08-28 20:26:00
,,,1.4,9.0,5.8,265.0,,,15.3,,,,,2025-08-28 20:56:00
,,,1.5,9.0,5.9,271.0,,,15.3,,,,,2025-08-28 21:26:00
,,,1.5,9.0,6.2,265.0,,,15.3,,,,,2025-08-28 21:56:00
,,,1.5,9.0,6.1,268.0,,,15.4,,,,,2025-08-28 22:26:00
,,,1.6,8.0,6.1,265.0,,,15.4,,,,,2025-08-28 22:56:00
,,,1.6,9.0,6.2,271.0,,,15.4,,,,,2025-08-28 23:26:00
,,,1.6,9.0,6.3,268.0,,,15.4,,,,,2025-08-28 23:56:00
,,,1.7,8.0,6.2,271.0,,,15.4,,,,,2025-08-29 00:26:00
,,,1.7,9.0,6.2,270.0,,,15.4,,,,,2025-08-29 00:56:00
,,,1.6,9.0,6.2,271.0,,,15.4,,,,,2025-08-29 01:26:00
,,,1.6,9.0,6.0,274.0,,,15.5,,,,,2025-08-29 01:56:00
,,,1.6,9.0,6.1,270.0,,,15.5,,,,,2025-08-29 02:26:00
,,,1.6,8.0,6.2,274.0,,,15.5,,,,,2025-08-29 02:56:00
,,,1.5,8.0,6.7,275.0,,,15.6,,,,,2025-08-29 03:26:00
,,,1.5,9.0,6.6,271.0,,,15.6,,,,,2025-08-29 03:56:00
,,,1.5,9.0,6.8,275.0,,,15.5,,,,,2025-08-29 04:26:00
,,,1.5,9.0,6.8,274.0,,,15.5,,,,,2025-08-29 04:56:00
,,,1.4,9.0,6.6,271.0,,,15.5,,,,,2025-08-29 05:26:00
,,,1.3,10.0,7.0,264.0,,,15.5,,,,,2025-08-29 05:56:00
,,,1.5,9.0,7.4,270.0,,,15.5,,,,,2025-08-29 06:26:00
,,,1.5,9.0,7.4,270.0,,,15.5,,,,,2025-08-29 06:56:00
,,,1.5,9.0,7.0,274.0,,,15.5,,,,,2025-08-29 07:26:00
,,,1.5,9.0,7.2,271.0,,,15.5,,,,,2025-08-29 07:56:00
,,,1.5,10.0,7.1,264.0,,,15.4,,,,,2025-08-29 08:26:00
,,,1.5,9.0,7.0,265.0,,,15.4,,,,,2025-08-29 08:56:00
,,,1.5,9.0,6.7,265.0,,,15.4,,,,,2025-08-29 09:26:00
,,,1.6,9.0,6.9,265.0,,,15.4,,,,,2025-08-29 09:56:00
,,,1.6,9.0,6.8,267.0,,,15.4,,,,,2025-08-29 10:26:00
,,,1.7,9.0,6.8,267.0,,,15.4,,,,,2025-08-29 10:56:00
,,,1.7,9.0,7.2,264.0,,,15.3,,,,,2025-08-29 11:26:00
,,,1.6,9.0,6.9,264.0,,,15.4,,,,,2025-08-29 11:56:00
,,,1.7,9.0,6.9,261.0,,,15.3,,,,,2025-08-29 12:26:00
,,,1.7,9.0,6.9,255.0,,,15.3,,,,,2025-08-29 12:56:00
,,,1.6,9.0,6.8,258.0,,,15.4,,,,,2025-08-29 13:26:00
,,,1.7,9.0,6.9,258.0,,,15.4,,,,,2025-08-29 13:56:00
,,,1.6,9.0,6.6,261.0,,,15.4,,,,,2025-08-29 14:26:00
,,,1.6,9.0,6.9,261.0,,,15.4,,,,,2025-08-29 14:56:00
,,,1.8,9.0,7.0,263.0,,,15.4,,,,,2025-08-29 15:26:00
,,,1.7,10.0,6.7,263.0,,,15.4,,,,,2025-08-29 15:56:00
,,,1.6,10.0,6.6,250.0,,,15.4,,,,,2025-08-29 16:26:00
,,,1.6,10.0,7.0,260.0,,,15.4,,,,,2025-08-29 16:56:00
,,,1.6,9.0,6.7,264.0,,,15.4,,,,,2025-08-29 17:26:00
,,,1.5,10.0,6.7,254.0,,,15.4,,,,,2025-08-29 17:56:00
,,,1.5,10.0,6.7,254.0,,,15.4,,,,,2025-08-29 18:26:00
,,,1.5,10.0,6.8,251.0,,,15.3,,,,,2025-08-29 18:56:00
,,,1.5,10.0,6.7,264.0,,,15.3,,,,,2025-08-29 19:26:00
,,,1.4,9.0,6.7,260.0,,,15.3,,,,,2025-08-29 19:56:00
,,,1.4,9.0,6.3,257.0,,,15.3,,,,,2025-08-29 20:26:00
,,,1.4,9.0,6.4,263.0,,,15.4,,,,,2025-08-29 20:56:00
,,,1.4,9.0,6.4,254.0,,,15.3,,,,,2025-08-29 21:26:00
,,,1.4,9.0,6.4,253.0,,,15.4,,,,,2025-08-29 21:56:00
,,,1.4,9.0,6.3,250.0,,,15.4,,,,,2025-08-29 22:26:00
,,,1.4,10.0,6.7,239.0,,,15.5,,,,,2025-08-29 22:56:00
,,,1.3,10.0,6.5,239.0,,,15.5,,,,,2025-08-29 23:26:00
,,,1.4,9.0,6.6,246.0,,,15.6,,,,,2025-08-29 23:56:00
,,,1.3,9.0,6.6,244.0,,,15.6,,,,,2025-08-30 00:26:00
,,,1.4,10.0,6.6,240.0,,,15.6,,,,,2025-08-30 00:56:00
,,,1.5,10.0,6.6,246.0,,,15.6,,,,,2025-08-30 01:26:00
,,,1.5,9.0,6.7,248.0,,,15.6,,,,,2025-08-30 01:56:00
,,,1.4,10.0,6.7,244.0,,,15.6,,,,,2025-08-30 02:26:00
,,,1.5,10.0,6.6,253.0,,,15.5,,,,,2025-08-30 02:56:00
,,,1.3,10.0,6.2,255.0,,,15.5,,,,,2025-08-30 03:26:00
,,,1.3,10.0,6.2,255.0,,,15.5,,,,,2025-08-30 03:56:00
,,,1.3,10.0,6.1,258.0,,,15.5,,,,,2025-08-30 04:26:00
,,,1.4,9.0,6.0,251.0,,,15.5,,,,,2025-08-30 04:56:00
,,,1.4,10.0,6.0,253.0,,,15.5,,,,,2025-08-30 05:26:00
,,,1.3,9.0,5.5,258.0,,,15.5,,,,,2025-08-30 05:56:00
,,,1.3,9.0,5.7,257.0,,,15.5,,,,,2025-08-30 06:26:00
,,,1.4,9.0,5.6,265.0,,,15.5,,,,,2025-08-30 06:56:00
,,,1.4,9.0,5.5,258.0,,,15.5,,,,,2025-08-30 07:26:00
,,,1.4,9.0,5.4,251.0,,,15.4,,,,,2025-08-30 07:56:00
,,,1.4,9.0,5.5,260.0,,,15.5,,,,,2025-08-30 08:26:00
,,,1.4,8.0,5.4,263.0,,,15.5,,,,,2025-08-30 08:56:00
,,,1.4,8.0,5.4,261.0,,,15.5,,,,,2025-08-30 09:26:00
,,,1.4,8.0,5.4,261.0,,,15.5,,,,,2025-08-30 09:56:00
,,,1.4,9.0,5.5,258.0,,,15.5,,,,,2025-08-30 10:26:00
,,,1.4,5.0,5.3,113.0,,,15.5,,,,,2025-08-30 10:56:00
,,,1.4,5.0,5.3,99.0,,,15.5,,,,,2025-08-30 11:26:00
,,,1.4,8.0,5.2,268.0,,,15.5,,,,,2025-08-30 11:56:00
,,,1.5,5.0,5.3,112.0,,,15.5,,,,,2025-08-30 12:26:00
,,,1.4,5.0,5.2,92.0,,,15.5,,,,,2025-08-30 12:56:00
,,,1.5,5.0,5.3,102.0,,,15.5,,,,,2025-08-30 13:26:00
,,,1.4,6.0,5.3,108.0,,,15.5,,,,,2025-08-30 13:56:00
,,,1.4,6.0,5.5,109.0,,,15.5,,,,,2025-08-30 14:26:00
,,,1.4,17.0,5.4,164.0,,,15.5,,,,,2025-08-30 14:56:00
,,,1.4,6.0,5.4,94.0,,,15.5,,,,,2025-08-30 15:26:00
,,,1.4,5.0,5.4,106.0,,,15.5,,,,,2025-08-30 15:56:00
,,,1.5,6.0,5.5,98.0,,,15.5,,,,,2025-08-30 16:26:00
,,,1.5,6.0,5.3,98.0,,,15.5,,,,,2025-08-30 16:56:00
,,,1.5,17.0,5.7,160.0,,,15.4,,,,,2025-08-30 17:26:00
,,,1.6,6.0,5.4,99.0,,,15.4,,,,,2025-08-30 17:56:00
,,,1.5,6.0,5.4,95.0,,,15.5,,,,,2025-08-30 18:26:00
,,,1.5,6.0,5.5,92.0,,,15.5,,,,,2025-08-30 18:56:00
,,,1.5,6.0,5.3,98.0,,,15.5,,,,,2025-08-30 19:26:00
,,,1.5,6.0,5.5,94.0,,,15.5,,,,,2025-08-30 19:56:00
,,,1.5,6.0,5.4,95.0,,,15.5,,,,,2025-08-30 20:26:00
,,,1.5,6.0,5.7,98.0,,,15.5,,,,,2025-08-30 20:56:00
,,,1.5,17.0,5.8,150.0,,,15.5,,,,,2025-08-30 21:26:00
,,,1.5,8.0,5.4,279.0,,,15.5,,,,,2025-08-30 21:56:00
,,,1.5,6.0,5.5,91.0,,,15.5,,,,,2025-08-30 22:26:00
,,,1.6,6.0,5.7,87.0,,,15.5,,,,,2025-08-30 22:56:00
,,,1.5,9.0,5.8,282.0,,,15.5,,,,,2025-08-30 23:26:00
,,,1.7,8.0,6.0,293.0,,,15.5,,,,,2025-08-30 23:56:00
,,,1.6,7.0,6.1,80.0,,,15.5,,,,,2025-08-31 00:26:00
,,,1.6,6.0,5.9,88.0,,,15.5,,,,,2025-08-31 00:56:00
,,,1.5,7.0,6.1,91.0,,,15.5,,,,,2025-08-31 01:26:00
,,,1.5,7.0,6.0,74.0,,,15.5,,,,,2025-08-31 01:56:00
,,,1.6,7.0,5.8,95.0,,,15.5,,,,,2025-08-31 02:26:00
,,,1.6,7.0,5.9,78.0,,,15.5,,,,,2025-08-31 02:56:00
,,,1.5,7.0,5.8,60.0,,,15.5,,,,,2025-08-31 03:26:00
,,,1.5,17.0,6.2,168.0,,,15.5,,,,,2025-08-31 03:56:00
,,,1.5,7.0,5.7,78.0,,,15.4,,,,,2025-08-31 04:26:00
,,,1.6,17.0,6.0,158.0,,,15.4,,,,,2025-08-31 04:56:00
,,,1.6,7.0,5.8,80.0,,,15.4,,,,,2025-08-31 05:26:00
,,,1.6,8.0,5.7,39.0,,,15.4,,,,,2025-08-31 05:56:00
,,,1.5,7.0,5.7,52.0,,,15.4,,,,,2025-08-31 06:26:00
,,,1.6,7.0,5.6,68.0,,,15.4,,,,,2025-08-31 06:56:00
,,,1.6,17.0,5.6,170.0,,,15.4,,,,,2025-08-31 07:26:00
,,,1.5,17.0,5.6,153.0,,,15.4,,,,,2025-08-31 07:56:00
,,,1.5,7.0,5.6,74.0,,,15.5,,,,,2025-08-31 08:26:00
,,,1.6,7.0,5.8,71.0,,,15.5,,,,,2025-08-31 08:56:00
,,,1.5,7.0,5.6,67.0,,,15.5,,,,,2025-08-31 09:26:00
,,,1.4,6.0,5.6,68.0,,,15.4,,,,,2025-08-31 09:56:00
,,,1.5,7.0,5.8,70.0,,,15.4,,,,,2025-08-31 10:26:00
,,,1.4,7.0,5.7,49.0,,,15.4,,,,,2025-08-31 10:56:00
,,,1.4,15.0,5.6,173.0,,,15.4,,,,,2025-08-31 11:26:00
,,,1.4,15.0,5.9,154.0,,,15.4,,,,,2025-08-31 11:56:00
,,,1.3,15.0,5.9,171.0,,,15.4,,,,,2025-08-31 12:26:00
,,,1.3,15.0,5.8,161.0,,,15.4,,,,,2025-08-31 12:56:00
,,,1.3,15.0,5.9,182.0,,,15.4,,,,,2025-08-31 13:26:00
,,,1.3,15.0,6.0,161.0,,,15.4,,,,,2025-08-31 13:56:00
,,,1.2,15.0,5.6,168.0,,,15.4,,,,,2025-08-31 14:26:00
,,,1.2,7.0,5.8,322.0,,,15.4,,,,,2025-08-31 14:56:00
,,,1.3,17.0,6.0,181.0,,,15.4,,,,,2025-08-31 15:26:00
,,,1.1,17.0,5.6,195.0,,,15.4,,,,,2025-08-31 15:56:00
,,,1.2,17.0,5.8,180.0,,,15.4,,,,,2025-08-31 16:26:00
,,,1.1,15.0,6.0,177.0,,,15.4,,,,,2025-08-31 16:56:00
,,,1.1,15.0,6.0,168.0,,,15.4,,,,,2025-08-31 17:26:00
,,,1.2,15.0,6.2,158.0,,,15.4,,,,,2025-08-31 17:56:00
,,,1.1,15.0,5.8,161.0,,,15.4,,,,,2025-08-31 18:26:00
,,,1.2,15.0,5.9,171.0,,,15.4,,,,,2025-08-31 18:56:00
,,,1.2,17.0,5.9,163.0,,,15.4,,,,,2025-08-31 19:26:00
,,,1.2,17.0,6.0,156.0,,,15.4,,,,,2025-08-31 19:56:00
,,,1.2,14.0,6.0,157.0,,,15.4,,,,,2025-08-31 20:26:00
,,,1.2,17.0,6.5,180.0,,,15.5,,,,,2025-08-31 20:56:00
,,,1.2,15.0,6.3,164.0,,,15.5,,,,,2025-08-31 21:26:00
,,,1.3,15.0,6.0,157.0,,,15.5,,,,,2025-08-31 21:56:00
,,,1.3,15.0,6.8,168.0,,,15.5,,,,,2025-08-31 22:26:00
,,,1.2,14.0,6.2,147.0,,,15.5,,,,,2025-08-31 22:56:00
,,,1.2,17.0,6.2,187.0,,,15.5,,,,,2025-08-31 23:56:00
,,,1.3,17.0,6.3,175.0,,,15.6,,,,,2025-09-01 00:26:00
,,,1.2,7.0,6.0,194.0,,,15.6,,,,,2025-09-01 00:56:00
,,,1.2,15.0,6.2,160.0,,,15.6,,,,,2025-09-01 01:26:00
,,,1.3,15.0,6.4,182.0,,,15.5,,,,,2025-09-01 01:56:00
,,,1.2,15.0,6.2,188.0,,,15.5,,,,,2025-09-01 02:26:00
,,,1.2,15.0,6.1,173.0,,,15.5,,,,,2025-09-01 02:56:00
,,,1.1,15.0,6.0,171.0,,,15.5,,,,,2025-09-01 03:26:00
,,,1.2,15.0,6.2,185.0,,,15.5,,,,,2025-09-01 03:56:00
,,,1.1,14.0,5.9,164.0,,,15.5,,,,,2025-09-01 04:26:00
,,,1.1,15.0,6.3,188.0,,,15.5,,,,,2025-09-01 04:56:00
,,,1.1,15.0,6.1,180.0,,,15.5,,,,,2025-09-01 05:26:00
,,,1.1,15.0,6.1,184.0,,,15.5,,,,,2025-09-01 05:56:00
,,,1.1,14.0,6.3,209.0,,,15.5,,,,,2025-09-01 06:26:00
,,,1.1,15.0,6.1,210.0,,,15.5,,,,,2025-09-01 06:56:00
,,,1.2,14.0,6.8,153.0,,,15.5,,,,,2025-09-01 07:26:00
,,,1.1,15.0,7.0,171.0,,,15.5,,,,,2025-09-01 07:56:00
,,,1.1,14.0,6.8,184.0,,,15.5,,,,,2025-09-01 08:26:00
,,,1.1,15.0,6.6,165.0,,,15.5,,,,,2025-09-01 08:56:00
,,,1.1,14.0,6.9,201.0,,,15.5,,,,,2025-09-01 09:26:00
,,,1.2,17.0,7.0,165.0,,,15.5,,,,,2025-09-01 09:56:00
,,,1.2,13.0,6.9,250.0,,,15.5,,,,,2025-09-01 10:26:00
,,,1.0,15.0,6.5,182.0,,,15.5,,,,,2025-09-01 10:56:00
,,,1.1,13.0,6.7,220.0,,,15.5,,,,,2025-09-01 11:26:00
,,,1.2,17.0,7.4,203.0,,,15.5,,,,,2025-09-01 12:26:00
,,,1.2,14.0,7.2,165.0,,,15.5,,,,,2025-09-01 12:56:00
,,,1.2,14.0,7.8,175.0,,,15.5,,,,,2025-09-01 13:26:00
,,,1.2,17.0,7.4,251.0,,,15.5,,,,,2025-09-01 13:56:00
,,,1.3,15.0,8.2,203.0,,,15.5,,,,,2025-09-01 14:26:00
,,,1.5,12.0,8.5,282.0,,,15.5,,,,,2025-09-01 14:56:00
,,,1.4,11.0,7.8,281.0,,,15.5,,,,,2025-09-01 15:26:00
,,,1.3,15.0,7.4,216.0,,,15.5,,,,,2025-09-01 15:56:00
,,,1.4,11.0,8.1,282.0,,,15.5,,,,,2025-09-01 16:26:00
,,,1.5,12.0,8.6,281.0,,,15.5,,,,,2025-09-01 16:56:00
,,,1.6,12.0,8.9,277.0,,,15.5,,,,,2025-09-01 17:26:00
,,,1.5,17.0,8.8,254.0,,,15.5,,,,,2025-09-01 17:56:00
,,,1.4,13.0,8.5,275.0,,,15.5,,,,,2025-09-01 18:26:00
,,,1.5,12.0,8.9,279.0,,,15.5,,,,,2025-09-01 18:56:00
,,,1.5,12.0,8.8,278.0,,,15.5,,,,,2025-09-01 19:26:00
,,,1.6,11.0,8.7,281.0,,,15.5,,,,,2025-09-01 19:56:00
,,,1.6,13.0,8.7,268.0,,,15.5,,,,,2025-09-01 20:26:00
,,,1.6,12.0,9.1,281.0,,,15.6,,,,,2025-09-01 20:56:00
,,,1.6,12.0,8.8,279.0,,,15.6,,,,,2025-09-01 21:26:00
,,,1.6,12.0,9.0,270.0,,,15.6,,,,,2025-09-01 21:56:00
,,,1.6,12.0,9.4,274.0,,,15.6,,,,,2025-09-01 22:26:00
,,,1.5,11.0,8.5,272.0,,,15.7,,,,,2025-09-01 22:56:00
,,,1.6,11.0,9.0,274.0,,,15.7,,,,,2025-09-01 23:26:00
,,,1.4,13.0,8.8,263.0,,,15.7,,,,,2025-09-01 23:56:00
,,,1.5,13.0,9.2,264.0,,,15.8,,,,,2025-09-02 00:26:00
,,,1.4,14.0,8.3,229.0,,,15.8,,,,,2025-09-02 00:56:00
,,,1.5,14.0,8.9,244.0,,,15.8,,,,,2025-09-02 01:26:00
,,,1.5,11.0,8.3,271.0,,,15.8,,,,,2025-09-02 01:56:00
,,,1.5,14.0,9.0,272.0,,,15.7,,,,,2025-09-02 02:26:00
,,,1.7,12.0,9.1,278.0,,,15.8,,,,,2025-09-02 02:56:00
,,,1.7,13.0,9.5,278.0,,,15.7,,,,,2025-09-02 03:26:00
,,,1.7,13.0,9.5,271.0,,,15.7,,,,,2025-09-02 03:56:00
,,,1.7,13.0,9.4,274.0,,,15.7,,,,,2025-09-02 04:26:00
,,,1.7,13.0,9.1,260.0,,,15.7,,,,,2025-09-02 04:56:00
,,,1.5,11.0,8.7,279.0,,,15.7,,,,,2025-09-02 05:26:00
,,,1.7,13.0,9.3,270.0,,,15.7,,,,,2025-09-02 05:56:00
,,,1.7,13.0,9.4,247.0,,,15.6,,,,,2025-09-02 06:26:00
,,,1.5,13.0,8.7,257.0,,,15.6,,,,,2025-09-02 06:56:00
,,,1.6,14.0,9.3,268.0,,,15.6,,,,,2025-09-02 07:26:00
,,,1.6,10.0,9.3,275.0,,,15.6,,,,,2025-09-02 07:56:00
,,,1.6,15.0,9.2,263.0,,,15.6,,,,,2025-09-02 08:26:00
,,,1.7,14.0,9.6,281.0,,,15.6,,,,,2025-09-02 08:56:00
,,,1.7,11.0,9.7,272.0,,,15.6,,,,,2025-09-02 09:26:00
,,,1.7,11.0,9.6,279.0,,,15.6,,,,,2025-09-02 09:56:00
,,,1.7,10.0,9.2,272.0,,,15.6,,,,,2025-09-02 10:26:00
,,,1.8,11.0,9.6,271.0,,,15.5,,,,,2025-09-02 10:56:00
,,,1.8,14.0,9.8,271.0,,,15.5,,,,,2025-09-02 11:26:00
,,,1.7,14.0,9.8,267.0,,,15.5,,,,,2025-09-02 11:56:00
,,,1.6,13.0,9.2,232.0,,,15.5,,,,,2025-09-02 12:26:00
,,,1.6,14.0,9.2,250.0,,,15.6,,,,,2025-09-02 12:56:00
,,,1.7,14.0,9.0,261.0,,,15.6,,,,,2025-09-02 13:26:00
,,,1.7,14.0,9.1,261.0,,,15.6,,,,,2025-09-02 13:56:00
,,,1.7,13.0,8.9,264.0,,,15.6,,,,,2025-09-02 14:26:00
,,,1.5,13.0,8.0,270.0,,,15.6,,,,,2025-09-02 14:56:00
,,,1.8,13.0,8.9,267.0,,,15.6,,,,,2025-09-02 15:26:00
,,,1.8,13.0,8.7,284.0,,,15.6,,,,,2025-09-02 15:56:00
,,,1.6,13.0,8.1,285.0,,,15.6,,,,,2025-09-02 16:26:00
,,,1.7,13.0,7.6,263.0,,,15.6,,,,,2025-09-02 16:56:00
,,,1.7,12.0,7.9,267.0,,,15.6,,,,,2025-09-02 17:26:00
,,,1.8,12.0,8.0,260.0,,,15.6,,,,,2025-09-02 17:56:00
,,,1.7,11.0,7.8,247.0,,,15.6,,,,,2025-09-02 18:26:00
,,,1.7,12.0,7.3,258.0,,,15.6,,,,,2025-09-02 18:56:00
,,,1.8,13.0,7.4,264.0,,,15.6,,,,,2025-09-02 19:26:00
,,,1.6,10.0,7.3,216.0,,,15.6,,,,,2025-09-02 19:56:00
,,,1.8,13.0,7.5,268.0,,,15.6,,,,,2025-09-02 20:26:00
,,,1.8,11.0,7.2,246.0,,,15.6,,,,,2025-09-02 20:56:00
,,,1.9,12.0,7.6,240.0,,,15.5,,,,,2025-09-02 21:26:00
,,,1.9,11.0,7.2,237.0,,,15.5,,,,,2025-09-02 21:56:00
,,,2.0,13.0,7.4,267.0,,,15.5,,,,,2025-09-02 22:26:00
,,,1.8,11.0,7.1,247.0,,,15.5,,,,,2025-09-02 22:56:00
,,,1.9,11.0,7.0,271.0,,,15.5,,,,,2025-09-02 23:26:00
,,,1.9,13.0,7.2,254.0,,,15.5,,,,,2025-09-02 23:56:00
,,,2.0,11.0,7.1,255.0,,,15.5,,,,,2025-09-03 00:26:00
,,,2.0,11.0,6.9,253.0,,,15.5,,,,,2025-09-03 00:56:00
,,,2.0,12.0,7.0,264.0,,,15.5,,,,,2025-09-03 01:26:00
,,,2.0,15.0,7.1,194.0,,,15.5,,,,,2025-09-03 01:56:00
,,,1.9,13.0,6.9,260.0,,,15.5,,,,,2025-09-03 02:26:00
,,,2.0,13.0,6.9,244.0,,,15.5,,,,,2025-09-03 02:56:00
,,,2.0,10.0,6.8,230.0,,,15.5,,,,,2025-09-03 03:26:00
,,,1.9,10.0,6.7,236.0,,,15.5,,,,,2025-09-03 03:56:00
,,,1.9,10.0,6.4,246.0,,,15.5,,,,,2025-09-03 04:26:00
,,,1.9,13.0,6.5,261.0,,,15.5,,,,,2025-09-03 04:56:00
,,,1.9,13.0,6.5,264.0,,,15.5,,,,,2025-09-03 05:26:00
,,,1.9,8.0,6.3,132.0,,,15.5,,,,,2025-09-03 05:56:00
,,,2.0,10.0,6.3,208.0,,,15.5,,,,,2025-09-03 06:26:00
,,,2.0,10.0,6.5,220.0,,,15.5,,,,,2025-09-03 06:56:00
,,,2.0,8.0,6.5,77.0,,,15.5,,,,,2025-09-03 07:26:00
,,,2.1,15.0,6.6,178.0,,,15.5,,,,,2025-09-03 07:56:00
,,,1.9,13.0,6.7,257.0,,,15.5,,,,,2025-09-03 08:26:00
,,,2.0,8.0,6.4,78.0,,,15.5,,,,,2025-09-03 08:56:00
,,,2.0,8.0,6.6,70.0,,,15.5,,,,,2025-09-03 09:26:00
,,,2.1,7.0,6.8,59.0,,,15.5,,,,,2025-09-03 09:56:00
,,,2.0,11.0,6.7,258.0,,,15.4,,,,,2025-09-03 10:26:00
,,,2.0,7.0,6.6,64.0,,,15.4,,,,,2025-09-03 10:56:00
,,,2.0,12.0,6.7,265.0,,,15.4,,,,,2025-09-03 11:26:00
,,,2.1,11.0,6.8,255.0,,,15.4,,,,,2025-09-03 11:56:00
,,,2.0,7.0,6.8,61.0,,,15.4,,,,,2025-09-03 12:26:00
,,,2.0,8.0,6.6,50.0,,,15.3,,,,,2025-09-03 12:56:00
,,,2.0,8.0,6.6,99.0,,,15.3,,,,,2025-09-03 13:26:00
,,,2.1,8.0,6.5,47.0,,,15.3,,,,,2025-09-03 13:56:00
,,,2.1,8.0,6.6,57.0,,,15.3,,,,,2025-09-03 14:26:00
,,,2.0,11.0,6.6,268.0,,,15.3,,,,,2025-09-03 14:56:00
,,,2.0,8.0,6.6,54.0,,,15.3,,,,,2025-09-03 15:26:00
,,,2.1,8.0,6.5,64.0,,,15.3,,,,,2025-09-03 15:56:00
,,,1.9,12.0,6.4,257.0,,,15.4,,,,,2025-09-03 16:26:00
,,,2.0,15.0,6.4,164.0,,,15.3,,,,,2025-09-03 16:56:00
,,,2.1,10.0,6.7,271.0,,,15.4,,,,,2025-09-03 17:26:00
,,,1.9,15.0,6.3,171.0,,,15.4,,,,,2025-09-03 17:56:00
,,,2.0,9.0,6.5,184.0,,,15.4,,,,,2025-09-03 18:26:00
,,,2.0,8.0,6.4,22.0,,,15.4,,,,,2025-09-03 18:56:00
,,,2.0,11.0,6.5,267.0,,,15.4,,,,,2025-09-03 19:26:00
,,,2.1,7.0,6.4,59.0,,,15.4,,,,,2025-09-03 19:56:00
,,,2.0,8.0,6.4,57.0,,,15.4,,,,,2025-09-03 20:26:00
,,,2.0,8.0,6.5,59.0,,,15.4,,,,,2025-09-03 20:56:00
,,,1.9,8.0,6.2,60.0,,,15.4,,,,,2025-09-03 21:26:00
,,,2.0,8.0,6.5,67.0,,,15.4,,,,,2025-09-03 21:56:00
,,,1.9,11.0,6.6,270.0,,,15.4,,,,,2025-09-03 22:26:00
,,,1.9,8.0,6.3,75.0,,,15.4,,,,,2025-09-03 22:56:00
,,,2.0,8.0,6.4,74.0,,,15.4,,,,,2025-09-03 23:26:00
,,,1.9,8.0,6.5,56.0,,,15.5,,,,,2025-09-03 23:56:00
,,,1.9,8.0,6.3,59.0,,,15.5,,,,,2025-09-04 00:26:00
,,,2.0,8.0,6.6,56.0,,,15.5,,,,,2025-09-04 00:56:00
,,,1.9,7.0,6.5,56.0,,,15.5,,,,,2025-09-04 01:26:00
,,,1.9,8.0,6.5,59.0,,,15.5,,,,,2025-09-04 01:56:00
,,,1.8,7.0,6.2,59.0,,,15.5,,,,,2025-09-04 02:26:00
,,,1.8,7.0,6.1,52.0,,,15.5,,,,,2025-09-04 02:56:00
,,,1.8,7.0,6.1,47.0,,,15.5,,,,,2025-09-04 03:26:00
,,,1.8,8.0,6.0,63.0,,,15.5,,,,,2025-09-04 03:56:00
,,,1.8,8.0,6.4,52.0,,,15.5,,,,,2025-09-04 04:26:00
,,,1.7,6.0,6.1,46.0,,,15.5,,,,,2025-09-04 04:56:00
,,,1.7,7.0,6.3,46.0,,,15.4,,,,,2025-09-04 05:26:00
,,,1.6,7.0,6.4,54.0,,,15.4,,,,,2025-09-04 05:56:00
,,,1.7,15.0,6.6,161.0,,,15.4,,,,,2025-09-04 06:26:00
,,,1.6,15.0,6.7,154.0,,,15.4,,,,,2025-09-04 06:56:00
,,,1.5,15.0,6.5,161.0,,,15.4,,,,,2025-09-04 07:26:00
,,,1.6,14.0,6.7,165.0,,,15.4,,,,,2025-09-04 07:56:00
,,,1.5,7.0,6.7,46.0,,,15.4,,,,,2025-09-04 08:26:00
,,,1.5,9.0,6.5,195.0,,,15.4,,,,,2025-09-04 08:56:00
,,,1.5,7.0,6.7,42.0,,,15.4,,,,,2025-09-04 09:26:00
,,,1.5,11.0,6.7,205.0,,,15.4,,,,,2025-09-04 09:56:00
,,,1.6,8.0,6.9,49.0,,,15.4,,,,,2025-09-04 10:26:00
,,,1.5,10.0,6.8,191.0,,,15.4,,,,,2025-09-04 10:56:00
,,,1.6,7.0,6.6,46.0,,,15.4,,,,,2025-09-04 11:26:00
,,,1.6,14.0,6.9,161.0,,,15.4,,,,,2025-09-04 11:56:00
,,,1.5,7.0,6.4,47.0,,,15.4,,,,,2025-09-04 12:26:00
,,,1.6,7.0,6.5,49.0,,,15.4,,,,,2025-09-04 12:56:00
,,,1.5,7.0,6.8,47.0,,,15.4,,,,,2025-09-04 13:26:00
,,,1.6,7.0,6.6,49.0,,,15.4,,,,,2025-09-04 13:56:00
,,,1.5,13.0,6.8,170.0,,,15.4,,,,,2025-09-04 14:26:00
,,,1.6,6.0,6.7,42.0,,,15.4,,,,,2025-09-04 14:56:00
,,,1.4,15.0,6.9,160.0,,,15.4,,,,,2025-09-04 15:26:00
,,,1.4,10.0,6.4,188.0,,,15.4,,,,,2025-09-04 15:56:00
,,,1.4,7.0,6.3,47.0,,,15.4,,,,,2025-09-04 16:26:00
,,,1.3,14.0,6.9,171.0,,,15.4,,,,,2025-09-04 16:56:00
,,,1.3,14.0,6.7,168.0,,,15.4,,,,,2025-09-04 17:26:00
,,,1.2,14.0,6.6,163.0,,,15.4,,,,,2025-09-04 17:56:00
,,,1.3,14.0,6.8,153.0,,,15.4,,,,,2025-09-04 18:26:00
,,,1.2,14.0,7.1,182.0,,,15.5,,,,,2025-09-04 18:56:00
,,,1.2,13.0,7.1,178.0,,,15.5,,,,,2025-09-04 19:26:00
,,,1.2,13.0,7.2,215.0,,,15.5,,,,,2025-09-04 19:56:00
,,,1.2,12.0,7.4,173.0,,,15.5,,,,,2025-09-04 20:26:00
,,,1.2,13.0,7.5,184.0,,,15.6,,,,,2025-09-04 20:56:00
,,,1.2,14.0,7.6,171.0,,,15.6,,,,,2025-09-04 21:26:00
,,,1.1,14.0,7.5,210.0,,,15.6,,,,,2025-09-04 21:56:00
,,,1.1,14.0,7.5,173.0,,,15.7,,,,,2025-09-04 22:26:00
,,,1.2,12.0,7.7,246.0,,,15.7,,,,,2025-09-04 22:56:00
,,,1.3,14.0,7.6,199.0,,,15.7,,,,,2025-09-04 23:26:00
,,,1.2,13.0,7.1,216.0,,,15.7,,,,,2025-09-04 23:56:00
,,,1.3,13.0,7.3,219.0,,,15.7,,,,,2025-09-05 00:26:00
,,,1.3,13.0,7.1,220.0,,,15.7,,,,,2025-09-05 00:56:00
,,,1.3,12.0,7.0,240.0,,,15.7,,,,,2025-09-05 01:26:00
,,,1.5,12.0,7.6,232.0,,,15.7,,,,,2025-09-05 01:56:00
,,,1.4,11.0,7.5,263.0,,,15.7,,,,,2025-09-05 02:26:00
,,,1.6,11.0,7.9,260.0,,,15.7,,,,,2025-09-05 02:56:00
,,,1.5,13.0,7.6,264.0,,,15.7,,,,,2025-09-05 03:26:00
,,,1.5,11.0,7.8,264.0,,,15.6,,,,,2025-09-05 03:56:00
,,,1.5,13.0,7.9,257.0,,,15.6,,,,,2025-09-05 04:26:00
,,,1.5,13.0,8.1,247.0,,,15.6,,,,,2025-09-05 04:56:00
,,,1.6,12.0,8.8,263.0,,,15.6,,,,,2025-09-05 05:26:00
,,,1.6,12.0,8.7,261.0,,,15.6,,,,,2025-09-05 05:56:00
,,,1.4,12.0,8.0,261.0,,,15.6,,,,,2025-09-05 06:26:00
,,,1.5,12.0,8.6,272.0,,,15.6,,,,,2025-09-05 06:56:00
,,,1.5,12.0,8.6,267.0,,,15.6,,,,,2025-09-05 07:26:00
,,,1.4,11.0,8.2,260.0,,,15.6,,,,,2025-09-05 07:56:00
,,,1.6,12.0,8.6,264.0,,,15.6,,,,,2025-09-05 08:26:00
,,,1.6,12.0,8.4,268.0,,,15.6,,,,,2025-09-05 08:56:00
,,,1.6,11.0,7.8,264.0,,,15.5,,,,,2025-09-05 09:26:00
,,,1.6,11.0,7.5,260.0,,,15.5,,,,,2025-09-05 09:56:00
,,,1.7,11.0,7.1,268.0,,,15.5,,,,,2025-09-05 10:26:00
,,,1.7,11.0,7.2,267.0,,,15.5,,,,,2025-09-05 10:56:00
,,,1.6,11.0,7.2,271.0,,,15.5,,,,,2025-09-05 11:26:00
,,,1.7,11.0,7.5,271.0,,,15.5,,,,,2025-09-05 11:56:00
,,,1.8,11.0,7.7,270.0,,,15.5,,,,,2025-09-05 12:26:00
,,,1.7,10.0,7.3,270.0,,,15.5,,,,,2025-09-05 12:56:00
,,,1.9,11.0,7.8,274.0,,,15.5,,,,,2025-09-05 13:26:00
,,,1.6,10.0,7.0,272.0,,,15.4,,,,,2025-09-05 13:56:00
,,,1.7,11.0,7.2,257.0,,,15.4,,,,,2025-09-05 14:26:00
,,,1.6,10.0,7.0,270.0,,,15.4,,,,,2025-09-05 14:56:00
,,,1.5,11.0,6.5,279.0,,,15.4,,,,,2025-09-05 15:26:00
,,,1.6,10.0,6.8,263.0,,,15.4,,,,,2025-09-05 15:56:00
,,,1.6,10.0,7.3,272.0,,,15.4,,,,,2025-09-05 16:26:00
,,,1.5,11.0,7.0,285.0,,,15.4,,,,,2025-09-05 16:56:00
,,,1.6,10.0,7.6,274.0,,,15.5,,,,,2025-09-05 17:26:00
,,,1.6,11.0,7.1,268.0,,,15.5,,,,,2025-09-05 17:56:00
,,,1.5,10.0,7.2,281.0,,,15.5,,,,,2025-09-05 18:26:00
,,,1.5,11.0,6.9,268.0,,,15.5,,,,,2025-09-05 18:56:00
,,,1.5,10.0,6.7,271.0,,,15.5,,,,,2025-09-05 19:26:00
,,,1.6,11.0,6.7,271.0,,,15.5,,,,,2025-09-05 19:56:00
,,,1.5,11.0,6.5,260.0,,,15.5,,,,,2025-09-05 20:26:00
,,,1.4,11.0,6.5,277.0,,,15.5,,,,,2025-09-05 20:56:00
,,,1.5,11.0,6.2,279.0,,,15.6,,,,,2025-09-05 21:26:00
,,,1.5,11.0,6.4,268.0,,,15.5,,,,,2025-09-05 21:56:00
,,,1.4,10.0,6.3,267.0,,,15.5,,,,,2025-09-05 22:26:00
,,,1.5,11.0,6.3,271.0,,,15.5,,,,,2025-09-05 22:56:00
,,,1.5,11.0,6.0,265.0,,,15.5,,,,,2025-09-05 23:26:00
,,,1.4,10.0,5.6,267.0,,,15.5,,,,,2025-09-05 23:56:00
,,,1.5,10.0,5.8,268.0,,,15.6,,,,,2025-09-06 00:26:00
,,,1.6,11.0,5.6,270.0,,,15.6,,,,,2025-09-06 00:56:00
,,,1.6,10.0,5.5,274.0,,,15.5,,,,,2025-09-06 01:26:00
,,,1.6,10.0,5.8,277.0,,,15.6,,,,,2025-09-06 01:56:00
,,,1.5,9.0,5.6,277.0,,,15.5,,,,,2025-09-06 02:26:00
,,,1.5,9.0,6.0,281.0,,,15.5,,,,,2025-09-06 02:56:00
,,,1.4,9.0,5.9,282.0,,,15.5,,,,,2025-09-06 03:26:00
,,,1.5,9.0,5.8,277.0,,,15.5,,,,,2025-09-06 03:56:00
,,,1.4,9.0,5.6,279.0,,,15.5,,,,,2025-09-06 04:26:00
,,,1.5,9.0,6.0,286.0,,,15.5,,,,,2025-09-06 04:56:00
,,,1.5,9.0,5.9,278.0,,,15.5,,,,,2025-09-06 05:26:00
,,,1.5,9.0,5.6,279.0,,,15.5,,,,,2025-09-06 05:56:00
,,,1.5,8.0,5.7,281.0,,,15.5,,,,,2025-09-06 06:26:00
,,,1.5,8.0,5.7,281.0,,,15.5,,,,,2025-09-06 06:56:00
,,,1.4,8.0,5.5,278.0,,,15.5,,,,,2025-09-06 07:26:00
,,,1.6,9.0,5.6,272.0,,,15.5,,,,,2025-09-06 07:56:00
,,,1.5,9.0,5.7,275.0,,,15.5,,,,,2025-09-06 08:26:00
,,,1.5,9.0,5.6,278.0,,,15.5,,,,,2025-09-06 08:56:00
,,,1.6,8.0,5.6,277.0,,,15.5,,,,,2025-09-06 09:26:00
,,,1.4,9.0,5.5,278.0,,,15.5,,,,,2025-09-06 09:56:00
,,,1.5,9.0,5.5,278.0,,,15.5,,,,,2025-09-06 10:26:00
,,,1.5,8.0,5.5,274.0,,,15.5,,,,,2025-09-06 10:56:00
,,,1.5,8.0,5.5,279.0,,,15.5,,,,,2025-09-06 11:26:00
,,,1.5,14.0,5.5,180.0,,,15.5,,,,,2025-09-06 11:56:00
,,,1.4,14.0,5.4,175.0,,,15.5,,,,,2025-09-06 12:26:00
,,,1.5,5.0,5.3,306.0,,,15.5,,,,,2025-09-06 12:56:00
,,,1.4,15.0,5.4,154.0,,,15.5,,,,,2025-09-06 13:26:00
,,,1.5,5.0,5.2,310.0,,,15.5,,,,,2025-09-06 13:56:00
,,,1.5,14.0,5.3,175.0,,,15.5,,,,,2025-09-06 14:26:00
,,,1.5,6.0,5.3,299.0,,,15.5,,,,,2025-09-06 14:56:00
,,,1.5,15.0,5.5,160.0,,,15.5,,,,,2025-09-06 15:26:00
,,,1.5,6.0,5.3,298.0,,,15.5,,,,,2025-09-06 15:56:00
,,,1.4,14.0,5.5,168.0,,,15.5,,,,,2025-09-06 16:26:00
,,,1.3,6.0,5.3,284.0,,,15.5,,,,,2025-09-06 16:56:00
,,,1.4,15.0,5.5,153.0,,,15.5,,,,,2025-09-06 17:26:00
,,,1.3,6.0,5.5,309.0,,,15.5,,,,,2025-09-06 17:56:00
,,,1.3,14.0,5.4,161.0,,,15.5,,,,,2025-09-06 18:26:00
,,,1.3,14.0,5.3,187.0,,,15.5,,,,,2025-09-06 18:56:00
,,,1.3,15.0,5.5,168.0,,,15.5,,,,,2025-09-06 19:26:00
,,,1.2,14.0,5.4,174.0,,,15.5,,,,,2025-09-06 19:56:00
,,,1.2,14.0,5.4,170.0,,,15.5,,,,,2025-09-06 20:26:00
,,,1.2,14.0,5.3,161.0,,,15.5,,,,,2025-09-06 20:56:00
,,,1.2,14.0,5.6,173.0,,,15.5,,,,,2025-09-06 21:26:00
,,,1.3,14.0,5.8,175.0,,,15.6,,,,,2025-09-06 21:56:00
,,,1.2,15.0,5.6,178.0,,,15.6,,,,,2025-09-06 22:26:00
,,,1.2,14.0,5.8,161.0,,,15.6,,,,,2025-09-06 22:56:00
,,,1.2,14.0,5.8,168.0,,,15.7,,,,,2025-09-06 23:26:00
,,,1.2,7.0,5.6,296.0,,,15.7,,,,,2025-09-06 23:56:00
,,,1.3,14.0,5.7,177.0,,,15.7,,,,,2025-09-07 00:26:00
,,,1.2,7.0,5.3,285.0,,,15.7,,,,,2025-09-07 00:56:00
,,,1.2,13.0,5.3,165.0,,,15.6,,,,,2025-09-07 01:26:00
,,,1.2,14.0,5.5,185.0,,,15.6,,,,,2025-09-07 01:56:00
,,,1.2,14.0,5.4,168.0,,,15.6,,,,,2025-09-07 02:26:00
,,,1.1,13.0,5.5,167.0,,,15.6,,,,,2025-09-07 02:56:00
,,,1.0,14.0,5.4,181.0,,,15.6,,,,,2025-09-07 03:26:00
,,,1.0,13.0,5.5,177.0,,,15.6,,,,,2025-09-07 03:56:00
,,,1.1,15.0,5.6,164.0,,,15.6,,,,,2025-09-07 04:26:00
,,,1.0,14.0,5.2,191.0,,,15.6,,,,,2025-09-07 04:56:00
,,,1.0,14.0,5.5,158.0,,,15.5,,,,,2025-09-07 05:26:00
,,,1.0,14.0,5.8,181.0,,,15.6,,,,,2025-09-07 05:56:00
,,,0.9,13.0,6.2,194.0,,,15.5,,,,,2025-09-07 06:26:00
,,,0.9,14.0,6.4,180.0,,,15.5,,,,,2025-09-07 06:56:00
,,,1.0,14.0,6.5,194.0,,,15.5,,,,,2025-09-07 07:26:00
,,,1.0,13.0,7.0,219.0,,,15.5,,,,,2025-09-07 07:56:00
,,,0.9,13.0,6.9,275.0,,,15.5,,,,,2025-09-07 08:26:00
,,,0.9,13.0,7.0,243.0,,,15.5,,,,,2025-09-07 08:56:00
,,,1.0,13.0,7.7,225.0,,,15.5,,,,,2025-09-07 09:26:00
,,,0.9,13.0,7.7,191.0,,,15.6,,,,,2025-09-07 09:56:00
,,,1.0,13.0,7.4,260.0,,,15.6,,,,,2025-09-07 10:26:00
,,,1.0,13.0,6.6,263.0,,,15.6,,,,,2025-09-07 10:56:00
,,,1.0,13.0,6.3,275.0,,,15.6,,,,,2025-09-07 11:26:00
,,,1.0,12.0,6.9,281.0,,,15.6,,,,,2025-09-07 11:56:00
,,,1.0,12.0,7.0,271.0,,,15.6,,,,,2025-09-07 12:26:00
,,,1.0,14.0,6.4,164.0,,,15.6,,,,,2025-09-07 12:56:00
,,,1.0,12.0,6.4,255.0,,,15.6,,,,,2025-09-07 13:26:00
,,,1.0,12.0,6.4,260.0,,,15.5,,,,,2025-09-07 13:56:00
,,,1.0,14.0,6.8,175.0,,,15.5,,,,,2025-09-07 14:26:00
,,,1.0,12.0,6.2,254.0,,,15.5,,,,,2025-09-07 14:56:00
,,,0.9,11.0,6.1,278.0,,,15.5,,,,,2025-09-07 15:26:00
,,,1.0,12.0,6.6,265.0,,,15.5,,,,,2025-09-07 15:56:00
,,,1.0,11.0,7.1,279.0,,,15.5,,,,,2025-09-07 16:26:00
,,,1.1,11.0,7.7,282.0,,,15.5,,,,,2025-09-07 16:56:00
,,,1.0,14.0,7.6,164.0,,,15.5,,,,,2025-09-07 17:26:00
,,,1.0,12.0,7.7,265.0,,,15.5,,,,,2025-09-07 17:56:00
,,,1.0,12.0,8.1,272.0,,,15.5,,,,,2025-09-07 18:26:00
,,,0.9,11.0,8.0,278.0,,,15.5,,,,,2025-09-07 18:56:00
,,,1.0,11.0,8.1,278.0,,,15.6,,,,,2025-09-07 19:26:00
,,,1.1,11.0,8.7,278.0,,,15.6,,,,,2025-09-07 19:56:00
,,,1.2,11.0,8.9,277.0,,,15.6,,,,,2025-09-07 20:26:00
,,,1.2,11.0,9.0,278.0,,,15.6,,,,,2025-09-07 20:56:00
,,,1.1,11.0,8.7,284.0,,,15.6,,,,,2025-09-07 21:26:00
,,,1.2,12.0,9.6,270.0,,,15.6,,,,,2025-09-07 21:56:00
,,,1.0,10.0,8.8,268.0,,,15.7,,,,,2025-09-07 22:26:00
,,,1.1,12.0,9.3,274.0,,,15.7,,,,,2025-09-07 22:56:00
,,,1.2,10.0,9.3,278.0,,,15.7,,,,,2025-09-07 23:26:00
,,,1.2,10.0,9.5,278.0,,,15.7,,,,,2025-09-07 23:56:00
,,,1.1,11.0,9.5,278.0,,,15.7,,,,,2025-09-08 00:26:00
,,,1.1,11.0,9.3,285.0,,,15.7,,,,,2025-09-08 00:56:00
,,,1.3,11.0,9.2,278.0,,,15.7,,,,,2025-09-08 01:26:00
,,,1.1,11.0,8.8,281.0,,,15.7,,,,,2025-09-08 01:56:00
,,,1.2,11.0,8.7,289.0,,,15.7,,,,,2025-09-08 02:26:00
,,,1.1,10.0,8.7,282.0,,,15.6,,,,,2025-09-08 02:56:00
,,,1.3,11.0,9.2,288.0,,,15.6,,,,,2025-09-08 03:26:00
,,,1.1,11.0,8.6,289.0,,,15.6,,,,,2025-09-08 03:56:00
,,,1.0,11.0,8.3,282.0,,,15.6,,,,,2025-09-08 04:26:00
,,,1.2,11.0,8.7,281.0,,,15.6,,,,,2025-09-08 04:56:00
,,,1.1,11.0,8.2,274.0,,,15.6,,,,,2025-09-08 05:26:00
,,,1.2,11.0,8.4,286.0,,,15.6,,,,,2025-09-08 05:56:00
,,,1.2,11.0,8.3,279.0,,,15.6,,,,,2025-09-08 06:26:00
,,,1.2,11.0,8.4,272.0,,,15.6,,,,,2025-09-08 06:56:00
,,,1.3,12.0,8.5,274.0,,,15.6,,,,,2025-09-08 07:26:00
,,,1.3,11.0,8.3,281.0,,,15.5,,,,,2025-09-08 07:56:00
,,,1.4,11.0,8.6,279.0,,,15.5,,,,,2025-09-08 08:26:00
,,,1.3,11.0,8.3,275.0,,,15.5,,,,,2025-09-08 08:56:00
,,,1.4,11.0,8.7,272.0,,,15.5,,,,,2025-09-08 09:26:00
,,,1.4,10.0,8.3,275.0,,,15.5,,,,,2025-09-08 09:56:00
,,,1.6,11.0,8.4,270.0,,,15.5,,,,,2025-09-08 10:26:00
,,,1.6,10.0,8.3,272.0,,,15.5,,,,,2025-09-08 10:56:00
,,,1.5,12.0,8.1,268.0,,,15.5,,,,,2025-09-08 11:26:00
,,,1.6,13.0,8.2,268.0,,,15.5,,,,,2025-09-08 11:56:00
,,,1.6,11.0,8.6,272.0,,,15.5,,,,,2025-09-08 12:26:00
,,,1.7,13.0,9.1,275.0,,,15.5,,,,,2025-09-08 12:56:00
,,,1.7,11.0,8.5,270.0,,,15.5,,,,,2025-09-08 13:26:00
,,,1.8,13.0,8.7,279.0,,,15.5,,,,,2025-09-08 13:56:00
,,,1.8,13.0,8.6,288.0,,,15.5,,,,,2025-09-08 14:26:00
,,,2.0,11.0,8.7,281.0,,,15.5,,,,,2025-09-08 14:56:00
,,,2.0,13.0,8.6,274.0,,,15.5,,,,,2025-09-08 15:26:00
,,,1.9,11.0,8.1,289.0,,,15.5,,,,,2025-09-08 15:56:00
,,,2.1,11.0,8.8,282.0,,,15.5,,,,,2025-09-08 16:26:00
,,,1.8,13.0,8.1,282.0,,,15.5,,,,,2025-09-08 16:56:00
,,,1.8,13.0,8.1,285.0,,,15.5,,,,,2025-09-08 17:26:00
,,,1.8,12.0,8.0,281.0,,,15.5,,,,,2025-09-08 17:56:00
,,,2.0,13.0,8.4,272.0,,,15.5,,,,,2025-09-08 18:26:00
,,,2.1,13.0,8.8,281.0,,,15.5,,,,,2025-09-08 18:56:00
,,,2.3,13.0,9.2,282.0,,,15.5,,,,,2025-09-08 19:26:00
,,,2.1,12.0,8.8,284.0,,,15.6,,,,,2025-09-08 19:56:00
,,,2.2,13.0,8.9,288.0,,,15.6,,,,,2025-09-08 20:26:00
,,,2.3,13.0,9.2,284.0,,,15.6,,,,,2025-09-08 20:56:00
,,,2.1,13.0,8.6,277.0,,,15.6,,,,,2025-09-08 21:26:00
,,,2.2,13.0,8.7,281.0,,,15.7,,,,,2025-09-08 21:56:00
,,,2.6,13.0,9.8,279.0,,,15.7,,,,,2025-09-08 22:26:00
,,,2.3,13.0,9.1,286.0,,,15.7,,,,,2025-09-08 22:56:00
,,,2.1,13.0,8.7,284.0,,,15.7,,,,,2025-09-08 23:26:00
,,,2.1,12.0,8.7,281.0,,,15.8,,,,,2025-09-08 23:56:00
,,,2.1,13.0,9.1,288.0,,,15.8,,,,,2025-09-09 00:26:00
,,,1.9,13.0,8.6,279.0,,,15.7,,,,,2025-09-09 00:56:00
,,,2.1,12.0,8.6,278.0,,,15.7,,,,,2025-09-09 01:26:00
,,,2.1,13.0,8.7,279.0,,,15.7,,,,,2025-09-09 01:56:00
,,,1.9,11.0,8.4,285.0,,,15.7,,,,,2025-09-09 02:26:00
,,,2.0,12.0,8.6,286.0,,,15.7,,,,,2025-09-09 02:56:00
,,,1.9,13.0,8.1,277.0,,,15.7,,,,,2025-09-09 03:26:00
,,,1.8,11.0,7.9,277.0,,,15.7,,,,,2025-09-09 03:56:00
,,,1.9,11.0,7.9,288.0,,,15.7,,,,,2025-09-09 04:26:00
,,,1.9,11.0,8.1,285.0,,,15.7,,,,,2025-09-09 04:56:00
,,,1.8,11.0,8.0,288.0,,,15.7,,,,,2025-09-09 05:26:00
,,,1.7,12.0,7.8,279.0,,,15.7,,,,,2025-09-09 05:56:00
,,,1.8,11.0,7.9,286.0,,,15.7,,,,,2025-09-09 06:26:00
,,,2.1,12.0,8.4,279.0,,,15.6,,,,,2025-09-09 06:56:00
,,,1.7,11.0,7.6,279.0,,,15.7,,,,,2025-09-09 07:26:00
,,,1.9,11.0,7.9,288.0,,,15.7,,,,,2025-09-09 07:56:00
,,,1.9,11.0,7.6,286.0,,,15.7,,,,,2025-09-09 08:26:00
,,,1.7,12.0,7.2,286.0,,,15.7,,,,,2025-09-09 08:56:00
,,,2.0,11.0,7.8,284.0,,,15.7,,,,,2025-09-09 09:26:00
,,,1.9,12.0,7.3,282.0,,,15.6,,,,,2025-09-09 09:56:00
,,,1.8,11.0,6.8,281.0,,,15.7,,,,,2025-09-09 10:26:00
,,,1.9,11.0,7.0,284.0,,,15.7,,,,,2025-09-09 10:56:00
,,,1.9,11.0,7.2,282.0,,,15.7,,,,,2025-09-09 11:26:00
,,,1.9,10.0,6.8,284.0,,,15.7,,,,,2025-09-09 11:56:00
,,,1.9,11.0,6.9,282.0,,,15.6,,,,,2025-09-09 12:26:00
,,,1.8,11.0,6.6,278.0,,,15.6,,,,,2025-09-09 12:56:00
,,,1.8,11.0,6.7,285.0,,,15.6,,,,,2025-09-09 13:26:00
,,,1.8,10.0,6.5,284.0,,,15.6,,,,,2025-09-09 13:56:00
,,,1.8,11.0,6.2,282.0,,,15.6,,,,,2025-09-09 14:26:00
,,,1.8,10.0,5.9,285.0,,,15.6,,,,,2025-09-09 14:56:00
,,,1.8,10.0,5.9,281.0,,,15.6,,,,,2025-09-09 15:26:00
,,,1.8,11.0,5.9,278.0,,,15.6,,,,,2025-09-09 15:56:00
,,,1.7,11.0,5.9,279.0,,,15.6,,,,,2025-09-09 16:26:00
,,,1.7,11.0,5.7,274.0,,,15.6,,,,,2025-09-09 16:56:00
,,,1.8,11.0,5.7,281.0,,,15.6,,,,,2025-09-09 17:26:00
,,,1.7,11.0,5.5,282.0,,,15.6,,,,,2025-09-09 17:56:00
,,,1.8,11.0,5.5,278.0,,,15.6,,,,,2025-09-09 18:26:00
,,,1.9,5.0,5.4,189.0,,,15.6,,,,,2025-09-09 18:56:00
,,,1.8,10.0,5.5,270.0,,,15.6,,,,,2025-09-09 19:26:00
,,,2.0,10.0,5.8,279.0,,,15.6,,,,,2025-09-09 19:56:00
,,,2.0,11.0,5.6,284.0,,,15.6,,,,,2025-09-09 20:26:00
,,,1.9,5.0,5.6,215.0,,,15.6,,,,,2025-09-09 20:56:00
,,,1.9,6.0,5.5,219.0,,,15.6,,,,,2025-09-09 21:26:00
,,,2.0,6.0,5.7,220.0,,,15.6,,,,,2025-09-09 21:56:00
,,,2.1,10.0,5.7,279.0,,,15.6,,,,,2025-09-09 22:26:00
,,,2.2,6.0,5.7,216.0,,,15.6,,,,,2025-09-09 22:56:00
,,,2.2,6.0,5.5,223.0,,,15.6,,,,,2025-09-09 23:26:00
,,,2.1,6.0,5.7,230.0,,,15.6,,,,,2025-09-09 23:56:00
,,,2.2,9.0,5.9,284.0,,,15.6,,,,,2025-09-10 00:26:00
,,,2.4,6.0,6.0,233.0,,,15.6,,,,,2025-09-10 00:56:00
,,,2.5,9.0,6.1,289.0,,,15.6,,,,,2025-09-10 01:26:00
,,,2.4,9.0,5.9,282.0,,,15.6,,,,,2025-09-10 01:56:00
,,,2.5,8.0,5.9,268.0,,,15.6,,,,,2025-09-10 02:26:00
,,,2.5,8.0,5.8,270.0,,,15.6,,,,,2025-09-10 02:56:00
,,,2.7,7.0,6.0,255.0,,,15.6,,,,,2025-09-10 03:26:00
,,,2.7,8.0,5.9,268.0,,,15.6,,,,,2025-09-10 03:56:00
,,,2.8,8.0,6.1,261.0,,,15.6,,,,,2025-09-10 04:26:00
,,,2.7,8.0,6.1,255.0,,,15.6,,,,,2025-09-10 04:56:00
,,,2.7,8.0,6.2,250.0,,,15.6,,,,,2025-09-10 05:26:00
,,,2.9,8.0,6.3,251.0,,,15.6,,,,,2025-09-10 05:56:00
,,,2.7,8.0,6.4,261.0,,,15.6,,,,,2025-09-10 06:26:00
,,,2.8,9.0,6.7,263.0,,,15.5,,,,,2025-09-10 06:56:00
,,,2.8,8.0,6.8,255.0,,,15.5,,,,,2025-09-10 07:26:00
,,,2.8,9.0,6.6,258.0,,,15.5,,,,,2025-09-10 07:56:00
,,,2.6,9.0,6.7,255.0,,,15.5,,,,,2025-09-10 08:26:00
,,,2.7,9.0,6.6,253.0,,,15.5,,,,,2025-09-10 08:56:00
,,,2.5,9.0,6.8,255.0,,,15.5,,,,,2025-09-10 09:26:00
,,,2.4,9.0,6.9,253.0,,,15.5,,,,,2025-09-10 09:56:00
,,,2.5,10.0,6.9,261.0,,,15.5,,,,,2025-09-10 10:26:00
,,,2.6,9.0,7.0,250.0,,,15.5,,,,,2025-09-10 10:56:00
,,,2.6,17.0,7.2,263.0,,,15.5,,,,,2025-09-10 11:26:00
,,,2.8,10.0,7.7,253.0,,,15.5,,,,,2025-09-10 11:56:00
,,,3.2,17.0,9.0,278.0,,,15.5,,,,,2025-09-10 12:26:00
,,,3.4,17.0,9.3,278.0,,,15.5,,,,,2025-09-10 12:56:00
,,,3.9,17.0,10.4,281.0,,,15.5,,,,,2025-09-10 13:26:00
,,,3.9,15.0,9.7,279.0,,,15.5,,,,,2025-09-10 13:56:00
,,,4.1,15.0,10.0,284.0,,,15.5,,,,,2025-09-10 14:26:00
,,,4.5,14.0,10.4,289.0,,,15.5,,,,,2025-09-10 14:56:00
,,,4.6,14.0,10.0,282.0,,,15.4,,,,,2025-09-10 15:26:00
,,,4.8,15.0,10.2,279.0,,,15.4,,,,,2025-09-10 15:56:00
,,,4.7,15.0,10.0,282.0,,,15.4,,,,,2025-09-10 16:26:00
,,,5.0,15.0,10.1,288.0,,,15.4,,,,,2025-09-10 16:56:00
,,,5.1,17.0,10.0,279.0,,,15.4,,,,,2025-09-10 17:26:00
,,,4.8,15.0,9.7,284.0,,,15.4,,,,,2025-09-10 17:56:00
,,,4.5,14.0,9.1,285.0,,,15.4,,,,,2025-09-10 18:26:00
,,,4.6,15.0,9.3,286.0,,,15.4,,,,,2025-09-10 18:56:00
,,,4.9,15.0,9.7,279.0,,,15.4,,,,,2025-09-10 19:26:00
,,,5.0,15.0,9.5,278.0,,,15.4,,,,,2025-09-10 19:56:00
,,,4.6,15.0,9.3,270.0,,,15.4,,,,,2025-09-10 20:26:00
,,,5.1,15.0,9.9,278.0,,,15.4,,,,,2025-09-10 20:56:00
,,,4.3,15.0,9.4,275.0,,,15.4,,,,,2025-09-10 21:26:00
,,,5.1,15.0,9.8,277.0,,,15.4,,,,,2025-09-10 21:56:00
,,,4.5,14.0,9.4,277.0,,,15.4,,,,,2025-09-10 22:26:00
,,,4.3,15.0,9.2,268.0,,,15.4,,,,,2025-09-10 22:56:00
,,,4.6,15.0,9.7,263.0,,,15.4,,,,,2025-09-10 23:26:00
,,,4.5,15.0,9.3,267.0,,,15.4,,,,,2025-09-10 23:56:00
,,,4.1,13.0,8.7,270.0,,,15.4,,,,,2025-09-11 00:26:00
,,,4.1,13.0,8.8,277.0,,,15.4,,,,,2025-09-11 00:56:00
,,,4.2,14.0,9.0,271.0,,,15.4,,,,,2025-09-11 01:26:00
,,,4.5,13.0,9.4,272.0,,,15.4,,,,,2025-09-11 01:56:00
,,,4.3,13.0,9.2,272.0,,,15.4,,,,,2025-09-11 02:26:00
,,,4.7,13.0,9.4,277.0,,,15.4,,,,,2025-09-11 02:56:00
,,,4.3,13.0,8.9,278.0,,,15.4,,,,,2025-09-11 03:26:00
,,,4.5,11.0,8.9,272.0,,,15.4,,,,,2025-09-11 03:56:00
,,,4.1,11.0,8.2,274.0,,,15.4,,,,,2025-09-11 04:26:00
,,,4.3,13.0,8.6,278.0,,,15.4,,,,,2025-09-11 04:56:00
,,,4.1,11.0,8.4,275.0,,,15.4,,,,,2025-09-11 05:26:00
,,,4.4,13.0,8.8,279.0,,,15.4,,,,,2025-09-11 05:56:00
,,,4.1,11.0,8.3,281.0,,,15.4,,,,,2025-09-11 06:26:00
,,,4.3,14.0,8.9,272.0,,,15.4,,,,,2025-09-11 06:56:00
,,,4.3,12.0,8.5,275.0,,,15.4,,,,,2025-09-11 07:26:00
,,,4.1,14.0,8.6,284.0,,,15.4,,,,,2025-09-11 07:56:00
,,,4.2,13.0,8.6,272.0,,,15.4,,,,,2025-09-11 08:26:00
,,,4.6,13.0,9.2,286.0,,,15.4,,,,,2025-09-11 08:56:00
,,,4.1,13.0,8.5,279.0,,,15.4,,,,,2025-09-11 09:26:00
,,,4.1,14.0,8.3,272.0,,,15.4,,,,,2025-09-11 09:56:00
,,,4.1,13.0,8.6,277.0,,,15.4,,,,,2025-09-11 10:26:00
,,,3.8,11.0,8.4,278.0,,,15.4,,,,,2025-09-11 10:56:00
,,,4.4,13.0,8.8,281.0,,,15.4,,,,,2025-09-11 11:26:00
,,,3.8,11.0,8.4,278.0,,,15.3,,,,,2025-09-11 11:56:00
,,,4.1,13.0,8.7,281.0,,,15.3,,,,,2025-09-11 12:26:00
,,,4.1,14.0,8.9,267.0,,,15.3,,,,,2025-09-11 12:56:00
,,,4.4,13.0,8.8,271.0,,,15.3,,,,,2025-09-11 13:26:00
,,,3.9,13.0,8.7,277.0,,,15.3,,,,,2025-09-11 13:56:00
,,,4.0,13.0,8.7,278.0,,,15.3,,,,,2025-09-11 14:26:00
,,,3.8,12.0,8.4,274.0,,,15.3,,,,,2025-09-11 14:56:00
,,,4.0,12.0,8.6,278.0,,,15.3,,,,,2025-09-11 15:26:00
,,,4.1,13.0,8.7,279.0,,,15.3,,,,,2025-09-11 15:56:00
,,,3.9,12.0,8.3,274.0,,,15.3,,,,,2025-09-11 16:26:00
,,,3.9,13.0,8.4,278.0,,,15.3,,,,,2025-09-11 16:56:00
,,,3.6,13.0,8.2,279.0,,,15.3,,,,,2025-09-11 17:26:00
,,,3.9,12.0,8.6,281.0,,,15.3,,,,,2025-09-11 17:56:00
,,,4.1,13.0,8.6,285.0,,,15.3,,,,,2025-09-11 18:26:00
,,,3.7,12.0,8.1,281.0,,,15.3,,,,,2025-09-11 18:56:00
,,,3.9,10.0,8.4,275.0,,,15.3,,,,,2025-09-11 19:26:00
,,,4.0,13.0,8.5,285.0,,,15.3,,,,,2025-09-11 19:56:00
,,,4.0,11.0,8.2,279.0,,,15.3,,,,,2025-09-11 20:26:00
,,,4.1,11.0,8.4,279.0,,,15.3,,,,,2025-09-11 20:56:00
,,,3.8,12.0,8.3,284.0,,,15.3,,,,,2025-09-11 21:26:00
,,,4.2,12.0,8.6,279.0,,,15.2,,,,,2025-09-11 21:56:00
,,,4.1,12.0,8.4,285.0,,,15.2,,,,,2025-09-11 22:26:00
,,,3.9,13.0,8.1,285.0,,,15.2,,,,,2025-09-11 22:56:00
,,,3.7,11.0,8.0,279.0,,,15.3,,,,,2025-09-11 23:26:00
,,,4.3,11.0,8.6,285.0,,,15.3,,,,,2025-09-11 23:56:00
,,,3.5,12.0,7.6,289.0,,,15.3,,,,,2025-09-12 00:26:00
,,,3.8,11.0,7.8,289.0,,,15.3,,,,,2025-09-12 00:56:00
,,,3.7,13.0,7.9,285.0,,,15.3,,,,,2025-09-12 01:26:00
,,,3.5,12.0,7.6,281.0,,,15.3,,,,,2025-09-12 01:56:00
,,,3.5,12.0,7.8,278.0,,,15.3,,,,,2025-09-12 02:26:00
,,,3.6,12.0,7.8,285.0,,,15.3,,,,,2025-09-12 02:56:00
,,,3.4,12.0,7.8,281.0,,,15.3,,,,,2025-09-12 03:26:00
,,,3.4,11.0,7.5,285.0,,,15.3,,,,,2025-09-12 03:56:00
,,,3.4,13.0,7.7,285.0,,,15.3,,,,,2025-09-12 04:26:00
,,,3.3,12.0,7.8,284.0,,,15.3,,,,,2025-09-12 04:56:00
,,,3.3,11.0,7.4,282.0,,,15.2,,,,,2025-09-12 05:26:00
,,,3.0,11.0,7.3,296.0,,,15.2,,,,,2025-09-12 05:56:00
,,,3.2,12.0,7.6,281.0,,,15.2,,,,,2025-09-12 06:26:00
,,,3.1,11.0,7.6,277.0,,,15.2,,,,,2025-09-12 06:56:00
,,,3.0,11.0,7.4,288.0,,,15.2,,,,,2025-09-12 07:26:00
,,,3.2,11.0,7.7,277.0,,,15.2,,,,,2025-09-12 07:56:00
,,,3.1,11.0,7.7,274.0,,,15.2,,,,,2025-09-12 08:26:00
,,,3.1,12.0,7.8,284.0,,,15.2,,,,,2025-09-12 08:56:00
,,,2.9,12.0,7.7,279.0,,,15.2,,,,,2025-09-12 09:26:00
,,,3.2,12.0,8.0,272.0,,,15.2,,,,,2025-09-12 09:56:00
,,,3.0,11.0,7.9,282.0,,,15.1,,,,,2025-09-12 10:26:00
,,,2.9,11.0,7.8,279.0,,,15.1,,,,,2025-09-12 10:56:00
,,,2.8,12.0,7.6,278.0,,,15.1,,,,,2025-09-12 11:26:00
,,,2.9,11.0,8.1,277.0,,,15.1,,,,,2025-09-12 11:56:00
,,,2.7,11.0,7.9,274.0,,,15.1,,,,,2025-09-12 12:26:00
,,,2.9,11.0,8.2,275.0,,,15.1,,,,,2025-09-12 12:56:00
,,,2.8,11.0,8.2,284.0,,,15.1,,,,,2025-09-12 13:26:00
,,,2.9,11.0,8.3,281.0,,,15.1,,,,,2025-09-12 13:56:00
,,,2.6,11.0,7.8,274.0,,,15.1,,,,,2025-09-12 14:26:00
,,,2.8,11.0,8.1,289.0,,,15.1,,,,,2025-09-12 14:56:00
,,,2.7,11.0,7.8,289.0,,,15.1,,,,,2025-09-12 15:26:00
,,,2.7,10.0,8.1,279.0,,,15.1,,,,,2025-09-12 15:56:00
,,,2.7,11.0,7.8,286.0,,,15.1,,,,,2025-09-12 16:26:00
,,,2.6,11.0,7.8,284.0,,,15.1,,,,,2025-09-12 16:56:00
,,,2.5,10.0,7.7,279.0,,,15.1,,,,,2025-09-12 17:26:00
,,,2.5,11.0,7.6,289.0,,,15.2,,,,,2025-09-12 17:56:00
,,,2.5,11.0,7.5,279.0,,,15.2,,,,,2025-09-12 18:26:00
,,,2.6,11.0,8.0,289.0,,,15.2,,,,,2025-09-12 19:26:00
,,,2.3,11.0,7.4,282.0,,,15.2,,,,,2025-09-12 19:56:00
,,,2.3,11.0,7.7,288.0,,,15.2,,,,,2025-09-12 20:26:00
,,,2.3,12.0,7.7,284.0,,,15.2,,,,,2025-09-12 20:56:00
,,,2.3,11.0,7.7,281.0,,,15.2,,,,,2025-09-12 21:26:00
,,,2.1,11.0,7.5,285.0,,,15.2,,,,,2025-09-12 21:56:00
,,,2.1,11.0,7.8,281.0,,,15.2,,,,,2025-09-12 22:26:00
,,,1.9,10.0,7.5,274.0,,,15.2,,,,,2025-09-12 22:56:00
,,,2.1,11.0,7.9,277.0,,,15.2,,,,,2025-09-12 23:26:00
,,,2.1,11.0,7.9,261.0,,,15.2,,,,,2025-09-12 23:56:00
,,,2.1,11.0,7.9,284.0,,,15.2,,,,,2025-09-13 00:26:00
,,,2.0,11.0,7.7,281.0,,,15.2,,,,,2025-09-13 00:56:00
,,,2.2,11.0,8.0,274.0,,,15.2,,,,,2025-09-13 01:26:00
,,,2.0,9.0,7.6,285.0,,,15.2,,,,,2025-09-13 01:56:00
,,,2.1,10.0,7.8,291.0,,,15.2,,,,,2025-09-13 02:26:00
,,,2.2,11.0,8.0,285.0,,,15.2,,,,,2025-09-13 02:56:00
,,,2.4,11.0,8.3,288.0,,,15.2,,,,,2025-09-13 03:26:00
,,,2.3,11.0,8.0,296.0,,,15.2,,,,,2025-09-13 03:56:00
,,,2.1,10.0,7.5,293.0,,,15.1,,,,,2025-09-13 04:26:00
,,,2.5,9.0,7.9,295.0,,,15.1,,,,,2025-09-13 04:56:00
,,,2.3,10.0,7.8,306.0,,,15.1,,,,,2025-09-13 05:26:00
,,,2.1,9.0,7.5,296.0,,,15.1,,,,,2025-09-13 05:56:00
,,,2.3,10.0,7.6,295.0,,,15.1,,,,,2025-09-13 06:26:00
,,,2.2,10.0,7.5,293.0,,,15.1,,,,,2025-09-13 06:56:00
,,,2.3,9.0,7.4,305.0,,,15.1,,,,,2025-09-13 07:26:00
,,,2.2,9.0,7.3,303.0,,,15.2,,,,,2025-09-13 07:56:00
,,,2.0,9.0,7.3,303.0,,,15.2,,,,,2025-09-13 08:26:00
,,,2.0,9.0,7.2,306.0,,,15.1,,,,,2025-09-13 08:56:00
,,,1.9,10.0,7.0,291.0,,,15.1,,,,,2025-09-13 09:26:00
,,,2.0,9.0,7.2,299.0,,,15.2,,,,,2025-09-13 09:56:00
,,,2.0,9.0,7.3,298.0,,,15.1,,,,,2025-09-13 10:26:00
,,,1.9,9.0,7.4,296.0,,,15.2,,,,,2025-09-13 10:56:00
,,,1.9,9.0,7.3,302.0,,,15.1,,,,,2025-09-13 11:26:00
,,,1.7,9.0,6.9,303.0,,,15.1,,,,,2025-09-13 11:56:00
,,,1.9,9.0,7.2,296.0,,,15.2,,,,,2025-09-13 12:26:00
,,,1.9,9.0,7.3,303.0,,,15.1,,,,,2025-09-13 12:56:00
,,,1.9,9.0,7.2,308.0,,,15.1,,,,,2025-09-13 13:26:00
,,,1.7,9.0,7.0,310.0,,,15.1,,,,,2025-09-13 13:56:00
,,,1.7,9.0,7.2,316.0,,,15.1,,,,,2025-09-13 14:26:00
,,,1.7,10.0,7.3,299.0,,,15.1,,,,,2025-09-13 14:56:00
,,,1.7,9.0,7.2,312.0,,,15.1,,,,,2025-09-13 15:26:00
,,,1.7,9.0,7.2,324.0,,,15.1,,,,,2025-09-13 15:56:00
,,,1.7,8.0,7.2,305.0,,,15.1,,,,,2025-09-13 16:26:00
,,,1.7,9.0,7.2,312.0,,,15.1,,,,,2025-09-13 16:56:00
,,,1.7,9.0,7.5,306.0,,,15.1,,,,,2025-09-13 17:26:00
,,,1.6,9.0,7.1,303.0,,,15.1,,,,,2025-09-13 17:56:00
,,,1.6,8.0,6.9,309.0,,,15.1,,,,,2025-09-13 18:26:00
,,,1.6,9.0,7.2,317.0,,,15.1,,,,,2025-09-13 18:56:00
,,,1.7,8.0,7.0,312.0,,,15.2,,,,,2025-09-13 19:26:00
,,,1.7,8.0,6.8,305.0,,,15.1,,,,,2025-09-13 19:56:00
,,,1.5,8.0,6.2,308.0,,,15.2,,,,,2025-09-13 20:26:00
,,,1.5,8.0,5.9,306.0,,,15.2,,,,,2025-09-13 20:56:00
,,,1.6,8.0,6.0,310.0,,,15.2,,,,,2025-09-13 21:26:00
,,,1.6,8.0,5.7,317.0,,,15.1,,,,,2025-09-13 21:56:00
,,,1.7,8.0,5.6,316.0,,,15.1,,,,,2025-09-13 22:26:00
,,,1.6,8.0,5.3,303.0,,,15.1,,,,,2025-09-13 22:56:00
,,,1.7,14.0,5.4,196.0,,,15.1,,,,,2025-09-13 23:26:00
,,,1.7,8.0,5.2,313.0,,,15.1,,,,,2025-09-13 23:56:00
,,,1.9,5.0,5.0,212.0,,,15.1,,,,,2025-09-14 01:26:00
,,,2.0,5.0,5.0,212.0,,,15.1,,,,,2025-09-14 01:56:00
,,,2.0,5.0,5.0,206.0,,,15.1,,,,,2025-09-14 02:26:00
,,,2.3,5.0,5.1,201.0,,,15.1,,,,,2025-09-14 02:56:00
,,,2.2,6.0,5.1,206.0,,,15.1,,,,,2025-09-14 03:26:00
,,,2.3,6.0,5.4,212.0,,,15.1,,,,,2025-09-14 03:56:00
,,,2.4,7.0,5.4,216.0,,,15.1,,,,,2025-09-14 04:26:00
,,,2.8,7.0,5.6,213.0,,,15.1,,,,,2025-09-14 04:56:00
,,,2.8,7.0,5.7,213.0,,,15.1,,,,,2025-09-14 05:26:00
,,,2.7,7.0,5.8,203.0,,,15.1,,,,,2025-09-14 05:56:00
,,,2.8,7.0,5.9,208.0,,,15.0,,,,,2025-09-14 06:26:00
,,,2.9,8.0,6.0,219.0,,,15.0,,,,,2025-09-14 06:56:00
,,,3.1,7.0,6.2,198.0,,,15.0,,,,,2025-09-14 07:26:00
,,,3.4,8.0,6.5,213.0,,,15.0,,,,,2025-09-14 07:56:00
,,,3.9,8.0,6.7,208.0,,,15.0,,,,,2025-09-14 08:26:00
,,,3.9,8.0,6.7,192.0,,,15.0,,,,,2025-09-14 08:56:00
,,,4.0,8.0,7.1,218.0,,,15.0,,,,,2025-09-14 09:26:00
,,,4.0,8.0,6.9,219.0,,,15.0,,,,,2025-09-14 09:56:00
,,,4.3,8.0,7.2,220.0,,,15.0,,,,,2025-09-14 10:26:00
,,,4.2,9.0,7.2,240.0,,,15.0,,,,,2025-09-14 10:56:00
,,,3.9,9.0,7.3,233.0,,,15.0,,,,,2025-09-14 11:26:00
,,,4.2,9.0,7.4,232.0,,,15.0,,,,,2025-09-14 11:56:00
,,,3.5,9.0,7.0,226.0,,,15.0,,,,,2025-09-14 12:26:00
,,,3.8,9.0,7.4,230.0,,,15.0,,,,,2025-09-14 12:56:00
,,,3.9,9.0,7.5,225.0,,,15.0,,,,,2025-09-14 13:26:00
,,,3.8,11.0,7.6,226.0,,,15.0,,,,,2025-09-14 13:56:00
,,,3.7,11.0,7.9,223.0,,,15.0,,,,,2025-09-14 14:26:00
,,,3.2,9.0,7.5,223.0,,,15.0,,,,,2025-09-14 14:56:00
,,,3.2,11.0,7.5,220.0,,,15.0,,,,,2025-09-14 15:26:00
,,,3.4,10.0,7.8,219.0,,,15.0,,,,,2025-09-14 15:56:00
,,,3.1,10.0,7.8,220.0,,,15.0,,,,,2025-09-14 16:26:00
,,,3.1,11.0,7.6,219.0,,,15.0,,,,,2025-09-14 16:56:00
,,,3.1,10.0,7.8,225.0,,,15.0,,,,,2025-09-14 17:26:00
,,,3.0,10.0,7.5,218.0,,,15.0,,,,,2025-09-14 17:56:00
,,,3.0,10.0,7.8,215.0,,,15.0,,,,,2025-09-14 18:26:00
,,,3.1,10.0,7.8,225.0,,,15.0,,,,,2025-09-14 18:56:00
,,,2.8,9.0,7.3,218.0,,,15.0,,,,,2025-09-14 19:26:00
,,,2.7,10.0,7.2,225.0,,,15.0,,,,,2025-09-14 19:56:00
,,,2.9,10.0,7.0,226.0,,,15.1,,,,,2025-09-14 20:26:00
,,,3.2,10.0,7.3,226.0,,,15.0,,,,,2025-09-14 20:56:00
,,,3.1,9.0,6.9,220.0,,,15.1,,,,,2025-09-14 21:26:00
,,,3.2,9.0,7.1,223.0,,,15.1,,,,,2025-09-14 21:56:00
,,,3.3,10.0,7.2,220.0,,,15.0,,,,,2025-09-14 22:26:00
,,,3.3,9.0,7.0,220.0,,,15.1,,,,,2025-09-14 22:56:00
,,,3.3,9.0,7.0,220.0,,,15.1,,,,,2025-09-14 23:26:00
,,,3.3,9.0,6.8,222.0,,,15.1,,,,,2025-09-14 23:56:00
,,,3.1,10.0,6.7,226.0,,,15.1,,,,,2025-09-15 00:26:00
,,,3.3,9.0,6.8,222.0,,,15.1,,,,,2025-09-15 00:56:00
,,,3.2,9.0,6.6,220.0,,,15.1,,,,,2025-09-15 01:26:00
,,,3.4,10.0,7.0,227.0,,,15.0,,,,,2025-09-15 01:56:00
,,,3.5,9.0,6.7,213.0,,,15.0,,,,,2025-09-15 02:26:00
,,,3.6,10.0,6.9,222.0,,,15.0,,,,,2025-09-15 02:56:00
,,,3.5,9.0,6.7,216.0,,,15.0,,,,,2025-09-15 03:26:00
,,,3.4,8.0,6.5,234.0,,,15.0,,,,,2025-09-15 03:56:00
,,,3.4,10.0,6.8,230.0,,,15.0,,,,,2025-09-15 04:26:00
,,,3.5,9.0,6.7,223.0,,,15.0,,,,,2025-09-15 04:56:00
,,,3.7,10.0,6.9,218.0,,,15.0,,,,,2025-09-15 05:26:00
,,,3.7,10.0,7.0,227.0,,,15.0,,,,,2025-09-15 05:56:00
,,,3.8,10.0,7.1,227.0,,,14.9,,,,,2025-09-15 06:26:00
,,,3.7,10.0,6.8,222.0,,,14.9,,,,,2025-09-15 06:56:00
,,,3.6,9.0,6.8,225.0,,,14.9,,,,,2025-09-15 07:26:00
,,,4.1,10.0,7.3,258.0,,,14.8,,,,,2025-09-15 07:56:00
,,,4.3,10.0,7.5,251.0,,,14.8,,,,,2025-09-15 08:26:00
,,,4.2,9.0,7.5,258.0,,,14.8,,,,,2025-09-15 08:56:00
,,,4.4,10.0,7.7,267.0,,,14.8,,,,,2025-09-15 09:26:00
,,,4.5,9.0,7.9,267.0,,,14.7,,,,,2025-09-15 09:56:00
,,,4.2,10.0,7.7,254.0,,,14.7,,,,,2025-09-15 10:26:00
,,,4.1,10.0,7.5,239.0,,,14.7,,,,,2025-09-15 10:56:00
,,,4.8,10.0,8.2,265.0,,,14.6,,,,,2025-09-15 11:26:00
,,,4.1,10.0,7.9,247.0,,,14.6,,,,,2025-09-15 11:56:00
,,,4.5,11.0,8.1,281.0,,,14.6,,,,,2025-09-15 12:26:00
,,,4.5,11.0,8.2,288.0,,,14.6,,,,,2025-09-15 12:56:00
,,,4.5,10.0,8.2,270.0,,,14.6,,,,,2025-09-15 13:26:00
,,,4.5,10.0,8.2,271.0,,,14.6,,,,,2025-09-15 13:56:00
,,,4.6,10.0,8.1,268.0,,,14.6,,,,,2025-09-15 14:26:00
,,,4.7,11.0,8.5,293.0,,,14.6,,,,,2025-09-15 14:56:00
,,,4.8,11.0,8.7,284.0,,,14.6,,,,,2025-09-15 15:26:00
,,,5.1,11.0,8.8,292.0,,,14.6,,,,,2025-09-15 15:56:00
,,,5.0,10.0,8.7,279.0,,,14.6,,,,,2025-09-15 16:26:00
,,,5.2,12.0,8.7,306.0,,,14.6,,,,,2025-09-15 16:56:00
,,,4.8,10.0,8.5,291.0,,,14.6,,,,,2025-09-15 17:26:00
,,,4.6,11.0,8.3,292.0,,,14.6,,,,,2025-09-15 17:56:00
,,,4.4,11.0,8.1,312.0,,,14.7,,,,,2025-09-15 18:26:00
,,,4.4,11.0,8.1,313.0,,,14.7,,,,,2025-09-15 18:56:00
,,,4.4,10.0,8.2,302.0,,,14.7,,,,,2025-09-15 19:26:00
,,,3.8,9.0,7.7,291.0,,,14.7,,,,,2025-09-15 19:56:00
,,,4.1,9.0,7.8,289.0,,,14.7,,,,,2025-09-15 20:26:00
,,,3.5,9.0,7.3,291.0,,,14.7,,,,,2025-09-15 20:56:00
,,,3.6,11.0,7.5,309.0,,,14.7,,,,,2025-09-15 21:26:00
,,,3.6,10.0,7.8,281.0,,,14.7,,,,,2025-09-15 21:56:00
,,,3.4,10.0,7.6,295.0,,,14.7,,,,,2025-09-15 22:26:00
,,,3.5,9.0,7.9,275.0,,,14.7,,,,,2025-09-15 22:56:00
,,,3.4,11.0,7.8,308.0,,,14.7,,,,,2025-09-15 23:26:00
,,,3.3,10.0,7.9,295.0,,,14.7,,,,,2025-09-15 23:56:00
,,,3.2,10.0,7.8,302.0,,,14.6,,,,,2025-09-16 00:26:00
,,,3.4,11.0,8.0,315.0,,,14.6,,,,,2025-09-16 00:56:00
,,,3.4,11.0,8.1,305.0,,,14.6,,,,,2025-09-16 01:26:00
,,,3.5,11.0,8.2,313.0,,,14.6,,,,,2025-09-16 01:56:00
,,,3.4,11.0,8.1,312.0,,,14.6,,,,,2025-09-16 02:26:00
,,,3.6,11.0,8.2,315.0,,,14.6,,,,,2025-09-16 02:56:00
,,,3.5,11.0,8.0,309.0,,,14.6,,,,,2025-09-16 03:26:00
,,,3.7,11.0,8.4,313.0,,,14.6,,,,,2025-09-16 04:26:00
,,,3.8,11.0,8.5,315.0,,,14.6,,,,,2025-09-16 04:56:00
,,,3.4,11.0,8.3,316.0,,,14.6,,,,,2025-09-16 05:26:00
,,,3.2,10.0,8.0,310.0,,,14.6,,,,,2025-09-16 05:56:00
,,,3.3,11.0,8.1,315.0,,,14.6,,,,,2025-09-16 06:26:00
,,,3.8,11.0,8.4,313.0,,,14.6,,,,,2025-09-16 06:56:00
,,,3.5,11.0,8.2,320.0,,,14.6,,,,,2025-09-16 07:26:00
,,,3.4,11.0,8.1,315.0,,,14.6,,,,,2025-09-16 07:56:00
,,,3.3,11.0,8.1,316.0,,,14.6,,,,,2025-09-16 08:26:00
,,,3.2,12.0,8.0,315.0,,,14.6,,,,,2025-09-16 08:56:00
,,,3.3,11.0,7.8,316.0,,,14.6,,,,,2025-09-16 09:26:00
,,,3.3,11.0,7.9,316.0,,,14.6,,,,,2025-09-16 09:56:00
,,,3.3,11.0,8.0,317.0,,,14.6,,,,,2025-09-16 10:26:00
,,,2.9,11.0,7.6,316.0,,,14.6,,,,,2025-09-16 10:56:00
,,,2.8,11.0,7.5,316.0,,,14.6,,,,,2025-09-16 11:26:00
,,,3.1,11.0,7.7,319.0,,,14.6,,,,,2025-09-16 11:56:00
,,,2.9,11.0,7.7,316.0,,,14.6,,,,,2025-09-16 12:26:00
,,,2.8,11.0,7.3,319.0,,,14.6,,,,,2025-09-16 12:56:00
,,,2.8,11.0,7.2,312.0,,,14.5,,,,,2025-09-16 13:26:00
,,,2.9,10.0,7.4,315.0,,,14.5,,,,,2025-09-16 13:56:00
,,,2.8,12.0,7.3,322.0,,,14.5,,,,,2025-09-16 14:26:00
,,,2.7,8.0,7.0,282.0,,,14.5,,,,,2025-09-16 14:56:00
,,,2.8,11.0,7.4,316.0,,,14.5,,,,,2025-09-16 15:26:00
,,,2.9,11.0,7.6,317.0,,,14.5,,,,,2025-09-16 15:56:00
,,,2.8,10.0,7.5,313.0,,,14.5,,,,,2025-09-16 16:26:00
,,,3.1,11.0,7.8,317.0,,,14.5,,,,,2025-09-16 16:56:00
,,,3.1,11.0,7.9,320.0,,,14.5,,,,,2025-09-16 17:26:00
,,,3.0,11.0,7.3,329.0,,,14.5,,,,,2025-09-16 17:56:00
,,,3.1,12.0,7.6,327.0,,,14.5,,,,,2025-09-16 18:26:00
,,,2.9,11.0,7.3,317.0,,,14.5,,,,,2025-09-16 18:56:00
,,,2.8,11.0,7.2,326.0,,,14.5,,,,,2025-09-16 19:26:00
,,,2.8,10.0,7.0,324.0,,,14.5,,,,,2025-09-16 19:56:00
,,,2.9,11.0,7.0,330.0,,,14.5,,,,,2025-09-16 20:26:00
,,,2.8,10.0,7.0,322.0,,,14.5,,,,,2025-09-16 20:56:00
,,,2.7,11.0,6.9,326.0,,,14.5,,,,,2025-09-16 21:26:00
,,,2.7,10.0,6.8,322.0,,,14.5,,,,,2025-09-16 21:56:00
,,,2.8,11.0,6.7,322.0,,,14.5,,,,,2025-09-16 22:26:00
,,,2.8,11.0,6.8,319.0,,,14.5,,,,,2025-09-16 22:56:00
,,,2.8,11.0,6.8,326.0,,,14.5,,,,,2025-09-16 23:26:00
,,,2.8,11.0,6.6,326.0,,,14.5,,,,,2025-09-16 23:56:00
,,,2.9,10.0,6.8,317.0,,,14.5,,,,,2025-09-17 00:26:00
,,,2.9,10.0,6.9,322.0,,,14.5,,,,,2025-09-17 00:56:00
,,,3.0,10.0,6.8,320.0,,,14.5,,,,,2025-09-17 01:26:00
,,,2.9,10.0,6.4,324.0,,,14.5,,,,,2025-09-17 01:56:00
,,,3.0,10.0,6.5,324.0,,,14.5,,,,,2025-09-17 02:26:00
,,,2.7,10.0,6.3,313.0,,,14.5,,,,,2025-09-17 03:26:00
,,,2.8,10.0,6.5,322.0,,,14.5,,,,,2025-09-17 03:56:00
,,,2.8,8.0,6.6,309.0,,,14.5,,,,,2025-09-17 04:26:00
,,,2.8,10.0,6.5,323.0,,,14.5,,,,,2025-09-17 04:56:00
,,,2.8,9.0,6.6,305.0,,,14.4,,,,,2025-09-17 05:26:00
,,,2.6,8.0,6.5,300.0,,,14.4,,,,,2025-09-17 05:56:00
,,,2.5,8.0,6.4,300.0,,,14.4,,,,,2025-09-17 06:26:00
,,,2.6,9.0,6.5,315.0,,,14.4,,,,,2025-09-17 06:56:00
,,,2.7,8.0,6.5,296.0,,,14.4,,,,,2025-09-17 07:26:00
,,,2.7,10.0,6.4,310.0,,,14.4,,,,,2025-09-17 07:56:00
,,,2.5,9.0,6.3,310.0,,,14.4,,,,,2025-09-17 08:26:00
,,,2.5,9.0,6.5,308.0,,,14.4,,,,,2025-09-17 08:56:00
,,,2.4,9.0,6.1,312.0,,,14.4,,,,,2025-09-17 09:26:00
,,,2.4,9.0,6.3,312.0,,,14.4,,,,,2025-09-17 09:56:00
,,,2.6,8.0,6.4,303.0,,,14.4,,,,,2025-09-17 10:26:00
,,,2.5,9.0,6.3,317.0,,,14.4,,,,,2025-09-17 10:56:00
,,,2.5,8.0,6.2,317.0,,,14.4,,,,,2025-09-17 11:26:00
,,,2.5,9.0,6.3,313.0,,,14.4,,,,,2025-09-17 11:56:00
,,,2.6,9.0,6.3,315.0,,,14.4,,,,,2025-09-17 12:26:00
,,,2.5,8.0,5.9,313.0,,,14.4,,,,,2025-09-17 12:56:00
,,,2.5,8.0,6.1,316.0,,,14.4,,,,,2025-09-17 13:26:00
,,,2.6,9.0,6.1,312.0,,,14.4,,,,,2025-09-17 13:56:00
,,,2.3,8.0,5.9,299.0,,,14.4,,,,,2025-09-17 14:26:00
,,,2.4,7.0,5.8,289.0,,,14.4,,,,,2025-09-17 14:56:00
,,,2.5,8.0,5.8,306.0,,,14.4,,,,,2025-09-17 15:26:00
,,,2.4,7.0,5.5,253.0,,,14.4,,,,,2025-09-17 15:56:00
,,,2.5,8.0,5.8,303.0,,,14.4,,,,,2025-09-17 16:26:00
,,,2.5,6.0,5.8,234.0,,,14.4,,,,,2025-09-17 16:56:00
,,,2.7,7.0,5.9,237.0,,,14.4,,,,,2025-09-17 17:26:00
,,,2.6,7.0,5.8,246.0,,,14.4,,,,,2025-09-17 17:56:00
,,,2.6,7.0,5.9,236.0,,,14.4,,,,,2025-09-17 18:26:00
,,,2.4,7.0,5.9,243.0,,,14.4,,,,,2025-09-17 18:56:00
,,,2.3,7.0,5.8,223.0,,,14.4,,,,,2025-09-17 19:26:00
,,,2.2,8.0,5.9,261.0,,,14.4,,,,,2025-09-17 19:56:00
,,,2.4,7.0,5.9,230.0,,,14.4,,,,,2025-09-17 20:26:00
,,,2.4,7.0,5.9,232.0,,,14.4,,,,,2025-09-17 20:56:00
,,,2.4,8.0,6.0,240.0,,,14.4,,,,,2025-09-17 21:26:00
,,,2.3,7.0,6.0,236.0,,,14.4,,,,,2025-09-17 21:56:00
,,,2.3,8.0,6.0,239.0,,,14.4,,,,,2025-09-17 22:26:00
,,,2.5,8.0,6.3,234.0,,,14.4,,,,,2025-09-17 22:56:00
,,,2.6,8.0,6.4,232.0,,,14.4,,,,,2025-09-17 23:26:00
,,,2.7,8.0,6.5,232.0,,,14.4,,,,,2025-09-17 23:56:00
,,,2.7,8.0,6.5,243.0,,,14.4,,,,,2025-09-18 00:26:00
,,,2.6,8.0,6.4,239.0,,,14.4,,,,,2025-09-18 00:56:00
,,,2.7,8.0,6.5,240.0,,,14.4,,,,,2025-09-18 01:26:00
,,,2.7,8.0,6.5,239.0,,,14.4,,,,,2025-09-18 01:56:00
,,,2.7,8.0,6.5,246.0,,,14.4,,,,,2025-09-18 02:26:00
,,,2.7,8.0,6.5,244.0,,,14.4,,,,,2025-09-18 02:56:00
,,,2.6,8.0,6.4,236.0,,,14.4,,,,,2025-09-18 03:26:00
,,,2.7,8.0,6.6,240.0,,,14.4,,,,,2025-09-18 04:26:00
,,,2.6,8.0,6.5,251.0,,,14.4,,,,,2025-09-18 04:56:00
,,,2.8,8.0,6.6,246.0,,,14.4,,,,,2025-09-18 05:26:00
,,,2.9,8.0,6.8,254.0,,,14.4,,,,,2025-09-18 05:56:00
,,,2.6,8.0,6.7,241.0,,,14.4,,,,,2025-09-18 06:26:00
,,,2.5,8.0,6.6,240.0,,,14.4,,,,,2025-09-18 06:56:00
,,,2.6,8.0,6.8,240.0,,,14.4,,,,,2025-09-18 07:26:00
,,,2.7,9.0,6.8,239.0,,,14.4,,,,,2025-09-18 07:56:00
,,,2.7,9.0,6.9,236.0,,,14.4,,,,,2025-09-18 08:26:00
,,,2.7,8.0,6.9,243.0,,,14.4,,,,,2025-09-18 08:56:00
,,,2.7,9.0,7.1,233.0,,,14.4,,,,,2025-09-18 09:26:00
,,,2.3,9.0,6.5,236.0,,,14.4,,,,,2025-09-18 09:56:00
,,,2.8,9.0,6.7,239.0,,,14.4,,,,,2025-09-18 10:26:00
,,,2.8,11.0,6.9,261.0,,,14.4,,,,,2025-09-18 10:56:00
,,,2.9,8.0,6.9,247.0,,,14.4,,,,,2025-09-18 11:26:00
,,,3.1,11.0,7.0,247.0,,,14.4,,,,,2025-09-18 11:56:00
,,,3.3,11.0,7.1,253.0,,,14.4,,,,,2025-09-18 12:26:00
,,,3.1,11.0,6.9,253.0,,,14.4,,,,,2025-09-18 12:56:00
,,,3.2,10.0,6.7,250.0,,,14.4,,,,,2025-09-18 13:26:00
,,,3.3,10.0,6.8,246.0,,,14.4,,,,,2025-09-18 13:56:00
,,,3.4,11.0,6.9,260.0,,,14.4,,,,,2025-09-18 14:26:00
,,,3.5,11.0,6.8,250.0,,,14.4,,,,,2025-09-18 14:56:00
,,,3.3,10.0,6.8,251.0,,,14.4,,,,,2025-09-18 15:26:00
,,,3.4,10.0,6.9,258.0,,,14.4,,,,,2025-09-18 15:56:00
,,,3.5,10.0,7.0,244.0,,,14.4,,,,,2025-09-18 16:26:00
,,,3.6,9.0,7.0,244.0,,,14.4,,,,,2025-09-18 16:56:00
,,,3.7,9.0,7.3,250.0,,,14.4,,,,,2025-09-18 17:26:00
,,,4.0,10.0,7.4,257.0,,,14.4,,,,,2025-09-18 17:56:00
,,,4.3,9.0,7.7,250.0,,,14.4,,,,,2025-09-18 18:26:00
,,,4.1,9.0,7.4,247.0,,,14.4,,,,,2025-09-18 18:56:00
,,,4.1,10.0,7.5,250.0,,,14.4,,,,,2025-09-18 19:26:00
,,,4.3,11.0,7.8,254.0,,,14.4,,,,,2025-09-18 19:56:00
,,,4.0,10.0,7.6,257.0,,,14.4,,,,,2025-09-18 20:26:00
,,,4.2,11.0,7.8,261.0,,,14.4,,,,,2025-09-18 20:56:00
,,,4.1,11.0,7.6,250.0,,,14.4,,,,,2025-09-18 21:26:00
,,,3.9,10.0,7.7,257.0,,,14.4,,,,,2025-09-18 21:56:00
,,,3.8,10.0,7.6,251.0,,,14.4,,,,,2025-09-18 22:26:00
,,,4.1,11.0,8.0,261.0,,,14.4,,,,,2025-09-18 22:56:00
,,,3.7,10.0,7.8,254.0,,,14.4,,,,,2025-09-18 23:26:00
,,,4.1,11.0,8.2,263.0,,,14.4,,,,,2025-09-18 23:56:00
,,,3.8,9.0,7.6,251.0,,,14.4,,,,,2025-09-19 00:26:00
,,,3.8,11.0,8.0,260.0,,,14.4,,,,,2025-09-19 00:56:00
,,,3.9,12.0,8.2,263.0,,,14.4,,,,,2025-09-19 01:26:00
,,,3.8,10.0,8.0,258.0,,,14.4,,,,,2025-09-19 01:56:00
,,,3.8,11.0,8.2,258.0,,,14.4,,,,,2025-09-19 02:26:00
,,,4.0,12.0,8.5,268.0,,,14.4,,,,,2025-09-19 02:56:00
,,,3.5,11.0,8.0,261.0,,,14.4,,,,,2025-09-19 03:26:00
,,,3.4,9.0,7.7,248.0,,,14.4,,,,,2025-09-19 03:56:00
,,,3.7,12.0,8.2,260.0,,,14.4,,,,,2025-09-19 04:26:00
,,,3.2,12.0,7.9,263.0,,,14.4,,,,,2025-09-19 04:56:00
,,,3.6,12.0,8.3,257.0,,,14.4,,,,,2025-09-19 05:26:00
,,,3.1,12.0,7.9,260.0,,,14.4,,,,,2025-09-19 05:56:00
,,,3.0,11.0,8.0,264.0,,,14.4,,,,,2025-09-19 06:26:00
,,,3.3,11.0,8.3,265.0,,,14.4,,,,,2025-09-19 06:56:00
,,,3.1,11.0,8.2,260.0,,,14.4,,,,,2025-09-19 07:26:00
,,,3.0,12.0,8.2,264.0,,,14.4,,,,,2025-09-19 07:56:00
,,,2.9,11.0,7.8,255.0,,,14.4,,,,,2025-09-19 09:26:00
,,,3.0,11.0,8.0,271.0,,,14.4,,,,,2025-09-19 09:56:00
,,,3.2,11.0,8.1,265.0,,,14.4,,,,,2025-09-19 10:26:00
,,,2.7,11.0,7.6,264.0,,,14.4,,,,,2025-09-19 10:56:00
,,,2.9,10.0,7.8,264.0,,,14.4,,,,,2025-09-19 11:26:00
,,,3.2,11.0,7.9,263.0,,,14.4,,,,,2025-09-19 11:56:00
,,,3.0,11.0,8.0,258.0,,,14.4,,,,,2025-09-19 12:26:00
,,,3.1,11.0,7.5,264.0,,,14.4,,,,,2025-09-19 12:56:00
,,,3.0,11.0,7.5,260.0,,,14.4,,,,,2025-09-19 13:26:00
,,,2.9,11.0,7.7,264.0,,,14.4,,,,,2025-09-19 13:56:00
,,,2.8,11.0,7.3,267.0,,,14.4,,,,,2025-09-19 14:26:00
,,,2.9,11.0,7.4,255.0,,,14.4,,,,,2025-09-19 14:56:00
,,,2.8,11.0,7.3,254.0,,,14.4,,,,,2025-09-19 15:26:00
,,,2.9,11.0,7.4,257.0,,,14.4,,,,,2025-09-19 15:56:00
,,,3.0,11.0,7.2,260.0,,,14.4,,,,,2025-09-19 16:26:00
,,,2.7,11.0,6.8,248.0,,,14.4,,,,,2025-09-19 16:56:00
,,,2.7,11.0,6.8,258.0,,,14.4,,,,,2025-09-19 17:26:00
,,,2.9,11.0,6.9,257.0,,,14.4,,,,,2025-09-19 17:56:00
,,,2.8,10.0,6.7,255.0,,,14.4,,,,,2025-09-19 18:26:00
,,,3.1,11.0,6.9,258.0,,,14.4,,,,,2025-09-19 18:56:00
,,,2.9,11.0,6.5,258.0,,,14.4,,,,,2025-09-19 19:26:00
,,,3.1,10.0,6.9,255.0,,,14.4,,,,,2025-09-19 19:56:00
,,,3.0,10.0,6.8,260.0,,,14.4,,,,,2025-09-19 20:26:00
,,,3.0,11.0,6.5,246.0,,,14.4,,,,,2025-09-19 20:56:00
,,,3.1,10.0,6.8,255.0,,,14.4,,,,,2025-09-19 21:26:00
,,,3.1,11.0,6.8,247.0,,,14.4,,,,,2025-09-19 21:56:00
,,,3.0,9.0,6.7,247.0,,,14.4,,,,,2025-09-19 22:26:00
,,,3.2,10.0,7.3,263.0,,,14.4,,,,,2025-09-19 22:56:00
,,,3.0,10.0,7.0,251.0,,,14.4,,,,,2025-09-19 23:26:00
,,,3.0,10.0,7.2,255.0,,,14.4,,,,,2025-09-19 23:56:00
,,,3.0,11.0,6.9,254.0,,,14.4,,,,,2025-09-20 00:26:00
,,,3.0,10.0,7.1,250.0,,,14.4,,,,,2025-09-20 00:56:00
,,,3.3,11.0,7.2,253.0,,,14.4,,,,,2025-09-20 01:26:00
,,,3.3,9.0,7.2,253.0,,,14.4,,,,,2025-09-20 01:56:00
,,,3.4,11.0,7.2,247.0,,,14.3,,,,,2025-09-20 02:26:00
,,,3.5,11.0,7.3,250.0,,,14.3,,,,,2025-09-20 02:56:00
,,,3.5,8.0,7.2,246.0,,,14.3,,,,,2025-09-20 03:26:00
,,,3.5,11.0,7.0,258.0,,,14.3,,,,,2025-09-20 03:56:00
,,,3.8,10.0,7.4,247.0,,,14.3,,,,,2025-09-20 04:26:00
,,,3.5,11.0,7.1,251.0,,,14.3,,,,,2025-09-20 04:56:00
,,,3.5,10.0,7.2,257.0,,,14.3,,,,,2025-09-20 05:26:00
,,,3.6,11.0,7.3,257.0,,,14.3,,,,,2025-09-20 05:56:00
,,,3.8,10.0,7.3,260.0,,,14.3,,,,,2025-09-20 06:26:00
,,,3.8,10.0,7.4,251.0,,,14.3,,,,,2025-09-20 06:56:00
,,,3.8,9.0,7.2,251.0,,,14.3,,,,,2025-09-20 07:26:00
,,,3.6,8.0,7.0,257.0,,,14.3,,,,,2025-09-20 07:56:00
,,,3.8,10.0,7.2,253.0,,,14.3,,,,,2025-09-20 08:26:00
,,,3.8,11.0,7.2,261.0,,,14.3,,,,,2025-09-20 08:56:00
,,,3.9,10.0,7.4,260.0,,,14.3,,,,,2025-09-20 09:26:00
,,,4.3,10.0,7.5,261.0,,,14.3,,,,,2025-09-20 09:56:00
,,,4.1,9.0,7.2,255.0,,,14.3,,,,,2025-09-20 10:26:00
,,,4.2,9.0,7.4,257.0,,,14.3,,,,,2025-09-20 10:56:00
,,,4.5,11.0,7.6,257.0,,,14.3,,,,,2025-09-20 11:26:00
,,,4.2,9.0,7.6,253.0,,,14.2,,,,,2025-09-20 11:56:00
,,,4.4,10.0,7.7,253.0,,,14.2,,,,,2025-09-20 12:26:00
,,,4.8,10.0,8.0,251.0,,,14.2,,,,,2025-09-20 12:56:00
,,,4.3,10.0,7.8,254.0,,,14.2,,,,,2025-09-20 13:26:00
,,,4.2,10.0,7.7,263.0,,,14.2,,,,,2025-09-20 13:56:00
,,,4.7,10.0,7.9,263.0,,,14.2,,,,,2025-09-20 14:26:00
,,,4.4,11.0,7.7,265.0,,,14.2,,,,,2025-09-20 14:56:00
,,,4.7,11.0,8.1,268.0,,,14.2,,,,,2025-09-20 15:26:00
,,,5.4,10.0,8.4,263.0,,,14.2,,,,,2025-09-20 15:56:00
,,,4.9,10.0,8.1,255.0,,,14.1,,,,,2025-09-20 16:26:00
,,,5.3,11.0,8.2,257.0,,,14.1,,,,,2025-09-20 16:56:00
,,,4.9,11.0,8.2,260.0,,,14.1,,,,,2025-09-20 17:26:00
,,,5.0,12.0,8.2,264.0,,,14.1,,,,,2025-09-20 17:56:00
,,,5.4,11.0,8.5,263.0,,,14.1,,,,,2025-09-20 18:26:00
,,,5.0,11.0,8.2,260.0,,,14.1,,,,,2025-09-20 18:56:00
,,,5.0,10.0,8.2,263.0,,,14.1,,,,,2025-09-20 19:26:00
,,,5.3,11.0,8.6,260.0,,,14.1,,,,,2025-09-20 19:56:00
,,,5.5,11.0,8.7,263.0,,,14.1,,,,,2025-09-20 20:26:00
,,,5.1,12.0,8.4,263.0,,,14.1,,,,,2025-09-20 20:56:00
,,,5.4,11.0,8.7,263.0,,,14.1,,,,,2025-09-20 21:26:00
,,,5.3,12.0,8.6,267.0,,,14.1,,,,,2025-09-20 21:56:00
,,,5.2,11.0,8.4,267.0,,,14.1,,,,,2025-09-20 22:56:00
,,,5.1,13.0,8.7,268.0,,,14.1,,,,,2025-09-20 23:26:00
,,,5.0,12.0,8.4,272.0,,,14.1,,,,,2025-09-20 23:56:00
,,,5.2,11.0,8.3,263.0,,,14.1,,,,,2025-09-21 00:26:00
,,,5.4,12.0,8.7,267.0,,,14.1,,,,,2025-09-21 00:56:00
,,,5.1,12.0,8.5,267.0,,,14.0,,,,,2025-09-21 01:26:00
,,,5.2,12.0,8.7,267.0,,,14.0,,,,,2025-09-21 01:56:00
,,,5.3,11.0,8.7,268.0,,,14.0,,,,,2025-09-21 02:26:00
,,,5.2,12.0,8.6,272.0,,,14.0,,,,,2025-09-21 02:56:00
,,,4.5,12.0,8.0,279.0,,,14.0,,,,,2025-09-21 03:26:00
,,,5.4,12.0,8.8,271.0,,,14.0,,,,,2025-09-21 03:56:00
,,,5.3,12.0,8.9,274.0,,,14.0,,,,,2025-09-21 04:26:00
,,,5.0,12.0,8.7,270.0,,,14.0,,,,,2025-09-21 04:56:00
,,,4.9,12.0,8.6,275.0,,,14.0,,,,,2025-09-21 05:26:00
,,,4.7,12.0,8.5,267.0,,,14.0,,,,,2025-09-21 05:56:00
,,,4.8,11.0,8.4,267.0,,,14.0,,,,,2025-09-21 06:26:00
,,,4.8,11.0,8.6,272.0,,,14.0,,,,,2025-09-21 06:56:00
,,,4.3,12.0,8.4,261.0,,,14.0,,,,,2025-09-21 07:26:00
,,,4.3,11.0,8.6,264.0,,,14.0,,,,,2025-09-21 07:56:00
,,,4.0,12.0,8.1,270.0,,,14.0,,,,,2025-09-21 08:26:00
,,,4.0,13.0,8.1,272.0,,,14.0,,,,,2025-09-21 08:56:00
,,,4.3,11.0,8.5,267.0,,,14.0,,,,,2025-09-21 09:26:00
,,,3.9,12.0,8.3,272.0,,,14.0,,,,,2025-09-21 09:56:00
,,,3.6,12.0,8.2,278.0,,,14.0,,,,,2025-09-21 10:26:00
,,,3.3,11.0,7.8,268.0,,,14.0,,,,,2025-09-21 10:56:00
,,,3.6,11.0,8.1,272.0,,,14.0,,,,,2025-09-21 11:26:00
,,,3.8,12.0,8.2,275.0,,,14.0,,,,,2025-09-21 11:56:00
,,,3.7,11.0,8.0,272.0,,,14.0,,,,,2025-09-21 12:26:00
,,,3.6,12.0,8.0,275.0,,,14.0,,,,,2025-09-21 12:56:00
,,,3.5,11.0,7.8,267.0,,,14.0,,,,,2025-09-21 13:26:00
,,,3.5,12.0,8.1,271.0,,,14.0,,,,,2025-09-21 13:56:00
,,,3.5,10.0,8.0,272.0,,,14.0,,,,,2025-09-21 14:26:00
,,,3.5,13.0,7.7,279.0,,,14.0,,,,,2025-09-21 14:56:00
,,,3.5,12.0,7.7,275.0,,,14.0,,,,,2025-09-21 15:26:00
,,,3.6,12.0,7.8,272.0,,,14.0,,,,,2025-09-21 15:56:00
,,,3.3,13.0,7.9,285.0,,,14.0,,,,,2025-09-21 16:26:00
,,,3.3,12.0,7.8,277.0,,,14.0,,,,,2025-09-21 16:56:00
,,,3.3,11.0,7.8,274.0,,,14.0,,,,,2025-09-21 17:26:00
,,,3.1,11.0,7.3,274.0,,,14.0,,,,,2025-09-21 17:56:00
,,,3.2,12.0,7.3,288.0,,,14.0,,,,,2025-09-21 18:26:00
,,,3.2,11.0,7.2,277.0,,,14.0,,,,,2025-09-21 18:56:00
,,,3.2,11.0,6.6,279.0,,,14.0,,,,,2025-09-21 19:26:00
,,,3.4,11.0,7.3,277.0,,,14.0,,,,,2025-09-21 19:56:00
,,,3.4,11.0,7.0,278.0,,,14.0,,,,,2025-09-21 20:26:00
,,,3.5,11.0,7.0,286.0,,,14.0,,,,,2025-09-21 20:56:00
,,,3.5,11.0,7.1,274.0,,,14.0,,,,,2025-09-21 21:26:00
,,,3.4,11.0,7.1,277.0,,,14.0,,,,,2025-09-21 21:56:00
,,,3.5,11.0,7.0,279.0,,,14.0,,,,,2025-09-21 22:26:00
,,,3.3,11.0,6.9,275.0,,,14.0,,,,,2025-09-21 22:56:00
,,,3.3,11.0,6.8,272.0,,,14.0,,,,,2025-09-21 23:26:00
,,,3.3,8.0,6.8,234.0,,,14.0,,,,,2025-09-21 23:56:00
,,,3.4,11.0,7.2,270.0,,,14.0,,,,,2025-09-22 00:26:00
,,,3.2,10.0,6.6,275.0,,,14.0,,,,,2025-09-22 00:56:00
,,,3.4,8.0,6.9,255.0,,,14.0,,,,,2025-09-22 01:26:00
,,,3.4,8.0,6.7,260.0,,,14.0,,,,,2025-09-22 01:56:00
,,,3.3,8.0,6.5,258.0,,,14.0,,,,,2025-09-22 02:26:00
,,,3.2,8.0,6.7,253.0,,,14.0,,,,,2025-09-22 02:56:00
,,,3.5,8.0,6.7,241.0,,,14.0,,,,,2025-09-22 03:26:00
,,,3.4,11.0,6.9,278.0,,,13.9,,,,,2025-09-22 03:56:00
,,,3.2,7.0,6.6,264.0,,,13.9,,,,,2025-09-22 04:26:00
,,,3.4,8.0,6.7,263.0,,,13.9,,,,,2025-09-22 04:56:00
,,,3.1,11.0,6.7,271.0,,,13.9,,,,,2025-09-22 05:26:00
,,,3.3,8.0,7.0,264.0,,,13.9,,,,,2025-09-22 05:56:00
,,,3.4,8.0,6.7,250.0,,,13.9,,,,,2025-09-22 06:26:00
,,,3.3,10.0,6.9,272.0,,,13.9,,,,,2025-09-22 07:26:00
,,,3.1,9.0,6.8,257.0,,,13.9,,,,,2025-09-22 07:56:00
,,,3.2,8.0,7.0,267.0,,,13.9,,,,,2025-09-22 08:26:00
,,,3.4,8.0,6.8,264.0,,,13.9,,,,,2025-09-22 08:56:00
,,,3.4,9.0,6.9,261.0,,,13.9,,,,,2025-09-22 09:26:00
,,,3.5,10.0,6.8,278.0,,,13.8,,,,,2025-09-22 09:56:00
,,,3.6,10.0,6.9,277.0,,,13.8,,,,,2025-09-22 10:26:00
,,,3.7,9.0,7.0,268.0,,,13.8,,,,,2025-09-22 10:56:00
,,,3.8,9.0,6.8,268.0,,,13.8,,,,,2025-09-22 11:26:00
,,,4.0,9.0,6.9,263.0,,,13.8,,,,,2025-09-22 11:56:00
,,,4.2,9.0,7.2,267.0,,,13.8,,,,,2025-09-22 12:26:00
,,,3.9,9.0,7.0,272.0,,,13.8,,,,,2025-09-22 12:56:00
,,,3.8,9.0,7.1,270.0,,,13.8,,,,,2025-09-22 13:26:00
,,,4.3,9.0,7.2,271.0,,,13.8,,,,,2025-09-22 13:56:00
,,,4.2,10.0,7.3,277.0,,,13.8,,,,,2025-09-22 14:26:00
,,,4.3,9.0,7.4,268.0,,,13.8,,,,,2025-09-22 14:56:00
,,,4.3,9.0,7.3,270.0,,,13.7,,,,,2025-09-22 15:26:00
,,,4.4,9.0,7.4,267.0,,,13.7,,,,,2025-09-22 15:56:00
,,,4.1,10.0,7.4,277.0,,,13.7,,,,,2025-09-22 16:26:00
,,,4.7,10.0,7.8,271.0,,,13.7,,,,,2025-09-22 16:56:00
,,,4.3,11.0,7.5,267.0,,,13.7,,,,,2025-09-22 17:26:00
,,,4.6,11.0,8.1,268.0,,,13.6,,,,,2025-09-22 17:56:00
,,,4.2,11.0,7.8,263.0,,,13.6,,,,,2025-09-22 18:26:00
,,,4.0,10.0,7.5,270.0,,,13.6,,,,,2025-09-22 18:56:00
,,,4.3,11.0,8.1,271.0,,,13.7,,,,,2025-09-22 19:26:00
,,,4.1,11.0,7.8,267.0,,,13.7,,,,,2025-09-22 19:56:00
,,,3.9,11.0,7.9,265.0,,,13.7,,,,,2025-09-22 20:26:00
,,,4.5,11.0,8.4,272.0,,,13.7,,,,,2025-09-22 20:56:00
,,,4.0,11.0,7.9,274.0,,,13.7,,,,,2025-09-22 21:26:00
,,,4.4,11.0,8.2,275.0,,,13.7,,,,,2025-09-22 21:56:00
,,,4.5,11.0,8.4,278.0,,,13.7,,,,,2025-09-22 22:26:00
,,,3.8,11.0,7.8,272.0,,,13.7,,,,,2025-09-22 22:56:00
,,,4.2,11.0,8.5,285.0,,,13.7,,,,,2025-09-22 23:26:00
,,,4.2,11.0,8.3,274.0,,,13.7,,,,,2025-09-22 23:56:00
,,,4.3,11.0,8.5,281.0,,,13.7,,,,,2025-09-23 00:26:00
,,,4.3,11.0,8.4,282.0,,,13.7,,,,,2025-09-23 00:56:00
,,,4.2,11.0,8.2,286.0,,,13.7,,,,,2025-09-23 01:26:00
,,,3.8,11.0,7.8,289.0,,,13.7,,,,,2025-09-23 01:56:00
,,,4.1,11.0,8.2,279.0,,,13.7,,,,,2025-09-23 02:26:00
,,,4.1,11.0,8.2,284.0,,,13.7,,,,,2025-09-23 02:56:00
,,,4.0,11.0,8.2,288.0,,,13.7,,,,,2025-09-23 03:26:00
,,,3.7,10.0,7.8,281.0,,,13.7,,,,,2025-09-23 03:56:00
,,,3.8,11.0,7.9,275.0,,,13.7,,,,,2025-09-23 04:26:00
,,,3.6,11.0,7.8,288.0,,,13.7,,,,,2025-09-23 04:56:00
,,,3.6,11.0,7.9,281.0,,,13.7,,,,,2025-09-23 05:26:00
,,,3.5,10.0,7.5,285.0,,,13.7,,,,,2025-09-23 05:56:00
,,,3.6,12.0,7.9,291.0,,,13.7,,,,,2025-09-23 06:26:00
,,,3.9,12.0,8.2,288.0,,,13.7,,,,,2025-09-23 06:56:00
,,,3.6,11.0,8.0,288.0,,,13.6,,,,,2025-09-23 07:26:00
,,,3.2,12.0,7.8,288.0,,,13.6,,,,,2025-09-23 07:56:00
,,,3.1,11.0,7.6,279.0,,,13.6,,,,,2025-09-23 08:26:00
,,,2.8,11.0,7.8,285.0,,,13.6,,,,,2025-09-23 08:56:00
,,,3.3,12.0,8.2,281.0,,,13.6,,,,,2025-09-23 09:26:00
,,,3.1,12.0,8.1,279.0,,,13.6,,,,,2025-09-23 09:56:00
,,,2.9,12.0,7.8,281.0,,,13.6,,,,,2025-09-23 10:26:00
,,,3.1,12.0,8.1,275.0,,,13.6,,,,,2025-09-23 10:56:00
,,,3.1,12.0,8.1,284.0,,,13.6,,,,,2025-09-23 11:26:00
,,,3.0,11.0,8.1,286.0,,,13.6,,,,,2025-09-23 11:56:00
,,,3.2,12.0,8.2,292.0,,,13.6,,,,,2025-09-23 12:26:00
,,,3.1,12.0,8.2,291.0,,,13.6,,,,,2025-09-23 12:56:00
,,,3.0,11.0,8.0,289.0,,,13.6,,,,,2025-09-23 13:26:00
,,,3.1,12.0,7.9,298.0,,,13.6,,,,,2025-09-23 13:56:00
,,,3.3,12.0,8.3,298.0,,,13.6,,,,,2025-09-23 14:26:00
,,,3.0,11.0,8.1,292.0,,,13.6,,,,,2025-09-23 14:56:00
,,,3.1,11.0,8.1,291.0,,,13.6,,,,,2025-09-23 15:26:00
,,,2.9,11.0,7.9,293.0,,,13.6,,,,,2025-09-23 15:56:00
,,,2.8,11.0,7.8,296.0,,,13.6,,,,,2025-09-23 16:26:00
,,,2.9,11.0,7.9,296.0,,,13.6,,,,,2025-09-23 16:56:00
,,,2.8,11.0,7.6,292.0,,,13.6,,,,,2025-09-23 17:26:00
,,,2.7,11.0,7.6,299.0,,,13.6,,,,,2025-09-23 17:56:00
,,,2.8,11.0,7.3,300.0,,,13.6,,,,,2025-09-23 18:26:00
,,,2.6,11.0,7.4,302.0,,,13.6,,,,,2025-09-23 18:56:00
,,,2.8,11.0,7.4,303.0,,,13.6,,,,,2025-09-23 19:26:00
,,,2.8,10.0,7.5,302.0,,,13.7,,,,,2025-09-23 19:56:00
,,,2.6,10.0,7.5,296.0,,,13.7,,,,,2025-09-23 20:26:00
,,,2.6,10.0,7.6,306.0,,,13.7,,,,,2025-09-23 20:56:00
,,,2.6,10.0,7.7,300.0,,,13.7,,,,,2025-09-23 21:26:00
,,,2.7,11.0,8.0,293.0,,,13.7,,,,,2025-09-23 21:56:00
,,,2.5,10.0,7.5,289.0,,,13.7,,,,,2025-09-23 22:26:00
,,,2.6,9.0,7.4,293.0,,,13.7,,,,,2025-09-23 22:56:00
,,,2.6,10.0,7.7,300.0,,,13.7,,,,,2025-09-23 23:26:00
,,,2.3,10.0,7.2,288.0,,,13.7,,,,,2025-09-23 23:56:00
,,,2.6,10.0,7.5,295.0,,,13.7,,,,,2025-09-24 00:26:00
,,,2.8,10.0,7.7,284.0,,,13.6,,,,,2025-09-24 00:56:00
,,,2.7,11.0,7.2,298.0,,,13.6,,,,,2025-09-24 01:26:00
,,,2.7,10.0,7.2,293.0,,,13.6,,,,,2025-09-24 01:56:00
,,,2.6,10.0,7.0,305.0,,,13.6,,,,,2025-09-24 02:26:00
,,,2.5,11.0,6.9,296.0,,,13.6,,,,,2025-09-24 02:56:00
,,,2.5,11.0,7.0,302.0,,,13.6,,,,,2025-09-24 03:26:00
,,,2.5,10.0,7.0,293.0,,,13.6,,,,,2025-09-24 03:56:00
,,,2.5,11.0,6.8,286.0,,,13.6,,,,,2025-09-24 04:26:00
,,,2.5,11.0,6.8,299.0,,,13.6,,,,,2025-09-24 04:56:00
,,,2.6,10.0,6.7,296.0,,,13.6,,,,,2025-09-24 05:26:00
,,,2.5,10.0,6.4,296.0,,,13.6,,,,,2025-09-24 05:56:00
,,,2.5,11.0,6.6,299.0,,,13.6,,,,,2025-09-24 06:26:00
,,,2.7,11.0,6.2,303.0,,,13.6,,,,,2025-09-24 06:56:00
,,,2.7,10.0,6.3,302.0,,,13.6,,,,,2025-09-24 07:26:00
,,,2.6,6.0,5.9,239.0,,,13.6,,,,,2025-09-24 07:56:00
,,,2.9,10.0,6.2,308.0,,,13.6,,,,,2025-09-24 08:26:00
,,,3.0,7.0,6.2,250.0,,,13.6,,,,,2025-09-24 08:56:00
,,,3.0,6.0,6.1,233.0,,,13.6,,,,,2025-09-24 09:26:00
,,,3.3,7.0,6.2,248.0,,,13.6,,,,,2025-09-24 09:56:00
,,,3.5,7.0,6.2,246.0,,,13.6,,,,,2025-09-24 10:26:00
,,,3.2,7.0,6.1,229.0,,,13.6,,,,,2025-09-24 10:56:00
,,,3.5,7.0,6.4,243.0,,,13.6,,,,,2025-09-24 11:26:00
,,,3.7,8.0,6.5,241.0,,,13.5,,,,,2025-09-24 11:56:00
,,,3.9,8.0,6.6,240.0,,,13.5,,,,,2025-09-24 12:26:00
,,,4.0,8.0,6.8,250.0,,,13.5,,,,,2025-09-24 12:56:00
,,,4.1,8.0,6.6,255.0,,,13.5,,,,,2025-09-24 13:26:00
,,,4.2,8.0,6.9,239.0,,,13.4,,,,,2025-09-24 13:56:00
,,,4.4,8.0,7.0,233.0,,,13.4,,,,,2025-09-24 14:26:00
,,,4.4,8.0,7.2,237.0,,,13.4,,,,,2025-09-24 14:56:00
,,,4.1,10.0,7.3,258.0,,,13.4,,,,,2025-09-24 15:26:00
,,,3.9,9.0,7.4,248.0,,,13.3,,,,,2025-09-24 15:56:00
,,,4.2,9.0,7.6,241.0,,,13.3,,,,,2025-09-24 16:26:00
,,,4.1,11.0,7.7,254.0,,,13.3,,,,,2025-09-24 16:56:00
,,,4.0,10.0,8.0,244.0,,,13.3,,,,,2025-09-24 17:26:00
,,,3.7,10.0,7.8,253.0,,,13.3,,,,,2025-09-24 17:56:00
,,,3.8,10.0,7.7,261.0,,,13.4,,,,,2025-09-24 18:26:00
,,,4.2,10.0,8.3,260.0,,,13.3,,,,,2025-09-24 18:56:00
,,,4.4,11.0,8.4,260.0,,,13.4,,,,,2025-09-24 19:26:00
,,,3.9,11.0,7.8,261.0,,,13.4,,,,,2025-09-24 19:56:00
,,,4.2,11.0,8.4,255.0,,,13.4,,,,,2025-09-24 20:26:00
,,,3.9,11.0,7.8,260.0,,,13.4,,,,,2025-09-24 20:56:00
,,,4.1,10.0,8.0,261.0,,,13.3,,,,,2025-09-24 21:26:00
,,,4.2,12.0,8.2,268.0,,,13.4,,,,,2025-09-24 21:56:00
,,,4.4,11.0,8.3,257.0,,,13.4,,,,,2025-09-24 22:26:00
,,,4.5,11.0,8.3,265.0,,,13.4,,,,,2025-09-24 22:56:00
,,,4.2,11.0,8.0,264.0,,,13.4,,,,,2025-09-24 23:26:00
,,,4.4,13.0,8.0,272.0,,,13.4,,,,,2025-09-24 23:56:00
,,,4.4,10.0,7.9,254.0,,,13.3,,,,,2025-09-25 00:26:00
,,,4.7,11.0,8.2,270.0,,,13.4,,,,,2025-09-25 00:56:00
,,,4.6,11.0,8.1,270.0,,,13.4,,,,,2025-09-25 01:26:00
,,,4.2,11.0,7.8,267.0,,,13.4,,,,,2025-09-25 01:56:00
,,,4.7,11.0,7.8,274.0,,,13.4,,,,,2025-09-25 02:26:00
,,,4.6,11.0,7.8,272.0,,,13.3,,,,,2025-09-25 02:56:00
,,,4.9,11.0,8.3,272.0,,,13.3,,,,,2025-09-25 03:26:00
,,,4.5,11.0,7.8,272.0,,,13.3,,,,,2025-09-25 03:56:00
,,,4.1,11.0,7.4,261.0,,,13.3,,,,,2025-09-25 04:26:00
,,,4.7,12.0,8.0,277.0,,,13.3,,,,,2025-09-25 04:56:00
,,,4.9,12.0,7.9,282.0,,,13.2,,,,,2025-09-25 05:26:00
,,,5.4,13.0,8.7,277.0,,,13.2,,,,,2025-09-25 05:56:00
,,,5.3,12.0,8.7,278.0,,,13.2,,,,,2025-09-25 06:26:00
,,,5.3,12.0,9.0,274.0,,,13.2,,,,,2025-09-25 06:56:00
,,,5.8,13.0,9.0,274.0,,,13.2,,,,,2025-09-25 07:26:00
,,,5.2,13.0,8.9,274.0,,,13.2,,,,,2025-09-25 07:56:00
,,,5.6,13.0,9.6,272.0,,,13.2,,,,,2025-09-25 08:26:00
,,,5.8,13.0,9.7,274.0,,,13.2,,,,,2025-09-25 08:56:00
,,,5.9,13.0,9.5,278.0,,,13.2,,,,,2025-09-25 09:26:00
,,,5.7,14.0,9.9,278.0,,,13.2,,,,,2025-09-25 09:56:00
,,,5.4,15.0,9.7,275.0,,,13.2,,,,,2025-09-25 10:26:00
,,,5.4,14.0,9.9,278.0,,,13.2,,,,,2025-09-25 10:56:00
,,,5.5,13.0,9.8,274.0,,,13.2,,,,,2025-09-25 11:26:00
,,,5.4,15.0,10.0,282.0,,,13.2,,,,,2025-09-25 11:56:00
,,,5.8,14.0,10.4,281.0,,,13.2,,,,,2025-09-25 12:26:00
,,,5.9,14.0,10.8,285.0,,,13.2,,,,,2025-09-25 12:56:00
,,,5.7,14.0,10.0,291.0,,,13.2,,,,,2025-09-25 13:26:00
,,,5.9,14.0,10.2,291.0,,,13.2,,,,,2025-09-25 13:56:00
,,,5.4,14.0,9.7,289.0,,,13.2,,,,,2025-09-25 14:26:00
,,,5.7,15.0,9.9,295.0,,,13.2,,,,,2025-09-25 14:56:00
,,,5.7,15.0,10.0,292.0,,,13.1,,,,,2025-09-25 15:26:00
,,,5.8,15.0,10.2,295.0,,,13.1,,,,,2025-09-25 15:56:00
,,,5.6,15.0,10.1,296.0,,,13.1,,,,,2025-09-25 16:26:00
,,,5.9,12.0,10.2,285.0,,,13.1,,,,,2025-09-25 16:56:00
,,,5.6,13.0,9.4,293.0,,,13.1,,,,,2025-09-25 17:26:00
,,,5.5,15.0,9.6,295.0,,,13.1,,,,,2025-09-25 17:56:00
,,,5.9,13.0,9.9,293.0,,,13.1,,,,,2025-09-25 18:26:00
,,,6.2,13.0,10.2,292.0,,,13.1,,,,,2025-09-25 18:56:00
,,,5.6,13.0,9.8,295.0,,,13.1,,,,,2025-09-25 19:26:00
,,,6.0,14.0,10.4,296.0,,,13.1,,,,,2025-09-25 19:56:00
,,,5.5,14.0,9.9,292.0,,,13.1,,,,,2025-09-25 20:26:00
,,,5.2,13.0,9.4,284.0,,,13.1,,,,,2025-09-25 20:56:00
,,,5.5,15.0,10.3,291.0,,,13.1,,,,,2025-09-25 21:26:00
,,,5.3,15.0,9.8,289.0,,,13.2,,,,,2025-09-25 21:56:00
,,,5.0,14.0,9.9,285.0,,,13.1,,,,,2025-09-25 22:26:00
,,,4.6,13.0,9.2,291.0,,,13.1,,,,,2025-09-25 22:56:00
,,,5.1,15.0,10.1,282.0,,,13.2,,,,,2025-09-25 23:26:00
,,,5.0,14.0,10.1,289.0,,,13.1,,,,,2025-09-25 23:56:00
,,,4.4,14.0,9.2,282.0,,,13.1,,,,,2025-09-26 00:26:00
,,,4.5,13.0,9.1,292.0,,,13.1,,,,,2025-09-26 00:56:00
,,,4.6,15.0,9.4,286.0,,,13.1,,,,,2025-09-26 01:26:00
,,,4.4,14.0,9.1,289.0,,,13.1,,,,,2025-09-26 01:56:00
,,,4.6,15.0,8.9,292.0,,,13.1,,,,,2025-09-26 02:26:00
,,,4.8,15.0,9.3,291.0,,,13.1,,,,,2025-09-26 02:56:00
,,,4.4,14.0,8.3,288.0,,,13.1,,,,,2025-09-26 03:26:00
,,,4.8,15.0,8.3,293.0,,,13.1,,,,,2025-09-26 03:56:00
,,,5.0,14.0,8.5,293.0,,,13.1,,,,,2025-09-26 04:26:00
,,,5.0,14.0,8.2,291.0,,,13.1,,,,,2025-09-26 04:56:00
,,,5.6,13.0,8.3,306.0,,,13.1,,,,,2025-09-26 05:26:00
,,,5.7,14.0,8.5,291.0,,,13.1,,,,,2025-09-26 05:56:00
,,,5.7,9.0,8.3,253.0,,,13.1,,,,,2025-09-26 06:26:00
,,,5.7,11.0,8.3,281.0,,,13.1,,,,,2025-09-26 06:56:00
,,,5.9,9.0,8.3,255.0,,,13.0,,,,,2025-09-26 07:26:00
,,,5.5,13.0,8.2,291.0,,,13.0,,,,,2025-09-26 07:56:00
,,,5.8,11.0,8.3,282.0,,,13.0,,,,,2025-09-26 08:26:00
,,,5.7,11.0,8.3,285.0,,,13.0,,,,,2025-09-26 08:56:00
,,,5.6,10.0,8.3,275.0,,,13.0,,,,,2025-09-26 09:26:00
,,,5.6,10.0,8.4,270.0,,,13.0,,,,,2025-09-26 09:56:00
,,,5.5,11.0,8.2,274.0,,,12.9,,,,,2025-09-26 10:26:00
,,,5.6,11.0,8.4,264.0,,,12.9,,,,,2025-09-26 10:56:00
,,,5.4,11.0,8.3,272.0,,,12.9,,,,,2025-09-26 11:26:00
,,,4.9,9.0,7.9,271.0,,,12.9,,,,,2025-09-26 11:56:00
,,,5.1,11.0,8.1,278.0,,,12.9,,,,,2025-09-26 12:26:00
,,,5.2,10.0,8.3,268.0,,,12.9,,,,,2025-09-26 12:56:00
,,,4.8,10.0,8.2,277.0,,,12.9,,,,,2025-09-26 13:26:00
,,,4.8,12.0,8.1,282.0,,,12.9,,,,,2025-09-26 13:56:00
,,,5.2,10.0,8.2,264.0,,,12.9,,,,,2025-09-26 14:26:00
,,,4.8,11.0,8.2,268.0,,,12.9,,,,,2025-09-26 14:56:00
,,,4.9,10.0,8.0,272.0,,,12.9,,,,,2025-09-26 15:26:00
,,,5.1,12.0,8.4,286.0,,,12.8,,,,,2025-09-26 15:56:00
,,,4.8,12.0,8.0,279.0,,,12.8,,,,,2025-09-26 16:26:00
,,,5.1,10.0,8.2,270.0,,,12.8,,,,,2025-09-26 16:56:00
,,,,,,,,,12.8,,,,,2025-09-26 17:30:00
,,,4.7,11.0,8.1,279.0,,,12.8,,,,,2025-09-26 17:56:00
,,,4.7,11.0,7.8,279.0,,,12.8,,,,,2025-09-26 18:26:00
,,,5.0,11.0,8.2,267.0,,,12.8,,,,,2025-09-26 18:56:00
,,,5.0,11.0,8.1,272.0,,,12.8,,,,,2025-09-26 19:26:00
,,,5.2,11.0,8.3,277.0,,,12.8,,,,,2025-09-26 19:56:00
,,,5.1,11.0,8.1,265.0,,,12.8,,,,,2025-09-26 20:26:00
,,,5.2,11.0,8.2,248.0,,,12.8,,,,,2025-09-26 20:56:00
,,,5.4,11.0,8.4,279.0,,,12.8,,,,,2025-09-26 21:26:00
,,,5.3,11.0,8.4,274.0,,,12.8,,,,,2025-09-26 21:56:00
,,,5.1,12.0,8.3,288.0,,,12.8,,,,,2025-09-26 22:26:00
,,,5.4,11.0,8.5,281.0,,,12.8,,,,,2025-09-26 22:56:00
,,,5.4,11.0,8.4,286.0,,,12.8,,,,,2025-09-26 23:26:00
,,,5.1,11.0,8.2,291.0,,,12.8,,,,,2025-09-26 23:56:00
,,,5.5,12.0,8.6,278.0,,,12.8,,,,,2025-09-27 00:26:00
,,,4.9,11.0,8.4,281.0,,,12.8,,,,,2025-09-27 00:56:00
,,,5.3,11.0,8.5,274.0,,,12.8,,,,,2025-09-27 01:26:00
,,,5.1,12.0,8.4,279.0,,,12.8,,,,,2025-09-27 01:56:00
,,,5.1,11.0,8.6,291.0,,,12.8,,,,,2025-09-27 02:26:00
,,,5.1,11.0,8.5,282.0,,,12.8,,,,,2025-09-27 02:56:00
,,,4.6,13.0,8.3,274.0,,,12.8,,,,,2025-09-27 03:26:00
,,,4.8,11.0,8.5,278.0,,,12.7,,,,,2025-09-27 03:56:00
,,,5.0,12.0,8.8,281.0,,,12.7,,,,,2025-09-27 04:26:00
,,,4.6,12.0,8.4,289.0,,,12.7,,,,,2025-09-27 04:56:00
,,,4.5,12.0,8.5,277.0,,,12.7,,,,,2025-09-27 05:26:00
,,,5.2,12.0,8.9,282.0,,,12.7,,,,,2025-09-27 05:56:00
,,,4.2,11.0,8.3,285.0,,,12.7,,,,,2025-09-27 06:26:00
,,,4.6,12.0,8.7,278.0,,,12.6,,,,,2025-09-27 06:56:00
,,,4.5,13.0,8.7,282.0,,,12.6,,,,,2025-09-27 07:26:00
,,,4.5,13.0,8.7,279.0,,,12.6,,,,,2025-09-27 07:56:00
,,,4.0,13.0,8.6,279.0,,,12.6,,,,,2025-09-27 08:26:00
,,,4.5,13.0,8.9,275.0,,,12.6,,,,,2025-09-27 08:56:00
,,,4.3,13.0,9.0,278.0,,,12.6,,,,,2025-09-27 09:26:00
,,,4.5,13.0,9.0,279.0,,,12.6,,,,,2025-09-27 09:56:00
,,,4.7,12.0,8.9,284.0,,,12.6,,,,,2025-09-27 10:26:00
,,,4.9,12.0,9.2,286.0,,,12.6,,,,,2025-09-27 10:56:00
,,,4.6,13.0,9.0,275.0,,,12.6,,,,,2025-09-27 11:26:00
,,,4.8,13.0,8.8,289.0,,,12.6,,,,,2025-09-27 11:56:00
,,,4.8,13.0,8.9,291.0,,,12.6,,,,,2025-09-27 12:26:00
,,,4.6,13.0,8.7,292.0,,,12.6,,,,,2025-09-27 12:56:00
,,,4.6,11.0,8.5,296.0,,,12.6,,,,,2025-09-27 13:26:00
,,,4.4,13.0,8.3,288.0,,,12.5,,,,,2025-09-27 13:56:00
,,,4.9,12.0,8.5,289.0,,,12.5,,,,,2025-09-27 14:26:00
,,,4.5,12.0,8.3,298.0,,,12.6,,,,,2025-09-27 14:56:00
,,,4.4,13.0,8.0,292.0,,,12.6,,,,,2025-09-27 15:26:00
,,,4.6,13.0,8.0,289.0,,,12.6,,,,,2025-09-27 15:56:00
,,,5.0,11.0,8.3,293.0,,,12.6,,,,,2025-09-27 16:26:00
,,,4.6,12.0,8.2,291.0,,,12.6,,,,,2025-09-27 16:56:00
,,,4.8,12.0,8.2,293.0,,,12.6,,,,,2025-09-27 17:26:00
,,,4.5,13.0,8.1,285.0,,,12.6,,,,,2025-09-27 17:56:00
,,,4.4,13.0,8.0,285.0,,,12.6,,,,,2025-09-27 18:26:00
,,,4.5,12.0,8.2,286.0,,,12.6,,,,,2025-09-27 18:56:00
,,,4.4,11.0,8.0,285.0,,,12.6,,,,,2025-09-27 19:26:00
,,,4.4,13.0,8.2,281.0,,,12.6,,,,,2025-09-27 19:56:00
,,,4.4,12.0,8.2,292.0,,,12.6,,,,,2025-09-27 20:26:00
,,,4.7,12.0,8.4,289.0,,,12.6,,,,,2025-09-27 20:56:00
,,,4.6,12.0,8.3,286.0,,,12.5,,,,,2025-09-27 21:26:00
,,,4.5,12.0,8.2,279.0,,,12.5,,,,,2025-09-27 21:56:00
,,,4.6,13.0,8.4,289.0,,,12.5,,,,,2025-09-27 22:26:00
,,,4.9,13.0,8.8,281.0,,,12.5,,,,,2025-09-27 22:56:00
,,,4.6,12.0,8.4,284.0,,,12.5,,,,,2025-09-27 23:26:00
,,,5.0,13.0,8.7,282.0,,,12.5,,,,,2025-09-27 23:56:00
,,,4.8,11.0,8.6,286.0,,,12.5,,,,,2025-09-28 00:26:00
,,,4.9,12.0,8.7,292.0,,,12.4,,,,,2025-09-28 00:56:00
,,,5.3,13.0,9.0,288.0,,,12.4,,,,,2025-09-28 01:26:00
,,,4.8,13.0,8.6,288.0,,,12.4,,,,,2025-09-28 01:56:00
,,,5.1,13.0,9.0,293.0,,,12.4,,,,,2025-09-28 02:26:00
,,,5.2,12.0,9.1,296.0,,,12.4,,,,,2025-09-28 02:56:00
,,,4.8,12.0,8.8,293.0,,,12.4,,,,,2025-09-28 03:26:00
,,,5.1,11.0,9.0,286.0,,,12.4,,,,,2025-09-28 03:56:00
,,,4.9,12.0,8.8,293.0,,,12.4,,,,,2025-09-28 04:26:00
,,,4.8,13.0,8.7,296.0,,,12.4,,,,,2025-09-28 04:56:00
,,,4.9,11.0,8.5,291.0,,,12.4,,,,,2025-09-28 05:26:00
,,,5.0,13.0,8.7,300.0,,,12.4,,,,,2025-09-28 05:56:00
,,,4.8,13.0,8.7,298.0,,,12.5,,,,,2025-09-28 06:26:00
,,,5.1,12.0,9.2,296.0,,,12.5,,,,,2025-09-28 06:56:00
,,,5.5,13.0,9.4,299.0,,,12.5,,,,,2025-09-28 07:26:00
,,,5.2,13.0,9.5,299.0,,,12.5,,,,,2025-09-28 07:56:00
,,,5.6,13.0,9.5,298.0,,,12.5,,,,,2025-09-28 08:26:00
,,,5.5,12.0,9.5,293.0,,,12.5,,,,,2025-09-28 08:56:00
,,,5.8,13.0,9.8,300.0,,,12.4,,,,,2025-09-28 09:26:00
,,,5.3,13.0,9.9,298.0,,,12.5,,,,,2025-09-28 09:56:00
,,,5.2,13.0,9.5,295.0,,,12.4,,,,,2025-09-28 10:26:00
,,,5.5,13.0,9.9,296.0,,,12.4,,,,,2025-09-28 10:56:00
,,,5.6,13.0,9.9,296.0,,,12.4,,,,,2025-09-28 11:26:00
,,,5.3,13.0,9.6,293.0,,,12.4,,,,,2025-09-28 11:56:00
,,,5.2,13.0,9.7,286.0,,,12.4,,,,,2025-09-28 12:26:00
,,,5.5,13.0,9.9,286.0,,,12.4,,,,,2025-09-28 12:56:00
,,,5.7,13.0,10.2,298.0,,,12.4,,,,,2025-09-28 13:26:00
,,,4.8,14.0,9.4,299.0,,,12.3,,,,,2025-09-28 13:56:00
,,,4.8,12.0,9.2,292.0,,,12.3,,,,,2025-09-28 14:26:00
,,,5.5,13.0,9.8,299.0,,,12.3,,,,,2025-09-28 14:56:00
,,,5.3,13.0,9.6,298.0,,,12.3,,,,,2025-09-28 15:26:00
,,,4.7,13.0,8.9,305.0,,,12.3,,,,,2025-09-28 15:56:00
,,,5.4,13.0,9.9,299.0,,,12.3,,,,,2025-09-28 16:26:00
,,,4.6,13.0,8.9,298.0,,,12.3,,,,,2025-09-28 16:56:00
,,,4.9,13.0,9.2,308.0,,,12.3,,,,,2025-09-28 17:26:00
,,,5.4,13.0,9.6,306.0,,,12.3,,,,,2025-09-28 17:56:00
,,,5.0,13.0,9.0,306.0,,,12.3,,,,,2025-09-28 18:26:00
,,,4.9,13.0,8.9,303.0,,,12.3,,,,,2025-09-28 18:56:00
,,,5.2,12.0,9.4,306.0,,,12.3,,,,,2025-09-28 19:26:00
,,,4.5,13.0,8.9,303.0,,,12.3,,,,,2025-09-28 19:56:00
,,,4.4,13.0,8.9,298.0,,,12.3,,,,,2025-09-28 20:26:00
,,,4.8,13.0,9.0,302.0,,,12.3,,,,,2025-09-28 20:56:00
,,,4.8,13.0,8.8,292.0,,,12.3,,,,,2025-09-28 21:26:00
,,,4.9,11.0,8.9,303.0,,,12.3,,,,,2025-09-28 21:56:00
,,,4.7,12.0,8.7,302.0,,,12.4,,,,,2025-09-28 22:26:00
,,,5.0,12.0,8.9,298.0,,,12.4,,,,,2025-09-28 22:56:00
,,,4.6,13.0,8.8,299.0,,,12.4,,,,,2025-09-28 23:26:00
,,,4.6,13.0,8.8,298.0,,,12.4,,,,,2025-09-28 23:56:00
,,,4.1,12.0,8.1,299.0,,,12.4,,,,,2025-09-29 00:26:00
,,,4.0,12.0,8.3,295.0,,,12.4,,,,,2025-09-29 00:56:00
,,,4.7,13.0,9.2,298.0,,,12.3,,,,,2025-09-29 01:26:00
,,,4.2,13.0,8.7,292.0,,,12.3,,,,,2025-09-29 01:56:00
,,,4.1,12.0,8.7,293.0,,,12.3,,,,,2025-09-29 02:26:00
,,,3.5,12.0,8.3,295.0,,,12.3,,,,,2025-09-29 02:56:00
,,,3.8,12.0,8.3,299.0,,,12.3,,,,,2025-09-29 03:26:00
,,,3.7,11.0,8.1,298.0,,,12.3,,,,,2025-09-29 03:56:00
,,,3.6,11.0,8.2,306.0,,,12.3,,,,,2025-09-29 04:26:00
,,,3.7,11.0,8.4,298.0,,,12.3,,,,,2025-09-29 04:56:00
,,,3.6,11.0,8.5,292.0,,,12.3,,,,,2025-09-29 05:26:00
,,,3.3,11.0,8.4,289.0,,,12.3,,,,,2025-09-29 05:56:00
,,,3.3,12.0,8.4,291.0,,,12.3,,,,,2025-09-29 06:26:00
,,,3.3,11.0,8.4,298.0,,,12.3,,,,,2025-09-29 06:56:00
,,,3.1,12.0,8.1,298.0,,,12.3,,,,,2025-09-29 07:26:00
,,,3.1,12.0,8.3,295.0,,,12.3,,,,,2025-09-29 07:56:00
,,,3.0,11.0,8.0,296.0,,,12.3,,,,,2025-09-29 08:26:00
,,,2.9,10.0,7.9,310.0,,,12.3,,,,,2025-09-29 08:56:00
,,,2.7,11.0,7.8,300.0,,,12.3,,,,,2025-09-29 09:26:00
,,,2.7,11.0,7.7,310.0,,,12.3,,,,,2025-09-29 09:56:00
,,,2.9,11.0,8.1,296.0,,,12.3,,,,,2025-09-29 10:26:00
,,,2.7,11.0,7.7,299.0,,,12.3,,,,,2025-09-29 10:56:00
,,,2.7,11.0,7.7,300.0,,,12.3,,,,,2025-09-29 11:26:00
,,,2.7,11.0,7.8,312.0,,,12.3,,,,,2025-09-29 11:56:00
,,,2.7,11.0,7.7,299.0,,,12.3,,,,,2025-09-29 12:26:00
,,,2.7,10.0,7.6,305.0,,,12.3,,,,,2025-09-29 12:56:00
,,,2.9,10.0,7.9,302.0,,,12.3,,,,,2025-09-29 13:26:00
,,,2.8,11.0,7.6,308.0,,,12.2,,,,,2025-09-29 13:56:00
,,,2.6,10.0,7.6,312.0,,,12.2,,,,,2025-09-29 14:26:00
,,,2.7,10.0,7.6,309.0,,,12.2,,,,,2025-09-29 14:56:00
,,,2.5,10.0,7.5,320.0,,,12.2,,,,,2025-09-29 15:26:00
,,,2.7,10.0,7.7,310.0,,,12.2,,,,,2025-09-29 15:56:00
,,,2.6,10.0,7.4,300.0,,,12.2,,,,,2025-09-29 16:26:00
,,,2.4,10.0,7.8,308.0,,,12.2,,,,,2025-09-29 16:56:00
,,,2.3,10.0,7.5,302.0,,,12.3,,,,,2025-09-29 17:26:00
,,,2.0,9.0,7.2,305.0,,,12.3,,,,,2025-09-29 17:56:00
,,,2.0,10.0,7.5,308.0,,,12.3,,,,,2025-09-29 18:26:00
,,,2.0,9.0,7.5,309.0,,,12.3,,,,,2025-09-29 18:56:00
,,,1.9,9.0,7.3,303.0,,,12.3,,,,,2025-09-29 19:26:00
,,,1.8,9.0,7.4,310.0,,,12.3,,,,,2025-09-29 19:56:00
,,,1.6,9.0,7.2,308.0,,,12.3,,,,,2025-09-29 20:26:00
,,,1.7,9.0,7.2,308.0,,,12.3,,,,,2025-09-29 20:56:00
,,,1.7,9.0,7.6,306.0,,,12.3,,,,,2025-09-29 21:26:00
,,,1.6,9.0,7.2,305.0,,,12.3,,,,,2025-09-29 21:56:00
,,,1.7,8.0,6.6,319.0,,,12.3,,,,,2025-09-29 23:26:00
,,,1.7,9.0,6.4,296.0,,,12.3,,,,,2025-09-29 23:56:00
,,,1.8,8.0,6.5,323.0,,,12.3,,,,,2025-09-30 00:26:00
,,,1.7,8.0,6.2,326.0,,,12.3,,,,,2025-09-30 00:56:00
,,,1.9,8.0,6.3,327.0,,,12.3,,,,,2025-09-30 01:26:00
,,,1.8,8.0,6.1,327.0,,,12.3,,,,,2025-09-30 01:56:00
,,,1.8,9.0,5.8,303.0,,,12.3,,,,,2025-09-30 02:26:00
,,,1.9,9.0,5.9,305.0,,,12.3,,,,,2025-09-30 02:56:00
,,,2.0,14.0,5.9,189.0,,,12.2,,,,,2025-09-30 03:26:00
,,,2.1,8.0,5.8,337.0,,,12.3,,,,,2025-09-30 03:56:00
,,,2.3,8.0,5.8,310.0,,,12.3,,,,,2025-09-30 04:26:00
,,,2.2,8.0,6.0,322.0,,,12.3,,,,,2025-09-30 04:56:00
,,,2.5,6.0,6.0,330.0,,,12.3,,,,,2025-09-30 05:26:00
,,,2.6,12.0,6.2,254.0,,,12.3,,,,,2025-09-30 05:56:00
,,,2.9,12.0,6.3,253.0,,,12.3,,,,,2025-09-30 06:26:00
,,,3.1,11.0,6.7,246.0,,,12.2,,,,,2025-09-30 06:56:00
,,,3.4,12.0,7.3,247.0,,,12.3,,,,,2025-09-30 07:26:00
,,,3.2,12.0,6.9,241.0,,,12.3,,,,,2025-09-30 07:56:00
,,,3.2,12.0,6.8,246.0,,,12.3,,,,,2025-09-30 08:26:00
,,,3.5,7.0,6.9,312.0,,,12.3,,,,,2025-09-30 08:56:00
,,,3.8,12.0,7.0,243.0,,,12.3,,,,,2025-09-30 09:26:00
,,,3.7,13.0,7.3,246.0,,,12.3,,,,,2025-09-30 09:56:00
,,,3.6,12.0,7.2,248.0,,,12.3,,,,,2025-09-30 10:26:00
,,,3.8,12.0,7.4,250.0,,,12.3,,,,,2025-09-30 10:56:00
,,,3.6,12.0,7.5,253.0,,,12.2,,,,,2025-09-30 11:26:00
,,,3.7,11.0,7.7,246.0,,,12.2,,,,,2025-09-30 11:56:00
,,,3.9,12.0,7.7,255.0,,,12.2,,,,,2025-09-30 12:26:00
,,,4.0,12.0,8.1,248.0,,,12.2,,,,,2025-09-30 12:56:00
,,,4.2,11.0,8.0,253.0,,,12.2,,,,,2025-09-30 13:26:00
,,,4.4,12.0,8.0,258.0,,,12.2,,,,,2025-09-30 13:56:00
,,,4.1,12.0,8.0,253.0,,,12.2,,,,,2025-09-30 14:26:00
,,,4.4,11.0,8.0,258.0,,,12.2,,,,,2025-09-30 14:56:00
,,,4.3,8.0,7.9,316.0,,,12.2,,,,,2025-09-30 15:26:00
,,,4.0,8.0,7.8,320.0,,,12.2,,,,,2025-09-30 15:56:00
,,,4.2,11.0,7.8,260.0,,,12.1,,,,,2025-09-30 16:26:00
,,,4.6,12.0,8.1,260.0,,,12.1,,,,,2025-09-30 16:56:00
,,,4.2,11.0,8.1,255.0,,,12.1,,,,,2025-09-30 17:26:00
,,,4.5,11.0,8.2,267.0,,,12.1,,,,,2025-09-30 17:56:00
,,,4.4,11.0,7.9,255.0,,,12.1,,,,,2025-09-30 18:26:00
,,,4.2,12.0,7.9,267.0,,,12.1,,,,,2025-09-30 18:56:00
,,,4.3,11.0,7.8,263.0,,,12.1,,,,,2025-09-30 19:26:00
,,,3.8,12.0,7.3,264.0,,,12.1,,,,,2025-09-30 19:56:00
,,,4.0,11.0,7.7,268.0,,,12.2,,,,,2025-09-30 20:26:00
,,,3.8,12.0,7.5,268.0,,,12.2,,,,,2025-09-30 20:56:00
,,,3.7,8.0,7.3,323.0,,,12.2,,,,,2025-09-30 21:26:00
,,,3.5,11.0,7.5,272.0,,,12.2,,,,,2025-09-30 21:56:00
,,,3.6,11.0,7.2,274.0,,,12.2,,,,,2025-09-30 22:26:00
,,,3.6,12.0,7.4,274.0,,,12.2,,,,,2025-09-30 22:56:00
,,,3.3,11.0,7.4,274.0,,,12.2,,,,,2025-09-30 23:56:00
,,,3.1,11.0,6.8,267.0,,,12.2,,,,,2025-10-01 00:56:00
,,,3.1,11.0,7.1,270.0,,,12.2,,,,,2025-10-01 01:26:00
,,,3.2,12.0,7.1,264.0,,,12.2,,,,,2025-10-01 01:56:00
,,,3.2,11.0,7.2,260.0,,,12.2,,,,,2025-10-01 02:26:00
,,,3.0,11.0,7.2,258.0,,,12.2,,,,,2025-10-01 02:56:00
,,,3.0,12.0,7.1,270.0,,,12.2,,,,,2025-10-01 03:26:00
,,,3.1,11.0,7.3,268.0,,,12.2,,,,,2025-10-01 03:56:00
,,,2.7,11.0,6.9,257.0,,,12.1,,,,,2025-10-01 04:26:00
,,,2.9,11.0,7.1,265.0,,,12.1,,,,,2025-10-01 04:56:00
,,,2.7,11.0,7.0,272.0,,,12.1,,,,,2025-10-01 05:26:00
,,,3.0,11.0,7.5,270.0,,,12.1,,,,,2025-10-01 05:56:00
,,,2.8,10.0,7.2,265.0,,,12.1,,,,,2025-10-01 06:26:00
,,,2.7,11.0,6.8,264.0,,,12.1,,,,,2025-10-01 06:56:00
,,,2.7,11.0,7.0,272.0,,,12.1,,,,,2025-10-01 07:26:00
,,,2.5,10.0,6.9,268.0,,,12.1,,,,,2025-10-01 07:56:00
,,,2.5,11.0,6.9,270.0,,,12.1,,,,,2025-10-01 08:26:00
,,,2.6,11.0,7.2,275.0,,,12.1,,,,,2025-10-01 08:56:00
,,,2.8,11.0,7.6,271.0,,,12.1,,,,,2025-10-01 09:26:00
,,,2.9,10.0,7.8,268.0,,,12.1,,,,,2025-10-01 09:56:00
,,,3.0,11.0,7.6,270.0,,,12.1,,,,,2025-10-01 10:26:00
,,,3.0,10.0,7.7,32.0,,,12.1,,,,,2025-10-01 10:56:00
,,,3.4,10.0,8.0,316.0,,,12.1,,,,,2025-10-01 11:26:00
,,,3.3,10.0,7.9,47.0,,,12.1,,,,,2025-10-01 11:56:00
,,,3.1,11.0,7.8,43.0,,,12.1,,,,,2025-10-01 12:26:00
,,,3.4,11.0,7.8,67.0,,,12.1,,,,,2025-10-01 12:56:00
,,,3.1,11.0,7.6,279.0,,,12.1,,,,,2025-10-01 13:26:00
,,,3.1,10.0,7.8,358.0,,,12.1,,,,,2025-10-01 13:56:00
,,,3.0,11.0,7.7,70.0,,,12.1,,,,,2025-10-01 14:26:00
,,,2.9,11.0,7.4,56.0,,,12.1,,,,,2025-10-01 14:56:00
,,,2.9,11.0,7.6,71.0,,,12.1,,,,,2025-10-01 15:26:00
,,,2.8,11.0,7.6,39.0,,,12.1,,,,,2025-10-01 15:56:00
,,,2.9,10.0,7.9,334.0,,,12.1,,,,,2025-10-01 16:26:00
,,,2.7,11.0,7.6,59.0,,,12.1,,,,,2025-10-01 16:56:00
,,,2.9,11.0,7.7,73.0,,,12.1,,,,,2025-10-01 17:26:00
,,,2.8,11.0,7.8,46.0,,,12.1,,,,,2025-10-01 17:56:00
,,,2.8,11.0,7.7,45.0,,,12.1,,,,,2025-10-01 18:26:00
,,,2.8,11.0,7.8,61.0,,,12.1,,,,,2025-10-01 18:56:00
,,,2.6,11.0,7.8,59.0,,,12.1,,,,,2025-10-01 19:26:00
,,,2.8,11.0,8.1,63.0,,,12.1,,,,,2025-10-01 19:56:00
,,,2.9,11.0,8.3,66.0,,,12.1,,,,,2025-10-01 20:26:00
,,,2.7,10.0,8.3,63.0,,,12.2,,,,,2025-10-01 20:56:00
,,,2.6,11.0,8.6,66.0,,,12.1,,,,,2025-10-01 21:26:00
,,,2.7,10.0,8.5,33.0,,,12.2,,,,,2025-10-01 21:56:00
,,,2.8,10.0,8.3,28.0,,,12.2,,,,,2025-10-01 22:26:00
,,,2.5,11.0,8.1,59.0,,,12.2,,,,,2025-10-01 22:56:00
,,,2.6,10.0,8.3,53.0,,,12.2,,,,,2025-10-01 23:26:00
,,,2.7,10.0,8.3,46.0,,,12.2,,,,,2025-10-01 23:56:00
,,,2.7,10.0,8.6,57.0,,,12.2,,,,,2025-10-02 00:26:00
,,,2.8,10.0,8.4,56.0,,,12.2,,,,,2025-10-02 00:56:00
,,,2.6,10.0,8.2,57.0,,,12.2,,,,,2025-10-02 01:26:00
,,,2.5,10.0,8.1,50.0,,,12.2,,,,,2025-10-02 01:56:00
,,,2.6,10.0,8.1,26.0,,,12.2,,,,,2025-10-02 02:26:00
,,,2.5,11.0,8.2,66.0,,,12.2,,,,,2025-10-02 02:56:00
,,,2.5,9.0,8.2,354.0,,,12.3,,,,,2025-10-02 03:26:00
,,,2.3,13.0,8.1,77.0,,,12.3,,,,,2025-10-02 03:56:00
,,,2.4,9.0,8.1,29.0,,,12.3,,,,,2025-10-02 04:26:00
,,,2.4,10.0,7.9,59.0,,,12.2,,,,,2025-10-02 04:56:00
,,,2.4,10.0,8.0,64.0,,,12.2,,,,,2025-10-02 05:26:00
,,,2.2,11.0,7.8,75.0,,,12.2,,,,,2025-10-02 05:56:00
,,,2.2,11.0,8.1,75.0,,,12.2,,,,,2025-10-02 06:26:00
,,,2.2,12.0,8.3,91.0,,,12.2,,,,,2025-10-02 06:56:00
,,,2.3,12.0,8.0,88.0,,,12.1,,,,,2025-10-02 07:26:00
,,,2.3,11.0,8.1,81.0,,,12.1,,,,,2025-10-02 07:56:00
,,,2.2,15.0,8.3,265.0,,,12.1,,,,,2025-10-02 08:26:00
,,,2.2,15.0,8.1,263.0,,,12.1,,,,,2025-10-02 08:56:00
,,,2.2,11.0,7.8,87.0,,,12.1,,,,,2025-10-02 09:26:00
,,,2.3,11.0,8.0,81.0,,,12.1,,,,,2025-10-02 09:56:00
,,,2.4,14.0,8.1,254.0,,,12.1,,,,,2025-10-02 10:26:00
,,,2.4,11.0,8.0,81.0,,,12.1,,,,,2025-10-02 10:56:00
,,,2.4,11.0,7.8,84.0,,,12.1,,,,,2025-10-02 11:26:00
,,,2.3,14.0,7.2,264.0,,,12.1,,,,,2025-10-02 11:56:00
,,,2.3,13.0,7.1,267.0,,,12.1,,,,,2025-10-02 12:26:00
,,,2.5,14.0,7.2,257.0,,,12.1,,,,,2025-10-02 12:56:00
,,,2.2,11.0,6.5,75.0,,,12.1,,,,,2025-10-02 13:26:00
,,,2.3,14.0,6.6,264.0,,,12.1,,,,,2025-10-02 13:56:00
,,,2.2,10.0,6.3,75.0,,,12.1,,,,,2025-10-02 14:26:00
,,,2.4,13.0,6.7,265.0,,,12.2,,,,,2025-10-02 14:56:00
,,,2.2,10.0,6.2,71.0,,,12.2,,,,,2025-10-02 15:26:00
,,,2.3,14.0,6.2,265.0,,,12.2,,,,,2025-10-02 15:56:00
,,,2.3,13.0,6.0,265.0,,,12.2,,,,,2025-10-02 16:26:00
,,,2.4,14.0,6.2,260.0,,,12.2,,,,,2025-10-02 16:56:00
,,,2.3,6.0,5.6,198.0,,,12.2,,,,,2025-10-02 17:26:00
,,,2.4,14.0,5.8,239.0,,,12.2,,,,,2025-10-02 17:56:00
,,,2.5,6.0,5.9,195.0,,,12.2,,,,,2025-10-02 18:26:00
,,,2.4,13.0,5.9,271.0,,,12.2,,,,,2025-10-02 18:56:00
,,,2.7,6.0,6.1,194.0,,,12.2,,,,,2025-10-02 19:26:00
,,,2.6,6.0,5.9,194.0,,,12.2,,,,,2025-10-02 19:56:00
,,,2.6,6.0,6.0,198.0,,,12.2,,,,,2025-10-02 20:26:00
,,,2.7,6.0,6.0,194.0,,,12.2,,,,,2025-10-02 20:56:00
,,,2.8,6.0,6.2,182.0,,,12.1,,,,,2025-10-02 21:26:00
,,,2.9,7.0,6.3,194.0,,,12.1,,,,,2025-10-02 21:56:00
,,,3.0,7.0,6.4,191.0,,,12.2,,,,,2025-10-02 22:26:00
,,,2.9,7.0,6.5,195.0,,,12.2,,,,,2025-10-02 22:56:00
,,,2.9,7.0,6.4,195.0,,,12.2,,,,,2025-10-02 23:26:00
,,,3.1,7.0,6.7,185.0,,,12.2,,,,,2025-10-02 23:56:00
,,,3.0,7.0,6.6,194.0,,,12.2,,,,,2025-10-03 00:26:00
,,,2.9,7.0,6.5,194.0,,,12.2,,,,,2025-10-03 00:56:00
,,,2.7,7.0,6.6,185.0,,,12.2,,,,,2025-10-03 01:26:00
,,,2.6,8.0,6.5,196.0,,,12.2,,,,,2025-10-03 01:56:00
,,,2.7,8.0,6.7,208.0,,,12.2,,,,,2025-10-03 02:26:00
,,,2.6,7.0,6.9,196.0,,,12.1,,,,,2025-10-03 02:56:00
,,,2.7,8.0,6.8,201.0,,,12.2,,,,,2025-10-03 03:26:00
,,,2.5,7.0,6.8,196.0,,,12.1,,,,,2025-10-03 03:56:00
,,,2.6,8.0,6.7,199.0,,,12.2,,,,,2025-10-03 04:26:00
,,,2.4,8.0,6.8,194.0,,,12.2,,,,,2025-10-03 04:56:00
,,,2.4,7.0,6.9,187.0,,,12.2,,,,,2025-10-03 05:26:00
,,,2.3,8.0,6.8,192.0,,,12.1,,,,,2025-10-03 05:56:00
,,,2.4,12.0,6.9,264.0,,,12.2,,,,,2025-10-03 06:26:00
,,,2.5,8.0,7.1,196.0,,,12.1,,,,,2025-10-03 06:56:00
,,,2.1,7.0,6.7,189.0,,,12.2,,,,,2025-10-03 07:26:00
,,,2.4,11.0,7.0,270.0,,,12.2,,,,,2025-10-03 07:56:00
,,,2.2,8.0,7.0,192.0,,,12.2,,,,,2025-10-03 08:26:00
,,,2.2,8.0,7.0,191.0,,,12.2,,,,,2025-10-03 08:56:00
,,,2.1,8.0,7.1,191.0,,,12.2,,,,,2025-10-03 09:26:00
,,,2.0,8.0,6.8,194.0,,,12.1,,,,,2025-10-03 09:56:00
,,,2.2,8.0,6.8,188.0,,,12.1,,,,,2025-10-03 10:26:00
,,,2.1,8.0,6.9,185.0,,,12.1,,,,,2025-10-03 10:56:00
,,,2.1,13.0,6.8,248.0,,,12.1,,,,,2025-10-03 11:26:00
,,,2.2,11.0,7.0,264.0,,,12.1,,,,,2025-10-03 11:56:00
,,,1.9,8.0,6.7,187.0,,,12.1,,,,,2025-10-03 12:26:00
,,,2.0,7.0,6.6,196.0,,,12.1,,,,,2025-10-03 12:56:00
,,,1.9,13.0,6.8,257.0,,,12.1,,,,,2025-10-03 13:26:00
,,,2.1,12.0,6.9,257.0,,,12.1,,,,,2025-10-03 13:56:00
,,,1.9,12.0,6.9,255.0,,,12.1,,,,,2025-10-03 14:26:00
,,,1.9,12.0,6.9,261.0,,,12.1,,,,,2025-10-03 14:56:00
,,,2.0,8.0,7.3,185.0,,,12.1,,,,,2025-10-03 15:26:00
,,,1.9,8.0,6.8,189.0,,,12.1,,,,,2025-10-03 15:56:00
,,,1.9,12.0,7.1,255.0,,,12.1,,,,,2025-10-03 16:26:00
,,,1.9,12.0,7.1,258.0,,,12.1,,,,,2025-10-03 16:56:00
,,,1.9,12.0,6.9,253.0,,,12.1,,,,,2025-10-03 17:26:00
,,,1.8,11.0,7.0,243.0,,,12.1,,,,,2025-10-03 17:56:00
,,,1.7,11.0,6.9,253.0,,,12.2,,,,,2025-10-03 18:26:00
,,,1.7,10.0,6.8,260.0,,,12.2,,,,,2025-10-03 18:56:00
,,,1.8,11.0,7.0,261.0,,,12.2,,,,,2025-10-03 19:26:00
,,,1.7,11.0,6.8,260.0,,,12.2,,,,,2025-10-03 19:56:00
,,,1.8,11.0,6.8,253.0,,,12.3,,,,,2025-10-03 20:26:00
,,,1.7,11.0,6.7,261.0,,,12.3,,,,,2025-10-03 20:56:00
,,,1.7,10.0,6.8,267.0,,,12.3,,,,,2025-10-03 21:26:00
,,,1.7,11.0,6.8,251.0,,,12.3,,,,,2025-10-03 21:56:00
,,,1.6,7.0,6.6,209.0,,,12.3,,,,,2025-10-03 22:26:00
,,,1.6,12.0,6.7,246.0,,,12.4,,,,,2025-10-03 22:56:00
,,,1.6,11.0,6.8,270.0,,,12.4,,,,,2025-10-03 23:26:00
,,,1.5,10.0,6.8,267.0,,,12.4,,,,,2025-10-03 23:56:00
,,,1.6,11.0,6.9,260.0,,,12.4,,,,,2025-10-04 00:26:00
,,,1.6,9.0,6.7,263.0,,,12.4,,,,,2025-10-04 00:56:00
,,,1.6,11.0,6.8,247.0,,,12.4,,,,,2025-10-04 01:26:00
,,,1.6,11.0,6.8,227.0,,,12.4,,,,,2025-10-04 01:56:00
,,,1.6,11.0,6.9,232.0,,,12.4,,,,,2025-10-04 02:26:00
,,,1.5,11.0,6.7,246.0,,,12.4,,,,,2025-10-04 02:56:00
,,,1.6,11.0,6.6,268.0,,,12.4,,,,,2025-10-04 03:26:00
,,,1.5,11.0,6.7,247.0,,,12.4,,,,,2025-10-04 03:56:00
,,,1.5,11.0,6.6,272.0,,,12.3,,,,,2025-10-04 04:26:00
,,,1.5,10.0,6.6,248.0,,,12.3,,,,,2025-10-04 04:56:00
,,,1.4,10.0,6.5,236.0,,,12.3,,,,,2025-10-04 05:26:00
,,,1.4,7.0,6.2,208.0,,,12.3,,,,,2025-10-04 05:56:00
,,,1.4,10.0,6.4,241.0,,,12.3,,,,,2025-10-04 06:26:00
,,,1.4,14.0,6.0,164.0,,,12.2,,,,,2025-10-04 06:56:00
,,,1.3,10.0,5.9,222.0,,,12.2,,,,,2025-10-04 07:26:00
,,,1.4,11.0,5.7,250.0,,,12.2,,,,,2025-10-04 07:56:00
,,,1.3,10.0,5.8,247.0,,,12.2,,,,,2025-10-04 08:26:00
,,,1.2,10.0,5.6,233.0,,,12.2,,,,,2025-10-04 08:56:00
,,,1.3,13.0,5.5,185.0,,,12.2,,,,,2025-10-04 09:26:00
,,,1.3,11.0,5.5,253.0,,,12.2,,,,,2025-10-04 09:56:00
,,,1.3,10.0,5.6,219.0,,,12.2,,,,,2025-10-04 10:26:00
,,,1.3,14.0,5.7,153.0,,,12.3,,,,,2025-10-04 10:56:00
,,,1.3,10.0,5.6,191.0,,,12.3,,,,,2025-10-04 11:26:00
,,,1.3,14.0,5.5,150.0,,,12.3,,,,,2025-10-04 11:56:00
,,,1.3,13.0,5.7,180.0,,,12.3,,,,,2025-10-04 12:26:00
,,,1.3,9.0,5.1,223.0,,,12.3,,,,,2025-10-04 12:56:00
,,,1.3,11.0,5.7,233.0,,,12.3,,,,,2025-10-04 13:26:00
,,,1.2,14.0,5.4,191.0,,,12.3,,,,,2025-10-04 13:56:00
,,,1.3,14.0,5.4,164.0,,,12.3,,,,,2025-10-04 14:26:00
,,,1.2,9.0,5.2,268.0,,,12.3,,,,,2025-10-04 14:56:00
,,,1.3,13.0,5.3,189.0,,,12.3,,,,,2025-10-04 15:26:00
,,,1.3,14.0,5.3,173.0,,,12.3,,,,,2025-10-04 15:56:00
,,,1.3,11.0,5.1,237.0,,,12.3,,,,,2025-10-04 16:26:00
,,,1.3,9.0,5.2,268.0,,,12.3,,,,,2025-10-04 16:56:00
,,,1.4,13.0,5.2,178.0,,,12.3,,,,,2025-10-04 17:26:00
,,,1.4,13.0,5.2,188.0,,,12.3,,,,,2025-10-04 17:56:00
,,,1.4,14.0,5.3,174.0,,,12.3,,,,,2025-10-04 18:26:00
,,,1.3,13.0,5.0,185.0,,,12.3,,,,,2025-10-04 18:56:00
,,,1.4,14.0,5.2,189.0,,,12.3,,,,,2025-10-04 19:26:00
,,,1.3,14.0,5.0,216.0,,,12.3,,,,,2025-10-04 19:56:00
,,,1.4,14.0,5.1,243.0,,,12.3,,,,,2025-10-04 20:26:00
,,,1.3,13.0,5.1,185.0,,,12.3,,,,,2025-10-04 20:56:00
,,,1.3,13.0,5.1,208.0,,,12.3,,,,,2025-10-04 21:26:00
,,,1.4,13.0,5.3,187.0,,,12.3,,,,,2025-10-04 21:56:00
,,,1.4,13.0,5.1,198.0,,,12.3,,,,,2025-10-04 22:26:00
,,,1.4,14.0,5.0,199.0,,,12.3,,,,,2025-10-04 22:56:00
,,,1.4,14.0,5.1,212.0,,,12.3,,,,,2025-10-04 23:26:00
,,,1.4,13.0,5.0,240.0,,,12.3,,,,,2025-10-04 23:56:00
,,,1.5,5.0,5.2,174.0,,,12.3,,,,,2025-10-05 00:26:00
,,,1.5,13.0,5.2,226.0,,,12.3,,,,,2025-10-05 00:56:00
,,,1.5,13.0,5.1,206.0,,,12.3,,,,,2025-10-05 01:26:00
,,,1.4,5.0,5.1,157.0,,,12.3,,,,,2025-10-05 01:56:00
,,,1.4,14.0,4.9,180.0,,,12.3,,,,,2025-10-05 02:26:00
,,,1.4,5.0,5.0,164.0,,,12.3,,,,,2025-10-05 02:56:00
,,,1.4,14.0,5.0,209.0,,,12.3,,,,,2025-10-05 03:26:00
,,,1.4,14.0,5.1,223.0,,,12.3,,,,,2025-10-05 03:56:00
,,,1.5,13.0,5.3,255.0,,,12.3,,,,,2025-10-05 04:26:00
,,,1.5,13.0,5.3,261.0,,,12.3,,,,,2025-10-05 04:56:00
,,,1.5,13.0,5.2,289.0,,,12.3,,,,,2025-10-05 05:26:00
,,,1.5,13.0,5.2,247.0,,,12.3,,,,,2025-10-05 05:56:00
,,,1.5,12.0,5.0,257.0,,,12.3,,,,,2025-10-05 06:26:00
,,,1.6,13.0,5.1,271.0,,,12.3,,,,,2025-10-05 06:56:00
,,,1.6,13.0,5.2,272.0,,,12.3,,,,,2025-10-05 07:26:00
,,,1.6,13.0,5.3,265.0,,,12.3,,,,,2025-10-05 07:56:00
,,,1.7,13.0,5.6,248.0,,,12.3,,,,,2025-10-05 08:26:00
,,,1.6,13.0,5.4,274.0,,,12.3,,,,,2025-10-05 08:56:00
,,,1.6,13.0,5.4,251.0,,,12.3,,,,,2025-10-05 09:26:00
,,,1.7,13.0,5.3,253.0,,,12.3,,,,,2025-10-05 09:56:00
,,,1.7,12.0,5.5,270.0,,,12.3,,,,,2025-10-05 10:26:00
,,,1.7,13.0,5.4,255.0,,,12.3,,,,,2025-10-05 10:56:00
,,,1.8,6.0,5.6,189.0,,,12.3,,,,,2025-10-05 11:26:00
,,,1.8,13.0,5.6,271.0,,,12.3,,,,,2025-10-05 11:56:00
,,,1.9,5.0,5.5,181.0,,,12.3,,,,,2025-10-05 12:26:00
,,,1.8,5.0,5.6,182.0,,,12.3,,,,,2025-10-05 12:56:00
,,,1.9,13.0,6.0,264.0,,,12.3,,,,,2025-10-05 13:26:00
,,,2.0,6.0,5.7,213.0,,,12.3,,,,,2025-10-05 13:56:00
,,,1.9,7.0,5.7,233.0,,,12.3,,,,,2025-10-05 14:26:00
,,,1.8,5.0,5.6,198.0,,,12.3,,,,,2025-10-05 14:56:00
,,,1.8,13.0,5.8,278.0,,,12.3,,,,,2025-10-05 15:26:00
,,,1.8,13.0,5.9,267.0,,,12.3,,,,,2025-10-05 15:56:00
,,,1.8,13.0,5.8,229.0,,,12.3,,,,,2025-10-05 16:26:00
,,,1.9,13.0,5.9,257.0,,,12.3,,,,,2025-10-05 16:56:00
,,,1.8,9.0,5.8,226.0,,,12.4,,,,,2025-10-05 17:26:00
,,,1.8,12.0,5.8,268.0,,,12.4,,,,,2025-10-05 17:56:00
,,,1.9,13.0,5.8,244.0,,,12.4,,,,,2025-10-05 18:26:00
,,,1.9,12.0,5.8,264.0,,,12.4,,,,,2025-10-05 18:56:00
,,,2.0,11.0,6.2,263.0,,,12.4,,,,,2025-10-05 19:26:00
,,,2.0,8.0,5.9,232.0,,,12.3,,,,,2025-10-05 19:56:00
,,,2.2,6.0,5.8,203.0,,,12.3,,,,,2025-10-05 20:26:00
,,,2.3,6.0,5.9,216.0,,,12.3,,,,,2025-10-05 20:56:00
,,,2.2,12.0,6.0,264.0,,,12.3,,,,,2025-10-05 21:26:00
,,,2.2,6.0,5.8,220.0,,,12.3,,,,,2025-10-05 21:56:00
,,,2.2,7.0,5.9,225.0,,,12.3,,,,,2025-10-05 22:26:00
,,,2.2,6.0,5.9,216.0,,,12.3,,,,,2025-10-05 22:56:00
,,,2.2,8.0,6.0,227.0,,,12.4,,,,,2025-10-05 23:26:00
,,,2.1,8.0,5.9,223.0,,,12.4,,,,,2025-10-05 23:56:00
,,,2.0,11.0,5.9,261.0,,,12.4,,,,,2025-10-06 00:26:00
,,,2.1,11.0,6.1,264.0,,,12.4,,,,,2025-10-06 00:56:00
,,,2.1,11.0,6.0,263.0,,,12.4,,,,,2025-10-06 01:26:00
,,,2.0,9.0,5.9,233.0,,,12.4,,,,,2025-10-06 01:56:00
,,,2.0,7.0,6.1,230.0,,,12.4,,,,,2025-10-06 02:26:00
,,,2.0,7.0,6.2,233.0,,,12.4,,,,,2025-10-06 02:56:00
,,,2.1,8.0,6.4,220.0,,,12.4,,,,,2025-10-06 03:26:00
,,,1.9,10.0,6.4,234.0,,,12.4,,,,,2025-10-06 03:56:00
,,,2.1,15.0,6.8,281.0,,,12.4,,,,,2025-10-06 04:26:00
,,,2.0,14.0,6.9,275.0,,,12.4,,,,,2025-10-06 04:56:00
,,,2.0,15.0,6.7,270.0,,,12.4,,,,,2025-10-06 05:26:00
,,,2.1,15.0,7.1,274.0,,,12.4,,,,,2025-10-06 05:56:00
,,,2.2,14.0,7.2,271.0,,,12.4,,,,,2025-10-06 06:26:00
,,,2.1,14.0,7.0,263.0,,,12.4,,,,,2025-10-06 06:56:00
,,,2.2,15.0,7.1,274.0,,,12.4,,,,,2025-10-06 07:26:00
,,,2.3,14.0,7.5,270.0,,,12.4,,,,,2025-10-06 07:56:00
,,,2.1,14.0,6.8,270.0,,,12.4,,,,,2025-10-06 08:26:00
,,,2.3,15.0,7.3,267.0,,,12.4,,,,,2025-10-06 08:56:00
,,,2.3,15.0,7.3,270.0,,,12.4,,,,,2025-10-06 09:26:00
,,,2.3,14.0,7.5,271.0,,,12.4,,,,,2025-10-06 09:56:00
,,,2.3,15.0,7.4,275.0,,,12.4,,,,,2025-10-06 10:26:00
,,,2.2,15.0,7.0,270.0,,,12.4,,,,,2025-10-06 10:56:00
,,,2.5,13.0,7.6,272.0,,,12.4,,,,,2025-10-06 11:26:00
,,,2.4,14.0,7.0,272.0,,,12.3,,,,,2025-10-06 11:56:00
,,,2.3,14.0,6.7,277.0,,,12.3,,,,,2025-10-06 12:26:00
,,,2.4,14.0,6.9,271.0,,,12.3,,,,,2025-10-06 12:56:00
,,,2.2,14.0,6.5,277.0,,,12.3,,,,,2025-10-06 13:26:00
,,,2.3,14.0,6.7,279.0,,,12.3,,,,,2025-10-06 13:56:00
,,,2.3,13.0,6.9,282.0,,,12.3,,,,,2025-10-06 14:26:00
,,,2.4,14.0,6.8,275.0,,,12.3,,,,,2025-10-06 14:56:00
,,,2.3,14.0,6.8,282.0,,,12.3,,,,,2025-10-06 16:26:00
,,,2.6,14.0,7.5,282.0,,,12.3,,,,,2025-10-06 16:56:00
,,,2.4,14.0,6.9,281.0,,,12.3,,,,,2025-10-06 17:26:00
,,,2.4,13.0,6.8,277.0,,,12.3,,,,,2025-10-06 17:56:00
,,,2.6,13.0,7.0,278.0,,,12.3,,,,,2025-10-06 18:26:00
,,,2.5,14.0,6.8,281.0,,,12.3,,,,,2025-10-06 18:56:00
,,,2.5,13.0,7.0,271.0,,,12.3,,,,,2025-10-06 19:26:00
,,,2.5,13.0,6.8,284.0,,,12.3,,,,,2025-10-06 19:56:00
,,,2.5,13.0,6.8,272.0,,,12.3,,,,,2025-10-06 20:26:00
,,,2.7,13.0,7.2,277.0,,,12.3,,,,,2025-10-06 20:56:00
,,,2.5,13.0,7.0,268.0,,,12.3,,,,,2025-10-06 21:26:00
,,,2.5,13.0,6.7,275.0,,,12.4,,,,,2025-10-06 21:56:00
,,,2.5,13.0,6.7,270.0,,,12.4,,,,,2025-10-06 22:26:00
,,,2.6,13.0,6.9,277.0,,,12.4,,,,,2025-10-06 22:56:00
,,,2.4,13.0,6.7,277.0,,,12.4,,,,,2025-10-06 23:26:00
,,,2.6,13.0,6.9,275.0,,,12.4,,,,,2025-10-06 23:56:00
,,,2.7,9.0,6.8,286.0,,,12.4,,,,,2025-10-07 00:26:00
,,,2.7,13.0,6.9,277.0,,,12.4,,,,,2025-10-07 00:56:00
,,,2.8,13.0,7.3,281.0,,,12.4,,,,,2025-10-07 01:26:00
,,,3.0,13.0,7.3,285.0,,,12.4,,,,,2025-10-07 01:56:00
,,,3.2,9.0,7.7,286.0,,,12.3,,,,,2025-10-07 02:26:00
,,,3.2,10.0,7.9,285.0,,,12.4,,,,,2025-10-07 02:56:00
,,,3.3,11.0,7.8,295.0,,,12.3,,,,,2025-10-07 03:26:00
,,,3.3,11.0,8.0,293.0,,,12.3,,,,,2025-10-07 03:56:00
,,,3.5,10.0,8.4,292.0,,,12.3,,,,,2025-10-07 04:26:00
,,,3.4,11.0,8.2,298.0,,,12.3,,,,,2025-10-07 04:56:00
,,,3.6,13.0,8.4,292.0,,,12.3,,,,,2025-10-07 05:26:00
,,,3.8,12.0,8.3,293.0,,,12.3,,,,,2025-10-07 05:56:00
,,,3.9,11.0,8.6,299.0,,,12.3,,,,,2025-10-07 06:26:00
,,,4.0,12.0,8.7,295.0,,,12.3,,,,,2025-10-07 06:56:00
,,,3.6,11.0,8.2,293.0,,,12.3,,,,,2025-10-07 07:26:00
,,,3.9,13.0,8.4,289.0,,,12.3,,,,,2025-10-07 07:56:00
,,,3.8,12.0,8.2,292.0,,,12.3,,,,,2025-10-07 08:26:00
,,,3.9,12.0,8.2,291.0,,,12.3,,,,,2025-10-07 08:56:00
,,,3.5,12.0,7.7,286.0,,,12.3,,,,,2025-10-07 09:26:00
,,,3.7,11.0,7.8,289.0,,,12.3,,,,,2025-10-07 09:56:00
,,,3.5,11.0,7.6,288.0,,,12.3,,,,,2025-10-07 10:26:00
,,,3.7,11.0,7.6,295.0,,,12.3,,,,,2025-10-07 10:56:00
,,,3.8,11.0,7.8,281.0,,,12.3,,,,,2025-10-07 11:26:00
,,,3.5,11.0,7.3,281.0,,,12.3,,,,,2025-10-07 11:56:00
,,,3.6,11.0,7.5,285.0,,,12.3,,,,,2025-10-07 12:26:00
,,,3.7,11.0,7.5,286.0,,,12.3,,,,,2025-10-07 12:56:00
,,,3.5,12.0,7.3,284.0,,,12.3,,,,,2025-10-07 13:26:00
,,,3.4,11.0,7.3,284.0,,,12.3,,,,,2025-10-07 13:56:00
,,,3.3,12.0,7.1,285.0,,,12.3,,,,,2025-10-07 14:26:00
,,,3.9,11.0,7.5,282.0,,,12.3,,,,,2025-10-07 14:56:00
,,,3.4,12.0,7.0,285.0,,,12.3,,,,,2025-10-07 15:26:00
,,,3.5,11.0,7.5,286.0,,,12.3,,,,,2025-10-07 15:56:00
,,,3.1,12.0,7.0,279.0,,,12.3,,,,,2025-10-07 17:26:00
,,,3.5,11.0,7.5,284.0,,,12.2,,,,,2025-10-07 17:56:00
,,,3.4,11.0,7.5,279.0,,,12.2,,,,,2025-10-07 18:26:00
,,,3.4,11.0,7.4,281.0,,,12.3,,,,,2025-10-07 18:56:00
,,,3.4,10.0,7.6,282.0,,,12.2,,,,,2025-10-07 19:26:00
,,,3.7,12.0,7.9,279.0,,,12.2,,,,,2025-10-07 19:56:00
,,,3.4,11.0,7.5,285.0,,,12.2,,,,,2025-10-07 20:26:00
,,,3.6,11.0,7.8,284.0,,,12.2,,,,,2025-10-07 20:56:00
,,,3.7,11.0,7.8,282.0,,,12.2,,,,,2025-10-07 21:26:00
,,,3.4,11.0,7.6,286.0,,,12.2,,,,,2025-10-07 21:56:00
,,,3.7,11.0,8.0,285.0,,,12.2,,,,,2025-10-07 22:26:00
,,,3.2,11.0,7.5,286.0,,,12.2,,,,,2025-10-07 22:56:00
,,,3.4,11.0,7.5,295.0,,,12.2,,,,,2025-10-07 23:26:00
,,,3.2,11.0,7.2,281.0,,,12.2,,,,,2025-10-07 23:56:00
,,,3.2,11.0,7.2,282.0,,,12.2,,,,,2025-10-08 00:26:00
,,,3.5,11.0,7.4,293.0,,,12.2,,,,,2025-10-08 00:56:00
,,,3.1,10.0,7.0,288.0,,,12.2,,,,,2025-10-08 01:26:00
,,,3.2,11.0,7.2,286.0,,,12.2,,,,,2025-10-08 01:56:00
,,,3.2,9.0,6.9,288.0,,,12.2,,,,,2025-10-08 02:26:00
,,,3.0,11.0,6.8,284.0,,,12.2,,,,,2025-10-08 02:56:00
,,,2.9,11.0,6.8,284.0,,,12.2,,,,,2025-10-08 03:26:00
,,,3.0,11.0,7.0,288.0,,,12.2,,,,,2025-10-08 03:56:00
,,,2.8,10.0,6.8,288.0,,,12.2,,,,,2025-10-08 04:26:00
,,,2.8,11.0,6.9,281.0,,,12.2,,,,,2025-10-08 04:56:00
,,,2.7,11.0,6.8,284.0,,,12.2,,,,,2025-10-08 05:26:00
,,,2.8,10.0,7.0,278.0,,,12.2,,,,,2025-10-08 05:56:00
,,,2.7,11.0,6.8,282.0,,,12.2,,,,,2025-10-08 06:26:00
,,,2.7,11.0,7.0,278.0,,,12.2,,,,,2025-10-08 06:56:00
,,,2.6,8.0,6.8,289.0,,,12.2,,,,,2025-10-08 07:26:00
,,,2.7,8.0,6.8,282.0,,,12.2,,,,,2025-10-08 07:56:00
,,,2.5,12.0,7.0,277.0,,,12.2,,,,,2025-10-08 08:26:00
,,,2.7,11.0,7.2,282.0,,,12.2,,,,,2025-10-08 08:56:00
,,,2.7,10.0,7.0,284.0,,,12.2,,,,,2025-10-08 09:26:00
,,,2.6,11.0,7.3,278.0,,,12.2,,,,,2025-10-08 09:56:00
,,,2.6,11.0,7.2,281.0,,,12.2,,,,,2025-10-08 10:26:00
,,,2.6,10.0,7.4,286.0,,,12.2,,,,,2025-10-08 10:56:00
,,,2.5,11.0,7.2,288.0,,,12.2,,,,,2025-10-08 11:26:00
,,,2.7,11.0,7.4,284.0,,,12.2,,,,,2025-10-08 11:56:00
,,,2.7,11.0,7.3,288.0,,,12.2,,,,,2025-10-08 12:26:00
,,,3.0,11.0,7.7,285.0,,,12.2,,,,,2025-10-08 12:56:00
,,,2.7,11.0,7.3,296.0,,,12.2,,,,,2025-10-08 13:26:00
,,,2.5,11.0,7.0,288.0,,,12.2,,,,,2025-10-08 13:56:00
,,,2.7,11.0,7.4,288.0,,,12.2,,,,,2025-10-08 14:26:00
,,,2.5,10.0,7.0,289.0,,,12.2,,,,,2025-10-08 14:56:00
,,,2.5,11.0,7.0,292.0,,,12.2,,,,,2025-10-08 15:26:00
,,,2.6,11.0,7.1,295.0,,,12.2,,,,,2025-10-08 15:56:00
,,,2.4,11.0,6.7,285.0,,,12.2,,,,,2025-10-08 16:26:00
,,,2.5,10.0,6.8,286.0,,,12.2,,,,,2025-10-08 16:56:00
,,,2.4,10.0,6.8,289.0,,,12.2,,,,,2025-10-08 17:26:00
,,,2.3,11.0,6.9,281.0,,,12.2,,,,,2025-10-08 17:56:00
,,,2.4,11.0,6.8,279.0,,,12.2,,,,,2025-10-08 18:26:00
,,,2.4,11.0,6.8,281.0,,,12.2,,,,,2025-10-08 18:56:00
,,,2.4,11.0,6.8,281.0,,,12.2,,,,,2025-10-08 19:26:00
,,,2.3,11.0,6.8,277.0,,,12.2,,,,,2025-10-08 19:56:00
,,,2.1,11.0,6.4,281.0,,,12.2,,,,,2025-10-08 20:26:00
,,,2.2,11.0,6.8,281.0,,,12.2,,,,,2025-10-08 20:56:00
,,,2.1,11.0,6.6,281.0,,,12.2,,,,,2025-10-08 21:26:00
,,,2.0,11.0,6.5,275.0,,,12.2,,,,,2025-10-08 21:56:00
,,,2.1,11.0,6.6,288.0,,,12.2,,,,,2025-10-08 22:26:00
,,,1.9,11.0,6.2,284.0,,,12.2,,,,,2025-10-08 22:56:00
,,,1.9,8.0,6.3,286.0,,,12.2,,,,,2025-10-08 23:26:00
,,,2.0,10.0,6.2,279.0,,,12.2,,,,,2025-10-08 23:56:00
,,,2.0,10.0,6.1,282.0,,,12.2,,,,,2025-10-09 00:26:00
,,,2.1,10.0,6.1,284.0,,,12.2,,,,,2025-10-09 00:56:00
,,,2.2,11.0,6.1,285.0,,,12.2,,,,,2025-10-09 01:26:00
,,,2.1,10.0,5.9,288.0,,,12.2,,,,,2025-10-09 01:56:00
,,,2.0,11.0,5.7,277.0,,,12.2,,,,,2025-10-09 02:26:00
,,,2.1,11.0,6.0,279.0,,,12.2,,,,,2025-10-09 02:56:00
,,,2.1,10.0,5.7,288.0,,,12.2,,,,,2025-10-09 03:26:00
,,,2.2,11.0,6.0,289.0,,,12.2,,,,,2025-10-09 03:56:00
,,,2.1,11.0,5.8,288.0,,,12.2,,,,,2025-10-09 04:26:00
,,,2.1,11.0,5.8,281.0,,,12.2,,,,,2025-10-09 04:56:00
,,,2.3,10.0,6.0,285.0,,,12.2,,,,,2025-10-09 05:26:00
,,,2.1,10.0,6.2,284.0,,,12.2,,,,,2025-10-09 05:56:00
,,,2.3,10.0,6.2,289.0,,,12.2,,,,,2025-10-09 06:26:00
,,,2.1,10.0,5.9,296.0,,,12.2,,,,,2025-10-09 06:56:00
,,,2.1,10.0,6.1,284.0,,,12.2,,,,,2025-10-09 07:26:00
,,,2.2,9.0,5.8,296.0,,,12.2,,,,,2025-10-09 07:56:00
,,,2.1,10.0,5.9,274.0,,,12.2,,,,,2025-10-09 08:26:00
,,,2.2,9.0,6.0,291.0,,,12.2,,,,,2025-10-09 08:56:00
,,,2.2,9.0,6.0,281.0,,,12.2,,,,,2025-10-09 09:26:00
,,,2.1,10.0,5.9,306.0,,,12.2,,,,,2025-10-09 09:56:00
,,,2.3,9.0,6.1,288.0,,,12.2,,,,,2025-10-09 10:26:00
,,,2.2,9.0,6.0,288.0,,,12.2,,,,,2025-10-09 10:56:00
,,,2.3,8.0,6.0,295.0,,,12.2,,,,,2025-10-09 11:26:00
,,,2.2,10.0,6.0,282.0,,,12.2,,,,,2025-10-09 11:56:00
,,,2.3,6.0,6.1,336.0,,,12.2,,,,,2025-10-09 12:26:00
,,,2.3,8.0,6.1,292.0,,,12.2,,,,,2025-10-09 12:56:00
,,,2.3,6.0,6.1,340.0,,,12.2,,,,,2025-10-09 13:26:00
,,,2.3,14.0,6.1,282.0,,,12.2,,,,,2025-10-09 13:56:00
,,,2.4,13.0,6.4,277.0,,,12.2,,,,,2025-10-09 14:26:00
,,,2.4,11.0,6.3,296.0,,,12.1,,,,,2025-10-09 14:56:00
,,,2.5,13.0,6.6,289.0,,,12.1,,,,,2025-10-09 15:26:00
,,,2.7,11.0,6.8,291.0,,,12.1,,,,,2025-10-09 15:56:00
,,,2.6,13.0,6.9,291.0,,,12.1,,,,,2025-10-09 16:26:00
,,,2.7,12.0,6.9,298.0,,,12.1,,,,,2025-10-09 16:56:00
,,,2.6,12.0,7.2,295.0,,,12.1,,,,,2025-10-09 17:26:00
,,,2.7,12.0,7.3,293.0,,,12.1,,,,,2025-10-09 17:56:00
,,,2.7,12.0,7.3,289.0,,,12.1,,,,,2025-10-09 18:26:00
,,,2.6,12.0,7.1,292.0,,,12.1,,,,,2025-10-09 18:56:00
,,,2.7,13.0,7.3,281.0,,,12.1,,,,,2025-10-09 19:26:00
,,,2.7,12.0,7.4,286.0,,,12.1,,,,,2025-10-09 19:56:00
,,,2.8,13.0,7.7,285.0,,,12.2,,,,,2025-10-09 20:26:00
,,,2.8,11.0,7.6,286.0,,,12.2,,,,,2025-10-09 20:56:00
,,,2.7,11.0,7.4,284.0,,,12.2,,,,,2025-10-09 21:26:00
,,,2.7,10.0,7.5,293.0,,,12.2,,,,,2025-10-09 21:56:00
,,,3.0,12.0,7.7,281.0,,,12.2,,,,,2025-10-09 22:26:00
,,,2.9,13.0,7.5,284.0,,,12.2,,,,,2025-10-09 22:56:00
,,,2.8,10.0,7.0,285.0,,,12.2,,,,,2025-10-09 23:26:00
,,,2.8,11.0,7.1,282.0,,,12.2,,,,,2025-10-09 23:56:00
,,,2.9,12.0,7.1,288.0,,,12.2,,,,,2025-10-10 00:26:00
,,,2.7,10.0,6.8,292.0,,,12.2,,,,,2025-10-10 00:56:00
,,,2.6,11.0,6.9,281.0,,,12.2,,,,,2025-10-10 01:26:00
,,,3.0,10.0,7.2,286.0,,,12.2,,,,,2025-10-10 01:56:00
,,,2.7,12.0,6.6,286.0,,,12.2,,,,,2025-10-10 02:26:00
,,,2.8,12.0,7.0,277.0,,,12.2,,,,,2025-10-10 02:56:00
,,,2.7,13.0,6.8,281.0,,,12.2,,,,,2025-10-10 03:26:00
,,,2.4,13.0,6.3,274.0,,,12.2,,,,,2025-10-10 03:56:00
,,,2.5,11.0,6.5,279.0,,,12.2,,,,,2025-10-10 04:26:00
,,,2.5,13.0,6.6,275.0,,,12.2,,,,,2025-10-10 04:56:00
,,,2.5,11.0,6.5,278.0,,,12.2,,,,,2025-10-10 05:26:00
,,,2.4,11.0,6.5,284.0,,,12.2,,,,,2025-10-10 05:56:00
,,,2.3,11.0,6.7,282.0,,,12.2,,,,,2025-10-10 06:26:00
,,,2.2,11.0,6.5,295.0,,,12.2,,,,,2025-10-10 06:56:00
,,,2.4,13.0,7.0,285.0,,,12.2,,,,,2025-10-10 07:26:00
,,,2.4,10.0,6.9,279.0,,,12.2,,,,,2025-10-10 07:56:00
,,,2.3,11.0,6.7,291.0,,,12.2,,,,,2025-10-10 08:26:00
,,,2.2,11.0,6.7,277.0,,,12.2,,,,,2025-10-10 08:56:00
,,,2.2,11.0,6.7,279.0,,,12.2,,,,,2025-10-10 09:26:00
,,,2.3,11.0,6.7,281.0,,,12.2,,,,,2025-10-10 09:56:00
,,,2.1,13.0,6.6,279.0,,,12.2,,,,,2025-10-10 10:26:00
,,,2.1,11.0,6.6,278.0,,,12.2,,,,,2025-10-10 10:56:00
,,,2.1,11.0,6.5,282.0,,,12.2,,,,,2025-10-10 11:26:00
,,,2.0,11.0,6.7,275.0,,,12.2,,,,,2025-10-10 11:56:00
,,,2.2,11.0,7.0,284.0,,,12.2,,,,,2025-10-10 12:26:00
,,,2.1,10.0,6.6,278.0,,,12.2,,,,,2025-10-10 12:56:00
,,,2.0,10.0,6.7,284.0,,,12.2,,,,,2025-10-10 13:26:00
,,,2.2,10.0,6.7,285.0,,,12.2,,,,,2025-10-10 13:56:00
,,,2.1,11.0,6.4,278.0,,,12.2,,,,,2025-10-10 14:26:00
,,,2.2,11.0,6.6,292.0,,,12.2,,,,,2025-10-10 14:56:00
,,,2.2,8.0,6.2,317.0,,,12.2,,,,,2025-10-10 15:26:00
,,,2.1,10.0,6.0,284.0,,,12.2,,,,,2025-10-10 15:56:00
,,,2.0,8.0,6.1,292.0,,,12.2,,,,,2025-10-10 16:26:00
,,,2.0,10.0,6.0,289.0,,,12.2,,,,,2025-10-10 16:56:00
,,,2.0,10.0,6.0,278.0,,,12.2,,,,,2025-10-10 17:26:00
,,,1.9,8.0,5.8,317.0,,,12.2,,,,,2025-10-10 17:56:00
,,,1.9,7.0,5.9,28.0,,,12.2,,,,,2025-10-10 18:26:00
,,,1.9,10.0,6.0,277.0,,,12.2,,,,,2025-10-10 18:56:00
,,,1.8,9.0,5.8,282.0,,,12.2,,,,,2025-10-10 19:26:00
,,,1.8,9.0,5.8,281.0,,,12.2,,,,,2025-10-10 19:56:00
,,,1.9,11.0,6.0,284.0,,,12.2,,,,,2025-10-10 20:26:00
,,,1.9,7.0,5.9,1.0,,,12.2,,,,,2025-10-10 20:56:00
,,,1.8,9.0,5.8,282.0,,,12.2,,,,,2025-10-10 21:26:00
,,,1.8,8.0,5.9,292.0,,,12.2,,,,,2025-10-10 21:56:00
,,,1.8,7.0,6.0,350.0,,,12.2,,,,,2025-10-10 22:26:00
,,,1.7,6.0,5.7,12.0,,,12.3,,,,,2025-10-10 22:56:00
,,,1.7,8.0,5.8,292.0,,,12.3,,,,,2025-10-10 23:26:00
,,,1.6,7.0,5.8,331.0,,,12.3,,,,,2025-10-10 23:56:00
,,,1.7,11.0,6.1,277.0,,,12.3,,,,,2025-10-11 00:26:00
,,,1.6,6.0,5.7,360.0,,,12.3,,,,,2025-10-11 00:56:00
,,,1.7,6.0,6.1,2.0,,,12.3,,,,,2025-10-11 01:26:00
,,,1.6,8.0,6.0,324.0,,,12.3,,,,,2025-10-11 01:56:00
,,,1.6,11.0,6.1,281.0,,,12.3,,,,,2025-10-11 02:26:00
,,,1.7,11.0,6.0,284.0,,,12.3,,,,,2025-10-11 02:56:00
,,,1.6,10.0,6.0,288.0,,,12.3,,,,,2025-10-11 03:26:00
,,,1.6,8.0,6.1,296.0,,,12.3,,,,,2025-10-11 03:56:00
,,,1.6,8.0,6.0,303.0,,,12.3,,,,,2025-10-11 04:26:00
,,,1.6,7.0,6.1,357.0,,,12.3,,,,,2025-10-11 04:56:00
,,,1.6,6.0,5.9,5.0,,,12.3,,,,,2025-10-11 05:26:00
,,,1.6,6.0,5.9,7.0,,,12.3,,,,,2025-10-11 05:56:00
,,,1.5,13.0,6.1,267.0,,,12.3,,,,,2025-10-11 06:26:00
,,,1.6,12.0,6.1,277.0,,,12.3,,,,,2025-10-11 06:56:00
,,,1.5,13.0,6.2,261.0,,,12.3,,,,,2025-10-11 07:26:00
,,,1.6,14.0,6.6,229.0,,,12.3,,,,,2025-10-11 07:56:00
,,,1.4,12.0,6.2,281.0,,,12.2,,,,,2025-10-11 08:26:00
,,,1.5,14.0,6.6,255.0,,,12.2,,,,,2025-10-11 08:56:00
,,,1.4,12.0,6.1,277.0,,,12.2,,,,,2025-10-11 09:26:00
,,,1.4,14.0,6.3,274.0,,,12.2,,,,,2025-10-11 09:56:00
,,,1.4,13.0,6.3,264.0,,,12.2,,,,,2025-10-11 10:26:00
,,,1.3,12.0,6.1,286.0,,,12.2,,,,,2025-10-11 10:56:00
,,,1.4,13.0,6.3,258.0,,,12.2,,,,,2025-10-11 11:26:00
,,,1.5,13.0,6.2,281.0,,,12.2,,,,,2025-10-11 11:56:00
,,,1.4,13.0,5.9,263.0,,,12.2,,,,,2025-10-11 12:26:00
,,,1.3,11.0,5.9,281.0,,,12.2,,,,,2025-10-11 12:56:00
,,,1.3,13.0,5.8,278.0,,,12.2,,,,,2025-10-11 13:26:00
,,,1.3,13.0,5.8,272.0,,,12.2,,,,,2025-10-11 13:56:00
,,,1.3,13.0,5.8,281.0,,,12.2,,,,,2025-10-11 14:26:00
,,,1.4,13.0,5.9,258.0,,,12.2,,,,,2025-10-11 14:56:00
,,,1.4,13.0,5.8,278.0,,,12.2,,,,,2025-10-11 15:26:00
,,,1.3,12.0,6.1,271.0,,,12.2,,,,,2025-10-11 15:56:00
,,,1.3,11.0,5.6,295.0,,,12.2,,,,,2025-10-11 16:26:00
,,,1.3,13.0,5.9,278.0,,,12.2,,,,,2025-10-11 16:56:00
,,,1.3,13.0,6.1,274.0,,,12.2,,,,,2025-10-11 17:26:00
,,,1.3,13.0,5.8,274.0,,,12.2,,,,,2025-10-11 17:56:00
,,,1.2,12.0,5.9,279.0,,,12.2,,,,,2025-10-11 18:26:00
,,,1.3,13.0,6.0,241.0,,,12.2,,,,,2025-10-11 18:56:00
,,,1.3,13.0,5.8,237.0,,,12.2,,,,,2025-10-11 19:26:00
,,,1.3,9.0,5.8,323.0,,,12.3,,,,,2025-10-11 19:56:00
,,,1.3,12.0,6.2,275.0,,,12.3,,,,,2025-10-11 20:26:00
,,,1.3,11.0,6.1,285.0,,,12.3,,,,,2025-10-11 20:56:00
,,,1.3,13.0,5.8,265.0,,,12.3,,,,,2025-10-11 21:26:00
,,,1.3,13.0,6.0,282.0,,,12.3,,,,,2025-10-11 21:56:00
,,,1.3,11.0,5.8,272.0,,,12.3,,,,,2025-10-11 22:26:00
,,,1.3,10.0,5.7,285.0,,,12.3,,,,,2025-10-11 22:56:00
,,,1.2,13.0,5.6,247.0,,,12.3,,,,,2025-10-11 23:26:00
,,,1.3,8.0,5.7,343.0,,,12.3,,,,,2025-10-11 23:56:00
,,,1.3,12.0,5.7,270.0,,,12.3,,,,,2025-10-12 00:26:00
,,,1.3,11.0,5.5,263.0,,,12.3,,,,,2025-10-12 00:56:00
,,,1.3,8.0,5.5,344.0,,,12.3,,,,,2025-10-12 01:26:00
,,,1.3,12.0,5.5,279.0,,,12.3,,,,,2025-10-12 01:56:00
,,,1.3,13.0,5.3,195.0,,,12.2,,,,,2025-10-12 02:26:00
,,,1.3,11.0,5.3,281.0,,,12.2,,,,,2025-10-12 02:56:00
,,,1.3,12.0,5.2,232.0,,,12.2,,,,,2025-10-12 03:26:00
,,,1.3,6.0,5.1,338.0,,,12.2,,,,,2025-10-12 03:56:00
,,,1.3,8.0,5.0,357.0,,,12.2,,,,,2025-10-12 04:26:00
,,,1.4,14.0,5.1,175.0,,,12.2,,,,,2025-10-12 04:56:00
,,,1.4,7.0,5.0,347.0,,,12.2,,,,,2025-10-12 05:26:00
,,,1.3,6.0,5.0,344.0,,,12.2,,,,,2025-10-12 05:56:00
,,,1.4,6.0,5.2,337.0,,,12.2,,,,,2025-10-12 06:26:00
,,,1.4,7.0,5.2,344.0,,,12.2,,,,,2025-10-12 06:56:00
,,,1.4,14.0,5.3,196.0,,,12.2,,,,,2025-10-12 07:26:00
,,,1.4,13.0,5.2,173.0,,,12.2,,,,,2025-10-12 07:56:00
,,,1.5,5.0,5.4,319.0,,,12.2,,,,,2025-10-12 08:26:00
,,,1.5,6.0,5.5,316.0,,,12.2,,,,,2025-10-12 09:26:00
,,,1.5,6.0,5.3,330.0,,,12.2,,,,,2025-10-12 09:56:00
,,,1.5,6.0,5.6,326.0,,,12.2,,,,,2025-10-12 10:26:00
,,,1.4,22.0,5.6,293.0,,,12.2,,,,,2025-10-12 10:56:00
,,,1.4,20.0,5.7,293.0,,,12.2,,,,,2025-10-12 11:26:00
,,,1.4,20.0,5.5,286.0,,,12.2,,,,,2025-10-12 11:56:00
,,,1.5,20.0,5.8,293.0,,,12.2,,,,,2025-10-12 12:26:00
,,,1.5,20.0,5.7,282.0,,,12.2,,,,,2025-10-12 12:56:00
,,,1.5,20.0,5.9,292.0,,,12.2,,,,,2025-10-12 13:26:00
,,,1.5,20.0,5.8,284.0,,,12.2,,,,,2025-10-12 13:56:00
,,,1.4,20.0,5.6,292.0,,,12.2,,,,,2025-10-12 14:26:00
,,,1.5,20.0,6.0,284.0,,,12.2,,,,,2025-10-12 14:56:00
,,,1.6,18.0,6.5,289.0,,,12.2,,,,,2025-10-12 15:26:00
,,,1.6,18.0,6.5,285.0,,,12.2,,,,,2025-10-12 15:56:00
,,,1.6,18.0,6.8,288.0,,,12.2,,,,,2025-10-12 16:26:00
,,,1.5,18.0,6.8,285.0,,,12.2,,,,,2025-10-12 16:56:00
,,,1.6,20.0,7.5,278.0,,,12.2,,,,,2025-10-12 17:26:00
,,,1.9,18.0,8.7,288.0,,,12.2,,,,,2025-10-12 17:56:00
,,,1.7,18.0,8.1,286.0,,,12.2,,,,,2025-10-12 18:26:00
,,,2.1,18.0,9.8,278.0,,,12.2,,,,,2025-10-12 18:56:00
,,,2.0,18.0,9.3,278.0,,,12.2,,,,,2025-10-12 19:26:00
,,,1.7,18.0,8.7,279.0,,,12.2,,,,,2025-10-12 19:56:00
,,,1.9,18.0,9.6,279.0,,,12.1,,,,,2025-10-12 20:26:00
,,,1.7,18.0,8.5,278.0,,,12.2,,,,,2025-10-12 20:56:00
,,,1.7,18.0,8.3,278.0,,,12.2,,,,,2025-10-12 21:26:00
,,,1.6,18.0,8.4,281.0,,,12.2,,,,,2025-10-12 21:56:00
,,,1.5,18.0,7.6,282.0,,,12.2,,,,,2025-10-12 22:26:00
,,,1.6,18.0,8.0,289.0,,,12.2,,,,,2025-10-12 22:56:00
,,,1.4,18.0,7.5,284.0,,,12.3,,,,,2025-10-12 23:26:00
,,,1.4,18.0,7.2,286.0,,,12.3,,,,,2025-10-12 23:56:00
,,,1.6,17.0,7.9,285.0,,,12.3,,,,,2025-10-13 00:26:00
,,,1.7,17.0,8.0,281.0,,,12.3,,,,,2025-10-13 00:56:00
,,,1.4,17.0,6.3,285.0,,,12.3,,,,,2025-10-13 01:26:00
,,,1.5,17.0,6.8,286.0,,,12.3,,,,,2025-10-13 01:56:00
,,,1.5,17.0,6.4,281.0,,,12.3,,,,,2025-10-13 02:26:00
,,,1.6,17.0,7.0,285.0,,,12.3,,,,,2025-10-13 02:56:00
,,,1.5,17.0,6.2,275.0,,,12.2,,,,,2025-10-13 03:26:00
,,,1.5,15.0,6.0,261.0,,,12.3,,,,,2025-10-13 03:56:00
,,,1.5,17.0,6.1,284.0,,,12.3,,,,,2025-10-13 04:26:00
,,,1.5,17.0,6.3,284.0,,,12.2,,,,,2025-10-13 04:56:00
,,,1.4,17.0,6.0,278.0,,,12.3,,,,,2025-10-13 05:26:00
,,,1.5,15.0,6.7,271.0,,,12.2,,,,,2025-10-13 05:56:00
,,,1.6,15.0,7.1,282.0,,,12.3,,,,,2025-10-13 06:26:00
,,,1.5,15.0,6.4,270.0,,,12.3,,,,,2025-10-13 06:56:00
,,,1.5,15.0,6.8,282.0,,,12.2,,,,,2025-10-13 07:26:00
,,,1.8,15.0,7.8,278.0,,,12.2,,,,,2025-10-13 07:56:00
,,,1.6,15.0,7.4,284.0,,,12.2,,,,,2025-10-13 08:26:00
,,,1.9,15.0,8.5,279.0,,,12.2,,,,,2025-10-13 08:56:00
,,,1.7,15.0,7.8,275.0,,,12.2,,,,,2025-10-13 09:26:00
,,,1.8,14.0,8.1,285.0,,,12.2,,,,,2025-10-13 09:56:00
,,,1.8,17.0,8.5,284.0,,,12.2,,,,,2025-10-13 10:26:00
,,,2.0,15.0,9.5,277.0,,,12.2,,,,,2025-10-13 10:56:00
,,,1.9,17.0,9.1,281.0,,,12.2,,,,,2025-10-13 11:26:00
,,,1.9,15.0,8.9,285.0,,,12.2,,,,,2025-10-13 11:56:00
,,,1.7,15.0,8.4,281.0,,,12.2,,,,,2025-10-13 12:26:00
,,,1.6,17.0,7.8,286.0,,,12.2,,,,,2025-10-13 12:56:00
,,,1.8,15.0,8.1,277.0,,,12.2,,,,,2025-10-13 13:26:00
,,,1.9,14.0,8.5,275.0,,,12.2,,,,,2025-10-13 13:56:00
,,,1.8,14.0,8.2,278.0,,,12.2,,,,,2025-10-13 14:26:00
,,,1.7,13.0,7.7,274.0,,,12.2,,,,,2025-10-13 14:56:00
,,,1.6,13.0,7.4,282.0,,,12.2,,,,,2025-10-13 15:26:00
,,,1.7,17.0,7.4,281.0,,,12.2,,,,,2025-10-13 15:56:00
,,,1.6,14.0,6.8,265.0,,,12.2,,,,,2025-10-13 16:26:00
,,,1.6,15.0,6.9,270.0,,,12.2,,,,,2025-10-13 16:56:00
,,,1.6,14.0,6.6,267.0,,,12.2,,,,,2025-10-13 17:26:00
,,,1.7,15.0,7.2,272.0,,,12.2,,,,,2025-10-13 17:56:00
,,,1.8,14.0,7.3,264.0,,,12.2,,,,,2025-10-13 18:26:00
,,,1.8,14.0,6.9,263.0,,,12.2,,,,,2025-10-13 18:56:00
,,,1.7,14.0,6.5,274.0,,,12.2,,,,,2025-10-13 19:26:00
,,,1.9,13.0,7.2,275.0,,,12.3,,,,,2025-10-13 19:56:00
,,,1.8,14.0,7.3,277.0,,,12.3,,,,,2025-10-13 20:26:00
,,,1.9,14.0,7.3,271.0,,,12.3,,,,,2025-10-13 20:56:00
,,,1.8,15.0,6.5,275.0,,,12.3,,,,,2025-10-13 21:26:00
,,,1.9,15.0,6.7,274.0,,,12.3,,,,,2025-10-13 21:56:00
,,,2.1,15.0,7.2,279.0,,,12.3,,,,,2025-10-13 22:26:00
,,,1.9,14.0,6.5,288.0,,,12.3,,,,,2025-10-13 22:56:00
,,,1.9,13.0,6.9,275.0,,,12.3,,,,,2025-10-13 23:26:00
,,,1.9,13.0,6.6,277.0,,,12.3,,,,,2025-10-13 23:56:00
,,,2.0,14.0,6.8,288.0,,,12.3,,,,,2025-10-14 00:26:00
,,,2.0,14.0,6.8,278.0,,,12.3,,,,,2025-10-14 00:56:00
,,,2.1,14.0,7.0,282.0,,,12.3,,,,,2025-10-14 01:26:00
,,,2.1,14.0,6.7,285.0,,,12.3,,,,,2025-10-14 01:56:00
,,,2.1,14.0,6.9,275.0,,,12.3,,,,,2025-10-14 02:26:00
,,,2.1,14.0,6.5,274.0,,,12.3,,,,,2025-10-14 02:56:00
,,,2.3,13.0,7.4,277.0,,,12.3,,,,,2025-10-14 03:26:00
,,,2.1,13.0,6.6,279.0,,,12.2,,,,,2025-10-14 03:56:00
,,,2.1,13.0,6.8,281.0,,,12.2,,,,,2025-10-14 04:26:00
,,,2.2,14.0,7.0,272.0,,,12.2,,,,,2025-10-14 04:56:00
,,,2.2,13.0,7.1,282.0,,,12.2,,,,,2025-10-14 05:26:00
,,,2.4,14.0,7.2,274.0,,,12.2,,,,,2025-10-14 05:56:00
,,,2.3,13.0,6.7,279.0,,,12.2,,,,,2025-10-14 06:26:00
,,,2.2,13.0,6.9,278.0,,,12.2,,,,,2025-10-14 06:56:00
,,,2.3,11.0,7.0,282.0,,,12.2,,,,,2025-10-14 07:26:00
,,,2.4,13.0,6.9,271.0,,,12.2,,,,,2025-10-14 07:56:00
,,,2.4,10.0,6.9,279.0,,,12.2,,,,,2025-10-14 08:26:00
,,,2.3,13.0,7.0,270.0,,,12.2,,,,,2025-10-14 08:56:00
,,,2.4,11.0,6.9,274.0,,,12.2,,,,,2025-10-14 09:26:00
,,,2.5,11.0,6.7,279.0,,,12.3,,,,,2025-10-14 09:56:00
,,,2.6,6.0,6.6,248.0,,,12.3,,,,,2025-10-14 10:26:00
,,,2.6,10.0,6.9,278.0,,,12.3,,,,,2025-10-14 10:56:00
,,,2.5,14.0,6.5,274.0,,,12.3,,,,,2025-10-14 11:26:00
,,,2.5,9.0,6.6,275.0,,,12.3,,,,,2025-10-14 11:56:00
,,,2.6,11.0,6.4,271.0,,,12.3,,,,,2025-10-14 12:26:00
,,,2.6,14.0,6.7,284.0,,,12.3,,,,,2025-10-14 12:56:00
,,,2.6,14.0,6.6,285.0,,,12.3,,,,,2025-10-14 13:26:00
,,,2.7,11.0,6.6,275.0,,,12.3,,,,,2025-10-14 13:56:00
,,,2.6,13.0,6.5,251.0,,,12.3,,,,,2025-10-14 14:26:00
,,,2.6,14.0,6.3,278.0,,,12.3,,,,,2025-10-14 14:56:00
,,,2.5,7.0,6.4,251.0,,,12.3,,,,,2025-10-14 15:26:00
,,,2.6,7.0,6.5,232.0,,,12.3,,,,,2025-10-14 15:56:00
,,,2.6,11.0,6.7,277.0,,,12.3,,,,,2025-10-14 16:26:00
,,,2.5,13.0,6.4,284.0,,,12.3,,,,,2025-10-14 16:56:00
,,,2.5,13.0,6.6,258.0,,,12.2,,,,,2025-10-14 17:26:00
,,,2.5,11.0,6.8,268.0,,,12.2,,,,,2025-10-14 17:56:00
,,,2.5,13.0,6.7,275.0,,,12.2,,,,,2025-10-14 18:26:00
,,,2.5,10.0,6.8,268.0,,,12.2,,,,,2025-10-14 18:56:00
,,,2.5,10.0,7.1,260.0,,,12.2,,,,,2025-10-14 19:26:00
,,,2.3,10.0,7.3,268.0,,,12.2,,,,,2025-10-14 19:56:00
,,,2.5,8.0,7.3,255.0,,,12.2,,,,,2025-10-14 20:26:00
,,,2.3,11.0,7.5,264.0,,,12.2,,,,,2025-10-14 20:56:00
,,,2.3,10.0,7.6,264.0,,,12.3,,,,,2025-10-14 21:26:00
,,,2.4,11.0,7.6,271.0,,,12.3,,,,,2025-10-14 21:56:00
,,,2.3,13.0,7.5,265.0,,,12.3,,,,,2025-10-14 22:26:00
,,,2.2,11.0,7.3,272.0,,,12.3,,,,,2025-10-14 22:56:00
,,,2.2,10.0,7.3,270.0,,,12.4,,,,,2025-10-14 23:26:00
,,,2.3,8.0,7.6,251.0,,,12.3,,,,,2025-10-14 23:56:00
,,,2.0,11.0,7.3,282.0,,,12.3,,,,,2025-10-15 00:26:00
,,,2.1,14.0,7.4,274.0,,,12.3,,,,,2025-10-15 00:56:00
,,,2.0,13.0,7.6,261.0,,,12.3,,,,,2025-10-15 01:26:00
,,,1.9,11.0,7.1,270.0,,,12.4,,,,,2025-10-15 01:56:00
,,,2.0,12.0,7.3,282.0,,,12.4,,,,,2025-10-15 02:26:00
,,,2.0,10.0,7.2,279.0,,,12.3,,,,,2025-10-15 02:56:00
,,,2.0,14.0,7.0,270.0,,,12.3,,,,,2025-10-15 03:26:00
,,,2.1,11.0,7.0,271.0,,,12.3,,,,,2025-10-15 03:56:00
,,,2.0,14.0,6.7,263.0,,,12.3,,,,,2025-10-15 04:26:00
,,,2.0,10.0,6.6,272.0,,,12.3,,,,,2025-10-15 04:56:00
,,,2.0,14.0,6.3,278.0,,,12.3,,,,,2025-10-15 05:26:00
,,,2.1,14.0,6.3,277.0,,,12.3,,,,,2025-10-15 05:56:00
,,,2.1,15.0,6.5,272.0,,,12.3,,,,,2025-10-15 06:26:00
,,,2.2,14.0,6.4,271.0,,,12.4,,,,,2025-10-15 06:56:00
,,,2.2,8.0,6.1,237.0,,,12.3,,,,,2025-10-15 07:26:00
,,,2.3,14.0,6.1,265.0,,,12.3,,,,,2025-10-15 07:56:00
,,,2.4,14.0,6.0,271.0,,,12.3,,,,,2025-10-15 08:26:00
,,,2.6,7.0,6.2,202.0,,,12.3,,,,,2025-10-15 08:56:00
,,,2.5,7.0,6.1,194.0,,,12.3,,,,,2025-10-15 09:26:00
,,,2.7,7.0,6.1,201.0,,,12.3,,,,,2025-10-15 09:56:00
,,,2.8,7.0,6.1,203.0,,,12.3,,,,,2025-10-15 10:26:00
,,,2.9,7.0,6.5,201.0,,,12.3,,,,,2025-10-15 10:56:00
,,,3.1,7.0,6.4,198.0,,,12.3,,,,,2025-10-15 11:26:00
,,,3.3,7.0,6.4,202.0,,,12.3,,,,,2025-10-15 11:56:00
,,,3.4,8.0,6.6,203.0,,,12.3,,,,,2025-10-15 12:26:00
,,,3.4,8.0,6.6,198.0,,,12.3,,,,,2025-10-15 12:56:00
,,,3.3,8.0,6.7,199.0,,,12.3,,,,,2025-10-15 13:26:00
,,,3.4,8.0,6.6,195.0,,,12.3,,,,,2025-10-15 13:56:00
,,,3.5,8.0,6.7,201.0,,,12.3,,,,,2025-10-15 14:26:00
,,,3.7,8.0,7.0,198.0,,,12.3,,,,,2025-10-15 14:56:00
,,,3.6,8.0,6.9,199.0,,,12.3,,,,,2025-10-15 15:26:00
,,,3.2,8.0,6.7,210.0,,,12.3,,,,,2025-10-15 15:56:00
,,,3.0,8.0,6.7,199.0,,,12.3,,,,,2025-10-15 16:26:00
,,,3.4,8.0,6.7,194.0,,,12.3,,,,,2025-10-15 16:56:00
,,,3.2,8.0,6.7,198.0,,,12.3,,,,,2025-10-15 17:26:00
,,,3.4,8.0,6.8,205.0,,,12.3,,,,,2025-10-15 17:56:00
,,,3.7,8.0,7.0,205.0,,,12.3,,,,,2025-10-15 18:26:00
,,,3.5,8.0,6.8,199.0,,,12.3,,,,,2025-10-15 18:56:00
,,,3.7,8.0,7.0,199.0,,,12.3,,,,,2025-10-15 19:26:00
,,,3.6,9.0,7.0,208.0,,,12.3,,,,,2025-10-15 19:56:00
,,,3.6,9.0,6.9,202.0,,,12.3,,,,,2025-10-15 20:26:00
,,,3.6,9.0,7.1,196.0,,,12.3,,,,,2025-10-15 20:56:00
,,,3.3,9.0,6.9,199.0,,,12.3,,,,,2025-10-15 21:26:00
,,,3.9,9.0,7.2,201.0,,,12.3,,,,,2025-10-15 21:56:00
,,,3.8,9.0,7.5,199.0,,,12.3,,,,,2025-10-15 22:26:00
,,,3.9,9.0,7.6,198.0,,,12.3,,,,,2025-10-15 22:56:00
,,,3.6,10.0,7.4,202.0,,,12.3,,,,,2025-10-15 23:26:00
,,,3.5,8.0,7.4,212.0,,,12.3,,,,,2025-10-15 23:56:00
,,,3.5,9.0,7.2,196.0,,,12.3,,,,,2025-10-16 00:26:00
,,,3.7,9.0,7.5,208.0,,,12.3,,,,,2025-10-16 00:56:00
,,,3.3,9.0,7.1,199.0,,,12.2,,,,,2025-10-16 01:26:00
,,,3.1,9.0,7.0,209.0,,,12.2,,,,,2025-10-16 01:56:00
,,,3.5,8.0,7.1,212.0,,,12.2,,,,,2025-10-16 02:26:00
,,,3.2,10.0,6.9,209.0,,,12.2,,,,,2025-10-16 02:56:00
,,,3.3,9.0,6.9,209.0,,,12.2,,,,,2025-10-16 03:26:00
,,,3.3,9.0,6.9,206.0,,,12.2,,,,,2025-10-16 03:56:00
,,,3.4,9.0,7.0,201.0,,,12.2,,,,,2025-10-16 04:26:00
,,,3.3,9.0,7.0,212.0,,,12.2,,,,,2025-10-16 04:56:00
,,,3.2,9.0,6.7,202.0,,,12.2,,,,,2025-10-16 05:26:00
,,,3.1,10.0,6.7,205.0,,,12.2,,,,,2025-10-16 05:56:00
,,,3.3,9.0,6.7,215.0,,,12.2,,,,,2025-10-16 06:26:00
,,,3.4,8.0,6.7,219.0,,,12.2,,,,,2025-10-16 06:56:00
,,,3.3,9.0,6.8,223.0,,,12.2,,,,,2025-10-16 07:26:00
,,,3.4,9.0,6.9,220.0,,,12.2,,,,,2025-10-16 07:56:00
,,,3.6,9.0,6.9,232.0,,,12.2,,,,,2025-10-16 08:26:00
,,,3.5,8.0,6.9,241.0,,,12.2,,,,,2025-10-16 08:56:00
,,,3.9,9.0,7.1,247.0,,,12.2,,,,,2025-10-16 09:26:00
,,,3.8,8.0,7.2,241.0,,,12.2,,,,,2025-10-16 09:56:00
,,,3.9,8.0,7.1,244.0,,,12.2,,,,,2025-10-16 10:26:00
,,,4.1,8.0,7.3,240.0,,,12.2,,,,,2025-10-16 10:56:00
,,,4.2,8.0,7.5,244.0,,,12.2,,,,,2025-10-16 11:26:00
,,,4.4,9.0,7.7,253.0,,,12.2,,,,,2025-10-16 11:56:00
,,,4.3,9.0,7.7,263.0,,,12.2,,,,,2025-10-16 12:26:00
,,,4.7,11.0,8.1,284.0,,,12.1,,,,,2025-10-16 12:56:00
,,,4.8,10.0,8.2,277.0,,,12.1,,,,,2025-10-16 13:26:00
,,,5.2,11.0,8.7,285.0,,,12.1,,,,,2025-10-16 13:56:00
,,,5.5,12.0,9.6,281.0,,,12.1,,,,,2025-10-16 14:26:00
,,,5.5,12.0,9.5,281.0,,,12.1,,,,,2025-10-16 14:56:00
,,,6.1,18.0,9.8,281.0,,,12.1,,,,,2025-10-16 15:26:00
,,,6.1,17.0,10.5,278.0,,,12.2,,,,,2025-10-16 15:56:00
,,,6.6,17.0,10.7,281.0,,,12.2,,,,,2025-10-16 16:26:00
,,,7.0,17.0,10.9,268.0,,,12.1,,,,,2025-10-16 16:56:00
,,,6.8,17.0,11.0,272.0,,,12.1,,,,,2025-10-16 17:26:00
,,,6.4,18.0,10.8,277.0,,,12.1,,,,,2025-10-16 17:56:00
,,,6.2,18.0,10.8,274.0,,,12.1,,,,,2025-10-16 18:26:00
,,,5.8,18.0,10.8,277.0,,,12.1,,,,,2025-10-16 18:56:00
,,,6.4,15.0,10.7,275.0,,,12.1,,,,,2025-10-16 19:26:00
,,,6.3,18.0,10.8,279.0,,,12.1,,,,,2025-10-16 19:56:00
,,,5.8,15.0,10.5,275.0,,,12.1,,,,,2025-10-16 20:26:00
,,,6.1,18.0,11.1,284.0,,,12.1,,,,,2025-10-16 20:56:00
,,,6.8,15.0,11.6,281.0,,,12.1,,,,,2025-10-16 21:26:00
,,,6.1,17.0,10.4,288.0,,,12.1,,,,,2025-10-16 21:56:00
,,,7.5,17.0,11.8,286.0,,,12.1,,,,,2025-10-16 22:26:00
,,,7.5,17.0,11.6,286.0,,,12.1,,,,,2025-10-16 22:56:00
,,,7.4,15.0,12.0,288.0,,,12.1,,,,,2025-10-16 23:26:00
,,,7.2,17.0,11.1,286.0,,,12.1,,,,,2025-10-16 23:56:00
,,,7.4,17.0,11.4,286.0,,,12.1,,,,,2025-10-17 00:26:00
,,,8.1,17.0,11.7,293.0,,,12.1,,,,,2025-10-17 00:56:00
,,,7.7,15.0,11.5,282.0,,,12.1,,,,,2025-10-17 01:26:00
,,,7.6,17.0,11.8,288.0,,,12.1,,,,,2025-10-17 01:56:00
,,,7.3,14.0,11.3,288.0,,,12.1,,,,,2025-10-17 02:26:00
,,,7.5,17.0,11.7,282.0,,,12.1,,,,,2025-10-17 03:26:00
,,,7.6,14.0,11.4,285.0,,,12.1,,,,,2025-10-17 03:56:00
,,,6.7,15.0,11.1,274.0,,,12.1,,,,,2025-10-17 04:26:00
,,,7.6,15.0,11.9,277.0,,,12.1,,,,,2025-10-17 04:56:00
,,,6.6,15.0,11.1,281.0,,,12.1,,,,,2025-10-17 05:26:00
,,,6.7,14.0,11.2,278.0,,,12.1,,,,,2025-10-17 05:56:00
,,,5.9,14.0,10.9,282.0,,,12.1,,,,,2025-10-17 06:26:00
,,,6.5,17.0,11.3,284.0,,,12.1,,,,,2025-10-17 06:56:00
,,,5.9,15.0,11.3,279.0,,,12.1,,,,,2025-10-17 07:26:00
,,,5.9,17.0,11.0,278.0,,,12.1,,,,,2025-10-17 07:56:00
,,,5.9,17.0,11.1,284.0,,,12.1,,,,,2025-10-17 08:26:00
,,,6.2,17.0,11.6,286.0,,,12.1,,,,,2025-10-17 08:56:00
,,,5.7,15.0,11.2,281.0,,,12.1,,,,,2025-10-17 09:26:00
,,,6.4,15.0,11.8,279.0,,,12.1,,,,,2025-10-17 09:56:00
,,,5.7,15.0,11.4,277.0,,,12.1,,,,,2025-10-17 10:26:00
,,,5.6,17.0,11.1,284.0,,,12.1,,,,,2025-10-17 10:56:00
,,,5.3,15.0,11.1,286.0,,,12.0,,,,,2025-10-17 11:26:00
,,,5.6,15.0,11.1,288.0,,,12.0,,,,,2025-10-17 11:56:00
,,,5.1,17.0,10.9,295.0,,,12.1,,,,,2025-10-17 12:26:00
,,,5.1,15.0,10.8,293.0,,,12.0,,,,,2025-10-17 12:56:00
,,,4.7,14.0,10.5,288.0,,,12.0,,,,,2025-10-17 13:26:00
,,,5.0,15.0,11.0,296.0,,,12.1,,,,,2025-10-17 13:56:00
,,,5.0,14.0,10.7,293.0,,,12.1,,,,,2025-10-17 14:26:00
,,,4.9,14.0,10.4,292.0,,,12.1,,,,,2025-10-17 14:56:00
,,,4.9,14.0,10.3,292.0,,,12.1,,,,,2025-10-17 15:26:00
,,,4.8,14.0,10.3,295.0,,,12.1,,,,,2025-10-17 15:56:00
,,,4.8,14.0,10.2,289.0,,,12.1,,,,,2025-10-17 16:26:00
,,,4.6,13.0,10.2,288.0,,,12.1,,,,,2025-10-17 16:56:00
,,,4.4,14.0,9.5,293.0,,,12.1,,,,,2025-10-17 17:26:00
,,,4.7,14.0,9.9,286.0,,,12.1,,,,,2025-10-17 17:56:00
,,,4.5,14.0,9.3,288.0,,,12.1,,,,,2025-10-17 18:26:00
,,,3.9,13.0,8.6,291.0,,,12.1,,,,,2025-10-17 18:56:00
,,,4.3,14.0,9.0,286.0,,,12.1,,,,,2025-10-17 19:26:00
,,,4.0,14.0,8.9,289.0,,,12.1,,,,,2025-10-17 19:56:00
,,,3.9,13.0,8.5,281.0,,,12.1,,,,,2025-10-17 20:26:00
,,,3.7,13.0,8.3,289.0,,,12.1,,,,,2025-10-17 20:56:00
,,,3.5,13.0,7.9,292.0,,,12.1,,,,,2025-10-17 21:26:00
,,,3.7,13.0,8.2,284.0,,,12.1,,,,,2025-10-17 21:56:00
,,,3.9,13.0,8.5,275.0,,,12.1,,,,,2025-10-17 22:26:00
,,,3.5,13.0,8.0,286.0,,,12.1,,,,,2025-10-17 22:56:00
,,,3.7,13.0,8.1,285.0,,,12.1,,,,,2025-10-17 23:26:00
,,,3.8,14.0,8.1,278.0,,,12.1,,,,,2025-10-17 23:56:00
,,,3.3,13.0,7.1,282.0,,,12.1,,,,,2025-10-18 00:26:00
,,,3.6,13.0,7.2,270.0,,,12.1,,,,,2025-10-18 00:56:00
,,,3.8,13.0,7.4,291.0,,,12.1,,,,,2025-10-18 01:26:00
,,,3.7,13.0,7.4,289.0,,,12.1,,,,,2025-10-18 01:56:00
,,,3.6,13.0,7.3,281.0,,,12.1,,,,,2025-10-18 02:26:00
,,,4.0,11.0,7.3,285.0,,,12.1,,,,,2025-10-18 02:56:00
,,,4.1,8.0,7.3,237.0,,,12.1,,,,,2025-10-18 03:26:00
,,,3.9,8.0,7.0,240.0,,,12.1,,,,,2025-10-18 03:56:00
,,,4.1,13.0,7.4,286.0,,,12.0,,,,,2025-10-18 04:26:00
,,,4.3,8.0,7.4,246.0,,,12.0,,,,,2025-10-18 04:56:00
,,,4.5,13.0,7.5,281.0,,,12.0,,,,,2025-10-18 05:26:00
,,,4.7,9.0,7.7,250.0,,,12.0,,,,,2025-10-18 05:56:00
,,,4.5,9.0,7.7,253.0,,,12.0,,,,,2025-10-18 06:26:00
,,,4.8,9.0,7.7,250.0,,,12.0,,,,,2025-10-18 06:56:00
,,,5.2,10.0,8.3,253.0,,,12.0,,,,,2025-10-18 07:26:00
,,,5.8,10.0,8.5,254.0,,,12.0,,,,,2025-10-18 07:56:00
,,,6.3,11.0,8.9,264.0,,,12.0,,,,,2025-10-18 08:26:00
,,,6.5,11.0,9.0,267.0,,,12.0,,,,,2025-10-18 08:56:00
,,,6.7,12.0,9.0,271.0,,,12.0,,,,,2025-10-18 09:26:00
,,,7.8,12.0,9.6,258.0,,,12.0,,,,,2025-10-18 09:56:00
,,,7.1,13.0,9.5,265.0,,,12.0,,,,,2025-10-18 10:26:00
,,,9.0,13.0,10.3,264.0,,,12.0,,,,,2025-10-18 10:56:00
,,,8.7,14.0,10.1,267.0,,,12.0,,,,,2025-10-18 11:26:00
,,,8.8,14.0,10.2,263.0,,,11.9,,,,,2025-10-18 11:56:00
,,,11.2,14.0,11.6,270.0,,,11.9,,,,,2025-10-18 12:26:00
,,,11.2,13.0,11.3,265.0,,,11.9,,,,,2025-10-18 12:56:00
,,,,,,,,,11.8,,,,,2025-10-18 13:26:00
,,,10.7,14.0,11.7,263.0,,,11.8,,,,,2025-10-18 13:56:00
,,,11.7,15.0,12.1,264.0,,,11.8,,,,,2025-10-18 14:26:00
,,,10.6,15.0,11.5,263.0,,,11.8,,,,,2025-10-18 14:56:00
,,,10.2,14.0,11.4,265.0,,,11.8,,,,,2025-10-18 15:26:00
,,,9.4,15.0,11.2,261.0,,,11.8,,,,,2025-10-18 15:56:00
,,,9.2,15.0,11.1,265.0,,,11.8,,,,,2025-10-18 16:26:00
,,,9.2,15.0,11.3,263.0,,,11.8,,,,,2025-10-18 16:56:00
,,,8.6,15.0,10.7,261.0,,,11.7,,,,,2025-10-18 17:26:00
,,,8.6,14.0,10.8,255.0,,,11.8,,,,,2025-10-18 17:56:00
,,,8.7,15.0,11.2,251.0,,,11.7,,,,,2025-10-18 18:26:00
,,,7.4,13.0,10.2,261.0,,,11.7,,,,,2025-10-18 18:56:00
,,,7.3,14.0,9.9,260.0,,,11.7,,,,,2025-10-18 19:26:00
,,,8.4,13.0,10.6,254.0,,,11.7,,,,,2025-10-18 19:56:00
,,,7.9,13.0,10.4,258.0,,,11.7,,,,,2025-10-18 20:26:00
,,,7.5,14.0,10.3,261.0,,,11.7,,,,,2025-10-18 20:56:00
,,,6.2,14.0,9.7,263.0,,,11.7,,,,,2025-10-18 21:26:00
,,,7.0,13.0,10.2,268.0,,,11.6,,,,,2025-10-18 21:56:00
,,,6.3,13.0,9.6,264.0,,,11.6,,,,,2025-10-18 22:26:00
,,,6.8,13.0,10.0,265.0,,,11.6,,,,,2025-10-18 22:56:00
,,,6.5,13.0,9.8,268.0,,,11.6,,,,,2025-10-18 23:26:00
,,,7.0,13.0,9.8,271.0,,,11.6,,,,,2025-10-18 23:56:00
,,,7.4,13.0,10.2,279.0,,,11.6,,,,,2025-10-19 00:26:00
,,,7.2,13.0,9.8,270.0,,,11.6,,,,,2025-10-19 00:56:00
,,,7.6,13.0,10.1,264.0,,,11.6,,,,,2025-10-19 01:26:00
,,,6.6,13.0,9.4,268.0,,,11.6,,,,,2025-10-19 01:56:00
,,,6.2,13.0,9.4,264.0,,,11.6,,,,,2025-10-19 02:26:00
,,,6.2,13.0,9.3,265.0,,,11.6,,,,,2025-10-19 02:56:00
,,,6.2,11.0,9.4,286.0,,,11.6,,,,,2025-10-19 03:26:00
,,,6.2,12.0,9.0,264.0,,,11.6,,,,,2025-10-19 03:56:00
,,,5.9,13.0,9.1,263.0,,,11.6,,,,,2025-10-19 04:26:00
,,,5.6,11.0,8.7,278.0,,,11.6,,,,,2025-10-19 04:56:00
,,,6.0,10.0,9.1,308.0,,,11.6,,,,,2025-10-19 05:26:00
,,,5.2,10.0,8.6,313.0,,,11.6,,,,,2025-10-19 05:56:00
,,,4.9,11.0,8.4,270.0,,,11.6,,,,,2025-10-19 06:26:00
,,,5.2,10.0,8.8,284.0,,,11.6,,,,,2025-10-19 06:56:00
,,,4.7,9.0,8.4,302.0,,,11.6,,,,,2025-10-19 07:26:00
,,,4.9,13.0,9.1,254.0,,,11.6,,,,,2025-10-19 07:56:00
,,,5.0,13.0,9.1,258.0,,,11.6,,,,,2025-10-19 08:26:00
,,,4.0,12.0,8.5,255.0,,,11.6,,,,,2025-10-19 08:56:00
,,,4.1,11.0,8.7,255.0,,,11.6,,,,,2025-10-19 09:26:00
,,,4.0,13.0,8.7,255.0,,,11.6,,,,,2025-10-19 09:56:00
,,,3.6,13.0,8.4,250.0,,,11.6,,,,,2025-10-19 10:26:00
,,,4.0,9.0,8.6,340.0,,,11.6,,,,,2025-10-19 10:56:00
,,,3.5,13.0,8.2,254.0,,,11.5,,,,,2025-10-19 11:26:00
,,,3.8,9.0,8.4,323.0,,,11.5,,,,,2025-10-19 11:56:00
,,,3.7,13.0,8.6,260.0,,,11.5,,,,,2025-10-19 12:26:00
,,,3.6,13.0,8.4,264.0,,,11.5,,,,,2025-10-19 12:56:00
,,,3.8,13.0,8.8,268.0,,,11.5,,,,,2025-10-19 13:26:00
,,,3.6,14.0,8.7,270.0,,,11.5,,,,,2025-10-19 13:56:00
,,,3.9,15.0,9.0,278.0,,,11.5,,,,,2025-10-19 14:26:00
,,,3.6,13.0,9.0,271.0,,,11.5,,,,,2025-10-19 14:56:00
,,,4.0,13.0,9.5,270.0,,,11.5,,,,,2025-10-19 15:26:00
,,,3.8,14.0,8.9,278.0,,,11.5,,,,,2025-10-19 15:56:00
,,,4.4,14.0,9.8,278.0,,,11.5,,,,,2025-10-19 16:26:00
,,,4.2,14.0,9.2,275.0,,,11.5,,,,,2025-10-19 16:56:00
,,,3.8,13.0,9.2,281.0,,,11.5,,,,,2025-10-19 17:26:00
,,,4.2,13.0,9.0,278.0,,,11.5,,,,,2025-10-19 17:56:00
,,,4.1,12.0,8.7,274.0,,,11.5,,,,,2025-10-19 18:26:00
,,,4.0,12.0,8.4,275.0,,,11.5,,,,,2025-10-19 18:56:00
,,,4.7,13.0,9.1,282.0,,,11.5,,,,,2025-10-19 19:26:00
,,,4.4,13.0,8.5,282.0,,,11.5,,,,,2025-10-19 19:56:00
,,,4.7,13.0,8.5,281.0,,,11.5,,,,,2025-10-19 20:26:00
,,,4.3,13.0,8.2,278.0,,,11.5,,,,,2025-10-19 20:56:00
,,,4.3,13.0,7.8,265.0,,,11.5,,,,,2025-10-19 22:26:00
,,,4.5,12.0,7.8,267.0,,,11.5,,,,,2025-10-19 22:56:00
,,,4.3,8.0,7.4,230.0,,,11.5,,,,,2025-10-19 23:26:00
,,,3.8,8.0,7.6,222.0,,,11.5,,,,,2025-10-19 23:56:00
,,,4.1,8.0,7.5,219.0,,,11.5,,,,,2025-10-20 00:26:00
,,,3.9,8.0,7.5,226.0,,,11.5,,,,,2025-10-20 00:56:00
,,,3.9,8.0,7.3,222.0,,,11.5,,,,,2025-10-20 01:26:00
,,,4.3,9.0,7.6,233.0,,,11.5,,,,,2025-10-20 01:56:00
,,,4.4,8.0,7.5,234.0,,,11.5,,,,,2025-10-20 02:26:00
,,,4.8,9.0,7.7,239.0,,,11.5,,,,,2025-10-20 02:56:00
,,,5.2,10.0,8.5,240.0,,,11.5,,,,,2025-10-20 03:26:00
,,,5.2,11.0,8.3,246.0,,,11.5,,,,,2025-10-20 03:56:00
,,,5.8,11.0,8.6,244.0,,,11.5,,,,,2025-10-20 04:26:00
,,,5.9,11.0,8.6,247.0,,,11.5,,,,,2025-10-20 04:56:00
,,,6.7,11.0,9.1,253.0,,,11.5,,,,,2025-10-20 05:26:00
,,,6.5,11.0,9.3,248.0,,,11.5,,,,,2025-10-20 05:56:00
,,,7.8,13.0,10.0,267.0,,,11.5,,,,,2025-10-20 06:26:00
,,,8.2,11.0,10.2,264.0,,,11.5,,,,,2025-10-20 06:56:00
,,,8.0,13.0,10.3,277.0,,,11.5,,,,,2025-10-20 07:26:00
,,,8.0,13.0,10.3,270.0,,,11.5,,,,,2025-10-20 07:56:00
,,,8.8,13.0,10.5,277.0,,,11.4,,,,,2025-10-20 08:26:00
,,,10.1,14.0,11.3,278.0,,,11.4,,,,,2025-10-20 08:56:00
,,,9.9,15.0,11.6,279.0,,,11.4,,,,,2025-10-20 09:26:00
,,,10.7,15.0,12.1,275.0,,,11.4,,,,,2025-10-20 09:56:00
,,,12.0,15.0,13.1,274.0,,,11.4,,,,,2025-10-20 10:26:00
,,,10.7,17.0,12.5,277.0,,,11.4,,,,,2025-10-20 10:56:00
,,,10.9,18.0,12.3,275.0,,,11.4,,,,,2025-10-20 11:26:00
,,,11.1,15.0,12.1,271.0,,,11.4,,,,,2025-10-20 11:56:00
,,,10.0,18.0,12.2,270.0,,,11.4,,,,,2025-10-20 12:26:00
,,,10.1,15.0,12.1,267.0,,,11.3,,,,,2025-10-20 12:56:00
,,,10.4,14.0,12.1,263.0,,,11.3,,,,,2025-10-20 13:26:00
,,,9.3,20.0,12.2,265.0,,,11.3,,,,,2025-10-20 13:56:00
,,,9.6,15.0,12.0,263.0,,,11.3,,,,,2025-10-20 14:26:00
,,,10.4,17.0,12.6,267.0,,,11.3,,,,,2025-10-20 14:56:00
,,,9.2,15.0,12.1,265.0,,,11.3,,,,,2025-10-20 16:26:00
,,,7.9,18.0,11.4,265.0,,,11.3,,,,,2025-10-20 16:56:00
,,,8.7,18.0,12.0,265.0,,,11.2,,,,,2025-10-20 17:26:00
,,,9.0,18.0,11.7,265.0,,,11.2,,,,,2025-10-20 17:56:00
,,,9.3,18.0,12.1,263.0,,,11.2,,,,,2025-10-20 18:26:00
,,,9.5,15.0,12.1,265.0,,,11.2,,,,,2025-10-20 18:56:00
,,,9.0,15.0,11.8,268.0,,,11.2,,,,,2025-10-20 19:26:00
,,,8.7,18.0,11.9,261.0,,,11.2,,,,,2025-10-20 19:56:00
,,,8.3,15.0,11.5,264.0,,,11.2,,,,,2025-10-20 20:26:00
,,,8.3,17.0,11.9,271.0,,,11.2,,,,,2025-10-20 20:56:00
,,,8.8,15.0,12.0,274.0,,,11.3,,,,,2025-10-20 21:26:00
,,,8.5,15.0,11.9,275.0,,,11.3,,,,,2025-10-20 21:56:00
,,,8.1,15.0,11.3,279.0,,,11.3,,,,,2025-10-20 22:26:00
,,,8.3,15.0,11.6,279.0,,,11.3,,,,,2025-10-20 22:56:00
,,,8.4,13.0,11.3,274.0,,,11.3,,,,,2025-10-20 23:26:00
,,,7.8,14.0,10.7,278.0,,,11.3,,,,,2025-10-20 23:56:00
,,,7.6,15.0,10.9,275.0,,,11.3,,,,,2025-10-21 00:26:00
,,,7.6,15.0,11.0,278.0,,,11.3,,,,,2025-10-21 00:56:00
,,,7.1,15.0,10.5,279.0,,,11.2,,,,,2025-10-21 01:26:00
,,,7.0,15.0,10.7,274.0,,,11.2,,,,,2025-10-21 01:56:00
,,,6.8,13.0,10.2,279.0,,,11.2,,,,,2025-10-21 02:26:00
,,,7.0,11.0,10.6,271.0,,,11.2,,,,,2025-10-21 02:56:00
,,,6.5,15.0,10.8,268.0,,,11.2,,,,,2025-10-21 03:26:00
,,,6.0,13.0,10.3,268.0,,,11.2,,,,,2025-10-21 03:56:00
,,,5.7,15.0,9.7,267.0,,,11.2,,,,,2025-10-21 04:26:00
,,,5.1,15.0,9.6,265.0,,,11.2,,,,,2025-10-21 04:56:00
,,,3.7,13.0,8.0,272.0,,,11.2,,,,,2025-10-21 10:26:00
,,,4.2,14.0,8.4,275.0,,,11.2,,,,,2025-10-21 10:56:00
,,,3.9,13.0,8.1,270.0,,,11.2,,,,,2025-10-21 11:26:00
,,,4.2,14.0,8.1,260.0,,,11.2,,,,,2025-10-21 11:56:00
,,,4.2,13.0,8.1,270.0,,,11.2,,,,,2025-10-21 12:26:00
,,,3.9,13.0,7.5,271.0,,,11.2,,,,,2025-10-21 12:56:00
,,,4.0,13.0,7.2,270.0,,,11.2,,,,,2025-10-21 13:26:00
,,,4.0,13.0,7.6,272.0,,,11.2,,,,,2025-10-21 13:56:00
,,,3.9,13.0,7.7,271.0,,,11.2,,,,,2025-10-21 15:26:00
,,,3.8,10.0,7.5,275.0,,,11.2,,,,,2025-10-21 15:56:00
,,,4.4,12.0,7.9,272.0,,,11.2,,,,,2025-10-21 16:26:00
,,,4.3,13.0,7.8,272.0,,,11.2,,,,,2025-10-21 16:56:00
,,,4.3,8.0,7.5,203.0,,,11.2,,,,,2025-10-21 17:26:00
,,,4.1,11.0,7.4,270.0,,,11.2,,,,,2025-10-21 17:56:00
,,,4.0,12.0,7.7,270.0,,,11.2,,,,,2025-10-21 18:26:00
,,,4.1,12.0,7.7,267.0,,,11.2,,,,,2025-10-21 18:56:00
,,,4.1,11.0,7.8,270.0,,,11.2,,,,,2025-10-21 19:26:00
,,,4.1,12.0,7.8,267.0,,,11.2,,,,,2025-10-21 19:56:00
,,,4.3,10.0,8.0,254.0,,,11.2,,,,,2025-10-21 20:26:00
,,,3.8,9.0,7.5,213.0,,,11.2,,,,,2025-10-21 20:56:00
,,,3.8,10.0,7.7,226.0,,,11.2,,,,,2025-10-21 21:26:00
,,,3.8,9.0,7.7,216.0,,,11.2,,,,,2025-10-21 21:56:00
,,,4.0,9.0,8.0,227.0,,,11.2,,,,,2025-10-21 22:26:00
,,,3.7,9.0,7.9,208.0,,,11.2,,,,,2025-10-21 22:56:00
,,,3.9,9.0,7.9,220.0,,,11.2,,,,,2025-10-21 23:26:00
,,,3.8,10.0,7.9,246.0,,,11.2,,,,,2025-10-21 23:56:00
,,,3.5,9.0,7.7,219.0,,,11.1,,,,,2025-10-22 00:26:00
,,,3.7,9.0,7.9,212.0,,,11.1,,,,,2025-10-22 00:56:00
,,,3.4,10.0,7.5,234.0,,,11.1,,,,,2025-10-22 01:26:00
,,,3.3,9.0,7.3,192.0,,,11.1,,,,,2025-10-22 01:56:00
,,,3.6,9.0,7.7,222.0,,,11.1,,,,,2025-10-22 02:26:00
,,,3.5,9.0,7.5,222.0,,,11.1,,,,,2025-10-22 02:56:00
,,,3.6,9.0,7.5,229.0,,,11.1,,,,,2025-10-22 03:26:00
,,,3.5,9.0,7.1,218.0,,,11.1,,,,,2025-10-22 03:56:00
,,,4.0,9.0,7.3,237.0,,,11.1,,,,,2025-10-22 04:26:00
,,,4.0,9.0,7.4,227.0,,,11.1,,,,,2025-10-22 04:56:00
,,,3.7,10.0,7.3,251.0,,,11.1,,,,,2025-10-22 05:26:00
,,,3.8,10.0,7.2,247.0,,,11.1,,,,,2025-10-22 05:56:00
,,,4.4,11.0,7.4,264.0,,,11.1,,,,,2025-10-22 06:26:00
,,,4.5,9.0,7.5,244.0,,,11.1,,,,,2025-10-22 06:56:00
,,,4.8,11.0,7.6,258.0,,,11.1,,,,,2025-10-22 07:26:00
,,,5.5,10.0,8.0,263.0,,,11.1,,,,,2025-10-22 07:56:00
,,,5.7,11.0,8.3,257.0,,,11.1,,,,,2025-10-22 08:26:00
,,,6.3,11.0,8.8,257.0,,,11.1,,,,,2025-10-22 08:56:00
,,,6.7,12.0,9.1,250.0,,,11.1,,,,,2025-10-22 09:26:00
,,,7.3,13.0,9.4,254.0,,,11.1,,,,,2025-10-22 09:56:00
,,,7.2,13.0,9.7,250.0,,,11.1,,,,,2025-10-22 10:26:00
,,,7.3,13.0,9.7,253.0,,,11.1,,,,,2025-10-22 10:56:00
,,,7.5,13.0,9.8,254.0,,,11.1,,,,,2025-10-22 11:26:00
,,,6.6,13.0,9.9,251.0,,,11.1,,,,,2025-10-22 11:56:00
,,,7.0,13.0,10.1,254.0,,,11.1,,,,,2025-10-22 12:26:00
,,,7.2,14.0,10.5,255.0,,,11.1,,,,,2025-10-22 12:56:00
,,,7.2,13.0,10.6,257.0,,,11.1,,,,,2025-10-22 13:26:00
,,,7.1,15.0,10.8,251.0,,,11.1,,,,,2025-10-22 13:56:00
,,,7.4,15.0,11.2,246.0,,,11.1,,,,,2025-10-22 14:26:00
,,,6.8,15.0,10.8,253.0,,,11.1,,,,,2025-10-22 14:56:00
,,,6.6,14.0,11.0,253.0,,,11.1,,,,,2025-10-22 15:26:00
,,,7.0,15.0,11.9,263.0,,,11.0,,,,,2025-10-22 15:56:00
,,,7.3,17.0,12.1,265.0,,,11.0,,,,,2025-10-22 16:26:00
,,,6.5,20.0,11.2,265.0,,,11.0,,,,,2025-10-22 16:56:00
,,,6.6,15.0,11.1,267.0,,,11.0,,,,,2025-10-22 17:26:00
,,,7.0,18.0,11.7,267.0,,,11.0,,,,,2025-10-22 17:56:00
,,,7.4,14.0,11.2,264.0,,,11.0,,,,,2025-10-22 18:26:00
,,,7.1,17.0,10.6,272.0,,,11.0,,,,,2025-10-22 18:56:00
,,,7.9,14.0,11.1,268.0,,,11.0,,,,,2025-10-22 19:26:00
,,,7.4,15.0,10.4,272.0,,,11.1,,,,,2025-10-22 19:56:00
,,,7.4,15.0,10.6,275.0,,,11.1,,,,,2025-10-22 20:26:00
,,,7.3,14.0,10.1,277.0,,,11.1,,,,,2025-10-22 20:56:00
,,,7.3,12.0,10.2,267.0,,,11.1,,,,,2025-10-22 21:26:00
,,,6.8,12.0,9.7,268.0,,,11.0,,,,,2025-10-22 21:56:00
,,,7.4,13.0,9.9,275.0,,,11.0,,,,,2025-10-22 22:26:00
,,,7.3,13.0,10.1,271.0,,,11.0,,,,,2025-10-22 22:56:00
,,,7.5,13.0,9.7,272.0,,,11.0,,,,,2025-10-22 23:26:00
,,,7.2,13.0,9.4,258.0,,,11.0,,,,,2025-10-22 23:56:00
,,,7.2,13.0,9.8,272.0,,,11.0,,,,,2025-10-23 00:26:00
,,,6.4,12.0,9.6,265.0,,,11.0,,,,,2025-10-23 00:56:00
,,,6.8,11.0,9.4,263.0,,,11.0,,,,,2025-10-23 01:26:00
,,,6.1,14.0,9.1,265.0,,,11.0,,,,,2025-10-23 01:56:00
,,,6.3,13.0,9.3,260.0,,,11.0,,,,,2025-10-23 02:26:00
,,,5.9,12.0,9.3,258.0,,,11.0,,,,,2025-10-23 02:56:00
,,,6.0,14.0,9.4,267.0,,,11.0,,,,,2025-10-23 03:26:00
,,,6.4,11.0,9.6,255.0,,,11.0,,,,,2025-10-23 03:56:00
,,,5.8,12.0,9.5,250.0,,,11.0,,,,,2025-10-23 04:26:00
,,,6.1,13.0,9.6,258.0,,,10.9,,,,,2025-10-23 04:56:00
,,,5.7,13.0,9.5,254.0,,,10.9,,,,,2025-10-23 05:26:00
,,,5.8,17.0,9.9,271.0,,,10.9,,,,,2025-10-23 05:56:00
,,,5.5,10.0,9.4,243.0,,,10.9,,,,,2025-10-23 06:26:00
,,,5.5,14.0,9.6,257.0,,,10.9,,,,,2025-10-23 06:56:00
,,,5.9,13.0,9.7,254.0,,,11.0,,,,,2025-10-23 07:26:00
,,,5.6,11.0,9.4,243.0,,,11.0,,,,,2025-10-23 07:56:00
,,,6.1,13.0,10.1,251.0,,,10.9,,,,,2025-10-23 08:26:00
,,,5.6,13.0,9.6,260.0,,,10.9,,,,,2025-10-23 08:56:00
,,,5.7,14.0,9.6,264.0,,,10.9,,,,,2025-10-23 09:26:00
,,,5.6,13.0,9.3,260.0,,,10.9,,,,,2025-10-23 09:56:00
,,,6.5,13.0,9.6,264.0,,,10.9,,,,,2025-10-23 10:26:00
,,,6.0,14.0,9.7,267.0,,,10.9,,,,,2025-10-23 10:56:00
,,,5.9,13.0,9.4,274.0,,,10.9,,,,,2025-10-23 11:26:00
,,,6.2,13.0,9.5,263.0,,,10.9,,,,,2025-10-23 11:56:00
,,,6.7,13.0,9.9,263.0,,,10.9,,,,,2025-10-23 12:26:00
,,,6.5,13.0,9.9,265.0,,,10.9,,,,,2025-10-23 12:56:00
,,,6.5,13.0,9.3,268.0,,,10.9,,,,,2025-10-23 13:26:00
,,,6.3,13.0,9.7,270.0,,,10.9,,,,,2025-10-23 13:56:00
,,,6.5,13.0,9.5,264.0,,,10.9,,,,,2025-10-23 14:26:00
,,,6.3,13.0,9.7,265.0,,,10.9,,,,,2025-10-23 14:56:00
,,,6.2,13.0,9.9,263.0,,,10.9,,,,,2025-10-23 16:26:00
,,,5.6,15.0,9.3,260.0,,,10.9,,,,,2025-10-23 16:56:00
,,,5.9,14.0,9.7,261.0,,,10.9,,,,,2025-10-23 17:26:00
,,,6.0,14.0,9.7,261.0,,,10.9,,,,,2025-10-23 17:56:00
,,,5.4,14.0,9.5,248.0,,,10.9,,,,,2025-10-23 18:26:00
,,,5.6,15.0,9.5,255.0,,,10.8,,,,,2025-10-23 18:56:00
,,,5.5,14.0,9.6,255.0,,,10.8,,,,,2025-10-23 19:26:00
,,,5.4,13.0,9.5,250.0,,,10.8,,,,,2025-10-23 19:56:00
,,,5.6,14.0,10.1,255.0,,,10.8,,,,,2025-10-23 20:26:00
,,,5.5,14.0,9.9,251.0,,,10.9,,,,,2025-10-23 20:56:00
,,,5.4,15.0,9.7,253.0,,,10.9,,,,,2025-10-23 21:26:00
,,,5.2,17.0,10.1,255.0,,,10.9,,,,,2025-10-23 21:56:00
,,,5.4,15.0,10.4,260.0,,,10.9,,,,,2025-10-23 22:26:00
,,,5.3,15.0,9.9,263.0,,,10.8,,,,,2025-10-23 22:56:00
,,,5.7,13.0,10.3,248.0,,,10.8,,,,,2025-10-23 23:26:00
,,,5.5,17.0,10.2,264.0,,,10.8,,,,,2025-10-23 23:56:00
,,,5.5,17.0,10.3,265.0,,,10.8,,,,,2025-10-24 00:26:00
,,,5.7,14.0,10.1,274.0,,,10.8,,,,,2025-10-24 00:56:00
,,,5.4,10.0,9.8,270.0,,,10.8,,,,,2025-10-24 01:26:00
,,,5.2,15.0,9.7,268.0,,,10.8,,,,,2025-10-24 01:56:00
,,,5.8,15.0,9.8,265.0,,,10.8,,,,,2025-10-24 02:26:00
,,,5.7,15.0,9.9,272.0,,,10.8,,,,,2025-10-24 02:56:00
,,,5.8,14.0,9.9,272.0,,,10.8,,,,,2025-10-24 03:26:00
,,,5.7,15.0,9.6,275.0,,,10.8,,,,,2025-10-24 03:56:00
,,,6.1,13.0,9.6,274.0,,,10.8,,,,,2025-10-24 04:26:00
,,,6.0,13.0,9.7,272.0,,,10.8,,,,,2025-10-24 04:56:00
,,,5.3,11.0,9.1,261.0,,,10.8,,,,,2025-10-24 05:26:00
,,,5.6,11.0,9.2,267.0,,,10.8,,,,,2025-10-24 05:56:00
,,,5.3,12.0,8.9,270.0,,,10.8,,,,,2025-10-24 06:26:00
,,,5.4,13.0,9.2,265.0,,,10.8,,,,,2025-10-24 06:56:00
,,,5.7,13.0,9.3,267.0,,,10.8,,,,,2025-10-24 07:26:00
,,,5.5,13.0,9.4,263.0,,,10.8,,,,,2025-10-24 07:56:00
,,,5.2,12.0,8.9,263.0,,,10.8,,,,,2025-10-24 08:26:00
,,,5.4,15.0,9.3,263.0,,,10.8,,,,,2025-10-24 08:56:00
,,,5.4,14.0,9.5,267.0,,,10.8,,,,,2025-10-24 09:26:00
,,,5.4,12.0,9.4,258.0,,,10.8,,,,,2025-10-24 09:56:00
,,,5.1,14.0,9.4,271.0,,,10.8,,,,,2025-10-24 10:26:00
,,,5.3,13.0,9.4,257.0,,,10.8,,,,,2025-10-24 10:56:00
,,,5.1,14.0,9.5,258.0,,,10.8,,,,,2025-10-24 11:26:00
,,,4.9,14.0,9.3,261.0,,,10.8,,,,,2025-10-24 11:56:00
,,,4.6,12.0,9.0,264.0,,,10.8,,,,,2025-10-24 12:26:00
,,,5.4,11.0,9.6,268.0,,,10.7,,,,,2025-10-24 12:56:00
,,,4.8,13.0,9.3,267.0,,,10.7,,,,,2025-10-24 13:26:00
,,,4.3,13.0,9.2,263.0,,,10.7,,,,,2025-10-24 13:56:00
,,,4.8,15.0,9.7,263.0,,,10.7,,,,,2025-10-24 14:26:00
,,,4.6,13.0,9.7,270.0,,,10.7,,,,,2025-10-24 14:56:00
,,,4.8,13.0,10.1,272.0,,,10.7,,,,,2025-10-24 15:26:00
,,,4.2,14.0,9.5,272.0,,,10.7,,,,,2025-10-24 15:56:00
,,,4.7,14.0,9.6,271.0,,,10.7,,,,,2025-10-24 16:26:00
,,,4.5,14.0,9.6,275.0,,,10.7,,,,,2025-10-24 16:56:00
,,,4.5,14.0,9.2,285.0,,,10.7,,,,,2025-10-24 17:26:00
,,,4.4,14.0,9.7,281.0,,,10.7,,,,,2025-10-24 17:56:00
,,,4.5,13.0,9.5,275.0,,,10.7,,,,,2025-10-24 18:26:00
,,,4.3,13.0,9.2,277.0,,,10.7,,,,,2025-10-24 18:56:00
,,,4.1,12.0,9.0,277.0,,,10.7,,,,,2025-10-24 20:26:00
,,,4.5,13.0,9.1,275.0,,,10.7,,,,,2025-10-24 20:56:00
,,,4.4,12.0,9.0,281.0,,,10.7,,,,,2025-10-24 21:26:00
,,,4.3,12.0,8.7,278.0,,,10.7,,,,,2025-10-24 21:56:00
,,,4.5,11.0,8.9,277.0,,,10.7,,,,,2025-10-24 22:26:00
,,,4.4,12.0,9.0,279.0,,,10.7,,,,,2025-10-24 22:56:00
,,,4.0,11.0,8.9,285.0,,,10.7,,,,,2025-10-24 23:26:00
,,,4.2,13.0,8.8,279.0,,,10.7,,,,,2025-10-24 23:56:00
,,,4.1,11.0,8.3,282.0,,,10.7,,,,,2025-10-25 00:26:00
,,,4.1,12.0,8.2,282.0,,,10.7,,,,,2025-10-25 00:56:00
,,,4.0,9.0,7.9,279.0,,,10.7,,,,,2025-10-25 01:26:00
,,,4.2,11.0,8.0,281.0,,,10.7,,,,,2025-10-25 01:56:00
,,,4.1,11.0,8.1,272.0,,,10.7,,,,,2025-10-25 02:26:00
,,,3.8,13.0,7.7,279.0,,,10.7,,,,,2025-10-25 02:56:00
,,,3.8,12.0,8.0,279.0,,,10.7,,,,,2025-10-25 03:26:00
,,,3.6,13.0,8.0,275.0,,,10.7,,,,,2025-10-25 03:56:00
,,,3.6,12.0,8.0,271.0,,,10.7,,,,,2025-10-25 04:26:00
,,,3.5,13.0,8.2,271.0,,,10.7,,,,,2025-10-25 04:56:00
,,,3.5,11.0,8.0,289.0,,,10.7,,,,,2025-10-25 05:26:00
,,,3.3,10.0,8.2,279.0,,,10.7,,,,,2025-10-25 05:56:00
,,,3.4,13.0,7.7,277.0,,,10.7,,,,,2025-10-25 06:26:00
,,,3.2,12.0,7.6,278.0,,,10.7,,,,,2025-10-25 06:56:00
,,,3.3,11.0,7.6,281.0,,,10.7,,,,,2025-10-25 07:26:00
,,,3.4,11.0,7.8,289.0,,,10.7,,,,,2025-10-25 07:56:00
,,,3.7,13.0,8.1,275.0,,,10.7,,,,,2025-10-25 08:26:00
,,,3.6,11.0,8.0,289.0,,,10.7,,,,,2025-10-25 08:56:00
,,,3.8,11.0,8.2,285.0,,,10.7,,,,,2025-10-25 09:26:00
,,,3.6,11.0,7.9,292.0,,,10.7,,,,,2025-10-25 09:56:00
,,,3.7,12.0,7.9,291.0,,,10.7,,,,,2025-10-25 10:26:00
,,,3.9,10.0,7.9,300.0,,,10.7,,,,,2025-10-25 10:56:00
,,,3.6,11.0,7.6,295.0,,,10.7,,,,,2025-10-25 11:26:00
,,,3.9,11.0,8.1,286.0,,,10.7,,,,,2025-10-25 11:56:00
,,,3.7,12.0,7.6,281.0,,,10.7,,,,,2025-10-25 12:26:00
,,,4.2,11.0,7.8,282.0,,,10.7,,,,,2025-10-25 12:56:00
,,,3.9,10.0,7.7,281.0,,,10.6,,,,,2025-10-25 13:26:00
,,,3.9,10.0,7.7,284.0,,,10.6,,,,,2025-10-25 13:56:00
,,,4.0,10.0,7.5,291.0,,,10.6,,,,,2025-10-25 14:26:00
,,,4.6,11.0,8.1,288.0,,,10.6,,,,,2025-10-25 14:56:00
,,,4.3,11.0,7.9,282.0,,,10.6,,,,,2025-10-25 15:26:00
,,,4.3,11.0,8.0,277.0,,,10.6,,,,,2025-10-25 15:56:00
,,,4.1,11.0,7.8,282.0,,,10.6,,,,,2025-10-25 16:26:00
,,,4.0,11.0,8.0,275.0,,,10.6,,,,,2025-10-25 16:56:00
,,,4.4,11.0,8.1,278.0,,,10.6,,,,,2025-10-25 17:26:00
,,,4.1,11.0,7.9,272.0,,,10.6,,,,,2025-10-25 17:56:00
,,,4.1,11.0,7.7,271.0,,,10.6,,,,,2025-10-25 18:26:00
,,,4.6,13.0,8.4,268.0,,,10.6,,,,,2025-10-25 18:56:00
,,,4.2,12.0,8.1,272.0,,,10.6,,,,,2025-10-25 19:26:00
,,,4.2,11.0,8.0,274.0,,,10.6,,,,,2025-10-25 19:56:00
,,,4.3,13.0,8.2,261.0,,,10.6,,,,,2025-10-25 20:26:00
,,,4.6,12.0,8.3,265.0,,,10.6,,,,,2025-10-25 20:56:00
,,,4.0,12.0,7.9,268.0,,,10.6,,,,,2025-10-25 21:26:00
,,,4.5,13.0,8.5,272.0,,,10.6,,,,,2025-10-25 21:56:00
,,,4.4,12.0,8.3,272.0,,,10.6,,,,,2025-10-25 22:26:00
,,,4.4,13.0,8.4,267.0,,,10.6,,,,,2025-10-25 22:56:00
,,,4.7,12.0,8.3,267.0,,,10.6,,,,,2025-10-25 23:26:00
,,,4.6,10.0,8.0,275.0,,,10.6,,,,,2025-10-25 23:56:00
,,,5.2,11.0,8.6,281.0,,,10.6,,,,,2025-10-26 00:26:00
,,,4.8,11.0,8.2,279.0,,,10.6,,,,,2025-10-26 00:56:00
,,,4.9,12.0,8.4,275.0,,,10.6,,,,,2025-10-26 01:26:00
,,,5.2,11.0,8.6,285.0,,,10.6,,,,,2025-10-26 01:56:00
,,,5.1,12.0,8.4,291.0,,,10.6,,,,,2025-10-26 02:26:00
,,,5.8,12.0,8.9,291.0,,,10.6,,,,,2025-10-26 02:56:00
,,,5.1,12.0,8.3,284.0,,,10.6,,,,,2025-10-26 03:26:00
,,,5.7,11.0,8.9,295.0,,,10.6,,,,,2025-10-26 03:56:00
,,,5.9,11.0,8.8,295.0,,,10.6,,,,,2025-10-26 04:26:00
,,,6.1,11.0,8.9,298.0,,,10.6,,,,,2025-10-26 04:56:00
,,,6.2,12.0,9.0,285.0,,,10.6,,,,,2025-10-26 05:26:00
,,,6.2,13.0,9.0,292.0,,,10.6,,,,,2025-10-26 05:56:00
,,,5.7,13.0,8.8,295.0,,,10.6,,,,,2025-10-26 06:26:00
,,,6.1,12.0,8.5,293.0,,,10.5,,,,,2025-10-26 06:56:00
,,,5.7,13.0,8.7,293.0,,,10.5,,,,,2025-10-26 07:26:00
,,,5.9,13.0,8.8,291.0,,,10.5,,,,,2025-10-26 07:56:00
,,,6.0,13.0,8.9,293.0,,,10.5,,,,,2025-10-26 08:26:00
,,,5.8,13.0,8.6,299.0,,,10.5,,,,,2025-10-26 08:56:00
,,,5.9,11.0,8.9,295.0,,,10.5,,,,,2025-10-26 09:26:00
,,,5.2,12.0,8.6,298.0,,,10.5,,,,,2025-10-26 09:56:00
,,,5.1,10.0,8.4,292.0,,,10.5,,,,,2025-10-26 10:26:00
,,,5.3,13.0,8.9,303.0,,,10.5,,,,,2025-10-26 10:56:00
,,,5.5,13.0,9.3,291.0,,,10.5,,,,,2025-10-26 11:26:00
,,,5.3,13.0,8.9,298.0,,,10.5,,,,,2025-10-26 11:56:00
,,,5.1,13.0,8.6,296.0,,,10.5,,,,,2025-10-26 12:26:00
,,,5.3,13.0,8.8,302.0,,,10.5,,,,,2025-10-26 12:56:00
,,,5.3,13.0,9.0,295.0,,,10.5,,,,,2025-10-26 13:26:00
,,,4.9,13.0,8.6,305.0,,,10.5,,,,,2025-10-26 13:56:00
,,,5.1,13.0,8.7,300.0,,,10.5,,,,,2025-10-26 14:26:00
,,,5.2,12.0,8.8,299.0,,,10.5,,,,,2025-10-26 14:56:00
,,,4.5,12.0,8.3,306.0,,,10.5,,,,,2025-10-26 15:26:00
,,,5.0,12.0,8.6,305.0,,,10.5,,,,,2025-10-26 15:56:00
,,,4.6,12.0,8.7,309.0,,,10.5,,,,,2025-10-26 16:26:00
,,,4.4,12.0,8.5,312.0,,,10.5,,,,,2025-10-26 16:56:00
,,,4.3,12.0,8.2,308.0,,,10.5,,,,,2025-10-26 17:26:00
,,,4.3,11.0,8.0,308.0,,,10.5,,,,,2025-10-26 17:56:00
,,,4.1,11.0,7.9,313.0,,,10.5,,,,,2025-10-26 18:26:00
,,,4.0,11.0,8.3,310.0,,,10.5,,,,,2025-10-26 18:56:00
,,,4.0,10.0,7.9,309.0,,,10.5,,,,,2025-10-26 19:26:00
,,,4.0,11.0,8.1,305.0,,,10.5,,,,,2025-10-26 19:56:00
,,,4.1,11.0,8.1,306.0,,,10.5,,,,,2025-10-26 20:26:00
,,,3.4,11.0,7.5,302.0,,,10.5,,,,,2025-10-26 20:56:00
,,,3.8,10.0,7.9,305.0,,,10.5,,,,,2025-10-26 21:26:00
,,,3.6,11.0,7.6,308.0,,,10.5,,,,,2025-10-26 21:56:00
,,,3.7,11.0,7.6,305.0,,,10.5,,,,,2025-10-26 22:26:00
,,,3.6,11.0,7.7,313.0,,,10.5,,,,,2025-10-26 22:56:00
,,,3.2,10.0,7.5,302.0,,,10.5,,,,,2025-10-26 23:26:00
,,,2.9,11.0,7.2,302.0,,,10.5,,,,,2025-10-26 23:56:00
,,,3.1,11.0,7.3,309.0,,,10.5,,,,,2025-10-27 00:26:00
,,,3.1,11.0,7.5,303.0,,,10.5,,,,,2025-10-27 00:56:00
,,,2.8,11.0,7.1,305.0,,,10.5,,,,,2025-10-27 01:26:00
,,,3.0,11.0,7.3,299.0,,,10.5,,,,,2025-10-27 01:56:00
,,,2.8,11.0,6.9,299.0,,,10.5,,,,,2025-10-27 02:26:00
,,,3.0,11.0,7.0,305.0,,,10.5,,,,,2025-10-27 02:56:00
,,,2.7,11.0,6.8,302.0,,,10.5,,,,,2025-10-27 03:26:00
,,,2.7,10.0,7.0,308.0,,,10.5,,,,,2025-10-27 03:56:00
,,,2.6,10.0,7.1,319.0,,,10.5,,,,,2025-10-27 04:26:00
,,,2.5,10.0,6.6,300.0,,,10.5,,,,,2025-10-27 04:56:00
,,,2.5,10.0,6.6,303.0,,,10.5,,,,,2025-10-27 05:26:00
,,,2.4,9.0,6.5,313.0,,,10.5,,,,,2025-10-27 05:56:00
,,,2.4,10.0,6.5,320.0,,,10.5,,,,,2025-10-27 06:26:00
,,,2.3,11.0,6.3,305.0,,,10.5,,,,,2025-10-27 06:56:00
,,,2.2,11.0,6.2,323.0,,,10.5,,,,,2025-10-27 07:26:00
,,,2.3,10.0,6.4,312.0,,,10.5,,,,,2025-10-27 07:56:00
,,,2.3,10.0,6.4,310.0,,,10.5,,,,,2025-10-27 08:26:00
,,,2.2,9.0,6.3,310.0,,,10.5,,,,,2025-10-27 08:56:00
,,,2.2,9.0,6.2,308.0,,,10.5,,,,,2025-10-27 09:26:00
,,,2.3,10.0,6.2,296.0,,,10.5,,,,,2025-10-27 09:56:00
,,,2.4,9.0,6.2,312.0,,,10.5,,,,,2025-10-27 10:26:00
,,,2.1,9.0,6.0,309.0,,,10.5,,,,,2025-10-27 10:56:00
,,,2.1,11.0,6.1,281.0,,,10.5,,,,,2025-10-27 11:26:00
,,,2.1,9.0,6.1,302.0,,,10.5,,,,,2025-10-27 11:56:00
,,,2.1,8.0,6.2,315.0,,,10.5,,,,,2025-10-27 12:26:00
,,,2.0,8.0,6.2,310.0,,,10.4,,,,,2025-10-27 12:56:00
,,,2.0,8.0,6.4,309.0,,,10.4,,,,,2025-10-27 13:26:00
,,,2.0,8.0,6.1,309.0,,,10.4,,,,,2025-10-27 13:56:00
,,,2.0,8.0,6.2,309.0,,,10.4,,,,,2025-10-27 14:26:00
,,,2.1,8.0,6.3,308.0,,,10.4,,,,,2025-10-27 14:56:00
,,,2.0,8.0,6.3,310.0,,,10.4,,,,,2025-10-27 15:26:00
,,,2.0,8.0,6.2,315.0,,,10.4,,,,,2025-10-27 15:56:00
,,,2.1,8.0,6.3,313.0,,,10.4,,,,,2025-10-27 16:26:00
,,,2.0,8.0,6.5,308.0,,,10.4,,,,,2025-10-27 16:56:00
,,,1.7,8.0,6.2,308.0,,,10.4,,,,,2025-10-27 17:26:00
,,,1.9,8.0,6.5,306.0,,,10.4,,,,,2025-10-27 17:56:00
,,,1.6,8.0,6.3,302.0,,,10.4,,,,,2025-10-27 18:26:00
,,,1.6,8.0,6.7,305.0,,,10.4,,,,,2025-10-27 18:56:00
,,,1.5,8.0,6.4,300.0,,,10.4,,,,,2025-10-27 19:26:00
,,,1.6,8.0,6.5,300.0,,,10.4,,,,,2025-10-27 19:56:00
,,,1.4,8.0,6.3,284.0,,,10.4,,,,,2025-10-27 20:26:00
,,,1.5,8.0,6.5,302.0,,,10.4,,,,,2025-10-27 20:56:00
,,,1.4,8.0,6.4,296.0,,,10.4,,,,,2025-10-27 21:26:00
,,,1.4,8.0,6.3,293.0,,,10.4,,,,,2025-10-27 21:56:00
,,,1.4,8.0,6.5,298.0,,,10.4,,,,,2025-10-27 22:26:00
,,,1.4,7.0,6.4,285.0,,,10.4,,,,,2025-10-27 22:56:00
,,,1.4,8.0,6.6,288.0,,,10.4,,,,,2025-10-27 23:26:00
,,,1.3,8.0,6.3,299.0,,,10.4,,,,,2025-10-27 23:56:00
,,,1.2,8.0,6.3,293.0,,,10.4,,,,,2025-10-28 00:26:00
,,,1.2,8.0,6.4,292.0,,,10.4,,,,,2025-10-28 00:56:00
,,,1.3,8.0,6.2,296.0,,,10.4,,,,,2025-10-28 01:26:00
,,,1.3,7.0,6.0,293.0,,,10.4,,,,,2025-10-28 01:56:00
,,,1.2,8.0,5.7,274.0,,,10.4,,,,,2025-10-28 02:26:00
,,,1.2,9.0,5.6,278.0,,,10.4,,,,,2025-10-28 02:56:00
,,,1.2,8.0,5.4,300.0,,,10.4,,,,,2025-10-28 03:26:00
,,,1.3,7.0,5.3,292.0,,,10.4,,,,,2025-10-28 03:56:00
,,,1.3,7.0,5.5,300.0,,,10.4,,,,,2025-10-28 04:26:00
,,,1.4,8.0,5.1,284.0,,,10.4,,,,,2025-10-28 04:56:00
,,,1.4,7.0,4.9,308.0,,,10.4,,,,,2025-10-28 05:26:00
,,,1.4,5.0,5.0,80.0,,,10.4,,,,,2025-10-28 05:56:00
,,,1.4,5.0,4.9,83.0,,,10.4,,,,,2025-10-28 06:26:00
,,,1.5,5.0,5.1,83.0,,,10.4,,,,,2025-10-28 06:56:00
,,,1.4,5.0,5.0,102.0,,,10.4,,,,,2025-10-28 07:26:00
,,,1.4,7.0,4.8,295.0,,,10.4,,,,,2025-10-28 07:56:00
,,,1.5,5.0,5.0,113.0,,,10.4,,,,,2025-10-28 08:26:00
,,,1.5,5.0,5.0,120.0,,,10.4,,,,,2025-10-28 08:56:00
,,,1.6,6.0,5.0,135.0,,,10.4,,,,,2025-10-28 09:26:00
,,,1.8,6.0,5.0,122.0,,,10.4,,,,,2025-10-28 09:56:00
,,,1.7,6.0,4.9,130.0,,,10.4,,,,,2025-10-28 10:26:00
,,,1.7,6.0,5.2,108.0,,,10.4,,,,,2025-10-28 10:56:00
,,,1.7,7.0,5.2,137.0,,,10.4,,,,,2025-10-28 11:26:00
,,,1.8,7.0,5.3,133.0,,,10.4,,,,,2025-10-28 11:56:00
,,,1.9,7.0,5.4,118.0,,,10.4,,,,,2025-10-28 12:26:00
,,,2.0,6.0,5.6,98.0,,,10.4,,,,,2025-10-28 12:56:00
,,,2.0,7.0,5.8,137.0,,,10.4,,,,,2025-10-28 13:26:00
,,,2.1,8.0,6.1,153.0,,,10.4,,,,,2025-10-28 13:56:00
,,,2.1,9.0,6.1,167.0,,,10.4,,,,,2025-10-28 14:26:00
,,,2.3,9.0,6.3,140.0,,,10.4,,,,,2025-10-28 14:56:00
,,,2.5,9.0,6.3,128.0,,,10.4,,,,,2025-10-28 15:26:00
,,,2.6,11.0,6.8,133.0,,,10.4,,,,,2025-10-28 15:56:00
,,,2.8,11.0,6.7,126.0,,,10.4,,,,,2025-10-28 16:26:00
,,,3.0,10.0,7.0,119.0,,,10.4,,,,,2025-10-28 16:56:00
,,,3.0,12.0,7.0,120.0,,,10.4,,,,,2025-10-28 17:26:00
,,,3.2,11.0,7.0,123.0,,,10.4,,,,,2025-10-28 17:56:00
,,,3.0,11.0,6.9,119.0,,,10.4,,,,,2025-10-28 18:26:00
,,,3.1,11.0,7.1,116.0,,,10.4,,,,,2025-10-28 18:56:00
,,,3.1,12.0,7.0,116.0,,,10.4,,,,,2025-10-28 19:26:00
,,,3.2,11.0,7.0,112.0,,,10.4,,,,,2025-10-28 19:56:00
,,,3.0,11.0,6.7,108.0,,,10.4,,,,,2025-10-28 20:26:00
,,,2.9,11.0,7.1,101.0,,,10.4,,,,,2025-10-28 20:56:00
,,,3.0,11.0,7.1,109.0,,,10.4,,,,,2025-10-28 21:26:00
,,,3.1,11.0,7.2,99.0,,,10.4,,,,,2025-10-28 21:56:00
,,,2.9,13.0,7.2,109.0,,,10.4,,,,,2025-10-28 22:26:00
,,,2.9,12.0,7.5,109.0,,,10.4,,,,,2025-10-28 22:56:00
,,,2.9,12.0,7.4,108.0,,,10.4,,,,,2025-10-28 23:26:00
,,,2.9,11.0,7.3,104.0,,,10.4,,,,,2025-10-28 23:56:00
,,,2.6,12.0,7.0,97.0,,,10.4,,,,,2025-10-29 00:26:00
,,,2.8,12.0,7.8,95.0,,,10.4,,,,,2025-10-29 00:56:00
,,,2.4,12.0,6.9,95.0,,,10.4,,,,,2025-10-29 01:26:00
,,,2.6,11.0,7.2,87.0,,,10.4,,,,,2025-10-29 01:56:00
,,,2.8,12.0,7.1,88.0,,,10.4,,,,,2025-10-29 02:26:00
,,,2.9,12.0,7.6,84.0,,,10.4,,,,,2025-10-29 02:56:00
,,,2.9,12.0,7.4,88.0,,,10.4,,,,,2025-10-29 03:26:00
,,,3.0,12.0,7.4,78.0,,,10.4,,,,,2025-10-29 03:56:00
,,,3.0,11.0,7.1,80.0,,,10.4,,,,,2025-10-29 04:26:00
,,,3.4,12.0,7.9,75.0,,,10.4,,,,,2025-10-29 04:56:00
,,,3.1,11.0,7.3,83.0,,,10.4,,,,,2025-10-29 05:26:00
,,,3.5,11.0,7.6,74.0,,,10.4,,,,,2025-10-29 05:56:00
,,,3.5,12.0,7.5,74.0,,,10.4,,,,,2025-10-29 06:26:00
,,,3.5,11.0,7.4,66.0,,,10.4,,,,,2025-10-29 06:56:00
,,,3.6,13.0,7.2,71.0,,,10.4,,,,,2025-10-29 07:26:00
,,,3.5,12.0,7.0,63.0,,,10.4,,,,,2025-10-29 07:56:00
,,,3.6,12.0,6.9,67.0,,,10.4,,,,,2025-10-29 08:26:00
,,,3.8,11.0,7.1,73.0,,,10.4,,,,,2025-10-29 08:56:00
,,,3.8,12.0,6.9,68.0,,,10.4,,,,,2025-10-29 09:26:00
,,,4.1,12.0,7.0,71.0,,,10.4,,,,,2025-10-29 09:56:00
,,,3.8,8.0,6.8,227.0,,,10.4,,,,,2025-10-29 10:26:00
,,,4.5,8.0,7.0,213.0,,,10.4,,,,,2025-10-29 10:56:00
,,,4.6,8.0,7.2,215.0,,,10.3,,,,,2025-10-29 11:26:00
,,,4.9,8.0,7.3,209.0,,,10.3,,,,,2025-10-29 11:56:00
,,,4.7,8.0,7.4,203.0,,,10.3,,,,,2025-10-29 12:26:00
,,,5.2,9.0,7.5,215.0,,,10.3,,,,,2025-10-29 12:56:00
,,,5.1,9.0,7.7,202.0,,,10.3,,,,,2025-10-29 13:26:00
,,,5.9,10.0,8.2,213.0,,,10.3,,,,,2025-10-29 13:56:00
,,,7.0,10.0,8.6,205.0,,,10.3,,,,,2025-10-29 14:26:00
,,,7.7,10.0,9.1,203.0,,,10.3,,,,,2025-10-29 14:56:00
,,,7.0,11.0,9.0,205.0,,,10.3,,,,,2025-10-29 15:26:00
,,,6.7,12.0,9.0,210.0,,,10.3,,,,,2025-10-29 15:56:00
,,,7.7,11.0,9.4,203.0,,,10.3,,,,,2025-10-29 16:26:00
,,,7.7,11.0,9.5,213.0,,,10.3,,,,,2025-10-29 16:56:00
,,,7.7,12.0,9.9,216.0,,,10.3,,,,,2025-10-29 17:26:00
,,,7.5,13.0,9.9,198.0,,,10.2,,,,,2025-10-29 17:56:00
,,,7.4,13.0,10.2,209.0,,,10.2,,,,,2025-10-29 18:26:00
,,,7.8,13.0,10.2,212.0,,,10.2,,,,,2025-10-29 18:56:00
,,,7.2,13.0,10.2,203.0,,,10.2,,,,,2025-10-29 19:26:00
,,,7.0,13.0,10.0,218.0,,,10.2,,,,,2025-10-29 19:56:00
,,,7.2,13.0,10.2,219.0,,,10.2,,,,,2025-10-29 20:26:00
,,,7.4,13.0,10.4,216.0,,,10.2,,,,,2025-10-29 20:56:00
,,,7.7,13.0,10.5,222.0,,,10.2,,,,,2025-10-29 21:26:00
,,,7.3,14.0,10.2,233.0,,,10.2,,,,,2025-10-29 21:56:00
,,,7.4,12.0,10.5,218.0,,,10.2,,,,,2025-10-29 22:26:00
,,,6.5,15.0,10.4,239.0,,,10.3,,,,,2025-10-29 22:56:00
,,,6.3,13.0,9.9,233.0,,,10.2,,,,,2025-10-29 23:26:00
,,,7.5,15.0,10.6,247.0,,,10.2,,,,,2025-10-29 23:56:00
,,,7.3,13.0,10.5,240.0,,,10.2,,,,,2025-10-30 00:26:00
,,,7.0,12.0,10.4,213.0,,,10.2,,,,,2025-10-30 00:56:00
,,,6.1,11.0,9.8,227.0,,,10.2,,,,,2025-10-30 01:26:00
,,,6.5,13.0,9.9,236.0,,,10.2,,,,,2025-10-30 01:56:00
,,,7.3,13.0,10.7,240.0,,,10.2,,,,,2025-10-30 02:26:00
,,,6.6,12.0,10.2,223.0,,,10.2,,,,,2025-10-30 02:56:00
,,,6.5,13.0,9.7,233.0,,,10.2,,,,,2025-10-30 03:26:00
,,,6.4,13.0,9.9,227.0,,,10.2,,,,,2025-10-30 03:56:00
,,,6.9,13.0,10.3,244.0,,,10.2,,,,,2025-10-30 04:26:00
,,,6.5,13.0,10.2,241.0,,,10.2,,,,,2025-10-30 04:56:00
,,,7.0,14.0,10.5,253.0,,,10.2,,,,,2025-10-30 05:26:00
,,,6.3,14.0,10.2,243.0,,,10.2,,,,,2025-10-30 05:56:00
,,,6.3,14.0,10.3,244.0,,,10.3,,,,,2025-10-30 06:26:00
,,,6.4,13.0,10.1,239.0,,,10.2,,,,,2025-10-30 06:56:00
,,,6.2,13.0,10.3,246.0,,,10.2,,,,,2025-10-30 07:26:00
,,,6.1,12.0,10.6,247.0,,,10.2,,,,,2025-10-30 07:56:00
,,,6.9,13.0,10.7,239.0,,,10.2,,,,,2025-10-30 08:26:00
,,,6.5,14.0,10.8,244.0,,,10.2,,,,,2025-10-30 08:56:00
,,,5.9,14.0,9.9,243.0,,,10.2,,,,,2025-10-30 09:26:00
,,,5.7,14.0,9.9,243.0,,,10.2,,,,,2025-10-30 09:56:00
,,,5.7,14.0,10.4,251.0,,,10.2,,,,,2025-10-30 10:26:00
,,,6.0,14.0,10.7,241.0,,,10.1,,,,,2025-10-30 10:56:00
,,,5.8,15.0,10.5,247.0,,,10.2,,,,,2025-10-30 11:26:00
,,,5.9,13.0,10.8,251.0,,,10.2,,,,,2025-10-30 11:56:00
,,,6.0,14.0,10.8,243.0,,,10.2,,,,,2025-10-30 12:26:00
,,,6.4,14.0,11.2,254.0,,,10.2,,,,,2025-10-30 12:56:00
,,,6.1,15.0,11.4,265.0,,,10.2,,,,,2025-10-30 13:26:00
,,,6.3,14.0,11.4,260.0,,,10.2,,,,,2025-10-30 13:56:00
,,,5.6,15.0,10.6,268.0,,,10.2,,,,,2025-10-30 14:26:00
,,,6.4,15.0,11.1,265.0,,,10.2,,,,,2025-10-30 14:56:00
,,,6.1,14.0,10.9,260.0,,,10.2,,,,,2025-10-30 15:26:00
,,,6.4,14.0,11.1,263.0,,,10.2,,,,,2025-10-30 15:56:00
,,,5.2,15.0,9.4,268.0,,,10.2,,,,,2025-10-30 16:26:00
,,,6.0,14.0,9.9,264.0,,,10.2,,,,,2025-10-30 16:56:00
,,,6.3,14.0,10.1,270.0,,,10.2,,,,,2025-10-30 17:26:00
,,,5.6,13.0,9.2,251.0,,,10.2,,,,,2025-10-30 17:56:00
,,,5.8,13.0,9.1,270.0,,,10.2,,,,,2025-10-30 18:26:00
,,,5.8,14.0,8.6,258.0,,,10.2,,,,,2025-10-30 18:56:00
,,,5.5,14.0,8.6,264.0,,,10.2,,,,,2025-10-30 19:26:00
,,,5.9,14.0,9.0,268.0,,,10.2,,,,,2025-10-30 19:56:00
,,,5.6,13.0,8.8,267.0,,,10.2,,,,,2025-10-30 20:26:00
,,,6.1,13.0,8.9,264.0,,,10.2,,,,,2025-10-30 20:56:00
,,,6.4,13.0,8.8,250.0,,,10.2,,,,,2025-10-30 21:26:00
,,,6.5,13.0,9.1,246.0,,,10.1,,,,,2025-10-30 21:56:00
,,,5.9,13.0,8.9,263.0,,,10.1,,,,,2025-10-30 22:26:00
,,,6.5,13.0,9.0,241.0,,,10.1,,,,,2025-10-30 22:56:00
,,,6.3,12.0,9.0,232.0,,,10.1,,,,,2025-10-30 23:26:00
,,,6.5,13.0,9.3,244.0,,,10.1,,,,,2025-10-30 23:56:00
,,,6.7,11.0,9.2,205.0,,,10.1,,,,,2025-10-31 00:26:00
,,,7.0,13.0,9.3,241.0,,,10.1,,,,,2025-10-31 00:56:00
,,,7.1,10.0,9.4,189.0,,,10.1,,,,,2025-10-31 01:26:00
,,,7.2,10.0,9.2,201.0,,,10.1,,,,,2025-10-31 01:56:00
,,,8.2,13.0,10.1,250.0,,,10.1,,,,,2025-10-31 02:26:00
,,,8.2,13.0,10.0,247.0,,,10.1,,,,,2025-10-31 02:56:00
,,,9.1,14.0,10.9,243.0,,,10.1,,,,,2025-10-31 03:26:00
,,,9.7,15.0,11.1,248.0,,,10.1,,,,,2025-10-31 03:56:00
,,,9.8,15.0,11.6,241.0,,,10.1,,,,,2025-10-31 04:26:00
,,,9.8,18.0,11.7,247.0,,,10.1,,,,,2025-10-31 04:56:00
,,,9.4,18.0,11.3,241.0,,,10.1,,,,,2025-10-31 05:26:00
,,,9.9,18.0,11.8,248.0,,,10.1,,,,,2025-10-31 05:56:00
,,,9.3,15.0,12.2,234.0,,,10.1,,,,,2025-10-31 06:26:00
,,,9.1,15.0,11.4,234.0,,,10.0,,,,,2025-10-31 06:56:00
,,,9.6,18.0,11.7,247.0,,,10.0,,,,,2025-10-31 07:26:00
,,,8.5,15.0,10.9,236.0,,,10.0,,,,,2025-10-31 07:56:00
,,,8.7,14.0,11.2,230.0,,,10.0,,,,,2025-10-31 08:26:00
,,,8.7,13.0,11.2,241.0,,,10.0,,,,,2025-10-31 08:56:00
,,,8.5,18.0,11.0,240.0,,,10.0,,,,,2025-10-31 09:26:00
,,,8.7,17.0,10.9,240.0,,,10.0,,,,,2025-10-31 09:56:00
,,,8.6,15.0,10.9,237.0,,,10.0,,,,,2025-10-31 10:26:00
,,,8.6,13.0,10.9,230.0,,,10.0,,,,,2025-10-31 10:56:00
,,,8.0,13.0,10.3,232.0,,,10.0,,,,,2025-10-31 11:26:00
,,,8.9,14.0,10.8,234.0,,,10.0,,,,,2025-10-31 11:56:00
,,,8.0,13.0,10.5,230.0,,,10.0,,,,,2025-10-31 12:26:00
,,,8.7,14.0,11.1,237.0,,,10.0,,,,,2025-10-31 12:56:00
,,,8.5,14.0,10.6,240.0,,,10.0,,,,,2025-10-31 13:26:00
,,,8.2,17.0,10.6,248.0,,,10.0,,,,,2025-10-31 13:56:00
,,,8.6,14.0,10.6,243.0,,,10.0,,,,,2025-10-31 14:26:00
,,,9.0,15.0,11.3,248.0,,,9.9,,,,,2025-10-31 14:56:00
,,,8.0,14.0,10.4,251.0,,,10.0,,,,,2025-10-31 15:26:00
,,,8.6,13.0,10.5,255.0,,,10.0,,,,,2025-10-31 15:56:00
,,,9.0,14.0,10.8,257.0,,,9.9,,,,,2025-10-31 16:26:00
,,,8.5,17.0,10.8,248.0,,,9.9,,,,,2025-10-31 16:56:00
,,,9.2,14.0,10.8,255.0,,,9.9,,,,,2025-10-31 17:26:00
,,,9.0,14.0,11.1,257.0,,,9.9,,,,,2025-10-31 17:56:00
,,,8.7,14.0,11.1,258.0,,,9.9,,,,,2025-10-31 18:26:00
,,,8.4,14.0,10.7,258.0,,,9.9,,,,,2025-10-31 18:56:00
,,,8.8,14.0,10.9,261.0,,,9.9,,,,,2025-10-31 19:26:00
,,,8.1,14.0,10.4,263.0,,,9.9,,,,,2025-10-31 19:56:00
,,,8.7,14.0,10.8,265.0,,,9.9,,,,,2025-10-31 20:26:00
,,,8.2,13.0,10.5,260.0,,,9.9,,,,,2025-10-31 20:56:00
,,,8.8,15.0,10.6,261.0,,,9.9,,,,,2025-10-31 21:26:00
,,,7.5,15.0,10.2,263.0,,,9.9,,,,,2025-10-31 21:56:00
,,,8.2,14.0,10.8,277.0,,,9.9,,,,,2025-10-31 22:26:00
,,,9.0,17.0,11.1,264.0,,,9.9,,,,,2025-10-31 22:56:00
,,,8.2,17.0,10.7,261.0,,,9.9,,,,,2025-10-31 23:56:00
,,,8.6,14.0,10.7,263.0,,,9.9,,,,,2025-11-01 00:26:00
,,,8.2,13.0,10.3,271.0,,,9.9,,,,,2025-11-01 00:56:00
,,,8.9,15.0,10.6,261.0,,,9.9,,,,,2025-11-01 01:26:00
,,,8.0,14.0,10.2,271.0,,,9.9,,,,,2025-11-01 01:56:00
,,,8.0,12.0,10.2,279.0,,,9.9,,,,,2025-11-01 02:26:00
,,,7.6,14.0,10.0,271.0,,,9.9,,,,,2025-11-01 02:56:00
,,,7.6,15.0,10.3,270.0,,,9.9,,,,,2025-11-01 03:26:00
,,,7.8,13.0,10.5,277.0,,,9.9,,,,,2025-11-01 03:56:00
,,,7.4,13.0,10.0,272.0,,,9.8,,,,,2025-11-01 04:26:00
,,,7.9,14.0,10.5,270.0,,,9.8,,,,,2025-11-01 04:56:00
,,,7.3,12.0,9.9,272.0,,,9.8,,,,,2025-11-01 05:26:00
,,,7.6,13.0,10.2,278.0,,,9.8,,,,,2025-11-01 05:56:00
,,,7.7,13.0,10.1,277.0,,,9.8,,,,,2025-11-01 06:26:00
,,,7.2,13.0,9.9,284.0,,,9.8,,,,,2025-11-01 06:56:00
,,,7.2,13.0,10.0,271.0,,,9.8,,,,,2025-11-01 07:26:00
,,,6.9,13.0,9.7,274.0,,,9.8,,,,,2025-11-01 07:56:00
,,,7.1,13.0,9.8,274.0,,,9.8,,,,,2025-11-01 08:26:00
,,,7.2,13.0,9.8,272.0,,,9.8,,,,,2025-11-01 08:56:00
,,,7.1,13.0,9.8,268.0,,,9.8,,,,,2025-11-01 09:26:00
,,,7.1,13.0,10.0,278.0,,,9.8,,,,,2025-11-01 09:56:00
,,,7.4,14.0,10.4,278.0,,,9.8,,,,,2025-11-01 10:26:00
,,,7.6,13.0,10.1,279.0,,,9.8,,,,,2025-11-01 10:56:00
,,,7.9,13.0,10.3,278.0,,,9.8,,,,,2025-11-01 11:26:00
,,,7.0,13.0,9.8,277.0,,,9.8,,,,,2025-11-01 11:56:00
,,,7.2,14.0,10.1,272.0,,,9.8,,,,,2025-11-01 12:26:00
,,,7.9,13.0,10.3,278.0,,,9.8,,,,,2025-11-01 12:56:00
,,,7.3,13.0,10.2,289.0,,,9.8,,,,,2025-11-01 13:26:00
,,,7.6,14.0,10.3,282.0,,,9.8,,,,,2025-11-01 13:56:00
,,,6.7,13.0,9.9,285.0,,,9.8,,,,,2025-11-01 14:26:00
,,,7.8,13.0,10.6,286.0,,,9.8,,,,,2025-11-01 14:56:00
,,,7.1,14.0,10.2,293.0,,,9.8,,,,,2025-11-01 15:26:00
,,,8.0,15.0,10.8,296.0,,,9.8,,,,,2025-11-01 15:56:00
,,,7.2,13.0,10.3,279.0,,,9.8,,,,,2025-11-01 16:26:00
,,,7.3,13.0,10.3,286.0,,,9.8,,,,,2025-11-01 16:56:00
,,,7.0,14.0,10.5,286.0,,,9.8,,,,,2025-11-01 17:26:00
,,,6.6,13.0,10.1,284.0,,,9.8,,,,,2025-11-01 17:56:00
,,,6.5,15.0,9.9,295.0,,,9.7,,,,,2025-11-01 18:26:00
,,,6.5,15.0,9.8,288.0,,,9.7,,,,,2025-11-01 18:56:00
,,,6.4,15.0,9.6,288.0,,,9.7,,,,,2025-11-01 19:26:00
,,,6.9,13.0,10.2,282.0,,,9.7,,,,,2025-11-01 19:56:00
,,,6.4,13.0,10.2,291.0,,,9.7,,,,,2025-11-01 20:26:00
,,,7.0,14.0,10.4,286.0,,,9.7,,,,,2025-11-01 20:56:00
,,,6.0,14.0,9.3,292.0,,,9.7,,,,,2025-11-01 21:26:00
,,,6.7,14.0,10.3,282.0,,,9.7,,,,,2025-11-01 21:56:00
,,,6.8,14.0,10.0,289.0,,,9.7,,,,,2025-11-01 22:26:00
,,,6.1,13.0,9.7,295.0,,,9.7,,,,,2025-11-01 22:56:00
,,,6.1,14.0,10.0,291.0,,,9.7,,,,,2025-11-01 23:26:00
,,,6.2,13.0,9.6,288.0,,,9.7,,,,,2025-11-01 23:56:00
,,,6.2,14.0,9.6,292.0,,,9.7,,,,,2025-11-02 00:26:00
,,,6.3,13.0,9.8,293.0,,,9.7,,,,,2025-11-02 00:56:00
,,,6.4,14.0,9.9,289.0,,,9.7,,,,,2025-11-02 01:26:00
,,,6.0,13.0,9.5,286.0,,,9.7,,,,,2025-11-02 01:56:00
,,,6.0,14.0,9.8,285.0,,,9.7,,,,,2025-11-02 02:26:00
,,,6.3,13.0,9.2,295.0,,,9.7,,,,,2025-11-02 02:56:00
,,,6.1,11.0,9.2,284.0,,,9.7,,,,,2025-11-02 03:26:00
,,,6.8,14.0,10.0,288.0,,,9.7,,,,,2025-11-02 03:56:00
,,,6.3,13.0,9.7,286.0,,,9.7,,,,,2025-11-02 04:26:00
,,,5.5,13.0,9.0,288.0,,,9.7,,,,,2025-11-02 04:56:00
,,,5.7,13.0,9.3,279.0,,,9.7,,,,,2025-11-02 05:26:00
,,,6.1,13.0,9.6,288.0,,,9.7,,,,,2025-11-02 05:56:00
,,,5.7,13.0,9.5,288.0,,,9.7,,,,,2025-11-02 06:26:00
,,,5.3,13.0,9.3,285.0,,,9.7,,,,,2025-11-02 06:56:00
,,,5.8,13.0,9.7,291.0,,,9.7,,,,,2025-11-02 07:26:00
,,,5.7,13.0,9.4,278.0,,,9.7,,,,,2025-11-02 07:56:00
,,,5.8,13.0,9.5,278.0,,,9.7,,,,,2025-11-02 08:26:00
,,,5.0,13.0,9.1,279.0,,,9.7,,,,,2025-11-02 08:56:00
,,,5.5,13.0,9.4,281.0,,,9.7,,,,,2025-11-02 09:26:00
,,,5.3,13.0,9.6,270.0,,,9.7,,,,,2025-11-02 09:56:00
,,,5.4,14.0,9.7,272.0,,,9.7,,,,,2025-11-02 10:26:00
,,,5.2,13.0,9.4,274.0,,,9.7,,,,,2025-11-02 10:56:00
,,,4.8,13.0,9.1,275.0,,,9.7,,,,,2025-11-02 11:26:00
,,,5.3,14.0,9.4,267.0,,,9.6,,,,,2025-11-02 11:56:00
,,,4.8,13.0,9.1,279.0,,,9.7,,,,,2025-11-02 12:26:00
,,,4.5,13.0,8.9,281.0,,,9.7,,,,,2025-11-02 12:56:00
,,,4.8,14.0,9.2,272.0,,,9.7,,,,,2025-11-02 13:26:00
,,,4.4,11.0,8.6,270.0,,,9.7,,,,,2025-11-02 13:56:00
,,,4.4,11.0,8.7,286.0,,,9.7,,,,,2025-11-02 14:26:00
,,,4.6,13.0,8.8,275.0,,,9.6,,,,,2025-11-02 14:56:00
,,,4.4,13.0,8.9,284.0,,,9.6,,,,,2025-11-02 15:26:00
,,,4.5,12.0,8.8,288.0,,,9.6,,,,,2025-11-02 15:56:00
,,,4.4,13.0,8.8,282.0,,,9.6,,,,,2025-11-02 16:26:00
,,,4.7,13.0,9.2,286.0,,,9.6,,,,,2025-11-02 16:56:00
,,,4.6,12.0,9.1,286.0,,,9.6,,,,,2025-11-02 17:26:00
,,,4.7,13.0,9.2,278.0,,,9.6,,,,,2025-11-02 17:56:00
,,,4.3,13.0,8.8,274.0,,,9.6,,,,,2025-11-02 18:26:00
,,,4.6,12.0,9.1,279.0,,,9.6,,,,,2025-11-02 18:56:00
,,,4.2,13.0,9.0,274.0,,,9.6,,,,,2025-11-02 19:26:00
,,,4.3,13.0,9.3,288.0,,,9.6,,,,,2025-11-02 19:56:00
,,,4.5,13.0,9.2,277.0,,,9.6,,,,,2025-11-02 20:26:00
,,,4.2,13.0,9.3,275.0,,,9.7,,,,,2025-11-02 20:56:00
,,,4.2,12.0,9.1,288.0,,,9.7,,,,,2025-11-02 21:26:00
,,,4.1,12.0,9.3,281.0,,,9.7,,,,,2025-11-02 21:56:00
,,,4.1,12.0,9.2,281.0,,,9.7,,,,,2025-11-02 22:26:00
,,,4.2,12.0,9.5,278.0,,,9.7,,,,,2025-11-02 22:56:00
,,,4.0,11.0,9.1,281.0,,,9.7,,,,,2025-11-02 23:26:00
,,,4.0,13.0,9.2,277.0,,,9.7,,,,,2025-11-02 23:56:00
,,,3.7,12.0,8.7,277.0,,,9.7,,,,,2025-11-03 00:26:00
,,,3.7,13.0,9.1,277.0,,,9.6,,,,,2025-11-03 00:56:00
,,,3.7,13.0,8.9,275.0,,,9.6,,,,,2025-11-03 01:26:00
,,,3.7,13.0,9.1,281.0,,,9.6,,,,,2025-11-03 01:56:00
,,,3.5,12.0,8.9,282.0,,,9.6,,,,,2025-11-03 02:26:00
,,,3.7,12.0,9.0,279.0,,,9.6,,,,,2025-11-03 02:56:00
,,,3.4,12.0,9.2,282.0,,,9.6,,,,,2025-11-03 03:26:00
,,,3.5,13.0,9.3,279.0,,,9.6,,,,,2025-11-03 03:56:00
,,,3.2,13.0,8.9,278.0,,,9.6,,,,,2025-11-03 04:26:00
,,,3.6,13.0,9.4,279.0,,,9.6,,,,,2025-11-03 04:56:00
,,,3.5,13.0,9.6,274.0,,,9.6,,,,,2025-11-03 05:26:00
,,,3.1,12.0,8.8,277.0,,,9.6,,,,,2025-11-03 05:56:00
,,,3.3,10.0,9.0,286.0,,,9.6,,,,,2025-11-03 06:26:00
,,,3.0,13.0,8.8,272.0,,,9.6,,,,,2025-11-03 06:56:00
,,,3.2,13.0,9.1,277.0,,,9.6,,,,,2025-11-03 07:26:00
,,,3.2,13.0,8.8,279.0,,,9.6,,,,,2025-11-03 07:56:00
,,,3.1,13.0,9.0,275.0,,,9.6,,,,,2025-11-03 08:26:00
,,,3.0,12.0,8.6,279.0,,,9.6,,,,,2025-11-03 08:56:00
,,,2.8,12.0,8.2,277.0,,,9.6,,,,,2025-11-03 09:26:00
,,,2.9,12.0,8.0,282.0,,,9.6,,,,,2025-11-03 09:56:00
,,,2.9,12.0,8.0,284.0,,,9.6,,,,,2025-11-03 10:26:00
,,,2.9,11.0,7.7,285.0,,,9.6,,,,,2025-11-03 10:56:00
,,,2.9,12.0,7.7,271.0,,,9.6,,,,,2025-11-03 11:26:00
,,,2.8,11.0,7.2,281.0,,,9.6,,,,,2025-11-03 11:56:00
,,,2.7,11.0,7.1,277.0,,,9.6,,,,,2025-11-03 12:26:00
,,,2.9,11.0,7.1,282.0,,,9.6,,,,,2025-11-03 12:56:00
,,,2.9,11.0,6.9,281.0,,,9.6,,,,,2025-11-03 13:26:00
,,,2.8,13.0,6.5,270.0,,,9.6,,,,,2025-11-03 13:56:00
,,,2.8,12.0,6.7,284.0,,,9.6,,,,,2025-11-03 14:26:00
,,,2.8,11.0,6.4,281.0,,,9.6,,,,,2025-11-03 14:56:00
,,,2.9,11.0,6.4,272.0,,,9.6,,,,,2025-11-03 15:26:00
,,,2.8,12.0,6.4,281.0,,,9.6,,,,,2025-11-03 15:56:00
,,,2.8,6.0,6.5,108.0,,,9.6,,,,,2025-11-03 16:26:00
,,,2.8,11.0,6.5,277.0,,,9.6,,,,,2025-11-03 16:56:00
,,,3.1,11.0,6.5,274.0,,,9.6,,,,,2025-11-03 17:26:00
,,,3.1,7.0,6.6,120.0,,,9.6,,,,,2025-11-03 17:56:00
,,,3.3,7.0,6.7,105.0,,,9.6,,,,,2025-11-03 18:26:00
,,,3.3,7.0,6.8,109.0,,,9.6,,,,,2025-11-03 18:56:00
,,,3.4,7.0,7.0,108.0,,,9.6,,,,,2025-11-03 19:26:00
,,,3.5,7.0,6.9,116.0,,,9.6,,,,,2025-11-03 19:56:00
,,,3.5,8.0,6.9,116.0,,,9.6,,,,,2025-11-03 20:26:00
,,,3.6,8.0,6.9,111.0,,,9.6,,,,,2025-11-03 20:56:00
,,,3.4,8.0,6.8,105.0,,,9.6,,,,,2025-11-03 21:26:00
,,,3.2,8.0,6.8,109.0,,,9.6,,,,,2025-11-03 21:56:00
,,,3.4,8.0,7.1,102.0,,,9.6,,,,,2025-11-03 22:26:00
,,,3.5,8.0,7.4,104.0,,,9.6,,,,,2025-11-03 22:56:00
,,,3.4,8.0,7.4,104.0,,,9.6,,,,,2025-11-03 23:26:00
,,,3.2,8.0,7.0,97.0,,,9.6,,,,,2025-11-03 23:56:00
,,,3.3,8.0,7.4,92.0,,,9.6,,,,,2025-11-04 00:26:00
,,,3.0,8.0,7.3,115.0,,,9.6,,,,,2025-11-04 00:56:00
,,,3.1,8.0,7.0,104.0,,,9.6,,,,,2025-11-04 01:26:00
,,,2.9,8.0,7.1,88.0,,,9.6,,,,,2025-11-04 01:56:00
,,,2.9,13.0,7.0,277.0,,,9.6,,,,,2025-11-04 02:26:00
,,,3.0,8.0,7.0,78.0,,,9.6,,,,,2025-11-04 02:56:00
,,,2.8,8.0,6.5,106.0,,,9.6,,,,,2025-11-04 03:26:00
,,,2.9,8.0,6.7,95.0,,,9.6,,,,,2025-11-04 03:56:00
,,,2.9,13.0,6.8,284.0,,,9.6,,,,,2025-11-04 04:26:00
,,,2.7,13.0,6.5,277.0,,,9.6,,,,,2025-11-04 04:56:00
,,,2.7,8.0,6.4,94.0,,,9.6,,,,,2025-11-04 05:26:00
,,,2.8,8.0,6.5,81.0,,,9.6,,,,,2025-11-04 05:56:00
,,,2.9,8.0,6.3,90.0,,,9.6,,,,,2025-11-04 06:26:00
,,,2.8,8.0,6.4,94.0,,,9.6,,,,,2025-11-04 06:56:00
,,,2.9,8.0,6.3,95.0,,,9.6,,,,,2025-11-04 07:26:00
,,,2.9,7.0,6.1,92.0,,,9.6,,,,,2025-11-04 07:56:00
,,,2.9,7.0,6.2,98.0,,,9.6,,,,,2025-11-04 08:26:00
,,,2.9,7.0,6.2,104.0,,,9.6,,,,,2025-11-04 08:56:00
,,,3.1,7.0,6.2,108.0,,,9.6,,,,,2025-11-04 09:26:00
,,,3.2,8.0,6.2,92.0,,,9.6,,,,,2025-11-04 09:56:00
,,,3.2,8.0,6.4,101.0,,,9.6,,,,,2025-11-04 10:26:00
,,,3.2,8.0,6.3,102.0,,,9.6,,,,,2025-11-04 10:56:00
,,,3.1,8.0,6.4,90.0,,,9.6,,,,,2025-11-04 11:26:00
,,,3.2,8.0,6.4,85.0,,,9.6,,,,,2025-11-04 11:56:00
,,,3.2,7.0,6.4,84.0,,,9.6,,,,,2025-11-04 12:26:00
,,,3.3,8.0,6.6,95.0,,,9.6,,,,,2025-11-04 12:56:00
,,,3.6,8.0,6.6,85.0,,,9.6,,,,,2025-11-04 13:26:00
,,,3.6,9.0,6.6,80.0,,,9.6,,,,,2025-11-04 13:56:00
,,,3.9,8.0,6.7,83.0,,,9.6,,,,,2025-11-04 14:26:00
,,,3.8,8.0,6.6,78.0,,,9.6,,,,,2025-11-04 14:56:00
,,,4.3,8.0,6.9,71.0,,,9.6,,,,,2025-11-04 15:26:00
,,,4.3,8.0,7.0,78.0,,,9.6,,,,,2025-11-04 15:56:00
,,,4.3,9.0,7.0,77.0,,,9.6,,,,,2025-11-04 16:26:00
,,,4.4,9.0,7.2,71.0,,,9.6,,,,,2025-11-04 16:56:00
,,,4.5,9.0,7.2,64.0,,,9.6,,,,,2025-11-04 17:26:00
,,,4.3,9.0,7.1,70.0,,,9.6,,,,,2025-11-04 17:56:00
,,,4.3,8.0,7.1,68.0,,,9.6,,,,,2025-11-04 18:26:00
,,,4.6,8.0,7.3,61.0,,,9.6,,,,,2025-11-04 18:56:00
,,,4.5,8.0,7.1,61.0,,,9.6,,,,,2025-11-04 19:26:00
,,,4.6,9.0,7.2,63.0,,,9.6,,,,,2025-11-04 19:56:00
,,,4.8,9.0,7.6,52.0,,,9.6,,,,,2025-11-04 20:26:00
,,,5.1,10.0,7.7,50.0,,,9.6,,,,,2025-11-04 20:56:00
,,,4.9,10.0,7.5,47.0,,,9.6,,,,,2025-11-04 21:26:00
,,,5.0,11.0,7.8,50.0,,,9.6,,,,,2025-11-04 21:56:00
,,,4.6,11.0,7.4,49.0,,,9.6,,,,,2025-11-04 22:26:00
,,,4.5,11.0,7.4,40.0,,,9.6,,,,,2025-11-04 22:56:00
,,,4.9,10.0,7.6,43.0,,,9.6,,,,,2025-11-04 23:26:00
,,,4.4,10.0,7.4,53.0,,,9.6,,,,,2025-11-04 23:56:00
,,,4.7,9.0,7.5,46.0,,,9.6,,,,,2025-11-05 00:26:00
,,,4.7,9.0,7.5,36.0,,,9.6,,,,,2025-11-05 00:56:00
,,,4.7,9.0,7.6,23.0,,,9.6,,,,,2025-11-05 01:26:00
,,,4.7,10.0,7.6,47.0,,,9.6,,,,,2025-11-05 01:56:00
,,,4.8,10.0,7.7,36.0,,,9.6,,,,,2025-11-05 02:26:00
,,,4.9,9.0,7.8,22.0,,,9.6,,,,,2025-11-05 02:56:00
,,,4.8,9.0,7.7,29.0,,,9.6,,,,,2025-11-05 03:26:00
,,,5.0,9.0,7.8,21.0,,,9.6,,,,,2025-11-05 03:56:00
,,,4.5,9.0,7.4,2.0,,,9.5,,,,,2025-11-05 04:26:00
,,,5.4,9.0,7.9,15.0,,,9.6,,,,,2025-11-05 04:56:00
,,,5.0,9.0,7.8,12.0,,,9.6,,,,,2025-11-05 05:26:00
,,,5.1,9.0,7.9,14.0,,,9.5,,,,,2025-11-05 05:56:00
,,,4.9,9.0,7.9,2.0,,,9.6,,,,,2025-11-05 06:26:00
,,,5.2,9.0,8.1,7.0,,,9.5,,,,,2025-11-05 06:56:00
,,,5.0,9.0,8.2,12.0,,,9.5,,,,,2025-11-05 07:26:00
,,,4.9,9.0,8.2,7.0,,,9.5,,,,,2025-11-05 07:56:00
,,,5.7,10.0,8.4,2.0,,,9.5,,,,,2025-11-05 08:26:00
,,,4.9,9.0,8.2,9.0,,,9.5,,,,,2025-11-05 08:56:00
,,,5.2,9.0,8.1,11.0,,,9.5,,,,,2025-11-05 09:26:00
,,,5.3,9.0,8.6,360.0,,,9.5,,,,,2025-11-05 09:56:00
,,,5.4,9.0,8.4,8.0,,,9.5,,,,,2025-11-05 10:26:00
,,,5.1,14.0,8.3,254.0,,,9.5,,,,,2025-11-05 10:56:00
,,,4.7,11.0,8.2,345.0,,,9.5,,,,,2025-11-05 12:26:00
,,,5.2,9.0,8.2,358.0,,,9.5,,,,,2025-11-05 12:56:00
,,,5.5,10.0,8.7,354.0,,,9.5,,,,,2025-11-05 13:26:00
,,,5.3,10.0,8.3,12.0,,,9.5,,,,,2025-11-05 13:56:00
,,,4.8,14.0,8.5,261.0,,,9.5,,,,,2025-11-05 14:26:00
,,,4.9,9.0,8.3,355.0,,,9.5,,,,,2025-11-05 14:56:00
,,,5.3,10.0,8.7,350.0,,,9.5,,,,,2025-11-05 15:26:00
,,,5.0,10.0,8.3,8.0,,,9.5,,,,,2025-11-05 15:56:00
,,,4.7,10.0,8.3,341.0,,,9.5,,,,,2025-11-05 16:26:00
,,,4.5,10.0,8.1,351.0,,,9.5,,,,,2025-11-05 16:56:00
,,,4.6,9.0,8.2,360.0,,,9.5,,,,,2025-11-05 17:26:00
,,,5.2,14.0,8.7,277.0,,,9.5,,,,,2025-11-05 17:56:00
,,,4.4,9.0,8.0,348.0,,,9.5,,,,,2025-11-05 18:26:00
,,,5.0,14.0,8.8,272.0,,,9.5,,,,,2025-11-05 18:56:00
,,,5.0,10.0,8.5,343.0,,,9.5,,,,,2025-11-05 19:26:00
,,,4.9,14.0,8.6,274.0,,,9.5,,,,,2025-11-05 19:56:00
,,,5.0,11.0,8.5,345.0,,,9.5,,,,,2025-11-05 20:26:00
,,,4.9,10.0,8.4,351.0,,,9.5,,,,,2025-11-05 20:56:00
,,,5.0,14.0,8.7,271.0,,,9.5,,,,,2025-11-05 21:26:00
,,,5.0,11.0,8.7,337.0,,,9.5,,,,,2025-11-05 21:56:00
,,,4.8,13.0,8.4,281.0,,,9.5,,,,,2025-11-05 23:26:00
,,,4.7,13.0,8.3,281.0,,,9.5,,,,,2025-11-05 23:56:00
,,,4.5,11.0,8.5,358.0,,,9.5,,,,,2025-11-06 00:26:00
,,,4.7,13.0,8.7,278.0,,,9.5,,,,,2025-11-06 00:56:00
,,,4.4,11.0,8.4,351.0,,,9.5,,,,,2025-11-06 01:26:00
,,,4.7,13.0,8.4,281.0,,,9.5,,,,,2025-11-06 01:56:00
,,,4.6,11.0,8.4,330.0,,,9.5,,,,,2025-11-06 02:26:00
,,,4.0,11.0,8.1,334.0,,,9.5,,,,,2025-11-06 02:56:00
,,,4.3,12.0,8.5,329.0,,,9.5,,,,,2025-11-06 03:26:00
,,,4.5,11.0,8.6,345.0,,,9.5,,,,,2025-11-06 03:56:00
,,,4.0,11.0,8.3,344.0,,,9.5,,,,,2025-11-06 05:26:00
,,,3.8,11.0,8.2,334.0,,,9.5,,,,,2025-11-06 05:56:00
,,,3.8,10.0,8.2,353.0,,,9.5,,,,,2025-11-06 06:26:00
,,,3.8,12.0,8.1,292.0,,,9.5,,,,,2025-11-06 06:56:00
,,,3.7,11.0,8.2,357.0,,,9.5,,,,,2025-11-06 07:26:00
,,,4.0,11.0,8.2,310.0,,,9.5,,,,,2025-11-06 07:56:00
,,,4.0,11.0,8.0,336.0,,,9.5,,,,,2025-11-06 08:26:00
,,,4.2,10.0,8.3,344.0,,,9.5,,,,,2025-11-06 08:56:00
,,,3.9,10.0,7.8,336.0,,,9.5,,,,,2025-11-06 09:26:00
,,,4.0,11.0,7.8,340.0,,,9.5,,,,,2025-11-06 09:56:00
,,,4.3,11.0,7.8,357.0,,,9.4,,,,,2025-11-06 10:26:00
,,,4.3,10.0,8.1,341.0,,,9.5,,,,,2025-11-06 10:56:00
,,,4.2,10.0,7.6,351.0,,,9.5,,,,,2025-11-06 11:26:00
,,,4.3,11.0,7.9,334.0,,,9.4,,,,,2025-11-06 11:56:00
,,,4.3,11.0,7.8,334.0,,,9.4,,,,,2025-11-06 12:26:00
,,,4.3,10.0,7.7,353.0,,,9.4,,,,,2025-11-06 12:56:00
,,,4.5,10.0,7.9,345.0,,,9.4,,,,,2025-11-06 13:26:00
,,,4.4,11.0,8.1,340.0,,,9.4,,,,,2025-11-06 13:56:00
,,,4.2,11.0,7.8,343.0,,,9.4,,,,,2025-11-06 14:26:00
,,,4.7,11.0,8.2,344.0,,,9.4,,,,,2025-11-06 14:56:00
,,,4.7,13.0,8.2,344.0,,,9.4,,,,,2025-11-06 15:26:00
,,,5.5,13.0,9.0,343.0,,,9.4,,,,,2025-11-06 15:56:00
,,,5.4,11.0,8.9,338.0,,,9.4,,,,,2025-11-06 16:26:00
,,,5.1,12.0,8.8,340.0,,,9.4,,,,,2025-11-06 16:56:00
,,,5.2,11.0,8.9,355.0,,,9.4,,,,,2025-11-06 17:26:00
,,,5.1,11.0,8.7,341.0,,,9.4,,,,,2025-11-06 17:56:00
,,,4.8,13.0,8.4,327.0,,,9.4,,,,,2025-11-06 18:26:00
,,,5.0,13.0,8.4,334.0,,,9.4,,,,,2025-11-06 18:56:00
,,,4.8,11.0,8.5,340.0,,,9.4,,,,,2025-11-06 19:26:00
,,,4.7,11.0,8.2,341.0,,,9.4,,,,,2025-11-06 19:56:00
,,,4.7,11.0,8.5,334.0,,,9.4,,,,,2025-11-06 20:26:00
,,,4.5,13.0,8.1,327.0,,,9.4,,,,,2025-11-06 20:56:00
,,,4.4,11.0,8.2,319.0,,,9.4,,,,,2025-11-06 21:26:00
,,,4.7,12.0,8.3,338.0,,,9.4,,,,,2025-11-06 21:56:00
,,,4.3,12.0,8.3,331.0,,,9.4,,,,,2025-11-06 22:26:00
,,,4.4,12.0,8.1,340.0,,,9.4,,,,,2025-11-06 22:56:00
,,,4.7,12.0,8.4,338.0,,,9.4,,,,,2025-11-06 23:26:00
,,,4.4,12.0,7.9,329.0,,,9.4,,,,,2025-11-06 23:56:00
,,,4.5,11.0,8.2,338.0,,,9.4,,,,,2025-11-07 00:26:00
,,,4.4,11.0,8.1,333.0,,,9.4,,,,,2025-11-07 00:56:00
,,,4.3,12.0,8.0,340.0,,,9.4,,,,,2025-11-07 01:26:00
,,,4.6,11.0,8.2,338.0,,,9.4,,,,,2025-11-07 01:56:00
,,,4.2,11.0,7.8,347.0,,,9.4,,,,,2025-11-07 02:26:00
,,,4.3,11.0,8.0,337.0,,,9.4,,,,,2025-11-07 02:56:00
,,,4.4,11.0,8.0,340.0,,,9.4,,,,,2025-11-07 03:26:00
,,,4.5,11.0,8.1,329.0,,,9.4,,,,,2025-11-07 03:56:00
,,,4.8,11.0,8.5,330.0,,,9.4,,,,,2025-11-07 04:26:00
,,,4.2,10.0,8.2,322.0,,,9.4,,,,,2025-11-07 04:56:00
,,,4.7,11.0,8.6,323.0,,,9.4,,,,,2025-11-07 05:26:00
,,,4.7,10.0,8.6,303.0,,,9.4,,,,,2025-11-07 05:56:00
,,,4.7,10.0,8.5,337.0,,,9.4,,,,,2025-11-07 06:26:00
,,,4.5,11.0,8.4,319.0,,,9.4,,,,,2025-11-07 06:56:00
,,,4.8,11.0,8.7,326.0,,,9.4,,,,,2025-11-07 07:26:00
,,,4.8,11.0,8.8,320.0,,,9.4,,,,,2025-11-07 07:56:00
,,,4.8,13.0,8.9,277.0,,,9.4,,,,,2025-11-07 08:26:00
,,,5.3,12.0,9.2,302.0,,,9.3,,,,,2025-11-07 08:56:00
,,,4.7,11.0,8.7,326.0,,,9.3,,,,,2025-11-07 09:26:00
,,,4.4,13.0,8.6,278.0,,,9.3,,,,,2025-11-07 09:56:00
,,,4.3,10.0,8.7,317.0,,,9.3,,,,,2025-11-07 10:26:00
,,,4.6,11.0,8.8,315.0,,,9.3,,,,,2025-11-07 10:56:00
,,,4.6,11.0,8.8,310.0,,,9.3,,,,,2025-11-07 11:26:00
,,,4.2,11.0,8.7,299.0,,,9.3,,,,,2025-11-07 11:56:00
,,,4.2,10.0,8.6,309.0,,,9.3,,,,,2025-11-07 12:26:00
,,,3.8,11.0,8.2,309.0,,,9.3,,,,,2025-11-07 12:56:00
,,,3.7,12.0,8.3,293.0,,,9.3,,,,,2025-11-07 13:26:00
,,,3.7,11.0,8.5,317.0,,,9.3,,,,,2025-11-07 13:56:00
,,,3.5,11.0,8.1,333.0,,,9.3,,,,,2025-11-07 14:26:00
,,,3.5,12.0,8.1,303.0,,,9.3,,,,,2025-11-07 14:56:00
,,,3.9,11.0,8.7,316.0,,,9.3,,,,,2025-11-07 15:26:00
,,,3.5,11.0,8.3,315.0,,,9.3,,,,,2025-11-07 15:56:00
,,,3.4,11.0,8.1,330.0,,,9.3,,,,,2025-11-07 16:26:00
,,,3.4,11.0,8.2,319.0,,,9.3,,,,,2025-11-07 16:56:00
,,,3.6,11.0,8.4,340.0,,,9.3,,,,,2025-11-07 17:26:00
,,,3.8,11.0,8.6,331.0,,,9.3,,,,,2025-11-07 17:56:00
,,,3.5,10.0,8.2,310.0,,,9.3,,,,,2025-11-07 18:26:00
,,,3.3,13.0,8.2,278.0,,,9.4,,,,,2025-11-07 18:56:00
,,,3.5,11.0,8.3,300.0,,,9.3,,,,,2025-11-07 19:26:00
,,,3.4,10.0,8.4,310.0,,,9.3,,,,,2025-11-07 19:56:00
,,,3.4,10.0,8.1,330.0,,,9.3,,,,,2025-11-07 20:26:00
,,,3.5,10.0,8.3,327.0,,,9.3,,,,,2025-11-07 20:56:00
,,,3.3,11.0,8.0,313.0,,,9.3,,,,,2025-11-07 21:26:00
,,,3.3,10.0,8.2,324.0,,,9.3,,,,,2025-11-07 21:56:00
,,,3.5,11.0,8.3,300.0,,,9.3,,,,,2025-11-07 22:26:00
,,,3.4,11.0,8.3,306.0,,,9.3,,,,,2025-11-07 23:26:00
,,,3.6,10.0,8.6,299.0,,,9.3,,,,,2025-11-07 23:56:00
,,,3.4,11.0,8.4,295.0,,,9.3,,,,,2025-11-08 00:26:00
,,,3.3,12.0,8.5,302.0,,,9.3,,,,,2025-11-08 00:56:00
,,,3.2,12.0,8.5,299.0,,,9.3,,,,,2025-11-08 01:26:00
,,,3.3,11.0,8.6,303.0,,,9.3,,,,,2025-11-08 01:56:00
,,,3.3,12.0,8.5,306.0,,,9.3,,,,,2025-11-08 02:26:00
,,,3.2,11.0,8.6,308.0,,,9.3,,,,,2025-11-08 02:56:00
,,,2.9,11.0,8.2,299.0,,,9.3,,,,,2025-11-08 03:26:00
,,,2.9,12.0,8.3,323.0,,,9.3,,,,,2025-11-08 03:56:00
,,,3.0,11.0,8.2,298.0,,,9.3,,,,,2025-11-08 04:26:00
,,,3.1,12.0,8.6,309.0,,,9.3,,,,,2025-11-08 04:56:00
,,,3.0,11.0,8.3,300.0,,,9.3,,,,,2025-11-08 05:26:00
,,,3.2,11.0,8.4,315.0,,,9.3,,,,,2025-11-08 05:56:00
,,,3.0,11.0,8.2,316.0,,,9.3,,,,,2025-11-08 06:26:00
,,,2.6,11.0,7.5,317.0,,,9.3,,,,,2025-11-08 06:56:00
,,,2.9,10.0,7.8,303.0,,,9.3,,,,,2025-11-08 07:26:00
,,,2.9,11.0,8.0,313.0,,,9.3,,,,,2025-11-08 07:56:00
,,,2.9,11.0,7.7,308.0,,,9.3,,,,,2025-11-08 08:26:00
,,,3.3,10.0,8.1,315.0,,,9.3,,,,,2025-11-08 08:56:00
,,,2.8,11.0,7.5,308.0,,,9.3,,,,,2025-11-08 09:26:00
,,,3.2,10.0,8.0,315.0,,,9.3,,,,,2025-11-08 09:56:00
,,,2.9,12.0,7.3,306.0,,,9.3,,,,,2025-11-08 10:26:00
,,,3.2,10.0,7.8,310.0,,,9.3,,,,,2025-11-08 10:56:00
,,,3.3,11.0,7.3,309.0,,,9.3,,,,,2025-11-08 12:26:00
,,,3.2,11.0,7.3,302.0,,,9.3,,,,,2025-11-08 12:56:00
,,,3.3,11.0,7.3,308.0,,,9.3,,,,,2025-11-08 13:26:00
,,,3.3,10.0,7.3,312.0,,,9.3,,,,,2025-11-08 13:56:00
,,,3.5,11.0,7.2,313.0,,,9.3,,,,,2025-11-08 14:26:00
,,,3.5,11.0,7.2,308.0,,,9.3,,,,,2025-11-08 14:56:00
,,,3.3,10.0,6.9,320.0,,,9.3,,,,,2025-11-08 15:26:00
,,,3.7,11.0,7.3,316.0,,,9.3,,,,,2025-11-08 15:56:00
,,,3.6,11.0,6.9,300.0,,,9.3,,,,,2025-11-08 16:26:00
,,,3.6,12.0,7.3,313.0,,,9.3,,,,,2025-11-08 16:56:00
,,,3.4,11.0,6.9,310.0,,,9.3,,,,,2025-11-08 17:26:00
,,,3.5,10.0,6.9,316.0,,,9.3,,,,,2025-11-08 17:56:00
,,,3.6,12.0,6.9,313.0,,,9.3,,,,,2025-11-08 18:26:00
,,,3.3,11.0,6.8,315.0,,,9.3,,,,,2025-11-08 18:56:00
,,,3.5,7.0,6.7,358.0,,,9.3,,,,,2025-11-08 19:26:00
,,,3.5,7.0,6.6,4.0,,,9.3,,,,,2025-11-08 19:56:00
,,,3.9,7.0,6.9,351.0,,,9.3,,,,,2025-11-08 20:26:00
,,,3.7,8.0,6.7,354.0,,,9.3,,,,,2025-11-08 20:56:00
,,,3.9,7.0,6.8,351.0,,,9.2,,,,,2025-11-08 21:26:00
,,,3.8,8.0,6.9,345.0,,,9.2,,,,,2025-11-08 21:56:00
,,,3.6,11.0,6.8,313.0,,,9.2,,,,,2025-11-08 22:26:00
,,,4.1,8.0,7.0,1.0,,,9.2,,,,,2025-11-08 22:56:00
,,,3.8,8.0,6.9,357.0,,,9.2,,,,,2025-11-08 23:26:00
,,,4.2,8.0,7.1,344.0,,,9.2,,,,,2025-11-08 23:56:00
,,,4.1,8.0,7.1,333.0,,,9.2,,,,,2025-11-09 00:26:00
,,,4.2,11.0,7.2,322.0,,,9.2,,,,,2025-11-09 00:56:00
,,,4.4,8.0,7.4,1.0,,,9.2,,,,,2025-11-09 01:26:00
,,,4.3,8.0,7.1,341.0,,,9.2,,,,,2025-11-09 01:56:00
,,,4.2,11.0,7.2,333.0,,,9.2,,,,,2025-11-09 02:26:00
,,,4.5,10.0,7.5,340.0,,,9.2,,,,,2025-11-09 02:56:00
,,,4.5,8.0,7.5,350.0,,,9.2,,,,,2025-11-09 03:26:00
,,,4.7,11.0,7.6,337.0,,,9.2,,,,,2025-11-09 03:56:00
,,,4.9,9.0,7.6,343.0,,,9.2,,,,,2025-11-09 04:26:00
,,,4.3,10.0,7.3,5.0,,,9.2,,,,,2025-11-09 04:56:00
,,,4.5,10.0,7.7,340.0,,,9.2,,,,,2025-11-09 05:26:00
,,,4.4,9.0,7.4,355.0,,,9.2,,,,,2025-11-09 05:56:00
,,,4.4,11.0,7.6,344.0,,,9.2,,,,,2025-11-09 06:26:00
,,,4.4,10.0,7.5,22.0,,,9.2,,,,,2025-11-09 06:56:00
,,,4.1,10.0,7.3,331.0,,,9.2,,,,,2025-11-09 07:26:00
,,,4.3,9.0,7.3,5.0,,,9.2,,,,,2025-11-09 07:56:00
,,,4.1,10.0,7.3,358.0,,,9.2,,,,,2025-11-09 08:26:00
,,,3.7,8.0,7.0,340.0,,,9.2,,,,,2025-11-09 08:56:00
,,,3.9,8.0,7.1,341.0,,,9.2,,,,,2025-11-09 09:26:00
,,,4.4,9.0,7.5,357.0,,,9.2,,,,,2025-11-09 09:56:00
,,,4.2,9.0,7.3,351.0,,,9.2,,,,,2025-11-09 10:26:00
,,,4.1,11.0,7.3,46.0,,,9.1,,,,,2025-11-09 10:56:00
,,,4.1,10.0,7.4,355.0,,,9.1,,,,,2025-11-09 11:26:00
,,,3.9,10.0,7.1,22.0,,,9.1,,,,,2025-11-09 11:56:00
,,,4.2,10.0,7.5,19.0,,,9.1,,,,,2025-11-09 12:26:00
,,,4.0,10.0,7.5,16.0,,,9.1,,,,,2025-11-09 12:56:00
,,,4.2,9.0,7.4,331.0,,,9.1,,,,,2025-11-09 13:26:00
,,,4.2,10.0,7.7,343.0,,,9.1,,,,,2025-11-09 13:56:00
,,,4.0,9.0,7.2,341.0,,,9.1,,,,,2025-11-09 14:26:00
,,,4.1,10.0,7.4,343.0,,,9.1,,,,,2025-11-09 14:56:00
,,,3.6,9.0,7.2,341.0,,,9.1,,,,,2025-11-09 15:26:00
,,,4.4,9.0,7.7,341.0,,,9.1,,,,,2025-11-09 15:56:00
,,,3.6,10.0,7.1,18.0,,,9.1,,,,,2025-11-09 16:26:00
,,,3.7,9.0,7.4,337.0,,,9.1,,,,,2025-11-09 16:56:00
,,,3.7,9.0,7.5,357.0,,,9.1,,,,,2025-11-09 17:26:00
,,,3.4,9.0,7.0,337.0,,,9.1,,,,,2025-11-09 17:56:00
,,,3.1,9.0,7.0,360.0,,,9.1,,,,,2025-11-09 18:26:00
,,,3.3,9.0,7.3,343.0,,,9.1,,,,,2025-11-09 18:56:00
,,,3.2,9.0,7.0,2.0,,,9.1,,,,,2025-11-09 19:26:00
,,,3.1,9.0,7.2,347.0,,,9.1,,,,,2025-11-09 19:56:00
,,,3.2,9.0,7.2,341.0,,,9.1,,,,,2025-11-09 20:26:00
,,,2.8,10.0,7.2,14.0,,,9.1,,,,,2025-11-09 20:56:00
,,,2.8,9.0,7.0,351.0,,,9.1,,,,,2025-11-09 21:26:00
,,,3.1,9.0,7.3,345.0,,,9.1,,,,,2025-11-09 21:56:00
,,,2.6,9.0,6.8,337.0,,,9.1,,,,,2025-11-09 22:26:00
,,,2.7,9.0,7.0,340.0,,,9.1,,,,,2025-11-09 22:56:00
,,,2.4,10.0,6.7,28.0,,,9.1,,,,,2025-11-09 23:26:00
,,,2.6,9.0,6.7,355.0,,,9.1,,,,,2025-11-09 23:56:00
,,,2.5,9.0,6.4,338.0,,,9.1,,,,,2025-11-10 00:26:00
,,,2.5,9.0,6.2,337.0,,,9.1,,,,,2025-11-10 00:56:00
,,,2.7,9.0,6.3,338.0,,,9.1,,,,,2025-11-10 01:26:00
,,,2.8,9.0,6.0,360.0,,,9.1,,,,,2025-11-10 01:56:00
,,,2.8,10.0,6.1,14.0,,,9.1,,,,,2025-11-10 02:26:00
,,,3.1,6.0,6.1,223.0,,,9.1,,,,,2025-11-10 02:56:00
,,,3.2,6.0,6.1,206.0,,,9.1,,,,,2025-11-10 03:26:00
,,,3.2,6.0,6.1,208.0,,,9.1,,,,,2025-11-10 03:56:00
,,,3.6,7.0,6.4,210.0,,,9.1,,,,,2025-11-10 04:26:00
,,,3.8,7.0,6.4,203.0,,,9.1,,,,,2025-11-10 04:56:00
,,,4.1,8.0,6.8,215.0,,,9.1,,,,,2025-11-10 05:26:00
,,,4.4,8.0,7.0,206.0,,,9.1,,,,,2025-11-10 05:56:00
,,,4.6,8.0,7.4,218.0,,,9.1,,,,,2025-11-10 06:26:00
,,,4.5,9.0,7.4,203.0,,,9.1,,,,,2025-11-10 06:56:00
,,,4.6,9.0,7.4,212.0,,,9.1,,,,,2025-11-10 07:26:00
,,,4.8,10.0,7.8,206.0,,,9.1,,,,,2025-11-10 07:56:00
,,,4.5,10.0,7.5,212.0,,,9.1,,,,,2025-11-10 08:26:00
,,,4.7,10.0,7.7,212.0,,,9.1,,,,,2025-11-10 08:56:00
,,,4.9,11.0,7.8,210.0,,,9.1,,,,,2025-11-10 09:26:00
,,,4.9,10.0,8.0,215.0,,,9.1,,,,,2025-11-10 09:56:00
,,,4.8,10.0,8.1,198.0,,,9.1,,,,,2025-11-10 10:26:00
,,,4.7,11.0,7.9,218.0,,,9.1,,,,,2025-11-10 10:56:00
,,,5.1,11.0,8.0,218.0,,,9.1,,,,,2025-11-10 11:26:00
,,,5.0,11.0,8.3,219.0,,,9.1,,,,,2025-11-10 11:56:00
,,,5.1,11.0,8.3,229.0,,,9.1,,,,,2025-11-10 12:26:00
,,,4.4,11.0,8.0,220.0,,,9.1,,,,,2025-11-10 12:56:00
,,,5.0,10.0,8.3,213.0,,,9.1,,,,,2025-11-10 13:26:00
,,,4.7,11.0,8.2,220.0,,,9.1,,,,,2025-11-10 13:56:00
,,,4.4,11.0,7.8,220.0,,,9.1,,,,,2025-11-10 14:26:00
,,,4.9,11.0,8.2,209.0,,,9.1,,,,,2025-11-10 14:56:00
,,,4.8,11.0,7.9,222.0,,,9.0,,,,,2025-11-10 15:26:00
,,,4.7,11.0,8.2,230.0,,,9.1,,,,,2025-11-10 15:56:00
,,,4.7,11.0,7.9,244.0,,,9.0,,,,,2025-11-10 16:26:00
,,,4.7,11.0,7.8,232.0,,,9.0,,,,,2025-11-10 16:56:00
,,,4.6,9.0,7.8,244.0,,,9.0,,,,,2025-11-10 17:26:00
,,,5.0,10.0,8.2,240.0,,,9.0,,,,,2025-11-10 17:56:00
,,,4.9,11.0,7.9,237.0,,,9.0,,,,,2025-11-10 18:26:00
,,,5.2,11.0,8.2,241.0,,,9.0,,,,,2025-11-10 18:56:00
,,,5.1,11.0,8.0,234.0,,,9.1,,,,,2025-11-10 19:26:00
,,,4.9,11.0,8.0,246.0,,,9.1,,,,,2025-11-10 19:56:00
,,,4.6,10.0,7.8,268.0,,,9.1,,,,,2025-11-10 20:26:00
,,,5.1,10.0,8.0,239.0,,,9.1,,,,,2025-11-10 20:56:00
,,,5.3,11.0,8.3,244.0,,,9.1,,,,,2025-11-10 21:26:00
,,,5.5,11.0,8.3,251.0,,,9.1,,,,,2025-11-10 21:56:00
,,,5.3,11.0,8.2,255.0,,,9.1,,,,,2025-11-10 22:26:00
,,,5.3,11.0,8.4,260.0,,,9.1,,,,,2025-11-10 22:56:00
,,,5.7,11.0,8.4,250.0,,,9.1,,,,,2025-11-10 23:26:00
,,,5.2,12.0,8.4,263.0,,,9.1,,,,,2025-11-10 23:56:00
,,,5.6,11.0,8.7,240.0,,,9.1,,,,,2025-11-11 00:26:00
,,,5.6,11.0,8.5,253.0,,,9.1,,,,,2025-11-11 00:56:00
,,,4.8,12.0,8.1,257.0,,,9.0,,,,,2025-11-11 01:26:00
,,,5.2,10.0,8.3,239.0,,,9.0,,,,,2025-11-11 01:56:00
,,,5.0,12.0,8.6,255.0,,,9.0,,,,,2025-11-11 02:26:00
,,,4.7,12.0,8.3,253.0,,,9.0,,,,,2025-11-11 02:56:00
,,,5.1,12.0,8.6,261.0,,,9.0,,,,,2025-11-11 03:26:00
,,,4.9,13.0,8.6,261.0,,,9.0,,,,,2025-11-11 03:56:00
,,,5.2,13.0,8.8,260.0,,,9.0,,,,,2025-11-11 04:26:00
,,,4.5,12.0,8.4,263.0,,,9.0,,,,,2025-11-11 04:56:00
,,,5.1,12.0,8.9,253.0,,,9.0,,,,,2025-11-11 05:26:00
,,,4.8,12.0,8.9,251.0,,,9.0,,,,,2025-11-11 05:56:00
,,,4.5,12.0,9.0,253.0,,,9.0,,,,,2025-11-11 06:26:00
,,,4.4,12.0,8.6,261.0,,,9.0,,,,,2025-11-11 06:56:00
,,,4.6,12.0,8.6,254.0,,,9.0,,,,,2025-11-11 07:26:00
,,,5.1,11.0,9.2,257.0,,,9.0,,,,,2025-11-11 07:56:00
,,,4.3,11.0,8.6,254.0,,,9.0,,,,,2025-11-11 08:26:00
,,,4.2,11.0,8.2,257.0,,,9.0,,,,,2025-11-11 08:56:00
,,,4.5,13.0,8.8,270.0,,,9.0,,,,,2025-11-11 09:26:00
,,,4.0,11.0,8.3,258.0,,,9.0,,,,,2025-11-11 09:56:00
,,,4.3,12.0,8.4,265.0,,,9.0,,,,,2025-11-11 10:26:00
,,,4.5,11.0,8.5,260.0,,,9.0,,,,,2025-11-11 10:56:00
,,,4.4,12.0,8.4,264.0,,,9.0,,,,,2025-11-11 11:26:00
,,,4.7,13.0,8.7,278.0,,,9.0,,,,,2025-11-11 11:56:00
,,,4.6,12.0,8.7,264.0,,,9.0,,,,,2025-11-11 12:26:00
,,,4.3,12.0,8.5,265.0,,,9.0,,,,,2025-11-11 12:56:00
,,,4.2,13.0,8.4,279.0,,,9.0,,,,,2025-11-11 13:26:00
,,,4.4,11.0,8.6,265.0,,,9.0,,,,,2025-11-11 13:56:00
,,,4.2,11.0,8.4,270.0,,,9.0,,,,,2025-11-11 14:26:00
,,,4.2,12.0,8.7,270.0,,,9.0,,,,,2025-11-11 14:56:00
,,,4.0,12.0,8.7,274.0,,,9.0,,,,,2025-11-11 15:26:00
,,,4.1,11.0,8.7,270.0,,,9.0,,,,,2025-11-11 15:56:00
,,,3.9,11.0,8.7,275.0,,,9.0,,,,,2025-11-11 16:26:00
,,,4.0,13.0,8.8,272.0,,,9.0,,,,,2025-11-11 16:56:00
,,,4.0,13.0,8.9,272.0,,,9.0,,,,,2025-11-11 17:26:00
,,,3.9,11.0,9.0,263.0,,,9.0,,,,,2025-11-11 17:56:00
,,,3.9,11.0,9.2,270.0,,,9.0,,,,,2025-11-11 18:26:00
,,,3.7,13.0,9.1,274.0,,,9.0,,,,,2025-11-11 18:56:00
,,,3.7,12.0,9.3,271.0,,,9.0,,,,,2025-11-11 19:26:00
,,,3.9,12.0,9.5,267.0,,,9.0,,,,,2025-11-11 19:56:00
,,,4.0,12.0,9.7,263.0,,,9.0,,,,,2025-11-11 20:26:00
,,,4.2,13.0,9.9,274.0,,,9.0,,,,,2025-11-11 20:56:00
,,,4.0,15.0,9.9,270.0,,,9.0,,,,,2025-11-11 21:26:00
,,,4.2,13.0,9.7,272.0,,,9.0,,,,,2025-11-11 21:56:00
,,,4.3,12.0,9.9,265.0,,,9.0,,,,,2025-11-11 22:26:00
,,,4.0,13.0,9.7,272.0,,,9.0,,,,,2025-11-11 22:56:00
,,,3.9,14.0,9.6,271.0,,,9.0,,,,,2025-11-11 23:26:00
,,,4.0,17.0,9.7,268.0,,,9.0,,,,,2025-11-11 23:56:00
,,,4.1,13.0,9.7,279.0,,,9.0,,,,,2025-11-12 00:26:00
,,,4.3,13.0,10.2,275.0,,,9.0,,,,,2025-11-12 00:56:00
,,,4.2,14.0,9.7,282.0,,,9.0,,,,,2025-11-12 01:26:00
,,,3.9,13.0,9.7,282.0,,,9.0,,,,,2025-11-12 01:56:00
,,,4.0,14.0,9.5,286.0,,,9.0,,,,,2025-11-12 02:26:00
,,,3.9,14.0,9.5,278.0,,,9.0,,,,,2025-11-12 02:56:00
,,,3.6,15.0,8.9,277.0,,,9.0,,,,,2025-11-12 03:26:00
,,,3.7,14.0,9.2,279.0,,,9.0,,,,,2025-11-12 03:56:00
,,,3.8,15.0,9.2,272.0,,,9.0,,,,,2025-11-12 04:26:00
,,,3.6,13.0,9.1,284.0,,,9.0,,,,,2025-11-12 04:56:00
,,,3.6,12.0,8.7,284.0,,,9.0,,,,,2025-11-12 05:26:00
,,,3.4,13.0,8.6,278.0,,,9.0,,,,,2025-11-12 05:56:00
,,,3.3,12.0,8.4,272.0,,,9.0,,,,,2025-11-12 06:26:00
,,,3.4,14.0,8.5,275.0,,,9.0,,,,,2025-11-12 06:56:00
,,,3.3,14.0,8.3,277.0,,,9.0,,,,,2025-11-12 07:26:00
,,,3.2,14.0,8.4,275.0,,,9.0,,,,,2025-11-12 07:56:00
,,,3.5,14.0,8.7,267.0,,,9.0,,,,,2025-11-12 08:26:00
,,,3.4,13.0,8.5,275.0,,,9.0,,,,,2025-11-12 08:56:00
,,,3.3,13.0,8.1,274.0,,,9.0,,,,,2025-11-12 09:26:00
,,,3.7,13.0,8.8,278.0,,,9.0,,,,,2025-11-12 09:56:00
,,,3.5,13.0,8.8,268.0,,,9.0,,,,,2025-11-12 10:26:00
,,,3.5,14.0,8.5,275.0,,,9.0,,,,,2025-11-12 10:56:00
,,,3.8,14.0,8.9,271.0,,,9.0,,,,,2025-11-12 11:26:00
,,,3.7,14.0,8.9,275.0,,,9.0,,,,,2025-11-12 11:56:00
,,,3.7,14.0,8.8,270.0,,,9.0,,,,,2025-11-12 12:26:00
,,,3.4,15.0,8.7,267.0,,,9.0,,,,,2025-11-12 12:56:00
,,,3.4,13.0,8.5,272.0,,,9.0,,,,,2025-11-12 13:26:00
,,,3.6,12.0,8.8,275.0,,,9.0,,,,,2025-11-12 13:56:00
,,,3.6,13.0,8.6,272.0,,,9.0,,,,,2025-11-12 14:26:00
,,,3.3,12.0,8.9,281.0,,,9.0,,,,,2025-11-12 14:56:00
,,,3.4,14.0,9.0,282.0,,,9.0,,,,,2025-11-12 15:26:00
,,,3.4,12.0,9.0,281.0,,,9.0,,,,,2025-11-12 15:56:00
,,,3.4,13.0,8.9,285.0,,,8.9,,,,,2025-11-12 16:26:00
,,,3.2,14.0,8.4,285.0,,,9.0,,,,,2025-11-12 16:56:00
,,,3.1,13.0,8.4,282.0,,,8.9,,,,,2025-11-12 17:26:00
,,,3.2,13.0,8.9,275.0,,,8.9,,,,,2025-11-12 17:56:00
,,,2.9,12.0,8.3,271.0,,,8.9,,,,,2025-11-12 18:26:00
,,,3.0,13.0,8.5,292.0,,,8.9,,,,,2025-11-12 18:56:00
,,,3.3,14.0,8.6,274.0,,,9.0,,,,,2025-11-12 20:26:00
,,,3.0,11.0,8.2,281.0,,,9.0,,,,,2025-11-12 20:56:00
,,,3.0,11.0,8.2,285.0,,,9.0,,,,,2025-11-12 21:26:00
,,,3.0,11.0,8.2,282.0,,,9.0,,,,,2025-11-12 21:56:00
,,,3.0,12.0,7.9,285.0,,,9.0,,,,,2025-11-12 22:26:00
,,,3.2,11.0,8.0,275.0,,,9.0,,,,,2025-11-12 22:56:00
,,,3.1,12.0,8.0,286.0,,,9.0,,,,,2025-11-12 23:26:00
,,,3.1,11.0,8.1,284.0,,,9.0,,,,,2025-11-12 23:56:00
,,,2.9,13.0,7.7,281.0,,,9.0,,,,,2025-11-13 00:26:00
,,,2.9,12.0,7.7,281.0,,,9.0,,,,,2025-11-13 01:26:00
,,,2.7,12.0,7.6,272.0,,,9.0,,,,,2025-11-13 01:56:00
,,,2.8,13.0,7.7,281.0,,,9.0,,,,,2025-11-13 02:26:00
,,,2.5,10.0,7.2,272.0,,,9.0,,,,,2025-11-13 02:56:00
,,,2.8,11.0,7.6,277.0,,,8.9,,,,,2025-11-13 03:26:00
,,,2.5,11.0,7.3,278.0,,,9.0,,,,,2025-11-13 03:56:00
,,,2.7,10.0,7.4,277.0,,,9.0,,,,,2025-11-13 04:26:00
,,,2.6,11.0,7.3,279.0,,,9.0,,,,,2025-11-13 04:56:00
,,,2.7,11.0,7.2,278.0,,,9.0,,,,,2025-11-13 05:26:00
,,,2.6,13.0,6.9,277.0,,,9.0,,,,,2025-11-13 05:56:00
,,,2.7,13.0,6.8,281.0,,,9.0,,,,,2025-11-13 07:26:00
,,,2.6,13.0,6.7,281.0,,,9.0,,,,,2025-11-13 07:56:00
,,,2.7,11.0,6.8,279.0,,,9.0,,,,,2025-11-13 08:26:00
,,,2.5,11.0,6.5,275.0,,,9.0,,,,,2025-11-13 08:56:00
,,,2.8,11.0,6.8,281.0,,,9.0,,,,,2025-11-13 09:26:00
,,,2.8,11.0,6.8,272.0,,,9.0,,,,,2025-11-13 09:56:00
,,,2.7,13.0,6.9,279.0,,,9.0,,,,,2025-11-13 10:26:00
,,,2.8,13.0,6.9,278.0,,,9.0,,,,,2025-11-13 10:56:00
,,,2.7,13.0,6.8,284.0,,,9.0,,,,,2025-11-13 11:26:00
,,,2.7,12.0,6.9,282.0,,,9.0,,,,,2025-11-13 11:56:00
,,,2.7,13.0,6.9,279.0,,,9.0,,,,,2025-11-13 12:26:00
,,,2.9,11.0,7.1,286.0,,,9.0,,,,,2025-11-13 12:56:00
,,,2.9,10.0,6.7,278.0,,,9.0,,,,,2025-11-13 13:26:00
,,,2.8,11.0,6.6,286.0,,,9.0,,,,,2025-11-13 13:56:00
,,,2.6,7.0,6.8,274.0,,,9.0,,,,,2025-11-13 14:26:00
,,,2.7,11.0,7.0,291.0,,,9.0,,,,,2025-11-13 14:56:00
,,,2.7,12.0,7.0,284.0,,,9.0,,,,,2025-11-13 15:26:00
,,,2.6,10.0,7.0,288.0,,,9.0,,,,,2025-11-13 15:56:00
,,,2.5,10.0,6.9,285.0,,,9.0,,,,,2025-11-13 16:26:00
,,,2.4,10.0,6.9,278.0,,,9.0,,,,,2025-11-13 16:56:00
,,,2.5,9.0,7.2,271.0,,,9.0,,,,,2025-11-13 17:26:00
,,,2.4,10.0,7.0,279.0,,,9.0,,,,,2025-11-13 17:56:00
,,,2.4,9.0,6.7,265.0,,,9.0,,,,,2025-11-13 18:26:00
,,,2.4,10.0,6.8,275.0,,,9.0,,,,,2025-11-13 18:56:00
,,,2.5,10.0,6.9,278.0,,,9.0,,,,,2025-11-13 19:26:00
,,,2.3,10.0,6.4,278.0,,,9.0,,,,,2025-11-13 19:56:00
,,,2.3,11.0,6.5,274.0,,,9.0,,,,,2025-11-13 20:26:00
,,,2.4,10.0,6.6,267.0,,,8.9,,,,,2025-11-13 20:56:00
,,,2.5,10.0,6.5,278.0,,,8.9,,,,,2025-11-13 21:26:00
,,,2.5,10.0,6.3,263.0,,,9.0,,,,,2025-11-13 21:56:00
,,,2.5,9.0,6.4,270.0,,,9.0,,,,,2025-11-13 22:26:00
,,,2.6,10.0,6.4,275.0,,,9.0,,,,,2025-11-13 22:56:00
,,,2.8,9.0,6.3,260.0,,,9.0,,,,,2025-11-13 23:26:00
,,,2.8,9.0,6.4,264.0,,,9.0,,,,,2025-11-13 23:56:00
,,,3.0,8.0,6.4,248.0,,,9.0,,,,,2025-11-14 00:26:00
,,,3.1,8.0,6.6,263.0,,,9.0,,,,,2025-11-14 00:56:00
,,,3.2,8.0,6.7,255.0,,,9.0,,,,,2025-11-14 01:26:00
,,,3.3,8.0,6.8,260.0,,,9.0,,,,,2025-11-14 01:56:00
,,,3.2,9.0,6.8,260.0,,,9.0,,,,,2025-11-14 02:26:00
,,,3.2,9.0,6.7,255.0,,,9.0,,,,,2025-11-14 02:56:00
,,,3.4,9.0,6.8,260.0,,,9.0,,,,,2025-11-14 03:26:00
,,,3.2,10.0,6.8,255.0,,,9.0,,,,,2025-11-14 03:56:00
,,,3.5,10.0,7.2,258.0,,,9.0,,,,,2025-11-14 04:26:00
,,,3.6,9.0,7.2,257.0,,,9.0,,,,,2025-11-14 04:56:00
,,,3.5,11.0,7.2,255.0,,,9.0,,,,,2025-11-14 05:26:00
,,,3.4,10.0,7.3,254.0,,,9.0,,,,,2025-11-14 05:56:00
,,,3.6,11.0,7.5,253.0,,,9.0,,,,,2025-11-14 06:26:00
,,,3.5,11.0,7.5,258.0,,,9.0,,,,,2025-11-14 06:56:00
,,,3.3,11.0,7.5,260.0,,,9.0,,,,,2025-11-14 07:26:00
,,,3.6,10.0,7.6,261.0,,,9.0,,,,,2025-11-14 07:56:00
,,,3.7,11.0,7.9,253.0,,,9.0,,,,,2025-11-14 08:26:00
,,,3.6,11.0,7.6,254.0,,,9.0,,,,,2025-11-14 08:56:00
,,,3.6,11.0,7.7,260.0,,,9.0,,,,,2025-11-14 09:26:00
,,,3.5,10.0,7.5,254.0,,,9.0,,,,,2025-11-14 09:56:00
,,,3.6,11.0,7.6,251.0,,,9.0,,,,,2025-11-14 10:26:00
,,,3.5,11.0,7.8,255.0,,,8.9,,,,,2025-11-14 10:56:00
,,,3.3,11.0,7.5,264.0,,,9.0,,,,,2025-11-14 11:26:00
,,,3.7,11.0,7.7,263.0,,,9.0,,,,,2025-11-14 11:56:00
,,,3.4,11.0,7.3,255.0,,,9.0,,,,,2025-11-14 12:26:00
,,,3.5,10.0,7.8,261.0,,,9.0,,,,,2025-11-14 12:56:00
,,,3.7,11.0,7.8,263.0,,,9.0,,,,,2025-11-14 13:26:00
,,,3.7,10.0,7.5,257.0,,,9.0,,,,,2025-11-14 13:56:00
,,,3.6,11.0,7.4,263.0,,,9.0,,,,,2025-11-14 14:26:00
,,,3.7,11.0,7.8,261.0,,,9.0,,,,,2025-11-14 14:56:00
,,,3.2,11.0,7.0,270.0,,,9.0,,,,,2025-11-14 15:26:00
,,,3.6,11.0,7.5,261.0,,,9.0,,,,,2025-11-14 15:56:00
,,,3.7,11.0,7.6,261.0,,,9.0,,,,,2025-11-14 16:26:00
,,,3.8,11.0,7.8,270.0,,,9.0,,,,,2025-11-14 16:56:00
,,,3.6,11.0,7.6,271.0,,,8.9,,,,,2025-11-14 17:26:00
,,,3.5,12.0,7.4,265.0,,,9.0,,,,,2025-11-14 17:56:00
,,,4.1,11.0,8.0,270.0,,,9.0,,,,,2025-11-14 18:26:00
,,,3.7,11.0,7.6,267.0,,,9.0,,,,,2025-11-14 18:56:00
,,,3.8,11.0,7.5,265.0,,,9.0,,,,,2025-11-14 19:26:00
,,,3.5,11.0,7.3,270.0,,,9.0,,,,,2025-11-14 19:56:00
,,,3.8,12.0,7.6,263.0,,,9.0,,,,,2025-11-14 20:26:00
,,,4.1,11.0,7.9,270.0,,,9.0,,,,,2025-11-14 20:56:00
,,,4.0,12.0,7.7,271.0,,,9.0,,,,,2025-11-14 21:26:00
,,,3.8,11.0,7.8,265.0,,,9.0,,,,,2025-11-14 21:56:00
,,,3.7,11.0,7.5,271.0,,,9.0,,,,,2025-11-14 22:26:00
,,,4.0,11.0,7.8,272.0,,,9.0,,,,,2025-11-14 22:56:00
,,,4.0,12.0,8.0,267.0,,,8.9,,,,,2025-11-14 23:26:00
,,,3.9,12.0,7.8,264.0,,,8.9,,,,,2025-11-14 23:56:00
,,,4.2,12.0,7.6,264.0,,,8.9,,,,,2025-11-15 00:26:00
,,,4.2,11.0,7.9,258.0,,,8.9,,,,,2025-11-15 00:56:00
,,,4.2,12.0,8.0,268.0,,,8.9,,,,,2025-11-15 01:26:00
,,,4.4,11.0,8.2,258.0,,,8.9,,,,,2025-11-15 01:56:00
,,,3.8,11.0,7.7,267.0,,,8.9,,,,,2025-11-15 02:26:00
,,,4.2,12.0,8.2,271.0,,,8.9,,,,,2025-11-15 02:56:00
,,,4.1,12.0,8.2,268.0,,,8.9,,,,,2025-11-15 03:26:00
,,,4.1,11.0,8.0,260.0,,,8.9,,,,,2025-11-15 03:56:00
,,,3.7,11.0,7.9,268.0,,,8.9,,,,,2025-11-15 04:26:00
,,,3.9,12.0,8.2,275.0,,,8.9,,,,,2025-11-15 04:56:00
,,,3.7,13.0,7.9,268.0,,,8.9,,,,,2025-11-15 05:26:00
,,,4.1,12.0,8.3,271.0,,,8.9,,,,,2025-11-15 05:56:00
,,,4.4,11.0,8.5,277.0,,,8.9,,,,,2025-11-15 06:26:00
,,,4.0,11.0,8.1,272.0,,,8.9,,,,,2025-11-15 06:56:00
,,,3.9,11.0,7.8,267.0,,,8.9,,,,,2025-11-15 07:26:00
,,,4.0,12.0,8.3,277.0,,,8.9,,,,,2025-11-15 07:56:00
,,,4.1,11.0,8.3,275.0,,,8.9,,,,,2025-11-15 08:26:00
,,,4.3,13.0,8.5,271.0,,,8.9,,,,,2025-11-15 08:56:00
,,,4.3,12.0,8.5,272.0,,,8.9,,,,,2025-11-15 09:26:00
,,,4.2,11.0,8.4,281.0,,,8.9,,,,,2025-11-15 09:56:00
,,,4.4,12.0,8.4,285.0,,,8.9,,,,,2025-11-15 10:26:00
,,,4.5,12.0,8.6,270.0,,,8.9,,,,,2025-11-15 10:56:00
,,,3.9,11.0,8.0,284.0,,,8.9,,,,,2025-11-15 11:26:00
,,,4.4,13.0,8.2,285.0,,,8.9,,,,,2025-11-15 11:56:00
,,,4.5,12.0,8.4,282.0,,,8.9,,,,,2025-11-15 12:26:00
,,,4.6,13.0,8.5,288.0,,,8.9,,,,,2025-11-15 12:56:00
,,,4.5,10.0,8.4,284.0,,,8.9,,,,,2025-11-15 13:26:00
,,,4.2,13.0,8.4,284.0,,,8.9,,,,,2025-11-15 13:56:00
,,,4.6,12.0,8.7,291.0,,,8.9,,,,,2025-11-15 14:26:00
,,,4.3,13.0,8.5,275.0,,,8.9,,,,,2025-11-15 14:56:00
,,,4.7,12.0,8.6,274.0,,,8.9,,,,,2025-11-15 15:26:00
,,,4.5,13.0,8.6,281.0,,,8.9,,,,,2025-11-15 15:56:00
,,,4.5,12.0,8.7,274.0,,,8.8,,,,,2025-11-15 16:26:00
,,,4.5,13.0,9.0,275.0,,,8.8,,,,,2025-11-15 16:56:00
,,,4.2,13.0,8.5,278.0,,,8.8,,,,,2025-11-15 17:26:00
,,,4.2,12.0,8.7,267.0,,,8.8,,,,,2025-11-15 17:56:00
,,,4.2,12.0,8.4,267.0,,,8.8,,,,,2025-11-15 18:26:00
,,,4.1,11.0,8.6,267.0,,,8.8,,,,,2025-11-15 18:56:00
,,,4.4,13.0,8.9,285.0,,,8.8,,,,,2025-11-15 19:26:00
,,,4.5,12.0,8.7,267.0,,,8.8,,,,,2025-11-15 19:56:00
,,,4.5,13.0,9.0,282.0,,,8.8,,,,,2025-11-15 20:26:00
,,,4.1,12.0,8.2,284.0,,,8.8,,,,,2025-11-15 20:56:00
,,,4.7,13.0,9.1,285.0,,,8.8,,,,,2025-11-15 21:26:00
,,,4.2,11.0,8.2,284.0,,,8.8,,,,,2025-11-15 21:56:00
,,,4.4,13.0,8.5,296.0,,,8.8,,,,,2025-11-15 22:26:00
,,,4.8,11.0,8.8,286.0,,,8.8,,,,,2025-11-15 22:56:00
,,,4.7,13.0,8.6,291.0,,,8.8,,,,,2025-11-15 23:26:00
,,,4.4,12.0,8.4,296.0,,,8.8,,,,,2025-11-15 23:56:00
,,,4.8,12.0,8.7,289.0,,,8.8,,,,,2025-11-16 00:26:00
,,,4.5,11.0,8.5,271.0,,,8.8,,,,,2025-11-16 00:56:00
,,,4.8,12.0,8.8,274.0,,,8.8,,,,,2025-11-16 01:26:00
,,,4.8,12.0,8.7,279.0,,,8.8,,,,,2025-11-16 01:56:00
,,,4.6,12.0,8.5,291.0,,,8.8,,,,,2025-11-16 02:26:00
,,,4.5,13.0,8.6,288.0,,,8.8,,,,,2025-11-16 02:56:00
,,,4.5,12.0,8.3,292.0,,,8.8,,,,,2025-11-16 03:26:00
,,,4.3,13.0,8.3,289.0,,,8.8,,,,,2025-11-16 03:56:00
,,,4.5,11.0,8.3,281.0,,,8.8,,,,,2025-11-16 04:26:00
,,,4.2,12.0,8.2,265.0,,,8.8,,,,,2025-11-16 04:56:00
,,,4.2,12.0,8.5,275.0,,,8.8,,,,,2025-11-16 05:26:00
,,,4.0,11.0,8.5,284.0,,,8.8,,,,,2025-11-16 05:56:00
,,,3.8,12.0,8.1,268.0,,,8.8,,,,,2025-11-16 06:26:00
,,,4.0,13.0,8.4,270.0,,,8.8,,,,,2025-11-16 06:56:00
,,,4.1,12.0,8.8,270.0,,,8.8,,,,,2025-11-16 07:26:00
,,,4.0,11.0,8.3,272.0,,,8.8,,,,,2025-11-16 07:56:00
,,,3.6,11.0,8.2,275.0,,,8.8,,,,,2025-11-16 08:26:00
,,,3.7,13.0,8.3,271.0,,,8.8,,,,,2025-11-16 08:56:00
,,,3.7,13.0,8.3,275.0,,,8.8,,,,,2025-11-16 09:26:00
,,,3.6,11.0,8.2,272.0,,,8.8,,,,,2025-11-16 09:56:00
,,,3.9,11.0,8.3,260.0,,,8.8,,,,,2025-11-16 10:26:00
,,,3.7,11.0,8.6,264.0,,,8.8,,,,,2025-11-16 10:56:00
,,,3.7,13.0,8.4,275.0,,,8.8,,,,,2025-11-16 11:26:00
,,,3.7,13.0,8.5,277.0,,,8.8,,,,,2025-11-16 11:56:00
,,,3.9,13.0,8.7,277.0,,,8.8,,,,,2025-11-16 12:26:00
,,,3.9,13.0,8.7,271.0,,,8.8,,,,,2025-11-16 12:56:00
,,,4.0,13.0,8.7,279.0,,,8.8,,,,,2025-11-16 13:26:00
,,,3.5,13.0,8.4,281.0,,,8.8,,,,,2025-11-16 13:56:00
,,,3.9,13.0,8.7,284.0,,,8.8,,,,,2025-11-16 14:26:00
,,,4.1,13.0,8.8,282.0,,,8.8,,,,,2025-11-16 14:56:00
,,,4.2,13.0,9.1,289.0,,,8.8,,,,,2025-11-16 15:26:00
,,,3.6,13.0,8.4,288.0,,,8.8,,,,,2025-11-16 15:56:00
,,,3.9,12.0,8.5,284.0,,,8.8,,,,,2025-11-16 16:26:00
,,,3.6,13.0,8.5,285.0,,,8.8,,,,,2025-11-16 16:56:00
,,,4.0,12.0,8.8,288.0,,,8.8,,,,,2025-11-16 17:26:00
,,,3.8,13.0,8.6,289.0,,,8.8,,,,,2025-11-16 17:56:00
,,,3.6,12.0,8.4,286.0,,,8.8,,,,,2025-11-16 18:26:00
,,,3.6,12.0,8.4,285.0,,,8.8,,,,,2025-11-16 18:56:00
,,,3.7,13.0,8.7,286.0,,,8.8,,,,,2025-11-16 19:26:00
,,,3.3,13.0,8.3,286.0,,,8.8,,,,,2025-11-16 19:56:00
,,,3.5,10.0,8.7,282.0,,,8.8,,,,,2025-11-16 20:26:00
,,,3.6,13.0,9.1,277.0,,,8.8,,,,,2025-11-16 20:56:00
,,,3.3,12.0,8.8,282.0,,,8.8,,,,,2025-11-16 21:26:00
,,,3.4,13.0,8.6,275.0,,,8.8,,,,,2025-11-16 21:56:00
,,,3.2,12.0,8.5,281.0,,,8.8,,,,,2025-11-16 22:26:00
,,,3.3,12.0,8.5,279.0,,,8.8,,,,,2025-11-16 22:56:00
,,,3.3,12.0,8.2,279.0,,,8.8,,,,,2025-11-16 23:26:00
,,,3.2,13.0,8.2,289.0,,,8.8,,,,,2025-11-16 23:56:00
,,,2.9,13.0,7.8,286.0,,,8.8,,,,,2025-11-17 00:26:00
,,,3.1,11.0,8.2,284.0,,,8.8,,,,,2025-11-17 00:56:00
,,,3.1,13.0,8.2,286.0,,,8.8,,,,,2025-11-17 01:26:00
,,,2.8,13.0,7.5,282.0,,,8.8,,,,,2025-11-17 01:56:00
,,,3.1,13.0,7.7,282.0,,,8.8,,,,,2025-11-17 02:26:00
,,,2.9,13.0,7.3,282.0,,,8.8,,,,,2025-11-17 02:56:00
,,,2.7,13.0,6.9,281.0,,,8.8,,,,,2025-11-17 03:26:00
,,,3.1,12.0,7.3,284.0,,,8.8,,,,,2025-11-17 03:56:00
,,,2.7,13.0,6.9,281.0,,,8.8,,,,,2025-11-17 04:26:00
,,,2.8,12.0,6.8,285.0,,,8.8,,,,,2025-11-17 04:56:00
,,,2.8,12.0,7.1,284.0,,,8.8,,,,,2025-11-17 05:26:00
,,,2.8,12.0,6.7,286.0,,,8.8,,,,,2025-11-17 05:56:00
,,,3.2,12.0,7.0,286.0,,,8.8,,,,,2025-11-17 06:26:00
,,,3.0,12.0,6.7,285.0,,,8.8,,,,,2025-11-17 06:56:00
,,,3.0,11.0,6.5,279.0,,,8.8,,,,,2025-11-17 07:26:00
,,,3.0,12.0,6.6,285.0,,,8.8,,,,,2025-11-17 07:56:00
,,,3.3,11.0,6.6,285.0,,,8.8,,,,,2025-11-17 08:26:00
,,,3.2,13.0,6.4,284.0,,,8.9,,,,,2025-11-17 08:56:00
,,,3.2,7.0,6.4,219.0,,,8.9,,,,,2025-11-17 09:26:00
,,,3.3,7.0,6.5,225.0,,,8.9,,,,,2025-11-17 09:56:00
,,,3.3,7.0,6.6,234.0,,,8.9,,,,,2025-11-17 10:26:00
,,,3.3,7.0,6.5,219.0,,,8.9,,,,,2025-11-17 10:56:00
,,,3.5,8.0,6.9,241.0,,,8.9,,,,,2025-11-17 11:26:00
,,,3.7,8.0,7.1,225.0,,,8.9,,,,,2025-11-17 11:56:00
,,,3.4,8.0,6.9,241.0,,,8.9,,,,,2025-11-17 12:26:00
,,,3.4,8.0,7.1,244.0,,,8.9,,,,,2025-11-17 12:56:00
,,,3.3,8.0,7.1,219.0,,,8.9,,,,,2025-11-17 13:26:00
,,,3.4,8.0,7.3,218.0,,,8.9,,,,,2025-11-17 13:56:00
,,,3.1,8.0,7.3,220.0,,,8.9,,,,,2025-11-17 14:26:00
,,,3.1,11.0,7.4,267.0,,,8.9,,,,,2025-11-17 14:56:00
,,,3.4,11.0,7.7,267.0,,,8.9,,,,,2025-11-17 15:26:00
,,,3.1,11.0,7.6,261.0,,,8.9,,,,,2025-11-17 15:56:00
,,,3.3,9.0,7.7,240.0,,,8.9,,,,,2025-11-17 16:26:00
,,,3.5,9.0,7.9,239.0,,,8.9,,,,,2025-11-17 16:56:00
,,,2.9,9.0,7.6,244.0,,,8.9,,,,,2025-11-17 17:26:00
,,,3.2,11.0,8.0,263.0,,,8.9,,,,,2025-11-17 17:56:00
,,,3.6,10.0,8.4,258.0,,,8.9,,,,,2025-11-17 18:26:00
,,,3.3,11.0,8.2,253.0,,,8.9,,,,,2025-11-17 18:56:00
,,,3.1,9.0,8.1,243.0,,,8.8,,,,,2025-11-17 19:26:00
,,,3.3,11.0,8.5,265.0,,,8.8,,,,,2025-11-17 19:56:00
,,,3.2,12.0,8.6,265.0,,,8.8,,,,,2025-11-17 20:26:00
,,,3.2,9.0,8.3,244.0,,,8.9,,,,,2025-11-17 20:56:00
,,,3.0,9.0,8.3,247.0,,,8.8,,,,,2025-11-17 21:26:00
,,,3.1,11.0,8.4,270.0,,,8.9,,,,,2025-11-17 21:56:00
,,,3.3,12.0,8.5,271.0,,,8.9,,,,,2025-11-17 22:26:00
,,,3.0,10.0,8.1,260.0,,,8.9,,,,,2025-11-17 22:56:00
,,,2.7,10.0,8.0,248.0,,,8.9,,,,,2025-11-17 23:26:00
,,,2.9,10.0,8.2,260.0,,,8.9,,,,,2025-11-17 23:56:00
,,,3.0,11.0,8.4,267.0,,,8.9,,,,,2025-11-18 00:26:00
,,,3.1,11.0,8.4,260.0,,,8.9,,,,,2025-11-18 00:56:00
,,,3.0,9.0,8.3,241.0,,,8.9,,,,,2025-11-18 01:26:00
,,,3.1,9.0,8.1,237.0,,,8.9,,,,,2025-11-18 01:56:00
,,,2.8,10.0,8.1,239.0,,,8.9,,,,,2025-11-18 02:26:00
,,,3.0,11.0,8.4,251.0,,,8.9,,,,,2025-11-18 02:56:00
,,,2.9,10.0,8.0,239.0,,,8.9,,,,,2025-11-18 03:26:00
,,,3.0,10.0,8.5,253.0,,,8.9,,,,,2025-11-18 03:56:00
,,,2.7,11.0,8.3,223.0,,,8.9,,,,,2025-11-18 04:26:00
,,,3.0,11.0,8.8,251.0,,,8.9,,,,,2025-11-18 04:56:00
,,,2.9,11.0,8.4,244.0,,,8.9,,,,,2025-11-18 05:26:00
,,,2.9,11.0,8.4,241.0,,,8.9,,,,,2025-11-18 05:56:00
,,,3.1,12.0,8.9,264.0,,,8.9,,,,,2025-11-18 06:26:00
,,,2.7,10.0,8.6,240.0,,,8.9,,,,,2025-11-18 06:56:00
,,,3.0,10.0,8.9,237.0,,,8.9,,,,,2025-11-18 07:26:00
,,,2.9,11.0,8.7,246.0,,,8.9,,,,,2025-11-18 07:56:00
,,,2.9,10.0,8.8,236.0,,,8.9,,,,,2025-11-18 08:26:00
,,,2.8,10.0,8.8,243.0,,,8.9,,,,,2025-11-18 08:56:00
,,,3.0,10.0,9.0,239.0,,,8.9,,,,,2025-11-18 09:26:00
,,,2.8,11.0,9.0,254.0,,,8.8,,,,,2025-11-18 09:56:00
,,,2.8,13.0,9.4,278.0,,,8.8,,,,,2025-11-18 10:26:00
,,,2.7,11.0,9.1,263.0,,,8.8,,,,,2025-11-18 10:56:00
,,,2.7,11.0,9.1,264.0,,,8.8,,,,,2025-11-18 11:26:00
,,,2.6,12.0,9.2,278.0,,,8.8,,,,,2025-11-18 11:56:00
,,,2.7,11.0,8.9,258.0,,,8.8,,,,,2025-11-18 12:26:00
,,,2.8,11.0,9.3,267.0,,,8.8,,,,,2025-11-18 12:56:00
,,,2.8,14.0,9.5,288.0,,,8.8,,,,,2025-11-18 13:26:00
,,,2.7,14.0,9.2,284.0,,,8.8,,,,,2025-11-18 13:56:00
,,,2.7,11.0,9.0,277.0,,,8.8,,,,,2025-11-18 14:26:00
,,,3.0,14.0,9.3,288.0,,,8.8,,,,,2025-11-18 14:56:00
,,,2.6,13.0,8.9,267.0,,,8.8,,,,,2025-11-18 15:26:00
,,,2.6,11.0,8.7,268.0,,,8.8,,,,,2025-11-18 15:56:00
,,,2.6,14.0,8.6,284.0,,,8.8,,,,,2025-11-18 16:26:00
,,,2.6,10.0,8.2,257.0,,,8.8,,,,,2025-11-18 16:56:00
,,,2.5,11.0,8.0,264.0,,,8.8,,,,,2025-11-18 17:26:00
,,,2.9,11.0,8.3,263.0,,,8.8,,,,,2025-11-18 17:56:00
,,,2.7,11.0,8.2,270.0,,,8.8,,,,,2025-11-18 18:26:00
,,,2.4,12.0,7.8,270.0,,,8.8,,,,,2025-11-18 18:56:00
,,,2.7,12.0,8.2,268.0,,,8.8,,,,,2025-11-18 19:26:00
,,,2.5,13.0,7.6,277.0,,,8.9,,,,,2025-11-18 19:56:00
,,,2.3,12.0,7.2,264.0,,,8.8,,,,,2025-11-18 20:26:00
,,,2.6,14.0,7.5,270.0,,,8.9,,,,,2025-11-18 20:56:00
,,,2.5,12.0,7.5,268.0,,,8.8,,,,,2025-11-18 21:26:00
,,,2.5,14.0,7.4,279.0,,,8.9,,,,,2025-11-18 21:56:00
,,,2.4,11.0,7.3,263.0,,,8.8,,,,,2025-11-18 22:26:00
,,,2.5,15.0,7.5,281.0,,,8.8,,,,,2025-11-18 22:56:00
,,,2.5,13.0,7.1,278.0,,,8.8,,,,,2025-11-18 23:26:00
,,,2.5,12.0,7.3,268.0,,,8.8,,,,,2025-11-18 23:56:00
,,,2.6,14.0,8.0,272.0,,,8.8,,,,,2025-11-19 00:26:00
,,,2.3,13.0,7.4,275.0,,,8.8,,,,,2025-11-19 00:56:00
,,,2.4,14.0,7.7,277.0,,,8.8,,,,,2025-11-19 01:26:00
,,,2.5,14.0,8.2,279.0,,,8.8,,,,,2025-11-19 01:56:00
,,,2.8,14.0,8.8,281.0,,,8.8,,,,,2025-11-19 02:26:00
,,,2.7,14.0,8.8,281.0,,,8.8,,,,,2025-11-19 02:56:00
,,,2.5,14.0,8.6,274.0,,,8.8,,,,,2025-11-19 03:26:00
,,,2.5,14.0,8.3,274.0,,,8.8,,,,,2025-11-19 03:56:00
,,,2.7,13.0,8.4,282.0,,,8.8,,,,,2025-11-19 04:26:00
,,,2.7,13.0,8.1,275.0,,,8.8,,,,,2025-11-19 04:56:00
,,,2.7,13.0,8.0,271.0,,,8.8,,,,,2025-11-19 05:26:00
,,,2.9,13.0,7.9,281.0,,,8.8,,,,,2025-11-19 05:56:00
,,,2.9,14.0,7.7,275.0,,,8.9,,,,,2025-11-19 06:26:00
,,,2.8,13.0,6.9,277.0,,,8.9,,,,,2025-11-19 06:56:00
,,,3.1,13.0,6.9,277.0,,,8.9,,,,,2025-11-19 07:26:00
,,,3.4,13.0,7.2,277.0,,,8.9,,,,,2025-11-19 07:56:00
,,,3.5,13.0,7.0,272.0,,,8.9,,,,,2025-11-19 08:26:00
,,,3.3,13.0,7.1,278.0,,,8.9,,,,,2025-11-19 08:56:00
,,,3.4,13.0,7.3,277.0,,,8.9,,,,,2025-11-19 09:26:00
,,,3.4,13.0,7.2,278.0,,,8.9,,,,,2025-11-19 09:56:00
,,,3.4,13.0,7.0,267.0,,,8.9,,,,,2025-11-19 10:26:00
,,,3.6,13.0,7.4,267.0,,,8.9,,,,,2025-11-19 10:56:00
,,,3.5,13.0,7.0,274.0,,,8.9,,,,,2025-11-19 11:26:00
,,,3.8,13.0,7.0,267.0,,,8.9,,,,,2025-11-19 11:56:00
,,,3.9,8.0,6.8,257.0,,,8.9,,,,,2025-11-19 12:26:00
,,,4.4,7.0,7.0,282.0,,,8.9,,,,,2025-11-19 12:56:00
,,,4.5,8.0,7.1,281.0,,,8.9,,,,,2025-11-19 13:26:00
,,,5.2,9.0,7.7,279.0,,,8.9,,,,,2025-11-19 13:56:00
,,,6.0,10.0,8.2,286.0,,,8.9,,,,,2025-11-19 14:26:00
,,,6.5,11.0,8.8,288.0,,,8.9,,,,,2025-11-19 14:56:00
,,,7.2,11.0,9.0,295.0,,,8.8,,,,,2025-11-19 15:26:00
,,,8.3,12.0,9.7,295.0,,,8.8,,,,,2025-11-19 15:56:00
,,,7.7,13.0,9.5,299.0,,,8.8,,,,,2025-11-19 16:26:00
,,,8.1,12.0,9.6,299.0,,,8.8,,,,,2025-11-19 16:56:00
,,,8.9,13.0,9.9,295.0,,,8.8,,,,,2025-11-19 17:26:00
,,,8.0,11.0,9.5,305.0,,,8.8,,,,,2025-11-19 17:56:00
,,,8.3,12.0,9.8,319.0,,,8.8,,,,,2025-11-19 18:26:00
,,,8.2,12.0,10.0,291.0,,,8.8,,,,,2025-11-19 18:56:00
,,,7.7,12.0,9.6,308.0,,,8.8,,,,,2025-11-19 19:26:00
,,,8.3,12.0,10.0,289.0,,,8.8,,,,,2025-11-19 19:56:00
,,,7.8,11.0,9.7,293.0,,,8.8,,,,,2025-11-19 20:26:00
,,,7.0,12.0,9.3,313.0,,,8.8,,,,,2025-11-19 20:56:00
,,,6.6,12.0,9.2,315.0,,,8.8,,,,,2025-11-19 21:26:00
,,,6.6,12.0,9.3,333.0,,,8.8,,,,,2025-11-19 21:56:00
,,,7.0,12.0,9.2,319.0,,,8.7,,,,,2025-11-19 22:26:00
,,,6.2,10.0,9.0,305.0,,,8.7,,,,,2025-11-19 22:56:00
,,,6.0,11.0,8.7,306.0,,,8.7,,,,,2025-11-19 23:26:00
,,,5.8,11.0,8.8,310.0,,,8.7,,,,,2025-11-19 23:56:00
,,,5.8,11.0,8.8,312.0,,,8.7,,,,,2025-11-20 00:26:00
,,,5.7,11.0,8.7,324.0,,,8.7,,,,,2025-11-20 00:56:00
,,,4.8,11.0,8.2,312.0,,,8.7,,,,,2025-11-20 01:26:00
,,,4.8,12.0,8.5,333.0,,,8.7,,,,,2025-11-20 01:56:00
,,,4.8,11.0,8.4,303.0,,,8.8,,,,,2025-11-20 02:26:00
,,,5.1,11.0,8.6,319.0,,,8.8,,,,,2025-11-20 02:56:00
,,,4.4,11.0,8.4,330.0,,,8.8,,,,,2025-11-20 03:26:00
,,,4.6,11.0,8.4,350.0,,,8.8,,,,,2025-11-20 03:56:00
,,,4.1,11.0,8.1,336.0,,,8.8,,,,,2025-11-20 04:26:00
,,,4.1,11.0,8.0,312.0,,,8.8,,,,,2025-11-20 04:56:00
,,,4.1,11.0,7.9,326.0,,,8.8,,,,,2025-11-20 05:26:00
,,,3.9,12.0,7.5,303.0,,,8.8,,,,,2025-11-20 05:56:00
,,,4.0,11.0,7.7,343.0,,,8.8,,,,,2025-11-20 06:26:00
,,,4.3,11.0,7.8,322.0,,,8.8,,,,,2025-11-20 06:56:00
,,,4.0,11.0,7.3,303.0,,,8.8,,,,,2025-11-20 07:26:00
,,,4.2,10.0,7.6,310.0,,,8.8,,,,,2025-11-20 07:56:00
,,,4.5,11.0,7.6,340.0,,,8.8,,,,,2025-11-20 08:26:00
,,,4.6,10.0,7.7,289.0,,,8.8,,,,,2025-11-20 08:56:00
,,,4.3,10.0,7.8,295.0,,,8.8,,,,,2025-11-20 09:26:00
,,,4.0,9.0,7.4,254.0,,,8.8,,,,,2025-11-20 09:56:00
,,,4.2,10.0,7.7,309.0,,,8.8,,,,,2025-11-20 10:26:00
,,,4.2,11.0,7.5,271.0,,,8.8,,,,,2025-11-20 10:56:00
,,,4.1,10.0,7.7,260.0,,,8.8,,,,,2025-11-20 11:26:00
,,,4.2,10.0,7.8,254.0,,,8.8,,,,,2025-11-20 11:56:00
,,,4.3,10.0,7.6,267.0,,,8.8,,,,,2025-11-20 12:26:00
,,,4.4,9.0,8.0,261.0,,,8.8,,,,,2025-11-20 12:56:00
,,,4.4,9.0,7.9,268.0,,,8.7,,,,,2025-11-20 13:26:00
,,,4.2,11.0,8.1,260.0,,,8.8,,,,,2025-11-20 13:56:00
,,,4.6,10.0,8.4,251.0,,,8.8,,,,,2025-11-20 14:26:00
,,,4.3,11.0,8.1,261.0,,,8.8,,,,,2025-11-20 14:56:00
,,,4.4,11.0,8.5,254.0,,,8.8,,,,,2025-11-20 15:26:00
,,,4.5,10.0,8.5,250.0,,,8.8,,,,,2025-11-20 15:56:00
,,,4.2,13.0,8.6,260.0,,,8.8,,,,,2025-11-20 16:26:00
,,,4.5,11.0,8.8,264.0,,,8.8,,,,,2025-11-20 16:56:00
,,,4.5,12.0,8.8,261.0,,,8.8,,,,,2025-11-20 17:26:00
,,,5.4,13.0,9.6,267.0,,,8.8,,,,,2025-11-20 17:56:00
,,,5.0,13.0,9.4,265.0,,,8.8,,,,,2025-11-20 18:26:00
,,,4.8,12.0,9.2,258.0,,,8.8,,,,,2025-11-20 18:56:00
,,,5.2,13.0,9.7,265.0,,,8.8,,,,,2025-11-20 19:26:00
,,,4.9,12.0,9.3,257.0,,,8.8,,,,,2025-11-20 19:56:00
,,,5.4,14.0,10.0,265.0,,,8.8,,,,,2025-11-20 20:26:00
,,,4.9,14.0,9.7,274.0,,,8.8,,,,,2025-11-20 20:56:00
,,,5.1,13.0,10.1,265.0,,,8.8,,,,,2025-11-20 21:26:00
,,,5.3,13.0,9.8,270.0,,,8.8,,,,,2025-11-20 21:56:00
,,,5.6,14.0,10.2,265.0,,,8.8,,,,,2025-11-20 22:26:00
,,,5.7,14.0,10.1,264.0,,,8.8,,,,,2025-11-20 22:56:00
,,,5.6,14.0,10.0,271.0,,,8.8,,,,,2025-11-20 23:26:00
,,,5.6,14.0,10.1,279.0,,,8.8,,,,,2025-11-20 23:56:00
,,,5.5,14.0,10.0,268.0,,,8.8,,,,,2025-11-21 00:26:00
,,,5.5,14.0,10.5,278.0,,,8.8,,,,,2025-11-21 00:56:00
,,,6.2,15.0,10.5,281.0,,,8.8,,,,,2025-11-21 01:26:00
,,,5.6,15.0,10.0,289.0,,,8.8,,,,,2025-11-21 01:56:00
,,,5.8,13.0,10.5,281.0,,,8.8,,,,,2025-11-21 02:26:00
,,,5.9,14.0,10.3,279.0,,,8.8,,,,,2025-11-21 02:56:00
,,,6.1,14.0,10.4,288.0,,,8.8,,,,,2025-11-21 03:26:00
,,,6.2,15.0,10.5,285.0,,,8.8,,,,,2025-11-21 03:56:00
,,,5.7,14.0,9.4,285.0,,,8.8,,,,,2025-11-21 04:26:00
,,,5.7,13.0,9.6,284.0,,,8.8,,,,,2025-11-21 04:56:00
,,,5.7,13.0,9.6,277.0,,,8.8,,,,,2025-11-21 05:26:00
,,,5.9,14.0,9.7,274.0,,,8.8,,,,,2025-11-21 05:56:00
,,,5.5,14.0,9.3,285.0,,,8.8,,,,,2025-11-21 06:26:00
,,,6.2,13.0,9.9,272.0,,,8.8,,,,,2025-11-21 06:56:00
,,,6.5,14.0,10.3,270.0,,,8.8,,,,,2025-11-21 07:26:00
,,,6.3,15.0,10.2,275.0,,,8.8,,,,,2025-11-21 07:56:00
,,,5.6,14.0,9.6,270.0,,,8.8,,,,,2025-11-21 08:26:00
,,,6.2,13.0,9.9,275.0,,,8.8,,,,,2025-11-21 08:56:00
,,,6.1,14.0,10.1,267.0,,,8.8,,,,,2025-11-21 10:26:00
,,,6.2,14.0,10.4,267.0,,,8.7,,,,,2025-11-21 10:56:00
,,,5.7,13.0,9.8,271.0,,,8.7,,,,,2025-11-21 11:26:00
,,,5.5,14.0,9.7,274.0,,,8.7,,,,,2025-11-21 11:56:00
,,,5.9,15.0,10.2,272.0,,,8.8,,,,,2025-11-21 12:26:00
,,,5.2,13.0,9.6,272.0,,,8.8,,,,,2025-11-21 12:56:00
,,,5.6,13.0,9.6,263.0,,,8.8,,,,,2025-11-21 13:26:00
,,,5.6,14.0,9.4,268.0,,,8.8,,,,,2025-11-21 13:56:00
,,,5.8,13.0,9.8,272.0,,,8.8,,,,,2025-11-21 14:26:00
,,,5.9,13.0,10.2,272.0,,,8.8,,,,,2025-11-21 14:56:00
,,,5.8,14.0,10.0,275.0,,,8.8,,,,,2025-11-21 15:26:00
,,,5.3,15.0,9.4,267.0,,,8.8,,,,,2025-11-21 15:56:00
,,,5.8,15.0,9.9,278.0,,,8.8,,,,,2025-11-21 16:26:00
,,,5.9,15.0,9.9,277.0,,,8.8,,,,,2025-11-21 16:56:00
,,,6.2,15.0,10.0,270.0,,,8.8,,,,,2025-11-21 17:26:00
,,,5.9,17.0,9.8,271.0,,,8.8,,,,,2025-11-21 17:56:00
,,,5.9,15.0,9.7,264.0,,,8.8,,,,,2025-11-21 18:26:00
,,,6.1,14.0,9.9,271.0,,,8.8,,,,,2025-11-21 18:56:00
,,,6.1,13.0,9.7,268.0,,,8.8,,,,,2025-11-21 19:26:00
,,,6.2,15.0,10.2,271.0,,,8.8,,,,,2025-11-21 19:56:00
,,,6.7,14.0,10.4,271.0,,,8.8,,,,,2025-11-21 20:26:00
,,,6.3,14.0,10.2,275.0,,,8.8,,,,,2025-11-21 20:56:00
,,,6.3,15.0,10.3,272.0,,,8.8,,,,,2025-11-21 21:26:00
,,,5.9,14.0,9.6,260.0,,,8.8,,,,,2025-11-21 21:56:00
,,,6.5,14.0,10.2,267.0,,,8.8,,,,,2025-11-21 22:26:00
,,,6.8,14.0,10.2,264.0,,,8.8,,,,,2025-11-21 22:56:00
,,,6.1,15.0,10.1,265.0,,,8.8,,,,,2025-11-21 23:26:00
,,,5.8,15.0,9.8,265.0,,,8.8,,,,,2025-11-21 23:56:00
,,,6.4,15.0,10.3,265.0,,,8.8,,,,,2025-11-22 00:26:00
,,,6.2,15.0,10.3,265.0,,,8.8,,,,,2025-11-22 00:56:00
,,,6.3,14.0,10.3,265.0,,,8.8,,,,,2025-11-22 01:26:00
,,,6.0,15.0,10.5,265.0,,,8.8,,,,,2025-11-22 01:56:00
,,,5.9,13.0,10.3,267.0,,,8.8,,,,,2025-11-22 02:26:00
,,,5.5,15.0,10.1,260.0,,,8.8,,,,,2025-11-22 02:56:00
,,,5.7,14.0,10.3,260.0,,,8.8,,,,,2025-11-22 03:26:00
,,,5.8,15.0,10.7,260.0,,,8.8,,,,,2025-11-22 03:56:00
,,,5.6,15.0,10.5,265.0,,,8.7,,,,,2025-11-22 04:26:00
,,,5.3,15.0,10.4,264.0,,,8.7,,,,,2025-11-22 04:56:00
,,,5.0,13.0,9.9,265.0,,,8.7,,,,,2025-11-22 05:26:00
,,,5.3,15.0,10.6,267.0,,,8.8,,,,,2025-11-22 05:56:00
,,,5.4,17.0,10.2,270.0,,,8.8,,,,,2025-11-22 06:26:00
,,,5.5,17.0,10.4,268.0,,,8.8,,,,,2025-11-22 06:56:00
,,,5.6,17.0,10.8,268.0,,,8.8,,,,,2025-11-22 07:26:00
,,,5.1,17.0,10.1,275.0,,,8.8,,,,,2025-11-22 07:56:00
,,,5.6,14.0,10.5,274.0,,,8.8,,,,,2025-11-22 08:26:00
,,,5.3,15.0,10.6,274.0,,,8.8,,,,,2025-11-22 08:56:00
,,,5.5,14.0,10.7,277.0,,,8.8,,,,,2025-11-22 09:26:00
,,,5.3,14.0,10.4,274.0,,,8.8,,,,,2025-11-22 09:56:00
,,,5.0,15.0,10.0,268.0,,,8.8,,,,,2025-11-22 10:26:00
,,,5.5,15.0,10.4,270.0,,,8.8,,,,,2025-11-22 10:56:00
,,,5.0,13.0,9.9,282.0,,,8.8,,,,,2025-11-22 11:26:00
,,,5.1,15.0,10.1,272.0,,,8.7,,,,,2025-11-22 11:56:00
,,,5.0,14.0,9.7,267.0,,,8.7,,,,,2025-11-22 12:26:00
,,,5.4,15.0,10.2,272.0,,,8.7,,,,,2025-11-22 12:56:00
,,,4.9,15.0,9.9,270.0,,,8.7,,,,,2025-11-22 13:26:00
,,,4.7,14.0,9.6,267.0,,,8.7,,,,,2025-11-22 13:56:00
,,,4.3,13.0,9.5,260.0,,,8.7,,,,,2025-11-22 14:26:00
,,,4.6,13.0,9.5,271.0,,,8.7,,,,,2025-11-22 14:56:00
,,,4.6,13.0,9.6,267.0,,,8.7,,,,,2025-11-22 15:26:00
,,,4.7,15.0,10.0,270.0,,,8.7,,,,,2025-11-22 15:56:00
,,,4.6,14.0,9.9,261.0,,,8.7,,,,,2025-11-22 16:26:00
,,,3.9,15.0,9.3,275.0,,,8.7,,,,,2025-11-22 16:56:00
,,,4.3,15.0,9.7,267.0,,,8.7,,,,,2025-11-22 17:26:00
,,,4.2,17.0,9.7,277.0,,,8.7,,,,,2025-11-22 17:56:00
,,,4.5,13.0,10.0,267.0,,,8.7,,,,,2025-11-22 18:26:00
,,,4.3,17.0,9.7,278.0,,,8.7,,,,,2025-11-22 18:56:00
,,,4.7,15.0,9.7,284.0,,,8.7,,,,,2025-11-22 19:26:00
,,,4.6,15.0,9.5,272.0,,,8.7,,,,,2025-11-22 19:56:00
,,,4.5,17.0,9.7,274.0,,,8.7,,,,,2025-11-22 20:26:00
,,,4.6,15.0,9.8,275.0,,,8.7,,,,,2025-11-22 20:56:00
,,,4.5,15.0,9.4,281.0,,,8.7,,,,,2025-11-22 21:26:00
,,,4.6,15.0,9.6,275.0,,,8.7,,,,,2025-11-22 21:56:00
,,,4.3,15.0,9.2,277.0,,,8.7,,,,,2025-11-22 22:26:00
,,,4.6,15.0,9.4,286.0,,,8.7,,,,,2025-11-22 22:56:00
,,,4.7,15.0,9.6,279.0,,,8.7,,,,,2025-11-22 23:26:00
,,,4.2,15.0,8.8,271.0,,,8.7,,,,,2025-11-22 23:56:00
,,,4.6,14.0,9.1,275.0,,,8.7,,,,,2025-11-23 00:26:00
,,,4.3,13.0,8.8,268.0,,,8.7,,,,,2025-11-23 00:56:00
,,,4.5,14.0,9.2,277.0,,,8.7,,,,,2025-11-23 01:26:00
,,,4.3,13.0,8.9,278.0,,,8.7,,,,,2025-11-23 01:56:00
,,,4.3,13.0,8.8,272.0,,,8.7,,,,,2025-11-23 02:26:00
,,,4.2,14.0,8.7,281.0,,,8.7,,,,,2025-11-23 02:56:00
,,,3.9,15.0,8.4,270.0,,,8.7,,,,,2025-11-23 03:26:00
,,,3.9,13.0,8.6,267.0,,,8.7,,,,,2025-11-23 03:56:00
,,,3.6,14.0,8.1,277.0,,,8.7,,,,,2025-11-23 04:26:00
,,,3.7,14.0,8.1,268.0,,,8.7,,,,,2025-11-23 04:56:00
,,,3.5,14.0,8.1,281.0,,,8.7,,,,,2025-11-23 05:26:00
,,,3.5,14.0,8.0,271.0,,,8.7,,,,,2025-11-23 05:56:00
,,,3.7,13.0,8.4,271.0,,,8.7,,,,,2025-11-23 06:26:00
,,,4.0,13.0,8.7,268.0,,,8.7,,,,,2025-11-23 06:56:00
,,,3.6,12.0,8.2,272.0,,,8.7,,,,,2025-11-23 07:26:00
,,,3.6,14.0,7.9,267.0,,,8.7,,,,,2025-11-23 07:56:00
,,,3.5,13.0,8.1,257.0,,,8.7,,,,,2025-11-23 08:26:00
,,,3.7,14.0,8.3,274.0,,,8.7,,,,,2025-11-23 08:56:00
,,,3.6,9.0,7.9,275.0,,,8.7,,,,,2025-11-23 09:26:00
,,,3.6,10.0,8.1,282.0,,,8.7,,,,,2025-11-23 09:56:00
,,,3.5,11.0,8.5,267.0,,,8.7,,,,,2025-11-23 10:26:00
,,,3.7,11.0,8.6,278.0,,,8.7,,,,,2025-11-23 10:56:00
,,,3.7,14.0,8.6,282.0,,,8.7,,,,,2025-11-23 11:26:00
,,,3.5,11.0,8.5,268.0,,,8.7,,,,,2025-11-23 11:56:00
,,,3.7,14.0,8.6,278.0,,,8.7,,,,,2025-11-23 12:26:00
,,,3.9,14.0,8.6,275.0,,,8.7,,,,,2025-11-23 12:56:00
,,,3.8,13.0,8.5,274.0,,,8.7,,,,,2025-11-23 13:26:00
,,,3.8,11.0,8.5,274.0,,,8.7,,,,,2025-11-23 13:56:00
,,,3.5,13.0,8.4,284.0,,,8.7,,,,,2025-11-23 14:26:00
,,,3.6,11.0,8.3,278.0,,,8.7,,,,,2025-11-23 14:56:00
,,,3.4,13.0,8.2,282.0,,,8.7,,,,,2025-11-23 15:26:00
,,,3.1,13.0,7.7,278.0,,,8.7,,,,,2025-11-23 15:56:00
,,,3.3,13.0,8.0,271.0,,,8.7,,,,,2025-11-23 16:26:00
,,,3.1,11.0,7.6,274.0,,,8.7,,,,,2025-11-23 16:56:00
,,,3.0,11.0,7.7,278.0,,,8.7,,,,,2025-11-23 17:26:00
,,,3.3,13.0,8.2,274.0,,,8.7,,,,,2025-11-23 17:56:00
,,,3.0,11.0,8.1,274.0,,,8.7,,,,,2025-11-23 18:26:00
,,,2.7,11.0,7.7,268.0,,,8.7,,,,,2025-11-23 18:56:00
,,,2.8,13.0,8.0,275.0,,,8.7,,,,,2025-11-23 19:26:00
,,,2.9,13.0,8.1,277.0,,,8.7,,,,,2025-11-23 19:56:00
,,,2.9,13.0,8.4,272.0,,,8.7,,,,,2025-11-23 20:26:00
,,,2.8,13.0,7.9,270.0,,,8.7,,,,,2025-11-23 20:56:00
,,,3.0,11.0,8.3,285.0,,,8.7,,,,,2025-11-23 21:26:00
,,,2.9,13.0,8.1,275.0,,,8.7,,,,,2025-11-23 21:56:00
,,,2.9,12.0,7.9,272.0,,,8.7,,,,,2025-11-23 22:26:00
,,,2.9,11.0,7.8,278.0,,,8.7,,,,,2025-11-23 22:56:00
,,,2.8,12.0,7.5,271.0,,,8.7,,,,,2025-11-23 23:26:00
,,,2.7,13.0,7.8,270.0,,,8.7,,,,,2025-11-23 23:56:00
,,,2.8,12.0,7.7,267.0,,,8.7,,,,,2025-11-24 00:26:00
,,,3.0,13.0,8.2,275.0,,,8.7,,,,,2025-11-24 00:56:00
,,,2.9,11.0,8.1,278.0,,,8.7,,,,,2025-11-24 01:26:00
,,,2.8,11.0,8.0,270.0,,,8.7,,,,,2025-11-24 01:56:00
,,,2.8,11.0,7.7,288.0,,,8.7,,,,,2025-11-24 02:26:00
,,,2.6,11.0,7.7,271.0,,,8.7,,,,,2025-11-24 02:56:00
,,,2.4,13.0,7.5,281.0,,,8.7,,,,,2025-11-24 03:26:00
,,,2.5,11.0,7.5,279.0,,,8.7,,,,,2025-11-24 03:56:00
,,,2.5,11.0,7.8,282.0,,,8.7,,,,,2025-11-24 04:26:00
,,,2.5,11.0,7.6,271.0,,,8.7,,,,,2025-11-24 04:56:00
,,,2.5,13.0,7.8,267.0,,,8.7,,,,,2025-11-24 05:26:00
,,,2.4,12.0,7.7,268.0,,,8.7,,,,,2025-11-24 05:56:00
,,,2.4,13.0,7.8,274.0,,,8.7,,,,,2025-11-24 06:26:00
,,,2.5,13.0,7.7,278.0,,,8.7,,,,,2025-11-24 06:56:00
,,,2.3,13.0,7.6,274.0,,,8.7,,,,,2025-11-24 07:26:00
,,,2.4,10.0,8.1,268.0,,,8.7,,,,,2025-11-24 07:56:00
,,,2.3,10.0,7.9,270.0,,,8.7,,,,,2025-11-24 08:26:00
,,,2.2,11.0,7.5,279.0,,,8.7,,,,,2025-11-24 08:56:00
,,,2.3,12.0,7.9,268.0,,,8.7,,,,,2025-11-24 09:26:00
,,,2.3,11.0,7.6,274.0,,,8.7,,,,,2025-11-24 09:56:00
,,,2.3,12.0,7.7,279.0,,,8.7,,,,,2025-11-24 10:26:00
,,,2.2,13.0,7.3,272.0,,,8.7,,,,,2025-11-24 10:56:00
,,,2.3,11.0,7.0,277.0,,,8.7,,,,,2025-11-24 11:26:00
,,,2.3,11.0,6.9,281.0,,,8.7,,,,,2025-11-24 11:56:00
,,,2.3,11.0,6.7,282.0,,,8.7,,,,,2025-11-24 12:26:00
,,,2.3,11.0,6.7,272.0,,,8.7,,,,,2025-11-24 12:56:00
,,,2.1,10.0,6.2,278.0,,,8.7,,,,,2025-11-24 13:26:00
,,,2.2,11.0,6.3,265.0,,,8.7,,,,,2025-11-24 13:56:00
,,,2.1,12.0,6.2,277.0,,,8.7,,,,,2025-11-24 14:26:00
,,,2.2,12.0,5.9,272.0,,,8.7,,,,,2025-11-24 14:56:00
,,,2.2,12.0,6.1,275.0,,,8.7,,,,,2025-11-24 15:26:00
,,,2.3,12.0,6.1,261.0,,,8.7,,,,,2025-11-24 15:56:00
,,,2.1,10.0,5.8,268.0,,,8.7,,,,,2025-11-24 16:26:00
,,,2.4,11.0,5.9,285.0,,,8.7,,,,,2025-11-24 16:56:00
,,,2.3,6.0,5.7,174.0,,,8.7,,,,,2025-11-24 17:26:00
,,,2.5,6.0,5.8,160.0,,,8.7,,,,,2025-11-24 17:56:00
,,,2.5,10.0,5.9,274.0,,,8.7,,,,,2025-11-24 18:26:00
,,,2.7,6.0,6.0,154.0,,,8.7,,,,,2025-11-24 18:56:00
,,,2.8,7.0,6.0,167.0,,,8.7,,,,,2025-11-24 19:26:00
,,,2.8,7.0,6.0,157.0,,,8.7,,,,,2025-11-24 19:56:00
,,,3.0,7.0,6.2,160.0,,,8.7,,,,,2025-11-24 20:26:00
,,,3.0,7.0,6.2,158.0,,,8.7,,,,,2025-11-24 20:56:00
,,,3.1,8.0,6.3,168.0,,,8.7,,,,,2025-11-24 21:26:00
,,,2.9,8.0,6.2,150.0,,,8.7,,,,,2025-11-24 21:56:00
,,,3.1,8.0,6.4,167.0,,,8.7,,,,,2025-11-24 22:26:00
,,,3.4,8.0,6.7,170.0,,,8.7,,,,,2025-11-24 22:56:00
,,,3.8,8.0,6.8,163.0,,,8.7,,,,,2025-11-24 23:26:00
,,,3.6,8.0,6.7,158.0,,,8.7,,,,,2025-11-24 23:56:00
,,,3.6,8.0,6.7,157.0,,,8.7,,,,,2025-11-25 00:26:00
,,,3.5,8.0,6.7,160.0,,,8.7,,,,,2025-11-25 00:56:00
,,,3.6,8.0,6.8,158.0,,,8.7,,,,,2025-11-25 01:26:00
,,,3.9,8.0,7.2,158.0,,,8.7,,,,,2025-11-25 01:56:00
,,,3.8,9.0,7.1,160.0,,,8.7,,,,,2025-11-25 02:26:00
,,,3.5,9.0,7.2,165.0,,,8.7,,,,,2025-11-25 02:56:00
,,,3.6,10.0,7.4,156.0,,,8.7,,,,,2025-11-25 03:26:00
,,,3.9,9.0,7.9,151.0,,,8.7,,,,,2025-11-25 03:56:00
,,,3.6,10.0,7.7,156.0,,,8.7,,,,,2025-11-25 04:26:00
,,,3.7,10.0,7.9,165.0,,,8.7,,,,,2025-11-25 04:56:00
,,,3.2,9.0,7.6,142.0,,,8.7,,,,,2025-11-25 05:26:00
,,,3.1,10.0,7.5,146.0,,,8.7,,,,,2025-11-25 05:56:00
,,,3.4,9.0,7.7,156.0,,,8.7,,,,,2025-11-25 06:26:00
,,,3.4,10.0,7.4,151.0,,,8.7,,,,,2025-11-25 06:56:00
,,,3.1,9.0,7.0,149.0,,,8.7,,,,,2025-11-25 07:26:00
,,,3.3,10.0,7.2,165.0,,,8.7,,,,,2025-11-25 07:56:00
,,,3.6,10.0,7.3,167.0,,,8.7,,,,,2025-11-25 08:26:00
,,,3.9,10.0,7.5,189.0,,,8.7,,,,,2025-11-25 08:56:00
,,,4.5,11.0,8.3,199.0,,,8.6,,,,,2025-11-25 09:26:00
,,,4.8,11.0,8.7,209.0,,,8.6,,,,,2025-11-25 09:56:00
,,,5.2,10.0,8.7,189.0,,,8.6,,,,,2025-11-25 10:26:00
,,,4.9,13.0,8.5,218.0,,,8.6,,,,,2025-11-25 10:56:00
,,,5.5,13.0,8.6,215.0,,,8.6,,,,,2025-11-25 11:26:00
,,,5.4,11.0,8.8,222.0,,,8.5,,,,,2025-11-25 11:56:00
,,,4.9,11.0,8.7,219.0,,,8.5,,,,,2025-11-25 13:26:00
,,,4.8,11.0,8.5,220.0,,,8.5,,,,,2025-11-25 13:56:00
,,,4.7,10.0,8.3,223.0,,,8.5,,,,,2025-11-25 14:26:00
,,,4.8,11.0,8.4,227.0,,,8.5,,,,,2025-11-25 14:56:00
,,,4.3,11.0,8.1,230.0,,,8.5,,,,,2025-11-25 15:26:00
,,,4.7,11.0,8.5,219.0,,,8.5,,,,,2025-11-25 15:56:00
,,,4.2,12.0,8.2,233.0,,,8.5,,,,,2025-11-25 16:26:00
,,,4.5,11.0,8.4,223.0,,,8.5,,,,,2025-11-25 16:56:00
,,,3.9,11.0,8.2,225.0,,,8.5,,,,,2025-11-25 17:26:00
,,,4.1,13.0,8.6,265.0,,,8.4,,,,,2025-11-25 17:56:00
,,,4.4,13.0,8.8,265.0,,,8.5,,,,,2025-11-25 18:26:00
,,,4.3,13.0,8.9,264.0,,,8.4,,,,,2025-11-25 18:56:00
,,,4.4,12.0,9.2,254.0,,,8.4,,,,,2025-11-25 19:26:00
,,,4.4,13.0,9.3,258.0,,,8.4,,,,,2025-11-25 19:56:00
,,,4.3,13.0,9.2,268.0,,,8.5,,,,,2025-11-25 20:26:00
,,,4.8,13.0,9.6,263.0,,,8.5,,,,,2025-11-25 20:56:00
,,,4.5,13.0,9.4,261.0,,,8.5,,,,,2025-11-25 21:26:00
,,,4.5,12.0,9.6,253.0,,,8.5,,,,,2025-11-25 21:56:00
,,,4.1,12.0,9.1,257.0,,,8.5,,,,,2025-11-25 22:26:00
,,,4.0,12.0,9.0,264.0,,,8.5,,,,,2025-11-25 22:56:00
,,,4.0,11.0,8.9,247.0,,,8.5,,,,,2025-11-25 23:26:00
,,,3.9,12.0,9.1,246.0,,,8.5,,,,,2025-11-25 23:56:00
,,,4.0,11.0,9.3,250.0,,,8.5,,,,,2025-11-26 00:26:00
,,,3.9,11.0,9.0,239.0,,,8.5,,,,,2025-11-26 00:56:00
,,,3.9,12.0,9.1,255.0,,,8.5,,,,,2025-11-26 01:26:00
,,,3.7,17.0,9.3,282.0,,,8.5,,,,,2025-11-26 01:56:00
,,,3.5,17.0,9.5,288.0,,,8.5,,,,,2025-11-26 02:26:00
,,,3.7,15.0,9.8,279.0,,,8.5,,,,,2025-11-26 02:56:00
,,,3.1,11.0,9.1,263.0,,,8.5,,,,,2025-11-26 03:26:00
,,,3.0,15.0,9.2,282.0,,,8.5,,,,,2025-11-26 03:56:00
,,,2.9,14.0,9.2,279.0,,,8.5,,,,,2025-11-26 04:26:00
,,,2.9,15.0,9.3,284.0,,,8.5,,,,,2025-11-26 04:56:00
,,,3.0,15.0,9.6,281.0,,,8.4,,,,,2025-11-26 06:26:00
,,,2.9,15.0,9.4,281.0,,,8.4,,,,,2025-11-26 06:56:00
,,,2.8,14.0,9.3,281.0,,,8.4,,,,,2025-11-26 07:26:00
,,,2.9,14.0,9.2,277.0,,,8.4,,,,,2025-11-26 07:56:00
,,,2.7,14.0,8.7,286.0,,,8.4,,,,,2025-11-26 08:26:00
,,,2.7,13.0,8.8,284.0,,,8.4,,,,,2025-11-26 08:56:00
,,,2.7,11.0,8.6,251.0,,,8.4,,,,,2025-11-26 09:26:00
,,,2.8,11.0,8.9,260.0,,,8.4,,,,,2025-11-26 09:56:00
,,,2.9,11.0,9.1,264.0,,,8.4,,,,,2025-11-26 10:26:00
,,,2.7,13.0,8.7,282.0,,,8.4,,,,,2025-11-26 10:56:00
,,,3.0,15.0,8.9,282.0,,,8.4,,,,,2025-11-26 11:26:00
,,,3.2,11.0,9.0,264.0,,,8.4,,,,,2025-11-26 11:56:00
,,,3.1,17.0,8.8,285.0,,,8.4,,,,,2025-11-26 12:26:00
,,,3.0,15.0,8.7,284.0,,,8.4,,,,,2025-11-26 12:56:00
,,,2.9,17.0,8.8,281.0,,,8.4,,,,,2025-11-26 13:26:00
,,,3.0,14.0,9.1,281.0,,,8.4,,,,,2025-11-26 13:56:00
,,,3.1,15.0,8.8,282.0,,,8.4,,,,,2025-11-26 14:26:00
,,,3.1,15.0,9.3,288.0,,,8.4,,,,,2025-11-26 14:56:00
,,,3.3,14.0,9.5,284.0,,,8.4,,,,,2025-11-26 15:26:00
,,,3.0,13.0,9.2,288.0,,,8.4,,,,,2025-11-26 15:56:00
,,,3.1,15.0,9.3,284.0,,,8.4,,,,,2025-11-26 16:26:00
,,,2.7,15.0,8.4,272.0,,,8.6,,,,,2025-11-26 16:56:00
,,,2.7,14.0,8.6,275.0,,,8.6,,,,,2025-11-26 17:26:00
,,,2.9,15.0,8.9,282.0,,,8.6,,,,,2025-11-26 17:56:00
,,,2.7,15.0,8.4,281.0,,,8.6,,,,,2025-11-26 18:26:00
,,,2.5,15.0,7.7,285.0,,,8.6,,,,,2025-11-26 18:56:00
,,,2.6,15.0,7.7,285.0,,,8.6,,,,,2025-11-26 19:26:00
,,,2.6,14.0,7.6,285.0,,,8.6,,,,,2025-11-26 19:56:00
,,,2.7,15.0,8.2,285.0,,,8.6,,,,,2025-11-26 20:26:00
,,,2.7,14.0,7.9,285.0,,,8.6,,,,,2025-11-26 20:56:00
,,,2.8,14.0,8.3,279.0,,,8.5,,,,,2025-11-26 21:26:00
,,,3.0,15.0,8.3,286.0,,,8.4,,,,,2025-11-26 21:56:00
,,,2.7,14.0,7.7,281.0,,,8.4,,,,,2025-11-26 22:26:00
,,,2.8,14.0,7.6,292.0,,,8.4,,,,,2025-11-26 22:56:00
,,,2.9,14.0,8.1,281.0,,,8.4,,,,,2025-11-26 23:26:00
,,,2.9,13.0,7.7,278.0,,,8.4,,,,,2025-11-26 23:56:00
,,,3.0,13.0,7.8,274.0,,,8.4,,,,,2025-11-27 00:26:00
,,,3.2,13.0,7.7,277.0,,,8.4,,,,,2025-11-27 00:56:00
,,,3.0,13.0,7.5,284.0,,,8.4,,,,,2025-11-27 01:26:00
,,,3.1,14.0,7.8,279.0,,,8.4,,,,,2025-11-27 01:56:00
,,,3.2,15.0,7.9,281.0,,,8.4,,,,,2025-11-27 02:26:00
,,,3.1,15.0,7.7,289.0,,,8.4,,,,,2025-11-27 02:56:00
,,,3.0,13.0,7.5,271.0,,,8.4,,,,,2025-11-27 03:26:00
,,,3.1,14.0,7.8,293.0,,,8.4,,,,,2025-11-27 03:56:00
,,,3.1,13.0,7.3,274.0,,,8.4,,,,,2025-11-27 04:26:00
,,,3.2,14.0,7.6,288.0,,,8.4,,,,,2025-11-27 04:56:00
,,,3.1,10.0,7.5,274.0,,,8.4,,,,,2025-11-27 05:26:00
,,,3.5,11.0,7.6,293.0,,,8.4,,,,,2025-11-27 05:56:00
,,,3.2,15.0,7.8,284.0,,,8.4,,,,,2025-11-27 06:26:00
,,,3.2,11.0,7.3,264.0,,,8.4,,,,,2025-11-27 06:56:00
,,,3.3,14.0,7.4,284.0,,,8.4,,,,,2025-11-27 07:26:00
,,,3.1,11.0,7.2,264.0,,,8.4,,,,,2025-11-27 07:56:00
,,,3.1,13.0,7.2,275.0,,,8.5,,,,,2025-11-27 08:26:00
,,,3.0,14.0,7.0,274.0,,,8.5,,,,,2025-11-27 08:56:00
,,,3.2,14.0,7.1,258.0,,,8.5,,,,,2025-11-27 09:26:00
,,,3.2,15.0,7.2,282.0,,,8.5,,,,,2025-11-27 09:56:00
,,,3.1,14.0,7.3,274.0,,,8.5,,,,,2025-11-27 10:26:00
,,,3.1,14.0,6.9,282.0,,,8.5,,,,,2025-11-27 10:56:00
,,,3.4,8.0,7.3,229.0,,,8.5,,,,,2025-11-27 11:26:00
,,,3.4,14.0,7.2,281.0,,,8.5,,,,,2025-11-27 11:56:00
,,,3.4,15.0,7.4,272.0,,,8.5,,,,,2025-11-27 12:26:00
,,,3.5,14.0,7.7,277.0,,,8.5,,,,,2025-11-27 12:56:00
,,,3.3,13.0,7.2,277.0,,,8.5,,,,,2025-11-27 13:26:00
,,,3.3,13.0,7.1,279.0,,,8.5,,,,,2025-11-27 13:56:00
,,,3.6,14.0,7.3,279.0,,,8.5,,,,,2025-11-27 14:26:00
,,,3.3,14.0,7.1,274.0,,,8.5,,,,,2025-11-27 14:56:00
,,,3.6,8.0,7.4,225.0,,,8.5,,,,,2025-11-27 15:26:00
,,,3.5,9.0,7.2,236.0,,,8.5,,,,,2025-11-27 15:56:00
,,,3.3,14.0,7.0,286.0,,,8.5,,,,,2025-11-27 16:26:00
,,,3.3,13.0,7.1,289.0,,,8.5,,,,,2025-11-27 16:56:00
,,,3.4,13.0,7.2,278.0,,,8.5,,,,,2025-11-27 17:26:00
,,,3.4,8.0,7.1,227.0,,,8.5,,,,,2025-11-27 17:56:00
,,,3.5,9.0,7.2,241.0,,,8.5,,,,,2025-11-27 18:26:00
,,,3.3,8.0,7.2,226.0,,,8.5,,,,,2025-11-27 18:56:00
,,,3.3,14.0,7.3,260.0,,,8.5,,,,,2025-11-27 19:26:00
,,,3.5,10.0,7.3,267.0,,,8.5,,,,,2025-11-27 19:56:00
,,,3.4,9.0,7.2,239.0,,,8.5,,,,,2025-11-27 20:26:00
,,,3.5,10.0,7.5,258.0,,,8.5,,,,,2025-11-27 20:56:00
,,,3.2,9.0,7.1,232.0,,,8.5,,,,,2025-11-27 21:26:00
,,,3.4,9.0,7.2,236.0,,,8.5,,,,,2025-11-27 21:56:00
,,,3.2,8.0,7.2,229.0,,,8.5,,,,,2025-11-27 22:26:00
,,,3.3,8.0,7.2,222.0,,,8.5,,,,,2025-11-27 22:56:00
,,,3.4,8.0,7.1,226.0,,,8.5,,,,,2025-11-27 23:26:00
,,,3.2,13.0,7.2,279.0,,,8.5,,,,,2025-11-27 23:56:00
,,,3.0,13.0,7.0,260.0,,,8.5,,,,,2025-11-28 00:26:00
,,,3.2,14.0,7.3,270.0,,,8.5,,,,,2025-11-28 00:56:00
,,,2.9,13.0,6.9,264.0,,,8.6,,,,,2025-11-28 01:26:00
,,,3.0,8.0,7.2,212.0,,,8.6,,,,,2025-11-28 01:56:00
,,,2.9,8.0,7.1,218.0,,,8.5,,,,,2025-11-28 02:26:00
,,,3.0,13.0,7.4,268.0,,,8.6,,,,,2025-11-28 02:56:00
,,,3.0,12.0,7.2,267.0,,,8.6,,,,,2025-11-28 03:26:00
,,,3.0,11.0,7.5,274.0,,,8.6,,,,,2025-11-28 03:56:00
,,,3.0,13.0,7.5,281.0,,,8.6,,,,,2025-11-28 04:26:00
,,,2.8,13.0,7.4,274.0,,,8.6,,,,,2025-11-28 04:56:00
,,,2.8,13.0,7.4,271.0,,,8.6,,,,,2025-11-28 05:26:00
,,,2.7,8.0,7.3,206.0,,,8.6,,,,,2025-11-28 05:56:00
,,,2.7,12.0,7.4,265.0,,,8.6,,,,,2025-11-28 06:26:00
,,,2.8,11.0,7.4,265.0,,,8.6,,,,,2025-11-28 06:56:00
,,,2.9,9.0,7.6,213.0,,,8.6,,,,,2025-11-28 07:26:00
,,,3.1,11.0,7.5,254.0,,,8.6,,,,,2025-11-28 07:56:00
,,,3.0,13.0,7.2,270.0,,,8.6,,,,,2025-11-28 08:26:00
,,,2.8,12.0,7.0,268.0,,,8.6,,,,,2025-11-28 08:56:00
,,,3.0,13.0,7.3,264.0,,,8.6,,,,,2025-11-28 09:26:00
,,,2.8,8.0,6.9,210.0,,,8.6,,,,,2025-11-28 09:56:00
,,,2.9,13.0,7.5,270.0,,,8.6,,,,,2025-11-28 10:26:00
,,,2.6,11.0,7.1,220.0,,,8.6,,,,,2025-11-28 10:56:00
,,,2.7,11.0,7.5,241.0,,,8.6,,,,,2025-11-28 11:26:00
,,,2.6,12.0,7.5,268.0,,,8.6,,,,,2025-11-28 11:56:00
,,,2.8,12.0,7.6,250.0,,,8.6,,,,,2025-11-28 12:26:00
,,,2.7,11.0,7.6,173.0,,,8.6,,,,,2025-11-28 12:56:00
,,,2.7,11.0,7.6,163.0,,,8.6,,,,,2025-11-28 13:26:00
,,,2.7,12.0,7.5,260.0,,,8.6,,,,,2025-11-28 13:56:00
,,,3.1,11.0,7.9,158.0,,,8.6,,,,,2025-11-28 14:26:00
,,,3.0,11.0,7.7,129.0,,,8.6,,,,,2025-11-28 14:56:00
,,,2.8,12.0,7.6,189.0,,,8.6,,,,,2025-11-28 15:26:00
,,,2.7,12.0,7.5,258.0,,,8.6,,,,,2025-11-28 15:56:00
,,,2.8,11.0,7.4,233.0,,,8.6,,,,,2025-11-28 16:26:00
,,,2.6,11.0,7.5,146.0,,,8.6,,,,,2025-11-28 16:56:00
,,,2.6,11.0,7.4,120.0,,,8.6,,,,,2025-11-28 17:26:00
,,,2.8,11.0,7.8,236.0,,,8.6,,,,,2025-11-28 17:56:00
,,,2.9,10.0,8.0,147.0,,,8.6,,,,,2025-11-28 18:26:00
,,,2.7,9.0,7.9,150.0,,,8.6,,,,,2025-11-28 18:56:00
,,,2.6,8.0,7.6,146.0,,,8.6,,,,,2025-11-28 19:26:00
,,,2.8,8.0,7.9,160.0,,,8.6,,,,,2025-11-28 19:56:00
,,,2.8,10.0,7.7,128.0,,,8.6,,,,,2025-11-28 20:26:00
,,,2.9,11.0,7.9,157.0,,,8.6,,,,,2025-11-28 20:56:00
,,,2.9,11.0,8.0,168.0,,,8.6,,,,,2025-11-28 21:26:00
,,,3.0,9.0,7.8,144.0,,,8.6,,,,,2025-11-28 21:56:00
,,,3.0,9.0,8.2,139.0,,,8.6,,,,,2025-11-28 22:26:00
,,,3.2,11.0,8.1,181.0,,,8.6,,,,,2025-11-28 22:56:00
,,,3.4,11.0,8.6,175.0,,,8.7,,,,,2025-11-28 23:26:00
,,,3.2,10.0,8.3,146.0,,,8.6,,,,,2025-11-28 23:56:00
,,,3.4,10.0,8.4,156.0,,,8.7,,,,,2025-11-29 00:26:00
,,,3.4,11.0,8.5,165.0,,,8.6,,,,,2025-11-29 00:56:00
,,,3.5,11.0,8.7,181.0,,,8.6,,,,,2025-11-29 01:26:00
,,,3.4,10.0,8.5,167.0,,,8.6,,,,,2025-11-29 01:56:00
,,,3.3,11.0,8.4,168.0,,,8.6,,,,,2025-11-29 02:26:00
,,,3.5,11.0,9.0,178.0,,,8.6,,,,,2025-11-29 02:56:00
,,,3.4,10.0,8.9,175.0,,,8.6,,,,,2025-11-29 03:26:00
,,,3.7,12.0,9.3,177.0,,,8.6,,,,,2025-11-29 03:56:00
,,,3.7,12.0,9.2,185.0,,,8.6,,,,,2025-11-29 04:26:00
,,,3.7,12.0,9.4,187.0,,,8.6,,,,,2025-11-29 04:56:00
,,,3.6,11.0,9.5,189.0,,,8.6,,,,,2025-11-29 05:26:00
,,,4.3,13.0,10.0,185.0,,,8.6,,,,,2025-11-29 05:56:00
,,,3.6,13.0,9.6,187.0,,,8.6,,,,,2025-11-29 06:26:00
,,,4.0,12.0,9.7,174.0,,,8.6,,,,,2025-11-29 06:56:00
,,,3.8,12.0,10.1,184.0,,,8.6,,,,,2025-11-29 07:26:00
,,,3.8,13.0,9.6,189.0,,,8.6,,,,,2025-11-29 07:56:00
,,,3.6,12.0,9.7,185.0,,,8.6,,,,,2025-11-29 08:26:00
,,,3.5,13.0,9.3,195.0,,,8.6,,,,,2025-11-29 08:56:00
,,,3.6,13.0,9.8,191.0,,,8.6,,,,,2025-11-29 09:26:00
,,,3.7,13.0,9.8,194.0,,,8.6,,,,,2025-11-29 09:56:00
,,,4.0,11.0,9.8,175.0,,,8.6,,,,,2025-11-29 10:26:00
,,,3.5,13.0,9.2,188.0,,,8.6,,,,,2025-11-29 10:56:00
,,,3.6,12.0,9.5,195.0,,,8.6,,,,,2025-11-29 11:26:00
,,,3.4,13.0,9.2,191.0,,,8.6,,,,,2025-11-29 11:56:00
,,,3.6,12.0,9.3,181.0,,,8.6,,,,,2025-11-29 12:26:00
,,,3.3,13.0,9.2,215.0,,,8.6,,,,,2025-11-29 12:56:00
,,,3.0,11.0,8.8,180.0,,,8.6,,,,,2025-11-29 13:26:00
,,,3.0,12.0,8.9,199.0,,,8.6,,,,,2025-11-29 13:56:00
,,,3.0,13.0,8.5,213.0,,,8.6,,,,,2025-11-29 14:26:00
,,,3.0,13.0,8.8,201.0,,,8.6,,,,,2025-11-29 14:56:00
,,,2.9,13.0,8.8,208.0,,,8.6,,,,,2025-11-29 15:26:00
,,,3.0,13.0,8.3,215.0,,,8.6,,,,,2025-11-29 15:56:00
,,,3.1,12.0,8.8,212.0,,,8.6,,,,,2025-11-29 16:26:00
,,,2.9,11.0,8.2,196.0,,,8.6,,,,,2025-11-29 16:56:00
,,,3.2,12.0,8.6,210.0,,,8.6,,,,,2025-11-29 17:26:00
,,,2.9,11.0,8.0,196.0,,,8.6,,,,,2025-11-29 17:56:00
,,,2.8,12.0,7.7,220.0,,,8.6,,,,,2025-11-29 18:26:00
,,,2.7,12.0,7.2,220.0,,,8.6,,,,,2025-11-29 18:56:00
,,,3.0,12.0,7.6,201.0,,,8.6,,,,,2025-11-29 19:26:00
,,,2.9,12.0,7.4,219.0,,,8.6,,,,,2025-11-29 19:56:00
,,,2.8,10.0,7.2,184.0,,,8.6,,,,,2025-11-29 20:26:00
,,,2.7,13.0,7.1,222.0,,,8.6,,,,,2025-11-29 20:56:00
,,,2.8,13.0,7.1,212.0,,,8.6,,,,,2025-11-29 21:26:00
,,,2.7,12.0,7.0,215.0,,,8.6,,,,,2025-11-29 21:56:00
,,,2.7,10.0,7.0,168.0,,,8.6,,,,,2025-11-29 22:26:00
,,,2.6,13.0,6.8,220.0,,,8.6,,,,,2025-11-29 22:56:00
,,,2.6,11.0,6.8,180.0,,,8.6,,,,,2025-11-29 23:26:00
,,,2.6,13.0,6.8,218.0,,,8.6,,,,,2025-11-29 23:56:00
,,,2.6,12.0,6.9,210.0,,,8.6,,,,,2025-11-30 00:26:00
,,,2.5,13.0,6.6,206.0,,,8.6,,,,,2025-11-30 00:56:00
,,,2.6,11.0,6.7,203.0,,,8.6,,,,,2025-11-30 01:26:00
,,,2.7,12.0,6.7,218.0,,,8.6,,,,,2025-11-30 01:56:00
,,,2.7,13.0,6.8,222.0,,,8.6,,,,,2025-11-30 02:26:00
,,,2.6,12.0,6.8,219.0,,,8.6,,,,,2025-11-30 02:56:00
,,,2.4,12.0,6.3,219.0,,,8.6,,,,,2025-11-30 03:26:00
,,,2.5,12.0,6.6,223.0,,,8.6,,,,,2025-11-30 03:56:00
,,,2.7,9.0,6.5,160.0,,,8.6,,,,,2025-11-30 04:26:00
,,,2.8,11.0,6.3,223.0,,,8.6,,,,,2025-11-30 04:56:00
,,,3.0,9.0,6.5,151.0,,,8.6,,,,,2025-11-30 05:26:00
,,,3.0,12.0,6.5,226.0,,,8.6,,,,,2025-11-30 05:56:00
,,,3.2,7.0,6.6,160.0,,,8.6,,,,,2025-11-30 06:26:00
,,,3.0,7.0,6.6,167.0,,,8.6,,,,,2025-11-30 06:56:00
,,,2.9,6.0,6.4,161.0,,,8.6,,,,,2025-11-30 07:26:00
,,,2.9,11.0,6.4,216.0,,,8.6,,,,,2025-11-30 07:56:00
,,,3.3,7.0,6.7,157.0,,,8.6,,,,,2025-11-30 08:26:00
,,,3.1,7.0,6.5,167.0,,,8.6,,,,,2025-11-30 08:56:00
,,,2.9,7.0,6.6,157.0,,,8.6,,,,,2025-11-30 09:26:00
,,,3.1,7.0,6.9,167.0,,,8.6,,,,,2025-11-30 09:56:00
,,,3.2,7.0,6.8,164.0,,,8.6,,,,,2025-11-30 10:26:00
,,,3.0,7.0,6.8,170.0,,,8.6,,,,,2025-11-30 10:56:00
,,,3.1,7.0,6.9,171.0,,,8.7,,,,,2025-11-30 11:26:00
,,,3.0,7.0,6.8,167.0,,,8.6,,,,,2025-11-30 11:56:00
,,,3.0,7.0,7.0,165.0,,,8.7,,,,,2025-11-30 12:26:00
,,,3.0,8.0,6.9,170.0,,,8.6,,,,,2025-11-30 12:56:00
,,,3.0,9.0,7.1,192.0,,,8.7,,,,,2025-11-30 13:26:00
,,,3.0,12.0,7.3,239.0,,,8.7,,,,,2025-11-30 13:56:00
,,,2.8,11.0,7.2,234.0,,,8.7,,,,,2025-11-30 14:26:00
,,,3.1,18.0,7.6,261.0,,,8.7,,,,,2025-11-30 14:56:00
,,,3.1,18.0,8.1,258.0,,,8.7,,,,,2025-11-30 15:26:00
,,,3.3,18.0,8.4,255.0,,,8.7,,,,,2025-11-30 15:56:00
,,,3.2,18.0,8.3,260.0,,,8.7,,,,,2025-11-30 16:26:00
,,,3.2,20.0,8.7,257.0,,,8.7,,,,,2025-11-30 16:56:00
,,,3.3,18.0,8.3,261.0,,,8.7,,,,,2025-11-30 17:26:00
,,,3.3,18.0,8.2,258.0,,,8.7,,,,,2025-11-30 17:56:00
,,,3.6,18.0,8.9,253.0,,,8.7,,,,,2025-11-30 18:26:00
,,,3.1,20.0,8.2,253.0,,,8.7,,,,,2025-11-30 18:56:00
,,,3.4,18.0,8.5,254.0,,,8.7,,,,,2025-11-30 19:26:00
,,,3.4,17.0,8.6,260.0,,,8.7,,,,,2025-11-30 19:56:00
,,,3.5,17.0,8.5,254.0,,,8.7,,,,,2025-11-30 20:26:00
,,,3.5,18.0,8.7,258.0,,,8.7,,,,,2025-11-30 20:56:00
,,,3.4,17.0,8.5,255.0,,,8.7,,,,,2025-11-30 21:26:00
,,,3.5,11.0,8.4,239.0,,,8.7,,,,,2025-11-30 21:56:00
,,,4.0,17.0,9.1,255.0,,,8.7,,,,,2025-11-30 22:26:00
,,,3.5,18.0,8.2,251.0,,,8.7,,,,,2025-11-30 22:56:00
,,,3.8,17.0,8.9,251.0,,,8.7,,,,,2025-11-30 23:56:00
,,,3.6,17.0,8.4,251.0,,,8.7,,,,,2025-12-01 00:26:00
,,,3.4,17.0,8.3,251.0,,,8.7,,,,,2025-12-01 00:56:00
,,,3.4,15.0,8.3,251.0,,,8.7,,,,,2025-12-01 01:26:00
,,,3.6,15.0,9.0,251.0,,,8.7,,,,,2025-12-01 01:56:00
,,,3.5,15.0,8.8,251.0,,,8.7,,,,,2025-12-01 02:26:00
,,,3.1,15.0,8.4,253.0,,,8.7,,,,,2025-12-01 02:56:00
,,,3.7,15.0,9.3,250.0,,,8.6,,,,,2025-12-01 03:26:00
,,,3.3,17.0,8.4,241.0,,,8.6,,,,,2025-12-01 03:56:00
,,,3.3,15.0,8.7,255.0,,,8.6,,,,,2025-12-01 04:26:00
,,,3.3,15.0,9.0,257.0,,,8.6,,,,,2025-12-01 04:56:00
,,,3.1,17.0,8.6,247.0,,,8.6,,,,,2025-12-01 05:26:00
,,,3.7,15.0,9.7,254.0,,,8.6,,,,,2025-12-01 05:56:00
,,,3.5,15.0,9.4,251.0,,,8.6,,,,,2025-12-01 06:26:00
,,,3.2,14.0,9.1,253.0,,,8.6,,,,,2025-12-01 06:56:00
,,,3.2,14.0,9.1,258.0,,,8.6,,,,,2025-12-01 07:26:00
,,,3.4,14.0,9.0,253.0,,,8.6,,,,,2025-12-01 07:56:00
,,,3.3,15.0,9.3,248.0,,,8.5,,,,,2025-12-01 08:26:00
,,,3.3,14.0,9.2,251.0,,,8.5,,,,,2025-12-01 08:56:00
,,,3.4,14.0,8.9,257.0,,,8.5,,,,,2025-12-01 09:26:00
,,,3.6,15.0,9.6,261.0,,,8.5,,,,,2025-12-01 09:56:00
,,,3.6,14.0,9.5,253.0,,,8.4,,,,,2025-12-01 10:26:00
,,,3.8,15.0,9.9,251.0,,,8.4,,,,,2025-12-01 10:56:00
,,,3.9,14.0,9.6,260.0,,,8.4,,,,,2025-12-01 11:26:00
,,,3.7,14.0,9.4,253.0,,,8.4,,,,,2025-12-01 11:56:00
,,,4.1,15.0,10.2,250.0,,,8.4,,,,,2025-12-01 12:26:00
,,,3.4,13.0,8.9,254.0,,,8.4,,,,,2025-12-01 12:56:00
,,,3.8,14.0,9.8,255.0,,,8.4,,,,,2025-12-01 13:26:00
,,,3.5,15.0,8.9,247.0,,,8.4,,,,,2025-12-01 13:56:00
,,,3.5,12.0,9.1,253.0,,,8.4,,,,,2025-12-01 14:26:00
,,,3.2,14.0,9.0,250.0,,,8.4,,,,,2025-12-01 14:56:00
,,,3.8,13.0,9.5,250.0,,,8.4,,,,,2025-12-01 15:26:00
,,,3.5,14.0,9.4,250.0,,,8.4,,,,,2025-12-01 15:56:00
,,,3.4,14.0,9.5,251.0,,,8.4,,,,,2025-12-01 16:26:00
,,,3.2,14.0,8.9,254.0,,,8.4,,,,,2025-12-01 16:56:00
,,,3.4,14.0,9.5,257.0,,,8.5,,,,,2025-12-01 17:26:00
,,,3.3,14.0,9.5,251.0,,,8.5,,,,,2025-12-01 17:56:00
,,,3.2,13.0,9.1,250.0,,,8.5,,,,,2025-12-01 18:26:00
,,,3.0,14.0,9.1,248.0,,,8.5,,,,,2025-12-01 18:56:00
,,,2.9,15.0,8.7,247.0,,,8.5,,,,,2025-12-01 19:26:00
,,,2.9,13.0,8.5,258.0,,,8.6,,,,,2025-12-01 19:56:00
,,,3.1,13.0,8.9,250.0,,,8.6,,,,,2025-12-01 20:26:00
,,,2.9,14.0,8.8,255.0,,,8.6,,,,,2025-12-01 20:56:00
,,,3.1,13.0,9.1,247.0,,,8.6,,,,,2025-12-01 21:26:00
,,,3.1,14.0,9.4,250.0,,,8.6,,,,,2025-12-01 21:56:00
,,,3.0,13.0,8.9,253.0,,,8.6,,,,,2025-12-01 22:26:00
,,,2.7,14.0,8.7,254.0,,,8.6,,,,,2025-12-01 22:56:00
,,,2.7,13.0,8.9,254.0,,,8.6,,,,,2025-12-01 23:26:00
,,,2.9,13.0,8.9,253.0,,,8.6,,,,,2025-12-01 23:56:00
,,,3.0,13.0,9.3,255.0,,,8.6,,,,,2025-12-02 00:26:00
,,,3.1,13.0,9.6,254.0,,,8.6,,,,,2025-12-02 00:56:00
,,,3.0,13.0,9.2,253.0,,,8.6,,,,,2025-12-02 01:26:00
,,,2.9,13.0,8.9,247.0,,,8.6,,,,,2025-12-02 01:56:00
,,,3.1,13.0,9.3,255.0,,,8.6,,,,,2025-12-02 02:26:00
,,,3.2,13.0,9.2,257.0,,,8.6,,,,,2025-12-02 02:56:00
,,,3.2,13.0,9.1,248.0,,,8.6,,,,,2025-12-02 03:26:00
,,,3.1,12.0,8.4,257.0,,,8.6,,,,,2025-12-02 03:56:00
,,,3.0,13.0,8.1,248.0,,,8.6,,,,,2025-12-02 04:26:00
,,,2.9,13.0,7.8,251.0,,,8.6,,,,,2025-12-02 04:56:00
,,,3.4,13.0,8.5,250.0,,,8.6,,,,,2025-12-02 05:26:00
,,,3.3,13.0,8.1,250.0,,,8.6,,,,,2025-12-02 05:56:00
,,,3.3,13.0,8.2,264.0,,,8.6,,,,,2025-12-02 06:26:00
,,,3.4,13.0,7.7,257.0,,,8.6,,,,,2025-12-02 06:56:00
,,,3.5,12.0,7.7,253.0,,,8.6,,,,,2025-12-02 07:26:00
,,,3.5,12.0,7.5,251.0,,,8.6,,,,,2025-12-02 07:56:00
,,,3.3,13.0,7.2,251.0,,,8.6,,,,,2025-12-02 08:26:00
,,,3.5,13.0,7.0,265.0,,,8.6,,,,,2025-12-02 08:56:00
,,,3.3,13.0,6.9,260.0,,,8.6,,,,,2025-12-02 09:26:00
,,,3.7,13.0,7.1,255.0,,,8.6,,,,,2025-12-02 09:56:00
,,,3.7,13.0,7.0,253.0,,,8.6,,,,,2025-12-02 10:26:00
,,,3.8,7.0,7.0,173.0,,,8.6,,,,,2025-12-02 10:56:00
,,,3.5,7.0,6.7,168.0,,,8.6,,,,,2025-12-02 11:26:00
,,,3.6,11.0,6.9,236.0,,,8.6,,,,,2025-12-02 11:56:00
,,,3.7,8.0,7.1,174.0,,,8.6,,,,,2025-12-02 12:26:00
,,,3.7,8.0,7.0,175.0,,,8.6,,,,,2025-12-02 12:56:00
,,,3.7,8.0,7.2,192.0,,,8.6,,,,,2025-12-02 13:26:00
,,,3.6,12.0,7.3,250.0,,,8.6,,,,,2025-12-02 13:56:00
,,,3.7,8.0,7.3,173.0,,,8.6,,,,,2025-12-02 14:26:00
,,,3.3,8.0,7.1,182.0,,,8.6,,,,,2025-12-02 14:56:00
,,,3.4,8.0,7.3,192.0,,,8.6,,,,,2025-12-02 15:26:00
,,,3.4,8.0,7.4,196.0,,,8.6,,,,,2025-12-02 15:56:00
,,,3.3,11.0,7.4,241.0,,,8.6,,,,,2025-12-02 16:26:00
,,,3.2,8.0,7.2,198.0,,,8.6,,,,,2025-12-02 16:56:00
,,,3.3,12.0,7.6,246.0,,,8.6,,,,,2025-12-02 18:26:00
,,,3.1,11.0,7.4,232.0,,,8.6,,,,,2025-12-02 18:56:00
,,,3.2,12.0,7.4,248.0,,,8.6,,,,,2025-12-02 19:26:00
,,,3.3,13.0,7.7,248.0,,,8.6,,,,,2025-12-02 19:56:00
,,,2.8,9.0,7.1,212.0,,,8.7,,,,,2025-12-02 20:26:00
,,,2.9,12.0,7.5,234.0,,,8.7,,,,,2025-12-02 20:56:00
,,,3.0,11.0,7.5,234.0,,,8.7,,,,,2025-12-02 21:26:00
,,,3.0,11.0,7.7,232.0,,,8.7,,,,,2025-12-02 21:56:00
,,,2.8,11.0,7.4,236.0,,,8.7,,,,,2025-12-02 22:26:00
,,,2.9,10.0,7.6,220.0,,,8.7,,,,,2025-12-02 22:56:00
,,,2.7,11.0,7.8,236.0,,,8.7,,,,,2025-12-02 23:26:00
,,,3.0,11.0,8.1,237.0,,,8.7,,,,,2025-12-02 23:56:00
,,,2.8,11.0,7.7,226.0,,,8.7,,,,,2025-12-03 00:26:00
,,,3.1,11.0,8.0,232.0,,,8.7,,,,,2025-12-03 00:56:00
,,,2.8,11.0,7.8,227.0,,,8.7,,,,,2025-12-03 01:26:00
,,,2.8,11.0,7.6,236.0,,,8.7,,,,,2025-12-03 01:56:00
,,,2.7,11.0,7.6,223.0,,,8.7,,,,,2025-12-03 02:26:00
,,,2.8,11.0,7.8,229.0,,,8.6,,,,,2025-12-03 02:56:00
,,,2.8,11.0,7.9,233.0,,,8.6,,,,,2025-12-03 03:26:00
,,,2.8,12.0,7.8,234.0,,,8.6,,,,,2025-12-03 03:56:00
,,,2.7,11.0,7.8,227.0,,,8.6,,,,,2025-12-03 04:26:00
,,,2.8,11.0,8.1,223.0,,,8.6,,,,,2025-12-03 04:56:00
,,,2.9,12.0,8.2,240.0,,,8.6,,,,,2025-12-03 05:26:00
,,,2.7,11.0,7.9,232.0,,,8.6,,,,,2025-12-03 05:56:00
,,,3.0,11.0,8.6,232.0,,,8.6,,,,,2025-12-03 06:26:00
,,,2.9,11.0,8.1,227.0,,,8.6,,,,,2025-12-03 06:56:00
,,,2.7,10.0,8.1,223.0,,,8.6,,,,,2025-12-03 07:26:00
,,,2.7,11.0,8.0,229.0,,,8.6,,,,,2025-12-03 07:56:00
,,,2.7,11.0,8.2,226.0,,,8.6,,,,,2025-12-03 08:26:00
,,,2.8,11.0,8.2,220.0,,,8.6,,,,,2025-12-03 08:56:00
,,,2.6,13.0,8.2,229.0,,,8.6,,,,,2025-12-03 09:26:00
,,,2.6,11.0,8.4,227.0,,,8.6,,,,,2025-12-03 09:56:00
,,,2.9,12.0,8.7,227.0,,,8.6,,,,,2025-12-03 10:26:00
,,,2.9,11.0,8.8,222.0,,,8.6,,,,,2025-12-03 10:56:00
,,,2.8,11.0,8.6,226.0,,,8.6,,,,,2025-12-03 11:26:00
,,,2.8,11.0,8.5,230.0,,,8.7,,,,,2025-12-03 11:56:00
,,,2.8,11.0,8.6,232.0,,,8.6,,,,,2025-12-03 12:26:00
,,,2.7,13.0,8.5,234.0,,,8.6,,,,,2025-12-03 12:56:00
,,,2.6,12.0,8.3,243.0,,,8.6,,,,,2025-12-03 13:26:00
,,,2.8,12.0,8.7,229.0,,,8.6,,,,,2025-12-03 13:56:00
,,,2.9,12.0,8.7,240.0,,,8.6,,,,,2025-12-03 14:26:00
,,,3.0,12.0,8.7,227.0,,,8.6,,,,,2025-12-03 14:56:00
,,,2.8,12.0,8.7,232.0,,,8.6,,,,,2025-12-03 15:26:00
,,,3.0,11.0,9.0,225.0,,,8.6,,,,,2025-12-03 15:56:00
,,,2.8,12.0,8.8,232.0,,,8.6,,,,,2025-12-03 16:26:00
,,,2.6,12.0,8.7,244.0,,,8.6,,,,,2025-12-03 16:56:00
,,,2.7,11.0,8.8,240.0,,,8.6,,,,,2025-12-03 17:26:00
,,,3.0,11.0,8.9,234.0,,,8.6,,,,,2025-12-03 17:56:00
,,,2.8,11.0,8.8,232.0,,,8.6,,,,,2025-12-03 18:26:00
,,,2.7,12.0,8.5,240.0,,,8.6,,,,,2025-12-03 18:56:00
,,,3.0,11.0,8.9,233.0,,,8.6,,,,,2025-12-03 19:26:00
,,,2.6,12.0,8.5,247.0,,,8.6,,,,,2025-12-03 19:56:00
,,,2.6,11.0,8.4,227.0,,,8.6,,,,,2025-12-03 20:26:00
,,,2.7,11.0,8.8,237.0,,,8.6,,,,,2025-12-03 20:56:00
,,,2.6,11.0,8.6,236.0,,,8.6,,,,,2025-12-03 21:26:00
,,,2.8,10.0,8.9,232.0,,,8.6,,,,,2025-12-03 21:56:00
,,,2.6,11.0,8.7,232.0,,,8.6,,,,,2025-12-03 22:26:00
,,,2.7,11.0,8.9,243.0,,,8.6,,,,,2025-12-03 22:56:00
,,,2.6,11.0,8.6,234.0,,,8.7,,,,,2025-12-03 23:26:00
,,,2.6,11.0,8.7,234.0,,,8.6,,,,,2025-12-03 23:56:00
,,,2.5,10.0,8.8,236.0,,,8.6,,,,,2025-12-04 00:26:00
,,,2.4,11.0,8.6,236.0,,,8.7,,,,,2025-12-04 00:56:00
,,,2.4,11.0,8.5,226.0,,,8.7,,,,,2025-12-04 01:26:00
,,,2.5,10.0,8.7,229.0,,,8.7,,,,,2025-12-04 01:56:00
,,,2.3,11.0,8.4,229.0,,,8.6,,,,,2025-12-04 02:26:00
,,,2.4,11.0,8.4,237.0,,,8.6,,,,,2025-12-04 02:56:00
,,,2.3,11.0,8.3,223.0,,,8.6,,,,,2025-12-04 03:26:00
,,,2.4,11.0,8.7,233.0,,,8.6,,,,,2025-12-04 03:56:00
,,,2.5,11.0,8.7,229.0,,,8.7,,,,,2025-12-04 04:26:00
,,,2.3,11.0,8.5,234.0,,,8.6,,,,,2025-12-04 04:56:00
,,,2.3,11.0,8.5,227.0,,,8.7,,,,,2025-12-04 05:26:00
,,,2.3,10.0,8.4,226.0,,,8.6,,,,,2025-12-04 05:56:00
,,,2.3,12.0,8.5,236.0,,,8.6,,,,,2025-12-04 06:26:00
,,,2.2,11.0,8.5,237.0,,,8.6,,,,,2025-12-04 06:56:00
,,,2.4,11.0,8.7,229.0,,,8.7,,,,,2025-12-04 07:26:00
,,,2.4,11.0,8.6,232.0,,,8.6,,,,,2025-12-04 07:56:00
,,,2.3,10.0,8.6,229.0,,,8.7,,,,,2025-12-04 08:26:00
,,,2.2,11.0,8.4,225.0,,,8.6,,,,,2025-12-04 08:56:00
,,,2.4,11.0,8.5,230.0,,,8.7,,,,,2025-12-04 09:26:00
,,,2.4,11.0,8.8,233.0,,,8.6,,,,,2025-12-04 09:56:00
,,,2.4,11.0,8.8,233.0,,,8.6,,,,,2025-12-04 10:26:00
,,,2.4,11.0,8.9,233.0,,,8.6,,,,,2025-12-04 10:56:00
,,,2.3,11.0,8.8,233.0,,,8.6,,,,,2025-12-04 11:26:00
,,,2.3,11.0,8.9,232.0,,,8.6,,,,,2025-12-04 11:56:00
,,,2.4,11.0,9.1,233.0,,,8.6,,,,,2025-12-04 12:26:00
,,,2.5,11.0,9.0,240.0,,,8.6,,,,,2025-12-04 12:56:00
,,,2.4,11.0,9.0,261.0,,,8.6,,,,,2025-12-04 13:26:00
,,,2.2,12.0,8.8,251.0,,,8.6,,,,,2025-12-04 13:56:00
,,,2.5,11.0,9.0,243.0,,,8.6,,,,,2025-12-04 14:26:00
,,,2.3,11.0,9.0,237.0,,,8.6,,,,,2025-12-04 14:56:00
,,,2.2,11.0,8.7,243.0,,,8.6,,,,,2025-12-04 15:26:00
,,,2.1,11.0,8.2,244.0,,,8.6,,,,,2025-12-04 15:56:00
,,,2.1,11.0,8.1,240.0,,,8.6,,,,,2025-12-04 16:26:00
,,,2.3,11.0,8.2,243.0,,,8.6,,,,,2025-12-04 16:56:00
,,,2.4,11.0,8.1,239.0,,,8.6,,,,,2025-12-04 17:26:00
,,,2.4,10.0,8.2,243.0,,,8.6,,,,,2025-12-04 17:56:00
,,,2.1,13.0,7.6,253.0,,,8.6,,,,,2025-12-04 18:26:00
,,,2.3,13.0,8.0,243.0,,,8.6,,,,,2025-12-04 18:56:00
,,,2.4,12.0,8.1,241.0,,,8.6,,,,,2025-12-04 19:26:00
,,,2.2,11.0,7.6,243.0,,,8.6,,,,,2025-12-04 19:56:00
,,,2.4,13.0,8.2,261.0,,,8.6,,,,,2025-12-04 20:26:00
,,,2.7,13.0,8.7,258.0,,,8.6,,,,,2025-12-04 20:56:00
,,,2.4,13.0,8.5,264.0,,,8.6,,,,,2025-12-04 21:26:00
,,,2.4,13.0,8.7,272.0,,,8.6,,,,,2025-12-04 21:56:00
,,,2.6,13.0,9.1,261.0,,,8.6,,,,,2025-12-04 22:26:00
,,,2.4,12.0,9.2,257.0,,,8.6,,,,,2025-12-04 22:56:00
,,,2.5,13.0,9.3,275.0,,,8.6,,,,,2025-12-04 23:26:00
,,,2.2,13.0,8.8,279.0,,,8.7,,,,,2025-12-04 23:56:00
,,,2.3,11.0,8.6,255.0,,,8.7,,,,,2025-12-05 00:26:00
,,,2.4,13.0,8.8,268.0,,,8.7,,,,,2025-12-05 00:56:00
,,,2.3,13.0,8.4,264.0,,,8.7,,,,,2025-12-05 01:26:00
,,,2.6,12.0,8.5,258.0,,,8.6,,,,,2025-12-05 01:56:00
,,,2.4,12.0,7.8,263.0,,,8.6,,,,,2025-12-05 02:26:00
,,,2.6,11.0,7.4,248.0,,,8.6,,,,,2025-12-05 02:56:00
,,,2.9,12.0,7.5,254.0,,,8.6,,,,,2025-12-05 03:26:00
,,,3.0,11.0,7.2,246.0,,,8.6,,,,,2025-12-05 03:56:00
,,,3.3,12.0,7.6,258.0,,,8.6,,,,,2025-12-05 04:26:00
,,,3.0,12.0,7.1,255.0,,,8.6,,,,,2025-12-05 04:56:00
,,,2.9,12.0,6.6,260.0,,,8.6,,,,,2025-12-05 05:26:00
,,,3.1,12.0,7.2,257.0,,,8.6,,,,,2025-12-05 05:56:00
,,,3.0,11.0,6.9,250.0,,,8.6,,,,,2025-12-05 06:26:00
,,,3.1,11.0,6.9,244.0,,,8.6,,,,,2025-12-05 06:56:00
,,,3.1,12.0,6.8,246.0,,,8.6,,,,,2025-12-05 07:26:00
,,,3.2,10.0,6.8,244.0,,,8.7,,,,,2025-12-05 07:56:00
,,,3.4,13.0,7.1,250.0,,,8.6,,,,,2025-12-05 08:26:00
,,,3.6,11.0,7.0,250.0,,,8.6,,,,,2025-12-05 08:56:00
,,,3.7,11.0,7.1,243.0,,,8.6,,,,,2025-12-05 09:26:00
,,,3.7,12.0,7.1,253.0,,,8.6,,,,,2025-12-05 09:56:00
,,,3.6,11.0,7.0,241.0,,,8.6,,,,,2025-12-05 10:26:00
,,,3.6,11.0,6.9,227.0,,,8.6,,,,,2025-12-05 10:56:00
,,,3.8,8.0,7.1,223.0,,,8.6,,,,,2025-12-05 11:26:00
,,,3.6,8.0,7.1,236.0,,,8.6,,,,,2025-12-05 11:56:00
,,,3.5,7.0,7.0,255.0,,,8.6,,,,,2025-12-05 12:26:00
,,,3.6,8.0,7.2,234.0,,,8.6,,,,,2025-12-05 12:56:00
,,,3.4,10.0,7.1,237.0,,,8.6,,,,,2025-12-05 13:26:00
,,,3.5,8.0,7.3,232.0,,,8.6,,,,,2025-12-05 13:56:00
,,,3.2,8.0,6.8,223.0,,,8.6,,,,,2025-12-05 14:26:00
,,,3.4,9.0,6.9,215.0,,,8.6,,,,,2025-12-05 14:56:00
,,,3.6,9.0,7.2,226.0,,,8.6,,,,,2025-12-05 15:26:00
,,,3.3,8.0,7.1,229.0,,,8.5,,,,,2025-12-05 15:56:00
,,,3.4,12.0,7.2,258.0,,,8.5,,,,,2025-12-05 16:26:00
,,,3.3,8.0,7.1,222.0,,,8.5,,,,,2025-12-05 16:56:00
,,,3.2,8.0,7.0,232.0,,,8.5,,,,,2025-12-05 17:26:00
,,,3.2,11.0,7.0,254.0,,,8.5,,,,,2025-12-05 17:56:00
,,,3.2,8.0,7.2,244.0,,,8.5,,,,,2025-12-05 18:26:00
,,,3.3,8.0,7.3,236.0,,,8.6,,,,,2025-12-05 18:56:00
,,,3.3,10.0,7.1,243.0,,,8.6,,,,,2025-12-05 19:26:00
,,,3.4,10.0,7.2,240.0,,,8.6,,,,,2025-12-05 19:56:00
,,,3.1,11.0,6.8,253.0,,,8.6,,,,,2025-12-05 20:26:00
,,,3.1,10.0,6.7,244.0,,,8.6,,,,,2025-12-05 20:56:00
,,,3.1,11.0,6.6,251.0,,,8.6,,,,,2025-12-05 21:26:00
,,,3.3,8.0,6.9,236.0,,,8.6,,,,,2025-12-05 21:56:00
,,,3.2,9.0,6.5,230.0,,,8.6,,,,,2025-12-05 22:26:00
,,,3.2,8.0,6.6,240.0,,,8.6,,,,,2025-12-05 22:56:00
,,,3.1,8.0,6.5,248.0,,,8.6,,,,,2025-12-05 23:26:00
,,,3.2,8.0,6.6,254.0,,,8.6,,,,,2025-12-05 23:56:00
,,,3.3,8.0,6.6,236.0,,,8.6,,,,,2025-12-06 00:26:00
,,,3.0,8.0,6.5,239.0,,,8.6,,,,,2025-12-06 00:56:00
,,,3.3,8.0,6.7,244.0,,,8.6,,,,,2025-12-06 01:26:00
,,,3.3,8.0,6.7,254.0,,,8.6,,,,,2025-12-06 01:56:00
,,,3.0,7.0,6.5,258.0,,,8.6,,,,,2025-12-06 02:26:00
,,,3.2,8.0,6.7,240.0,,,8.5,,,,,2025-12-06 02:56:00
,,,3.0,9.0,6.5,244.0,,,8.5,,,,,2025-12-06 03:26:00
,,,3.1,8.0,6.5,248.0,,,8.6,,,,,2025-12-06 03:56:00
,,,3.0,8.0,6.5,243.0,,,8.6,,,,,2025-12-06 04:26:00
,,,3.1,8.0,6.8,246.0,,,8.5,,,,,2025-12-06 04:56:00
,,,3.2,8.0,6.7,251.0,,,8.5,,,,,2025-12-06 05:26:00
,,,3.2,8.0,6.7,255.0,,,8.5,,,,,2025-12-06 05:56:00
,,,3.1,8.0,6.6,251.0,,,8.6,,,,,2025-12-06 06:26:00
,,,3.2,9.0,6.6,253.0,,,8.5,,,,,2025-12-06 06:56:00
,,,3.2,8.0,6.7,267.0,,,8.5,,,,,2025-12-06 07:26:00
,,,3.2,8.0,6.6,255.0,,,8.5,,,,,2025-12-06 07:56:00
,,,3.3,8.0,6.7,254.0,,,8.5,,,,,2025-12-06 08:26:00
,,,3.4,8.0,6.7,251.0,,,8.5,,,,,2025-12-06 08:56:00
,,,3.6,8.0,6.7,248.0,,,8.5,,,,,2025-12-06 09:26:00
,,,3.2,8.0,6.5,257.0,,,8.5,,,,,2025-12-06 09:56:00
,,,3.4,8.0,6.7,253.0,,,8.5,,,,,2025-12-06 10:26:00
,,,3.2,8.0,6.6,261.0,,,8.5,,,,,2025-12-06 10:56:00
,,,3.4,8.0,6.5,264.0,,,8.6,,,,,2025-12-06 11:26:00
,,,3.5,9.0,6.7,258.0,,,8.6,,,,,2025-12-06 11:56:00
,,,3.3,8.0,6.4,260.0,,,8.5,,,,,2025-12-06 12:26:00
,,,3.1,8.0,6.4,261.0,,,8.5,,,,,2025-12-06 12:56:00
,,,3.4,8.0,6.6,260.0,,,8.4,,,,,2025-12-06 13:26:00
,,,3.4,8.0,6.5,250.0,,,8.4,,,,,2025-12-06 13:56:00
,,,3.4,8.0,6.5,261.0,,,8.4,,,,,2025-12-06 14:26:00
,,,3.3,9.0,6.5,265.0,,,8.4,,,,,2025-12-06 14:56:00
,,,3.3,9.0,6.5,260.0,,,8.4,,,,,2025-12-06 15:26:00
,,,3.2,8.0,6.6,265.0,,,8.4,,,,,2025-12-06 15:56:00
,,,3.4,8.0,6.7,254.0,,,8.4,,,,,2025-12-06 16:26:00
,,,3.2,8.0,6.5,260.0,,,8.4,,,,,2025-12-06 16:56:00
,,,3.4,9.0,6.6,263.0,,,8.4,,,,,2025-12-06 17:26:00
,,,3.2,9.0,6.6,267.0,,,8.4,,,,,2025-12-06 17:56:00
,,,3.6,9.0,7.0,257.0,,,8.4,,,,,2025-12-06 18:26:00
,,,3.7,9.0,7.1,260.0,,,8.4,,,,,2025-12-06 18:56:00
,,,3.7,9.0,7.0,265.0,,,8.4,,,,,2025-12-06 19:26:00
,,,4.0,9.0,7.2,264.0,,,8.4,,,,,2025-12-06 19:56:00
,,,3.5,8.0,6.8,246.0,,,8.4,,,,,2025-12-06 20:26:00
,,,4.1,9.0,7.0,261.0,,,8.4,,,,,2025-12-06 20:56:00
,,,4.1,8.0,7.0,247.0,,,8.4,,,,,2025-12-06 21:26:00
,,,4.0,8.0,7.0,243.0,,,8.4,,,,,2025-12-06 21:56:00
,,,4.3,9.0,7.3,260.0,,,8.4,,,,,2025-12-06 22:26:00
,,,4.6,10.0,7.4,274.0,,,8.5,,,,,2025-12-06 22:56:00
,,,4.5,9.0,7.4,250.0,,,8.5,,,,,2025-12-06 23:26:00
,,,5.1,9.0,7.5,248.0,,,8.4,,,,,2025-12-06 23:56:00
,,,5.1,9.0,7.7,243.0,,,8.4,,,,,2025-12-07 01:26:00
,,,6.1,11.0,8.5,264.0,,,8.4,,,,,2025-12-07 01:56:00
,,,5.6,11.0,8.4,255.0,,,8.4,,,,,2025-12-07 02:26:00
,,,5.7,11.0,8.6,258.0,,,8.4,,,,,2025-12-07 02:56:00
,,,6.0,11.0,8.5,253.0,,,8.4,,,,,2025-12-07 03:26:00
,,,5.9,11.0,8.4,243.0,,,8.4,,,,,2025-12-07 03:56:00
,,,5.3,11.0,8.4,246.0,,,8.4,,,,,2025-12-07 04:26:00
,,,5.6,11.0,8.4,247.0,,,8.4,,,,,2025-12-07 04:56:00
,,,5.3,12.0,8.4,241.0,,,8.4,,,,,2025-12-07 05:26:00
,,,5.5,12.0,8.7,255.0,,,8.4,,,,,2025-12-07 05:56:00
,,,5.0,11.0,8.3,241.0,,,8.4,,,,,2025-12-07 06:26:00
,,,5.9,11.0,9.1,250.0,,,8.4,,,,,2025-12-07 06:56:00
,,,5.6,12.0,8.9,244.0,,,8.4,,,,,2025-12-07 07:26:00
,,,5.3,12.0,8.7,232.0,,,8.4,,,,,2025-12-07 07:56:00
,,,5.8,13.0,8.9,237.0,,,8.4,,,,,2025-12-07 08:26:00
,,,5.6,13.0,8.7,240.0,,,8.3,,,,,2025-12-07 08:56:00
,,,5.4,11.0,8.4,244.0,,,8.3,,,,,2025-12-07 09:26:00
,,,5.7,12.0,8.8,243.0,,,8.3,,,,,2025-12-07 09:56:00
,,,5.5,13.0,8.8,241.0,,,8.3,,,,,2025-12-07 10:26:00
,,,5.1,11.0,8.4,244.0,,,8.3,,,,,2025-12-07 10:56:00
,,,6.1,12.0,8.9,250.0,,,8.3,,,,,2025-12-07 11:26:00
,,,5.6,12.0,8.5,250.0,,,8.3,,,,,2025-12-07 11:56:00
,,,5.9,12.0,8.9,254.0,,,8.3,,,,,2025-12-07 12:26:00
,,,5.8,13.0,8.7,253.0,,,8.3,,,,,2025-12-07 12:56:00
,,,6.2,12.0,9.0,255.0,,,8.3,,,,,2025-12-07 13:26:00
,,,5.8,13.0,8.5,248.0,,,8.3,,,,,2025-12-07 13:56:00
,,,6.5,12.0,9.0,246.0,,,8.3,,,,,2025-12-07 14:26:00
,,,6.1,11.0,8.8,250.0,,,8.3,,,,,2025-12-07 14:56:00
,,,6.7,13.0,9.1,253.0,,,8.3,,,,,2025-12-07 15:26:00
,,,6.2,13.0,8.9,255.0,,,8.4,,,,,2025-12-07 15:56:00
,,,6.2,13.0,9.0,258.0,,,8.3,,,,,2025-12-07 16:26:00
,,,6.9,13.0,9.4,248.0,,,8.3,,,,,2025-12-07 16:56:00
,,,6.8,12.0,9.3,257.0,,,8.3,,,,,2025-12-07 18:26:00
,,,7.5,12.0,9.7,263.0,,,8.3,,,,,2025-12-07 18:56:00
,,,8.0,12.0,10.3,261.0,,,8.3,,,,,2025-12-07 19:26:00
,,,7.0,13.0,9.9,248.0,,,8.3,,,,,2025-12-07 19:56:00
,,,6.9,13.0,10.2,253.0,,,8.2,,,,,2025-12-07 20:26:00
,,,6.6,13.0,9.9,258.0,,,8.2,,,,,2025-12-07 20:56:00
,,,6.3,13.0,9.7,258.0,,,8.2,,,,,2025-12-07 21:26:00
,,,6.1,13.0,9.8,247.0,,,8.2,,,,,2025-12-07 21:56:00
,,,5.9,13.0,9.9,237.0,,,8.2,,,,,2025-12-07 22:26:00
,,,5.8,13.0,9.8,260.0,,,8.2,,,,,2025-12-07 22:56:00
,,,5.9,13.0,10.2,258.0,,,8.2,,,,,2025-12-07 23:26:00
,,,6.1,13.0,10.3,268.0,,,8.2,,,,,2025-12-07 23:56:00
,,,5.4,13.0,9.9,267.0,,,8.2,,,,,2025-12-08 00:26:00
,,,4.9,11.0,9.3,270.0,,,8.2,,,,,2025-12-08 00:56:00
,,,4.8,12.0,9.3,270.0,,,8.2,,,,,2025-12-08 01:26:00
,,,4.7,13.0,9.4,268.0,,,8.2,,,,,2025-12-08 01:56:00
,,,5.2,12.0,9.6,278.0,,,8.2,,,,,2025-12-08 02:26:00
,,,4.8,12.0,9.0,275.0,,,8.2,,,,,2025-12-08 02:56:00
,,,5.0,13.0,8.9,271.0,,,8.2,,,,,2025-12-08 03:26:00
,,,4.6,13.0,8.7,268.0,,,8.2,,,,,2025-12-08 03:56:00
,,,4.9,13.0,8.7,268.0,,,8.3,,,,,2025-12-08 04:26:00
,,,4.5,13.0,8.5,278.0,,,8.3,,,,,2025-12-08 04:56:00
,,,4.6,12.0,8.3,275.0,,,8.3,,,,,2025-12-08 05:26:00
,,,4.1,13.0,7.8,281.0,,,8.3,,,,,2025-12-08 05:56:00
,,,4.6,10.0,7.8,258.0,,,8.3,,,,,2025-12-08 06:26:00
,,,5.0,11.0,8.1,268.0,,,8.3,,,,,2025-12-08 06:56:00
,,,4.7,11.0,7.6,272.0,,,8.3,,,,,2025-12-08 08:26:00
,,,4.9,11.0,7.8,270.0,,,8.3,,,,,2025-12-08 08:56:00
,,,4.7,11.0,7.6,267.0,,,8.3,,,,,2025-12-08 09:26:00
,,,5.0,11.0,7.8,258.0,,,8.3,,,,,2025-12-08 09:56:00
,,,5.7,10.0,8.3,251.0,,,8.2,,,,,2025-12-08 11:26:00
,,,5.5,10.0,8.2,254.0,,,8.2,,,,,2025-12-08 11:56:00
,,,5.7,10.0,8.4,251.0,,,8.1,,,,,2025-12-08 12:26:00
,,,5.2,11.0,8.1,258.0,,,8.1,,,,,2025-12-08 12:56:00
,,,5.3,10.0,8.1,253.0,,,8.2,,,,,2025-12-08 13:26:00
,,,5.1,10.0,8.4,234.0,,,8.1,,,,,2025-12-08 13:56:00
,,,5.2,11.0,8.3,257.0,,,8.1,,,,,2025-12-08 14:26:00
,,,5.6,11.0,8.4,258.0,,,8.1,,,,,2025-12-08 14:56:00
,,,5.4,11.0,8.3,265.0,,,8.1,,,,,2025-12-08 15:26:00
,,,5.6,11.0,8.7,246.0,,,8.1,,,,,2025-12-08 15:56:00
,,,5.2,11.0,8.2,243.0,,,8.1,,,,,2025-12-08 16:26:00
,,,5.4,10.0,8.5,248.0,,,8.1,,,,,2025-12-08 16:56:00
,,,5.1,10.0,8.3,236.0,,,8.1,,,,,2025-12-08 17:26:00
,,,5.1,11.0,8.3,260.0,,,8.1,,,,,2025-12-08 17:56:00
,,,5.2,11.0,8.3,263.0,,,8.1,,,,,2025-12-08 18:26:00
,,,5.3,11.0,8.3,251.0,,,8.1,,,,,2025-12-08 18:56:00
,,,5.4,11.0,8.5,239.0,,,8.1,,,,,2025-12-08 19:26:00
,,,5.0,11.0,8.5,243.0,,,8.1,,,,,2025-12-08 19:56:00
,,,5.4,12.0,8.6,260.0,,,8.1,,,,,2025-12-08 20:26:00
,,,5.1,11.0,8.3,253.0,,,8.1,,,,,2025-12-08 20:56:00
,,,5.2,11.0,8.5,257.0,,,8.1,,,,,2025-12-08 21:26:00
,,,5.4,11.0,8.7,254.0,,,8.1,,,,,2025-12-08 21:56:00
,,,4.7,12.0,8.2,265.0,,,8.1,,,,,2025-12-08 22:26:00
,,,5.0,11.0,8.4,265.0,,,8.1,,,,,2025-12-08 22:56:00
,,,4.8,11.0,8.4,263.0,,,8.2,,,,,2025-12-08 23:26:00
,,,4.8,10.0,8.2,257.0,,,8.2,,,,,2025-12-08 23:56:00
,,,4.5,11.0,8.0,247.0,,,8.2,,,,,2025-12-09 00:26:00
,,,4.6,11.0,8.2,257.0,,,8.1,,,,,2025-12-09 00:56:00
,,,4.4,11.0,8.3,257.0,,,8.1,,,,,2025-12-09 01:26:00
,,,4.4,12.0,8.3,263.0,,,8.1,,,,,2025-12-09 01:56:00
,,,4.4,11.0,8.2,271.0,,,8.1,,,,,2025-12-09 02:26:00
,,,4.7,11.0,8.6,257.0,,,8.1,,,,,2025-12-09 02:56:00
,,,3.9,11.0,8.2,265.0,,,8.1,,,,,2025-12-09 03:26:00
,,,3.9,12.0,8.3,263.0,,,8.1,,,,,2025-12-09 03:56:00
,,,3.8,11.0,8.1,263.0,,,8.1,,,,,2025-12-09 04:26:00
,,,3.6,12.0,7.9,264.0,,,8.1,,,,,2025-12-09 04:56:00
,,,3.7,12.0,8.3,251.0,,,8.2,,,,,2025-12-09 05:26:00
,,,3.6,12.0,8.2,254.0,,,8.2,,,,,2025-12-09 05:56:00
,,,3.5,12.0,8.0,254.0,,,8.2,,,,,2025-12-09 06:26:00
,,,3.7,11.0,7.9,258.0,,,8.2,,,,,2025-12-09 06:56:00
,,,3.6,12.0,8.0,261.0,,,8.2,,,,,2025-12-09 07:26:00
,,,3.6,11.0,7.7,250.0,,,8.2,,,,,2025-12-09 07:56:00
,,,3.8,12.0,7.9,264.0,,,8.2,,,,,2025-12-09 08:26:00
,,,3.7,11.0,7.8,258.0,,,8.2,,,,,2025-12-09 08:56:00
,,,3.5,11.0,7.5,250.0,,,8.2,,,,,2025-12-09 09:26:00
,,,3.7,12.0,7.5,260.0,,,8.2,,,,,2025-12-09 09:56:00
,,,4.1,12.0,8.1,253.0,,,8.2,,,,,2025-12-09 10:26:00
,,,3.9,12.0,8.4,260.0,,,8.2,,,,,2025-12-09 10:56:00
,,,3.9,12.0,8.3,260.0,,,8.2,,,,,2025-12-09 11:26:00
,,,3.4,12.0,7.7,261.0,,,8.2,,,,,2025-12-09 11:56:00
,,,3.8,13.0,8.2,267.0,,,8.2,,,,,2025-12-09 12:26:00
,,,3.8,11.0,8.2,257.0,,,8.2,,,,,2025-12-09 12:56:00
,,,3.9,12.0,8.4,257.0,,,8.1,,,,,2025-12-09 13:26:00
,,,3.9,13.0,8.6,261.0,,,8.2,,,,,2025-12-09 13:56:00
,,,3.9,12.0,8.7,263.0,,,8.1,,,,,2025-12-09 14:26:00
,,,3.7,13.0,8.8,271.0,,,8.2,,,,,2025-12-09 14:56:00
,,,4.0,14.0,9.0,275.0,,,8.1,,,,,2025-12-09 15:26:00
,,,3.5,12.0,8.4,248.0,,,8.1,,,,,2025-12-09 15:56:00
,,,4.1,15.0,9.4,268.0,,,8.2,,,,,2025-12-09 16:26:00
,,,4.0,13.0,9.3,261.0,,,8.2,,,,,2025-12-09 16:56:00
,,,3.8,13.0,9.1,265.0,,,8.2,,,,,2025-12-09 17:26:00
,,,4.4,14.0,9.7,261.0,,,8.2,,,,,2025-12-09 17:56:00
,,,4.2,14.0,9.6,257.0,,,8.2,,,,,2025-12-09 18:26:00
,,,4.0,13.0,9.4,255.0,,,8.3,,,,,2025-12-09 18:56:00
,,,3.8,14.0,9.5,260.0,,,8.3,,,,,2025-12-09 19:26:00
,,,3.8,15.0,9.4,258.0,,,8.3,,,,,2025-12-09 19:56:00
,,,4.0,14.0,9.6,261.0,,,8.3,,,,,2025-12-09 20:26:00
,,,4.0,14.0,9.4,260.0,,,8.3,,,,,2025-12-09 20:56:00
,,,3.9,14.0,9.1,253.0,,,8.3,,,,,2025-12-09 21:26:00
,,,3.8,15.0,9.3,258.0,,,8.3,,,,,2025-12-09 21:56:00
,,,3.7,15.0,9.8,254.0,,,8.3,,,,,2025-12-09 22:26:00
,,,3.8,13.0,9.5,261.0,,,8.3,,,,,2025-12-09 22:56:00
,,,3.8,15.0,9.1,260.0,,,8.2,,,,,2025-12-09 23:26:00
,,,3.4,14.0,8.7,267.0,,,8.2,,,,,2025-12-09 23:56:00
,,,3.3,14.0,9.0,261.0,,,8.2,,,,,2025-12-10 00:26:00
,,,3.4,14.0,9.3,261.0,,,8.2,,,,,2025-12-10 00:56:00
,,,3.3,12.0,9.2,265.0,,,8.2,,,,,2025-12-10 01:26:00
,,,3.4,14.0,8.9,260.0,,,8.2,,,,,2025-12-10 01:56:00
,,,3.3,13.0,8.8,263.0,,,8.2,,,,,2025-12-10 02:26:00
,,,3.3,14.0,8.8,268.0,,,8.2,,,,,2025-12-10 02:56:00
,,,3.5,14.0,9.0,261.0,,,8.2,,,,,2025-12-10 03:26:00
,,,3.5,13.0,9.1,263.0,,,8.2,,,,,2025-12-10 03:56:00
,,,3.7,14.0,9.2,265.0,,,8.2,,,,,2025-12-10 04:26:00
,,,3.6,13.0,8.9,261.0,,,8.2,,,,,2025-12-10 04:56:00
,,,3.6,13.0,9.0,264.0,,,8.2,,,,,2025-12-10 05:26:00
,,,3.5,13.0,8.6,255.0,,,8.2,,,,,2025-12-10 05:56:00
,,,3.7,13.0,8.7,267.0,,,8.2,,,,,2025-12-10 06:26:00
,,,3.5,13.0,8.6,261.0,,,8.2,,,,,2025-12-10 06:56:00
,,,3.7,13.0,8.7,265.0,,,8.3,,,,,2025-12-10 07:26:00
,,,3.7,13.0,8.6,254.0,,,8.3,,,,,2025-12-10 07:56:00
,,,4.0,14.0,9.1,257.0,,,8.3,,,,,2025-12-10 08:26:00
,,,3.4,13.0,8.2,254.0,,,8.3,,,,,2025-12-10 08:56:00
,,,3.7,14.0,8.8,255.0,,,8.3,,,,,2025-12-10 09:26:00
,,,3.4,13.0,8.6,260.0,,,8.3,,,,,2025-12-10 09:56:00
,,,3.7,14.0,8.8,257.0,,,8.3,,,,,2025-12-10 10:26:00
,,,3.4,14.0,8.4,253.0,,,8.2,,,,,2025-12-10 10:56:00
,,,3.2,13.0,8.2,244.0,,,8.1,,,,,2025-12-10 11:26:00
,,,3.0,13.0,8.1,251.0,,,8.1,,,,,2025-12-10 11:56:00
,,,3.1,14.0,8.2,243.0,,,8.1,,,,,2025-12-10 12:26:00
,,,3.0,13.0,8.0,248.0,,,8.1,,,,,2025-12-10 12:56:00
,,,2.9,15.0,8.1,244.0,,,8.1,,,,,2025-12-10 13:26:00
,,,3.3,14.0,8.9,254.0,,,8.2,,,,,2025-12-10 13:56:00
,,,3.1,14.0,8.4,253.0,,,8.2,,,,,2025-12-10 14:26:00
,,,3.1,13.0,8.6,251.0,,,8.2,,,,,2025-12-10 14:56:00
,,,2.9,13.0,8.2,246.0,,,8.2,,,,,2025-12-10 15:26:00
,,,3.2,12.0,8.8,250.0,,,8.2,,,,,2025-12-10 15:56:00
,,,3.1,13.0,8.6,258.0,,,8.2,,,,,2025-12-10 16:26:00
,,,3.2,12.0,8.8,247.0,,,8.2,,,,,2025-12-10 16:56:00
,,,2.8,13.0,8.6,251.0,,,8.2,,,,,2025-12-10 17:26:00
,,,2.7,13.0,8.4,253.0,,,8.2,,,,,2025-12-10 17:56:00
,,,3.0,13.0,8.7,257.0,,,8.2,,,,,2025-12-10 18:26:00
,,,3.1,13.0,8.8,247.0,,,8.2,,,,,2025-12-10 18:56:00
,,,3.1,13.0,8.9,250.0,,,8.2,,,,,2025-12-10 19:26:00
,,,3.1,13.0,8.6,246.0,,,8.3,,,,,2025-12-10 19:56:00
,,,3.2,11.0,8.5,250.0,,,8.3,,,,,2025-12-10 20:26:00
,,,3.0,12.0,8.5,254.0,,,8.2,,,,,2025-12-10 20:56:00
,,,2.9,11.0,7.9,251.0,,,8.3,,,,,2025-12-10 21:26:00
,,,3.1,11.0,8.1,253.0,,,8.3,,,,,2025-12-10 21:56:00
,,,3.2,11.0,8.2,267.0,,,8.3,,,,,2025-12-10 22:26:00
,,,3.1,11.0,8.4,250.0,,,8.1,,,,,2025-12-10 23:26:00
,,,3.2,11.0,8.3,295.0,,,8.2,,,,,2025-12-10 23:56:00
,,,3.1,12.0,8.4,265.0,,,8.2,,,,,2025-12-11 00:26:00
,,,2.9,12.0,8.2,306.0,,,8.2,,,,,2025-12-11 00:56:00
,,,2.9,12.0,8.1,322.0,,,8.2,,,,,2025-12-11 01:26:00
,,,2.8,11.0,8.2,263.0,,,8.2,,,,,2025-12-11 01:56:00
,,,3.0,11.0,8.3,313.0,,,8.2,,,,,2025-12-11 02:26:00
,,,3.0,10.0,8.5,320.0,,,8.1,,,,,2025-12-11 02:56:00
,,,2.8,10.0,8.3,282.0,,,8.1,,,,,2025-12-11 03:26:00
,,,2.7,10.0,8.2,353.0,,,8.1,,,,,2025-12-11 03:56:00
,,,2.6,11.0,8.3,345.0,,,8.1,,,,,2025-12-11 04:26:00
,,,2.7,11.0,8.4,293.0,,,8.1,,,,,2025-12-11 04:56:00
,,,2.7,11.0,8.4,334.0,,,8.1,,,,,2025-12-11 05:26:00
,,,2.5,11.0,8.2,292.0,,,8.1,,,,,2025-12-11 05:56:00
,,,2.6,9.0,8.2,347.0,,,8.1,,,,,2025-12-11 06:26:00
,,,2.6,11.0,8.2,14.0,,,8.1,,,,,2025-12-11 06:56:00
,,,2.5,13.0,8.2,247.0,,,8.1,,,,,2025-12-11 07:26:00
,,,2.6,11.0,8.3,272.0,,,8.1,,,,,2025-12-11 07:56:00
,,,2.7,11.0,8.2,320.0,,,8.1,,,,,2025-12-11 08:26:00
,,,2.6,10.0,8.4,277.0,,,8.1,,,,,2025-12-11 08:56:00
,,,2.5,10.0,8.2,14.0,,,8.1,,,,,2025-12-11 09:26:00
,,,2.4,11.0,7.8,289.0,,,8.1,,,,,2025-12-11 09:56:00
,,,2.3,11.0,7.9,322.0,,,8.1,,,,,2025-12-11 10:26:00
,,,2.5,11.0,8.0,351.0,,,8.1,,,,,2025-12-11 10:56:00
,,,2.5,9.0,8.0,22.0,,,8.1,,,,,2025-12-11 11:26:00
,,,2.3,10.0,7.7,357.0,,,8.1,,,,,2025-12-11 11:56:00
,,,2.4,11.0,7.9,354.0,,,8.1,,,,,2025-12-11 12:26:00
,,,2.2,9.0,7.6,345.0,,,8.1,,,,,2025-12-11 12:56:00
,,,2.2,11.0,7.6,320.0,,,8.1,,,,,2025-12-11 13:26:00
,,,2.0,10.0,7.2,33.0,,,8.1,,,,,2025-12-11 13:56:00
,,,2.1,10.0,7.7,16.0,,,8.1,,,,,2025-12-11 14:26:00
,,,2.0,8.0,7.3,153.0,,,8.1,,,,,2025-12-11 14:56:00
,,,2.1,9.0,7.5,40.0,,,8.1,,,,,2025-12-11 15:26:00
,,,2.0,9.0,7.2,354.0,,,8.1,,,,,2025-12-11 15:56:00
,,,2.1,8.0,7.4,143.0,,,8.1,,,,,2025-12-11 16:26:00
,,,2.0,9.0,7.3,223.0,,,8.2,,,,,2025-12-11 16:56:00
,,,2.0,9.0,7.2,106.0,,,8.2,,,,,2025-12-11 17:26:00
,,,1.9,9.0,7.0,50.0,,,8.2,,,,,2025-12-11 17:56:00
,,,1.9,8.0,7.0,63.0,,,8.2,,,,,2025-12-11 18:26:00
,,,1.8,9.0,6.6,54.0,,,8.2,,,,,2025-12-11 18:56:00
,,,1.7,8.0,6.6,63.0,,,8.2,,,,,2025-12-11 19:26:00
,,,1.9,8.0,6.7,126.0,,,8.2,,,,,2025-12-11 19:56:00
,,,1.7,8.0,6.3,56.0,,,8.2,,,,,2025-12-11 20:26:00
,,,1.8,8.0,6.2,73.0,,,8.2,,,,,2025-12-11 20:56:00
,,,1.8,8.0,6.1,81.0,,,8.2,,,,,2025-12-11 21:26:00
,,,1.8,8.0,6.0,29.0,,,8.1,,,,,2025-12-11 21:56:00
,,,1.8,8.0,5.7,54.0,,,8.1,,,,,2025-12-11 22:26:00
,,,1.8,8.0,5.5,118.0,,,8.1,,,,,2025-12-11 22:56:00
,,,1.9,9.0,5.7,14.0,,,8.1,,,,,2025-12-11 23:26:00
,,,1.8,11.0,5.6,278.0,,,8.1,,,,,2025-12-11 23:56:00
,,,1.9,8.0,5.5,35.0,,,8.1,,,,,2025-12-12 00:26:00
,,,2.0,8.0,5.2,32.0,,,8.1,,,,,2025-12-12 00:56:00
,,,2.1,9.0,5.5,338.0,,,8.1,,,,,2025-12-12 01:26:00
,,,2.3,9.0,5.7,4.0,,,8.1,,,,,2025-12-12 01:56:00
,,,2.5,6.0,5.6,47.0,,,8.1,,,,,2025-12-12 02:26:00
,,,2.5,5.0,5.8,46.0,,,8.1,,,,,2025-12-12 02:56:00
,,,2.6,6.0,5.9,33.0,,,8.1,,,,,2025-12-12 03:26:00
,,,2.7,6.0,5.9,45.0,,,8.1,,,,,2025-12-12 03:56:00
,,,2.7,6.0,6.1,57.0,,,8.1,,,,,2025-12-12 04:26:00
,,,2.9,7.0,6.3,38.0,,,8.1,,,,,2025-12-12 04:56:00
,,,3.1,7.0,6.2,56.0,,,8.1,,,,,2025-12-12 05:26:00
,,,2.8,6.0,6.3,59.0,,,8.1,,,,,2025-12-12 05:56:00
,,,3.1,7.0,6.4,42.0,,,8.2,,,,,2025-12-12 06:26:00
,,,3.1,8.0,6.4,33.0,,,8.2,,,,,2025-12-12 06:56:00
,,,3.4,7.0,6.5,49.0,,,8.2,,,,,2025-12-12 07:26:00
,,,3.4,7.0,6.4,49.0,,,8.2,,,,,2025-12-12 07:56:00
,,,3.7,8.0,6.5,47.0,,,8.2,,,,,2025-12-12 08:26:00
,,,4.4,8.0,6.9,53.0,,,8.2,,,,,2025-12-12 08:56:00
,,,4.6,8.0,6.9,52.0,,,8.2,,,,,2025-12-12 09:26:00
,,,4.3,8.0,6.8,56.0,,,8.2,,,,,2025-12-12 09:56:00
,,,5.0,8.0,7.2,57.0,,,8.2,,,,,2025-12-12 10:26:00
,,,5.6,9.0,7.5,50.0,,,8.2,,,,,2025-12-12 10:56:00
,,,5.9,9.0,7.7,50.0,,,8.2,,,,,2025-12-12 11:26:00
,,,6.0,10.0,7.9,52.0,,,8.2,,,,,2025-12-12 11:56:00
,,,6.0,11.0,8.0,57.0,,,8.2,,,,,2025-12-12 12:26:00
,,,6.9,10.0,8.6,56.0,,,8.1,,,,,2025-12-12 12:56:00
,,,7.0,11.0,8.6,59.0,,,8.1,,,,,2025-12-12 13:26:00
,,,,,,,,,8.1,,,,,2025-12-12 14:00:00
,,,7.0,11.0,8.5,64.0,,,8.1,,,,,2025-12-12 14:26:00
,,,6.6,10.0,8.6,61.0,,,8.1,,,,,2025-12-12 14:56:00
,,,7.1,11.0,8.7,56.0,,,8.1,,,,,2025-12-12 15:26:00
,,,7.3,11.0,9.1,61.0,,,8.1,,,,,2025-12-12 15:56:00
,,,7.8,11.0,9.3,64.0,,,8.1,,,,,2025-12-12 16:26:00
,,,7.0,11.0,8.9,60.0,,,8.1,,,,,2025-12-12 16:56:00
,,,6.6,11.0,9.0,61.0,,,8.1,,,,,2025-12-12 17:26:00
,,,7.2,11.0,9.5,64.0,,,8.1,,,,,2025-12-12 17:56:00
,,,7.4,12.0,9.5,64.0,,,8.1,,,,,2025-12-12 18:26:00
,,,6.8,13.0,9.2,61.0,,,8.1,,,,,2025-12-12 18:56:00
,,,6.7,11.0,9.2,60.0,,,8.1,,,,,2025-12-12 19:26:00
,,,7.2,12.0,9.3,66.0,,,8.1,,,,,2025-12-12 19:56:00
,,,6.7,12.0,9.5,68.0,,,8.1,,,,,2025-12-12 20:26:00
,,,7.0,12.0,9.5,83.0,,,8.1,,,,,2025-12-12 20:56:00
,,,7.1,13.0,9.7,70.0,,,8.1,,,,,2025-12-12 21:26:00
,,,6.4,12.0,9.6,59.0,,,8.1,,,,,2025-12-12 21:56:00
,,,6.4,12.0,9.7,68.0,,,8.1,,,,,2025-12-12 22:26:00
,,,6.9,12.0,10.0,64.0,,,8.2,,,,,2025-12-12 22:56:00
,,,6.2,11.0,9.7,60.0,,,8.2,,,,,2025-12-12 23:56:00
,,,6.2,13.0,9.7,70.0,,,8.2,,,,,2025-12-13 00:26:00
,,,5.8,12.0,9.4,85.0,,,8.2,,,,,2025-12-13 00:56:00
,,,7.0,12.0,9.9,78.0,,,8.1,,,,,2025-12-13 01:26:00
,,,5.4,13.0,9.3,90.0,,,8.1,,,,,2025-12-13 01:56:00
,,,5.4,12.0,9.1,70.0,,,8.1,,,,,2025-12-13 02:26:00
,,,5.0,13.0,8.9,80.0,,,8.1,,,,,2025-12-13 02:56:00
,,,5.8,13.0,9.4,106.0,,,8.1,,,,,2025-12-13 03:26:00
,,,5.5,11.0,9.2,91.0,,,8.1,,,,,2025-12-13 03:56:00
,,,5.0,13.0,9.1,64.0,,,8.1,,,,,2025-12-13 04:26:00
,,,5.7,11.0,9.4,120.0,,,8.1,,,,,2025-12-13 04:56:00
,,,5.4,11.0,9.3,149.0,,,8.1,,,,,2025-12-13 05:26:00
,,,5.3,13.0,9.3,87.0,,,8.1,,,,,2025-12-13 05:56:00
,,,5.3,11.0,9.0,119.0,,,8.1,,,,,2025-12-13 06:26:00
,,,5.6,12.0,9.2,68.0,,,8.1,,,,,2025-12-13 06:56:00
,,,6.1,11.0,9.3,120.0,,,8.1,,,,,2025-12-13 07:26:00
,,,5.7,13.0,9.4,70.0,,,8.1,,,,,2025-12-13 07:56:00
,,,5.0,13.0,8.9,57.0,,,8.1,,,,,2025-12-13 08:26:00
,,,4.8,12.0,8.8,71.0,,,8.0,,,,,2025-12-13 08:56:00
,,,4.6,11.0,8.6,85.0,,,8.0,,,,,2025-12-13 09:26:00
,,,5.0,12.0,9.2,75.0,,,8.0,,,,,2025-12-13 09:56:00
,,,4.9,12.0,8.9,80.0,,,8.0,,,,,2025-12-13 10:26:00
,,,4.7,11.0,8.5,88.0,,,8.0,,,,,2025-12-13 10:56:00
,,,4.4,11.0,8.6,77.0,,,8.0,,,,,2025-12-13 11:26:00
,,,4.1,11.0,8.5,94.0,,,8.1,,,,,2025-12-13 11:56:00
,,,4.2,12.0,8.7,112.0,,,8.1,,,,,2025-12-13 12:26:00
,,,4.2,11.0,8.8,88.0,,,8.1,,,,,2025-12-13 12:56:00
,,,4.5,11.0,8.8,118.0,,,8.1,,,,,2025-12-13 13:26:00
,,,4.1,10.0,8.7,108.0,,,8.1,,,,,2025-12-13 13:56:00
,,,4.2,11.0,8.6,109.0,,,8.1,,,,,2025-12-13 14:26:00
,,,3.8,11.0,8.2,75.0,,,8.1,,,,,2025-12-13 14:56:00
,,,4.4,11.0,8.8,95.0,,,8.1,,,,,2025-12-13 15:26:00
,,,3.8,11.0,8.5,133.0,,,8.1,,,,,2025-12-13 15:56:00
,,,3.4,11.0,8.1,128.0,,,8.1,,,,,2025-12-13 16:26:00
,,,3.8,11.0,8.6,120.0,,,8.1,,,,,2025-12-13 16:56:00
,,,3.7,11.0,8.3,153.0,,,8.1,,,,,2025-12-13 17:26:00
,,,3.4,11.0,8.1,125.0,,,8.1,,,,,2025-12-13 17:56:00
,,,3.3,10.0,8.0,154.0,,,8.1,,,,,2025-12-13 18:26:00
,,,3.7,11.0,8.4,143.0,,,8.1,,,,,2025-12-13 18:56:00
,,,3.5,11.0,8.1,170.0,,,8.1,,,,,2025-12-13 19:26:00
,,,3.7,11.0,8.1,180.0,,,8.1,,,,,2025-12-13 19:56:00
,,,3.8,10.0,8.0,126.0,,,8.1,,,,,2025-12-13 20:26:00
,,,3.5,11.0,7.8,163.0,,,8.1,,,,,2025-12-13 20:56:00
,,,3.4,11.0,7.5,187.0,,,8.1,,,,,2025-12-13 21:26:00
,,,3.5,11.0,7.7,175.0,,,8.1,,,,,2025-12-13 21:56:00
,,,3.7,10.0,8.0,168.0,,,8.1,,,,,2025-12-13 22:26:00
,,,3.3,11.0,7.4,153.0,,,8.1,,,,,2025-12-13 22:56:00
,,,3.2,11.0,7.3,189.0,,,8.1,,,,,2025-12-13 23:26:00
,,,3.1,9.0,7.1,164.0,,,8.0,,,,,2025-12-13 23:56:00
,,,3.2,11.0,7.0,181.0,,,8.1,,,,,2025-12-14 00:26:00
,,,3.1,11.0,7.1,180.0,,,8.1,,,,,2025-12-14 00:56:00
,,,3.2,11.0,7.3,167.0,,,8.1,,,,,2025-12-14 01:26:00
,,,3.1,11.0,7.1,171.0,,,8.1,,,,,2025-12-14 01:56:00
,,,3.1,11.0,7.1,163.0,,,8.1,,,,,2025-12-14 02:26:00
,,,3.1,10.0,7.1,101.0,,,8.1,,,,,2025-12-14 02:56:00
,,,3.1,11.0,7.1,175.0,,,8.1,,,,,2025-12-14 03:26:00
,,,2.9,11.0,6.7,177.0,,,8.1,,,,,2025-12-14 03:56:00
,,,3.0,11.0,6.8,170.0,,,8.1,,,,,2025-12-14 04:26:00
,,,3.0,8.0,6.6,22.0,,,8.1,,,,,2025-12-14 04:56:00
,,,3.2,9.0,6.8,5.0,,,8.1,,,,,2025-12-14 05:26:00
,,,3.2,9.0,6.6,120.0,,,8.1,,,,,2025-12-14 05:56:00
,,,3.3,8.0,6.9,350.0,,,8.1,,,,,2025-12-14 06:26:00
,,,3.3,11.0,6.9,191.0,,,8.1,,,,,2025-12-14 06:56:00
,,,3.3,12.0,7.3,340.0,,,8.1,,,,,2025-12-14 07:26:00
,,,3.5,12.0,7.7,336.0,,,8.1,,,,,2025-12-14 07:56:00
,,,3.3,11.0,7.5,341.0,,,8.1,,,,,2025-12-14 08:26:00
,,,3.6,11.0,8.0,336.0,,,8.1,,,,,2025-12-14 08:56:00
,,,3.4,12.0,7.5,322.0,,,8.0,,,,,2025-12-14 09:26:00
,,,3.8,12.0,8.3,327.0,,,8.0,,,,,2025-12-14 09:56:00
,,,3.4,13.0,8.2,329.0,,,8.0,,,,,2025-12-14 10:26:00
,,,4.0,13.0,8.6,334.0,,,8.1,,,,,2025-12-14 10:56:00
,,,3.8,13.0,8.8,326.0,,,8.0,,,,,2025-12-14 11:26:00
,,,3.9,13.0,8.7,336.0,,,8.0,,,,,2025-12-14 11:56:00
,,,4.3,13.0,9.1,333.0,,,8.0,,,,,2025-12-14 12:26:00
,,,4.2,13.0,9.0,330.0,,,8.0,,,,,2025-12-14 12:56:00
,,,4.2,13.0,8.8,330.0,,,8.0,,,,,2025-12-14 13:26:00
,,,3.9,12.0,8.4,324.0,,,8.0,,,,,2025-12-14 13:56:00
,,,3.6,12.0,8.1,330.0,,,8.0,,,,,2025-12-14 14:26:00
,,,3.9,12.0,8.2,330.0,,,8.0,,,,,2025-12-14 14:56:00
,,,4.1,11.0,8.0,326.0,,,8.0,,,,,2025-12-14 15:26:00
,,,4.0,13.0,7.9,324.0,,,8.0,,,,,2025-12-14 15:56:00
,,,3.9,11.0,7.7,336.0,,,8.0,,,,,2025-12-14 16:26:00
,,,3.8,12.0,7.8,340.0,,,8.0,,,,,2025-12-14 16:56:00
,,,4.1,12.0,8.0,327.0,,,8.0,,,,,2025-12-14 17:26:00
,,,4.3,11.0,8.2,337.0,,,8.0,,,,,2025-12-14 17:56:00
,,,3.8,12.0,7.6,336.0,,,8.0,,,,,2025-12-14 18:26:00
,,,4.3,11.0,8.0,336.0,,,8.0,,,,,2025-12-14 18:56:00
,,,4.0,13.0,7.5,331.0,,,8.0,,,,,2025-12-14 19:26:00
,,,3.8,11.0,7.5,334.0,,,8.0,,,,,2025-12-14 19:56:00
,,,3.9,12.0,7.7,333.0,,,8.0,,,,,2025-12-14 20:26:00
,,,3.9,10.0,7.8,312.0,,,8.0,,,,,2025-12-14 20:56:00
,,,3.8,11.0,7.4,351.0,,,8.0,,,,,2025-12-14 21:26:00
,,,4.1,11.0,7.9,329.0,,,8.1,,,,,2025-12-14 21:56:00
,,,4.2,12.0,8.0,329.0,,,8.1,,,,,2025-12-14 22:26:00
,,,3.9,12.0,7.9,317.0,,,8.2,,,,,2025-12-14 22:56:00
,,,4.0,12.0,8.1,317.0,,,8.2,,,,,2025-12-14 23:26:00
,,,4.3,12.0,8.2,322.0,,,8.0,,,,,2025-12-14 23:56:00
,,,4.1,11.0,7.9,313.0,,,8.0,,,,,2025-12-15 00:26:00
,,,4.0,12.0,8.2,313.0,,,8.0,,,,,2025-12-15 00:56:00
,,,4.3,11.0,8.3,331.0,,,8.0,,,,,2025-12-15 01:26:00
,,,4.0,10.0,8.2,282.0,,,8.0,,,,,2025-12-15 01:56:00
,,,3.8,11.0,7.9,322.0,,,8.0,,,,,2025-12-15 02:26:00
,,,4.0,11.0,8.0,260.0,,,8.0,,,,,2025-12-15 02:56:00
,,,4.0,11.0,8.2,320.0,,,8.0,,,,,2025-12-15 03:26:00
,,,3.8,11.0,7.8,312.0,,,8.0,,,,,2025-12-15 04:26:00
,,,4.2,10.0,8.1,229.0,,,8.0,,,,,2025-12-15 04:56:00
,,,3.9,11.0,7.8,298.0,,,7.9,,,,,2025-12-15 05:26:00
,,,4.1,10.0,8.1,237.0,,,7.9,,,,,2025-12-15 05:56:00
,,,3.5,10.0,7.6,199.0,,,7.9,,,,,2025-12-15 06:26:00
,,,3.8,11.0,7.7,313.0,,,7.9,,,,,2025-12-15 06:56:00
,,,3.7,11.0,7.5,322.0,,,7.9,,,,,2025-12-15 07:26:00
,,,3.9,10.0,7.7,330.0,,,7.9,,,,,2025-12-15 07:56:00
,,,3.9,11.0,7.3,324.0,,,7.9,,,,,2025-12-15 08:26:00
,,,3.5,10.0,6.9,333.0,,,7.9,,,,,2025-12-15 08:56:00
,,,4.0,9.0,7.2,313.0,,,8.0,,,,,2025-12-15 09:26:00
,,,3.6,12.0,6.9,322.0,,,8.0,,,,,2025-12-15 09:56:00
,,,4.0,10.0,7.3,334.0,,,8.0,,,,,2025-12-15 10:26:00
,,,3.9,10.0,7.2,331.0,,,8.0,,,,,2025-12-15 10:56:00
,,,3.9,11.0,7.3,327.0,,,8.0,,,,,2025-12-15 11:26:00
,,,4.1,10.0,7.3,344.0,,,8.1,,,,,2025-12-15 11:56:00
,,,4.5,11.0,7.5,324.0,,,8.1,,,,,2025-12-15 12:26:00
,,,4.7,12.0,7.6,322.0,,,8.1,,,,,2025-12-15 12:56:00
,,,4.8,10.0,7.8,303.0,,,8.1,,,,,2025-12-15 13:26:00
,,,4.9,11.0,7.8,319.0,,,8.1,,,,,2025-12-15 13:56:00
,,,5.5,12.0,8.2,326.0,,,8.0,,,,,2025-12-15 14:26:00
,,,5.4,12.0,8.0,327.0,,,8.0,,,,,2025-12-15 14:56:00
,,,5.5,9.0,8.1,255.0,,,8.0,,,,,2025-12-15 15:26:00
,,,5.7,10.0,8.3,254.0,,,8.0,,,,,2025-12-15 15:56:00
,,,6.0,10.0,8.6,244.0,,,8.0,,,,,2025-12-15 16:26:00
,,,5.0,10.0,8.2,257.0,,,8.0,,,,,2025-12-15 16:56:00
,,,5.0,11.0,8.3,260.0,,,8.0,,,,,2025-12-15 17:26:00
,,,4.3,10.0,7.8,239.0,,,8.0,,,,,2025-12-15 17:56:00
,,,4.5,10.0,8.0,253.0,,,8.0,,,,,2025-12-15 18:26:00
,,,3.9,10.0,7.6,255.0,,,8.0,,,,,2025-12-15 18:56:00
,,,3.7,9.0,7.4,244.0,,,8.0,,,,,2025-12-15 19:26:00
,,,3.8,10.0,7.4,263.0,,,8.0,,,,,2025-12-15 19:56:00
,,,4.1,9.0,7.7,237.0,,,8.0,,,,,2025-12-15 20:26:00
,,,3.9,12.0,7.5,317.0,,,7.9,,,,,2025-12-15 20:56:00
,,,3.9,9.0,7.4,251.0,,,7.9,,,,,2025-12-15 21:26:00
,,,3.9,11.0,7.5,333.0,,,7.9,,,,,2025-12-15 21:56:00
,,,3.9,10.0,7.5,320.0,,,7.9,,,,,2025-12-15 22:26:00
,,,4.1,9.0,7.7,261.0,,,7.9,,,,,2025-12-15 22:56:00
,,,3.9,11.0,7.7,337.0,,,7.9,,,,,2025-12-15 23:26:00
,,,3.5,11.0,7.1,334.0,,,7.9,,,,,2025-12-15 23:56:00
,,,3.8,11.0,7.3,344.0,,,7.9,,,,,2025-12-16 00:26:00
,,,3.8,11.0,7.2,343.0,,,7.9,,,,,2025-12-16 00:56:00
,,,3.5,11.0,7.3,350.0,,,7.9,,,,,2025-12-16 01:26:00
,,,3.5,10.0,7.5,336.0,,,7.9,,,,,2025-12-16 01:56:00
,,,3.5,11.0,7.4,336.0,,,7.9,,,,,2025-12-16 02:26:00
,,,3.8,11.0,7.6,354.0,,,8.0,,,,,2025-12-16 02:56:00
,,,3.4,10.0,7.2,334.0,,,8.0,,,,,2025-12-16 03:26:00
,,,3.4,10.0,7.3,338.0,,,8.0,,,,,2025-12-16 03:56:00
,,,3.6,11.0,7.5,357.0,,,7.9,,,,,2025-12-16 04:26:00
,,,3.3,10.0,7.3,351.0,,,7.9,,,,,2025-12-16 04:56:00
,,,3.4,11.0,7.5,358.0,,,7.9,,,,,2025-12-16 05:26:00
,,,3.3,11.0,7.4,333.0,,,7.9,,,,,2025-12-16 05:56:00
,,,3.5,10.0,7.5,322.0,,,7.9,,,,,2025-12-16 06:26:00
,,,3.3,10.0,7.4,334.0,,,7.9,,,,,2025-12-16 06:56:00
,,,3.6,10.0,7.7,336.0,,,7.9,,,,,2025-12-16 07:26:00
,,,3.5,11.0,7.6,196.0,,,7.9,,,,,2025-12-16 07:56:00
,,,3.6,12.0,7.7,201.0,,,8.0,,,,,2025-12-16 08:26:00
,,,3.5,10.0,7.9,317.0,,,8.0,,,,,2025-12-16 08:56:00
,,,3.2,11.0,7.8,210.0,,,8.0,,,,,2025-12-16 09:26:00
,,,3.5,10.0,8.0,308.0,,,8.0,,,,,2025-12-16 09:56:00
,,,3.3,11.0,8.1,327.0,,,8.0,,,,,2025-12-16 10:26:00
,,,3.2,10.0,7.8,331.0,,,8.0,,,,,2025-12-16 10:56:00
,,,3.2,11.0,7.8,239.0,,,8.0,,,,,2025-12-16 11:26:00
,,,3.5,10.0,8.2,303.0,,,7.9,,,,,2025-12-16 11:56:00
,,,3.5,11.0,7.6,195.0,,,7.9,,,,,2025-12-16 12:26:00
,,,3.5,10.0,7.8,326.0,,,7.9,,,,,2025-12-16 12:56:00
,,,3.6,13.0,7.8,198.0,,,7.9,,,,,2025-12-16 13:26:00
,,,3.5,11.0,7.9,198.0,,,7.9,,,,,2025-12-16 13:56:00
,,,4.1,11.0,8.5,324.0,,,7.9,,,,,2025-12-16 14:26:00
,,,3.6,12.0,7.9,182.0,,,7.9,,,,,2025-12-16 14:56:00
,,,3.7,11.0,8.2,184.0,,,7.9,,,,,2025-12-16 15:26:00
,,,3.8,13.0,8.2,187.0,,,7.9,,,,,2025-12-16 15:56:00
,,,3.8,11.0,8.1,95.0,,,7.9,,,,,2025-12-16 16:26:00
,,,3.7,13.0,7.9,12.0,,,7.9,,,,,2025-12-16 16:56:00
,,,3.9,12.0,7.9,95.0,,,7.9,,,,,2025-12-16 17:26:00
,,,3.6,11.0,7.5,149.0,,,7.9,,,,,2025-12-16 17:56:00
,,,3.7,11.0,7.5,144.0,,,7.8,,,,,2025-12-16 18:26:00
,,,3.6,13.0,7.3,223.0,,,7.8,,,,,2025-12-16 18:56:00
,,,3.7,10.0,7.5,343.0,,,7.9,,,,,2025-12-16 19:26:00
,,,3.6,11.0,7.7,360.0,,,7.9,,,,,2025-12-16 19:56:00
,,,3.5,11.0,7.6,219.0,,,7.9,,,,,2025-12-16 20:26:00
,,,3.9,10.0,8.1,330.0,,,7.9,,,,,2025-12-16 20:56:00
,,,3.5,11.0,7.6,12.0,,,7.9,,,,,2025-12-16 21:26:00
,,,3.6,11.0,7.7,22.0,,,7.9,,,,,2025-12-16 21:56:00
,,,3.7,11.0,7.9,360.0,,,7.9,,,,,2025-12-16 22:26:00
,,,3.7,12.0,7.5,189.0,,,8.0,,,,,2025-12-16 22:56:00
,,,3.7,10.0,7.3,279.0,,,8.0,,,,,2025-12-16 23:26:00
,,,3.9,11.0,7.4,330.0,,,8.0,,,,,2025-12-16 23:56:00
,,,3.8,11.0,7.5,213.0,,,8.0,,,,,2025-12-17 00:26:00
,,,3.4,11.0,7.3,5.0,,,8.0,,,,,2025-12-17 00:56:00
,,,3.4,11.0,7.1,277.0,,,8.0,,,,,2025-12-17 01:26:00
,,,3.6,11.0,7.3,234.0,,,8.0,,,,,2025-12-17 01:56:00
,,,3.6,11.0,7.2,285.0,,,8.0,,,,,2025-12-17 02:26:00
,,,3.5,11.0,7.4,295.0,,,8.0,,,,,2025-12-17 02:56:00
,,,3.4,10.0,7.5,289.0,,,8.0,,,,,2025-12-17 03:26:00
,,,3.9,11.0,7.7,258.0,,,8.0,,,,,2025-12-17 03:56:00
,,,3.6,10.0,7.5,295.0,,,8.0,,,,,2025-12-17 04:26:00
,,,3.6,10.0,7.2,288.0,,,8.0,,,,,2025-12-17 04:56:00
,,,3.5,11.0,7.1,310.0,,,8.0,,,,,2025-12-17 05:26:00
,,,3.4,8.0,7.0,298.0,,,8.0,,,,,2025-12-17 05:56:00
,,,3.5,11.0,7.1,191.0,,,8.0,,,,,2025-12-17 06:26:00
,,,3.7,11.0,7.0,265.0,,,7.9,,,,,2025-12-17 06:56:00
,,,3.9,10.0,7.3,310.0,,,7.9,,,,,2025-12-17 07:26:00
,,,3.9,10.0,7.2,313.0,,,7.9,,,,,2025-12-17 07:56:00
,,,3.9,8.0,7.2,285.0,,,7.9,,,,,2025-12-17 08:26:00
,,,4.0,8.0,7.1,298.0,,,7.9,,,,,2025-12-17 08:56:00
,,,4.4,9.0,7.3,299.0,,,7.9,,,,,2025-12-17 09:26:00
,,,4.3,9.0,7.2,303.0,,,7.9,,,,,2025-12-17 09:56:00
,,,4.4,8.0,7.2,302.0,,,7.9,,,,,2025-12-17 10:26:00
,,,4.7,9.0,7.3,291.0,,,7.9,,,,,2025-12-17 10:56:00
,,,4.6,10.0,7.5,293.0,,,7.9,,,,,2025-12-17 11:26:00
,,,5.1,10.0,7.8,303.0,,,7.9,,,,,2025-12-17 11:56:00
,,,4.9,10.0,7.8,298.0,,,7.9,,,,,2025-12-17 12:26:00
,,,4.6,10.0,7.7,285.0,,,7.9,,,,,2025-12-17 12:56:00
,,,5.0,10.0,8.1,303.0,,,8.0,,,,,2025-12-17 13:26:00
,,,5.1,10.0,8.1,300.0,,,8.0,,,,,2025-12-17 13:56:00
,,,4.8,11.0,7.9,286.0,,,8.0,,,,,2025-12-17 14:26:00
,,,5.0,11.0,8.2,316.0,,,8.0,,,,,2025-12-17 14:56:00
,,,4.8,11.0,8.0,303.0,,,8.0,,,,,2025-12-17 15:26:00
,,,5.2,12.0,8.4,303.0,,,8.0,,,,,2025-12-17 15:56:00
,,,4.8,11.0,8.2,293.0,,,8.0,,,,,2025-12-17 16:26:00
,,,5.2,11.0,8.5,300.0,,,8.0,,,,,2025-12-17 16:56:00
,,,5.2,11.0,8.7,299.0,,,8.0,,,,,2025-12-17 17:26:00
,,,4.8,12.0,8.6,299.0,,,8.0,,,,,2025-12-17 17:56:00
,,,5.0,11.0,8.7,288.0,,,8.0,,,,,2025-12-17 18:26:00
,,,5.1,11.0,8.7,295.0,,,8.0,,,,,2025-12-17 18:56:00
,,,5.1,13.0,8.9,306.0,,,8.0,,,,,2025-12-17 19:26:00
,,,5.2,13.0,8.9,308.0,,,8.0,,,,,2025-12-17 19:56:00
,,,4.9,12.0,9.0,306.0,,,8.0,,,,,2025-12-17 20:26:00
,,,5.2,13.0,9.4,309.0,,,8.0,,,,,2025-12-17 20:56:00
,,,5.5,13.0,9.2,312.0,,,8.0,,,,,2025-12-17 21:26:00
,,,5.6,13.0,9.3,323.0,,,8.0,,,,,2025-12-17 21:56:00
,,,5.1,11.0,9.1,313.0,,,8.0,,,,,2025-12-17 22:26:00
,,,5.3,13.0,9.4,316.0,,,8.0,,,,,2025-12-17 22:56:00
,,,5.7,13.0,9.7,312.0,,,8.0,,,,,2025-12-17 23:26:00
,,,5.2,12.0,8.9,312.0,,,8.0,,,,,2025-12-17 23:56:00
,,,5.0,11.0,8.7,315.0,,,8.0,,,,,2025-12-18 00:26:00
,,,5.3,12.0,9.2,315.0,,,8.0,,,,,2025-12-18 00:56:00
,,,5.0,13.0,8.9,313.0,,,7.9,,,,,2025-12-18 01:26:00
,,,4.9,12.0,8.8,312.0,,,7.9,,,,,2025-12-18 01:56:00
,,,4.6,14.0,8.6,308.0,,,7.9,,,,,2025-12-18 02:26:00
,,,4.5,13.0,8.4,317.0,,,7.9,,,,,2025-12-18 02:56:00
,,,4.8,12.0,8.4,320.0,,,8.0,,,,,2025-12-18 03:26:00
,,,4.8,13.0,8.7,303.0,,,8.0,,,,,2025-12-18 03:56:00
,,,4.4,13.0,8.5,298.0,,,8.0,,,,,2025-12-18 04:26:00
,,,4.8,12.0,8.6,310.0,,,8.0,,,,,2025-12-18 04:56:00
,,,4.9,13.0,8.7,305.0,,,8.0,,,,,2025-12-18 05:26:00
,,,5.0,13.0,8.8,303.0,,,8.0,,,,,2025-12-18 05:56:00
,,,5.1,13.0,9.1,302.0,,,8.0,,,,,2025-12-18 06:26:00
,,,5.3,13.0,9.2,306.0,,,8.0,,,,,2025-12-18 06:56:00
,,,4.9,13.0,9.4,303.0,,,8.0,,,,,2025-12-18 07:26:00
,,,5.1,13.0,9.2,305.0,,,8.0,,,,,2025-12-18 07:56:00
,,,5.3,13.0,9.6,305.0,,,7.9,,,,,2025-12-18 08:26:00
,,,4.5,13.0,8.7,302.0,,,7.9,,,,,2025-12-18 08:56:00
,,,4.2,13.0,8.6,300.0,,,7.9,,,,,2025-12-18 09:26:00
,,,4.6,13.0,9.1,306.0,,,7.9,,,,,2025-12-18 09:56:00
,,,4.4,13.0,9.1,313.0,,,7.9,,,,,2025-12-18 10:26:00
,,,4.0,13.0,8.5,300.0,,,7.8,,,,,2025-12-18 10:56:00
,,,4.7,13.0,9.5,309.0,,,7.8,,,,,2025-12-18 11:26:00
,,,4.3,13.0,9.0,313.0,,,7.8,,,,,2025-12-18 11:56:00
,,,4.2,13.0,8.7,309.0,,,7.8,,,,,2025-12-18 12:26:00
,,,4.6,13.0,9.0,310.0,,,7.8,,,,,2025-12-18 12:56:00
,,,4.4,12.0,8.8,316.0,,,7.8,,,,,2025-12-18 13:26:00
,,,4.8,13.0,9.0,308.0,,,7.8,,,,,2025-12-18 13:56:00
,,,4.4,13.0,8.9,319.0,,,7.8,,,,,2025-12-18 14:26:00
,,,4.2,13.0,8.2,312.0,,,7.8,,,,,2025-12-18 14:56:00
,,,4.0,12.0,8.4,309.0,,,7.8,,,,,2025-12-18 15:26:00
,,,4.1,12.0,8.3,313.0,,,7.8,,,,,2025-12-18 15:56:00
,,,4.3,12.0,8.1,310.0,,,7.8,,,,,2025-12-18 16:26:00
,,,4.3,12.0,8.4,309.0,,,7.9,,,,,2025-12-18 16:56:00
,,,4.1,12.0,8.1,306.0,,,7.9,,,,,2025-12-18 17:26:00
,,,4.1,11.0,7.9,312.0,,,7.9,,,,,2025-12-18 17:56:00
,,,4.2,11.0,7.8,326.0,,,7.9,,,,,2025-12-18 18:26:00
,,,3.7,11.0,7.4,317.0,,,7.9,,,,,2025-12-18 18:56:00
,,,3.8,11.0,7.6,316.0,,,7.9,,,,,2025-12-18 19:26:00
,,,4.0,12.0,8.0,313.0,,,7.9,,,,,2025-12-18 19:56:00
,,,3.7,11.0,7.5,310.0,,,7.9,,,,,2025-12-18 20:26:00
,,,3.9,12.0,7.5,303.0,,,7.9,,,,,2025-12-18 20:56:00
,,,4.0,12.0,7.3,298.0,,,7.9,,,,,2025-12-18 21:26:00
,,,4.2,11.0,7.7,324.0,,,7.9,,,,,2025-12-18 21:56:00
,,,4.4,12.0,7.8,309.0,,,7.9,,,,,2025-12-18 22:26:00
,,,4.1,12.0,7.4,309.0,,,7.9,,,,,2025-12-18 22:56:00
,,,4.0,13.0,7.6,312.0,,,7.9,,,,,2025-12-18 23:26:00
,,,4.4,11.0,7.8,317.0,,,7.9,,,,,2025-12-18 23:56:00
,,,4.5,11.0,8.1,313.0,,,7.9,,,,,2025-12-19 00:26:00
,,,4.7,12.0,8.2,306.0,,,7.9,,,,,2025-12-19 00:56:00
,,,4.8,12.0,8.5,310.0,,,7.9,,,,,2025-12-19 01:26:00
,,,4.8,12.0,8.2,303.0,,,7.9,,,,,2025-12-19 01:56:00
,,,4.4,12.0,8.2,316.0,,,7.9,,,,,2025-12-19 02:26:00
,,,4.4,11.0,8.2,326.0,,,7.9,,,,,2025-12-19 02:56:00
,,,4.6,12.0,8.4,315.0,,,7.8,,,,,2025-12-19 03:26:00
,,,4.4,11.0,8.2,320.0,,,7.8,,,,,2025-12-19 03:56:00
,,,4.6,12.0,8.2,317.0,,,7.8,,,,,2025-12-19 04:26:00
,,,4.4,11.0,8.1,330.0,,,7.8,,,,,2025-12-19 04:56:00
,,,4.4,12.0,8.1,324.0,,,7.8,,,,,2025-12-19 05:26:00
,,,4.6,11.0,8.3,330.0,,,7.8,,,,,2025-12-19 05:56:00
,,,4.1,11.0,7.6,341.0,,,7.9,,,,,2025-12-19 06:26:00
,,,4.1,11.0,7.8,329.0,,,7.9,,,,,2025-12-19 06:56:00
,,,4.2,11.0,8.0,320.0,,,7.9,,,,,2025-12-19 07:26:00
,,,4.3,11.0,7.9,324.0,,,7.9,,,,,2025-12-19 07:56:00
,,,4.0,11.0,7.6,331.0,,,7.9,,,,,2025-12-19 08:26:00
,,,4.5,9.0,7.8,329.0,,,7.9,,,,,2025-12-19 08:56:00
,,,4.2,11.0,7.6,322.0,,,7.9,,,,,2025-12-19 09:26:00
,,,4.2,11.0,7.5,315.0,,,7.9,,,,,2025-12-19 09:56:00
,,,3.9,11.0,7.4,319.0,,,7.9,,,,,2025-12-19 10:26:00
,,,4.1,11.0,7.7,315.0,,,7.9,,,,,2025-12-19 10:56:00
,,,3.9,11.0,7.4,315.0,,,7.9,,,,,2025-12-19 11:26:00
,,,3.8,11.0,7.2,327.0,,,7.9,,,,,2025-12-19 11:56:00
,,,3.9,8.0,7.1,331.0,,,7.9,,,,,2025-12-19 12:26:00
,,,4.0,11.0,7.4,322.0,,,7.9,,,,,2025-12-19 12:56:00
,,,3.5,10.0,6.8,331.0,,,7.9,,,,,2025-12-19 13:26:00
,,,3.7,10.0,7.1,310.0,,,7.8,,,,,2025-12-19 13:56:00
,,,3.7,11.0,7.3,323.0,,,7.9,,,,,2025-12-19 14:26:00
,,,3.8,11.0,7.5,317.0,,,7.8,,,,,2025-12-19 14:56:00
,,,4.1,11.0,7.8,316.0,,,7.8,,,,,2025-12-19 15:26:00
,,,3.9,11.0,7.6,312.0,,,7.8,,,,,2025-12-19 15:56:00
,,,4.0,11.0,7.9,329.0,,,7.8,,,,,2025-12-19 16:26:00
,,,4.0,10.0,7.7,327.0,,,7.8,,,,,2025-12-19 16:56:00
,,,3.8,11.0,7.6,306.0,,,7.8,,,,,2025-12-19 17:26:00
,,,3.8,11.0,7.6,329.0,,,7.8,,,,,2025-12-19 17:56:00
,,,3.9,11.0,7.8,316.0,,,7.8,,,,,2025-12-19 18:26:00
,,,3.9,12.0,8.1,312.0,,,7.8,,,,,2025-12-19 18:56:00
,,,4.0,11.0,7.8,312.0,,,7.8,,,,,2025-12-19 19:26:00
,,,4.1,10.0,7.9,317.0,,,7.8,,,,,2025-12-19 19:56:00
,,,4.3,11.0,7.9,324.0,,,7.8,,,,,2025-12-19 20:26:00
,,,4.1,11.0,7.8,327.0,,,7.8,,,,,2025-12-19 20:56:00
,,,4.3,11.0,8.0,322.0,,,7.8,,,,,2025-12-19 21:26:00
,,,4.0,11.0,7.9,319.0,,,7.8,,,,,2025-12-19 21:56:00
,,,4.5,11.0,8.0,330.0,,,7.8,,,,,2025-12-19 22:26:00
,,,4.1,11.0,7.8,333.0,,,7.8,,,,,2025-12-19 22:56:00
,,,4.1,11.0,7.7,326.0,,,7.8,,,,,2025-12-19 23:26:00
,,,3.8,10.0,7.4,334.0,,,7.8,,,,,2025-12-19 23:56:00
,,,4.0,11.0,7.8,326.0,,,7.8,,,,,2025-12-20 00:26:00
,,,4.1,11.0,7.6,330.0,,,7.8,,,,,2025-12-20 00:56:00
,,,4.1,11.0,7.5,315.0,,,7.8,,,,,2025-12-20 01:26:00
,,,3.9,11.0,7.7,331.0,,,7.8,,,,,2025-12-20 01:56:00
,,,3.8,11.0,7.3,329.0,,,7.8,,,,,2025-12-20 02:26:00
,,,4.0,11.0,7.7,331.0,,,7.8,,,,,2025-12-20 02:56:00
,,,4.1,11.0,8.0,323.0,,,7.8,,,,,2025-12-20 03:26:00
,,,4.0,11.0,7.7,324.0,,,7.8,,,,,2025-12-20 03:56:00
,,,3.6,11.0,7.5,317.0,,,7.8,,,,,2025-12-20 04:26:00
,,,3.6,11.0,7.5,310.0,,,7.8,,,,,2025-12-20 04:56:00
,,,3.6,11.0,7.7,319.0,,,7.8,,,,,2025-12-20 05:26:00
,,,3.5,11.0,7.7,320.0,,,7.7,,,,,2025-12-20 05:56:00
,,,3.5,11.0,7.6,336.0,,,7.7,,,,,2025-12-20 06:26:00
,,,3.7,11.0,7.5,329.0,,,7.7,,,,,2025-12-20 06:56:00
,,,3.6,11.0,7.7,326.0,,,7.7,,,,,2025-12-20 07:26:00
,,,3.3,11.0,7.3,331.0,,,7.7,,,,,2025-12-20 07:56:00
,,,3.2,11.0,7.5,333.0,,,7.7,,,,,2025-12-20 08:26:00
,,,3.3,11.0,7.5,324.0,,,7.7,,,,,2025-12-20 08:56:00
,,,3.3,11.0,7.6,338.0,,,7.7,,,,,2025-12-20 09:26:00
,,,3.6,11.0,7.7,329.0,,,7.7,,,,,2025-12-20 09:56:00
,,,3.6,11.0,7.5,330.0,,,7.7,,,,,2025-12-20 10:26:00
,,,3.6,11.0,7.3,331.0,,,7.7,,,,,2025-12-20 10:56:00
,,,3.5,10.0,7.9,329.0,,,7.7,,,,,2025-12-20 11:26:00
,,,3.4,10.0,7.4,323.0,,,7.7,,,,,2025-12-20 11:56:00
,,,3.5,11.0,7.5,336.0,,,7.7,,,,,2025-12-20 12:26:00
,,,3.5,11.0,7.6,340.0,,,7.7,,,,,2025-12-20 12:56:00
,,,3.6,11.0,7.8,334.0,,,7.7,,,,,2025-12-20 13:26:00
,,,3.4,11.0,7.3,320.0,,,7.7,,,,,2025-12-20 13:56:00
,,,3.3,11.0,7.5,336.0,,,7.7,,,,,2025-12-20 14:26:00
,,,3.6,11.0,7.5,317.0,,,7.7,,,,,2025-12-20 14:56:00
,,,3.7,11.0,7.7,316.0,,,7.7,,,,,2025-12-20 15:26:00
,,,3.4,10.0,7.8,326.0,,,7.7,,,,,2025-12-20 15:56:00
,,,3.6,10.0,7.6,317.0,,,7.8,,,,,2025-12-20 16:56:00
,,,3.2,11.0,7.1,326.0,,,7.8,,,,,2025-12-20 17:26:00
,,,3.5,11.0,7.7,322.0,,,7.8,,,,,2025-12-20 17:56:00
,,,3.7,10.0,8.2,315.0,,,7.8,,,,,2025-12-20 18:26:00
,,,3.6,9.0,7.5,327.0,,,7.8,,,,,2025-12-20 18:56:00
,,,3.5,11.0,7.9,309.0,,,7.8,,,,,2025-12-20 19:26:00
,,,3.5,12.0,7.8,303.0,,,7.8,,,,,2025-12-20 19:56:00
,,,3.7,13.0,7.8,300.0,,,7.8,,,,,2025-12-20 20:26:00
,,,3.9,10.0,8.0,312.0,,,7.8,,,,,2025-12-20 20:56:00
,,,3.9,9.0,8.2,315.0,,,7.7,,,,,2025-12-20 21:26:00
,,,3.8,12.0,8.0,309.0,,,7.7,,,,,2025-12-20 21:56:00
,,,3.6,11.0,8.0,312.0,,,7.7,,,,,2025-12-20 22:26:00
,,,3.9,11.0,8.1,308.0,,,7.7,,,,,2025-12-20 22:56:00
,,,3.6,11.0,8.2,308.0,,,7.7,,,,,2025-12-20 23:26:00
,,,3.8,13.0,8.1,300.0,,,7.6,,,,,2025-12-20 23:56:00
,,,3.6,11.0,7.8,309.0,,,7.6,,,,,2025-12-21 00:26:00
,,,3.8,11.0,8.1,305.0,,,7.5,,,,,2025-12-21 00:56:00
,,,3.7,11.0,7.8,305.0,,,7.3,,,,,2025-12-21 01:26:00
,,,3.6,12.0,8.0,306.0,,,7.3,,,,,2025-12-21 01:56:00
,,,3.7,13.0,8.1,300.0,,,7.5,,,,,2025-12-21 02:26:00
,,,4.0,11.0,8.3,312.0,,,7.5,,,,,2025-12-21 02:56:00
,,,3.5,13.0,8.0,305.0,,,7.5,,,,,2025-12-21 03:26:00
,,,3.9,12.0,8.1,306.0,,,7.5,,,,,2025-12-21 03:56:00
,,,3.8,12.0,8.1,317.0,,,7.5,,,,,2025-12-21 04:26:00
,,,3.7,12.0,8.0,300.0,,,7.4,,,,,2025-12-21 04:56:00
,,,3.6,11.0,7.7,313.0,,,7.5,,,,,2025-12-21 05:26:00
,,,4.0,11.0,7.9,310.0,,,7.5,,,,,2025-12-21 05:56:00
,,,3.6,11.0,7.6,310.0,,,7.5,,,,,2025-12-21 06:26:00
,,,4.0,11.0,7.9,305.0,,,7.5,,,,,2025-12-21 06:56:00
,,,3.7,11.0,7.7,308.0,,,7.7,,,,,2025-12-21 07:26:00
,,,3.8,12.0,7.6,312.0,,,7.6,,,,,2025-12-21 07:56:00
,,,3.7,11.0,7.5,317.0,,,7.6,,,,,2025-12-21 08:26:00
,,,3.5,10.0,7.6,324.0,,,7.6,,,,,2025-12-21 08:56:00
,,,4.2,11.0,7.9,310.0,,,7.6,,,,,2025-12-21 09:26:00
,,,3.9,11.0,7.4,310.0,,,7.6,,,,,2025-12-21 09:56:00
,,,4.0,11.0,7.2,319.0,,,7.6,,,,,2025-12-21 10:26:00
,,,3.8,11.0,7.4,312.0,,,7.6,,,,,2025-12-21 10:56:00
,,,3.7,11.0,7.1,308.0,,,7.6,,,,,2025-12-21 11:26:00
,,,3.9,10.0,7.2,317.0,,,7.6,,,,,2025-12-21 11:56:00
,,,3.7,9.0,7.5,315.0,,,7.6,,,,,2025-12-21 12:26:00
,,,4.0,11.0,7.4,312.0,,,7.6,,,,,2025-12-21 12:56:00
,,,3.7,12.0,7.1,306.0,,,7.6,,,,,2025-12-21 13:26:00
,,,3.8,11.0,7.2,306.0,,,7.6,,,,,2025-12-21 13:56:00
,,,4.0,11.0,7.5,306.0,,,7.5,,,,,2025-12-21 14:26:00
,,,3.9,12.0,7.5,306.0,,,7.5,,,,,2025-12-21 14:56:00
,,,4.1,11.0,7.8,315.0,,,7.5,,,,,2025-12-21 15:26:00
,,,3.7,12.0,7.6,315.0,,,7.5,,,,,2025-12-21 15:56:00
,,,3.5,11.0,7.5,323.0,,,7.5,,,,,2025-12-21 16:26:00
,,,3.8,11.0,7.6,315.0,,,7.5,,,,,2025-12-21 16:56:00
,,,3.6,11.0,7.5,317.0,,,7.5,,,,,2025-12-21 17:26:00
,,,3.4,12.0,7.3,312.0,,,7.5,,,,,2025-12-21 17:56:00
,,,3.6,11.0,8.0,322.0,,,7.5,,,,,2025-12-21 18:26:00
,,,3.5,11.0,7.8,316.0,,,7.4,,,,,2025-12-21 18:56:00
,,,3.6,11.0,7.6,312.0,,,7.4,,,,,2025-12-21 19:26:00
,,,3.6,12.0,7.6,312.0,,,7.4,,,,,2025-12-21 19:56:00
,,,4.3,11.0,8.0,317.0,,,7.4,,,,,2025-12-21 20:26:00
,,,4.4,11.0,7.8,316.0,,,7.4,,,,,2025-12-21 20:56:00
,,,4.5,12.0,7.7,309.0,,,7.4,,,,,2025-12-21 21:26:00
,,,4.6,11.0,7.6,320.0,,,7.4,,,,,2025-12-21 21:56:00
,,,5.0,10.0,7.9,309.0,,,7.4,,,,,2025-12-21 22:26:00
,,,5.0,11.0,7.9,322.0,,,7.4,,,,,2025-12-21 22:56:00
,,,5.2,11.0,8.2,317.0,,,7.4,,,,,2025-12-21 23:26:00
,,,5.0,10.0,8.0,319.0,,,7.4,,,,,2025-12-21 23:56:00
,,,5.3,11.0,8.3,306.0,,,7.4,,,,,2025-12-22 00:26:00
,,,5.0,11.0,8.1,319.0,,,7.4,,,,,2025-12-22 00:56:00
,,,4.9,11.0,8.1,324.0,,,7.4,,,,,2025-12-22 01:26:00
,,,5.7,12.0,8.4,309.0,,,7.4,,,,,2025-12-22 01:56:00
,,,5.3,11.0,8.5,315.0,,,7.4,,,,,2025-12-22 02:26:00
,,,5.2,11.0,8.3,327.0,,,7.4,,,,,2025-12-22 02:56:00
,,,5.5,12.0,8.4,312.0,,,7.5,,,,,2025-12-22 03:26:00
,,,5.5,12.0,8.5,316.0,,,7.5,,,,,2025-12-22 03:56:00
,,,5.1,12.0,8.3,316.0,,,7.5,,,,,2025-12-22 04:26:00
,,,6.1,11.0,9.2,330.0,,,7.5,,,,,2025-12-22 04:56:00
,,,5.6,13.0,8.8,303.0,,,7.5,,,,,2025-12-22 05:26:00
,,,5.2,13.0,8.8,310.0,,,7.5,,,,,2025-12-22 05:56:00
,,,5.3,13.0,8.9,319.0,,,7.5,,,,,2025-12-22 06:26:00
,,,6.3,13.0,9.6,313.0,,,7.5,,,,,2025-12-22 06:56:00
,,,5.6,13.0,9.4,310.0,,,7.5,,,,,2025-12-22 07:26:00
,,,6.5,13.0,10.1,310.0,,,7.5,,,,,2025-12-22 07:56:00
,,,5.7,13.0,9.3,310.0,,,7.4,,,,,2025-12-22 08:26:00
,,,5.3,13.0,9.2,316.0,,,7.4,,,,,2025-12-22 08:56:00
,,,5.2,13.0,9.2,310.0,,,7.4,,,,,2025-12-22 09:26:00
,,,5.1,13.0,9.4,308.0,,,7.5,,,,,2025-12-22 09:56:00
,,,5.1,13.0,9.5,316.0,,,7.4,,,,,2025-12-22 10:26:00
,,,5.2,13.0,9.0,309.0,,,7.4,,,,,2025-12-22 10:56:00
,,,4.5,13.0,8.8,324.0,,,7.4,,,,,2025-12-22 11:26:00
,,,5.0,13.0,9.0,319.0,,,7.4,,,,,2025-12-22 11:56:00
,,,4.7,12.0,8.5,338.0,,,7.4,,,,,2025-12-22 12:26:00
,,,5.7,12.0,9.1,341.0,,,7.4,,,,,2025-12-22 12:56:00
,,,5.4,13.0,8.8,333.0,,,7.4,,,,,2025-12-22 13:26:00
,,,6.4,13.0,9.5,347.0,,,7.4,,,,,2025-12-22 13:56:00
,,,6.1,12.0,9.2,330.0,,,7.4,,,,,2025-12-22 14:26:00
,,,5.9,12.0,9.1,354.0,,,7.4,,,,,2025-12-22 14:56:00
,,,6.0,11.0,9.1,341.0,,,7.4,,,,,2025-12-22 15:26:00
,,,5.5,11.0,8.5,351.0,,,7.4,,,,,2025-12-22 15:56:00
,,,5.7,11.0,8.9,341.0,,,7.4,,,,,2025-12-22 16:26:00
,,,4.7,12.0,8.1,21.0,,,7.4,,,,,2025-12-22 16:56:00
,,,5.0,11.0,8.2,344.0,,,7.4,,,,,2025-12-22 17:26:00
,,,5.2,12.0,8.3,341.0,,,7.4,,,,,2025-12-22 17:56:00
,,,5.5,11.0,8.7,354.0,,,7.4,,,,,2025-12-22 18:26:00
,,,4.7,11.0,8.1,345.0,,,7.4,,,,,2025-12-22 18:56:00
,,,4.6,12.0,7.9,5.0,,,7.4,,,,,2025-12-22 19:26:00
,,,5.1,11.0,8.4,2.0,,,7.4,,,,,2025-12-22 19:56:00
,,,4.5,11.0,7.9,14.0,,,7.4,,,,,2025-12-22 20:26:00
,,,4.9,11.0,8.1,7.0,,,7.4,,,,,2025-12-22 20:56:00
,,,4.6,11.0,7.8,351.0,,,7.4,,,,,2025-12-22 21:26:00
,,,4.3,11.0,8.0,8.0,,,7.4,,,,,2025-12-22 21:56:00
,,,4.2,11.0,7.4,15.0,,,7.4,,,,,2025-12-22 22:26:00
,,,4.5,11.0,8.0,338.0,,,7.4,,,,,2025-12-22 22:56:00
,,,4.3,10.0,7.8,2.0,,,7.4,,,,,2025-12-22 23:26:00
,,,4.4,11.0,7.6,5.0,,,7.4,,,,,2025-12-22 23:56:00
,,,4.2,11.0,7.7,348.0,,,7.4,,,,,2025-12-23 00:26:00
,,,4.2,10.0,7.5,347.0,,,7.4,,,,,2025-12-23 00:56:00
,,,4.6,10.0,8.0,355.0,,,7.3,,,,,2025-12-23 01:26:00
,,,4.2,11.0,7.6,347.0,,,7.3,,,,,2025-12-23 01:56:00
,,,4.8,10.0,7.9,357.0,,,7.3,,,,,2025-12-23 02:26:00
,,,4.1,10.0,7.7,2.0,,,7.2,,,,,2025-12-23 02:56:00
,,,4.5,10.0,7.9,323.0,,,7.2,,,,,2025-12-23 03:26:00
,,,4.1,10.0,7.7,351.0,,,7.2,,,,,2025-12-23 03:56:00
,,,4.0,10.0,7.8,348.0,,,7.2,,,,,2025-12-23 04:26:00
,,,4.0,11.0,7.6,337.0,,,7.3,,,,,2025-12-23 04:56:00
,,,4.0,11.0,7.7,350.0,,,7.3,,,,,2025-12-23 05:26:00
,,,3.6,10.0,7.5,353.0,,,7.3,,,,,2025-12-23 05:56:00
,,,4.0,10.0,7.6,345.0,,,7.3,,,,,2025-12-23 06:26:00
,,,3.7,10.0,7.4,355.0,,,7.3,,,,,2025-12-23 06:56:00
,,,3.7,9.0,7.1,334.0,,,7.3,,,,,2025-12-23 07:26:00
,,,4.2,10.0,7.6,348.0,,,7.3,,,,,2025-12-23 07:56:00
,,,4.0,9.0,7.1,343.0,,,7.3,,,,,2025-12-23 08:26:00
,,,3.9,10.0,7.6,327.0,,,7.3,,,,,2025-12-23 08:56:00
,,,3.8,10.0,7.5,327.0,,,7.3,,,,,2025-12-23 09:26:00
,,,3.7,10.0,7.2,327.0,,,7.4,,,,,2025-12-23 09:56:00
,,,4.0,9.0,7.5,341.0,,,7.4,,,,,2025-12-23 10:26:00
,,,4.1,10.0,7.6,315.0,,,7.4,,,,,2025-12-23 10:56:00
,,,3.7,10.0,7.3,343.0,,,7.4,,,,,2025-12-23 11:26:00
,,,3.6,10.0,7.5,336.0,,,7.4,,,,,2025-12-23 11:56:00
,,,3.6,9.0,7.2,347.0,,,7.4,,,,,2025-12-23 12:26:00
,,,3.6,10.0,7.6,331.0,,,7.3,,,,,2025-12-23 12:56:00
,,,3.8,11.0,7.6,315.0,,,7.3,,,,,2025-12-23 13:26:00
,,,3.5,10.0,7.8,323.0,,,7.4,,,,,2025-12-23 13:56:00
,,,3.4,11.0,7.6,319.0,,,7.4,,,,,2025-12-23 14:26:00
,,,3.4,11.0,7.6,309.0,,,7.4,,,,,2025-12-23 14:56:00
,,,3.4,10.0,7.9,324.0,,,7.4,,,,,2025-12-23 15:26:00
,,,3.2,10.0,7.8,331.0,,,7.4,,,,,2025-12-23 15:56:00
,,,3.4,11.0,7.6,295.0,,,7.4,,,,,2025-12-23 16:26:00
,,,3.3,10.0,7.1,317.0,,,7.4,,,,,2025-12-23 16:56:00
,,,3.9,10.0,7.3,305.0,,,7.3,,,,,2025-12-23 17:26:00
,,,3.9,10.0,7.0,333.0,,,7.3,,,,,2025-12-23 17:56:00
,,,3.8,10.0,7.2,324.0,,,7.3,,,,,2025-12-23 18:26:00
,,,4.0,10.0,7.4,324.0,,,7.3,,,,,2025-12-23 18:56:00
,,,3.9,10.0,7.5,315.0,,,7.3,,,,,2025-12-23 19:26:00
,,,4.0,11.0,7.4,309.0,,,7.3,,,,,2025-12-23 19:56:00
,,,4.1,10.0,7.7,315.0,,,7.3,,,,,2025-12-23 20:26:00
,,,3.8,10.0,7.4,320.0,,,7.3,,,,,2025-12-23 20:56:00
,,,4.1,10.0,7.6,327.0,,,7.3,,,,,2025-12-23 21:26:00
,,,4.1,10.0,7.7,309.0,,,7.3,,,,,2025-12-23 21:56:00
,,,4.2,11.0,7.7,312.0,,,7.3,,,,,2025-12-23 22:26:00
,,,4.3,11.0,7.8,309.0,,,7.3,,,,,2025-12-23 22:56:00
,,,4.1,10.0,7.5,302.0,,,7.3,,,,,2025-12-23 23:26:00
,,,4.2,11.0,7.7,302.0,,,7.3,,,,,2025-12-23 23:56:00
,,,4.0,10.0,7.6,330.0,,,7.3,,,,,2025-12-24 00:26:00
,,,4.1,11.0,7.5,312.0,,,7.4,,,,,2025-12-24 00:56:00
,,,4.0,11.0,7.5,313.0,,,7.4,,,,,2025-12-24 01:26:00
,,,3.8,11.0,7.3,312.0,,,7.4,,,,,2025-12-24 01:56:00
,,,4.0,11.0,7.5,306.0,,,7.4,,,,,2025-12-24 02:26:00
,,,4.1,10.0,7.6,306.0,,,7.4,,,,,2025-12-24 02:56:00
,,,4.4,11.0,7.7,302.0,,,7.4,,,,,2025-12-24 03:26:00
,,,4.5,11.0,7.9,296.0,,,7.4,,,,,2025-12-24 03:56:00
,,,4.2,11.0,7.6,302.0,,,7.4,,,,,2025-12-24 04:26:00
,,,4.3,11.0,7.9,308.0,,,7.4,,,,,2025-12-24 04:56:00
,,,4.3,11.0,7.7,312.0,,,7.4,,,,,2025-12-24 05:26:00
,,,4.9,11.0,8.3,303.0,,,7.4,,,,,2025-12-24 05:56:00
,,,4.3,12.0,7.8,300.0,,,7.4,,,,,2025-12-24 06:26:00
,,,4.5,12.0,8.3,300.0,,,7.3,,,,,2025-12-24 06:56:00
,,,4.4,11.0,8.1,306.0,,,7.3,,,,,2025-12-24 07:26:00
,,,4.3,11.0,8.3,300.0,,,7.3,,,,,2025-12-24 07:56:00
,,,4.4,11.0,8.2,303.0,,,7.3,,,,,2025-12-24 08:26:00
,,,4.2,12.0,8.0,302.0,,,7.3,,,,,2025-12-24 08:56:00
,,,4.4,11.0,8.3,305.0,,,7.2,,,,,2025-12-24 09:26:00
,,,4.3,11.0,8.1,310.0,,,7.2,,,,,2025-12-24 09:56:00
,,,4.1,11.0,8.0,312.0,,,7.2,,,,,2025-12-24 10:26:00
,,,4.4,11.0,8.4,308.0,,,7.2,,,,,2025-12-24 10:56:00
,,,4.5,11.0,8.4,312.0,,,7.2,,,,,2025-12-24 11:26:00
,,,4.1,12.0,8.1,310.0,,,7.2,,,,,2025-12-24 11:56:00
,,,4.7,11.0,8.6,316.0,,,7.2,,,,,2025-12-24 12:26:00
,,,4.5,11.0,8.5,323.0,,,7.2,,,,,2025-12-24 12:56:00
,,,4.8,11.0,8.4,323.0,,,7.2,,,,,2025-12-24 13:26:00
,,,4.4,11.0,8.2,320.0,,,7.2,,,,,2025-12-24 13:56:00
,,,4.3,11.0,8.0,324.0,,,7.2,,,,,2025-12-24 14:26:00
,,,4.2,12.0,8.0,327.0,,,7.2,,,,,2025-12-24 14:56:00
,,,4.0,11.0,7.8,330.0,,,7.3,,,,,2025-12-24 15:26:00
,,,4.2,11.0,8.2,331.0,,,7.3,,,,,2025-12-24 15:56:00
,,,3.9,11.0,7.7,322.0,,,7.3,,,,,2025-12-24 16:26:00
,,,3.7,12.0,7.5,320.0,,,7.3,,,,,2025-12-24 16:56:00
,,,3.9,11.0,7.5,315.0,,,7.3,,,,,2025-12-24 17:26:00
,,,3.7,11.0,7.5,324.0,,,7.3,,,,,2025-12-24 17:56:00
,,,3.5,11.0,7.3,323.0,,,7.3,,,,,2025-12-24 18:26:00
,,,3.4,11.0,7.2,322.0,,,7.3,,,,,2025-12-24 18:56:00
,,,3.5,11.0,7.3,322.0,,,7.3,,,,,2025-12-24 19:26:00
,,,3.0,11.0,7.0,327.0,,,7.3,,,,,2025-12-24 19:56:00
,,,3.2,10.0,7.0,327.0,,,7.3,,,,,2025-12-24 20:26:00
,,,3.0,10.0,6.9,331.0,,,7.3,,,,,2025-12-24 20:56:00
,,,3.0,11.0,7.0,305.0,,,7.3,,,,,2025-12-24 21:26:00
,,,3.1,10.0,7.0,319.0,,,7.3,,,,,2025-12-24 21:56:00
,,,3.0,11.0,7.2,320.0,,,7.3,,,,,2025-12-24 22:26:00
,,,3.0,11.0,7.1,320.0,,,7.3,,,,,2025-12-24 22:56:00
,,,2.8,10.0,6.9,313.0,,,7.2,,,,,2025-12-24 23:26:00
,,,2.9,10.0,6.7,334.0,,,7.2,,,,,2025-12-24 23:56:00
,,,2.9,7.0,6.7,12.0,,,7.2,,,,,2025-12-25 00:26:00
,,,3.0,10.0,7.0,315.0,,,7.0,,,,,2025-12-25 00:56:00
,,,3.1,10.0,6.8,323.0,,,7.0,,,,,2025-12-25 01:26:00
,,,2.8,10.0,6.8,315.0,,,7.0,,,,,2025-12-25 01:56:00
,,,2.8,9.0,6.7,315.0,,,7.0,,,,,2025-12-25 02:26:00
,,,2.9,9.0,6.7,320.0,,,7.0,,,,,2025-12-25 02:56:00
,,,2.7,9.0,6.6,323.0,,,7.1,,,,,2025-12-25 03:26:00
,,,2.7,9.0,6.7,322.0,,,7.1,,,,,2025-12-25 03:56:00
,,,2.8,8.0,6.6,334.0,,,7.2,,,,,2025-12-25 04:26:00
,,,2.8,9.0,6.6,333.0,,,7.2,,,,,2025-12-25 04:56:00
,,,2.6,10.0,6.5,324.0,,,7.2,,,,,2025-12-25 05:26:00
,,,2.7,9.0,6.5,327.0,,,7.2,,,,,2025-12-25 05:56:00
,,,2.5,8.0,6.4,4.0,,,7.2,,,,,2025-12-25 06:26:00
,,,2.7,8.0,6.4,357.0,,,7.2,,,,,2025-12-25 06:56:00
,,,2.4,8.0,6.3,16.0,,,7.2,,,,,2025-12-25 07:26:00
,,,2.4,8.0,6.3,5.0,,,7.2,,,,,2025-12-25 07:56:00
,,,2.3,8.0,6.0,5.0,,,7.2,,,,,2025-12-25 08:26:00
,,,2.4,8.0,6.1,16.0,,,7.3,,,,,2025-12-25 08:56:00
,,,2.2,8.0,6.1,360.0,,,7.3,,,,,2025-12-25 09:26:00
,,,2.3,9.0,6.3,329.0,,,7.3,,,,,2025-12-25 09:56:00
,,,2.0,7.0,5.8,8.0,,,7.3,,,,,2025-12-25 10:26:00
,,,2.3,8.0,6.0,7.0,,,7.2,,,,,2025-12-25 10:56:00
,,,2.2,8.0,5.9,16.0,,,7.2,,,,,2025-12-25 11:26:00
,,,2.2,8.0,6.1,23.0,,,7.2,,,,,2025-12-25 11:56:00
,,,2.1,8.0,5.9,12.0,,,7.2,,,,,2025-12-25 12:26:00
,,,2.2,7.0,6.0,18.0,,,7.2,,,,,2025-12-25 12:56:00
,,,2.2,8.0,6.3,360.0,,,7.2,,,,,2025-12-25 13:26:00
,,,2.2,8.0,6.3,4.0,,,7.2,,,,,2025-12-25 13:56:00
,,,2.2,8.0,6.2,360.0,,,7.2,,,,,2025-12-25 14:26:00
,,,2.0,8.0,5.8,1.0,,,7.2,,,,,2025-12-25 14:56:00
,,,2.2,8.0,5.8,4.0,,,7.1,,,,,2025-12-25 15:26:00
,,,2.1,8.0,5.8,8.0,,,7.1,,,,,2025-12-25 15:56:00
,,,2.2,8.0,5.9,2.0,,,7.1,,,,,2025-12-25 16:26:00
,,,2.2,8.0,5.8,2.0,,,7.1,,,,,2025-12-25 16:56:00
,,,2.2,8.0,5.8,353.0,,,7.1,,,,,2025-12-25 17:26:00
,,,2.1,8.0,5.7,1.0,,,7.1,,,,,2025-12-25 17:56:00
,,,2.3,8.0,5.8,8.0,,,7.1,,,,,2025-12-25 18:26:00
,,,2.3,8.0,5.9,333.0,,,7.1,,,,,2025-12-25 18:56:00
,,,2.1,7.0,5.6,341.0,,,7.1,,,,,2025-12-25 19:26:00
,,,2.3,8.0,5.7,343.0,,,7.2,,,,,2025-12-25 19:56:00
,,,2.2,8.0,5.7,9.0,,,7.2,,,,,2025-12-25 20:26:00
,,,2.4,8.0,5.8,14.0,,,7.2,,,,,2025-12-25 20:56:00
,,,2.4,8.0,5.8,354.0,,,7.2,,,,,2025-12-25 21:26:00
,,,2.3,7.0,5.6,333.0,,,7.2,,,,,2025-12-25 21:56:00
,,,2.4,8.0,5.7,353.0,,,7.2,,,,,2025-12-25 22:26:00
,,,2.3,8.0,5.5,330.0,,,7.2,,,,,2025-12-25 22:56:00
,,,2.2,8.0,5.6,12.0,,,7.3,,,,,2025-12-25 23:26:00
,,,2.3,8.0,5.6,336.0,,,7.3,,,,,2025-12-25 23:56:00
,,,2.5,8.0,5.8,14.0,,,7.3,,,,,2025-12-26 00:26:00
,,,2.1,8.0,5.6,1.0,,,7.3,,,,,2025-12-26 00:56:00
,,,2.3,8.0,5.8,355.0,,,7.3,,,,,2025-12-26 01:26:00
,,,2.1,8.0,5.4,336.0,,,7.3,,,,,2025-12-26 01:56:00
,,,2.3,8.0,5.7,353.0,,,7.3,,,,,2025-12-26 02:26:00
,,,2.2,8.0,5.7,344.0,,,7.3,,,,,2025-12-26 02:56:00
,,,2.2,8.0,5.9,345.0,,,7.3,,,,,2025-12-26 03:26:00
,,,2.0,8.0,5.6,337.0,,,7.2,,,,,2025-12-26 03:56:00
,,,2.2,8.0,6.0,344.0,,,7.2,,,,,2025-12-26 04:26:00
,,,2.2,8.0,5.8,345.0,,,7.2,,,,,2025-12-26 04:56:00
,,,2.0,8.0,5.7,5.0,,,7.2,,,,,2025-12-26 05:26:00
,,,2.2,8.0,5.9,345.0,,,7.2,,,,,2025-12-26 05:56:00
,,,2.1,8.0,5.9,344.0,,,7.2,,,,,2025-12-26 06:26:00
,,,2.1,8.0,5.9,344.0,,,7.2,,,,,2025-12-26 06:56:00
,,,2.1,8.0,5.9,353.0,,,7.2,,,,,2025-12-26 07:26:00
,,,2.0,8.0,5.7,337.0,,,7.2,,,,,2025-12-26 07:56:00
,,,2.0,8.0,5.8,344.0,,,7.2,,,,,2025-12-26 08:26:00
,,,1.9,8.0,5.9,348.0,,,7.2,,,,,2025-12-26 08:56:00
,,,2.0,8.0,6.0,350.0,,,7.2,,,,,2025-12-26 09:26:00
,,,2.0,8.0,6.2,354.0,,,7.2,,,,,2025-12-26 09:56:00
,,,1.8,8.0,5.9,345.0,,,7.2,,,,,2025-12-26 10:26:00
,,,1.9,8.0,6.2,351.0,,,7.2,,,,,2025-12-26 10:56:00
,,,1.9,8.0,6.1,358.0,,,7.2,,,,,2025-12-26 11:26:00
,,,1.9,7.0,6.1,344.0,,,7.2,,,,,2025-12-26 11:56:00
,,,2.0,8.0,6.3,353.0,,,7.2,,,,,2025-12-26 12:26:00
,,,2.0,8.0,6.3,351.0,,,7.3,,,,,2025-12-26 12:56:00
,,,2.1,8.0,6.5,2.0,,,7.3,,,,,2025-12-26 13:26:00
,,,2.1,8.0,6.6,357.0,,,7.3,,,,,2025-12-26 13:56:00
,,,1.9,9.0,6.3,360.0,,,7.3,,,,,2025-12-26 14:26:00
,,,2.1,10.0,6.8,360.0,,,7.3,,,,,2025-12-26 14:56:00
,,,2.2,9.0,6.8,2.0,,,7.3,,,,,2025-12-26 15:26:00
,,,2.2,9.0,6.6,2.0,,,7.3,,,,,2025-12-26 15:56:00
,,,2.2,9.0,6.6,357.0,,,7.3,,,,,2025-12-26 16:26:00
,,,2.3,9.0,6.8,360.0,,,7.3,,,,,2025-12-26 16:56:00
,,,2.1,10.0,6.8,348.0,,,7.3,,,,,2025-12-26 17:26:00
,,,2.1,11.0,6.5,1.0,,,7.3,,,,,2025-12-26 17:56:00
,,,2.1,9.0,6.8,353.0,,,7.3,,,,,2025-12-26 18:26:00
,,,2.0,8.0,6.4,360.0,,,7.3,,,,,2025-12-26 18:56:00
,,,2.0,9.0,6.4,353.0,,,7.3,,,,,2025-12-26 19:26:00
,,,2.0,11.0,6.5,350.0,,,7.3,,,,,2025-12-26 19:56:00
,,,1.8,9.0,6.0,353.0,,,7.3,,,,,2025-12-26 20:26:00
,,,1.9,11.0,6.2,344.0,,,7.3,,,,,2025-12-26 20:56:00
,,,1.9,9.0,6.1,354.0,,,7.3,,,,,2025-12-26 21:26:00
,,,1.8,9.0,5.5,347.0,,,7.3,,,,,2025-12-26 21:56:00
,,,2.0,9.0,5.6,353.0,,,7.3,,,,,2025-12-26 22:26:00
,,,1.9,5.0,5.3,248.0,,,7.3,,,,,2025-12-26 22:56:00
,,,1.9,5.0,5.5,250.0,,,7.3,,,,,2025-12-26 23:26:00
,,,2.1,6.0,5.3,250.0,,,7.3,,,,,2025-12-26 23:56:00
,,,2.0,6.0,5.5,257.0,,,7.3,,,,,2025-12-27 00:26:00
,,,2.1,5.0,5.3,241.0,,,7.3,,,,,2025-12-27 00:56:00
,,,2.1,6.0,5.3,246.0,,,7.3,,,,,2025-12-27 01:26:00
,,,2.2,6.0,5.3,237.0,,,7.3,,,,,2025-12-27 01:56:00
,,,2.2,6.0,5.4,251.0,,,7.3,,,,,2025-12-27 02:26:00
,,,2.2,6.0,5.3,241.0,,,7.3,,,,,2025-12-27 02:56:00
,,,2.3,6.0,5.4,248.0,,,7.3,,,,,2025-12-27 03:26:00
,,,2.3,6.0,5.4,246.0,,,7.3,,,,,2025-12-27 03:56:00
,,,2.3,7.0,5.7,248.0,,,7.3,,,,,2025-12-27 04:26:00
,,,2.3,7.0,5.5,247.0,,,7.3,,,,,2025-12-27 04:56:00
,,,2.2,6.0,5.4,239.0,,,7.3,,,,,2025-12-27 05:26:00
,,,2.4,7.0,5.7,251.0,,,7.3,,,,,2025-12-27 05:56:00
,,,2.5,7.0,5.6,241.0,,,7.3,,,,,2025-12-27 06:26:00
,,,2.5,7.0,5.8,247.0,,,7.3,,,,,2025-12-27 06:56:00
,,,2.6,7.0,5.8,243.0,,,7.3,,,,,2025-12-27 07:26:00
,,,2.4,8.0,5.7,237.0,,,7.3,,,,,2025-12-27 07:56:00
,,,2.8,7.0,6.0,236.0,,,7.3,,,,,2025-12-27 08:26:00
,,,2.8,7.0,6.1,218.0,,,7.3,,,,,2025-12-27 08:56:00
,,,3.2,7.0,6.2,220.0,,,7.3,,,,,2025-12-27 09:26:00
,,,3.3,8.0,6.4,234.0,,,7.3,,,,,2025-12-27 09:56:00
,,,3.2,8.0,6.4,227.0,,,7.3,,,,,2025-12-27 10:26:00
,,,3.7,8.0,6.9,240.0,,,7.3,,,,,2025-12-27 10:56:00
,,,3.5,8.0,6.7,241.0,,,7.3,,,,,2025-12-27 11:26:00
,,,3.8,8.0,6.9,240.0,,,7.3,,,,,2025-12-27 11:56:00
,,,4.0,9.0,7.0,254.0,,,7.3,,,,,2025-12-27 12:26:00
,,,3.8,8.0,7.0,243.0,,,7.3,,,,,2025-12-27 12:56:00
,,,4.0,9.0,7.1,257.0,,,7.3,,,,,2025-12-27 13:26:00
,,,4.1,8.0,7.2,230.0,,,7.3,,,,,2025-12-27 13:56:00
,,,4.3,9.0,7.2,246.0,,,7.3,,,,,2025-12-27 14:26:00
,,,4.6,10.0,7.5,250.0,,,7.3,,,,,2025-12-27 14:56:00
,,,3.9,10.0,7.0,250.0,,,7.3,,,,,2025-12-27 15:26:00
,,,4.5,9.0,7.4,229.0,,,7.3,,,,,2025-12-27 15:56:00
,,,4.6,10.0,7.5,241.0,,,7.3,,,,,2025-12-27 16:26:00
,,,4.6,9.0,7.6,223.0,,,7.3,,,,,2025-12-27 16:56:00
,,,4.1,9.0,7.2,223.0,,,7.3,,,,,2025-12-27 17:26:00
,,,4.8,10.0,7.7,243.0,,,7.3,,,,,2025-12-27 17:56:00
,,,4.5,9.0,7.5,220.0,,,7.3,,,,,2025-12-27 18:26:00
,,,4.8,10.0,7.9,236.0,,,7.3,,,,,2025-12-27 18:56:00
,,,4.6,11.0,7.7,229.0,,,7.3,,,,,2025-12-27 19:26:00
,,,4.8,11.0,8.0,239.0,,,7.3,,,,,2025-12-27 19:56:00
,,,5.4,10.0,8.2,233.0,,,7.3,,,,,2025-12-27 20:26:00
,,,4.9,11.0,8.3,230.0,,,7.3,,,,,2025-12-27 20:56:00
,,,4.7,12.0,8.2,239.0,,,7.3,,,,,2025-12-27 21:26:00
,,,5.0,11.0,8.3,236.0,,,7.3,,,,,2025-12-27 21:56:00
,,,5.0,11.0,8.5,237.0,,,7.3,,,,,2025-12-27 22:26:00
,,,4.8,11.0,8.2,220.0,,,7.3,,,,,2025-12-27 22:56:00
,,,4.9,11.0,8.4,227.0,,,7.3,,,,,2025-12-27 23:26:00
,,,5.0,10.0,8.2,209.0,,,7.3,,,,,2025-12-27 23:56:00
,,,5.7,11.0,8.9,227.0,,,7.3,,,,,2025-12-28 00:26:00
,,,4.6,12.0,7.9,236.0,,,7.3,,,,,2025-12-28 00:56:00
,,,5.4,10.0,8.8,225.0,,,7.3,,,,,2025-12-28 01:26:00
,,,5.0,11.0,8.4,225.0,,,7.3,,,,,2025-12-28 01:56:00
,,,4.7,11.0,8.3,230.0,,,7.3,,,,,2025-12-28 02:26:00
,,,4.6,11.0,8.3,232.0,,,7.3,,,,,2025-12-28 02:56:00
,,,4.6,11.0,8.0,227.0,,,7.3,,,,,2025-12-28 03:26:00
,,,4.7,12.0,8.2,240.0,,,7.3,,,,,2025-12-28 03:56:00
,,,4.7,11.0,8.4,237.0,,,7.3,,,,,2025-12-28 04:26:00
,,,4.4,10.0,8.1,222.0,,,7.3,,,,,2025-12-28 04:56:00
,,,4.8,11.0,8.4,220.0,,,7.3,,,,,2025-12-28 05:26:00
,,,4.6,11.0,8.2,229.0,,,7.3,,,,,2025-12-28 05:56:00
,,,4.7,11.0,8.3,229.0,,,7.3,,,,,2025-12-28 06:26:00
,,,4.4,11.0,8.2,213.0,,,7.3,,,,,2025-12-28 06:56:00
,,,4.8,12.0,8.2,244.0,,,7.3,,,,,2025-12-28 07:26:00
,,,4.3,11.0,7.9,225.0,,,7.3,,,,,2025-12-28 07:56:00
,,,4.7,11.0,8.4,232.0,,,7.3,,,,,2025-12-28 08:26:00
,,,4.5,12.0,8.2,236.0,,,7.3,,,,,2025-12-28 08:56:00
,,,4.8,11.0,8.3,226.0,,,7.3,,,,,2025-12-28 09:26:00
,,,4.5,12.0,8.4,230.0,,,7.3,,,,,2025-12-28 09:56:00
,,,4.3,11.0,8.2,218.0,,,7.3,,,,,2025-12-28 10:26:00
,,,4.5,11.0,8.5,222.0,,,7.3,,,,,2025-12-28 10:56:00
,,,4.3,12.0,8.2,216.0,,,7.3,,,,,2025-12-28 11:26:00
,,,4.1,11.0,8.0,219.0,,,7.3,,,,,2025-12-28 11:56:00
,,,4.1,11.0,8.0,219.0,,,7.3,,,,,2025-12-28 12:26:00
,,,4.3,12.0,8.5,226.0,,,7.3,,,,,2025-12-28 12:56:00
,,,4.5,12.0,8.8,222.0,,,7.3,,,,,2025-12-28 13:26:00
,,,4.6,12.0,8.8,219.0,,,7.3,,,,,2025-12-28 13:56:00
,,,4.1,11.0,8.5,216.0,,,7.3,,,,,2025-12-28 14:26:00
,,,4.2,12.0,8.5,226.0,,,7.3,,,,,2025-12-28 14:56:00
,,,4.3,10.0,8.3,212.0,,,7.3,,,,,2025-12-28 15:26:00
,,,4.4,12.0,8.5,227.0,,,7.3,,,,,2025-12-28 15:56:00
,,,4.4,12.0,8.5,222.0,,,7.3,,,,,2025-12-28 16:26:00
,,,4.2,11.0,8.4,205.0,,,7.3,,,,,2025-12-28 16:56:00
,,,4.1,11.0,8.2,223.0,,,7.3,,,,,2025-12-28 17:26:00
,,,4.3,11.0,8.4,215.0,,,7.3,,,,,2025-12-28 17:56:00
,,,4.5,11.0,8.6,206.0,,,7.3,,,,,2025-12-28 18:26:00
,,,4.2,10.0,8.2,209.0,,,7.3,,,,,2025-12-28 18:56:00
,,,4.4,11.0,8.3,219.0,,,7.3,,,,,2025-12-28 19:26:00
,,,4.3,11.0,8.3,216.0,,,7.3,,,,,2025-12-28 19:56:00
,,,4.6,11.0,8.8,219.0,,,7.3,,,,,2025-12-28 20:26:00
,,,4.2,12.0,8.4,220.0,,,7.3,,,,,2025-12-28 20:56:00
,,,4.1,12.0,8.3,218.0,,,7.3,,,,,2025-12-28 21:26:00
,,,3.9,11.0,8.1,209.0,,,7.3,,,,,2025-12-28 21:56:00
,,,4.1,11.0,8.0,227.0,,,7.3,,,,,2025-12-28 22:26:00
,,,4.2,11.0,8.2,213.0,,,7.3,,,,,2025-12-28 22:56:00
,,,4.0,11.0,7.6,213.0,,,7.3,,,,,2025-12-28 23:26:00
,,,4.6,11.0,8.4,215.0,,,7.3,,,,,2025-12-28 23:56:00
,,,4.5,11.0,8.0,212.0,,,7.3,,,,,2025-12-29 00:26:00
,,,4.8,11.0,8.0,210.0,,,7.3,,,,,2025-12-29 00:56:00
,,,4.5,11.0,8.0,209.0,,,7.3,,,,,2025-12-29 01:26:00
,,,4.6,12.0,7.9,206.0,,,7.3,,,,,2025-12-29 01:56:00
,,,4.3,11.0,8.0,202.0,,,7.3,,,,,2025-12-29 02:26:00
,,,4.5,11.0,8.1,215.0,,,7.3,,,,,2025-12-29 02:56:00
,,,4.6,12.0,8.1,205.0,,,7.3,,,,,2025-12-29 03:26:00
,,,4.0,10.0,7.8,198.0,,,7.3,,,,,2025-12-29 03:56:00
,,,4.5,11.0,8.3,203.0,,,7.3,,,,,2025-12-29 04:26:00
,,,4.5,10.0,8.2,194.0,,,7.3,,,,,2025-12-29 04:56:00
,,,4.5,11.0,8.3,206.0,,,7.3,,,,,2025-12-29 05:26:00
,,,4.1,10.0,7.8,205.0,,,7.3,,,,,2025-12-29 05:56:00
,,,4.3,11.0,7.8,196.0,,,7.3,,,,,2025-12-29 06:26:00
,,,4.4,11.0,8.0,195.0,,,7.3,,,,,2025-12-29 06:56:00
,,,4.5,11.0,8.2,192.0,,,7.3,,,,,2025-12-29 07:26:00
,,,4.6,11.0,8.2,191.0,,,7.3,,,,,2025-12-29 07:56:00
,,,4.5,13.0,8.0,205.0,,,7.3,,,,,2025-12-29 08:26:00
,,,4.8,11.0,8.4,199.0,,,7.3,,,,,2025-12-29 08:56:00
,,,4.3,12.0,8.2,202.0,,,7.3,,,,,2025-12-29 09:26:00
,,,4.8,11.0,8.1,205.0,,,7.3,,,,,2025-12-29 09:56:00
,,,4.6,11.0,8.1,201.0,,,7.3,,,,,2025-12-29 10:26:00
,,,4.6,11.0,8.2,198.0,,,7.3,,,,,2025-12-29 10:56:00
,,,4.8,12.0,8.5,202.0,,,7.3,,,,,2025-12-29 11:26:00
,,,4.3,11.0,8.1,215.0,,,7.3,,,,,2025-12-29 11:56:00
,,,4.2,11.0,7.8,202.0,,,7.3,,,,,2025-12-29 12:26:00
,,,4.5,11.0,7.9,209.0,,,7.3,,,,,2025-12-29 12:56:00
,,,4.8,11.0,8.2,215.0,,,7.3,,,,,2025-12-29 13:26:00
,,,5.0,11.0,8.5,218.0,,,7.3,,,,,2025-12-29 13:56:00
,,,4.8,12.0,8.4,210.0,,,7.3,,,,,2025-12-29 14:26:00
,,,4.4,11.0,8.0,212.0,,,7.3,,,,,2025-12-29 14:56:00
,,,4.5,11.0,7.8,226.0,,,7.3,,,,,2025-12-29 15:26:00
,,,4.7,11.0,7.9,208.0,,,7.3,,,,,2025-12-29 15:56:00
,,,4.4,11.0,7.9,215.0,,,7.3,,,,,2025-12-29 16:26:00
,,,4.8,11.0,8.3,216.0,,,7.3,,,,,2025-12-29 16:56:00
,,,4.4,11.0,7.9,229.0,,,7.3,,,,,2025-12-29 17:26:00
,,,4.3,11.0,7.8,212.0,,,7.3,,,,,2025-12-29 17:56:00
,,,4.5,12.0,8.0,218.0,,,7.3,,,,,2025-12-29 18:26:00
,,,4.4,11.0,8.0,222.0,,,7.3,,,,,2025-12-29 18:56:00
,,,4.6,11.0,8.0,203.0,,,7.3,,,,,2025-12-29 19:26:00
,,,4.4,11.0,8.0,223.0,,,7.3,,,,,2025-12-29 19:56:00
,,,4.8,12.0,7.9,210.0,,,7.3,,,,,2025-12-29 20:26:00
,,,4.7,13.0,8.1,210.0,,,7.3,,,,,2025-12-29 20:56:00
,,,4.7,11.0,8.1,219.0,,,7.3,,,,,2025-12-29 21:26:00
,,,4.9,11.0,8.3,220.0,,,7.3,,,,,2025-12-29 21:56:00
,,,4.9,11.0,8.2,232.0,,,7.3,,,,,2025-12-29 22:26:00
,,,4.7,11.0,8.2,226.0,,,7.3,,,,,2025-12-29 22:56:00
,,,4.7,10.0,8.2,194.0,,,7.3,,,,,2025-12-29 23:26:00
,,,4.6,11.0,8.2,230.0,,,7.3,,,,,2025-12-29 23:56:00
,,,4.8,12.0,8.6,222.0,,,7.3,,,,,2025-12-30 00:26:00
,,,4.8,13.0,8.4,209.0,,,7.3,,,,,2025-12-30 00:56:00
,,,4.9,12.0,8.5,218.0,,,7.3,,,,,2025-12-30 01:26:00
,,,4.6,11.0,8.2,218.0,,,7.3,,,,,2025-12-30 01:56:00
,,,4.6,12.0,8.4,222.0,,,7.3,,,,,2025-12-30 02:26:00
,,,4.7,11.0,8.4,225.0,,,7.3,,,,,2025-12-30 02:56:00
,,,4.3,12.0,8.1,220.0,,,7.3,,,,,2025-12-30 03:26:00
,,,4.9,11.0,8.4,230.0,,,7.3,,,,,2025-12-30 03:56:00
,,,4.4,12.0,8.3,241.0,,,7.3,,,,,2025-12-30 04:26:00
,,,4.8,11.0,8.2,230.0,,,7.3,,,,,2025-12-30 04:56:00
,,,4.3,11.0,8.1,229.0,,,7.3,,,,,2025-12-30 05:26:00
,,,4.4,11.0,8.1,223.0,,,7.3,,,,,2025-12-30 05:56:00
,,,4.5,12.0,8.1,212.0,,,7.3,,,,,2025-12-30 06:26:00
,,,4.2,11.0,7.8,236.0,,,7.3,,,,,2025-12-30 06:56:00
,,,4.7,12.0,8.1,209.0,,,7.3,,,,,2025-12-30 07:26:00
,,,4.0,10.0,7.7,208.0,,,7.3,,,,,2025-12-30 07:56:00
,,,4.2,11.0,7.9,201.0,,,7.3,,,,,2025-12-30 08:26:00
,,,4.6,11.0,8.2,226.0,,,7.3,,,,,2025-12-30 08:56:00
,,,4.3,11.0,8.1,227.0,,,7.3,,,,,2025-12-30 09:26:00
,,,4.4,11.0,8.2,205.0,,,7.3,,,,,2025-12-30 09:56:00
,,,3.9,11.0,7.8,210.0,,,7.3,,,,,2025-12-30 10:26:00
,,,4.2,10.0,8.0,210.0,,,7.3,,,,,2025-12-30 10:56:00
,,,4.4,11.0,8.2,215.0,,,7.3,,,,,2025-12-30 11:26:00
,,,4.2,12.0,8.1,201.0,,,7.3,,,,,2025-12-30 11:56:00
,,,4.3,12.0,7.9,216.0,,,7.3,,,,,2025-12-30 12:26:00
,,,4.1,11.0,7.7,210.0,,,7.3,,,,,2025-12-30 12:56:00
,,,4.7,12.0,8.0,205.0,,,7.3,,,,,2025-12-30 13:26:00
,,,4.1,10.0,7.7,205.0,,,7.3,,,,,2025-12-30 13:56:00
,,,4.5,11.0,7.9,232.0,,,7.3,,,,,2025-12-30 14:26:00
,,,4.5,11.0,7.8,206.0,,,7.2,,,,,2025-12-30 14:56:00
,,,4.6,11.0,7.8,206.0,,,7.2,,,,,2025-12-30 15:26:00
,,,4.4,11.0,7.8,205.0,,,7.3,,,,,2025-12-30 15:56:00
,,,4.7,11.0,7.9,222.0,,,7.2,,,,,2025-12-30 16:26:00
,,,4.7,11.0,8.0,209.0,,,7.2,,,,,2025-12-30 16:56:00
,,,4.8,11.0,8.1,218.0,,,7.2,,,,,2025-12-30 17:26:00
,,,4.7,11.0,8.1,227.0,,,7.2,,,,,2025-12-30 17:56:00
,,,4.6,11.0,7.8,222.0,,,7.2,,,,,2025-12-30 18:26:00
,,,4.8,11.0,8.2,233.0,,,7.2,,,,,2025-12-30 18:56:00
,,,4.8,11.0,8.2,215.0,,,7.2,,,,,2025-12-30 19:26:00
,,,4.9,12.0,8.4,222.0,,,7.2,,,,,2025-12-30 19:56:00
,,,4.8,11.0,8.1,240.0,,,7.2,,,,,2025-12-30 20:26:00
,,,4.7,11.0,8.1,230.0,,,7.2,,,,,2025-12-30 20:56:00
,,,4.7,11.0,8.3,263.0,,,7.2,,,,,2025-12-30 21:26:00
,,,4.8,11.0,8.6,284.0,,,7.3,,,,,2025-12-30 21:56:00
,,,4.6,11.0,8.5,272.0,,,7.2,,,,,2025-12-30 22:26:00
,,,5.1,11.0,8.8,267.0,,,7.2,,,,,2025-12-30 22:56:00
,,,4.9,11.0,8.6,246.0,,,7.2,,,,,2025-12-30 23:26:00
,,,4.6,12.0,8.5,237.0,,,7.2,,,,,2025-12-30 23:56:00
,,,4.7,11.0,8.5,274.0,,,7.2,,,,,2025-12-31 00:26:00
,,,4.3,11.0,8.3,260.0,,,7.2,,,,,2025-12-31 00:56:00
,,,4.1,11.0,8.4,248.0,,,7.2,,,,,2025-12-31 01:26:00
,,,4.6,10.0,8.8,267.0,,,7.2,,,,,2025-12-31 01:56:00
,,,4.2,12.0,8.6,241.0,,,7.2,,,,,2025-12-31 02:26:00
,,,4.0,11.0,8.6,229.0,,,7.2,,,,,2025-12-31 02:56:00
,,,4.2,10.0,8.7,270.0,,,7.2,,,,,2025-12-31 03:26:00
,,,3.9,10.0,8.4,270.0,,,7.2,,,,,2025-12-31 03:56:00
,,,4.0,10.0,8.4,278.0,,,7.2,,,,,2025-12-31 04:26:00
,,,3.6,11.0,8.0,240.0,,,7.2,,,,,2025-12-31 04:56:00
,,,3.4,11.0,7.9,255.0,,,7.2,,,,,2025-12-31 05:26:00
,,,3.7,11.0,8.2,254.0,,,7.2,,,,,2025-12-31 05:56:00
,,,3.2,10.0,8.0,288.0,,,7.2,,,,,2025-12-31 06:26:00
,,,3.6,10.0,8.5,264.0,,,7.2,,,,,2025-12-31 06:56:00
,,,3.2,10.0,8.0,260.0,,,7.2,,,,,2025-12-31 07:26:00
,,,3.4,10.0,8.3,279.0,,,7.2,,,,,2025-12-31 07:56:00
,,,3.4,10.0,8.2,261.0,,,7.2,,,,,2025-12-31 08:26:00
,,,3.3,11.0,8.2,289.0,,,7.2,,,,,2025-12-31 08:56:00
,,,3.2,10.0,7.9,279.0,,,7.2,,,,,2025-12-31 09:26:00
,,,3.3,11.0,8.2,260.0,,,7.2,,,,,2025-12-31 09:56:00
,,,3.4,10.0,8.3,288.0,,,7.2,,,,,2025-12-31 10:26:00
,,,3.3,11.0,8.3,289.0,,,7.2,,,,,2025-12-31 10:56:00
,,,3.4,10.0,7.8,240.0,,,7.2,,,,,2025-12-31 11:26:00
,,,3.5,10.0,8.1,286.0,,,7.1,,,,,2025-12-31 11:56:00
,,,3.5,11.0,8.1,300.0,,,7.2,,,,,2025-12-31 12:26:00
,,,3.6,11.0,8.3,284.0,,,7.2,,,,,2025-12-31 12:56:00
,,,3.7,10.0,8.3,274.0,,,7.1,,,,,2025-12-31 13:26:00
,,,3.8,10.0,8.4,282.0,,,7.2,,,,,2025-12-31 13:56:00
,,,3.6,10.0,8.3,270.0,,,7.2,,,,,2025-12-31 14:26:00
,,,3.1,11.0,8.0,291.0,,,7.2,,,,,2025-12-31 14:56:00
,,,3.3,10.0,8.3,268.0,,,7.2,,,,,2025-12-31 15:26:00
,,,3.1,11.0,8.2,292.0,,,7.2,,,,,2025-12-31 15:56:00
,,,3.0,10.0,7.9,284.0,,,7.2,,,,,2025-12-31 16:26:00
,,,3.1,11.0,8.4,286.0,,,7.2,,,,,2025-12-31 16:56:00
,,,3.3,11.0,8.8,308.0,,,7.1,,,,,2025-12-31 17:26:00
,,,3.3,13.0,8.5,300.0,,,7.1,,,,,2025-12-31 17:56:00
,,,3.4,10.0,8.7,286.0,,,7.1,,,,,2025-12-31 18:26:00
,,,3.5,11.0,9.1,295.0,,,7.2,,,,,2025-12-31 18:56:00
,,,3.3,13.0,8.9,303.0,,,7.2,,,,,2025-12-31 19:26:00
,,,3.5,13.0,9.1,300.0,,,7.2,,,,,2025-12-31 19:56:00
,,,3.6,13.0,9.3,292.0,,,7.2,,,,,2025-12-31 20:26:00
,,,3.4,13.0,9.1,293.0,,,7.2,,,,,2025-12-31 20:56:00
,,,3.6,13.0,9.1,303.0,,,7.2,,,,,2025-12-31 21:26:00
,,,3.6,12.0,9.1,305.0,,,7.2,,,,,2025-12-31 21:56:00
,,,3.2,13.0,8.7,295.0,,,7.1,,,,,2025-12-31 22:26:00
,,,3.5,13.0,8.8,300.0,,,7.1,,,,,2025-12-31 22:56:00
,,,4.0,11.0,9.0,308.0,,,7.1,,,,,2025-12-31 23:56:00
,,,3.6,12.0,8.8,316.0,,,7.1,,,,,2026-01-01 00:26:00
,,,3.6,12.0,8.7,306.0,,,7.1,,,,,2026-01-01 00:56:00
,,,4.0,11.0,9.0,310.0,,,7.1,,,,,2026-01-01 01:26:00
,,,4.1,13.0,9.1,302.0,,,7.1,,,,,2026-01-01 01:56:00
,,,3.9,13.0,9.0,309.0,,,7.1,,,,,2026-01-01 02:26:00
,,,3.8,13.0,8.8,305.0,,,7.1,,,,,2026-01-01 02:56:00
,,,4.3,13.0,9.2,308.0,,,7.1,,,,,2026-01-01 03:26:00
,,,4.0,12.0,9.1,315.0,,,7.1,,,,,2026-01-01 03:56:00
,,,3.8,12.0,8.8,315.0,,,7.1,,,,,2026-01-01 04:26:00
,,,4.0,12.0,9.4,310.0,,,7.1,,,,,2026-01-01 04:56:00
,,,3.9,12.0,9.1,310.0,,,7.1,,,,,2026-01-01 05:26:00
,,,3.7,11.0,8.8,310.0,,,7.1,,,,,2026-01-01 05:56:00
,,,3.8,13.0,8.3,305.0,,,7.1,,,,,2026-01-01 06:26:00
,,,3.8,11.0,8.4,305.0,,,7.1,,,,,2026-01-01 06:56:00
,,,4.0,12.0,8.4,309.0,,,7.1,,,,,2026-01-01 07:26:00
,,,3.8,11.0,8.1,309.0,,,7.1,,,,,2026-01-01 07:56:00
,,,3.4,14.0,7.7,309.0,,,7.1,,,,,2026-01-01 08:26:00
,,,3.6,13.0,8.4,317.0,,,7.1,,,,,2026-01-01 08:56:00
,,,3.4,11.0,8.0,305.0,,,7.1,,,,,2026-01-01 09:26:00
,,,3.5,13.0,8.1,316.0,,,7.1,,,,,2026-01-01 09:56:00
,,,3.7,13.0,8.1,315.0,,,7.1,,,,,2026-01-01 10:26:00
,,,3.9,13.0,8.3,316.0,,,7.1,,,,,2026-01-01 10:56:00
,,,4.0,13.0,8.1,320.0,,,7.1,,,,,2026-01-01 11:26:00
,,,3.9,13.0,8.0,310.0,,,7.1,,,,,2026-01-01 11:56:00
,,,3.9,13.0,8.1,306.0,,,7.1,,,,,2026-01-01 12:26:00
,,,4.1,12.0,8.2,319.0,,,7.1,,,,,2026-01-01 12:56:00
,,,3.9,13.0,8.1,316.0,,,7.1,,,,,2026-01-01 13:26:00
,,,4.0,12.0,8.2,320.0,,,7.1,,,,,2026-01-01 13:56:00
,,,4.1,13.0,8.3,317.0,,,7.1,,,,,2026-01-01 14:26:00
,,,4.2,13.0,8.6,320.0,,,7.1,,,,,2026-01-01 14:56:00
,,,4.4,13.0,8.8,319.0,,,7.1,,,,,2026-01-01 15:26:00
,,,4.3,11.0,8.5,319.0,,,7.1,,,,,2026-01-01 15:56:00
,,,4.1,12.0,8.7,310.0,,,7.1,,,,,2026-01-01 16:26:00
,,,4.4,11.0,8.7,313.0,,,7.1,,,,,2026-01-01 16:56:00
,,,4.5,13.0,8.8,317.0,,,7.1,,,,,2026-01-01 17:26:00
,,,4.1,12.0,8.2,323.0,,,7.1,,,,,2026-01-01 17:56:00
,,,4.3,10.0,8.4,316.0,,,7.1,,,,,2026-01-01 18:26:00
,,,4.0,13.0,8.3,322.0,,,7.1,,,,,2026-01-01 18:56:00
,,,4.0,13.0,8.1,323.0,,,7.1,,,,,2026-01-01 19:26:00
,,,4.0,13.0,7.9,315.0,,,7.1,,,,,2026-01-01 19:56:00
,,,4.4,10.0,7.9,315.0,,,7.1,,,,,2026-01-01 20:26:00
,,,4.7,11.0,8.2,327.0,,,7.1,,,,,2026-01-01 20:56:00
,,,4.7,12.0,8.1,327.0,,,7.1,,,,,2026-01-01 21:26:00
,,,4.2,11.0,8.0,329.0,,,7.1,,,,,2026-01-01 21:56:00
,,,4.4,12.0,8.3,326.0,,,7.1,,,,,2026-01-01 22:26:00
,,,4.1,13.0,8.2,330.0,,,7.1,,,,,2026-01-01 22:56:00
,,,3.9,12.0,8.1,326.0,,,7.1,,,,,2026-01-01 23:26:00
,,,4.0,13.0,8.4,322.0,,,7.1,,,,,2026-01-01 23:56:00
,,,4.1,13.0,8.5,322.0,,,7.1,,,,,2026-01-02 00:26:00
,,,3.9,12.0,8.5,326.0,,,7.1,,,,,2026-01-02 00:56:00
,,,3.9,12.0,8.7,323.0,,,7.1,,,,,2026-01-02 01:26:00
,,,3.9,12.0,8.6,326.0,,,7.1,,,,,2026-01-02 01:56:00
,,,3.7,13.0,8.3,329.0,,,7.1,,,,,2026-01-02 02:26:00
,,,3.5,13.0,7.9,327.0,,,7.1,,,,,2026-01-02 02:56:00
,,,3.4,13.0,7.9,324.0,,,7.1,,,,,2026-01-02 03:26:00
,,,3.3,11.0,7.7,316.0,,,7.1,,,,,2026-01-02 03:56:00
,,,3.3,11.0,7.7,326.0,,,7.1,,,,,2026-01-02 04:26:00
,,,3.4,12.0,7.7,330.0,,,7.1,,,,,2026-01-02 04:56:00
,,,3.3,12.0,7.6,324.0,,,7.1,,,,,2026-01-02 05:26:00
,,,2.9,11.0,7.0,338.0,,,7.1,,,,,2026-01-02 05:56:00
,,,3.2,10.0,7.3,316.0,,,7.1,,,,,2026-01-02 06:26:00
,,,2.9,11.0,6.9,329.0,,,7.1,,,,,2026-01-02 06:56:00
,,,3.1,11.0,7.4,330.0,,,7.1,,,,,2026-01-02 07:26:00
,,,3.2,10.0,7.4,326.0,,,7.1,,,,,2026-01-02 07:56:00
,,,3.0,11.0,7.0,333.0,,,7.1,,,,,2026-01-02 08:26:00
,,,2.8,11.0,6.8,343.0,,,7.1,,,,,2026-01-02 08:56:00
,,,3.0,11.0,7.3,334.0,,,7.1,,,,,2026-01-02 09:26:00
,,,3.0,10.0,7.3,337.0,,,7.1,,,,,2026-01-02 09:56:00
,,,2.9,10.0,7.2,331.0,,,7.1,,,,,2026-01-02 10:26:00
,,,3.1,10.0,7.4,331.0,,,7.1,,,,,2026-01-02 10:56:00
,,,2.7,10.0,6.7,329.0,,,7.1,,,,,2026-01-02 11:26:00
,,,2.6,10.0,6.7,326.0,,,7.1,,,,,2026-01-02 11:56:00
,,,2.6,10.0,6.7,331.0,,,7.1,,,,,2026-01-02 12:26:00
,,,2.7,9.0,6.9,330.0,,,7.1,,,,,2026-01-02 12:56:00
,,,2.6,9.0,6.5,326.0,,,7.1,,,,,2026-01-02 13:26:00
,,,2.6,10.0,6.7,333.0,,,7.0,,,,,2026-01-02 13:56:00
,,,2.4,10.0,6.7,330.0,,,7.0,,,,,2026-01-02 14:26:00
,,,2.4,10.0,6.6,329.0,,,7.0,,,,,2026-01-02 14:56:00
,,,2.2,10.0,6.6,329.0,,,7.0,,,,,2026-01-02 15:26:00
,,,2.2,8.0,6.5,331.0,,,7.0,,,,,2026-01-02 15:56:00
,,,2.1,10.0,6.3,333.0,,,7.0,,,,,2026-01-02 16:26:00
,,,2.1,8.0,6.1,333.0,,,7.0,,,,,2026-01-02 16:56:00
,,,2.1,10.0,6.4,334.0,,,7.0,,,,,2026-01-02 17:26:00
,,,2.0,10.0,6.2,327.0,,,7.0,,,,,2026-01-02 17:56:00
,,,1.9,8.0,6.2,324.0,,,7.0,,,,,2026-01-02 18:26:00
,,,1.8,10.0,6.0,323.0,,,7.0,,,,,2026-01-02 18:56:00
,,,2.1,10.0,6.5,340.0,,,7.0,,,,,2026-01-02 19:26:00
,,,1.9,10.0,6.2,345.0,,,7.0,,,,,2026-01-02 19:56:00
,,,1.8,9.0,6.2,334.0,,,7.0,,,,,2026-01-02 20:26:00
,,,1.9,10.0,6.4,348.0,,,7.0,,,,,2026-01-02 20:56:00
,,,1.8,9.0,6.0,337.0,,,7.0,,,,,2026-01-02 21:26:00
,,,2.0,8.0,6.3,333.0,,,7.0,,,,,2026-01-02 21:56:00
,,,2.0,9.0,6.3,340.0,,,7.0,,,,,2026-01-02 22:26:00
,,,1.9,9.0,6.3,343.0,,,7.0,,,,,2026-01-02 22:56:00
,,,1.8,9.0,6.2,344.0,,,7.0,,,,,2026-01-02 23:26:00
,,,2.0,9.0,6.3,338.0,,,7.0,,,,,2026-01-02 23:56:00
,,,2.1,9.0,6.3,344.0,,,7.0,,,,,2026-01-03 00:26:00
,,,2.1,8.0,6.4,334.0,,,7.0,,,,,2026-01-03 00:56:00
,,,2.1,9.0,6.4,344.0,,,6.9,,,,,2026-01-03 01:26:00
,,,2.0,8.0,6.2,330.0,,,6.9,,,,,2026-01-03 01:56:00
,,,2.0,8.0,6.2,333.0,,,6.9,,,,,2026-01-03 02:26:00
,,,1.9,8.0,6.1,348.0,,,6.9,,,,,2026-01-03 02:56:00
,,,2.0,8.0,6.2,336.0,,,6.9,,,,,2026-01-03 03:26:00
,,,1.9,8.0,6.1,348.0,,,6.9,,,,,2026-01-03 03:56:00
,,,1.9,8.0,6.3,337.0,,,7.0,,,,,2026-01-03 04:26:00
,,,2.0,8.0,6.3,338.0,,,7.0,,,,,2026-01-03 04:56:00
,,,1.9,8.0,6.4,341.0,,,7.0,,,,,2026-01-03 05:26:00
,,,2.0,8.0,6.3,340.0,,,7.0,,,,,2026-01-03 05:56:00
,,,2.0,8.0,6.1,337.0,,,7.0,,,,,2026-01-03 06:26:00
,,,2.0,8.0,5.9,340.0,,,7.0,,,,,2026-01-03 06:56:00
,,,2.0,8.0,5.8,347.0,,,7.0,,,,,2026-01-03 07:26:00
,,,2.0,13.0,5.8,270.0,,,7.0,,,,,2026-01-03 07:56:00
,,,2.3,9.0,5.8,340.0,,,7.0,,,,,2026-01-03 08:26:00
,,,2.2,13.0,5.7,265.0,,,7.0,,,,,2026-01-03 08:56:00
,,,2.3,6.0,5.6,281.0,,,7.0,,,,,2026-01-03 09:26:00
,,,2.4,6.0,5.7,272.0,,,7.0,,,,,2026-01-03 09:56:00
,,,2.4,7.0,5.8,315.0,,,7.0,,,,,2026-01-03 10:26:00
,,,2.6,6.0,5.9,281.0,,,7.0,,,,,2026-01-03 10:56:00
,,,2.5,7.0,6.0,286.0,,,7.0,,,,,2026-01-03 11:26:00
,,,2.6,7.0,5.8,281.0,,,7.0,,,,,2026-01-03 11:56:00
,,,3.0,7.0,6.2,284.0,,,7.0,,,,,2026-01-03 12:26:00
,,,2.8,7.0,6.1,284.0,,,7.0,,,,,2026-01-03 12:56:00
,,,2.8,8.0,6.1,292.0,,,7.0,,,,,2026-01-03 13:26:00
,,,3.3,7.0,6.3,298.0,,,7.0,,,,,2026-01-03 13:56:00
,,,3.2,8.0,6.4,320.0,,,7.0,,,,,2026-01-03 14:26:00
,,,3.1,8.0,6.3,299.0,,,7.0,,,,,2026-01-03 14:56:00
,,,3.1,8.0,6.3,293.0,,,7.0,,,,,2026-01-03 15:26:00
,,,3.3,8.0,6.6,293.0,,,7.0,,,,,2026-01-03 15:56:00
,,,3.2,8.0,6.4,305.0,,,7.0,,,,,2026-01-03 16:26:00
,,,3.2,8.0,6.6,300.0,,,7.0,,,,,2026-01-03 16:56:00
,,,3.4,8.0,6.7,288.0,,,7.0,,,,,2026-01-03 17:26:00
,,,3.3,8.0,6.6,296.0,,,7.0,,,,,2026-01-03 17:56:00
,,,3.2,8.0,6.4,300.0,,,7.0,,,,,2026-01-03 18:26:00
,,,3.2,8.0,6.6,298.0,,,7.0,,,,,2026-01-03 18:56:00
,,,3.4,8.0,6.9,300.0,,,7.0,,,,,2026-01-03 19:26:00
,,,3.2,8.0,6.7,300.0,,,7.0,,,,,2026-01-03 19:56:00
,,,3.6,8.0,7.1,289.0,,,7.0,,,,,2026-01-03 20:26:00
,,,3.4,8.0,6.9,292.0,,,7.0,,,,,2026-01-03 20:56:00
,,,3.4,8.0,6.9,309.0,,,7.0,,,,,2026-01-03 21:26:00
,,,3.1,8.0,6.7,302.0,,,7.0,,,,,2026-01-03 21:56:00
,,,3.0,8.0,6.9,302.0,,,7.0,,,,,2026-01-03 22:26:00
,,,3.2,8.0,6.9,299.0,,,7.0,,,,,2026-01-03 22:56:00
,,,2.9,8.0,6.7,299.0,,,7.0,,,,,2026-01-03 23:26:00
,,,3.1,9.0,7.0,292.0,,,7.0,,,,,2026-01-03 23:56:00
,,,2.9,9.0,6.6,288.0,,,7.0,,,,,2026-01-04 00:26:00
,,,3.0,8.0,6.9,305.0,,,7.0,,,,,2026-01-04 00:56:00
,,,2.8,9.0,6.7,286.0,,,7.0,,,,,2026-01-04 01:26:00
,,,3.1,8.0,7.0,296.0,,,7.0,,,,,2026-01-04 01:56:00
,,,2.7,9.0,6.9,295.0,,,7.0,,,,,2026-01-04 02:26:00
,,,2.7,9.0,7.1,295.0,,,7.0,,,,,2026-01-04 02:56:00
,,,2.7,8.0,7.2,300.0,,,7.0,,,,,2026-01-04 03:26:00
,,,2.8,8.0,7.0,310.0,,,7.0,,,,,2026-01-04 03:56:00
,,,2.7,9.0,7.1,296.0,,,7.0,,,,,2026-01-04 04:26:00
,,,2.8,8.0,7.1,316.0,,,7.0,,,,,2026-01-04 04:56:00
,,,2.7,9.0,7.0,299.0,,,7.0,,,,,2026-01-04 05:26:00
,,,2.6,8.0,7.2,312.0,,,7.0,,,,,2026-01-04 05:56:00
,,,2.6,8.0,7.3,303.0,,,7.0,,,,,2026-01-04 06:26:00
,,,2.4,8.0,7.1,299.0,,,7.0,,,,,2026-01-04 06:56:00
,,,2.6,8.0,7.2,300.0,,,7.0,,,,,2026-01-04 07:26:00
,,,2.5,12.0,7.5,275.0,,,7.0,,,,,2026-01-04 07:56:00
,,,2.5,8.0,7.3,300.0,,,7.1,,,,,2026-01-04 08:26:00
,,,2.3,8.0,7.2,298.0,,,7.1,,,,,2026-01-04 08:56:00
,,,2.3,8.0,7.3,298.0,,,7.1,,,,,2026-01-04 09:26:00
,,,2.3,8.0,6.9,302.0,,,7.1,,,,,2026-01-04 09:56:00
,,,2.3,8.0,7.0,292.0,,,7.0,,,,,2026-01-04 10:26:00
,,,2.2,8.0,7.1,305.0,,,7.0,,,,,2026-01-04 10:56:00
,,,2.1,8.0,7.0,309.0,,,7.0,,,,,2026-01-04 11:26:00
,,,2.5,8.0,7.3,303.0,,,7.0,,,,,2026-01-04 11:56:00
,,,2.4,8.0,7.1,286.0,,,7.0,,,,,2026-01-04 12:26:00
,,,2.3,9.0,7.0,279.0,,,7.0,,,,,2026-01-04 12:56:00
,,,2.1,8.0,7.0,293.0,,,7.0,,,,,2026-01-04 13:26:00
,,,1.9,11.0,7.1,278.0,,,7.1,,,,,2026-01-04 13:56:00
,,,1.9,13.0,6.9,265.0,,,7.1,,,,,2026-01-04 14:26:00
,,,2.0,11.0,7.2,261.0,,,7.0,,,,,2026-01-04 14:56:00
,,,1.9,8.0,7.2,270.0,,,7.1,,,,,2026-01-04 15:26:00
,,,2.0,12.0,7.5,271.0,,,7.1,,,,,2026-01-04 15:56:00
,,,1.9,13.0,7.5,263.0,,,7.1,,,,,2026-01-04 16:26:00
,,,1.9,8.0,7.6,275.0,,,7.1,,,,,2026-01-04 16:56:00
,,,2.0,11.0,7.5,270.0,,,7.1,,,,,2026-01-04 17:26:00
,,,1.9,9.0,7.5,264.0,,,7.1,,,,,2026-01-04 17:56:00
,,,2.1,14.0,7.9,282.0,,,7.1,,,,,2026-01-04 18:26:00
,,,2.1,14.0,7.8,278.0,,,7.1,,,,,2026-01-04 18:56:00
,,,2.0,14.0,7.9,282.0,,,7.1,,,,,2026-01-04 19:26:00
,,,2.0,11.0,8.0,268.0,,,7.1,,,,,2026-01-04 19:56:00
,,,2.1,12.0,8.3,268.0,,,7.1,,,,,2026-01-04 20:26:00
,,,2.1,13.0,8.1,261.0,,,7.1,,,,,2026-01-04 20:56:00
,,,2.4,9.0,8.3,270.0,,,7.1,,,,,2026-01-04 21:26:00
,,,2.3,10.0,7.9,265.0,,,7.1,,,,,2026-01-04 21:56:00
,,,2.3,8.0,7.6,272.0,,,7.1,,,,,2026-01-04 22:26:00
,,,2.3,13.0,7.8,255.0,,,7.1,,,,,2026-01-04 22:56:00
,,,2.3,10.0,7.7,272.0,,,7.1,,,,,2026-01-04 23:26:00
,,,2.7,9.0,7.9,261.0,,,7.0,,,,,2026-01-04 23:56:00
,,,2.5,9.0,7.5,268.0,,,7.0,,,,,2026-01-05 00:26:00
,,,2.5,10.0,7.7,257.0,,,7.0,,,,,2026-01-05 00:56:00
,,,2.3,13.0,7.2,272.0,,,7.0,,,,,2026-01-05 01:26:00
,,,2.3,9.0,7.1,271.0,,,7.0,,,,,2026-01-05 01:56:00
,,,2.4,12.0,6.9,113.0,,,7.0,,,,,2026-01-05 02:26:00
,,,2.3,11.0,7.2,253.0,,,7.0,,,,,2026-01-05 02:56:00
,,,2.5,11.0,7.3,248.0,,,7.0,,,,,2026-01-05 03:26:00
,,,2.4,10.0,7.2,265.0,,,7.0,,,,,2026-01-05 03:56:00
,,,2.3,9.0,7.2,263.0,,,7.0,,,,,2026-01-05 04:26:00
,,,2.3,11.0,6.7,244.0,,,7.0,,,,,2026-01-05 04:56:00
,,,2.3,10.0,6.8,261.0,,,7.0,,,,,2026-01-05 05:26:00
,,,2.3,10.0,6.7,270.0,,,7.0,,,,,2026-01-05 05:56:00
,,,2.3,11.0,6.5,246.0,,,7.0,,,,,2026-01-05 06:26:00
,,,2.3,10.0,6.5,260.0,,,7.0,,,,,2026-01-05 06:56:00
,,,2.4,11.0,6.2,260.0,,,7.0,,,,,2026-01-05 07:26:00
,,,2.6,10.0,6.4,271.0,,,7.1,,,,,2026-01-05 07:56:00
,,,2.7,9.0,6.4,264.0,,,7.0,,,,,2026-01-05 08:26:00
,,,2.8,10.0,6.7,263.0,,,7.1,,,,,2026-01-05 08:56:00
,,,2.8,9.0,6.2,265.0,,,7.0,,,,,2026-01-05 09:26:00
,,,3.0,9.0,6.3,264.0,,,7.0,,,,,2026-01-05 09:56:00
,,,3.1,6.0,6.4,255.0,,,7.0,,,,,2026-01-05 10:26:00
,,,2.8,9.0,6.2,267.0,,,7.0,,,,,2026-01-05 10:56:00
,,,3.2,9.0,6.6,274.0,,,7.0,,,,,2026-01-05 11:26:00
,,,3.3,10.0,6.5,270.0,,,7.0,,,,,2026-01-05 11:56:00
,,,3.1,7.0,6.4,254.0,,,7.0,,,,,2026-01-05 12:26:00
,,,3.3,9.0,6.5,268.0,,,7.0,,,,,2026-01-05 12:56:00
,,,3.3,8.0,6.5,267.0,,,7.0,,,,,2026-01-05 13:26:00
,,,3.6,9.0,6.9,268.0,,,7.0,,,,,2026-01-05 13:56:00
,,,3.4,8.0,6.5,275.0,,,7.0,,,,,2026-01-05 14:26:00
,,,3.6,8.0,6.7,271.0,,,7.0,,,,,2026-01-05 14:56:00
,,,3.5,9.0,6.9,268.0,,,7.0,,,,,2026-01-05 15:26:00
,,,3.6,8.0,6.8,261.0,,,7.0,,,,,2026-01-05 15:56:00
,,,3.5,8.0,6.8,257.0,,,7.0,,,,,2026-01-05 16:26:00
,,,3.5,9.0,7.0,265.0,,,7.0,,,,,2026-01-05 16:56:00
,,,3.6,9.0,7.1,261.0,,,6.9,,,,,2026-01-05 17:26:00
,,,3.4,10.0,6.9,277.0,,,6.9,,,,,2026-01-05 17:56:00
,,,3.5,9.0,7.0,263.0,,,6.9,,,,,2026-01-05 18:26:00
,,,3.6,10.0,7.2,272.0,,,6.9,,,,,2026-01-05 18:56:00
,,,3.7,10.0,7.2,279.0,,,6.9,,,,,2026-01-05 19:26:00
,,,3.6,11.0,7.0,278.0,,,6.9,,,,,2026-01-05 19:56:00
,,,3.8,10.0,7.3,275.0,,,6.9,,,,,2026-01-05 20:26:00
,,,3.7,10.0,7.2,278.0,,,6.9,,,,,2026-01-05 20:56:00
,,,3.6,11.0,7.1,272.0,,,6.9,,,,,2026-01-05 21:26:00
,,,3.7,10.0,7.2,271.0,,,6.9,,,,,2026-01-05 21:56:00
,,,3.8,9.0,7.1,261.0,,,6.9,,,,,2026-01-05 22:26:00
,,,3.4,11.0,7.2,281.0,,,6.9,,,,,2026-01-05 22:56:00
,,,4.1,10.0,7.5,278.0,,,6.9,,,,,2026-01-05 23:26:00
,,,4.5,10.0,8.0,275.0,,,6.9,,,,,2026-01-05 23:56:00
,,,4.1,10.0,7.5,271.0,,,6.9,,,,,2026-01-06 00:26:00
,,,4.4,10.0,7.7,278.0,,,6.9,,,,,2026-01-06 00:56:00
,,,4.1,10.0,7.5,268.0,,,6.9,,,,,2026-01-06 01:26:00
,,,4.2,11.0,7.6,288.0,,,6.9,,,,,2026-01-06 01:56:00
,,,4.1,10.0,7.5,288.0,,,6.9,,,,,2026-01-06 02:26:00
,,,4.5,11.0,7.7,288.0,,,6.9,,,,,2026-01-06 02:56:00
,,,4.5,10.0,7.8,289.0,,,6.9,,,,,2026-01-06 03:26:00
,,,4.7,11.0,8.0,288.0,,,6.9,,,,,2026-01-06 03:56:00
,,,4.7,11.0,7.9,286.0,,,6.9,,,,,2026-01-06 05:26:00
,,,4.9,11.0,8.1,286.0,,,6.9,,,,,2026-01-06 05:56:00
,,,4.5,12.0,8.1,292.0,,,6.9,,,,,2026-01-06 06:26:00
,,,5.2,11.0,8.3,284.0,,,6.9,,,,,2026-01-06 06:56:00
,,,4.7,11.0,8.2,285.0,,,6.9,,,,,2026-01-06 07:26:00
,,,5.4,11.0,8.9,288.0,,,6.8,,,,,2026-01-06 07:56:00
,,,5.3,12.0,8.8,293.0,,,6.8,,,,,2026-01-06 08:26:00
,,,5.3,12.0,8.7,296.0,,,6.8,,,,,2026-01-06 08:56:00
,,,5.0,13.0,8.8,289.0,,,6.8,,,,,2026-01-06 09:26:00
,,,5.3,11.0,8.8,284.0,,,6.7,,,,,2026-01-06 09:56:00
,,,5.9,11.0,9.0,284.0,,,6.7,,,,,2026-01-06 10:26:00
,,,5.8,13.0,9.5,299.0,,,6.7,,,,,2026-01-06 10:56:00
,,,6.4,13.0,9.8,291.0,,,6.7,,,,,2026-01-06 11:26:00
,,,6.6,13.0,9.7,285.0,,,6.7,,,,,2026-01-06 11:56:00
,,,6.6,14.0,9.9,293.0,,,6.7,,,,,2026-01-06 12:26:00
,,,7.2,13.0,10.4,295.0,,,6.7,,,,,2026-01-06 12:56:00
,,,7.1,13.0,10.5,288.0,,,6.7,,,,,2026-01-06 13:26:00
,,,8.9,13.0,11.1,293.0,,,6.7,,,,,2026-01-06 13:56:00
,,,7.4,13.0,10.5,292.0,,,6.7,,,,,2026-01-06 14:26:00
,,,7.7,18.0,10.7,284.0,,,6.7,,,,,2026-01-06 14:56:00
,,,8.1,17.0,11.1,292.0,,,6.7,,,,,2026-01-06 15:26:00
,,,7.8,13.0,10.8,289.0,,,6.7,,,,,2026-01-06 15:56:00
,,,8.2,13.0,11.1,292.0,,,6.7,,,,,2026-01-06 16:26:00
,,,8.1,17.0,10.8,295.0,,,6.7,,,,,2026-01-06 16:56:00
,,,7.8,15.0,10.7,293.0,,,6.7,,,,,2026-01-06 17:26:00
,,,8.4,15.0,11.2,298.0,,,6.7,,,,,2026-01-06 17:56:00
,,,7.7,13.0,10.6,295.0,,,6.7,,,,,2026-01-06 18:26:00
,,,8.0,13.0,10.5,292.0,,,6.7,,,,,2026-01-06 18:56:00
,,,8.4,15.0,10.9,298.0,,,6.7,,,,,2026-01-06 19:26:00
,,,7.4,14.0,10.4,289.0,,,6.7,,,,,2026-01-06 19:56:00
,,,7.8,17.0,11.1,289.0,,,6.7,,,,,2026-01-06 20:26:00
,,,8.2,15.0,10.7,296.0,,,6.7,,,,,2026-01-06 20:56:00
,,,8.2,13.0,10.5,284.0,,,6.7,,,,,2026-01-06 21:26:00
,,,7.6,14.0,10.5,286.0,,,6.7,,,,,2026-01-06 21:56:00
,,,8.2,17.0,10.3,288.0,,,6.7,,,,,2026-01-06 22:26:00
,,,7.9,15.0,11.0,285.0,,,6.7,,,,,2026-01-06 22:56:00
,,,8.0,15.0,10.6,282.0,,,6.7,,,,,2026-01-06 23:26:00
,,,7.5,14.0,10.4,284.0,,,6.7,,,,,2026-01-06 23:56:00
,,,8.6,13.0,10.8,285.0,,,6.7,,,,,2026-01-07 00:26:00
,,,8.8,13.0,11.1,282.0,,,6.7,,,,,2026-01-07 00:56:00
,,,9.2,15.0,11.4,282.0,,,6.7,,,,,2026-01-07 01:26:00
,,,8.4,14.0,10.6,285.0,,,6.7,,,,,2026-01-07 01:56:00
,,,9.2,14.0,11.1,286.0,,,6.7,,,,,2026-01-07 02:26:00
,,,9.3,15.0,11.2,286.0,,,6.7,,,,,2026-01-07 02:56:00
,,,9.1,15.0,11.3,292.0,,,6.7,,,,,2026-01-07 03:26:00
,,,9.5,14.0,11.4,282.0,,,6.7,,,,,2026-01-07 03:56:00
,,,8.7,15.0,11.0,284.0,,,6.7,,,,,2026-01-07 04:26:00
,,,9.6,13.0,11.3,278.0,,,6.7,,,,,2026-01-07 04:56:00
,,,8.9,15.0,10.8,288.0,,,6.7,,,,,2026-01-07 05:26:00
,,,8.2,14.0,10.6,296.0,,,6.7,,,,,2026-01-07 05:56:00
,,,9.5,15.0,11.3,285.0,,,6.7,,,,,2026-01-07 06:26:00
,,,8.4,15.0,11.1,274.0,,,6.7,,,,,2026-01-07 06:56:00
,,,8.0,15.0,10.6,275.0,,,6.7,,,,,2026-01-07 07:26:00
,,,9.2,14.0,11.5,292.0,,,6.7,,,,,2026-01-07 07:56:00
,,,9.4,15.0,11.2,281.0,,,6.7,,,,,2026-01-07 08:26:00
,,,8.2,14.0,10.8,277.0,,,6.7,,,,,2026-01-07 08:56:00
,,,8.6,15.0,11.1,285.0,,,6.7,,,,,2026-01-07 09:26:00
,,,8.5,14.0,11.1,281.0,,,6.7,,,,,2026-01-07 09:56:00
,,,9.4,17.0,11.5,284.0,,,6.7,,,,,2026-01-07 10:26:00
,,,7.6,13.0,10.2,275.0,,,6.7,,,,,2026-01-07 10:56:00
,,,8.7,14.0,11.3,277.0,,,6.7,,,,,2026-01-07 11:26:00
,,,7.7,13.0,10.6,292.0,,,6.7,,,,,2026-01-07 11:56:00
,,,7.1,15.0,10.4,278.0,,,6.7,,,,,2026-01-07 12:26:00
,,,7.5,15.0,10.8,282.0,,,6.7,,,,,2026-01-07 12:56:00
,,,7.1,17.0,10.7,274.0,,,6.7,,,,,2026-01-07 13:26:00
,,,8.0,15.0,11.1,278.0,,,6.7,,,,,2026-01-07 13:56:00
,,,7.0,15.0,10.5,281.0,,,6.7,,,,,2026-01-07 14:26:00
,,,6.3,15.0,9.7,284.0,,,6.7,,,,,2026-01-07 14:56:00
,,,7.0,15.0,10.8,278.0,,,6.7,,,,,2026-01-07 15:26:00
,,,6.7,13.0,10.2,285.0,,,6.7,,,,,2026-01-07 15:56:00
,,,6.9,14.0,10.4,282.0,,,6.7,,,,,2026-01-07 16:26:00
,,,6.4,15.0,10.0,284.0,,,6.7,,,,,2026-01-07 16:56:00
,,,6.6,15.0,10.4,278.0,,,6.7,,,,,2026-01-07 17:26:00
,,,6.7,15.0,10.5,284.0,,,6.7,,,,,2026-01-07 17:56:00
,,,6.3,15.0,10.3,282.0,,,6.7,,,,,2026-01-07 18:26:00
,,,6.4,17.0,10.4,284.0,,,6.7,,,,,2026-01-07 18:56:00
,,,5.8,14.0,10.3,284.0,,,6.7,,,,,2026-01-07 19:26:00
,,,6.1,15.0,10.1,285.0,,,6.7,,,,,2026-01-07 19:56:00
,,,5.5,13.0,10.2,285.0,,,6.7,,,,,2026-01-07 20:26:00
,,,6.1,14.0,10.1,284.0,,,6.7,,,,,2026-01-07 20:56:00
,,,5.8,14.0,9.8,278.0,,,6.7,,,,,2026-01-07 21:26:00
,,,5.7,14.0,9.7,288.0,,,6.7,,,,,2026-01-07 21:56:00
,,,5.5,15.0,9.2,284.0,,,6.7,,,,,2026-01-07 22:26:00
,,,5.5,13.0,9.4,285.0,,,6.7,,,,,2026-01-07 22:56:00
,,,5.5,14.0,9.5,279.0,,,6.7,,,,,2026-01-07 23:26:00
,,,6.1,15.0,10.0,284.0,,,6.7,,,,,2026-01-07 23:56:00
,,,5.5,13.0,9.6,292.0,,,6.7,,,,,2026-01-08 00:26:00
,,,6.4,13.0,10.2,296.0,,,6.6,,,,,2026-01-08 00:56:00
,,,5.7,12.0,9.5,288.0,,,6.6,,,,,2026-01-08 01:26:00
,,,5.6,14.0,9.7,288.0,,,6.6,,,,,2026-01-08 01:56:00
,,,5.6,12.0,9.6,292.0,,,6.6,,,,,2026-01-08 02:26:00
,,,5.2,12.0,9.2,299.0,,,6.6,,,,,2026-01-08 02:56:00
,,,5.5,14.0,9.8,281.0,,,6.6,,,,,2026-01-08 03:26:00
,,,5.1,13.0,9.3,296.0,,,6.6,,,,,2026-01-08 03:56:00
,,,5.4,14.0,9.8,292.0,,,6.6,,,,,2026-01-08 04:26:00
,,,5.3,14.0,9.8,293.0,,,6.7,,,,,2026-01-08 04:56:00
,,,5.1,12.0,9.5,296.0,,,6.7,,,,,2026-01-08 05:26:00
,,,4.7,13.0,9.3,300.0,,,6.7,,,,,2026-01-08 05:56:00
,,,4.6,13.0,9.2,300.0,,,6.7,,,,,2026-01-08 06:26:00
,,,4.7,11.0,9.1,305.0,,,6.7,,,,,2026-01-08 06:56:00
,,,4.5,12.0,9.3,302.0,,,6.7,,,,,2026-01-08 07:26:00
,,,4.4,14.0,9.5,286.0,,,6.7,,,,,2026-01-08 07:56:00
,,,4.5,14.0,9.5,288.0,,,6.7,,,,,2026-01-08 08:26:00
,,,4.2,13.0,9.3,303.0,,,6.7,,,,,2026-01-08 08:56:00
,,,4.1,13.0,9.2,285.0,,,6.7,,,,,2026-01-08 10:26:00
,,,4.0,11.0,9.1,298.0,,,6.7,,,,,2026-01-08 10:56:00
,,,3.9,13.0,9.1,289.0,,,6.7,,,,,2026-01-08 11:26:00
,,,4.0,12.0,8.8,299.0,,,6.7,,,,,2026-01-08 11:56:00
,,,3.8,10.0,8.6,299.0,,,6.7,,,,,2026-01-08 12:26:00
,,,4.1,13.0,9.0,282.0,,,6.7,,,,,2026-01-08 12:56:00
,,,3.9,12.0,8.6,296.0,,,6.7,,,,,2026-01-08 13:26:00
,,,3.8,12.0,8.1,299.0,,,6.7,,,,,2026-01-08 13:56:00
,,,3.7,11.0,8.1,295.0,,,6.7,,,,,2026-01-08 14:26:00
,,,3.6,10.0,7.8,298.0,,,6.7,,,,,2026-01-08 14:56:00
,,,3.8,12.0,7.8,303.0,,,6.7,,,,,2026-01-08 15:26:00
,,,3.7,13.0,7.5,302.0,,,6.7,,,,,2026-01-08 15:56:00
,,,3.8,13.0,7.4,306.0,,,6.7,,,,,2026-01-08 16:26:00
,,,3.9,12.0,7.6,292.0,,,6.7,,,,,2026-01-08 16:56:00
,,,4.1,13.0,7.4,295.0,,,6.7,,,,,2026-01-08 17:26:00
,,,4.4,13.0,7.6,313.0,,,6.7,,,,,2026-01-08 17:56:00
,,,4.3,8.0,7.4,199.0,,,6.7,,,,,2026-01-08 18:26:00
,,,4.1,8.0,7.4,188.0,,,6.8,,,,,2026-01-08 18:56:00
,,,4.0,8.0,7.3,202.0,,,6.8,,,,,2026-01-08 20:26:00
,,,4.7,9.0,7.7,209.0,,,6.9,,,,,2026-01-08 20:56:00
,,,4.3,9.0,7.7,202.0,,,6.9,,,,,2026-01-08 21:26:00
,,,4.3,9.0,7.7,201.0,,,6.9,,,,,2026-01-08 21:56:00
,,,4.2,10.0,7.8,206.0,,,6.9,,,,,2026-01-08 22:26:00
,,,4.8,10.0,8.1,201.0,,,6.9,,,,,2026-01-08 22:56:00
,,,4.5,10.0,7.8,201.0,,,6.9,,,,,2026-01-08 23:26:00
,,,4.7,11.0,8.4,210.0,,,6.9,,,,,2026-01-08 23:56:00
,,,4.7,10.0,8.0,212.0,,,6.9,,,,,2026-01-09 00:26:00
,,,4.4,10.0,7.9,209.0,,,6.9,,,,,2026-01-09 00:56:00
,,,4.8,10.0,8.5,210.0,,,6.9,,,,,2026-01-09 01:26:00
,,,5.6,11.0,8.8,213.0,,,6.9,,,,,2026-01-09 01:56:00
,,,4.7,11.0,8.4,201.0,,,6.9,,,,,2026-01-09 02:26:00
,,,5.0,11.0,8.5,202.0,,,6.9,,,,,2026-01-09 02:56:00
,,,4.8,11.0,8.3,195.0,,,6.9,,,,,2026-01-09 03:26:00
,,,5.1,12.0,8.8,212.0,,,6.9,,,,,2026-01-09 03:56:00
,,,5.2,11.0,8.7,202.0,,,6.9,,,,,2026-01-09 04:26:00
,,,6.0,11.0,9.1,202.0,,,6.9,,,,,2026-01-09 04:56:00
,,,5.5,11.0,8.9,205.0,,,6.9,,,,,2026-01-09 05:26:00
,,,4.9,11.0,8.5,206.0,,,6.9,,,,,2026-01-09 05:56:00
,,,5.6,12.0,8.8,219.0,,,6.9,,,,,2026-01-09 06:26:00
,,,5.6,11.0,8.8,202.0,,,6.9,,,,,2026-01-09 06:56:00
,,,5.6,11.0,8.7,196.0,,,6.9,,,,,2026-01-09 07:26:00
,,,5.9,12.0,9.0,206.0,,,6.9,,,,,2026-01-09 07:56:00
,,,5.4,11.0,8.8,201.0,,,6.9,,,,,2026-01-09 08:26:00
,,,5.4,12.0,8.7,192.0,,,6.9,,,,,2026-01-09 08:56:00
,,,5.2,12.0,8.8,199.0,,,6.8,,,,,2026-01-09 09:26:00
,,,5.0,12.0,8.8,213.0,,,6.8,,,,,2026-01-09 09:56:00
,,,5.5,11.0,8.9,203.0,,,6.8,,,,,2026-01-09 10:26:00
,,,5.1,12.0,8.7,213.0,,,6.8,,,,,2026-01-09 10:56:00
,,,5.5,12.0,9.1,202.0,,,6.9,,,,,2026-01-09 11:26:00
,,,5.5,11.0,9.1,206.0,,,6.9,,,,,2026-01-09 11:56:00
,,,5.4,12.0,9.2,201.0,,,6.9,,,,,2026-01-09 12:26:00
,,,5.3,13.0,9.2,189.0,,,6.9,,,,,2026-01-09 12:56:00
,,,4.8,13.0,9.0,201.0,,,6.9,,,,,2026-01-09 13:26:00
,,,4.8,12.0,9.2,201.0,,,6.9,,,,,2026-01-09 13:56:00
,,,5.4,12.0,9.5,194.0,,,6.9,,,,,2026-01-09 14:26:00
,,,4.9,11.0,9.2,178.0,,,6.9,,,,,2026-01-09 14:56:00
,,,4.7,13.0,9.1,189.0,,,6.9,,,,,2026-01-09 15:26:00
,,,5.1,12.0,9.2,202.0,,,6.9,,,,,2026-01-09 15:56:00
,,,5.0,12.0,9.1,216.0,,,6.8,,,,,2026-01-09 16:26:00
,,,4.5,13.0,9.1,209.0,,,6.8,,,,,2026-01-09 16:56:00
,,,5.3,12.0,9.5,202.0,,,6.8,,,,,2026-01-09 17:26:00
,,,4.5,13.0,9.3,199.0,,,6.8,,,,,2026-01-09 17:56:00
,,,4.7,12.0,9.2,195.0,,,6.8,,,,,2026-01-09 18:26:00
,,,4.6,11.0,8.8,189.0,,,6.8,,,,,2026-01-09 18:56:00
,,,5.2,12.0,9.3,203.0,,,6.8,,,,,2026-01-09 19:26:00
,,,4.5,11.0,8.7,203.0,,,6.8,,,,,2026-01-09 19:56:00
,,,4.7,12.0,8.8,201.0,,,6.8,,,,,2026-01-09 20:26:00
,,,4.6,11.0,8.7,215.0,,,6.8,,,,,2026-01-09 20:56:00
,,,4.7,12.0,8.8,196.0,,,6.8,,,,,2026-01-09 21:26:00
,,,5.0,13.0,9.0,194.0,,,6.8,,,,,2026-01-09 21:56:00
,,,4.9,12.0,8.8,194.0,,,6.9,,,,,2026-01-09 22:26:00
,,,5.4,13.0,9.4,198.0,,,6.9,,,,,2026-01-09 22:56:00
,,,5.0,12.0,8.9,184.0,,,6.8,,,,,2026-01-09 23:26:00
,,,5.2,11.0,9.0,187.0,,,6.8,,,,,2026-01-09 23:56:00
,,,5.1,12.0,8.9,196.0,,,6.8,,,,,2026-01-10 00:26:00
,,,4.9,12.0,8.4,192.0,,,6.9,,,,,2026-01-10 00:56:00
,,,4.5,13.0,8.5,185.0,,,6.9,,,,,2026-01-10 02:26:00
,,,5.2,13.0,9.2,185.0,,,6.9,,,,,2026-01-10 02:56:00
,,,5.7,13.0,9.3,188.0,,,6.9,,,,,2026-01-10 03:26:00
,,,4.5,12.0,8.4,194.0,,,6.9,,,,,2026-01-10 03:56:00
,,,5.3,11.0,8.8,198.0,,,6.9,,,,,2026-01-10 04:26:00
,,,5.4,12.0,9.0,178.0,,,6.9,,,,,2026-01-10 04:56:00
,,,5.2,12.0,8.7,184.0,,,6.9,,,,,2026-01-10 05:26:00
,,,5.2,13.0,8.7,178.0,,,6.9,,,,,2026-01-10 05:56:00
,,,5.6,12.0,9.1,192.0,,,6.9,,,,,2026-01-10 06:26:00
,,,5.5,13.0,8.6,175.0,,,6.9,,,,,2026-01-10 06:56:00
,,,5.2,12.0,8.6,199.0,,,6.9,,,,,2026-01-10 07:26:00
,,,5.9,12.0,9.2,195.0,,,6.8,,,,,2026-01-10 07:56:00
,,,5.6,12.0,9.1,187.0,,,6.8,,,,,2026-01-10 08:26:00
,,,5.8,12.0,9.1,178.0,,,6.8,,,,,2026-01-10 08:56:00
,,,5.6,11.0,9.0,185.0,,,6.8,,,,,2026-01-10 09:26:00
,,,5.9,13.0,9.4,180.0,,,6.8,,,,,2026-01-10 09:56:00
,,,6.2,13.0,9.6,180.0,,,6.8,,,,,2026-01-10 10:26:00
,,,7.2,13.0,9.9,192.0,,,6.8,,,,,2026-01-10 10:56:00
,,,7.2,11.0,10.2,203.0,,,6.9,,,,,2026-01-10 11:26:00
,,,7.3,17.0,10.3,264.0,,,6.9,,,,,2026-01-10 11:56:00
,,,8.1,13.0,10.5,185.0,,,6.9,,,,,2026-01-10 12:26:00
,,,8.5,13.0,10.5,199.0,,,6.8,,,,,2026-01-10 14:26:00
,,,8.4,11.0,10.6,210.0,,,6.8,,,,,2026-01-10 14:56:00
,,,8.4,12.0,10.6,203.0,,,6.8,,,,,2026-01-10 15:26:00
,,,8.6,14.0,10.2,243.0,,,6.8,,,,,2026-01-10 15:56:00
,,,8.3,12.0,10.2,216.0,,,6.8,,,,,2026-01-10 16:26:00
,,,8.5,13.0,10.5,188.0,,,6.8,,,,,2026-01-10 16:56:00
,,,7.9,13.0,10.2,201.0,,,6.8,,,,,2026-01-10 17:26:00
,,,8.1,13.0,10.1,213.0,,,6.8,,,,,2026-01-10 17:56:00
,,,8.2,14.0,10.4,229.0,,,6.8,,,,,2026-01-10 18:26:00
,,,8.2,14.0,10.5,241.0,,,6.8,,,,,2026-01-10 18:56:00
,,,8.2,13.0,10.2,212.0,,,6.8,,,,,2026-01-10 19:26:00
,,,7.4,15.0,10.3,263.0,,,6.8,,,,,2026-01-10 19:56:00
,,,8.4,13.0,10.5,202.0,,,6.8,,,,,2026-01-10 20:26:00
,,,7.7,13.0,10.5,220.0,,,6.8,,,,,2026-01-10 20:56:00
,,,7.8,13.0,10.5,209.0,,,6.8,,,,,2026-01-10 21:26:00
,,,7.4,14.0,10.0,254.0,,,6.8,,,,,2026-01-10 21:56:00
,,,7.6,14.0,10.5,234.0,,,6.8,,,,,2026-01-10 22:26:00
,,,7.3,13.0,10.7,220.0,,,6.8,,,,,2026-01-10 22:56:00
,,,7.1,13.0,10.3,212.0,,,6.8,,,,,2026-01-10 23:26:00
,,,7.8,14.0,10.7,239.0,,,6.8,,,,,2026-01-10 23:56:00
,,,7.7,13.0,10.5,222.0,,,6.8,,,,,2026-01-11 00:26:00
,,,7.0,15.0,10.2,260.0,,,6.8,,,,,2026-01-11 00:56:00
,,,7.4,13.0,10.7,212.0,,,6.8,,,,,2026-01-11 01:26:00
,,,7.4,13.0,10.7,216.0,,,6.8,,,,,2026-01-11 01:56:00
,,,7.1,13.0,10.8,251.0,,,6.8,,,,,2026-01-11 02:26:00
,,,6.7,13.0,10.4,232.0,,,6.8,,,,,2026-01-11 02:56:00
,,,6.8,13.0,10.6,244.0,,,6.8,,,,,2026-01-11 03:26:00
,,,6.9,13.0,10.8,229.0,,,6.8,,,,,2026-01-11 03:56:00
,,,6.2,13.0,10.4,212.0,,,6.8,,,,,2026-01-11 04:26:00
,,,6.5,13.0,10.7,251.0,,,6.8,,,,,2026-01-11 04:56:00
,,,6.3,14.0,10.4,253.0,,,6.8,,,,,2026-01-11 05:26:00
,,,5.6,15.0,9.8,255.0,,,6.8,,,,,2026-01-11 05:56:00
,,,6.2,12.0,10.1,191.0,,,6.8,,,,,2026-01-11 06:26:00
,,,5.7,12.0,9.9,220.0,,,6.8,,,,,2026-01-11 06:56:00
,,,5.7,12.0,10.4,205.0,,,6.7,,,,,2026-01-11 07:26:00
,,,5.2,13.0,10.0,239.0,,,6.8,,,,,2026-01-11 07:56:00
,,,5.4,13.0,9.9,233.0,,,6.7,,,,,2026-01-11 08:26:00
,,,5.3,12.0,9.7,219.0,,,6.8,,,,,2026-01-11 08:56:00
,,,5.2,13.0,10.0,220.0,,,6.8,,,,,2026-01-11 09:26:00
,,,5.5,11.0,10.0,206.0,,,6.8,,,,,2026-01-11 09:56:00
,,,5.4,13.0,10.1,227.0,,,6.8,,,,,2026-01-11 10:26:00
,,,5.0,12.0,10.1,188.0,,,6.8,,,,,2026-01-11 10:56:00
,,,4.9,11.0,9.7,196.0,,,6.8,,,,,2026-01-11 11:26:00
,,,4.3,13.0,9.8,247.0,,,6.7,,,,,2026-01-11 11:56:00
,,,4.4,12.0,9.7,187.0,,,6.7,,,,,2026-01-11 12:26:00
,,,4.4,13.0,10.0,230.0,,,6.7,,,,,2026-01-11 12:56:00
,,,4.0,13.0,9.4,239.0,,,6.7,,,,,2026-01-11 13:26:00
,,,4.2,12.0,9.6,196.0,,,6.8,,,,,2026-01-11 13:56:00
,,,4.4,13.0,9.9,251.0,,,6.7,,,,,2026-01-11 14:26:00
,,,4.2,13.0,9.6,230.0,,,6.8,,,,,2026-01-11 14:56:00
,,,4.0,13.0,9.4,236.0,,,6.8,,,,,2026-01-11 15:26:00
,,,4.2,11.0,9.8,233.0,,,6.8,,,,,2026-01-11 15:56:00
,,,3.9,11.0,9.1,225.0,,,6.8,,,,,2026-01-11 16:26:00
,,,4.2,12.0,9.7,216.0,,,6.8,,,,,2026-01-11 16:56:00
,,,4.0,11.0,9.4,184.0,,,6.8,,,,,2026-01-11 17:26:00
,,,4.0,13.0,9.6,248.0,,,6.8,,,,,2026-01-11 17:56:00
,,,3.6,11.0,9.2,226.0,,,6.8,,,,,2026-01-11 18:26:00
,,,3.6,11.0,9.1,232.0,,,6.8,,,,,2026-01-11 18:56:00
,,,3.8,11.0,9.5,201.0,,,6.8,,,,,2026-01-11 19:26:00
,,,4.2,11.0,9.5,208.0,,,6.8,,,,,2026-01-11 19:56:00
,,,3.8,11.0,9.2,198.0,,,6.8,,,,,2026-01-11 20:26:00
,,,3.5,11.0,9.1,202.0,,,6.8,,,,,2026-01-11 20:56:00
,,,4.3,11.0,9.6,215.0,,,6.8,,,,,2026-01-11 21:26:00
,,,4.1,11.0,9.4,189.0,,,6.8,,,,,2026-01-11 21:56:00
,,,4.0,11.0,9.4,171.0,,,6.8,,,,,2026-01-11 22:26:00
,,,4.1,11.0,9.3,171.0,,,6.8,,,,,2026-01-11 22:56:00
,,,4.0,11.0,9.3,182.0,,,6.8,,,,,2026-01-11 23:26:00
,,,3.6,11.0,8.8,187.0,,,6.8,,,,,2026-01-11 23:56:00
,,,4.4,11.0,9.4,181.0,,,6.8,,,,,2026-01-12 00:26:00
,,,4.0,11.0,9.3,196.0,,,6.8,,,,,2026-01-12 00:56:00
,,,4.0,11.0,9.3,170.0,,,6.8,,,,,2026-01-12 01:26:00
,,,3.8,11.0,9.3,187.0,,,6.8,,,,,2026-01-12 01:56:00
,,,4.0,13.0,9.6,210.0,,,6.8,,,,,2026-01-12 02:26:00
,,,3.9,12.0,9.5,181.0,,,6.8,,,,,2026-01-12 02:56:00
,,,3.9,13.0,9.7,202.0,,,6.8,,,,,2026-01-12 03:26:00
,,,4.1,13.0,9.8,185.0,,,6.8,,,,,2026-01-12 03:56:00
,,,4.1,12.0,9.7,192.0,,,6.8,,,,,2026-01-12 04:26:00
,,,4.2,12.0,9.8,191.0,,,6.8,,,,,2026-01-12 04:56:00
,,,4.4,12.0,10.1,198.0,,,6.8,,,,,2026-01-12 05:26:00
,,,4.5,12.0,9.9,202.0,,,6.8,,,,,2026-01-12 05:56:00
,,,4.1,12.0,9.6,205.0,,,6.8,,,,,2026-01-12 06:26:00
,,,4.6,12.0,10.0,206.0,,,6.8,,,,,2026-01-12 06:56:00
,,,4.5,12.0,9.9,203.0,,,6.8,,,,,2026-01-12 07:26:00
,,,4.5,11.0,9.8,182.0,,,6.8,,,,,2026-01-12 07:56:00
,,,4.3,12.0,9.9,189.0,,,6.8,,,,,2026-01-12 08:26:00
,,,4.4,12.0,9.7,218.0,,,6.8,,,,,2026-01-12 08:56:00
,,,4.3,13.0,10.1,194.0,,,6.8,,,,,2026-01-12 09:26:00
,,,4.8,13.0,10.1,188.0,,,6.8,,,,,2026-01-12 09:56:00
,,,4.6,13.0,10.1,192.0,,,6.8,,,,,2026-01-12 10:26:00
,,,4.4,13.0,9.4,198.0,,,6.8,,,,,2026-01-12 10:56:00
,,,4.8,13.0,10.1,191.0,,,6.8,,,,,2026-01-12 11:26:00
,,,4.8,13.0,9.8,199.0,,,6.8,,,,,2026-01-12 11:56:00
,,,4.8,11.0,9.7,203.0,,,6.8,,,,,2026-01-12 12:26:00
,,,4.8,13.0,9.6,206.0,,,6.8,,,,,2026-01-12 12:56:00
,,,4.4,13.0,8.6,210.0,,,6.7,,,,,2026-01-12 14:26:00
,,,4.5,12.0,8.7,210.0,,,6.7,,,,,2026-01-12 14:56:00
,,,4.5,13.0,8.7,201.0,,,6.7,,,,,2026-01-12 15:26:00
,,,3.9,12.0,8.2,209.0,,,6.7,,,,,2026-01-12 15:56:00
,,,3.8,11.0,8.4,188.0,,,6.7,,,,,2026-01-12 16:26:00
,,,4.0,13.0,9.0,201.0,,,6.7,,,,,2026-01-12 16:56:00
,,,3.7,11.0,8.6,194.0,,,6.7,,,,,2026-01-12 17:26:00
,,,3.9,13.0,8.7,203.0,,,6.7,,,,,2026-01-12 17:56:00
,,,4.1,12.0,8.9,215.0,,,6.7,,,,,2026-01-12 18:26:00
,,,3.9,13.0,9.2,203.0,,,6.7,,,,,2026-01-12 18:56:00
,,,3.4,13.0,8.7,205.0,,,6.6,,,,,2026-01-12 19:26:00
,,,3.6,13.0,9.0,220.0,,,6.6,,,,,2026-01-12 19:56:00
,,,3.3,11.0,8.7,195.0,,,6.6,,,,,2026-01-12 20:26:00
,,,3.4,12.0,9.0,212.0,,,6.7,,,,,2026-01-12 20:56:00
,,,3.6,12.0,9.2,209.0,,,6.7,,,,,2026-01-12 21:26:00
,,,3.3,12.0,8.8,222.0,,,6.7,,,,,2026-01-12 21:56:00
,,,3.5,12.0,9.2,212.0,,,6.7,,,,,2026-01-12 22:26:00
,,,3.5,11.0,9.0,196.0,,,6.7,,,,,2026-01-12 22:56:00
,,,3.3,11.0,8.6,212.0,,,6.7,,,,,2026-01-12 23:26:00
,,,3.1,12.0,8.6,212.0,,,6.7,,,,,2026-01-12 23:56:00
,,,3.6,12.0,9.0,223.0,,,6.7,,,,,2026-01-13 00:26:00
,,,3.4,12.0,8.8,220.0,,,6.7,,,,,2026-01-13 00:56:00
,,,3.4,10.0,8.5,192.0,,,6.7,,,,,2026-01-13 01:26:00
,,,4.0,11.0,9.1,216.0,,,6.7,,,,,2026-01-13 01:56:00
,,,3.6,11.0,8.9,213.0,,,6.7,,,,,2026-01-13 03:26:00
,,,3.6,11.0,8.8,220.0,,,6.7,,,,,2026-01-13 03:56:00
,,,3.5,11.0,8.8,218.0,,,6.7,,,,,2026-01-13 04:26:00
,,,3.5,11.0,8.7,205.0,,,6.7,,,,,2026-01-13 04:56:00
,,,3.4,11.0,8.8,219.0,,,6.8,,,,,2026-01-13 05:26:00
,,,3.4,11.0,9.1,209.0,,,6.8,,,,,2026-01-13 05:56:00
,,,3.6,11.0,9.0,212.0,,,6.8,,,,,2026-01-13 06:26:00
,,,3.5,12.0,9.2,210.0,,,6.8,,,,,2026-01-13 06:56:00
,,,3.7,12.0,9.2,209.0,,,6.8,,,,,2026-01-13 07:26:00
,,,3.0,11.0,8.6,229.0,,,6.8,,,,,2026-01-13 07:56:00
,,,3.4,12.0,9.3,212.0,,,6.8,,,,,2026-01-13 08:26:00
,,,3.4,12.0,9.5,218.0,,,6.8,,,,,2026-01-13 08:56:00
,,,3.4,11.0,9.1,210.0,,,6.8,,,,,2026-01-13 09:26:00
,,,3.4,13.0,9.5,216.0,,,6.7,,,,,2026-01-13 09:56:00
,,,3.3,13.0,9.2,218.0,,,6.7,,,,,2026-01-13 10:26:00
,,,3.2,13.0,9.2,219.0,,,6.7,,,,,2026-01-13 10:56:00
,,,3.2,12.0,9.3,230.0,,,6.6,,,,,2026-01-13 11:26:00
,,,3.2,11.0,9.3,212.0,,,6.7,,,,,2026-01-13 11:56:00
,,,3.4,12.0,9.6,222.0,,,6.7,,,,,2026-01-13 12:26:00
,,,3.2,11.0,9.4,209.0,,,6.7,,,,,2026-01-13 12:56:00
,,,3.5,12.0,9.7,226.0,,,6.6,,,,,2026-01-13 13:26:00
,,,3.0,11.0,9.3,219.0,,,6.7,,,,,2026-01-13 13:56:00
,,,3.6,10.0,9.4,202.0,,,6.7,,,,,2026-01-13 14:26:00
,,,3.1,10.0,9.2,213.0,,,6.7,,,,,2026-01-13 14:56:00
,,,3.5,11.0,9.4,222.0,,,6.7,,,,,2026-01-13 15:26:00
,,,3.1,12.0,9.2,226.0,,,6.6,,,,,2026-01-13 15:56:00
,,,3.2,14.0,9.2,251.0,,,6.6,,,,,2026-01-13 16:26:00
,,,3.4,11.0,9.3,216.0,,,6.6,,,,,2026-01-13 16:56:00
,,,3.0,11.0,9.1,215.0,,,6.6,,,,,2026-01-13 17:26:00
,,,3.1,13.0,9.3,253.0,,,6.7,,,,,2026-01-13 17:56:00
,,,2.8,13.0,8.9,255.0,,,6.7,,,,,2026-01-13 18:26:00
,,,2.6,11.0,8.6,212.0,,,6.8,,,,,2026-01-13 18:56:00
,,,2.8,10.0,8.7,230.0,,,6.8,,,,,2026-01-13 19:26:00
,,,3.0,13.0,8.7,243.0,,,6.8,,,,,2026-01-13 19:56:00
,,,2.6,10.0,7.6,227.0,,,6.8,,,,,2026-01-13 20:26:00
,,,2.9,13.0,7.6,241.0,,,6.8,,,,,2026-01-13 20:56:00
,,,3.1,13.0,7.8,251.0,,,6.8,,,,,2026-01-13 21:26:00
,,,2.8,12.0,7.2,241.0,,,6.8,,,,,2026-01-13 21:56:00
,,,3.0,13.0,7.2,229.0,,,6.8,,,,,2026-01-13 22:26:00
,,,3.0,13.0,7.2,246.0,,,6.7,,,,,2026-01-13 22:56:00
,,,3.0,11.0,7.0,208.0,,,6.7,,,,,2026-01-13 23:26:00
,,,3.0,12.0,7.7,218.0,,,6.7,,,,,2026-01-13 23:56:00
,,,3.4,12.0,8.1,222.0,,,6.7,,,,,2026-01-14 00:26:00
,,,3.5,13.0,8.3,181.0,,,6.6,,,,,2026-01-14 00:56:00
,,,3.5,13.0,8.6,146.0,,,6.7,,,,,2026-01-14 01:26:00
,,,3.7,12.0,9.0,139.0,,,6.6,,,,,2026-01-14 01:56:00
,,,4.0,13.0,9.0,156.0,,,6.7,,,,,2026-01-14 02:26:00
,,,4.0,13.0,9.2,157.0,,,6.7,,,,,2026-01-14 02:56:00
,,,4.3,12.0,9.3,160.0,,,6.7,,,,,2026-01-14 03:26:00
,,,4.0,12.0,8.9,185.0,,,6.7,,,,,2026-01-14 03:56:00
,,,4.0,12.0,8.9,168.0,,,6.7,,,,,2026-01-14 04:26:00
,,,3.9,12.0,9.0,170.0,,,6.7,,,,,2026-01-14 04:56:00
,,,3.8,11.0,8.9,185.0,,,6.7,,,,,2026-01-14 05:26:00
,,,4.1,12.0,9.1,165.0,,,6.7,,,,,2026-01-14 05:56:00
,,,3.9,13.0,8.8,167.0,,,6.7,,,,,2026-01-14 06:26:00
,,,4.1,13.0,9.1,175.0,,,6.6,,,,,2026-01-14 06:56:00
,,,4.0,12.0,8.8,161.0,,,6.6,,,,,2026-01-14 07:26:00
,,,3.6,13.0,8.4,158.0,,,6.7,,,,,2026-01-14 07:56:00
,,,3.8,12.0,8.4,168.0,,,6.7,,,,,2026-01-14 08:26:00
,,,3.7,13.0,8.4,163.0,,,6.7,,,,,2026-01-14 08:56:00
,,,3.7,13.0,8.4,167.0,,,6.7,,,,,2026-01-14 09:26:00
,,,3.8,11.0,8.5,168.0,,,6.7,,,,,2026-01-14 09:56:00
,,,3.7,13.0,8.3,160.0,,,6.7,,,,,2026-01-14 10:26:00
,,,3.5,13.0,8.2,160.0,,,6.7,,,,,2026-01-14 10:56:00
,,,3.9,13.0,8.5,173.0,,,6.7,,,,,2026-01-14 11:26:00
,,,3.8,12.0,8.3,171.0,,,6.7,,,,,2026-01-14 11:56:00
,,,3.6,12.0,7.8,168.0,,,6.7,,,,,2026-01-14 12:26:00
,,,3.7,13.0,8.0,161.0,,,6.6,,,,,2026-01-14 12:56:00
,,,3.7,12.0,7.8,178.0,,,6.6,,,,,2026-01-14 13:26:00
,,,4.0,13.0,8.2,182.0,,,6.6,,,,,2026-01-14 13:56:00
,,,3.7,13.0,8.0,170.0,,,6.6,,,,,2026-01-14 14:26:00
,,,3.8,10.0,7.8,184.0,,,6.6,,,,,2026-01-14 14:56:00
,,,3.7,13.0,8.0,178.0,,,6.6,,,,,2026-01-14 15:26:00
,,,4.2,13.0,8.8,173.0,,,6.6,,,,,2026-01-14 15:56:00
,,,3.6,13.0,7.8,168.0,,,6.6,,,,,2026-01-14 16:26:00
,,,3.9,11.0,8.2,171.0,,,6.6,,,,,2026-01-14 16:56:00
,,,3.6,12.0,7.8,185.0,,,6.6,,,,,2026-01-14 17:26:00
,,,3.9,13.0,8.3,178.0,,,6.6,,,,,2026-01-14 17:56:00
,,,3.9,13.0,8.3,173.0,,,6.6,,,,,2026-01-14 18:26:00
,,,3.6,12.0,8.2,164.0,,,6.6,,,,,2026-01-14 18:56:00
,,,3.8,13.0,8.5,177.0,,,6.6,,,,,2026-01-14 19:26:00
,,,3.8,11.0,8.1,188.0,,,6.6,,,,,2026-01-14 19:56:00
,,,4.0,12.0,8.6,171.0,,,6.6,,,,,2026-01-14 20:26:00
,,,3.7,11.0,8.1,175.0,,,6.6,,,,,2026-01-14 20:56:00
,,,3.7,13.0,8.3,181.0,,,6.6,,,,,2026-01-14 21:26:00
,,,3.9,12.0,8.6,192.0,,,6.6,,,,,2026-01-14 21:56:00
,,,3.7,12.0,8.3,182.0,,,6.6,,,,,2026-01-14 22:26:00
,,,3.7,11.0,8.2,185.0,,,6.6,,,,,2026-01-14 22:56:00
,,,3.2,12.0,7.7,167.0,,,6.6,,,,,2026-01-14 23:26:00
,,,3.6,12.0,8.1,178.0,,,6.6,,,,,2026-01-14 23:56:00
,,,3.5,10.0,8.0,194.0,,,6.6,,,,,2026-01-15 00:26:00
,,,3.6,13.0,8.2,177.0,,,6.6,,,,,2026-01-15 00:56:00
,,,3.5,13.0,8.1,192.0,,,6.7,,,,,2026-01-15 01:26:00
,,,3.5,13.0,8.0,182.0,,,6.7,,,,,2026-01-15 01:56:00
,,,3.6,13.0,8.0,181.0,,,6.7,,,,,2026-01-15 02:26:00
,,,3.4,10.0,7.7,215.0,,,6.7,,,,,2026-01-15 02:56:00
,,,3.5,13.0,7.6,178.0,,,6.7,,,,,2026-01-15 03:26:00
,,,3.3,13.0,7.5,180.0,,,6.7,,,,,2026-01-15 03:56:00
,,,3.3,12.0,7.4,196.0,,,6.7,,,,,2026-01-15 04:26:00
,,,3.7,12.0,7.8,199.0,,,6.7,,,,,2026-01-15 04:56:00
,,,3.5,13.0,7.6,187.0,,,6.7,,,,,2026-01-15 05:26:00
,,,3.4,11.0,7.6,192.0,,,6.7,,,,,2026-01-15 05:56:00
,,,3.5,11.0,7.5,232.0,,,6.7,,,,,2026-01-15 06:26:00
,,,3.8,12.0,7.8,199.0,,,6.7,,,,,2026-01-15 06:56:00
,,,3.4,11.0,7.2,210.0,,,6.7,,,,,2026-01-15 07:26:00
,,,3.6,11.0,7.3,212.0,,,6.7,,,,,2026-01-15 07:56:00
,,,3.8,11.0,7.2,199.0,,,6.7,,,,,2026-01-15 08:26:00
,,,3.7,12.0,7.2,188.0,,,6.7,,,,,2026-01-15 08:56:00
,,,4.0,11.0,7.3,199.0,,,6.7,,,,,2026-01-15 09:26:00
,,,4.1,12.0,7.4,173.0,,,6.7,,,,,2026-01-15 09:56:00
,,,4.0,11.0,7.4,201.0,,,6.7,,,,,2026-01-15 10:26:00
,,,4.2,11.0,7.5,189.0,,,6.7,,,,,2026-01-15 10:56:00
,,,3.9,11.0,7.3,203.0,,,6.7,,,,,2026-01-15 11:26:00
,,,4.0,10.0,7.4,184.0,,,6.7,,,,,2026-01-15 11:56:00
,,,4.0,11.0,7.6,192.0,,,6.7,,,,,2026-01-15 12:26:00
,,,4.2,11.0,7.6,177.0,,,6.7,,,,,2026-01-15 12:56:00
,,,4.2,11.0,7.6,201.0,,,6.7,,,,,2026-01-15 13:26:00
,,,3.8,9.0,7.2,178.0,,,6.7,,,,,2026-01-15 13:56:00
,,,3.9,8.0,7.1,164.0,,,6.7,,,,,2026-01-15 14:26:00
,,,4.0,10.0,7.3,185.0,,,6.7,,,,,2026-01-15 14:56:00
,,,3.8,9.0,6.9,175.0,,,6.7,,,,,2026-01-15 15:26:00
,,,4.2,9.0,7.3,167.0,,,6.7,,,,,2026-01-15 15:56:00
,,,4.2,11.0,7.3,187.0,,,6.7,,,,,2026-01-15 16:26:00
,,,4.1,9.0,7.2,171.0,,,6.7,,,,,2026-01-15 16:56:00
,,,3.8,9.0,7.0,164.0,,,6.7,,,,,2026-01-15 17:26:00
,,,4.0,11.0,7.2,170.0,,,6.7,,,,,2026-01-15 17:56:00
,,,3.7,10.0,6.9,171.0,,,6.7,,,,,2026-01-15 18:26:00
,,,4.1,8.0,7.2,154.0,,,6.7,,,,,2026-01-15 18:56:00
,,,4.0,10.0,7.1,191.0,,,6.7,,,,,2026-01-15 19:26:00
,,,3.8,8.0,6.9,150.0,,,6.7,,,,,2026-01-15 19:56:00
,,,4.0,10.0,7.0,180.0,,,6.7,,,,,2026-01-15 20:26:00
,,,4.1,9.0,7.3,174.0,,,6.8,,,,,2026-01-15 20:56:00
,,,4.3,11.0,7.5,180.0,,,6.8,,,,,2026-01-15 21:26:00
,,,4.1,10.0,7.5,189.0,,,6.8,,,,,2026-01-15 21:56:00
,,,4.4,9.0,7.6,170.0,,,6.8,,,,,2026-01-15 22:26:00
,,,4.0,10.0,7.4,189.0,,,6.9,,,,,2026-01-15 22:56:00
,,,4.0,10.0,7.3,174.0,,,6.9,,,,,2026-01-15 23:26:00
,,,4.1,11.0,7.5,184.0,,,6.8,,,,,2026-01-15 23:56:00
,,,4.2,11.0,7.6,175.0,,,6.8,,,,,2026-01-16 01:26:00
,,,4.5,11.0,7.7,181.0,,,6.8,,,,,2026-01-16 02:26:00
,,,4.6,11.0,7.7,182.0,,,6.8,,,,,2026-01-16 02:56:00
,,,4.6,11.0,7.7,194.0,,,6.7,,,,,2026-01-16 03:26:00
,,,5.3,11.0,8.3,188.0,,,6.7,,,,,2026-01-16 03:56:00
,,,4.9,11.0,7.9,194.0,,,6.7,,,,,2026-01-16 04:26:00
,,,4.8,11.0,8.0,184.0,,,6.6,,,,,2026-01-16 04:56:00
,,,5.4,12.0,8.6,209.0,,,6.6,,,,,2026-01-16 05:26:00
,,,5.0,12.0,8.2,202.0,,,6.6,,,,,2026-01-16 05:56:00
,,,5.6,11.0,8.5,196.0,,,6.6,,,,,2026-01-16 06:26:00
,,,5.1,11.0,8.4,195.0,,,6.6,,,,,2026-01-16 06:56:00
,,,5.3,11.0,8.3,203.0,,,6.6,,,,,2026-01-16 07:26:00
,,,5.1,11.0,8.2,196.0,,,6.7,,,,,2026-01-16 07:56:00
,,,5.7,11.0,8.7,202.0,,,6.7,,,,,2026-01-16 08:26:00
,,,4.7,11.0,8.3,199.0,,,6.7,,,,,2026-01-16 08:56:00
,,,4.9,12.0,8.3,215.0,,,6.7,,,,,2026-01-16 09:26:00
,,,5.5,11.0,8.8,198.0,,,6.8,,,,,2026-01-16 09:56:00
,,,5.4,11.0,8.6,195.0,,,6.8,,,,,2026-01-16 10:26:00
,,,5.5,12.0,8.8,202.0,,,6.8,,,,,2026-01-16 10:56:00
,,,5.2,12.0,8.5,199.0,,,6.8,,,,,2026-01-16 11:26:00
,,,4.9,13.0,8.5,216.0,,,6.8,,,,,2026-01-16 11:56:00
,,,5.4,12.0,8.8,201.0,,,6.8,,,,,2026-01-16 12:26:00
,,,5.5,13.0,9.0,209.0,,,6.8,,,,,2026-01-16 12:56:00
,,,5.1,13.0,8.8,208.0,,,6.7,,,,,2026-01-16 13:26:00
,,,5.2,12.0,8.8,208.0,,,6.7,,,,,2026-01-16 13:56:00
,,,5.0,13.0,8.9,208.0,,,6.7,,,,,2026-01-16 14:26:00
,,,5.4,13.0,9.3,210.0,,,6.7,,,,,2026-01-16 14:56:00
,,,5.4,13.0,9.0,218.0,,,6.7,,,,,2026-01-16 15:26:00
,,,4.6,12.0,8.7,215.0,,,6.6,,,,,2026-01-16 15:56:00
,,,4.9,13.0,9.1,208.0,,,6.7,,,,,2026-01-16 16:26:00
,,,4.9,12.0,9.2,208.0,,,6.7,,,,,2026-01-16 16:56:00
,,,5.4,13.0,9.4,213.0,,,6.7,,,,,2026-01-16 17:26:00
,,,5.5,13.0,9.5,205.0,,,6.7,,,,,2026-01-16 17:56:00
,,,5.4,12.0,9.5,205.0,,,6.7,,,,,2026-01-16 18:26:00
,,,4.7,13.0,9.0,208.0,,,6.7,,,,,2026-01-16 18:56:00
,,,4.8,13.0,9.1,213.0,,,6.7,,,,,2026-01-16 19:26:00
,,,5.1,13.0,9.4,215.0,,,6.7,,,,,2026-01-16 19:56:00
,,,4.6,13.0,9.0,210.0,,,6.7,,,,,2026-01-16 20:26:00
,,,4.6,13.0,9.0,209.0,,,6.7,,,,,2026-01-16 20:56:00
,,,4.9,12.0,9.2,206.0,,,6.7,,,,,2026-01-16 21:26:00
,,,4.9,12.0,9.2,206.0,,,6.7,,,,,2026-01-16 21:56:00
,,,4.5,13.0,8.8,216.0,,,6.7,,,,,2026-01-16 22:26:00
,,,4.6,13.0,8.9,220.0,,,6.7,,,,,2026-01-16 22:56:00
,,,4.5,12.0,8.9,206.0,,,6.7,,,,,2026-01-16 23:26:00
,,,4.5,13.0,9.1,205.0,,,6.7,,,,,2026-01-16 23:56:00
,,,4.5,12.0,9.3,202.0,,,6.7,,,,,2026-01-17 00:26:00
,,,4.4,13.0,9.0,213.0,,,6.7,,,,,2026-01-17 00:56:00
,,,4.0,13.0,8.5,208.0,,,6.7,,,,,2026-01-17 01:26:00
,,,4.0,13.0,8.7,209.0,,,6.7,,,,,2026-01-17 01:56:00
,,,3.8,13.0,8.7,208.0,,,6.7,,,,,2026-01-17 02:26:00
,,,3.8,13.0,8.5,206.0,,,6.7,,,,,2026-01-17 02:56:00
,,,3.6,11.0,8.5,206.0,,,6.7,,,,,2026-01-17 03:56:00
,,,3.7,13.0,8.7,210.0,,,6.7,,,,,2026-01-17 04:26:00
,,,3.9,13.0,8.5,215.0,,,6.7,,,,,2026-01-17 04:56:00
,,,3.8,13.0,8.5,208.0,,,6.7,,,,,2026-01-17 05:26:00
,,,3.6,13.0,8.3,203.0,,,6.7,,,,,2026-01-17 05:56:00
,,,3.7,12.0,8.5,210.0,,,6.7,,,,,2026-01-17 06:26:00
,,,3.8,12.0,8.6,203.0,,,6.7,,,,,2026-01-17 06:56:00
,,,3.8,12.0,8.4,201.0,,,6.7,,,,,2026-01-17 07:26:00
,,,3.5,12.0,8.2,205.0,,,6.7,,,,,2026-01-17 07:56:00
,,,3.6,12.0,8.3,208.0,,,6.7,,,,,2026-01-17 08:26:00
,,,3.8,11.0,8.3,205.0,,,6.7,,,,,2026-01-17 08:56:00
,,,3.5,12.0,8.2,203.0,,,6.7,,,,,2026-01-17 09:26:00
,,,3.4,12.0,8.0,205.0,,,6.7,,,,,2026-01-17 09:56:00
,,,3.6,12.0,8.3,209.0,,,6.7,,,,,2026-01-17 10:26:00
,,,3.7,13.0,8.5,205.0,,,6.7,,,,,2026-01-17 10:56:00
,,,3.8,12.0,8.4,203.0,,,6.7,,,,,2026-01-17 11:26:00
,,,3.8,11.0,8.5,201.0,,,6.7,,,,,2026-01-17 11:56:00
,,,3.8,12.0,8.5,206.0,,,6.7,,,,,2026-01-17 12:26:00
,,,3.9,11.0,8.5,205.0,,,6.7,,,,,2026-01-17 12:56:00
,,,3.6,12.0,8.2,212.0,,,6.7,,,,,2026-01-17 13:26:00
,,,3.5,12.0,8.0,210.0,,,6.7,,,,,2026-01-17 13:56:00
,,,3.3,12.0,8.2,203.0,,,6.7,,,,,2026-01-17 14:26:00
,,,3.5,12.0,8.4,201.0,,,6.7,,,,,2026-01-17 14:56:00
,,,3.8,12.0,8.7,209.0,,,6.7,,,,,2026-01-17 15:26:00
,,,3.0,13.0,8.1,210.0,,,6.7,,,,,2026-01-17 15:56:00
,,,3.0,11.0,7.9,202.0,,,6.7,,,,,2026-01-17 16:26:00
,,,3.1,12.0,7.9,209.0,,,6.7,,,,,2026-01-17 16:56:00
,,,3.1,12.0,8.0,205.0,,,6.7,,,,,2026-01-17 17:26:00
,,,3.1,11.0,8.0,199.0,,,6.7,,,,,2026-01-17 17:56:00
,,,2.9,11.0,7.7,209.0,,,6.7,,,,,2026-01-17 18:26:00
,,,2.9,12.0,7.7,209.0,,,6.7,,,,,2026-01-17 18:56:00
,,,3.1,11.0,8.2,206.0,,,6.8,,,,,2026-01-17 19:26:00
,,,2.7,12.0,7.7,196.0,,,6.8,,,,,2026-01-17 19:56:00
,,,2.8,12.0,7.7,202.0,,,6.8,,,,,2026-01-17 20:26:00
,,,3.0,11.0,8.0,189.0,,,6.8,,,,,2026-01-17 20:56:00
,,,2.7,11.0,7.7,218.0,,,6.8,,,,,2026-01-17 21:26:00
,,,2.7,11.0,7.9,201.0,,,6.8,,,,,2026-01-17 21:56:00
,,,2.9,12.0,8.1,199.0,,,6.8,,,,,2026-01-17 22:26:00
,,,3.0,12.0,8.1,206.0,,,6.8,,,,,2026-01-17 22:56:00
,,,2.7,10.0,7.9,199.0,,,6.8,,,,,2026-01-17 23:26:00
,,,2.8,11.0,7.9,209.0,,,6.8,,,,,2026-01-17 23:56:00
,,,2.8,12.0,7.9,201.0,,,6.8,,,,,2026-01-18 00:26:00
,,,2.7,10.0,7.8,202.0,,,6.8,,,,,2026-01-18 00:56:00
,,,2.5,11.0,7.6,198.0,,,6.8,,,,,2026-01-18 01:26:00
,,,2.7,12.0,7.8,213.0,,,6.7,,,,,2026-01-18 01:56:00
,,,2.7,11.0,7.5,188.0,,,6.8,,,,,2026-01-18 02:26:00
,,,2.7,11.0,7.6,195.0,,,6.7,,,,,2026-01-18 02:56:00
,,,2.5,11.0,7.7,189.0,,,6.7,,,,,2026-01-18 03:26:00
,,,2.4,11.0,7.5,192.0,,,6.7,,,,,2026-01-18 03:56:00
,,,2.5,11.0,7.5,184.0,,,6.7,,,,,2026-01-18 04:26:00
,,,2.4,11.0,7.3,192.0,,,6.7,,,,,2026-01-18 04:56:00
,,,2.6,11.0,7.5,201.0,,,6.7,,,,,2026-01-18 05:26:00
,,,2.3,11.0,7.2,198.0,,,6.7,,,,,2026-01-18 05:56:00
,,,2.4,11.0,7.3,203.0,,,6.7,,,,,2026-01-18 06:26:00
,,,2.4,9.0,7.3,188.0,,,6.7,,,,,2026-01-18 06:56:00
,,,2.4,11.0,7.4,180.0,,,6.7,,,,,2026-01-18 07:26:00
,,,2.6,11.0,7.8,205.0,,,6.7,,,,,2026-01-18 07:56:00
,,,2.5,11.0,7.4,196.0,,,6.8,,,,,2026-01-18 08:26:00
,,,2.4,11.0,7.5,198.0,,,6.8,,,,,2026-01-18 08:56:00
,,,2.3,10.0,7.0,195.0,,,6.8,,,,,2026-01-18 09:26:00
,,,2.4,11.0,7.1,202.0,,,6.8,,,,,2026-01-18 09:56:00
,,,2.3,11.0,7.0,191.0,,,6.8,,,,,2026-01-18 10:26:00
,,,2.3,11.0,7.1,192.0,,,6.8,,,,,2026-01-18 10:56:00
,,,2.3,11.0,7.2,195.0,,,6.8,,,,,2026-01-18 11:26:00
,,,2.3,11.0,7.3,196.0,,,6.8,,,,,2026-01-18 11:56:00
,,,2.2,11.0,7.1,196.0,,,6.8,,,,,2026-01-18 12:26:00
,,,2.2,10.0,7.4,196.0,,,6.8,,,,,2026-01-18 12:56:00
,,,2.3,10.0,7.4,188.0,,,6.8,,,,,2026-01-18 13:26:00
,,,2.2,10.0,7.3,177.0,,,6.8,,,,,2026-01-18 13:56:00
,,,2.3,11.0,7.7,181.0,,,6.8,,,,,2026-01-18 14:26:00
,,,2.3,11.0,7.6,192.0,,,6.8,,,,,2026-01-18 14:56:00
,,,2.3,11.0,7.4,191.0,,,6.8,,,,,2026-01-18 15:26:00
,,,2.1,13.0,7.3,261.0,,,6.8,,,,,2026-01-18 15:56:00
,,,2.4,10.0,8.1,191.0,,,6.8,,,,,2026-01-18 16:26:00
,,,2.4,13.0,8.0,253.0,,,6.8,,,,,2026-01-18 16:56:00
,,,2.5,14.0,8.3,251.0,,,6.8,,,,,2026-01-18 17:26:00
,,,2.4,14.0,8.3,264.0,,,6.8,,,,,2026-01-18 17:56:00
,,,2.4,10.0,8.2,196.0,,,6.8,,,,,2026-01-18 18:26:00
,,,2.4,10.0,8.4,196.0,,,6.8,,,,,2026-01-18 18:56:00
,,,2.5,13.0,8.7,250.0,,,6.8,,,,,2026-01-18 19:26:00
,,,2.6,17.0,8.7,264.0,,,6.8,,,,,2026-01-18 19:56:00
,,,2.9,13.0,9.7,251.0,,,6.8,,,,,2026-01-18 20:26:00
,,,2.9,13.0,9.5,254.0,,,6.8,,,,,2026-01-18 20:56:00
,,,2.8,13.0,9.1,257.0,,,6.8,,,,,2026-01-18 21:26:00
,,,2.9,13.0,9.4,257.0,,,6.8,,,,,2026-01-18 21:56:00
,,,2.9,13.0,9.2,254.0,,,6.8,,,,,2026-01-18 22:26:00
,,,3.2,13.0,9.7,255.0,,,6.8,,,,,2026-01-18 22:56:00
,,,3.2,13.0,9.7,260.0,,,6.8,,,,,2026-01-18 23:26:00
,,,3.1,17.0,9.4,258.0,,,6.8,,,,,2026-01-18 23:56:00
,,,3.1,17.0,9.7,260.0,,,6.8,,,,,2026-01-19 00:26:00
,,,3.1,15.0,10.1,261.0,,,6.8,,,,,2026-01-19 00:56:00
,,,2.8,13.0,9.5,260.0,,,6.8,,,,,2026-01-19 01:26:00
,,,3.4,15.0,10.9,263.0,,,6.8,,,,,2026-01-19 01:56:00
,,,3.4,15.0,10.7,263.0,,,6.8,,,,,2026-01-19 02:26:00
,,,3.3,15.0,11.0,260.0,,,6.8,,,,,2026-01-19 02:56:00
,,,3.2,14.0,10.8,254.0,,,6.8,,,,,2026-01-19 03:26:00
,,,3.4,14.0,11.0,265.0,,,6.8,,,,,2026-01-19 03:56:00
,,,3.5,15.0,10.9,255.0,,,6.8,,,,,2026-01-19 04:26:00
,,,3.2,13.0,10.7,258.0,,,6.8,,,,,2026-01-19 04:56:00
,,,3.2,14.0,10.3,258.0,,,6.8,,,,,2026-01-19 05:26:00
,,,3.2,14.0,10.2,263.0,,,6.8,,,,,2026-01-19 05:56:00
,,,3.1,14.0,9.9,257.0,,,6.7,,,,,2026-01-19 06:26:00
,,,3.1,13.0,10.3,258.0,,,6.7,,,,,2026-01-19 06:56:00
,,,3.0,13.0,10.1,263.0,,,6.6,,,,,2026-01-19 07:26:00
,,,3.0,13.0,9.9,255.0,,,6.7,,,,,2026-01-19 07:56:00
,,,2.9,13.0,10.1,258.0,,,6.7,,,,,2026-01-19 08:26:00
,,,3.2,13.0,10.1,263.0,,,6.7,,,,,2026-01-19 08:56:00
,,,3.2,13.0,10.3,268.0,,,6.7,,,,,2026-01-19 09:26:00
,,,2.9,13.0,10.0,261.0,,,6.7,,,,,2026-01-19 09:56:00
,,,3.0,13.0,9.7,257.0,,,6.7,,,,,2026-01-19 10:26:00
,,,3.1,13.0,9.6,261.0,,,6.7,,,,,2026-01-19 10:56:00
,,,2.8,13.0,9.4,253.0,,,6.7,,,,,2026-01-19 11:26:00
,,,3.1,13.0,10.2,258.0,,,6.7,,,,,2026-01-19 11:56:00
,,,2.7,14.0,9.2,261.0,,,6.7,,,,,2026-01-19 12:26:00
,,,2.7,11.0,9.1,253.0,,,6.7,,,,,2026-01-19 12:56:00
,,,2.7,12.0,9.2,253.0,,,6.7,,,,,2026-01-19 13:26:00
,,,2.7,13.0,9.6,255.0,,,6.7,,,,,2026-01-19 13:56:00
,,,2.6,13.0,9.4,258.0,,,6.7,,,,,2026-01-19 14:26:00
,,,2.6,13.0,9.6,260.0,,,6.7,,,,,2026-01-19 14:56:00
,,,2.2,13.0,8.7,260.0,,,6.7,,,,,2026-01-19 15:26:00
,,,2.3,14.0,8.7,257.0,,,6.7,,,,,2026-01-19 15:56:00
,,,2.4,13.0,8.9,251.0,,,6.7,,,,,2026-01-19 16:26:00
,,,2.4,14.0,9.1,251.0,,,6.7,,,,,2026-01-19 16:56:00
,,,2.3,14.0,8.8,257.0,,,6.7,,,,,2026-01-19 17:26:00
,,,2.4,13.0,9.1,255.0,,,6.7,,,,,2026-01-19 17:56:00
,,,2.2,13.0,8.8,255.0,,,6.7,,,,,2026-01-19 18:26:00
,,,2.2,13.0,8.6,260.0,,,6.7,,,,,2026-01-19 18:56:00
,,,2.1,13.0,8.2,261.0,,,6.7,,,,,2026-01-19 19:26:00
,,,2.1,13.0,8.2,263.0,,,6.7,,,,,2026-01-19 19:56:00
,,,2.1,13.0,8.0,260.0,,,6.7,,,,,2026-01-19 20:26:00
,,,2.2,13.0,8.2,253.0,,,6.7,,,,,2026-01-19 20:56:00
,,,2.1,12.0,7.7,248.0,,,6.7,,,,,2026-01-19 21:26:00
,,,2.1,13.0,8.1,261.0,,,6.7,,,,,2026-01-19 21:56:00
,,,2.1,13.0,8.2,251.0,,,6.8,,,,,2026-01-19 22:26:00
,,,2.1,13.0,8.1,246.0,,,6.8,,,,,2026-01-19 22:56:00
,,,2.1,13.0,8.0,257.0,,,6.8,,,,,2026-01-19 23:26:00
,,,2.4,13.0,8.6,254.0,,,6.8,,,,,2026-01-19 23:56:00
,,,2.2,11.0,8.4,250.0,,,6.8,,,,,2026-01-20 00:26:00
,,,2.3,12.0,8.2,257.0,,,6.8,,,,,2026-01-20 00:56:00
,,,2.4,12.0,8.6,254.0,,,6.8,,,,,2026-01-20 01:26:00
,,,2.2,12.0,8.4,258.0,,,6.8,,,,,2026-01-20 01:56:00
,,,2.1,13.0,8.1,260.0,,,6.8,,,,,2026-01-20 02:26:00
,,,2.4,13.0,8.8,255.0,,,6.8,,,,,2026-01-20 02:56:00
,,,2.4,12.0,8.7,250.0,,,6.8,,,,,2026-01-20 03:26:00
,,,2.5,13.0,8.5,258.0,,,6.8,,,,,2026-01-20 03:56:00
,,,2.1,13.0,8.0,251.0,,,6.8,,,,,2026-01-20 04:26:00
,,,2.2,11.0,8.0,225.0,,,6.8,,,,,2026-01-20 04:56:00
,,,2.3,12.0,8.1,253.0,,,6.8,,,,,2026-01-20 05:26:00
,,,2.2,12.0,7.7,246.0,,,6.8,,,,,2026-01-20 05:56:00
,,,2.6,12.0,8.3,253.0,,,6.8,,,,,2026-01-20 06:26:00
,,,2.2,11.0,7.6,222.0,,,6.8,,,,,2026-01-20 06:56:00
,,,2.7,12.0,8.3,240.0,,,6.8,,,,,2026-01-20 07:26:00
,,,2.4,11.0,7.8,223.0,,,6.8,,,,,2026-01-20 07:56:00
,,,2.4,11.0,7.5,208.0,,,6.8,,,,,2026-01-20 08:26:00
,,,2.5,11.0,7.5,216.0,,,6.8,,,,,2026-01-20 08:56:00
,,,2.4,11.0,7.6,229.0,,,6.8,,,,,2026-01-20 09:26:00
,,,2.6,11.0,8.0,209.0,,,6.8,,,,,2026-01-20 09:56:00
,,,2.3,11.0,7.5,209.0,,,6.8,,,,,2026-01-20 10:26:00
,,,2.6,11.0,8.2,192.0,,,6.8,,,,,2026-01-20 10:56:00
,,,2.6,11.0,8.1,202.0,,,6.8,,,,,2026-01-20 11:26:00
,,,2.5,11.0,8.0,194.0,,,6.8,,,,,2026-01-20 11:56:00
,,,2.5,11.0,7.9,206.0,,,6.8,,,,,2026-01-20 12:26:00
,,,2.1,11.0,7.4,177.0,,,6.8,,,,,2026-01-20 12:56:00
,,,2.1,11.0,7.6,194.0,,,6.7,,,,,2026-01-20 13:26:00
,,,2.1,11.0,7.6,187.0,,,6.7,,,,,2026-01-20 13:56:00
,,,2.2,10.0,7.8,188.0,,,6.7,,,,,2026-01-20 14:26:00
,,,2.3,11.0,8.0,184.0,,,6.7,,,,,2026-01-20 14:56:00
,,,2.3,11.0,8.2,182.0,,,6.7,,,,,2026-01-20 15:26:00
,,,2.0,11.0,7.9,184.0,,,6.7,,,,,2026-01-20 15:56:00
,,,2.1,11.0,7.9,195.0,,,6.8,,,,,2026-01-20 16:26:00
,,,2.3,11.0,8.4,180.0,,,6.8,,,,,2026-01-20 16:56:00
,,,2.2,11.0,8.1,180.0,,,6.8,,,,,2026-01-20 17:26:00
,,,2.0,11.0,7.9,175.0,,,6.8,,,,,2026-01-20 17:56:00
,,,2.2,11.0,8.2,167.0,,,6.8,,,,,2026-01-20 18:26:00
,,,2.1,11.0,8.0,188.0,,,6.8,,,,,2026-01-20 18:56:00
,,,2.1,10.0,8.0,201.0,,,6.8,,,,,2026-01-20 19:26:00
,,,2.0,11.0,7.7,177.0,,,6.8,,,,,2026-01-20 19:56:00
,,,2.0,11.0,7.5,185.0,,,6.8,,,,,2026-01-20 20:26:00
,,,2.0,11.0,7.6,187.0,,,6.8,,,,,2026-01-20 20:56:00
,,,2.0,11.0,7.4,181.0,,,6.9,,,,,2026-01-20 21:26:00
,,,1.9,11.0,7.4,177.0,,,6.9,,,,,2026-01-20 21:56:00
,,,2.0,10.0,7.6,182.0,,,6.9,,,,,2026-01-20 22:26:00
,,,2.0,10.0,7.4,165.0,,,6.9,,,,,2026-01-20 22:56:00
,,,2.1,10.0,7.4,181.0,,,6.9,,,,,2026-01-20 23:26:00
,,,2.2,10.0,7.5,184.0,,,6.9,,,,,2026-01-20 23:56:00
,,,2.2,17.0,7.8,272.0,,,6.9,,,,,2026-01-21 00:26:00
,,,2.0,10.0,7.4,188.0,,,6.9,,,,,2026-01-21 00:56:00
,,,2.1,10.0,7.7,189.0,,,6.8,,,,,2026-01-21 01:26:00
,,,2.3,15.0,8.2,267.0,,,6.9,,,,,2026-01-21 01:56:00
,,,2.1,15.0,8.3,272.0,,,6.8,,,,,2026-01-21 02:26:00
,,,2.2,15.0,8.7,275.0,,,6.8,,,,,2026-01-21 02:56:00
,,,2.2,10.0,8.2,187.0,,,6.8,,,,,2026-01-21 03:26:00
,,,2.3,15.0,8.6,271.0,,,6.8,,,,,2026-01-21 03:56:00
,,,2.4,15.0,9.0,267.0,,,6.8,,,,,2026-01-21 04:26:00
,,,2.3,14.0,8.4,265.0,,,6.8,,,,,2026-01-21 04:56:00
,,,2.4,14.0,8.8,265.0,,,6.8,,,,,2026-01-21 05:26:00
,,,2.5,15.0,9.0,267.0,,,6.8,,,,,2026-01-21 05:56:00
,,,2.7,15.0,9.7,271.0,,,6.8,,,,,2026-01-21 06:26:00
,,,2.4,14.0,9.1,270.0,,,6.8,,,,,2026-01-21 06:56:00
,,,2.8,14.0,9.8,268.0,,,6.7,,,,,2026-01-21 07:26:00
,,,2.6,15.0,9.2,263.0,,,6.7,,,,,2026-01-21 07:56:00
,,,2.5,13.0,8.8,261.0,,,6.7,,,,,2026-01-21 08:26:00
,,,2.6,13.0,9.0,271.0,,,6.7,,,,,2026-01-21 08:56:00
,,,2.8,13.0,9.0,264.0,,,6.7,,,,,2026-01-21 09:26:00
,,,2.7,13.0,9.0,261.0,,,6.7,,,,,2026-01-21 09:56:00
,,,2.8,14.0,8.9,263.0,,,6.8,,,,,2026-01-21 10:26:00
,,,2.6,14.0,8.5,260.0,,,6.8,,,,,2026-01-21 10:56:00
,,,2.5,14.0,8.0,263.0,,,6.8,,,,,2026-01-21 11:26:00
,,,2.5,13.0,7.8,260.0,,,6.8,,,,,2026-01-21 11:56:00
,,,2.4,14.0,7.9,261.0,,,6.8,,,,,2026-01-21 12:26:00
,,,2.3,14.0,7.4,258.0,,,6.8,,,,,2026-01-21 12:56:00
,,,2.3,13.0,7.4,265.0,,,6.8,,,,,2026-01-21 13:26:00
,,,2.4,13.0,7.8,267.0,,,6.8,,,,,2026-01-21 13:56:00
,,,2.4,14.0,7.7,268.0,,,6.8,,,,,2026-01-21 14:26:00
,,,2.4,13.0,8.0,260.0,,,6.8,,,,,2026-01-21 14:56:00
,,,2.1,12.0,7.3,255.0,,,6.8,,,,,2026-01-21 15:26:00
,,,2.2,13.0,7.7,265.0,,,6.8,,,,,2026-01-21 15:56:00
,,,2.2,14.0,7.7,257.0,,,6.8,,,,,2026-01-21 16:26:00
,,,2.2,12.0,7.5,254.0,,,6.8,,,,,2026-01-21 16:56:00
,,,2.0,13.0,7.2,258.0,,,6.8,,,,,2026-01-21 17:26:00
,,,2.1,14.0,7.6,267.0,,,6.8,,,,,2026-01-21 17:56:00
,,,2.1,13.0,7.8,260.0,,,6.8,,,,,2026-01-21 18:26:00
,,,2.0,13.0,7.6,260.0,,,6.8,,,,,2026-01-21 18:56:00
,,,2.1,13.0,7.8,272.0,,,6.8,,,,,2026-01-21 19:26:00
,,,2.1,13.0,7.9,260.0,,,6.8,,,,,2026-01-21 19:56:00
,,,2.0,13.0,7.4,260.0,,,6.8,,,,,2026-01-21 20:26:00
,,,2.1,13.0,7.6,260.0,,,6.8,,,,,2026-01-21 20:56:00
,,,2.0,13.0,7.5,261.0,,,6.9,,,,,2026-01-21 21:26:00
,,,2.0,13.0,7.2,254.0,,,6.9,,,,,2026-01-21 21:56:00
,,,2.0,13.0,7.1,258.0,,,6.9,,,,,2026-01-21 22:26:00
,,,1.9,12.0,7.0,258.0,,,6.8,,,,,2026-01-21 22:56:00
,,,2.0,13.0,7.5,263.0,,,6.8,,,,,2026-01-21 23:26:00
,,,2.0,12.0,7.2,258.0,,,6.8,,,,,2026-01-21 23:56:00
,,,2.1,13.0,7.7,263.0,,,6.8,,,,,2026-01-22 00:26:00
,,,1.9,13.0,6.8,282.0,,,6.8,,,,,2026-01-22 00:56:00
,,,2.0,11.0,6.9,251.0,,,6.9,,,,,2026-01-22 01:26:00
,,,1.8,12.0,6.9,258.0,,,6.9,,,,,2026-01-22 01:56:00
,,,2.0,13.0,7.5,264.0,,,6.9,,,,,2026-01-22 02:26:00
,,,1.7,12.0,6.9,272.0,,,6.9,,,,,2026-01-22 02:56:00
,,,1.7,13.0,7.2,263.0,,,6.9,,,,,2026-01-22 03:26:00
,,,1.7,11.0,7.1,274.0,,,6.9,,,,,2026-01-22 03:56:00
,,,1.8,13.0,7.3,263.0,,,6.9,,,,,2026-01-22 04:26:00
,,,1.7,12.0,7.2,261.0,,,6.9,,,,,2026-01-22 04:56:00
,,,1.8,12.0,7.1,254.0,,,6.9,,,,,2026-01-22 05:26:00
,,,1.9,11.0,7.7,254.0,,,6.9,,,,,2026-01-22 05:56:00
,,,1.8,11.0,7.2,258.0,,,6.9,,,,,2026-01-22 06:26:00
,,,2.0,13.0,7.9,263.0,,,6.9,,,,,2026-01-22 06:56:00
,,,1.9,14.0,7.4,255.0,,,6.9,,,,,2026-01-22 07:26:00
,,,2.0,13.0,8.2,260.0,,,6.9,,,,,2026-01-22 07:56:00
,,,1.9,12.0,7.7,251.0,,,6.9,,,,,2026-01-22 08:26:00
,,,2.0,13.0,7.9,258.0,,,6.9,,,,,2026-01-22 08:56:00
,,,2.1,13.0,8.1,257.0,,,6.9,,,,,2026-01-22 09:26:00
,,,1.9,13.0,8.0,258.0,,,6.8,,,,,2026-01-22 09:56:00
,,,2.0,13.0,8.2,261.0,,,6.9,,,,,2026-01-22 10:26:00
,,,2.0,14.0,8.2,264.0,,,6.9,,,,,2026-01-22 10:56:00
,,,1.9,14.0,7.8,258.0,,,6.9,,,,,2026-01-22 11:26:00
,,,2.1,13.0,8.1,257.0,,,6.9,,,,,2026-01-22 11:56:00
,,,2.1,13.0,8.3,260.0,,,6.9,,,,,2026-01-22 12:26:00
,,,2.1,13.0,8.5,263.0,,,6.9,,,,,2026-01-22 12:56:00
,,,2.0,13.0,8.3,260.0,,,6.9,,,,,2026-01-22 13:26:00
,,,2.1,13.0,8.8,257.0,,,6.8,,,,,2026-01-22 13:56:00
,,,2.3,13.0,8.8,265.0,,,6.8,,,,,2026-01-22 14:26:00
,,,2.1,14.0,8.3,254.0,,,6.9,,,,,2026-01-22 14:56:00
,,,2.1,13.0,8.9,260.0,,,6.8,,,,,2026-01-22 15:26:00
,,,2.3,13.0,8.9,264.0,,,6.8,,,,,2026-01-22 15:56:00
,,,2.1,13.0,8.6,264.0,,,6.8,,,,,2026-01-22 16:26:00
,,,2.2,13.0,9.0,258.0,,,6.8,,,,,2026-01-22 16:56:00
,,,2.3,13.0,8.8,265.0,,,6.8,,,,,2026-01-22 17:26:00
,,,2.5,13.0,9.2,263.0,,,6.8,,,,,2026-01-22 17:56:00
,,,2.1,15.0,8.6,255.0,,,6.8,,,,,2026-01-22 18:26:00
,,,2.1,13.0,8.6,267.0,,,6.8,,,,,2026-01-22 18:56:00
,,,2.2,13.0,8.7,260.0,,,6.8,,,,,2026-01-22 19:26:00
,,,2.2,13.0,8.5,260.0,,,6.8,,,,,2026-01-22 19:56:00
,,,2.2,13.0,8.6,257.0,,,6.8,,,,,2026-01-22 20:26:00
,,,2.3,13.0,8.6,271.0,,,6.8,,,,,2026-01-22 20:56:00
,,,2.1,12.0,8.3,248.0,,,6.8,,,,,2026-01-22 21:26:00
,,,2.2,13.0,8.1,265.0,,,6.8,,,,,2026-01-22 21:56:00
,,,2.1,13.0,7.8,264.0,,,6.8,,,,,2026-01-22 22:26:00
,,,2.2,13.0,7.8,264.0,,,6.8,,,,,2026-01-22 22:56:00
,,,2.2,13.0,7.6,271.0,,,6.9,,,,,2026-01-22 23:26:00
,,,2.2,12.0,7.2,260.0,,,6.9,,,,,2026-01-22 23:56:00
,,,1.9,11.0,6.7,258.0,,,7.0,,,,,2026-01-23 00:26:00
,,,2.0,13.0,6.7,275.0,,,7.0,,,,,2026-01-23 00:56:00
,,,2.0,13.0,6.8,264.0,,,7.0,,,,,2026-01-23 01:26:00
,,,2.0,13.0,6.8,263.0,,,7.0,,,,,2026-01-23 01:56:00
,,,2.0,12.0,6.6,264.0,,,7.0,,,,,2026-01-23 02:26:00
,,,2.1,13.0,7.0,267.0,,,7.0,,,,,2026-01-23 02:56:00
,,,1.9,13.0,6.5,257.0,,,7.0,,,,,2026-01-23 03:26:00
,,,2.0,12.0,6.8,265.0,,,7.0,,,,,2026-01-23 03:56:00
,,,2.0,13.0,6.5,270.0,,,7.0,,,,,2026-01-23 04:26:00
,,,2.0,12.0,6.5,267.0,,,7.0,,,,,2026-01-23 04:56:00
,,,1.9,12.0,6.6,267.0,,,7.0,,,,,2026-01-23 05:26:00
,,,1.9,9.0,6.1,212.0,,,7.0,,,,,2026-01-23 05:56:00
,,,1.8,10.0,6.4,254.0,,,7.0,,,,,2026-01-23 06:26:00
,,,2.0,12.0,6.3,264.0,,,7.0,,,,,2026-01-23 06:56:00
,,,1.8,12.0,6.3,264.0,,,7.0,,,,,2026-01-23 07:26:00
,,,1.7,13.0,6.2,258.0,,,7.0,,,,,2026-01-23 07:56:00
,,,1.7,11.0,6.3,265.0,,,7.0,,,,,2026-01-23 08:26:00
,,,1.7,9.0,6.4,198.0,,,7.0,,,,,2026-01-23 08:56:00
,,,1.7,13.0,6.6,254.0,,,7.0,,,,,2026-01-23 09:26:00
,,,1.7,11.0,6.4,261.0,,,7.0,,,,,2026-01-23 09:56:00
,,,1.6,12.0,6.7,263.0,,,7.0,,,,,2026-01-23 10:26:00
,,,1.6,11.0,6.5,272.0,,,7.0,,,,,2026-01-23 10:56:00
,,,1.6,10.0,7.0,237.0,,,7.0,,,,,2026-01-23 11:26:00
,,,1.6,13.0,7.0,264.0,,,7.0,,,,,2026-01-23 11:56:00
,,,1.5,12.0,6.7,258.0,,,7.0,,,,,2026-01-23 12:26:00
,,,1.6,13.0,7.1,267.0,,,7.0,,,,,2026-01-23 12:56:00
,,,1.7,10.0,7.1,222.0,,,7.0,,,,,2026-01-23 13:26:00
,,,1.6,12.0,7.1,265.0,,,7.0,,,,,2026-01-23 13:56:00
,,,1.6,11.0,7.3,272.0,,,7.0,,,,,2026-01-23 14:26:00
,,,1.6,10.0,7.2,219.0,,,7.0,,,,,2026-01-23 14:56:00
,,,1.5,13.0,7.0,268.0,,,7.0,,,,,2026-01-23 15:26:00
,,,1.6,9.0,7.6,205.0,,,7.0,,,,,2026-01-23 15:56:00
,,,1.5,9.0,7.3,208.0,,,7.0,,,,,2026-01-23 16:26:00
,,,1.6,11.0,7.3,270.0,,,7.0,,,,,2026-01-23 16:56:00
,,,1.5,13.0,7.4,279.0,,,7.0,,,,,2026-01-23 17:26:00
,,,1.7,11.0,7.5,255.0,,,7.0,,,,,2026-01-23 17:56:00
,,,1.7,11.0,7.4,246.0,,,7.0,,,,,2026-01-23 18:26:00
,,,1.5,10.0,7.0,219.0,,,7.0,,,,,2026-01-23 18:56:00
,,,1.6,10.0,7.5,232.0,,,7.0,,,,,2026-01-23 19:26:00
,,,1.5,10.0,7.3,220.0,,,7.0,,,,,2026-01-23 19:56:00
,,,1.5,10.0,7.1,232.0,,,7.0,,,,,2026-01-23 20:26:00
,,,1.6,9.0,7.3,209.0,,,7.0,,,,,2026-01-23 20:56:00
,,,1.7,10.0,7.5,219.0,,,7.0,,,,,2026-01-23 21:26:00
,,,1.6,11.0,7.2,233.0,,,7.0,,,,,2026-01-23 21:56:00
,,,1.7,10.0,7.6,212.0,,,7.0,,,,,2026-01-23 22:26:00
,,,1.7,10.0,7.5,208.0,,,7.0,,,,,2026-01-23 22:56:00
,,,1.7,10.0,7.6,208.0,,,7.0,,,,,2026-01-23 23:26:00
,,,1.7,10.0,7.4,239.0,,,7.0,,,,,2026-01-23 23:56:00
,,,1.7,10.0,7.4,198.0,,,7.0,,,,,2026-01-24 00:26:00
,,,1.8,10.0,7.6,201.0,,,7.0,,,,,2026-01-24 00:56:00
,,,1.6,11.0,7.3,215.0,,,7.0,,,,,2026-01-24 01:26:00
,,,1.7,11.0,7.4,226.0,,,7.0,,,,,2026-01-24 01:56:00
,,,1.8,11.0,7.6,216.0,,,7.0,,,,,2026-01-24 02:26:00
,,,1.8,11.0,7.5,202.0,,,7.0,,,,,2026-01-24 02:56:00
,,,1.8,11.0,7.5,215.0,,,7.0,,,,,2026-01-24 03:26:00
,,,1.8,11.0,7.1,202.0,,,7.0,,,,,2026-01-24 03:56:00
,,,1.9,10.0,7.5,202.0,,,7.0,,,,,2026-01-24 04:26:00
,,,1.8,11.0,7.1,205.0,,,7.0,,,,,2026-01-24 04:56:00
,,,1.7,10.0,6.9,189.0,,,7.0,,,,,2026-01-24 05:26:00
,,,1.7,11.0,7.0,203.0,,,7.0,,,,,2026-01-24 05:56:00
,,,1.8,10.0,6.7,201.0,,,7.0,,,,,2026-01-24 06:26:00
,,,2.0,11.0,7.0,208.0,,,7.0,,,,,2026-01-24 06:56:00
,,,2.0,9.0,6.8,205.0,,,7.0,,,,,2026-01-24 07:26:00
,,,2.2,10.0,6.8,209.0,,,7.0,,,,,2026-01-24 07:56:00
,,,2.2,10.0,6.7,210.0,,,7.0,,,,,2026-01-24 08:26:00
,,,2.1,10.0,6.4,203.0,,,7.0,,,,,2026-01-24 08:56:00
,,,2.0,10.0,6.2,202.0,,,7.0,,,,,2026-01-24 09:26:00
,,,2.3,11.0,6.4,206.0,,,7.0,,,,,2026-01-24 09:56:00
,,,2.4,10.0,6.7,216.0,,,7.0,,,,,2026-01-24 10:26:00
,,,2.2,10.0,6.2,213.0,,,7.0,,,,,2026-01-24 10:56:00
,,,2.4,11.0,6.4,212.0,,,7.0,,,,,2026-01-24 11:26:00
,,,2.6,11.0,6.8,206.0,,,7.0,,,,,2026-01-24 11:56:00
,,,2.4,10.0,6.3,219.0,,,7.0,,,,,2026-01-24 12:26:00
,,,2.7,11.0,7.0,202.0,,,7.0,,,,,2026-01-24 12:56:00
,,,2.6,10.0,6.6,203.0,,,7.0,,,,,2026-01-24 13:26:00
,,,2.6,11.0,6.7,216.0,,,7.0,,,,,2026-01-24 13:56:00
,,,2.7,10.0,6.7,205.0,,,7.0,,,,,2026-01-24 14:26:00
,,,2.9,11.0,7.0,216.0,,,6.9,,,,,2026-01-24 14:56:00
,,,3.0,17.0,7.2,275.0,,,6.9,,,,,2026-01-24 15:26:00
,,,2.9,18.0,7.1,285.0,,,6.9,,,,,2026-01-24 15:56:00
,,,2.7,11.0,7.0,210.0,,,6.9,,,,,2026-01-24 16:26:00
,,,2.9,10.0,7.3,209.0,,,6.9,,,,,2026-01-24 16:56:00
,,,2.8,10.0,7.0,218.0,,,6.9,,,,,2026-01-24 17:26:00
,,,3.0,11.0,7.2,213.0,,,6.9,,,,,2026-01-24 17:56:00
,,,2.9,11.0,7.2,209.0,,,6.9,,,,,2026-01-24 18:26:00
,,,2.7,17.0,7.1,278.0,,,6.9,,,,,2026-01-24 18:56:00
,,,2.9,17.0,7.2,272.0,,,6.9,,,,,2026-01-24 19:26:00
,,,2.9,17.0,7.2,281.0,,,6.9,,,,,2026-01-24 19:56:00
,,,3.1,17.0,7.9,279.0,,,6.9,,,,,2026-01-24 20:26:00
,,,2.7,10.0,7.2,203.0,,,6.9,,,,,2026-01-24 20:56:00
,,,2.8,15.0,7.3,285.0,,,6.9,,,,,2026-01-24 21:26:00
,,,2.9,11.0,7.0,209.0,,,6.9,,,,,2026-01-24 21:56:00
,,,2.8,10.0,7.5,206.0,,,6.9,,,,,2026-01-24 22:26:00
,,,2.9,10.0,7.7,210.0,,,6.9,,,,,2026-01-24 22:56:00
,,,2.7,10.0,7.6,210.0,,,6.9,,,,,2026-01-24 23:26:00
,,,3.0,10.0,8.1,209.0,,,6.9,,,,,2026-01-24 23:56:00
,,,2.8,15.0,7.9,284.0,,,6.9,,,,,2026-01-25 00:26:00
,,,2.8,15.0,7.8,282.0,,,6.9,,,,,2026-01-25 00:56:00
,,,2.7,10.0,7.8,206.0,,,6.9,,,,,2026-01-25 01:26:00
,,,2.7,10.0,7.8,201.0,,,6.9,,,,,2026-01-25 01:56:00
,,,2.6,15.0,7.8,285.0,,,6.9,,,,,2026-01-25 02:26:00
,,,2.8,15.0,8.0,281.0,,,6.9,,,,,2026-01-25 02:56:00
,,,2.8,10.0,8.0,205.0,,,6.9,,,,,2026-01-25 03:26:00
,,,2.6,9.0,7.9,206.0,,,6.9,,,,,2026-01-25 03:56:00
,,,2.6,15.0,7.8,272.0,,,6.9,,,,,2026-01-25 04:26:00
,,,2.6,10.0,7.7,206.0,,,6.9,,,,,2026-01-25 04:56:00
,,,2.5,10.0,7.8,212.0,,,6.9,,,,,2026-01-25 05:26:00
,,,2.5,10.0,8.1,206.0,,,6.9,,,,,2026-01-25 05:56:00
,,,2.3,10.0,7.9,203.0,,,6.9,,,,,2026-01-25 06:26:00
,,,2.1,10.0,7.7,212.0,,,6.9,,,,,2026-01-25 06:56:00
,,,2.1,9.0,7.6,196.0,,,6.8,,,,,2026-01-25 07:26:00
,,,2.0,9.0,7.2,192.0,,,6.9,,,,,2026-01-25 07:56:00
,,,2.1,9.0,7.8,201.0,,,6.8,,,,,2026-01-25 08:26:00
,,,2.0,9.0,7.6,203.0,,,6.8,,,,,2026-01-25 08:56:00
,,,1.9,9.0,7.4,196.0,,,6.8,,,,,2026-01-25 09:26:00
,,,1.9,9.0,7.8,201.0,,,6.8,,,,,2026-01-25 09:56:00
,,,1.9,8.0,7.7,198.0,,,6.8,,,,,2026-01-25 10:26:00
,,,2.0,8.0,7.7,199.0,,,6.8,,,,,2026-01-25 10:56:00
,,,2.2,9.0,7.9,201.0,,,6.8,,,,,2026-01-25 11:26:00
,,,2.3,14.0,8.3,272.0,,,6.8,,,,,2026-01-25 11:56:00
,,,2.2,14.0,8.1,265.0,,,6.8,,,,,2026-01-25 12:26:00
,,,2.0,14.0,8.1,270.0,,,6.8,,,,,2026-01-25 12:56:00
,,,2.2,14.0,8.1,272.0,,,6.8,,,,,2026-01-25 13:26:00
,,,2.2,14.0,8.3,268.0,,,6.8,,,,,2026-01-25 13:56:00
,,,2.3,14.0,8.1,275.0,,,6.8,,,,,2026-01-25 14:26:00
,,,2.0,13.0,7.9,278.0,,,6.8,,,,,2026-01-25 14:56:00
,,,2.2,13.0,8.3,281.0,,,6.8,,,,,2026-01-25 15:26:00
,,,2.2,14.0,8.4,271.0,,,6.8,,,,,2026-01-25 15:56:00
,,,2.3,14.0,8.4,272.0,,,6.8,,,,,2026-01-25 16:26:00
,,,2.1,14.0,8.6,275.0,,,6.8,,,,,2026-01-25 16:56:00
,,,2.1,14.0,8.4,274.0,,,6.8,,,,,2026-01-25 17:26:00
,,,1.9,9.0,7.9,199.0,,,6.8,,,,,2026-01-25 17:56:00
,,,2.2,13.0,8.6,279.0,,,6.8,,,,,2026-01-25 18:26:00
,,,2.0,14.0,8.2,282.0,,,6.8,,,,,2026-01-25 18:56:00
,,,1.9,14.0,8.1,278.0,,,6.8,,,,,2026-01-25 19:26:00
,,,1.8,14.0,8.0,274.0,,,6.8,,,,,2026-01-25 19:56:00
,,,1.8,13.0,7.8,270.0,,,6.8,,,,,2026-01-25 20:26:00
,,,1.9,13.0,8.0,274.0,,,6.8,,,,,2026-01-25 20:56:00
,,,2.0,13.0,8.6,271.0,,,6.8,,,,,2026-01-25 21:26:00
,,,1.9,8.0,7.8,188.0,,,6.8,,,,,2026-01-25 21:56:00
,,,1.8,13.0,7.8,263.0,,,6.8,,,,,2026-01-25 22:26:00
,,,1.9,14.0,8.2,272.0,,,6.9,,,,,2026-01-25 22:56:00
,,,1.8,13.0,7.9,277.0,,,6.9,,,,,2026-01-25 23:26:00
,,,1.9,8.0,7.8,191.0,,,6.9,,,,,2026-01-25 23:56:00
,,,1.8,13.0,7.7,274.0,,,6.9,,,,,2026-01-26 00:26:00
,,,1.7,13.0,7.5,271.0,,,6.9,,,,,2026-01-26 00:56:00
,,,1.7,14.0,7.5,268.0,,,6.9,,,,,2026-01-26 01:26:00
,,,1.7,13.0,7.5,272.0,,,6.9,,,,,2026-01-26 01:56:00
,,,1.6,13.0,6.8,267.0,,,6.9,,,,,2026-01-26 02:26:00
,,,1.8,13.0,7.4,267.0,,,6.9,,,,,2026-01-26 02:56:00
,,,1.6,8.0,6.5,189.0,,,6.9,,,,,2026-01-26 03:26:00
,,,1.6,13.0,6.6,272.0,,,6.8,,,,,2026-01-26 03:56:00
,,,1.6,13.0,6.1,279.0,,,6.8,,,,,2026-01-26 04:26:00
,,,1.7,13.0,6.1,272.0,,,6.8,,,,,2026-01-26 04:56:00
,,,1.7,13.0,6.0,267.0,,,6.8,,,,,2026-01-26 05:26:00
,,,1.8,13.0,5.9,277.0,,,6.8,,,,,2026-01-26 05:56:00
,,,1.6,13.0,5.3,277.0,,,6.8,,,,,2026-01-26 06:26:00
,,,1.8,13.0,5.6,278.0,,,6.8,,,,,2026-01-26 06:56:00
,,,1.9,12.0,5.5,275.0,,,6.8,,,,,2026-01-26 07:26:00
,,,1.8,5.0,5.4,132.0,,,6.8,,,,,2026-01-26 07:56:00
,,,1.9,5.0,5.4,132.0,,,6.8,,,,,2026-01-26 08:26:00
,,,2.0,5.0,5.4,139.0,,,6.8,,,,,2026-01-26 08:56:00
,,,2.1,6.0,5.6,150.0,,,6.8,,,,,2026-01-26 09:26:00
,,,2.2,6.0,5.5,142.0,,,6.8,,,,,2026-01-26 09:56:00
,,,2.4,6.0,5.8,149.0,,,6.8,,,,,2026-01-26 10:26:00
,,,2.4,6.0,5.7,142.0,,,6.8,,,,,2026-01-26 10:56:00
,,,2.4,6.0,5.8,149.0,,,6.8,,,,,2026-01-26 11:26:00
,,,2.6,6.0,5.9,151.0,,,6.8,,,,,2026-01-26 11:56:00
,,,2.8,7.0,6.0,171.0,,,6.8,,,,,2026-01-26 12:26:00
,,,2.7,8.0,6.1,184.0,,,6.8,,,,,2026-01-26 12:56:00
,,,3.0,8.0,6.3,182.0,,,6.8,,,,,2026-01-26 13:26:00
,,,3.0,8.0,6.4,185.0,,,6.8,,,,,2026-01-26 13:56:00
,,,3.0,8.0,6.2,173.0,,,6.8,,,,,2026-01-26 14:26:00
,,,3.3,8.0,6.6,170.0,,,6.8,,,,,2026-01-26 14:56:00
,,,3.2,8.0,6.4,174.0,,,6.8,,,,,2026-01-26 15:26:00
,,,3.5,8.0,6.6,167.0,,,6.8,,,,,2026-01-26 15:56:00
,,,3.4,8.0,6.6,173.0,,,6.8,,,,,2026-01-26 16:26:00
,,,3.4,8.0,6.7,174.0,,,6.8,,,,,2026-01-26 16:56:00
,,,4.0,8.0,7.1,160.0,,,6.8,,,,,2026-01-26 18:26:00
,,,3.8,9.0,7.1,177.0,,,6.8,,,,,2026-01-26 18:56:00
,,,4.0,9.0,7.2,174.0,,,6.8,,,,,2026-01-26 19:26:00
,,,3.7,9.0,7.1,181.0,,,6.8,,,,,2026-01-26 19:56:00
,,,3.8,8.0,7.4,150.0,,,6.8,,,,,2026-01-26 20:26:00
,,,4.0,8.0,7.7,146.0,,,6.8,,,,,2026-01-26 20:56:00
,,,3.9,9.0,7.9,168.0,,,6.8,,,,,2026-01-26 21:26:00
,,,3.8,9.0,7.8,170.0,,,6.8,,,,,2026-01-26 21:56:00
,,,4.1,9.0,8.1,153.0,,,6.9,,,,,2026-01-26 22:26:00
,,,3.8,10.0,7.8,174.0,,,6.9,,,,,2026-01-26 22:56:00
,,,4.2,9.0,8.0,158.0,,,6.9,,,,,2026-01-26 23:26:00
,,,4.0,10.0,7.8,167.0,,,7.0,,,,,2026-01-26 23:56:00
,,,3.9,10.0,7.8,178.0,,,7.0,,,,,2026-01-27 00:26:00
,,,4.2,10.0,7.9,178.0,,,7.0,,,,,2026-01-27 00:56:00
,,,3.9,10.0,7.8,174.0,,,7.0,,,,,2026-01-27 01:26:00
,,,3.8,10.0,7.8,178.0,,,7.0,,,,,2026-01-27 01:56:00
,,,3.7,13.0,7.8,257.0,,,6.9,,,,,2026-01-27 02:26:00
,,,3.6,13.0,8.0,254.0,,,6.9,,,,,2026-01-27 02:56:00
,,,4.0,11.0,8.1,187.0,,,6.9,,,,,2026-01-27 03:26:00
,,,3.7,12.0,8.1,220.0,,,6.9,,,,,2026-01-27 03:56:00
,,,3.6,10.0,8.1,180.0,,,6.9,,,,,2026-01-27 04:26:00
,,,3.8,11.0,8.6,194.0,,,6.9,,,,,2026-01-27 04:56:00
,,,3.7,10.0,8.6,180.0,,,6.9,,,,,2026-01-27 05:26:00
,,,3.9,10.0,8.8,181.0,,,6.9,,,,,2026-01-27 05:56:00
,,,3.5,10.0,8.5,177.0,,,6.9,,,,,2026-01-27 06:26:00
,,,3.7,11.0,8.7,189.0,,,6.8,,,,,2026-01-27 06:56:00
,,,3.5,10.0,8.3,199.0,,,6.8,,,,,2026-01-27 07:26:00
,,,3.6,11.0,8.8,218.0,,,6.8,,,,,2026-01-27 08:26:00
,,,3.8,11.0,8.8,196.0,,,6.8,,,,,2026-01-27 08:56:00
,,,3.5,11.0,8.7,198.0,,,6.8,,,,,2026-01-27 09:26:00
,,,3.7,10.0,8.7,203.0,,,6.8,,,,,2026-01-27 09:56:00
,,,3.6,13.0,8.8,264.0,,,6.8,,,,,2026-01-27 10:26:00
,,,4.0,14.0,8.9,270.0,,,6.8,,,,,2026-01-27 10:56:00
,,,3.9,10.0,8.6,191.0,,,6.8,,,,,2026-01-27 11:26:00
,,,3.9,13.0,8.5,263.0,,,6.8,,,,,2026-01-27 11:56:00
,,,4.3,11.0,8.8,226.0,,,6.8,,,,,2026-01-27 12:26:00
,,,3.6,13.0,8.0,272.0,,,6.9,,,,,2026-01-27 12:56:00
,,,3.9,13.0,8.0,272.0,,,6.9,,,,,2026-01-27 13:26:00
,,,3.7,11.0,7.6,203.0,,,6.9,,,,,2026-01-27 13:56:00
,,,4.0,10.0,7.6,206.0,,,6.9,,,,,2026-01-27 14:26:00
,,,4.1,10.0,7.8,199.0,,,6.9,,,,,2026-01-27 14:56:00
,,,4.2,10.0,7.6,194.0,,,6.9,,,,,2026-01-27 15:26:00
,,,4.0,11.0,7.4,218.0,,,6.9,,,,,2026-01-27 15:56:00
,,,4.4,9.0,7.8,175.0,,,6.9,,,,,2026-01-27 16:26:00
,,,4.6,10.0,8.0,195.0,,,6.9,,,,,2026-01-27 16:56:00
,,,4.5,11.0,8.3,198.0,,,6.9,,,,,2026-01-27 17:26:00
,,,4.1,10.0,8.1,165.0,,,6.9,,,,,2026-01-27 17:56:00
,,,3.7,10.0,8.1,175.0,,,6.9,,,,,2026-01-27 18:26:00
,,,3.9,10.0,8.3,174.0,,,6.9,,,,,2026-01-27 18:56:00
,,,3.9,10.0,8.3,171.0,,,6.9,,,,,2026-01-27 19:26:00
,,,3.9,11.0,8.3,208.0,,,6.9,,,,,2026-01-27 19:56:00
,,,3.9,11.0,8.2,218.0,,,6.9,,,,,2026-01-27 20:26:00
,,,3.7,13.0,8.2,247.0,,,6.9,,,,,2026-01-27 20:56:00
,,,3.8,10.0,8.1,173.0,,,6.9,,,,,2026-01-27 21:26:00
,,,3.8,11.0,8.1,208.0,,,6.8,,,,,2026-01-27 21:56:00
,,,3.9,9.0,7.8,170.0,,,6.8,,,,,2026-01-27 22:26:00
,,,4.3,15.0,8.2,254.0,,,6.8,,,,,2026-01-27 22:56:00
,,,4.0,15.0,7.8,247.0,,,6.8,,,,,2026-01-27 23:26:00
,,,4.0,11.0,7.7,195.0,,,6.8,,,,,2026-01-27 23:56:00
,,,4.1,15.0,8.0,261.0,,,6.8,,,,,2026-01-28 00:26:00
,,,4.5,14.0,8.3,261.0,,,6.8,,,,,2026-01-28 00:56:00
,,,4.2,13.0,8.1,258.0,,,6.7,,,,,2026-01-28 01:26:00
,,,3.9,14.0,8.3,255.0,,,6.7,,,,,2026-01-28 01:56:00
,,,4.0,13.0,8.1,255.0,,,6.7,,,,,2026-01-28 02:26:00
,,,4.0,9.0,8.2,171.0,,,6.7,,,,,2026-01-28 02:56:00
,,,3.8,14.0,7.8,264.0,,,6.8,,,,,2026-01-28 03:26:00
,,,4.1,14.0,8.4,268.0,,,6.8,,,,,2026-01-28 03:56:00
,,,4.0,14.0,8.2,255.0,,,6.8,,,,,2026-01-28 04:26:00
,,,4.1,13.0,8.6,250.0,,,6.8,,,,,2026-01-28 04:56:00
,,,4.0,14.0,8.7,265.0,,,6.8,,,,,2026-01-28 05:26:00
,,,4.0,14.0,8.6,258.0,,,6.8,,,,,2026-01-28 05:56:00
,,,3.7,10.0,8.2,218.0,,,6.8,,,,,2026-01-28 06:26:00
,,,3.9,11.0,8.3,230.0,,,6.8,,,,,2026-01-28 06:56:00
,,,3.9,13.0,8.4,255.0,,,6.8,,,,,2026-01-28 07:26:00
,,,3.7,13.0,8.7,258.0,,,6.8,,,,,2026-01-28 07:56:00
,,,3.5,13.0,8.6,263.0,,,6.8,,,,,2026-01-28 08:26:00
,,,3.5,13.0,8.6,270.0,,,6.9,,,,,2026-01-28 08:56:00
,,,3.7,13.0,8.8,255.0,,,6.9,,,,,2026-01-28 09:26:00
,,,3.1,12.0,8.5,253.0,,,6.9,,,,,2026-01-28 09:56:00
,,,3.4,11.0,8.6,233.0,,,6.8,,,,,2026-01-28 10:26:00
,,,3.5,12.0,8.6,246.0,,,6.8,,,,,2026-01-28 10:56:00
,,,3.5,12.0,8.8,244.0,,,6.9,,,,,2026-01-28 11:26:00
,,,3.3,13.0,8.5,244.0,,,6.8,,,,,2026-01-28 11:56:00
,,,3.2,11.0,7.5,236.0,,,6.8,,,,,2026-01-28 12:26:00
,,,3.5,13.0,7.3,250.0,,,6.8,,,,,2026-01-28 12:56:00
,,,3.5,13.0,7.2,244.0,,,6.8,,,,,2026-01-28 13:26:00
,,,3.5,13.0,7.0,246.0,,,6.8,,,,,2026-01-28 13:56:00
,,,3.9,11.0,7.3,216.0,,,6.8,,,,,2026-01-28 14:26:00
,,,3.6,13.0,7.0,244.0,,,6.7,,,,,2026-01-28 14:56:00
,,,4.1,8.0,7.2,239.0,,,6.7,,,,,2026-01-28 15:26:00
,,,4.2,7.0,7.2,250.0,,,6.7,,,,,2026-01-28 15:56:00
,,,4.4,10.0,7.6,212.0,,,6.7,,,,,2026-01-28 16:26:00
,,,4.3,8.0,7.6,232.0,,,6.7,,,,,2026-01-28 16:56:00
,,,4.2,7.0,7.3,234.0,,,6.7,,,,,2026-01-28 17:26:00
,,,4.3,8.0,7.3,234.0,,,6.7,,,,,2026-01-28 17:56:00
,,,4.3,9.0,7.4,212.0,,,6.7,,,,,2026-01-28 18:26:00
,,,4.7,9.0,7.5,218.0,,,6.7,,,,,2026-01-28 18:56:00
,,,4.5,8.0,7.7,222.0,,,6.7,,,,,2026-01-28 19:26:00
,,,5.0,9.0,7.8,208.0,,,6.7,,,,,2026-01-28 19:56:00
,,,5.0,10.0,7.8,175.0,,,6.6,,,,,2026-01-28 20:26:00
,,,5.1,10.0,7.9,208.0,,,6.6,,,,,2026-01-28 20:56:00
,,,5.3,11.0,8.1,206.0,,,6.6,,,,,2026-01-28 21:26:00
,,,5.0,12.0,7.9,227.0,,,6.6,,,,,2026-01-28 21:56:00
,,,5.0,10.0,7.8,209.0,,,6.6,,,,,2026-01-28 22:26:00
,,,5.1,11.0,8.0,223.0,,,6.6,,,,,2026-01-28 22:56:00
,,,5.3,11.0,8.0,229.0,,,6.6,,,,,2026-01-28 23:26:00
,,,5.6,11.0,8.1,219.0,,,6.7,,,,,2026-01-28 23:56:00
,,,5.2,10.0,8.0,229.0,,,6.7,,,,,2026-01-29 00:26:00
,,,5.5,11.0,8.2,203.0,,,6.7,,,,,2026-01-29 00:56:00
,,,5.3,11.0,8.2,208.0,,,6.7,,,,,2026-01-29 01:26:00
,,,5.1,9.0,8.0,234.0,,,6.7,,,,,2026-01-29 01:56:00
,,,5.4,10.0,8.2,240.0,,,6.7,,,,,2026-01-29 02:26:00
,,,5.3,11.0,8.1,227.0,,,6.7,,,,,2026-01-29 02:56:00
,,,5.0,11.0,8.1,209.0,,,6.7,,,,,2026-01-29 03:26:00
,,,4.9,11.0,8.0,237.0,,,6.7,,,,,2026-01-29 03:56:00
,,,5.6,11.0,8.4,215.0,,,6.7,,,,,2026-01-29 04:26:00
,,,4.8,11.0,8.2,212.0,,,6.8,,,,,2026-01-29 04:56:00
,,,5.1,11.0,8.5,234.0,,,6.7,,,,,2026-01-29 05:26:00
,,,4.8,11.0,8.3,225.0,,,6.7,,,,,2026-01-29 05:56:00
,,,5.1,11.0,8.3,212.0,,,6.7,,,,,2026-01-29 06:26:00
,,,4.9,10.0,8.4,230.0,,,6.7,,,,,2026-01-29 06:56:00
,,,5.3,11.0,8.7,226.0,,,6.7,,,,,2026-01-29 07:26:00
,,,4.7,11.0,8.4,227.0,,,6.7,,,,,2026-01-29 07:56:00
,,,4.7,11.0,8.4,233.0,,,6.7,,,,,2026-01-29 08:26:00
,,,5.2,11.0,8.6,233.0,,,6.7,,,,,2026-01-29 08:56:00
,,,4.8,10.0,8.2,237.0,,,6.7,,,,,2026-01-29 09:26:00
,,,4.8,11.0,8.4,244.0,,,6.7,,,,,2026-01-29 09:56:00
,,,4.4,11.0,8.3,229.0,,,6.7,,,,,2026-01-29 10:26:00
,,,4.6,10.0,8.5,237.0,,,6.7,,,,,2026-01-29 10:56:00
,,,4.3,11.0,8.4,233.0,,,6.7,,,,,2026-01-29 11:26:00
,,,4.5,10.0,8.4,241.0,,,6.7,,,,,2026-01-29 11:56:00
,,,4.5,10.0,8.3,229.0,,,6.7,,,,,2026-01-29 12:26:00
,,,4.2,11.0,8.3,210.0,,,6.7,,,,,2026-01-29 12:56:00
,,,3.8,11.0,8.0,206.0,,,6.7,,,,,2026-01-29 13:26:00
,,,4.4,11.0,8.7,203.0,,,6.7,,,,,2026-01-29 13:56:00
,,,4.3,11.0,8.8,210.0,,,6.7,,,,,2026-01-29 15:26:00
,,,4.2,11.0,8.6,198.0,,,6.7,,,,,2026-01-29 15:56:00
,,,3.9,11.0,8.2,202.0,,,6.7,,,,,2026-01-29 16:26:00
,,,3.8,11.0,8.3,209.0,,,6.7,,,,,2026-01-29 16:56:00
,,,3.9,12.0,8.6,196.0,,,6.7,,,,,2026-01-29 17:26:00
,,,3.6,11.0,8.4,201.0,,,6.7,,,,,2026-01-29 17:56:00
,,,3.9,12.0,8.6,213.0,,,6.7,,,,,2026-01-29 18:26:00
,,,3.6,13.0,8.4,199.0,,,6.7,,,,,2026-01-29 18:56:00
,,,3.4,12.0,8.3,201.0,,,6.7,,,,,2026-01-29 19:26:00
,,,3.3,11.0,8.3,198.0,,,6.7,,,,,2026-01-29 19:56:00
,,,3.2,13.0,8.0,202.0,,,6.7,,,,,2026-01-29 20:26:00
,,,3.1,11.0,7.9,212.0,,,6.7,,,,,2026-01-29 20:56:00
,,,3.4,11.0,8.2,203.0,,,6.7,,,,,2026-01-29 21:26:00
,,,3.2,12.0,8.2,202.0,,,6.7,,,,,2026-01-29 21:56:00
,,,3.4,11.0,8.3,198.0,,,6.7,,,,,2026-01-29 22:26:00
,,,3.4,11.0,8.1,213.0,,,6.7,,,,,2026-01-29 22:56:00
,,,3.5,11.0,8.2,201.0,,,6.7,,,,,2026-01-29 23:26:00
,,,3.0,11.0,7.8,210.0,,,6.7,,,,,2026-01-29 23:56:00
,,,3.5,11.0,8.2,198.0,,,6.7,,,,,2026-01-30 00:26:00
,,,3.1,11.0,7.7,167.0,,,6.7,,,,,2026-01-30 00:56:00
,,,3.0,11.0,7.8,191.0,,,6.7,,,,,2026-01-30 01:26:00
,,,3.3,11.0,7.8,185.0,,,6.7,,,,,2026-01-30 01:56:00
,,,3.2,11.0,8.0,219.0,,,6.7,,,,,2026-01-30 02:26:00
,,,3.1,10.0,7.9,185.0,,,6.7,,,,,2026-01-30 02:56:00
,,,3.1,11.0,7.8,206.0,,,6.7,,,,,2026-01-30 03:26:00
,,,3.3,10.0,7.9,205.0,,,6.7,,,,,2026-01-30 03:56:00
,,,3.6,11.0,8.3,206.0,,,6.7,,,,,2026-01-30 04:26:00
,,,3.1,11.0,7.8,182.0,,,6.7,,,,,2026-01-30 04:56:00
,,,3.4,11.0,8.1,209.0,,,6.7,,,,,2026-01-30 05:26:00
,,,2.9,11.0,7.7,202.0,,,6.7,,,,,2026-01-30 05:56:00
,,,3.3,10.0,7.9,210.0,,,6.7,,,,,2026-01-30 06:26:00
,,,3.5,11.0,8.2,198.0,,,6.7,,,,,2026-01-30 06:56:00
,,,3.3,13.0,7.9,265.0,,,6.7,,,,,2026-01-30 07:26:00
,,,3.3,11.0,8.0,205.0,,,6.7,,,,,2026-01-30 07:56:00
,,,3.3,11.0,7.8,194.0,,,6.7,,,,,2026-01-30 08:26:00
,,,3.2,11.0,7.9,222.0,,,6.7,,,,,2026-01-30 08:56:00
,,,3.4,11.0,8.1,208.0,,,6.7,,,,,2026-01-30 09:26:00
,,,3.2,11.0,7.9,209.0,,,6.7,,,,,2026-01-30 09:56:00
,,,3.0,12.0,7.7,212.0,,,6.7,,,,,2026-01-30 10:26:00
,,,3.3,11.0,7.9,210.0,,,6.7,,,,,2026-01-30 10:56:00
,,,3.3,12.0,8.3,227.0,,,6.7,,,,,2026-01-30 11:26:00
,,,3.1,11.0,7.9,230.0,,,6.7,,,,,2026-01-30 11:56:00
,,,3.6,11.0,8.7,201.0,,,6.7,,,,,2026-01-30 12:26:00
,,,3.6,11.0,8.4,192.0,,,6.7,,,,,2026-01-30 12:56:00
,,,3.7,11.0,8.9,222.0,,,6.7,,,,,2026-01-30 13:26:00
,,,3.9,11.0,8.9,223.0,,,6.7,,,,,2026-01-30 13:56:00
,,,3.5,10.0,8.8,201.0,,,6.7,,,,,2026-01-30 14:26:00
,,,3.8,12.0,9.1,234.0,,,6.7,,,,,2026-01-30 14:56:00
,,,3.6,11.0,9.1,229.0,,,6.7,,,,,2026-01-30 15:26:00
,,,3.8,10.0,8.8,215.0,,,6.7,,,,,2026-01-30 15:56:00
,,,3.7,15.0,9.0,253.0,,,6.7,,,,,2026-01-30 16:26:00
,,,3.9,14.0,9.2,250.0,,,6.7,,,,,2026-01-30 16:56:00
,,,4.0,15.0,9.4,250.0,,,6.7,,,,,2026-01-30 17:26:00
,,,3.8,12.0,9.2,244.0,,,6.7,,,,,2026-01-30 17:56:00
,,,3.7,14.0,9.3,257.0,,,6.7,,,,,2026-01-30 18:26:00
,,,4.0,14.0,9.3,255.0,,,6.7,,,,,2026-01-30 18:56:00
,,,3.8,13.0,9.3,258.0,,,6.7,,,,,2026-01-30 19:26:00
,,,4.1,14.0,9.6,254.0,,,6.7,,,,,2026-01-30 19:56:00
,,,4.0,13.0,9.7,257.0,,,6.7,,,,,2026-01-30 20:26:00
,,,4.0,14.0,9.3,254.0,,,6.7,,,,,2026-01-30 20:56:00
,,,4.2,13.0,9.9,251.0,,,6.7,,,,,2026-01-30 21:26:00
,,,3.9,13.0,9.6,251.0,,,6.7,,,,,2026-01-30 21:56:00
,,,3.8,13.0,9.7,255.0,,,6.7,,,,,2026-01-30 22:26:00
,,,3.9,13.0,9.8,255.0,,,6.7,,,,,2026-01-30 22:56:00
,,,3.8,11.0,9.3,241.0,,,6.7,,,,,2026-01-30 23:26:00
,,,3.6,15.0,9.3,257.0,,,6.7,,,,,2026-01-30 23:56:00
,,,3.5,13.0,9.4,253.0,,,6.7,,,,,2026-01-31 00:26:00
,,,3.7,14.0,9.4,251.0,,,6.7,,,,,2026-01-31 00:56:00
,,,3.4,11.0,8.8,237.0,,,6.7,,,,,2026-01-31 01:26:00
,,,3.5,14.0,9.2,248.0,,,6.7,,,,,2026-01-31 01:56:00
,,,3.1,14.0,8.4,247.0,,,6.7,,,,,2026-01-31 02:26:00
,,,3.1,15.0,8.6,243.0,,,6.7,,,,,2026-01-31 02:56:00
,,,3.1,14.0,8.5,254.0,,,6.7,,,,,2026-01-31 03:26:00
,,,3.0,15.0,8.1,251.0,,,6.7,,,,,2026-01-31 03:56:00
,,,3.1,14.0,8.2,255.0,,,6.7,,,,,2026-01-31 04:26:00
,,,3.0,13.0,7.7,255.0,,,6.7,,,,,2026-01-31 04:56:00
,,,3.0,13.0,7.5,261.0,,,6.7,,,,,2026-01-31 05:26:00
,,,2.9,13.0,7.4,257.0,,,6.7,,,,,2026-01-31 05:56:00
,,,2.9,14.0,7.1,258.0,,,6.7,,,,,2026-01-31 06:26:00
,,,3.0,15.0,7.2,265.0,,,6.7,,,,,2026-01-31 06:56:00
,,,2.8,14.0,6.7,257.0,,,6.7,,,,,2026-01-31 07:26:00
,,,2.9,14.0,6.8,268.0,,,6.7,,,,,2026-01-31 07:56:00
,,,3.2,15.0,7.1,267.0,,,6.7,,,,,2026-01-31 08:26:00
,,,3.2,13.0,7.0,265.0,,,6.7,,,,,2026-01-31 08:56:00
,,,3.2,13.0,7.2,251.0,,,6.7,,,,,2026-01-31 09:26:00
,,,3.2,14.0,7.2,260.0,,,6.7,,,,,2026-01-31 09:56:00
,,,3.2,14.0,7.2,261.0,,,6.7,,,,,2026-01-31 10:26:00
,,,3.3,15.0,7.2,265.0,,,6.7,,,,,2026-01-31 10:56:00
,,,3.5,13.0,7.2,271.0,,,6.7,,,,,2026-01-31 11:26:00
,,,3.4,8.0,7.0,139.0,,,6.7,,,,,2026-01-31 11:56:00
,,,3.5,8.0,7.0,126.0,,,6.7,,,,,2026-01-31 12:26:00
,,,3.8,14.0,7.2,265.0,,,6.7,,,,,2026-01-31 12:56:00
,,,3.8,8.0,7.2,130.0,,,6.7,,,,,2026-01-31 13:26:00
,,,3.9,8.0,7.3,130.0,,,6.7,,,,,2026-01-31 13:56:00
,,,3.9,8.0,7.2,115.0,,,6.7,,,,,2026-01-31 14:26:00
,,,4.0,8.0,7.5,120.0,,,6.7,,,,,2026-01-31 14:56:00
,,,4.0,8.0,7.5,122.0,,,6.7,,,,,2026-01-31 15:26:00
,,,4.1,8.0,7.4,99.0,,,6.7,,,,,2026-01-31 15:56:00
,,,4.1,8.0,7.7,125.0,,,6.7,,,,,2026-01-31 16:26:00
,,,4.0,9.0,7.8,137.0,,,6.7,,,,,2026-01-31 16:56:00
,,,4.0,8.0,7.7,115.0,,,6.7,,,,,2026-01-31 17:26:00
,,,3.6,9.0,7.7,133.0,,,6.7,,,,,2026-01-31 17:56:00
,,,3.6,9.0,7.8,128.0,,,6.7,,,,,2026-01-31 18:26:00
,,,3.6,9.0,8.1,122.0,,,6.7,,,,,2026-01-31 18:56:00
,,,3.6,8.0,8.0,112.0,,,6.7,,,,,2026-01-31 19:26:00
,,,3.4,9.0,7.9,120.0,,,6.7,,,,,2026-01-31 19:56:00
,,,3.4,9.0,7.8,126.0,,,6.8,,,,,2026-01-31 20:26:00
,,,3.5,9.0,8.1,130.0,,,6.8,,,,,2026-01-31 20:56:00
,,,3.3,9.0,8.0,119.0,,,6.8,,,,,2026-01-31 21:26:00
,,,3.2,9.0,7.8,123.0,,,6.8,,,,,2026-01-31 21:56:00
,,,3.3,9.0,8.0,132.0,,,6.8,,,,,2026-01-31 22:26:00
,,,3.1,9.0,7.7,132.0,,,6.8,,,,,2026-01-31 22:56:00
,,,3.2,9.0,7.9,118.0,,,6.8,,,,,2026-01-31 23:56:00
,,,3.3,10.0,7.8,142.0,,,6.8,,,,,2026-02-01 00:56:00
,,,3.2,9.0,8.1,132.0,,,6.8,,,,,2026-02-01 01:26:00
,,,3.4,8.0,8.0,123.0,,,6.8,,,,,2026-02-01 01:56:00
,,,3.2,9.0,8.1,130.0,,,6.8,,,,,2026-02-01 02:26:00
,,,3.3,9.0,8.3,136.0,,,6.8,,,,,2026-02-01 02:56:00
,,,3.4,9.0,8.3,130.0,,,6.8,,,,,2026-02-01 03:26:00
,,,3.5,14.0,8.7,250.0,,,6.7,,,,,2026-02-01 03:56:00
,,,3.4,10.0,8.4,129.0,,,6.7,,,,,2026-02-01 04:26:00
,,,3.3,9.0,8.8,146.0,,,6.7,,,,,2026-02-01 04:56:00
,,,3.5,11.0,8.6,149.0,,,6.7,,,,,2026-02-01 05:26:00
,,,2.9,11.0,8.2,164.0,,,6.7,,,,,2026-02-01 05:56:00
,,,3.4,10.0,8.7,136.0,,,6.7,,,,,2026-02-01 06:26:00
,,,3.6,9.0,8.9,126.0,,,6.7,,,,,2026-02-01 06:56:00
,,,3.3,9.0,8.7,143.0,,,6.7,,,,,2026-02-01 07:26:00
,,,3.3,9.0,8.6,146.0,,,6.7,,,,,2026-02-01 07:56:00
,,,3.5,13.0,9.0,250.0,,,6.7,,,,,2026-02-01 08:26:00
,,,3.5,10.0,9.0,139.0,,,6.7,,,,,2026-02-01 08:56:00
,,,3.2,10.0,8.7,170.0,,,6.7,,,,,2026-02-01 09:26:00
,,,3.3,9.0,8.5,122.0,,,6.7,,,,,2026-02-01 09:56:00
,,,3.3,10.0,9.1,147.0,,,6.7,,,,,2026-02-01 10:26:00
,,,3.2,13.0,8.9,240.0,,,6.8,,,,,2026-02-01 10:56:00
,,,3.0,13.0,8.7,244.0,,,6.8,,,,,2026-02-01 11:26:00
,,,3.2,10.0,8.9,132.0,,,6.8,,,,,2026-02-01 11:56:00
,,,3.2,14.0,9.1,232.0,,,6.8,,,,,2026-02-01 12:26:00
,,,2.9,14.0,8.8,225.0,,,6.8,,,,,2026-02-01 12:56:00
,,,3.2,13.0,9.1,227.0,,,6.8,,,,,2026-02-01 13:26:00
,,,3.0,13.0,8.5,219.0,,,6.7,,,,,2026-02-01 13:56:00
,,,3.0,13.0,8.7,247.0,,,6.8,,,,,2026-02-01 14:26:00
,,,3.1,13.0,8.7,220.0,,,6.8,,,,,2026-02-01 14:56:00
,,,3.3,13.0,8.6,229.0,,,6.7,,,,,2026-02-01 15:26:00
,,,3.2,11.0,8.5,158.0,,,6.8,,,,,2026-02-01 15:56:00
,,,3.3,13.0,8.4,220.0,,,6.8,,,,,2026-02-01 16:26:00
,,,3.2,11.0,8.1,150.0,,,6.7,,,,,2026-02-01 16:56:00
,,,3.0,13.0,8.1,202.0,,,6.8,,,,,2026-02-01 17:26:00
,,,2.9,13.0,7.7,208.0,,,6.7,,,,,2026-02-01 17:56:00
,,,3.1,13.0,8.2,178.0,,,6.8,,,,,2026-02-01 18:26:00
,,,3.3,13.0,8.3,220.0,,,6.8,,,,,2026-02-01 18:56:00
,,,3.2,12.0,7.9,180.0,,,6.8,,,,,2026-02-01 19:26:00
,,,3.2,13.0,7.8,209.0,,,6.8,,,,,2026-02-01 19:56:00
,,,3.3,12.0,7.9,191.0,,,6.8,,,,,2026-02-01 20:26:00
,,,3.2,13.0,8.0,240.0,,,6.8,,,,,2026-02-01 20:56:00
,,,3.3,12.0,8.0,188.0,,,6.8,,,,,2026-02-01 21:26:00
,,,3.5,10.0,7.9,154.0,,,6.8,,,,,2026-02-01 21:56:00
,,,3.3,12.0,7.7,199.0,,,6.8,,,,,2026-02-01 22:26:00
,,,3.6,11.0,8.2,167.0,,,6.8,,,,,2026-02-01 22:56:00
,,,3.5,12.0,8.0,194.0,,,6.8,,,,,2026-02-01 23:26:00
,,,3.5,12.0,7.9,196.0,,,6.8,,,,,2026-02-01 23:56:00
,,,3.5,11.0,7.8,191.0,,,6.8,,,,,2026-02-02 00:26:00
,,,3.1,11.0,7.8,222.0,,,6.8,,,,,2026-02-02 00:56:00
,,,3.1,11.0,7.8,203.0,,,6.8,,,,,2026-02-02 01:26:00
,,,3.2,11.0,8.0,174.0,,,6.8,,,,,2026-02-02 01:56:00
,,,3.0,11.0,7.5,205.0,,,6.8,,,,,2026-02-02 02:26:00
,,,3.1,11.0,7.7,209.0,,,6.8,,,,,2026-02-02 02:56:00
,,,3.2,11.0,7.8,170.0,,,6.8,,,,,2026-02-02 03:26:00
,,,2.9,11.0,7.6,223.0,,,6.8,,,,,2026-02-02 03:56:00
,,,3.0,11.0,8.0,205.0,,,6.8,,,,,2026-02-02 04:26:00
,,,2.8,11.0,7.6,205.0,,,6.8,,,,,2026-02-02 04:56:00
,,,2.9,11.0,7.8,199.0,,,6.8,,,,,2026-02-02 05:26:00
,,,2.9,11.0,7.8,232.0,,,6.8,,,,,2026-02-02 05:56:00
,,,2.9,11.0,7.6,208.0,,,6.8,,,,,2026-02-02 06:26:00
,,,2.8,10.0,7.5,203.0,,,6.8,,,,,2026-02-02 06:56:00
,,,2.6,10.0,7.3,187.0,,,6.8,,,,,2026-02-02 07:26:00
,,,2.7,11.0,7.4,167.0,,,6.8,,,,,2026-02-02 07:56:00
,,,2.8,11.0,7.6,182.0,,,6.8,,,,,2026-02-02 08:26:00
,,,2.8,11.0,7.8,192.0,,,6.8,,,,,2026-02-02 08:56:00
,,,2.8,11.0,7.5,195.0,,,6.8,,,,,2026-02-02 09:26:00
,,,2.6,10.0,7.5,191.0,,,6.8,,,,,2026-02-02 09:56:00
,,,2.5,10.0,7.4,203.0,,,6.8,,,,,2026-02-02 10:26:00
,,,2.5,10.0,7.4,173.0,,,6.8,,,,,2026-02-02 10:56:00
,,,2.5,10.0,7.5,180.0,,,6.8,,,,,2026-02-02 11:26:00
,,,2.5,10.0,7.5,170.0,,,6.8,,,,,2026-02-02 11:56:00
,,,2.5,9.0,7.5,182.0,,,6.8,,,,,2026-02-02 12:26:00
,,,2.2,10.0,7.1,237.0,,,6.8,,,,,2026-02-02 12:56:00
,,,2.3,10.0,7.1,191.0,,,6.8,,,,,2026-02-02 13:26:00
,,,2.4,9.0,7.0,165.0,,,6.8,,,,,2026-02-02 13:56:00
,,,2.2,9.0,6.6,189.0,,,6.8,,,,,2026-02-02 14:26:00
,,,2.4,8.0,6.8,167.0,,,6.8,,,,,2026-02-02 14:56:00
,,,2.3,10.0,6.5,209.0,,,6.8,,,,,2026-02-02 15:26:00
,,,2.4,10.0,6.8,173.0,,,6.8,,,,,2026-02-02 15:56:00
,,,2.4,9.0,6.2,174.0,,,6.8,,,,,2026-02-02 16:26:00
,,,2.3,8.0,6.2,157.0,,,6.8,,,,,2026-02-02 16:56:00
,,,2.4,11.0,6.0,206.0,,,6.8,,,,,2026-02-02 17:26:00
,,,2.4,9.0,5.9,170.0,,,6.8,,,,,2026-02-02 17:56:00
,,,2.4,10.0,5.6,164.0,,,6.8,,,,,2026-02-02 18:26:00
,,,2.6,10.0,5.9,161.0,,,6.8,,,,,2026-02-02 18:56:00
,,,2.8,6.0,5.8,122.0,,,6.8,,,,,2026-02-02 19:26:00
,,,2.9,6.0,6.0,122.0,,,6.8,,,,,2026-02-02 19:56:00
,,,3.1,7.0,6.3,126.0,,,6.8,,,,,2026-02-02 20:26:00
,,,3.2,7.0,6.2,129.0,,,6.8,,,,,2026-02-02 20:56:00
,,,3.0,7.0,6.3,126.0,,,6.8,,,,,2026-02-02 21:26:00
,,,3.3,7.0,6.7,137.0,,,6.8,,,,,2026-02-02 21:56:00
,,,3.5,8.0,6.9,135.0,,,6.8,,,,,2026-02-02 22:26:00
,,,4.0,8.0,7.1,146.0,,,6.8,,,,,2026-02-02 22:56:00
,,,3.5,18.0,7.3,264.0,,,6.8,,,,,2026-02-02 23:26:00
,,,3.9,17.0,8.1,268.0,,,6.8,,,,,2026-02-02 23:56:00
,,,3.7,8.0,7.5,153.0,,,6.8,,,,,2026-02-03 00:26:00
,,,3.6,17.0,7.8,263.0,,,6.8,,,,,2026-02-03 00:56:00
,,,4.1,17.0,8.2,265.0,,,6.8,,,,,2026-02-03 01:26:00
,,,4.1,17.0,8.5,263.0,,,6.8,,,,,2026-02-03 01:56:00
,,,4.3,17.0,8.5,261.0,,,6.8,,,,,2026-02-03 02:26:00
,,,3.9,10.0,8.3,153.0,,,6.8,,,,,2026-02-03 02:56:00
,,,4.1,10.0,8.4,147.0,,,6.8,,,,,2026-02-03 03:26:00
,,,4.2,11.0,8.7,151.0,,,6.8,,,,,2026-02-03 03:56:00
,,,3.9,11.0,8.2,151.0,,,6.8,,,,,2026-02-03 04:26:00
,,,4.3,10.0,8.7,158.0,,,6.8,,,,,2026-02-03 04:56:00
,,,4.1,10.0,8.5,147.0,,,6.8,,,,,2026-02-03 05:26:00
,,,4.6,11.0,9.0,163.0,,,6.8,,,,,2026-02-03 05:56:00
,,,4.3,11.0,9.1,161.0,,,6.8,,,,,2026-02-03 06:26:00
,,,4.6,11.0,9.1,163.0,,,6.8,,,,,2026-02-03 06:56:00
,,,4.6,12.0,9.3,164.0,,,6.8,,,,,2026-02-03 07:26:00
,,,4.3,11.0,8.9,157.0,,,6.8,,,,,2026-02-03 07:56:00
,,,4.8,12.0,9.5,168.0,,,6.8,,,,,2026-02-03 08:26:00
,,,4.4,11.0,8.9,158.0,,,6.8,,,,,2026-02-03 08:56:00
,,,4.4,11.0,9.1,171.0,,,6.8,,,,,2026-02-03 09:26:00
,,,4.5,12.0,9.1,164.0,,,6.8,,,,,2026-02-03 09:56:00
,,,4.5,12.0,8.9,180.0,,,6.8,,,,,2026-02-03 10:26:00
,,,4.5,12.0,8.9,170.0,,,6.8,,,,,2026-02-03 10:56:00
,,,4.5,12.0,8.8,171.0,,,6.8,,,,,2026-02-03 11:26:00
,,,4.9,11.0,9.2,170.0,,,6.8,,,,,2026-02-03 11:56:00
,,,4.8,12.0,8.9,167.0,,,6.8,,,,,2026-02-03 12:26:00
,,,4.4,11.0,8.6,174.0,,,6.8,,,,,2026-02-03 12:56:00
,,,4.9,11.0,8.9,174.0,,,6.8,,,,,2026-02-03 13:26:00
,,,4.6,12.0,9.0,177.0,,,6.8,,,,,2026-02-03 13:56:00
,,,4.5,11.0,8.9,175.0,,,6.8,,,,,2026-02-03 14:26:00
,,,4.2,13.0,8.5,188.0,,,6.8,,,,,2026-02-03 14:56:00
,,,4.4,12.0,8.5,178.0,,,6.8,,,,,2026-02-03 15:26:00
,,,4.8,13.0,8.8,182.0,,,6.8,,,,,2026-02-03 15:56:00
,,,4.4,12.0,8.8,174.0,,,6.8,,,,,2026-02-03 16:26:00
,,,4.3,11.0,8.7,177.0,,,6.8,,,,,2026-02-03 16:56:00
,,,4.1,11.0,8.3,175.0,,,6.8,,,,,2026-02-03 17:26:00
,,,4.6,12.0,9.2,165.0,,,6.8,,,,,2026-02-03 17:56:00
,,,4.6,12.0,9.1,168.0,,,6.8,,,,,2026-02-03 18:26:00
,,,4.3,12.0,8.7,168.0,,,6.8,,,,,2026-02-03 18:56:00
,,,4.5,12.0,9.0,182.0,,,6.8,,,,,2026-02-03 19:26:00
,,,4.9,13.0,9.6,180.0,,,6.8,,,,,2026-02-03 19:56:00
,,,4.8,13.0,9.3,178.0,,,6.8,,,,,2026-02-03 20:26:00
,,,4.4,12.0,8.9,187.0,,,6.8,,,,,2026-02-03 20:56:00
,,,5.0,13.0,9.6,174.0,,,6.8,,,,,2026-02-03 21:26:00
,,,5.1,13.0,9.6,174.0,,,6.8,,,,,2026-02-03 21:56:00
,,,4.9,13.0,9.4,188.0,,,6.8,,,,,2026-02-03 22:26:00
,,,5.0,13.0,9.4,180.0,,,6.8,,,,,2026-02-03 22:56:00
,,,5.0,13.0,9.1,188.0,,,6.8,,,,,2026-02-03 23:26:00
,,,5.0,13.0,9.2,188.0,,,6.8,,,,,2026-02-03 23:56:00
,,,4.9,13.0,9.5,191.0,,,6.8,,,,,2026-02-04 00:26:00
,,,5.0,13.0,9.3,194.0,,,6.9,,,,,2026-02-04 00:56:00
,,,4.7,13.0,9.1,188.0,,,6.8,,,,,2026-02-04 01:26:00
,,,5.2,12.0,9.4,191.0,,,6.8,,,,,2026-02-04 01:56:00
,,,4.2,13.0,8.6,182.0,,,6.8,,,,,2026-02-04 02:26:00
,,,4.4,12.0,8.3,182.0,,,6.8,,,,,2026-02-04 02:56:00
,,,4.5,11.0,8.5,187.0,,,6.8,,,,,2026-02-04 03:26:00
,,,4.5,13.0,8.4,185.0,,,6.8,,,,,2026-02-04 03:56:00
,,,4.7,13.0,8.6,192.0,,,6.8,,,,,2026-02-04 04:26:00
,,,4.6,13.0,8.7,187.0,,,6.8,,,,,2026-02-04 04:56:00
,,,4.4,13.0,8.5,187.0,,,6.8,,,,,2026-02-04 05:26:00
,,,4.5,13.0,8.8,192.0,,,6.8,,,,,2026-02-04 05:56:00
,,,4.6,12.0,9.0,177.0,,,6.8,,,,,2026-02-04 06:26:00
,,,5.1,13.0,9.4,189.0,,,6.8,,,,,2026-02-04 06:56:00
,,,4.4,13.0,9.2,174.0,,,6.8,,,,,2026-02-04 07:26:00
,,,4.5,11.0,9.0,194.0,,,6.8,,,,,2026-02-04 07:56:00
,,,4.7,12.0,9.3,187.0,,,6.8,,,,,2026-02-04 08:26:00
,,,4.5,13.0,9.0,178.0,,,6.8,,,,,2026-02-04 08:56:00
,,,4.5,12.0,9.1,192.0,,,6.8,,,,,2026-02-04 09:26:00
,,,4.7,11.0,9.0,189.0,,,6.8,,,,,2026-02-04 09:56:00
,,,5.0,13.0,9.2,195.0,,,6.8,,,,,2026-02-04 10:26:00
,,,4.3,12.0,8.7,188.0,,,6.8,,,,,2026-02-04 10:56:00
,,,4.3,11.0,8.6,191.0,,,6.8,,,,,2026-02-04 12:26:00
,,,4.2,13.0,8.8,178.0,,,6.8,,,,,2026-02-04 12:56:00
,,,4.6,13.0,9.0,170.0,,,6.8,,,,,2026-02-04 13:26:00
,,,4.6,13.0,8.9,181.0,,,6.8,,,,,2026-02-04 13:56:00
,,,4.6,12.0,8.9,202.0,,,6.8,,,,,2026-02-04 14:26:00
,,,4.4,13.0,8.8,188.0,,,6.8,,,,,2026-02-04 14:56:00
,,,4.5,12.0,8.8,194.0,,,6.8,,,,,2026-02-04 15:26:00
,,,4.9,11.0,8.8,196.0,,,6.8,,,,,2026-02-04 15:56:00
,,,4.5,12.0,8.7,188.0,,,6.8,,,,,2026-02-04 16:26:00
,,,4.8,13.0,8.7,199.0,,,6.8,,,,,2026-02-04 16:56:00
,,,4.7,13.0,8.8,177.0,,,6.8,,,,,2026-02-04 17:26:00
,,,4.8,13.0,8.8,195.0,,,6.8,,,,,2026-02-04 17:56:00
,,,4.9,13.0,8.8,189.0,,,6.8,,,,,2026-02-04 18:26:00
,,,4.9,13.0,9.0,199.0,,,6.8,,,,,2026-02-04 18:56:00
,,,4.3,12.0,8.2,173.0,,,6.8,,,,,2026-02-04 19:26:00
,,,4.7,13.0,8.5,191.0,,,6.8,,,,,2026-02-04 19:56:00
,,,4.8,12.0,8.7,178.0,,,6.8,,,,,2026-02-04 20:26:00
,,,4.7,12.0,8.8,188.0,,,6.9,,,,,2026-02-04 20:56:00
,,,4.6,12.0,8.4,184.0,,,6.8,,,,,2026-02-04 21:26:00
,,,4.9,13.0,8.8,187.0,,,6.8,,,,,2026-02-04 21:56:00
,,,4.3,12.0,7.9,191.0,,,6.8,,,,,2026-02-04 22:26:00
,,,4.9,13.0,8.6,180.0,,,6.9,,,,,2026-02-04 22:56:00
,,,5.1,12.0,8.5,196.0,,,6.9,,,,,2026-02-04 23:26:00
,,,4.8,13.0,8.5,181.0,,,6.9,,,,,2026-02-04 23:56:00
,,,5.1,13.0,8.9,192.0,,,6.8,,,,,2026-02-05 00:26:00
,,,4.9,12.0,8.4,188.0,,,6.9,,,,,2026-02-05 00:56:00
,,,4.9,12.0,8.4,181.0,,,6.8,,,,,2026-02-05 01:26:00
,,,4.7,13.0,8.7,201.0,,,6.8,,,,,2026-02-05 01:56:00
,,,4.8,13.0,8.4,182.0,,,6.8,,,,,2026-02-05 02:26:00
,,,5.3,12.0,8.6,192.0,,,6.8,,,,,2026-02-05 02:56:00
,,,4.8,13.0,8.6,198.0,,,6.8,,,,,2026-02-05 03:26:00
,,,4.6,13.0,8.3,182.0,,,6.8,,,,,2026-02-05 03:56:00
,,,4.7,13.0,8.7,180.0,,,6.8,,,,,2026-02-05 04:26:00
,,,4.8,12.0,8.7,210.0,,,6.8,,,,,2026-02-05 04:56:00
,,,4.5,13.0,8.5,175.0,,,6.8,,,,,2026-02-05 05:26:00
,,,4.3,13.0,8.2,192.0,,,6.8,,,,,2026-02-05 05:56:00
,,,4.6,13.0,8.7,171.0,,,6.8,,,,,2026-02-05 06:26:00
,,,4.4,12.0,8.6,182.0,,,6.8,,,,,2026-02-05 06:56:00
,,,4.7,12.0,8.8,189.0,,,6.8,,,,,2026-02-05 07:26:00
,,,4.8,12.0,9.2,189.0,,,6.8,,,,,2026-02-05 07:56:00
,,,4.7,12.0,9.1,184.0,,,6.8,,,,,2026-02-05 08:26:00
,,,4.5,12.0,8.9,184.0,,,6.8,,,,,2026-02-05 08:56:00
,,,4.6,12.0,8.8,194.0,,,6.8,,,,,2026-02-05 09:26:00
,,,4.8,12.0,9.4,202.0,,,6.8,,,,,2026-02-05 09:56:00
,,,4.5,12.0,9.1,202.0,,,6.8,,,,,2026-02-05 10:26:00
,,,4.7,13.0,8.9,206.0,,,6.8,,,,,2026-02-05 10:56:00
,,,4.8,12.0,8.9,192.0,,,6.8,,,,,2026-02-05 11:26:00
,,,4.5,11.0,8.9,198.0,,,6.8,,,,,2026-02-05 11:56:00
,,,4.3,12.0,8.9,213.0,,,6.8,,,,,2026-02-05 12:26:00
,,,4.8,11.0,9.2,208.0,,,6.8,,,,,2026-02-05 12:56:00
,,,4.7,12.0,9.2,215.0,,,6.8,,,,,2026-02-05 13:26:00
,,,4.1,12.0,8.7,198.0,,,6.8,,,,,2026-02-05 13:56:00
,,,4.7,12.0,9.3,202.0,,,6.8,,,,,2026-02-05 14:26:00
,,,4.7,12.0,9.1,202.0,,,6.8,,,,,2026-02-05 14:56:00
,,,4.5,13.0,9.5,230.0,,,6.8,,,,,2026-02-05 15:26:00
,,,4.6,12.0,9.5,210.0,,,6.8,,,,,2026-02-05 15:56:00
,,,4.5,13.0,9.5,212.0,,,6.8,,,,,2026-02-05 16:26:00
,,,3.9,13.0,9.2,227.0,,,6.8,,,,,2026-02-05 16:56:00
,,,4.6,13.0,9.7,226.0,,,6.8,,,,,2026-02-05 17:26:00
,,,4.8,12.0,9.8,215.0,,,6.8,,,,,2026-02-05 17:56:00
,,,4.7,11.0,9.8,229.0,,,6.8,,,,,2026-02-05 18:26:00
,,,4.4,12.0,9.8,222.0,,,6.8,,,,,2026-02-05 18:56:00
,,,4.3,13.0,9.5,215.0,,,6.8,,,,,2026-02-05 19:26:00
,,,4.4,13.0,9.8,220.0,,,6.8,,,,,2026-02-05 19:56:00
,,,4.2,12.0,9.5,198.0,,,6.8,,,,,2026-02-05 20:26:00
,,,4.2,12.0,9.6,208.0,,,6.8,,,,,2026-02-05 20:56:00
,,,4.0,12.0,9.6,227.0,,,6.8,,,,,2026-02-05 21:26:00
,,,4.2,13.0,9.6,213.0,,,6.8,,,,,2026-02-05 21:56:00
,,,4.3,12.0,9.7,208.0,,,6.8,,,,,2026-02-05 22:26:00
,,,4.1,11.0,9.5,233.0,,,6.8,,,,,2026-02-05 22:56:00
,,,4.0,13.0,9.3,195.0,,,6.8,,,,,2026-02-05 23:26:00
,,,4.0,12.0,9.1,208.0,,,6.8,,,,,2026-02-05 23:56:00
,,,4.0,12.0,9.4,213.0,,,6.8,,,,,2026-02-06 00:26:00
,,,4.0,11.0,9.0,209.0,,,6.8,,,,,2026-02-06 00:56:00
,,,3.9,11.0,9.0,209.0,,,6.8,,,,,2026-02-06 01:26:00
,,,3.4,11.0,8.4,209.0,,,6.8,,,,,2026-02-06 01:56:00
,,,3.7,12.0,8.9,199.0,,,6.8,,,,,2026-02-06 02:26:00
,,,3.7,11.0,8.7,203.0,,,6.8,,,,,2026-02-06 02:56:00
,,,3.4,11.0,8.5,194.0,,,6.8,,,,,2026-02-06 03:26:00
,,,3.5,12.0,8.7,213.0,,,6.8,,,,,2026-02-06 03:56:00
,,,3.1,11.0,8.3,225.0,,,6.8,,,,,2026-02-06 04:26:00
,,,3.3,11.0,8.2,215.0,,,6.8,,,,,2026-02-06 04:56:00
,,,3.4,12.0,8.3,222.0,,,6.8,,,,,2026-02-06 05:26:00
,,,3.5,13.0,8.3,227.0,,,6.8,,,,,2026-02-06 05:56:00
,,,3.2,11.0,8.2,198.0,,,6.8,,,,,2026-02-06 06:26:00
,,,3.3,11.0,8.4,202.0,,,6.8,,,,,2026-02-06 06:56:00
,,,3.4,11.0,8.3,195.0,,,6.8,,,,,2026-02-06 07:26:00
,,,3.1,11.0,8.3,213.0,,,6.8,,,,,2026-02-06 07:56:00
,,,3.0,12.0,8.1,233.0,,,6.8,,,,,2026-02-06 08:26:00
,,,3.2,12.0,8.4,215.0,,,6.8,,,,,2026-02-06 08:56:00
,,,3.1,11.0,8.4,218.0,,,6.8,,,,,2026-02-06 09:26:00
,,,2.8,10.0,8.0,206.0,,,6.8,,,,,2026-02-06 09:56:00
,,,3.1,11.0,8.5,213.0,,,6.8,,,,,2026-02-06 10:26:00
,,,3.0,11.0,8.5,219.0,,,6.8,,,,,2026-02-06 10:56:00
,,,2.6,12.0,7.8,203.0,,,6.8,,,,,2026-02-06 11:26:00
,,,2.9,10.0,8.5,194.0,,,6.8,,,,,2026-02-06 11:56:00
,,,2.7,11.0,8.2,199.0,,,6.8,,,,,2026-02-06 12:26:00
,,,2.6,12.0,7.9,195.0,,,6.8,,,,,2026-02-06 12:56:00
,,,2.5,11.0,7.9,210.0,,,6.8,,,,,2026-02-06 13:26:00
,,,2.5,11.0,7.8,199.0,,,6.8,,,,,2026-02-06 13:56:00
,,,2.3,10.0,7.5,201.0,,,6.8,,,,,2026-02-06 14:26:00
,,,2.3,12.0,8.0,212.0,,,6.8,,,,,2026-02-06 14:56:00
,,,2.4,11.0,8.0,182.0,,,6.8,,,,,2026-02-06 15:26:00
,,,2.2,11.0,7.4,177.0,,,6.8,,,,,2026-02-06 15:56:00
,,,2.3,11.0,7.9,189.0,,,6.8,,,,,2026-02-06 16:26:00
,,,2.3,11.0,7.8,199.0,,,6.8,,,,,2026-02-06 16:56:00
,,,2.3,11.0,7.8,194.0,,,6.8,,,,,2026-02-06 17:26:00
,,,2.3,10.0,7.9,199.0,,,6.8,,,,,2026-02-06 17:56:00
,,,2.2,12.0,7.7,208.0,,,6.8,,,,,2026-02-06 18:26:00
,,,2.3,10.0,7.8,202.0,,,6.8,,,,,2026-02-06 18:56:00
,,,2.2,12.0,7.7,216.0,,,6.8,,,,,2026-02-06 19:26:00
,,,2.5,11.0,7.9,206.0,,,6.8,,,,,2026-02-06 19:56:00
,,,2.5,11.0,7.6,210.0,,,6.8,,,,,2026-02-06 20:26:00
,,,2.6,10.0,7.8,196.0,,,6.8,,,,,2026-02-06 20:56:00
,,,2.4,10.0,7.3,192.0,,,6.8,,,,,2026-02-06 21:26:00
,,,2.6,10.0,7.4,201.0,,,6.8,,,,,2026-02-06 21:56:00
,,,2.4,12.0,7.1,218.0,,,6.8,,,,,2026-02-06 22:26:00
,,,2.6,10.0,7.4,199.0,,,6.9,,,,,2026-02-06 22:56:00
,,,2.5,11.0,7.3,194.0,,,6.9,,,,,2026-02-06 23:26:00
,,,2.7,9.0,7.6,195.0,,,6.9,,,,,2026-02-06 23:56:00
,,,2.4,11.0,7.4,192.0,,,6.9,,,,,2026-02-07 00:26:00
,,,2.3,11.0,7.2,198.0,,,6.9,,,,,2026-02-07 00:56:00
,,,2.4,11.0,7.1,205.0,,,6.9,,,,,2026-02-07 01:26:00
,,,2.3,10.0,7.1,208.0,,,6.9,,,,,2026-02-07 01:56:00
,,,2.5,10.0,7.7,198.0,,,6.9,,,,,2026-02-07 02:26:00
,,,2.3,11.0,7.2,202.0,,,6.9,,,,,2026-02-07 02:56:00
,,,2.2,11.0,7.6,194.0,,,6.9,,,,,2026-02-07 03:26:00
,,,2.2,11.0,7.4,202.0,,,6.8,,,,,2026-02-07 03:56:00
,,,2.1,11.0,7.5,206.0,,,6.8,,,,,2026-02-07 04:26:00
,,,2.3,11.0,8.0,202.0,,,6.9,,,,,2026-02-07 04:56:00
,,,2.1,11.0,7.6,222.0,,,6.8,,,,,2026-02-07 05:26:00
,,,2.2,11.0,7.4,201.0,,,6.8,,,,,2026-02-07 05:56:00
,,,2.3,11.0,7.9,201.0,,,6.8,,,,,2026-02-07 06:26:00
,,,2.5,10.0,8.2,199.0,,,6.8,,,,,2026-02-07 06:56:00
,,,2.5,11.0,8.2,213.0,,,6.8,,,,,2026-02-07 07:26:00
,,,2.8,13.0,8.8,222.0,,,6.9,,,,,2026-02-07 07:56:00
,,,2.7,12.0,8.4,227.0,,,6.9,,,,,2026-02-07 08:26:00
,,,3.1,13.0,9.1,229.0,,,6.9,,,,,2026-02-07 08:56:00
,,,3.2,13.0,8.8,232.0,,,6.8,,,,,2026-02-07 09:26:00
,,,3.5,13.0,9.3,226.0,,,6.9,,,,,2026-02-07 09:56:00
,,,3.7,13.0,9.2,226.0,,,6.9,,,,,2026-02-07 10:26:00
,,,3.6,13.0,9.1,229.0,,,6.9,,,,,2026-02-07 10:56:00
,,,3.2,13.0,8.9,234.0,,,6.9,,,,,2026-02-07 11:26:00
,,,3.3,13.0,8.7,229.0,,,6.9,,,,,2026-02-07 11:56:00
,,,3.1,11.0,8.2,222.0,,,6.9,,,,,2026-02-07 12:26:00
,,,3.2,11.0,7.8,219.0,,,6.9,,,,,2026-02-07 12:56:00
,,,3.1,13.0,7.6,232.0,,,6.9,,,,,2026-02-07 13:26:00
,,,3.1,12.0,7.2,226.0,,,6.9,,,,,2026-02-07 13:56:00
,,,3.2,13.0,7.3,234.0,,,6.9,,,,,2026-02-07 14:26:00
,,,3.3,13.0,7.7,229.0,,,6.9,,,,,2026-02-07 14:56:00
,,,3.2,11.0,7.4,227.0,,,6.9,,,,,2026-02-07 15:26:00
,,,3.6,13.0,8.2,237.0,,,6.9,,,,,2026-02-07 15:56:00
,,,3.7,13.0,8.2,243.0,,,6.9,,,,,2026-02-07 16:26:00
,,,3.6,13.0,8.0,230.0,,,6.9,,,,,2026-02-07 16:56:00
,,,3.8,13.0,8.3,234.0,,,6.9,,,,,2026-02-07 17:26:00
,,,4.5,12.0,8.8,229.0,,,6.8,,,,,2026-02-07 17:56:00
,,,4.1,11.0,8.7,227.0,,,6.9,,,,,2026-02-07 18:26:00
,,,4.6,13.0,9.2,232.0,,,6.9,,,,,2026-02-07 18:56:00
,,,4.5,13.0,8.8,229.0,,,6.9,,,,,2026-02-07 19:26:00
,,,4.4,12.0,8.8,227.0,,,6.9,,,,,2026-02-07 19:56:00
,,,4.4,13.0,8.9,227.0,,,6.9,,,,,2026-02-07 20:26:00
,,,4.1,11.0,8.7,227.0,,,6.9,,,,,2026-02-07 20:56:00
,,,4.4,13.0,8.9,229.0,,,6.9,,,,,2026-02-07 21:26:00
,,,4.3,13.0,8.6,232.0,,,6.9,,,,,2026-02-07 21:56:00
,,,4.8,13.0,9.2,226.0,,,6.9,,,,,2026-02-07 22:26:00
,,,4.6,12.0,8.9,223.0,,,6.9,,,,,2026-02-07 22:56:00
,,,4.3,13.0,8.7,225.0,,,6.9,,,,,2026-02-07 23:26:00
,,,4.6,13.0,8.7,226.0,,,6.9,,,,,2026-02-07 23:56:00
,,,4.5,11.0,8.3,208.0,,,6.9,,,,,2026-02-08 00:26:00
,,,4.8,13.0,8.6,236.0,,,6.9,,,,,2026-02-08 00:56:00
,,,4.7,13.0,8.9,232.0,,,6.9,,,,,2026-02-08 01:26:00
,,,4.8,13.0,8.4,226.0,,,6.9,,,,,2026-02-08 01:56:00
,,,4.8,13.0,8.4,234.0,,,6.9,,,,,2026-02-08 02:26:00
,,,5.1,13.0,8.9,226.0,,,6.9,,,,,2026-02-08 02:56:00
,,,5.2,12.0,9.1,222.0,,,6.9,,,,,2026-02-08 03:26:00
,,,4.8,13.0,8.6,226.0,,,6.8,,,,,2026-02-08 03:56:00
,,,4.7,13.0,8.4,230.0,,,6.8,,,,,2026-02-08 04:26:00
,,,4.4,12.0,8.6,234.0,,,6.8,,,,,2026-02-08 04:56:00
,,,4.9,11.0,8.8,213.0,,,6.8,,,,,2026-02-08 05:26:00
,,,4.6,13.0,8.7,236.0,,,6.8,,,,,2026-02-08 05:56:00
,,,4.6,12.0,8.8,234.0,,,6.8,,,,,2026-02-08 06:26:00
,,,5.2,13.0,9.4,234.0,,,6.8,,,,,2026-02-08 06:56:00
,,,4.8,13.0,9.0,240.0,,,6.8,,,,,2026-02-08 07:26:00
,,,4.5,14.0,8.6,251.0,,,6.8,,,,,2026-02-08 07:56:00
,,,4.5,13.0,8.3,226.0,,,6.8,,,,,2026-02-08 08:26:00
,,,4.9,12.0,8.5,229.0,,,6.8,,,,,2026-02-08 08:56:00
,,,4.7,12.0,8.6,223.0,,,6.8,,,,,2026-02-08 09:26:00
,,,4.2,11.0,8.1,225.0,,,6.8,,,,,2026-02-08 09:56:00
,,,4.5,13.0,8.6,232.0,,,6.9,,,,,2026-02-08 10:26:00
,,,4.6,13.0,8.7,233.0,,,6.9,,,,,2026-02-08 10:56:00
,,,3.9,13.0,8.1,236.0,,,6.8,,,,,2026-02-08 11:26:00
,,,4.7,13.0,8.9,237.0,,,6.8,,,,,2026-02-08 11:56:00
,,,4.2,13.0,8.6,226.0,,,6.8,,,,,2026-02-08 12:26:00
,,,4.2,11.0,8.4,219.0,,,6.8,,,,,2026-02-08 12:56:00
,,,4.2,13.0,8.5,240.0,,,6.8,,,,,2026-02-08 13:26:00
,,,4.1,12.0,8.5,234.0,,,6.8,,,,,2026-02-08 13:56:00
,,,4.4,13.0,8.5,246.0,,,6.8,,,,,2026-02-08 14:26:00
,,,3.9,13.0,8.2,251.0,,,6.8,,,,,2026-02-08 14:56:00
,,,4.1,11.0,8.2,219.0,,,6.8,,,,,2026-02-08 15:26:00
,,,4.1,11.0,8.2,227.0,,,6.8,,,,,2026-02-08 15:56:00
,,,4.2,11.0,8.3,222.0,,,6.8,,,,,2026-02-08 16:26:00
,,,4.1,13.0,8.2,239.0,,,6.8,,,,,2026-02-08 16:56:00
,,,4.1,11.0,8.3,241.0,,,6.8,,,,,2026-02-08 17:26:00
,,,4.3,12.0,8.4,236.0,,,6.8,,,,,2026-02-08 17:56:00
,,,3.7,10.0,7.8,234.0,,,6.8,,,,,2026-02-08 18:26:00
,,,4.1,13.0,8.2,254.0,,,6.8,,,,,2026-02-08 18:56:00
,,,4.3,12.0,8.2,243.0,,,6.7,,,,,2026-02-08 19:26:00
,,,4.2,12.0,8.1,254.0,,,6.7,,,,,2026-02-08 19:56:00
,,,3.8,12.0,7.7,255.0,,,6.7,,,,,2026-02-08 20:26:00
,,,4.0,9.0,7.9,233.0,,,6.7,,,,,2026-02-08 20:56:00
,,,4.1,10.0,7.9,243.0,,,6.7,,,,,2026-02-08 21:26:00
,,,4.1,12.0,7.9,243.0,,,6.7,,,,,2026-02-08 21:56:00
,,,3.9,10.0,7.5,234.0,,,6.7,,,,,2026-02-08 22:26:00
,,,4.2,11.0,7.8,243.0,,,6.7,,,,,2026-02-08 22:56:00
,,,3.9,12.0,7.6,233.0,,,6.7,,,,,2026-02-08 23:26:00
,,,3.7,11.0,7.3,247.0,,,6.7,,,,,2026-02-08 23:56:00
,,,3.8,10.0,7.4,240.0,,,6.8,,,,,2026-02-09 00:26:00
,,,3.7,10.0,7.0,232.0,,,6.8,,,,,2026-02-09 00:56:00
,,,3.7,11.0,7.5,240.0,,,6.8,,,,,2026-02-09 01:26:00
,,,3.7,11.0,7.2,234.0,,,6.8,,,,,2026-02-09 01:56:00
,,,3.9,10.0,7.2,226.0,,,6.8,,,,,2026-02-09 02:26:00
,,,3.6,11.0,7.2,234.0,,,6.8,,,,,2026-02-09 02:56:00
,,,3.7,12.0,7.5,240.0,,,6.8,,,,,2026-02-09 03:26:00
,,,3.6,11.0,7.1,234.0,,,6.8,,,,,2026-02-09 03:56:00
,,,3.8,10.0,7.5,229.0,,,6.8,,,,,2026-02-09 04:26:00
,,,3.9,9.0,7.3,236.0,,,6.8,,,,,2026-02-09 04:56:00
,,,3.9,9.0,7.4,240.0,,,6.8,,,,,2026-02-09 05:26:00
,,,4.0,10.0,7.5,229.0,,,6.8,,,,,2026-02-09 05:56:00
,,,3.9,10.0,7.5,237.0,,,6.7,,,,,2026-02-09 06:26:00
,,,3.8,11.0,7.4,244.0,,,6.7,,,,,2026-02-09 06:56:00
,,,4.1,10.0,7.8,250.0,,,6.7,,,,,2026-02-09 07:26:00
,,,3.7,10.0,7.7,253.0,,,6.7,,,,,2026-02-09 07:56:00
,,,3.8,11.0,7.5,248.0,,,6.7,,,,,2026-02-09 08:26:00
,,,3.9,9.0,7.7,250.0,,,6.7,,,,,2026-02-09 08:56:00
,,,4.0,10.0,7.6,244.0,,,6.7,,,,,2026-02-09 09:26:00
,,,3.9,11.0,7.7,255.0,,,6.7,,,,,2026-02-09 09:56:00
,,,3.7,9.0,7.5,258.0,,,6.7,,,,,2026-02-09 10:26:00
,,,4.1,10.0,7.6,254.0,,,6.7,,,,,2026-02-09 10:56:00
,,,3.5,11.0,7.2,260.0,,,6.7,,,,,2026-02-09 11:26:00
,,,3.9,9.0,7.6,264.0,,,6.7,,,,,2026-02-09 11:56:00
,,,3.6,10.0,7.2,257.0,,,6.7,,,,,2026-02-09 12:26:00
,,,3.6,10.0,7.2,254.0,,,6.7,,,,,2026-02-09 12:56:00
,,,3.8,11.0,7.4,260.0,,,6.7,,,,,2026-02-09 13:26:00
,,,3.9,10.0,7.6,258.0,,,6.7,,,,,2026-02-09 13:56:00
,,,3.9,10.0,7.6,255.0,,,6.7,,,,,2026-02-09 14:26:00
,,,3.3,11.0,7.1,272.0,,,6.7,,,,,2026-02-09 14:56:00
,,,3.6,10.0,7.4,251.0,,,6.7,,,,,2026-02-09 15:26:00
,,,3.7,11.0,7.3,257.0,,,6.7,,,,,2026-02-09 15:56:00
,,,3.4,10.0,7.4,271.0,,,6.7,,,,,2026-02-09 16:26:00
,,,3.3,11.0,7.1,250.0,,,6.7,,,,,2026-02-09 16:56:00
,,,3.6,9.0,7.4,257.0,,,6.7,,,,,2026-02-09 17:26:00
,,,3.3,10.0,7.0,257.0,,,6.7,,,,,2026-02-09 17:56:00
,,,3.3,9.0,7.0,258.0,,,6.7,,,,,2026-02-09 18:26:00
,,,3.2,10.0,7.0,261.0,,,6.7,,,,,2026-02-09 18:56:00
,,,3.2,9.0,7.0,257.0,,,6.7,,,,,2026-02-09 19:26:00
,,,3.4,10.0,7.3,258.0,,,6.7,,,,,2026-02-09 19:56:00
,,,3.2,9.0,6.8,258.0,,,6.7,,,,,2026-02-09 20:26:00
,,,3.1,10.0,6.8,270.0,,,6.7,,,,,2026-02-09 20:56:00
,,,3.1,10.0,6.8,271.0,,,6.7,,,,,2026-02-09 21:26:00
,,,3.3,10.0,7.0,254.0,,,6.7,,,,,2026-02-09 21:56:00
,,,3.1,10.0,6.8,274.0,,,6.7,,,,,2026-02-09 22:26:00
,,,2.9,9.0,6.5,261.0,,,6.7,,,,,2026-02-09 22:56:00
,,,3.2,11.0,6.6,233.0,,,6.7,,,,,2026-02-09 23:26:00
,,,3.3,9.0,6.7,257.0,,,6.7,,,,,2026-02-09 23:56:00
,,,3.3,10.0,6.7,241.0,,,6.7,,,,,2026-02-10 00:26:00
,,,3.3,7.0,6.5,258.0,,,6.7,,,,,2026-02-10 00:56:00
,,,3.3,9.0,6.6,257.0,,,6.7,,,,,2026-02-10 01:26:00
,,,3.6,8.0,6.6,264.0,,,6.7,,,,,2026-02-10 01:56:00
,,,4.1,8.0,6.9,267.0,,,6.7,,,,,2026-02-10 02:26:00
,,,4.3,10.0,7.2,258.0,,,6.7,,,,,2026-02-10 02:56:00
,,,4.7,10.0,7.4,265.0,,,6.7,,,,,2026-02-10 03:26:00
,,,4.9,10.0,7.7,267.0,,,6.7,,,,,2026-02-10 03:56:00
,,,4.3,9.0,7.2,267.0,,,6.7,,,,,2026-02-10 04:26:00
,,,4.8,10.0,7.8,267.0,,,6.7,,,,,2026-02-10 04:56:00
,,,5.1,10.0,8.1,277.0,,,6.7,,,,,2026-02-10 05:26:00
,,,5.0,10.0,8.1,279.0,,,6.7,,,,,2026-02-10 05:56:00
,,,4.6,11.0,7.9,271.0,,,6.7,,,,,2026-02-10 06:26:00
,,,4.5,11.0,7.9,279.0,,,6.7,,,,,2026-02-10 06:56:00
,,,4.8,11.0,8.1,277.0,,,6.7,,,,,2026-02-10 07:26:00
,,,4.7,11.0,8.1,279.0,,,6.7,,,,,2026-02-10 07:56:00
,,,4.5,11.0,7.9,267.0,,,6.7,,,,,2026-02-10 08:26:00
,,,3.9,10.0,7.5,272.0,,,6.7,,,,,2026-02-10 08:56:00
,,,3.9,11.0,7.7,279.0,,,6.7,,,,,2026-02-10 09:26:00
,,,3.8,11.0,7.4,277.0,,,6.7,,,,,2026-02-10 09:56:00
,,,3.7,11.0,7.7,274.0,,,6.7,,,,,2026-02-10 10:26:00
,,,3.5,10.0,7.7,282.0,,,6.7,,,,,2026-02-10 10:56:00
,,,3.4,11.0,7.5,272.0,,,6.7,,,,,2026-02-10 11:26:00
,,,3.3,11.0,7.6,272.0,,,6.7,,,,,2026-02-10 11:56:00
,,,3.2,11.0,7.6,282.0,,,6.7,,,,,2026-02-10 12:26:00
,,,3.5,11.0,8.2,277.0,,,6.7,,,,,2026-02-10 12:56:00
,,,3.5,11.0,8.3,274.0,,,6.7,,,,,2026-02-10 13:26:00
,,,3.3,11.0,7.9,274.0,,,6.7,,,,,2026-02-10 13:56:00
,,,3.1,11.0,8.0,271.0,,,6.7,,,,,2026-02-10 14:26:00
,,,3.3,11.0,8.1,275.0,,,6.7,,,,,2026-02-10 14:56:00
,,,3.2,11.0,8.1,278.0,,,6.7,,,,,2026-02-10 15:26:00
,,,3.4,11.0,8.0,285.0,,,6.7,,,,,2026-02-10 15:56:00
,,,3.5,10.0,8.0,281.0,,,6.7,,,,,2026-02-10 16:26:00
,,,3.1,11.0,7.5,284.0,,,6.7,,,,,2026-02-10 16:56:00
,,,3.4,10.0,7.6,295.0,,,6.7,,,,,2026-02-10 17:26:00
,,,3.3,11.0,7.5,295.0,,,6.7,,,,,2026-02-10 17:56:00
,,,3.1,11.0,7.3,286.0,,,6.7,,,,,2026-02-10 18:26:00
,,,3.3,10.0,7.4,286.0,,,6.7,,,,,2026-02-10 18:56:00
,,,3.1,11.0,7.0,291.0,,,6.7,,,,,2026-02-10 19:26:00
,,,3.0,10.0,6.8,289.0,,,6.7,,,,,2026-02-10 19:56:00
,,,3.1,10.0,6.9,281.0,,,6.7,,,,,2026-02-10 20:26:00
,,,3.1,11.0,6.7,281.0,,,6.7,,,,,2026-02-10 20:56:00
,,,3.2,11.0,6.6,282.0,,,6.7,,,,,2026-02-10 21:26:00
,,,3.3,10.0,6.8,279.0,,,6.7,,,,,2026-02-10 21:56:00
,,,3.1,11.0,6.6,284.0,,,6.7,,,,,2026-02-10 22:26:00
,,,3.2,10.0,6.7,281.0,,,6.7,,,,,2026-02-10 22:56:00
,,,3.3,11.0,7.0,275.0,,,6.7,,,,,2026-02-10 23:26:00
,,,3.2,11.0,7.1,267.0,,,6.7,,,,,2026-02-10 23:56:00
,,,3.2,11.0,7.4,268.0,,,6.7,,,,,2026-02-11 00:26:00
,,,3.3,10.0,7.4,274.0,,,6.7,,,,,2026-02-11 00:56:00
,,,3.4,11.0,7.6,274.0,,,6.7,,,,,2026-02-11 01:26:00
,,,3.4,10.0,7.6,271.0,,,6.7,,,,,2026-02-11 01:56:00
,,,3.4,10.0,7.6,272.0,,,6.7,,,,,2026-02-11 02:26:00
,,,3.4,11.0,7.9,265.0,,,6.7,,,,,2026-02-11 02:56:00
,,,3.4,15.0,8.2,281.0,,,6.7,,,,,2026-02-11 03:26:00
,,,3.6,12.0,8.3,268.0,,,6.7,,,,,2026-02-11 03:56:00
,,,3.7,11.0,8.3,265.0,,,6.7,,,,,2026-02-11 04:26:00
,,,3.5,13.0,8.1,279.0,,,6.7,,,,,2026-02-11 04:56:00
,,,3.4,15.0,8.2,291.0,,,6.7,,,,,2026-02-11 05:26:00
,,,3.5,12.0,8.2,271.0,,,6.7,,,,,2026-02-11 05:56:00
,,,3.7,15.0,8.6,285.0,,,6.7,,,,,2026-02-11 06:26:00
,,,3.8,14.0,8.6,288.0,,,6.7,,,,,2026-02-11 06:56:00
,,,3.6,11.0,8.3,275.0,,,6.7,,,,,2026-02-11 07:26:00
,,,3.7,15.0,8.3,281.0,,,6.7,,,,,2026-02-11 07:56:00
,,,3.8,14.0,8.7,281.0,,,6.7,,,,,2026-02-11 08:26:00
,,,3.7,14.0,8.3,277.0,,,6.7,,,,,2026-02-11 08:56:00
,,,3.6,14.0,8.4,274.0,,,6.7,,,,,2026-02-11 09:26:00
,,,3.6,13.0,8.1,279.0,,,6.7,,,,,2026-02-11 09:56:00
,,,3.6,13.0,8.3,277.0,,,6.8,,,,,2026-02-11 10:26:00
,,,3.8,14.0,8.9,277.0,,,6.7,,,,,2026-02-11 10:56:00
,,,3.4,13.0,8.2,278.0,,,6.8,,,,,2026-02-11 11:26:00
,,,3.8,13.0,8.5,275.0,,,6.8,,,,,2026-02-11 11:56:00
,,,3.5,12.0,8.5,274.0,,,6.8,,,,,2026-02-11 12:26:00
,,,3.9,13.0,8.8,271.0,,,6.8,,,,,2026-02-11 12:56:00
,,,3.7,12.0,8.8,270.0,,,6.8,,,,,2026-02-11 13:26:00
,,,3.5,14.0,9.0,270.0,,,6.8,,,,,2026-02-11 13:56:00
,,,3.3,13.0,8.5,272.0,,,6.8,,,,,2026-02-11 14:26:00
,,,3.7,14.0,8.9,274.0,,,6.8,,,,,2026-02-11 14:56:00
,,,3.9,13.0,9.4,274.0,,,6.8,,,,,2026-02-11 15:26:00
,,,4.0,13.0,9.5,270.0,,,6.7,,,,,2026-02-11 15:56:00
,,,3.6,14.0,9.0,279.0,,,6.7,,,,,2026-02-11 16:26:00
,,,3.9,13.0,9.1,278.0,,,6.7,,,,,2026-02-11 16:56:00
,,,3.9,13.0,9.1,272.0,,,6.7,,,,,2026-02-11 17:26:00
,,,3.9,13.0,9.0,271.0,,,6.7,,,,,2026-02-11 17:56:00
,,,4.2,13.0,9.0,270.0,,,6.8,,,,,2026-02-11 18:26:00
,,,4.3,13.0,9.3,264.0,,,6.8,,,,,2026-02-11 18:56:00
,,,4.0,10.0,8.4,267.0,,,6.8,,,,,2026-02-11 19:26:00
,,,4.2,13.0,8.9,265.0,,,6.8,,,,,2026-02-11 19:56:00
,,,4.0,13.0,8.8,260.0,,,6.8,,,,,2026-02-11 20:26:00
,,,4.6,13.0,9.3,271.0,,,6.8,,,,,2026-02-11 20:56:00
,,,4.5,14.0,9.0,271.0,,,6.8,,,,,2026-02-11 21:26:00
,,,5.0,13.0,9.0,278.0,,,6.8,,,,,2026-02-11 21:56:00
,,,4.9,12.0,8.8,271.0,,,6.8,,,,,2026-02-11 22:26:00
,,,5.6,18.0,9.4,284.0,,,6.8,,,,,2026-02-11 22:56:00
,,,5.7,18.0,9.2,286.0,,,6.8,,,,,2026-02-11 23:26:00
,,,6.0,17.0,9.3,292.0,,,6.8,,,,,2026-02-11 23:56:00
,,,6.7,17.0,9.9,293.0,,,6.8,,,,,2026-02-12 00:26:00
,,,6.9,13.0,9.4,271.0,,,6.8,,,,,2026-02-12 00:56:00
,,,7.7,10.0,9.8,253.0,,,6.8,,,,,2026-02-12 01:26:00
,,,8.0,12.0,10.0,258.0,,,6.8,,,,,2026-02-12 01:56:00
,,,8.2,11.0,9.9,257.0,,,6.7,,,,,2026-02-12 02:26:00
,,,9.5,12.0,10.5,258.0,,,6.7,,,,,2026-02-12 02:56:00
,,,8.8,14.0,10.5,271.0,,,6.7,,,,,2026-02-12 03:26:00
,,,10.4,14.0,11.0,268.0,,,6.7,,,,,2026-02-12 03:56:00
,,,10.4,13.0,11.1,264.0,,,6.7,,,,,2026-02-12 04:26:00
,,,10.7,13.0,11.6,268.0,,,6.7,,,,,2026-02-12 04:56:00
,,,10.6,15.0,11.8,277.0,,,6.7,,,,,2026-02-12 05:26:00
,,,9.4,15.0,11.4,274.0,,,6.7,,,,,2026-02-12 05:56:00
,,,10.1,14.0,11.6,267.0,,,6.7,,,,,2026-02-12 06:26:00
,,,10.0,13.0,11.5,263.0,,,6.7,,,,,2026-02-12 06:56:00
,,,9.1,14.0,11.3,268.0,,,6.7,,,,,2026-02-12 07:26:00
,,,8.8,14.0,11.5,261.0,,,6.7,,,,,2026-02-12 07:56:00
,,,8.6,15.0,11.9,271.0,,,6.7,,,,,2026-02-12 08:26:00
,,,8.4,15.0,11.5,274.0,,,6.7,,,,,2026-02-12 08:56:00
,,,8.6,17.0,11.9,271.0,,,6.7,,,,,2026-02-12 09:26:00
,,,8.3,15.0,11.6,267.0,,,6.7,,,,,2026-02-12 09:56:00
,,,7.4,13.0,10.9,261.0,,,6.7,,,,,2026-02-12 10:26:00
,,,7.5,13.0,11.2,278.0,,,6.7,,,,,2026-02-12 10:56:00
,,,6.6,17.0,10.9,279.0,,,6.7,,,,,2026-02-12 11:26:00
,,,7.2,14.0,10.9,278.0,,,6.7,,,,,2026-02-12 11:56:00
,,,6.8,13.0,10.4,277.0,,,6.7,,,,,2026-02-12 12:26:00
,,,7.2,17.0,10.7,286.0,,,6.7,,,,,2026-02-12 12:56:00
,,,7.1,17.0,11.0,284.0,,,6.7,,,,,2026-02-12 13:26:00
,,,6.7,13.0,10.2,281.0,,,6.7,,,,,2026-02-12 13:56:00
,,,7.1,13.0,10.5,272.0,,,6.7,,,,,2026-02-12 14:26:00
,,,6.4,14.0,10.2,279.0,,,6.7,,,,,2026-02-12 14:56:00
,,,6.1,12.0,9.7,278.0,,,6.7,,,,,2026-02-12 15:26:00
,,,6.4,13.0,9.8,275.0,,,6.7,,,,,2026-02-12 15:56:00
,,,6.0,14.0,9.4,281.0,,,6.7,,,,,2026-02-12 16:26:00
,,,6.9,13.0,10.1,264.0,,,6.7,,,,,2026-02-12 16:56:00
,,,6.4,14.0,9.9,275.0,,,6.7,,,,,2026-02-12 17:26:00
,,,6.3,14.0,9.5,278.0,,,6.7,,,,,2026-02-12 17:56:00
,,,5.5,13.0,8.8,277.0,,,6.7,,,,,2026-02-12 18:26:00
,,,5.9,14.0,9.1,272.0,,,6.7,,,,,2026-02-12 18:56:00
,,,5.3,13.0,8.8,258.0,,,6.7,,,,,2026-02-12 19:26:00
,,,5.8,13.0,9.3,271.0,,,6.7,,,,,2026-02-12 19:56:00
,,,5.8,14.0,9.6,272.0,,,6.7,,,,,2026-02-12 20:26:00
,,,5.4,14.0,8.8,264.0,,,6.7,,,,,2026-02-12 20:56:00
,,,5.4,13.0,9.4,274.0,,,6.7,,,,,2026-02-12 21:26:00
,,,5.3,14.0,9.4,268.0,,,6.7,,,,,2026-02-12 21:56:00
,,,5.4,14.0,9.4,270.0,,,6.7,,,,,2026-02-12 22:26:00
,,,5.3,14.0,9.2,260.0,,,6.7,,,,,2026-02-12 22:56:00
,,,5.1,14.0,9.1,263.0,,,6.7,,,,,2026-02-12 23:26:00
,,,5.3,14.0,9.2,268.0,,,6.7,,,,,2026-02-12 23:56:00
,,,4.9,15.0,9.3,272.0,,,6.7,,,,,2026-02-13 00:26:00
,,,5.1,14.0,9.6,261.0,,,6.7,,,,,2026-02-13 00:56:00
,,,5.1,14.0,9.4,265.0,,,6.7,,,,,2026-02-13 01:26:00
,,,5.2,15.0,9.7,265.0,,,6.7,,,,,2026-02-13 01:56:00
,,,5.1,14.0,9.3,268.0,,,6.7,,,,,2026-02-13 02:26:00
,,,5.4,14.0,9.9,268.0,,,6.7,,,,,2026-02-13 02:56:00
,,,5.0,11.0,9.2,251.0,,,6.7,,,,,2026-02-13 03:26:00
,,,5.3,13.0,9.8,268.0,,,6.6,,,,,2026-02-13 03:56:00
,,,5.3,14.0,9.6,277.0,,,6.7,,,,,2026-02-13 04:26:00
,,,5.0,14.0,9.5,264.0,,,6.7,,,,,2026-02-13 04:56:00
,,,5.0,13.0,9.2,271.0,,,6.7,,,,,2026-02-13 05:26:00
,,,4.9,14.0,9.1,278.0,,,6.7,,,,,2026-02-13 05:56:00
,,,5.2,13.0,9.1,272.0,,,6.7,,,,,2026-02-13 06:26:00
,,,4.8,13.0,9.2,268.0,,,6.7,,,,,2026-02-13 06:56:00
,,,4.9,12.0,9.4,264.0,,,6.7,,,,,2026-02-13 07:26:00
,,,4.9,13.0,9.2,274.0,,,6.7,,,,,2026-02-13 07:56:00
,,,4.6,13.0,9.1,270.0,,,6.7,,,,,2026-02-13 08:26:00
,,,5.5,14.0,9.7,278.0,,,6.7,,,,,2026-02-13 08:56:00
,,,5.0,13.0,9.3,272.0,,,6.7,,,,,2026-02-13 09:26:00
,,,4.7,13.0,9.2,265.0,,,6.7,,,,,2026-02-13 09:56:00
,,,4.6,13.0,9.3,261.0,,,6.7,,,,,2026-02-13 10:26:00
,,,4.3,11.0,8.8,270.0,,,6.7,,,,,2026-02-13 10:56:00
,,,4.9,13.0,9.6,268.0,,,6.7,,,,,2026-02-13 11:26:00
,,,4.0,14.0,8.6,268.0,,,6.7,,,,,2026-02-13 11:56:00
,,,4.5,12.0,9.2,265.0,,,6.7,,,,,2026-02-13 12:26:00
,,,4.6,13.0,9.3,275.0,,,6.7,,,,,2026-02-13 12:56:00
,,,4.5,13.0,9.2,263.0,,,6.7,,,,,2026-02-13 13:26:00
,,,4.3,14.0,9.3,270.0,,,6.7,,,,,2026-02-13 13:56:00
,,,4.4,14.0,9.1,277.0,,,6.6,,,,,2026-02-13 14:26:00
,,,4.6,13.0,9.5,274.0,,,6.7,,,,,2026-02-13 14:56:00
,,,4.3,13.0,9.3,261.0,,,6.6,,,,,2026-02-13 15:26:00
,,,4.8,14.0,10.1,268.0,,,6.6,,,,,2026-02-13 15:56:00
,,,5.0,14.0,9.8,272.0,,,6.6,,,,,2026-02-13 16:26:00
,,,4.5,15.0,9.4,274.0,,,6.6,,,,,2026-02-13 16:56:00
,,,4.8,14.0,10.3,272.0,,,6.6,,,,,2026-02-13 17:26:00
,,,5.3,14.0,10.1,279.0,,,6.6,,,,,2026-02-13 17:56:00
,,,5.0,14.0,9.8,275.0,,,6.6,,,,,2026-02-13 18:26:00
,,,5.3,13.0,9.8,271.0,,,6.6,,,,,2026-02-13 18:56:00
,,,5.7,15.0,10.4,268.0,,,6.7,,,,,2026-02-13 19:26:00
,,,5.0,13.0,9.4,268.0,,,6.7,,,,,2026-02-13 19:56:00
,,,5.7,13.0,10.2,270.0,,,6.7,,,,,2026-02-13 20:26:00
,,,5.3,14.0,10.0,272.0,,,6.7,,,,,2026-02-13 20:56:00
,,,5.7,14.0,10.2,277.0,,,6.7,,,,,2026-02-13 21:26:00
,,,5.5,15.0,9.9,279.0,,,6.7,,,,,2026-02-13 21:56:00
,,,5.5,15.0,9.4,284.0,,,6.7,,,,,2026-02-13 22:26:00
,,,6.0,14.0,9.8,282.0,,,6.7,,,,,2026-02-13 22:56:00
,,,5.5,11.0,9.3,274.0,,,6.7,,,,,2026-02-13 23:26:00
,,,5.1,11.0,8.8,272.0,,,6.7,,,,,2026-02-13 23:56:00
,,,5.4,14.0,9.3,275.0,,,6.7,,,,,2026-02-14 00:26:00
,,,5.4,14.0,9.5,267.0,,,6.6,,,,,2026-02-14 00:56:00
,,,5.7,14.0,9.4,274.0,,,6.7,,,,,2026-02-14 01:26:00
,,,5.3,15.0,9.1,277.0,,,6.6,,,,,2026-02-14 01:56:00
,,,5.5,13.0,9.3,267.0,,,6.6,,,,,2026-02-14 02:26:00
,,,5.5,10.0,9.3,277.0,,,6.6,,,,,2026-02-14 02:56:00
,,,5.2,13.0,9.5,271.0,,,6.6,,,,,2026-02-14 03:26:00
,,,5.4,13.0,9.6,274.0,,,6.6,,,,,2026-02-14 03:56:00
,,,4.8,13.0,9.0,270.0,,,6.6,,,,,2026-02-14 04:26:00
,,,5.2,14.0,9.3,270.0,,,6.6,,,,,2026-02-14 04:56:00
,,,5.0,13.0,9.1,272.0,,,6.6,,,,,2026-02-14 05:26:00
,,,5.0,11.0,9.1,275.0,,,6.6,,,,,2026-02-14 05:56:00
,,,5.1,13.0,9.3,270.0,,,6.6,,,,,2026-02-14 06:26:00
,,,4.8,14.0,9.3,274.0,,,6.6,,,,,2026-02-14 06:56:00
,,,5.4,14.0,9.7,278.0,,,6.6,,,,,2026-02-14 07:26:00
,,,4.5,14.0,9.5,261.0,,,6.6,,,,,2026-02-14 07:56:00
,,,4.5,14.0,9.2,277.0,,,6.6,,,,,2026-02-14 08:26:00
,,,4.8,15.0,9.8,272.0,,,6.6,,,,,2026-02-14 08:56:00
,,,4.6,13.0,9.6,277.0,,,6.6,,,,,2026-02-14 09:26:00
,,,4.7,14.0,9.7,271.0,,,6.6,,,,,2026-02-14 09:56:00
,,,4.7,14.0,9.9,271.0,,,6.6,,,,,2026-02-14 10:26:00
,,,4.5,13.0,9.5,275.0,,,6.6,,,,,2026-02-14 10:56:00
,,,4.3,15.0,9.6,270.0,,,6.6,,,,,2026-02-14 11:26:00
,,,4.5,11.0,9.3,288.0,,,6.6,,,,,2026-02-14 11:56:00
,,,4.2,13.0,9.3,275.0,,,6.6,,,,,2026-02-14 12:26:00
,,,4.4,13.0,9.6,282.0,,,6.6,,,,,2026-02-14 12:56:00
,,,4.1,13.0,9.2,270.0,,,6.6,,,,,2026-02-14 13:26:00
,,,4.1,13.0,9.6,285.0,,,6.6,,,,,2026-02-14 13:56:00
,,,4.1,11.0,9.2,279.0,,,6.6,,,,,2026-02-14 14:26:00
,,,3.6,12.0,8.8,282.0,,,6.6,,,,,2026-02-14 14:56:00
,,,3.9,12.0,9.2,279.0,,,6.6,,,,,2026-02-14 15:26:00
,,,4.0,13.0,9.3,278.0,,,6.6,,,,,2026-02-14 15:56:00
,,,3.7,14.0,9.2,271.0,,,6.6,,,,,2026-02-14 16:26:00
,,,3.7,12.0,8.9,277.0,,,6.6,,,,,2026-02-14 16:56:00
,,,3.4,14.0,8.7,271.0,,,6.6,,,,,2026-02-14 17:26:00
,,,3.2,13.0,8.6,277.0,,,6.6,,,,,2026-02-14 17:56:00
,,,3.6,13.0,8.8,277.0,,,6.6,,,,,2026-02-14 18:26:00
,,,3.3,13.0,8.5,275.0,,,6.6,,,,,2026-02-14 18:56:00
,,,3.4,11.0,8.8,274.0,,,6.6,,,,,2026-02-14 19:26:00
,,,3.3,12.0,8.7,270.0,,,6.6,,,,,2026-02-14 19:56:00
,,,3.1,11.0,8.5,274.0,,,6.6,,,,,2026-02-14 20:26:00
,,,3.1,11.0,8.5,282.0,,,6.7,,,,,2026-02-14 20:56:00
,,,3.1,13.0,8.4,268.0,,,6.7,,,,,2026-02-14 21:26:00
,,,2.7,12.0,7.9,291.0,,,6.6,,,,,2026-02-14 21:56:00
,,,3.1,13.0,8.6,274.0,,,6.7,,,,,2026-02-14 22:26:00
,,,2.7,13.0,8.1,271.0,,,6.7,,,,,2026-02-14 23:26:00
,,,3.0,14.0,8.4,272.0,,,6.7,,,,,2026-02-14 23:56:00
,,,2.9,13.0,8.1,270.0,,,6.7,,,,,2026-02-15 00:26:00
,,,2.9,13.0,8.2,278.0,,,6.7,,,,,2026-02-15 00:56:00
,,,2.9,10.0,7.9,285.0,,,6.6,,,,,2026-02-15 01:26:00
,,,2.8,13.0,8.0,271.0,,,6.6,,,,,2026-02-15 01:56:00
,,,3.1,13.0,8.3,274.0,,,6.6,,,,,2026-02-15 02:26:00
,,,3.0,13.0,8.0,274.0,,,6.6,,,,,2026-02-15 02:56:00
,,,3.1,11.0,8.3,284.0,,,6.6,,,,,2026-02-15 03:26:00
,,,2.9,11.0,7.8,285.0,,,6.6,,,,,2026-02-15 03:56:00
,,,2.7,13.0,7.4,271.0,,,6.6,,,,,2026-02-15 04:26:00
,,,2.9,10.0,7.6,298.0,,,6.6,,,,,2026-02-15 04:56:00
,,,3.1,10.0,7.6,293.0,,,6.6,,,,,2026-02-15 05:26:00
,,,3.0,9.0,7.2,288.0,,,6.6,,,,,2026-02-15 05:56:00
,,,2.8,11.0,7.1,278.0,,,6.6,,,,,2026-02-15 06:26:00
,,,2.8,10.0,7.0,303.0,,,6.7,,,,,2026-02-15 06:56:00
,,,3.1,10.0,7.3,288.0,,,6.7,,,,,2026-02-15 07:26:00
,,,2.9,8.0,6.7,296.0,,,6.7,,,,,2026-02-15 07:56:00
,,,3.0,11.0,6.9,271.0,,,6.7,,,,,2026-02-15 08:26:00
,,,2.8,13.0,6.6,272.0,,,6.7,,,,,2026-02-15 08:56:00
,,,2.9,13.0,6.8,268.0,,,6.7,,,,,2026-02-15 09:26:00
,,,3.0,8.0,6.6,296.0,,,6.6,,,,,2026-02-15 09:56:00
,,,2.9,9.0,6.6,285.0,,,6.6,,,,,2026-02-15 10:26:00
,,,3.1,8.0,6.5,292.0,,,6.6,,,,,2026-02-15 10:56:00
,,,3.0,9.0,6.4,288.0,,,6.6,,,,,2026-02-15 11:26:00
,,,3.1,10.0,6.4,284.0,,,6.6,,,,,2026-02-15 11:56:00
,,,3.0,13.0,6.4,274.0,,,6.6,,,,,2026-02-15 12:26:00
,,,2.9,13.0,6.6,271.0,,,6.6,,,,,2026-02-15 12:56:00
,,,3.0,7.0,6.5,303.0,,,6.6,,,,,2026-02-15 13:26:00
,,,2.9,8.0,6.4,295.0,,,6.6,,,,,2026-02-15 13:56:00
,,,3.0,12.0,6.6,260.0,,,6.6,,,,,2026-02-15 14:26:00
,,,2.8,7.0,6.3,303.0,,,6.6,,,,,2026-02-15 14:56:00
,,,2.9,7.0,6.3,302.0,,,6.6,,,,,2026-02-15 15:26:00
,,,3.0,8.0,6.6,296.0,,,6.6,,,,,2026-02-15 15:56:00
,,,3.0,8.0,6.6,300.0,,,6.6,,,,,2026-02-15 16:26:00
,,,3.0,8.0,6.7,292.0,,,6.6,,,,,2026-02-15 16:56:00
,,,3.1,8.0,6.8,299.0,,,6.6,,,,,2026-02-15 17:26:00
,,,3.1,8.0,6.9,306.0,,,6.6,,,,,2026-02-15 17:56:00
,,,3.1,8.0,7.1,293.0,,,6.6,,,,,2026-02-15 18:26:00
,,,3.2,8.0,7.2,303.0,,,6.6,,,,,2026-02-15 18:56:00
,,,3.0,9.0,6.9,288.0,,,6.6,,,,,2026-02-15 19:26:00
,,,3.1,9.0,7.1,295.0,,,6.6,,,,,2026-02-15 19:56:00
,,,3.1,9.0,7.1,299.0,,,6.7,,,,,2026-02-15 20:26:00
,,,3.0,8.0,6.9,305.0,,,6.7,,,,,2026-02-15 20:56:00
,,,3.1,9.0,7.0,296.0,,,6.7,,,,,2026-02-15 21:26:00
,,,3.0,9.0,6.9,299.0,,,6.7,,,,,2026-02-15 21:56:00
,,,3.0,8.0,6.7,303.0,,,6.7,,,,,2026-02-15 22:26:00
,,,3.2,8.0,6.7,312.0,,,6.7,,,,,2026-02-15 22:56:00
,,,3.2,8.0,6.9,302.0,,,6.7,,,,,2026-02-15 23:26:00
,,,3.2,8.0,7.0,300.0,,,6.7,,,,,2026-02-15 23:56:00
,,,3.0,8.0,6.9,306.0,,,6.7,,,,,2026-02-16 00:26:00
,,,3.3,9.0,7.0,299.0,,,6.7,,,,,2026-02-16 00:56:00
,,,3.2,8.0,7.0,308.0,,,6.7,,,,,2026-02-16 01:26:00
,,,3.2,8.0,7.0,300.0,,,6.7,,,,,2026-02-16 01:56:00
,,,3.0,13.0,7.0,281.0,,,6.7,,,,,2026-02-16 02:26:00
,,,3.1,13.0,7.2,281.0,,,6.7,,,,,2026-02-16 02:56:00
,,,3.2,14.0,7.4,274.0,,,6.7,,,,,2026-02-16 03:26:00
,,,2.9,13.0,7.2,279.0,,,6.7,,,,,2026-02-16 03:56:00
,,,3.4,14.0,8.1,272.0,,,6.6,,,,,2026-02-16 05:26:00
,,,3.2,13.0,7.7,279.0,,,6.6,,,,,2026-02-16 05:56:00
,,,3.3,14.0,7.7,274.0,,,6.6,,,,,2026-02-16 06:26:00
,,,3.3,14.0,8.1,271.0,,,6.6,,,,,2026-02-16 06:56:00
,,,3.1,13.0,7.9,275.0,,,6.6,,,,,2026-02-16 07:26:00
,,,3.0,13.0,8.0,274.0,,,6.6,,,,,2026-02-16 07:56:00
,,,3.0,13.0,7.8,279.0,,,6.6,,,,,2026-02-16 08:26:00
,,,3.2,14.0,8.2,279.0,,,6.6,,,,,2026-02-16 08:56:00
,,,3.2,14.0,8.0,272.0,,,6.6,,,,,2026-02-16 09:26:00
,,,3.4,13.0,8.4,275.0,,,6.6,,,,,2026-02-16 09:56:00
,,,3.2,13.0,8.0,274.0,,,6.7,,,,,2026-02-16 10:26:00
,,,3.3,14.0,7.8,275.0,,,6.7,,,,,2026-02-16 10:56:00
,,,3.3,13.0,7.9,279.0,,,6.7,,,,,2026-02-16 11:26:00
,,,3.4,13.0,8.1,284.0,,,6.7,,,,,2026-02-16 11:56:00
,,,3.1,13.0,7.5,279.0,,,6.7,,,,,2026-02-16 12:26:00
,,,3.2,13.0,7.6,279.0,,,6.6,,,,,2026-02-16 12:56:00
,,,3.3,13.0,7.8,275.0,,,6.6,,,,,2026-02-16 13:26:00
,,,3.5,13.0,8.2,275.0,,,6.6,,,,,2026-02-16 13:56:00
,,,3.6,13.0,7.7,277.0,,,6.6,,,,,2026-02-16 14:26:00
,,,3.2,11.0,7.1,292.0,,,6.7,,,,,2026-02-16 14:56:00
,,,3.4,13.0,7.5,277.0,,,6.7,,,,,2026-02-16 15:26:00
,,,3.3,13.0,7.3,271.0,,,6.7,,,,,2026-02-16 15:56:00
,,,3.6,13.0,7.3,277.0,,,6.7,,,,,2026-02-16 16:26:00
,,,3.6,13.0,7.3,278.0,,,6.7,,,,,2026-02-16 16:56:00
,,,3.4,13.0,7.3,279.0,,,6.7,,,,,2026-02-16 17:26:00
,,,3.5,13.0,7.4,274.0,,,6.7,,,,,2026-02-16 17:56:00
,,,3.5,13.0,7.2,275.0,,,6.7,,,,,2026-02-16 18:26:00
,,,3.3,13.0,7.0,270.0,,,6.7,,,,,2026-02-16 18:56:00
,,,3.3,13.0,7.1,275.0,,,6.7,,,,,2026-02-16 19:26:00
,,,3.3,13.0,7.1,281.0,,,6.7,,,,,2026-02-16 19:56:00
,,,3.4,11.0,7.1,275.0,,,6.7,,,,,2026-02-16 20:26:00
,,,3.3,13.0,7.0,274.0,,,6.7,,,,,2026-02-16 20:56:00
,,,3.2,13.0,7.1,272.0,,,6.7,,,,,2026-02-16 21:26:00
,,,3.1,13.0,7.1,270.0,,,6.7,,,,,2026-02-16 21:56:00
,,,3.2,12.0,7.0,267.0,,,6.7,,,,,2026-02-16 22:26:00
,,,3.1,13.0,6.9,274.0,,,6.7,,,,,2026-02-16 22:56:00
,,,3.2,12.0,7.2,272.0,,,6.6,,,,,2026-02-16 23:26:00
,,,3.3,13.0,7.3,274.0,,,6.7,,,,,2026-02-16 23:56:00
,,,3.0,13.0,7.1,270.0,,,6.6,,,,,2026-02-17 00:26:00
,,,2.9,13.0,6.9,279.0,,,6.6,,,,,2026-02-17 00:56:00
,,,3.1,8.0,7.0,323.0,,,6.6,,,,,2026-02-17 01:26:00
,,,3.2,10.0,7.2,315.0,,,6.6,,,,,2026-02-17 01:56:00
,,,3.1,9.0,7.2,331.0,,,6.5,,,,,2026-02-17 02:26:00
,,,3.3,9.0,7.4,344.0,,,6.6,,,,,2026-02-17 02:56:00
,,,3.3,13.0,7.4,279.0,,,6.6,,,,,2026-02-17 03:26:00
,,,3.7,10.0,7.8,340.0,,,6.6,,,,,2026-02-17 03:56:00
,,,3.4,13.0,7.9,312.0,,,6.6,,,,,2026-02-17 04:26:00
,,,3.5,11.0,8.0,2.0,,,6.6,,,,,2026-02-17 04:56:00
,,,3.7,12.0,8.0,316.0,,,6.6,,,,,2026-02-17 05:26:00
,,,3.6,12.0,8.1,348.0,,,6.6,,,,,2026-02-17 05:56:00
,,,3.6,11.0,7.8,347.0,,,6.6,,,,,2026-02-17 06:26:00
,,,3.5,11.0,7.9,2.0,,,6.6,,,,,2026-02-17 06:56:00
,,,3.6,12.0,7.8,345.0,,,6.6,,,,,2026-02-17 07:26:00
,,,3.5,10.0,7.9,334.0,,,6.6,,,,,2026-02-17 07:56:00
,,,3.6,11.0,7.9,337.0,,,6.6,,,,,2026-02-17 08:26:00
,,,3.2,11.0,7.5,351.0,,,6.6,,,,,2026-02-17 08:56:00
,,,3.7,10.0,7.7,355.0,,,6.6,,,,,2026-02-17 09:26:00
,,,3.3,11.0,7.6,360.0,,,6.6,,,,,2026-02-17 09:56:00
,,,3.3,11.0,7.6,340.0,,,6.6,,,,,2026-02-17 10:26:00
,,,3.4,10.0,7.8,344.0,,,6.5,,,,,2026-02-17 10:56:00
,,,3.1,11.0,7.5,353.0,,,6.5,,,,,2026-02-17 11:26:00
,,,3.3,11.0,7.7,347.0,,,6.5,,,,,2026-02-17 11:56:00
,,,2.9,10.0,7.6,354.0,,,6.5,,,,,2026-02-17 12:26:00
,,,2.9,12.0,7.5,295.0,,,6.5,,,,,2026-02-17 12:56:00
,,,2.9,11.0,7.5,357.0,,,6.5,,,,,2026-02-17 13:26:00
,,,3.0,10.0,7.6,353.0,,,6.5,,,,,2026-02-17 13:56:00
,,,3.1,9.0,7.8,354.0,,,6.5,,,,,2026-02-17 14:26:00
,,,2.9,11.0,7.5,355.0,,,6.5,,,,,2026-02-17 14:56:00
,,,3.0,9.0,7.7,341.0,,,6.6,,,,,2026-02-17 15:26:00
,,,2.9,11.0,7.6,327.0,,,6.6,,,,,2026-02-17 15:56:00
,,,2.8,10.0,7.5,347.0,,,6.6,,,,,2026-02-17 16:26:00
,,,2.8,11.0,7.8,345.0,,,6.6,,,,,2026-02-17 16:56:00
,,,3.0,10.0,7.8,357.0,,,6.6,,,,,2026-02-17 17:26:00
,,,2.7,11.0,7.8,337.0,,,6.6,,,,,2026-02-17 17:56:00
,,,2.3,11.0,7.5,343.0,,,6.6,,,,,2026-02-17 18:26:00
,,,2.9,10.0,8.2,351.0,,,6.6,,,,,2026-02-17 18:56:00
,,,2.6,12.0,8.1,303.0,,,6.5,,,,,2026-02-17 19:26:00
,,,2.5,11.0,7.7,323.0,,,6.5,,,,,2026-02-17 19:56:00
,,,2.5,11.0,7.8,338.0,,,6.5,,,,,2026-02-17 20:26:00
,,,2.5,10.0,7.6,355.0,,,6.6,,,,,2026-02-17 20:56:00
,,,2.3,9.0,7.3,347.0,,,6.6,,,,,2026-02-17 21:26:00
,,,2.2,11.0,7.1,334.0,,,6.6,,,,,2026-02-17 21:56:00
,,,2.3,11.0,7.1,338.0,,,6.6,,,,,2026-02-17 22:26:00
,,,2.3,10.0,7.2,354.0,,,6.7,,,,,2026-02-17 22:56:00
,,,2.1,11.0,7.0,355.0,,,6.7,,,,,2026-02-17 23:26:00
,,,2.3,11.0,7.4,323.0,,,6.7,,,,,2026-02-17 23:56:00
,,,2.4,10.0,7.5,357.0,,,6.7,,,,,2026-02-18 00:26:00
,,,2.1,11.0,6.8,25.0,,,6.7,,,,,2026-02-18 00:56:00
,,,2.2,11.0,7.1,21.0,,,6.7,,,,,2026-02-18 01:26:00
,,,2.4,11.0,7.4,11.0,,,6.7,,,,,2026-02-18 01:56:00
,,,2.2,11.0,7.0,33.0,,,6.7,,,,,2026-02-18 02:26:00
,,,2.5,11.0,7.4,23.0,,,6.7,,,,,2026-02-18 02:56:00
,,,2.2,11.0,6.8,28.0,,,6.7,,,,,2026-02-18 03:26:00
,,,2.4,10.0,7.0,39.0,,,6.7,,,,,2026-02-18 03:56:00
,,,2.2,10.0,6.7,39.0,,,6.7,,,,,2026-02-18 04:26:00
,,,2.3,9.0,6.6,30.0,,,6.7,,,,,2026-02-18 04:56:00
,,,2.2,12.0,6.6,360.0,,,6.6,,,,,2026-02-18 05:26:00
,,,2.3,9.0,6.6,14.0,,,6.6,,,,,2026-02-18 05:56:00
,,,2.4,9.0,6.9,4.0,,,6.6,,,,,2026-02-18 06:26:00
,,,2.3,10.0,7.1,38.0,,,6.6,,,,,2026-02-18 06:56:00
,,,2.3,10.0,7.1,28.0,,,6.6,,,,,2026-02-18 07:26:00
,,,2.3,9.0,7.0,22.0,,,6.6,,,,,2026-02-18 07:56:00
,,,2.5,11.0,7.5,1.0,,,6.6,,,,,2026-02-18 08:26:00
,,,2.4,11.0,7.2,344.0,,,6.6,,,,,2026-02-18 08:56:00
,,,2.5,11.0,7.2,21.0,,,6.6,,,,,2026-02-18 09:26:00
,,,2.6,11.0,7.3,21.0,,,6.6,,,,,2026-02-18 09:56:00
,,,2.5,7.0,7.2,265.0,,,6.6,,,,,2026-02-18 10:26:00
,,,2.4,11.0,7.1,4.0,,,6.6,,,,,2026-02-18 10:56:00
,,,2.3,10.0,6.6,16.0,,,6.6,,,,,2026-02-18 11:26:00
,,,2.8,10.0,7.0,8.0,,,6.6,,,,,2026-02-18 11:56:00
,,,2.5,11.0,6.6,322.0,,,6.6,,,,,2026-02-18 12:26:00
,,,2.8,10.0,6.7,358.0,,,6.6,,,,,2026-02-18 12:56:00
,,,2.7,8.0,6.6,263.0,,,6.7,,,,,2026-02-18 13:26:00
,,,2.6,8.0,6.8,274.0,,,6.6,,,,,2026-02-18 13:56:00
,,,2.5,11.0,6.6,315.0,,,6.7,,,,,2026-02-18 14:26:00
,,,2.9,10.0,7.2,334.0,,,6.6,,,,,2026-02-18 14:56:00
,,,2.8,11.0,7.1,341.0,,,6.6,,,,,2026-02-18 15:26:00
,,,2.9,9.0,7.2,313.0,,,6.6,,,,,2026-02-18 15:56:00
,,,2.7,11.0,7.2,12.0,,,6.6,,,,,2026-02-18 16:26:00
,,,2.9,8.0,7.4,284.0,,,6.6,,,,,2026-02-18 16:56:00
,,,2.6,8.0,7.3,305.0,,,6.6,,,,,2026-02-18 17:26:00
,,,2.5,10.0,7.1,350.0,,,6.6,,,,,2026-02-18 17:56:00
,,,2.5,9.0,7.4,317.0,,,6.6,,,,,2026-02-18 18:26:00
,,,2.4,9.0,7.3,337.0,,,6.7,,,,,2026-02-18 18:56:00
,,,2.6,9.0,7.4,358.0,,,6.7,,,,,2026-02-18 19:26:00
,,,2.5,9.0,7.5,324.0,,,6.7,,,,,2026-02-18 19:56:00
,,,2.4,9.0,7.1,258.0,,,6.7,,,,,2026-02-18 20:26:00
,,,2.5,9.0,7.3,315.0,,,6.7,,,,,2026-02-18 20:56:00
,,,2.2,9.0,7.2,278.0,,,6.7,,,,,2026-02-18 21:26:00
,,,2.5,9.0,7.4,313.0,,,6.7,,,,,2026-02-18 21:56:00
,,,2.4,10.0,7.3,309.0,,,6.7,,,,,2026-02-18 22:26:00
,,,2.6,8.0,7.6,284.0,,,6.7,,,,,2026-02-18 22:56:00
,,,2.3,9.0,7.2,291.0,,,6.7,,,,,2026-02-18 23:26:00
,,,2.4,8.0,7.3,289.0,,,6.7,,,,,2026-02-18 23:56:00
,,,2.2,9.0,6.9,296.0,,,6.6,,,,,2026-02-19 00:26:00
,,,2.2,8.0,7.1,293.0,,,6.7,,,,,2026-02-19 00:56:00
,,,2.3,8.0,7.1,277.0,,,6.6,,,,,2026-02-19 01:26:00
,,,2.3,9.0,6.9,337.0,,,6.6,,,,,2026-02-19 01:56:00
,,,2.3,11.0,6.9,279.0,,,6.6,,,,,2026-02-19 02:26:00
,,,2.1,8.0,6.5,260.0,,,6.6,,,,,2026-02-19 02:56:00
,,,2.3,8.0,6.9,261.0,,,6.6,,,,,2026-02-19 03:26:00
,,,2.3,10.0,6.8,265.0,,,6.7,,,,,2026-02-19 03:56:00
,,,2.2,9.0,6.4,296.0,,,6.7,,,,,2026-02-19 04:26:00
,,,2.1,9.0,6.6,308.0,,,6.7,,,,,2026-02-19 04:56:00
,,,2.2,10.0,6.3,278.0,,,6.7,,,,,2026-02-19 05:26:00
,,,2.2,9.0,6.3,282.0,,,6.7,,,,,2026-02-19 05:56:00
,,,2.2,8.0,6.4,260.0,,,6.7,,,,,2026-02-19 06:26:00
,,,2.0,9.0,6.0,265.0,,,6.7,,,,,2026-02-19 06:56:00
,,,2.0,9.0,6.3,270.0,,,6.6,,,,,2026-02-19 07:26:00
,,,2.1,8.0,6.3,263.0,,,6.6,,,,,2026-02-19 07:56:00
,,,2.2,9.0,6.6,288.0,,,6.6,,,,,2026-02-19 08:26:00
,,,2.1,8.0,6.5,268.0,,,6.6,,,,,2026-02-19 08:56:00
,,,2.0,8.0,6.6,271.0,,,6.6,,,,,2026-02-19 09:26:00
,,,2.3,11.0,7.3,261.0,,,6.6,,,,,2026-02-19 09:56:00
,,,2.1,11.0,6.9,270.0,,,6.6,,,,,2026-02-19 10:26:00
,,,2.1,9.0,6.7,257.0,,,6.6,,,,,2026-02-19 10:56:00
,,,2.0,8.0,6.8,232.0,,,6.6,,,,,2026-02-19 11:26:00
,,,2.1,8.0,7.0,248.0,,,6.6,,,,,2026-02-19 11:56:00
,,,2.0,8.0,6.9,247.0,,,6.6,,,,,2026-02-19 12:26:00
,,,2.0,8.0,6.5,230.0,,,6.7,,,,,2026-02-19 12:56:00
,,,2.0,8.0,6.8,240.0,,,6.7,,,,,2026-02-19 13:26:00
,,,2.2,10.0,6.7,250.0,,,6.6,,,,,2026-02-19 13:56:00
,,,2.1,12.0,6.9,261.0,,,6.6,,,,,2026-02-19 14:26:00
,,,2.1,8.0,6.6,254.0,,,6.6,,,,,2026-02-19 14:56:00
,,,2.2,8.0,6.6,265.0,,,6.6,,,,,2026-02-19 15:26:00
,,,2.3,8.0,6.6,260.0,,,6.6,,,,,2026-02-19 15:56:00
,,,2.4,8.0,6.7,261.0,,,6.6,,,,,2026-02-19 16:26:00
,,,2.2,12.0,6.5,284.0,,,6.6,,,,,2026-02-19 16:56:00
,,,2.2,9.0,6.3,254.0,,,6.6,,,,,2026-02-19 17:26:00
,,,2.3,12.0,6.3,272.0,,,6.6,,,,,2026-02-19 17:56:00
,,,2.3,13.0,6.3,272.0,,,6.6,,,,,2026-02-19 18:26:00
,,,2.2,12.0,6.2,275.0,,,6.6,,,,,2026-02-19 18:56:00
,,,2.2,12.0,6.1,268.0,,,6.6,,,,,2026-02-19 19:26:00
,,,2.3,11.0,5.9,268.0,,,6.6,,,,,2026-02-19 19:56:00
,,,2.4,12.0,6.3,277.0,,,6.6,,,,,2026-02-19 20:26:00
,,,2.4,12.0,6.0,272.0,,,6.6,,,,,2026-02-19 20:56:00
,,,2.6,12.0,6.1,264.0,,,6.6,,,,,2026-02-19 21:26:00
,,,2.6,6.0,6.0,293.0,,,6.6,,,,,2026-02-19 21:56:00
,,,2.7,6.0,5.8,298.0,,,6.6,,,,,2026-02-19 22:26:00
,,,2.7,6.0,5.8,309.0,,,6.6,,,,,2026-02-19 22:56:00
,,,2.8,7.0,5.9,292.0,,,6.6,,,,,2026-02-19 23:26:00
,,,3.0,7.0,6.1,281.0,,,6.6,,,,,2026-02-19 23:56:00
,,,3.0,7.0,6.0,300.0,,,6.6,,,,,2026-02-20 00:26:00
,,,3.3,7.0,6.2,305.0,,,6.7,,,,,2026-02-20 00:56:00
,,,3.3,7.0,6.2,319.0,,,6.6,,,,,2026-02-20 01:26:00
,,,3.1,8.0,6.2,296.0,,,6.7,,,,,2026-02-20 01:56:00
,,,3.3,8.0,6.4,292.0,,,6.7,,,,,2026-02-20 02:26:00
,,,3.0,8.0,6.3,305.0,,,6.6,,,,,2026-02-20 02:56:00
,,,3.6,7.0,6.7,312.0,,,6.7,,,,,2026-02-20 03:26:00
,,,3.3,8.0,6.6,309.0,,,6.6,,,,,2026-02-20 03:56:00
,,,3.5,8.0,6.8,296.0,,,6.6,,,,,2026-02-20 04:26:00
,,,3.2,8.0,6.6,298.0,,,6.6,,,,,2026-02-20 04:56:00
,,,3.2,8.0,6.5,322.0,,,6.6,,,,,2026-02-20 05:26:00
,,,3.1,7.0,6.4,316.0,,,6.6,,,,,2026-02-20 05:56:00
,,,3.1,8.0,6.6,308.0,,,6.6,,,,,2026-02-20 06:26:00
,,,3.2,8.0,6.4,303.0,,,6.6,,,,,2026-02-20 06:56:00
,,,3.3,8.0,6.6,310.0,,,6.6,,,,,2026-02-20 07:26:00
,,,3.5,9.0,6.8,303.0,,,6.6,,,,,2026-02-20 07:56:00
,,,3.4,8.0,6.7,308.0,,,6.6,,,,,2026-02-20 08:26:00
,,,3.3,9.0,6.8,298.0,,,6.6,,,,,2026-02-20 08:56:00
,,,3.6,9.0,7.0,312.0,,,6.6,,,,,2026-02-20 09:26:00
,,,3.7,9.0,7.0,310.0,,,6.5,,,,,2026-02-20 09:56:00
,,,3.7,9.0,6.8,302.0,,,6.5,,,,,2026-02-20 10:26:00
,,,3.3,10.0,6.9,298.0,,,6.5,,,,,2026-02-20 10:56:00
,,,4.0,8.0,7.1,313.0,,,6.5,,,,,2026-02-20 11:26:00
,,,3.9,9.0,7.1,310.0,,,6.5,,,,,2026-02-20 11:56:00
,,,3.9,9.0,7.1,310.0,,,6.5,,,,,2026-02-20 12:26:00
,,,4.2,9.0,7.2,310.0,,,6.6,,,,,2026-02-20 12:56:00
,,,4.3,9.0,7.2,309.0,,,6.6,,,,,2026-02-20 13:26:00
,,,4.3,9.0,7.3,313.0,,,6.6,,,,,2026-02-20 13:56:00
,,,4.3,9.0,7.3,309.0,,,6.5,,,,,2026-02-20 14:26:00
,,,4.7,10.0,7.5,315.0,,,6.6,,,,,2026-02-20 14:56:00
,,,4.9,10.0,7.8,313.0,,,6.5,,,,,2026-02-20 15:26:00
,,,4.9,9.0,7.6,316.0,,,6.5,,,,,2026-02-20 15:56:00
,,,5.4,11.0,7.9,320.0,,,6.5,,,,,2026-02-20 16:26:00
,,,5.7,10.0,8.2,312.0,,,6.5,,,,,2026-02-20 16:56:00
,,,6.0,11.0,8.4,322.0,,,6.5,,,,,2026-02-20 17:26:00
,,,6.2,11.0,8.7,322.0,,,6.5,,,,,2026-02-20 17:56:00
,,,6.2,12.0,8.9,324.0,,,6.5,,,,,2026-02-20 18:26:00
,,,6.0,11.0,8.7,319.0,,,6.5,,,,,2026-02-20 18:56:00
,,,5.8,12.0,8.7,327.0,,,6.5,,,,,2026-02-20 19:26:00
,,,7.3,12.0,9.7,324.0,,,6.5,,,,,2026-02-20 19:56:00
,,,6.7,13.0,9.8,319.0,,,6.6,,,,,2026-02-20 20:26:00
,,,7.2,12.0,9.8,316.0,,,6.6,,,,,2026-02-20 20:56:00
,,,6.3,14.0,9.7,315.0,,,6.6,,,,,2026-02-20 21:26:00
,,,6.8,14.0,10.3,316.0,,,6.6,,,,,2026-02-20 21:56:00
,,,7.1,14.0,10.3,313.0,,,6.5,,,,,2026-02-20 22:26:00
,,,6.8,14.0,10.4,312.0,,,6.5,,,,,2026-02-20 22:56:00
,,,7.1,15.0,11.0,317.0,,,6.5,,,,,2026-02-20 23:26:00
,,,6.7,14.0,10.5,312.0,,,6.5,,,,,2026-02-20 23:56:00
,,,7.4,14.0,10.7,319.0,,,6.5,,,,,2026-02-21 00:26:00
,,,7.0,15.0,10.7,317.0,,,6.5,,,,,2026-02-21 00:56:00
,,,6.3,15.0,10.2,319.0,,,6.5,,,,,2026-02-21 01:26:00
,,,6.6,15.0,10.4,319.0,,,6.5,,,,,2026-02-21 01:56:00
,,,7.9,14.0,11.2,323.0,,,6.5,,,,,2026-02-21 02:26:00
,,,7.5,15.0,10.8,326.0,,,6.5,,,,,2026-02-21 02:56:00
,,,8.1,15.0,11.2,323.0,,,6.5,,,,,2026-02-21 03:26:00
,,,8.3,14.0,11.0,322.0,,,6.5,,,,,2026-02-21 03:56:00
,,,8.2,15.0,11.1,326.0,,,6.5,,,,,2026-02-21 04:26:00
,,,7.2,14.0,10.5,331.0,,,6.5,,,,,2026-02-21 04:56:00
,,,7.6,15.0,10.8,319.0,,,6.5,,,,,2026-02-21 05:26:00
,,,7.9,14.0,11.1,323.0,,,6.5,,,,,2026-02-21 05:56:00
,,,7.2,15.0,10.5,324.0,,,6.5,,,,,2026-02-21 06:26:00
,,,7.9,15.0,10.8,324.0,,,6.5,,,,,2026-02-21 06:56:00
,,,7.7,14.0,10.7,322.0,,,6.5,,,,,2026-02-21 07:26:00
,,,7.1,15.0,10.6,320.0,,,6.5,,,,,2026-02-21 07:56:00
,,,7.3,14.0,10.5,323.0,,,6.5,,,,,2026-02-21 08:26:00
,,,7.0,13.0,10.3,327.0,,,6.5,,,,,2026-02-21 08:56:00
,,,6.6,14.0,10.1,329.0,,,6.5,,,,,2026-02-21 09:26:00
,,,6.1,13.0,10.1,326.0,,,6.5,,,,,2026-02-21 09:56:00
,,,6.8,15.0,10.8,313.0,,,6.5,,,,,2026-02-21 10:26:00
,,,6.5,15.0,10.3,324.0,,,6.5,,,,,2026-02-21 10:56:00
,,,6.9,15.0,11.2,316.0,,,6.5,,,,,2026-02-21 11:26:00
,,,6.4,14.0,10.4,319.0,,,6.4,,,,,2026-02-21 11:56:00
,,,6.5,15.0,11.1,317.0,,,6.4,,,,,2026-02-21 12:26:00
,,,6.9,14.0,11.1,324.0,,,6.4,,,,,2026-02-21 12:56:00
,,,6.7,15.0,11.2,324.0,,,6.4,,,,,2026-02-21 13:26:00
,,,6.4,15.0,10.9,323.0,,,6.4,,,,,2026-02-21 13:56:00
,,,6.3,14.0,10.8,322.0,,,6.4,,,,,2026-02-21 14:26:00
,,,6.4,13.0,10.9,317.0,,,6.5,,,,,2026-02-21 14:56:00
,,,6.2,15.0,11.0,316.0,,,6.5,,,,,2026-02-21 15:26:00
,,,7.3,14.0,11.8,322.0,,,6.5,,,,,2026-02-21 15:56:00
,,,6.7,14.0,11.2,324.0,,,6.4,,,,,2026-02-21 16:26:00
,,,6.5,14.0,11.2,327.0,,,6.5,,,,,2026-02-21 16:56:00
,,,6.3,14.0,10.9,316.0,,,6.5,,,,,2026-02-21 17:26:00
,,,6.0,14.0,10.4,327.0,,,6.5,,,,,2026-02-21 17:56:00
,,,6.0,14.0,10.3,326.0,,,6.5,,,,,2026-02-21 18:26:00
,,,6.1,15.0,10.7,322.0,,,6.5,,,,,2026-02-21 18:56:00
,,,6.2,13.0,10.4,320.0,,,6.5,,,,,2026-02-21 19:26:00
,,,6.6,14.0,10.5,320.0,,,6.5,,,,,2026-02-21 19:56:00
,,,6.3,14.0,10.6,320.0,,,6.4,,,,,2026-02-21 20:26:00
,,,6.3,13.0,10.1,329.0,,,6.4,,,,,2026-02-21 20:56:00
,,,6.3,13.0,10.1,324.0,,,6.4,,,,,2026-02-21 21:26:00
,,,6.5,13.0,10.4,326.0,,,6.4,,,,,2026-02-21 21:56:00
,,,5.9,13.0,9.6,322.0,,,6.4,,,,,2026-02-21 22:26:00
,,,6.0,13.0,9.6,337.0,,,6.4,,,,,2026-02-21 22:56:00
,,,5.5,13.0,9.2,334.0,,,6.4,,,,,2026-02-21 23:26:00
,,,5.8,13.0,9.3,323.0,,,6.4,,,,,2026-02-21 23:56:00
,,,5.1,13.0,8.9,326.0,,,6.4,,,,,2026-02-22 00:26:00
,,,5.6,13.0,8.9,316.0,,,6.4,,,,,2026-02-22 00:56:00
,,,6.0,13.0,8.9,323.0,,,6.4,,,,,2026-02-22 01:26:00
,,,5.7,13.0,8.4,331.0,,,6.5,,,,,2026-02-22 01:56:00
,,,6.2,13.0,8.7,324.0,,,6.5,,,,,2026-02-22 02:26:00
,,,6.2,11.0,8.5,327.0,,,6.5,,,,,2026-02-22 02:56:00
,,,6.3,13.0,8.5,334.0,,,6.5,,,,,2026-02-22 03:26:00
,,,7.0,13.0,8.8,333.0,,,6.5,,,,,2026-02-22 03:56:00
,,,6.9,13.0,8.8,331.0,,,6.5,,,,,2026-02-22 04:26:00
,,,6.5,11.0,8.8,347.0,,,6.5,,,,,2026-02-22 04:56:00
,,,7.2,11.0,9.0,357.0,,,6.5,,,,,2026-02-22 05:26:00
,,,7.1,11.0,8.9,21.0,,,6.5,,,,,2026-02-22 05:56:00
,,,,,,,,,6.5,,,,,2026-02-22 06:30:00
,,,8.9,12.0,9.9,11.0,,,6.5,,,,,2026-02-22 06:56:00
,,,8.5,11.0,9.8,14.0,,,6.6,,,,,2026-02-22 07:26:00
,,,9.0,13.0,10.3,18.0,,,6.6,,,,,2026-02-22 07:56:00
,,,8.6,13.0,10.3,25.0,,,6.6,,,,,2026-02-22 08:26:00
,,,10.1,13.0,11.0,22.0,,,6.5,,,,,2026-02-22 08:56:00
,,,8.6,13.0,10.4,43.0,,,6.5,,,,,2026-02-22 09:26:00
,,,9.5,13.0,11.1,30.0,,,6.5,,,,,2026-02-22 09:56:00
,,,9.3,13.0,10.8,30.0,,,6.5,,,,,2026-02-22 10:26:00
,,,9.3,13.0,11.1,33.0,,,6.5,,,,,2026-02-22 10:56:00
,,,9.5,14.0,11.2,42.0,,,6.5,,,,,2026-02-22 11:26:00
,,,8.7,13.0,10.7,35.0,,,6.5,,,,,2026-02-22 11:56:00
,,,8.6,14.0,10.8,50.0,,,6.5,,,,,2026-02-22 12:26:00
,,,8.2,14.0,10.7,47.0,,,6.5,,,,,2026-02-22 12:56:00
,,,9.2,14.0,10.8,49.0,,,6.5,,,,,2026-02-22 13:26:00
,,,9.7,13.0,11.1,42.0,,,6.5,,,,,2026-02-22 13:56:00
,,,7.9,14.0,10.4,60.0,,,6.5,,,,,2026-02-22 14:26:00
,,,7.3,13.0,10.0,52.0,,,6.5,,,,,2026-02-22 14:56:00
,,,7.9,13.0,10.2,49.0,,,6.5,,,,,2026-02-22 15:26:00
,,,6.8,13.0,9.6,38.0,,,6.5,,,,,2026-02-22 15:56:00
,,,7.3,13.0,9.8,50.0,,,6.5,,,,,2026-02-22 16:26:00
,,,7.4,13.0,9.7,52.0,,,6.5,,,,,2026-02-22 16:56:00
,,,6.9,13.0,9.4,61.0,,,6.5,,,,,2026-02-22 17:26:00
,,,5.6,13.0,8.5,56.0,,,6.5,,,,,2026-02-22 17:56:00
,,,6.9,13.0,9.6,57.0,,,6.5,,,,,2026-02-22 18:26:00
,,,5.8,13.0,8.9,54.0,,,6.5,,,,,2026-02-22 18:56:00
,,,6.5,12.0,9.3,50.0,,,6.5,,,,,2026-02-22 19:26:00
,,,6.0,13.0,9.2,60.0,,,6.5,,,,,2026-02-22 19:56:00
,,,5.6,12.0,8.7,50.0,,,6.5,,,,,2026-02-22 20:26:00
,,,5.8,12.0,9.0,56.0,,,6.5,,,,,2026-02-22 20:56:00
,,,5.2,12.0,8.6,49.0,,,6.5,,,,,2026-02-22 21:26:00
,,,5.5,12.0,8.9,50.0,,,6.5,,,,,2026-02-22 21:56:00
,,,5.1,11.0,8.5,42.0,,,6.5,,,,,2026-02-22 22:26:00
,,,5.4,13.0,9.0,54.0,,,6.5,,,,,2026-02-22 22:56:00
,,,4.7,11.0,8.4,32.0,,,6.5,,,,,2026-02-22 23:26:00
,,,5.0,12.0,8.5,49.0,,,6.5,,,,,2026-02-22 23:56:00
,,,4.9,12.0,8.4,52.0,,,6.5,,,,,2026-02-23 00:26:00
,,,5.0,13.0,8.4,63.0,,,6.5,,,,,2026-02-23 00:56:00
,,,4.9,12.0,8.6,56.0,,,6.5,,,,,2026-02-23 01:26:00
,,,4.6,12.0,8.4,54.0,,,6.5,,,,,2026-02-23 01:56:00
,,,4.7,12.0,8.6,52.0,,,6.5,,,,,2026-02-23 02:26:00
,,,4.9,11.0,8.5,50.0,,,6.5,,,,,2026-02-23 02:56:00
,,,4.7,13.0,8.3,68.0,,,6.5,,,,,2026-02-23 03:26:00
,,,5.2,12.0,8.7,63.0,,,6.5,,,,,2026-02-23 03:56:00
,,,5.0,11.0,8.3,53.0,,,6.5,,,,,2026-02-23 04:26:00
,,,4.6,11.0,8.3,43.0,,,6.5,,,,,2026-02-23 04:56:00
,,,5.1,13.0,8.4,78.0,,,6.5,,,,,2026-02-23 05:26:00
,,,5.2,11.0,8.4,52.0,,,6.5,,,,,2026-02-23 05:56:00
,,,5.6,11.0,8.9,50.0,,,6.5,,,,,2026-02-23 06:26:00
,,,5.3,11.0,8.6,52.0,,,6.5,,,,,2026-02-23 06:56:00
,,,5.4,12.0,8.7,67.0,,,6.4,,,,,2026-02-23 07:26:00
,,,5.2,12.0,8.8,74.0,,,6.4,,,,,2026-02-23 07:56:00
,,,5.3,11.0,8.7,54.0,,,6.4,,,,,2026-02-23 08:26:00
,,,5.2,13.0,8.8,80.0,,,6.4,,,,,2026-02-23 08:56:00
,,,5.3,13.0,8.8,83.0,,,6.4,,,,,2026-02-23 09:26:00
,,,5.7,11.0,9.1,57.0,,,6.4,,,,,2026-02-23 09:56:00
,,,5.3,13.0,9.0,64.0,,,6.4,,,,,2026-02-23 10:26:00
,,,5.5,13.0,9.1,80.0,,,6.4,,,,,2026-02-23 10:56:00
,,,5.9,13.0,9.3,77.0,,,6.4,,,,,2026-02-23 11:26:00
,,,5.8,13.0,9.3,75.0,,,6.4,,,,,2026-02-23 11:56:00
,,,5.5,12.0,9.1,67.0,,,6.4,,,,,2026-02-23 12:26:00
,,,5.7,11.0,9.2,61.0,,,6.4,,,,,2026-02-23 12:56:00
,,,5.3,12.0,9.1,64.0,,,6.5,,,,,2026-02-23 13:26:00
,,,4.7,12.0,8.5,59.0,,,6.5,,,,,2026-02-23 13:56:00
,,,5.1,13.0,9.0,67.0,,,6.5,,,,,2026-02-23 14:26:00
,,,4.9,12.0,8.7,49.0,,,6.5,,,,,2026-02-23 14:56:00
,,,4.8,11.0,8.7,46.0,,,6.5,,,,,2026-02-23 15:26:00
,,,4.7,13.0,8.7,54.0,,,6.5,,,,,2026-02-23 15:56:00
,,,5.2,12.0,9.1,50.0,,,6.5,,,,,2026-02-23 16:26:00
,,,4.5,12.0,8.6,54.0,,,6.5,,,,,2026-02-23 16:56:00
,,,4.7,13.0,8.9,52.0,,,6.5,,,,,2026-02-23 17:26:00
,,,4.8,12.0,8.8,47.0,,,6.6,,,,,2026-02-23 17:56:00
,,,4.8,13.0,8.7,60.0,,,6.6,,,,,2026-02-23 18:26:00
,,,4.6,12.0,8.8,56.0,,,6.6,,,,,2026-02-23 18:56:00
,,,4.8,12.0,8.9,47.0,,,6.5,,,,,2026-02-23 19:26:00
,,,4.5,11.0,8.8,45.0,,,6.5,,,,,2026-02-23 19:56:00
,,,4.4,12.0,8.7,57.0,,,6.5,,,,,2026-02-23 20:26:00
,,,4.4,12.0,8.6,59.0,,,6.5,,,,,2026-02-23 20:56:00
,,,4.2,11.0,8.4,43.0,,,6.5,,,,,2026-02-23 21:26:00
,,,4.1,12.0,8.2,60.0,,,6.5,,,,,2026-02-23 21:56:00
,,,4.0,12.0,8.1,68.0,,,6.4,,,,,2026-02-23 22:26:00
,,,4.2,11.0,8.3,54.0,,,6.4,,,,,2026-02-23 22:56:00
,,,3.9,11.0,8.2,50.0,,,6.4,,,,,2026-02-23 23:26:00
,,,4.2,11.0,8.3,47.0,,,6.4,,,,,2026-02-23 23:56:00
,,,3.9,12.0,7.9,70.0,,,6.4,,,,,2026-02-24 00:26:00
,,,4.0,11.0,8.1,66.0,,,6.4,,,,,2026-02-24 00:56:00
,,,3.7,11.0,8.0,46.0,,,6.4,,,,,2026-02-24 01:26:00
,,,3.6,11.0,7.9,71.0,,,6.4,,,,,2026-02-24 01:56:00
,,,3.6,11.0,7.9,66.0,,,6.4,,,,,2026-02-24 02:26:00
,,,3.5,10.0,7.9,36.0,,,6.4,,,,,2026-02-24 02:56:00
,,,3.5,10.0,8.0,42.0,,,6.4,,,,,2026-02-24 03:26:00
,,,3.5,10.0,7.9,63.0,,,6.5,,,,,2026-02-24 03:56:00
,,,3.6,10.0,8.1,47.0,,,6.5,,,,,2026-02-24 04:26:00
,,,3.2,10.0,7.8,42.0,,,6.5,,,,,2026-02-24 04:56:00
,,,3.5,10.0,8.3,42.0,,,6.5,,,,,2026-02-24 05:26:00
,,,3.3,11.0,8.1,54.0,,,6.5,,,,,2026-02-24 05:56:00
,,,3.0,10.0,7.8,50.0,,,6.5,,,,,2026-02-24 06:26:00
,,,2.9,11.0,7.9,53.0,,,6.5,,,,,2026-02-24 06:56:00
,,,2.9,11.0,8.1,61.0,,,6.5,,,,,2026-02-24 07:26:00
,,,2.8,11.0,8.3,52.0,,,6.5,,,,,2026-02-24 07:56:00
,,,2.6,11.0,8.0,63.0,,,6.5,,,,,2026-02-24 08:26:00
,,,2.7,11.0,8.4,68.0,,,6.5,,,,,2026-02-24 08:56:00
,,,2.5,10.0,8.1,49.0,,,6.5,,,,,2026-02-24 09:26:00
,,,2.4,15.0,8.4,279.0,,,6.5,,,,,2026-02-24 09:56:00
,,,2.4,15.0,8.3,281.0,,,6.5,,,,,2026-02-24 10:26:00
,,,2.4,15.0,8.2,281.0,,,6.5,,,,,2026-02-24 10:56:00
,,,2.6,15.0,8.7,281.0,,,6.5,,,,,2026-02-24 11:26:00
,,,2.4,11.0,8.3,56.0,,,6.5,,,,,2026-02-24 11:56:00
,,,2.4,11.0,8.1,90.0,,,6.4,,,,,2026-02-24 12:56:00
,,,2.4,14.0,8.4,279.0,,,6.4,,,,,2026-02-24 13:26:00
,,,2.4,9.0,8.0,61.0,,,6.4,,,,,2026-02-24 13:56:00
,,,2.5,9.0,7.7,50.0,,,6.4,,,,,2026-02-24 14:26:00
,,,2.5,14.0,7.9,275.0,,,6.3,,,,,2026-02-24 14:56:00
,,,2.4,8.0,7.9,42.0,,,6.3,,,,,2026-02-24 15:26:00
,,,2.3,14.0,8.0,278.0,,,6.3,,,,,2026-02-24 15:56:00
,,,2.4,8.0,7.8,43.0,,,6.4,,,,,2026-02-24 16:26:00
,,,2.4,8.0,7.6,39.0,,,6.4,,,,,2026-02-24 16:56:00
,,,2.2,9.0,7.5,53.0,,,6.4,,,,,2026-02-24 17:26:00
,,,2.3,14.0,7.7,275.0,,,6.4,,,,,2026-02-24 17:56:00
,,,2.1,8.0,7.0,33.0,,,6.4,,,,,2026-02-24 18:26:00
,,,2.1,14.0,7.3,277.0,,,6.5,,,,,2026-02-24 18:56:00
,,,2.1,14.0,7.3,275.0,,,6.5,,,,,2026-02-24 19:26:00
,,,2.1,15.0,7.5,270.0,,,6.5,,,,,2026-02-24 19:56:00
,,,2.1,14.0,7.7,275.0,,,6.5,,,,,2026-02-24 20:26:00
,,,2.0,15.0,7.2,268.0,,,6.5,,,,,2026-02-24 20:56:00
,,,1.9,14.0,7.2,274.0,,,6.6,,,,,2026-02-24 21:26:00
,,,1.9,15.0,7.3,281.0,,,6.6,,,,,2026-02-24 21:56:00
,,,1.8,14.0,7.2,281.0,,,6.6,,,,,2026-02-24 22:26:00
,,,1.8,14.0,7.2,275.0,,,6.6,,,,,2026-02-24 22:56:00
,,,1.8,13.0,7.1,284.0,,,6.6,,,,,2026-02-24 23:26:00
,,,1.6,14.0,6.6,278.0,,,6.6,,,,,2026-02-24 23:56:00
,,,1.7,13.0,6.7,274.0,,,6.6,,,,,2026-02-25 00:26:00
,,,1.7,13.0,6.7,275.0,,,6.6,,,,,2026-02-25 00:56:00
,,,1.7,14.0,6.6,279.0,,,6.6,,,,,2026-02-25 01:26:00
,,,1.8,13.0,6.8,282.0,,,6.6,,,,,2026-02-25 01:56:00
,,,1.7,14.0,6.1,282.0,,,6.5,,,,,2026-02-25 02:26:00
,,,1.8,13.0,6.5,265.0,,,6.5,,,,,2026-02-25 02:56:00
,,,1.8,13.0,6.4,281.0,,,6.4,,,,,2026-02-25 03:26:00
,,,1.9,14.0,6.3,275.0,,,6.4,,,,,2026-02-25 03:56:00
,,,1.8,13.0,6.0,282.0,,,6.4,,,,,2026-02-25 04:26:00
,,,1.9,13.0,6.0,281.0,,,6.4,,,,,2026-02-25 04:56:00
,,,2.0,13.0,6.2,271.0,,,6.4,,,,,2026-02-25 05:26:00
,,,2.0,13.0,5.9,279.0,,,6.4,,,,,2026-02-25 05:56:00
,,,2.0,13.0,5.9,279.0,,,6.4,,,,,2026-02-25 06:26:00
,,,2.1,7.0,6.0,344.0,,,6.4,,,,,2026-02-25 06:56:00
,,,1.9,13.0,5.7,279.0,,,6.4,,,,,2026-02-25 07:26:00
,,,2.0,6.0,5.8,338.0,,,6.4,,,,,2026-02-25 07:56:00
,,,1.9,7.0,5.8,4.0,,,6.4,,,,,2026-02-25 08:26:00
,,,1.8,13.0,5.9,284.0,,,6.4,,,,,2026-02-25 08:56:00
,,,1.8,13.0,5.6,268.0,,,6.4,,,,,2026-02-25 09:26:00
,,,1.8,6.0,5.7,338.0,,,6.4,,,,,2026-02-25 09:56:00
,,,1.8,7.0,5.5,340.0,,,6.5,,,,,2026-02-25 10:26:00
,,,1.8,13.0,5.7,268.0,,,6.5,,,,,2026-02-25 10:56:00
,,,1.8,7.0,5.8,333.0,,,6.5,,,,,2026-02-25 11:26:00
,,,2.0,13.0,6.0,271.0,,,6.5,,,,,2026-02-25 11:56:00
,,,2.0,11.0,6.1,305.0,,,6.5,,,,,2026-02-25 12:26:00
,,,2.0,7.0,6.0,326.0,,,6.5,,,,,2026-02-25 12:56:00
,,,2.1,10.0,6.2,330.0,,,6.5,,,,,2026-02-25 13:26:00
,,,2.1,8.0,6.0,320.0,,,6.5,,,,,2026-02-25 13:56:00
,,,2.2,13.0,6.3,270.0,,,6.5,,,,,2026-02-25 14:26:00
,,,2.1,6.0,5.9,293.0,,,6.5,,,,,2026-02-25 14:56:00
,,,2.3,9.0,6.0,344.0,,,6.5,,,,,2026-02-25 15:26:00
,,,2.4,7.0,5.9,319.0,,,6.5,,,,,2026-02-25 15:56:00
,,,2.5,7.0,6.0,326.0,,,6.4,,,,,2026-02-25 16:26:00
,,,2.5,7.0,6.0,323.0,,,6.4,,,,,2026-02-25 16:56:00
,,,2.6,7.0,6.0,323.0,,,6.4,,,,,2026-02-25 17:26:00
,,,2.6,8.0,6.1,323.0,,,6.4,,,,,2026-02-25 17:56:00
,,,3.0,7.0,6.2,323.0,,,6.4,,,,,2026-02-25 18:26:00
,,,2.8,8.0,6.2,337.0,,,6.4,,,,,2026-02-25 18:56:00
,,,2.8,8.0,6.2,330.0,,,6.4,,,,,2026-02-25 19:26:00
,,,2.8,8.0,6.0,337.0,,,6.3,,,,,2026-02-25 19:56:00
,,,2.8,8.0,6.0,337.0,,,6.3,,,,,2026-02-25 20:26:00
,,,2.9,8.0,6.2,334.0,,,6.3,,,,,2026-02-25 20:56:00
,,,2.9,8.0,6.1,330.0,,,6.3,,,,,2026-02-25 21:26:00
,,,2.9,8.0,6.1,336.0,,,6.3,,,,,2026-02-25 21:56:00
,,,2.9,8.0,6.2,337.0,,,6.3,,,,,2026-02-25 22:26:00
,,,2.9,8.0,6.3,333.0,,,6.4,,,,,2026-02-25 22:56:00
,,,3.0,8.0,6.3,330.0,,,6.4,,,,,2026-02-25 23:26:00
,,,3.1,8.0,6.7,327.0,,,6.4,,,,,2026-02-25 23:56:00
,,,3.1,9.0,6.8,323.0,,,6.4,,,,,2026-02-26 00:26:00
,,,3.0,10.0,6.8,334.0,,,6.4,,,,,2026-02-26 00:56:00
,,,3.0,9.0,6.7,316.0,,,6.4,,,,,2026-02-26 01:26:00
,,,3.0,9.0,6.8,315.0,,,6.4,,,,,2026-02-26 01:56:00
,,,3.0,10.0,6.8,329.0,,,6.4,,,,,2026-02-26 02:26:00
,,,3.0,10.0,7.0,310.0,,,6.4,,,,,2026-02-26 02:56:00
,,,3.0,11.0,7.2,316.0,,,6.4,,,,,2026-02-26 03:26:00
,,,3.0,11.0,7.3,326.0,,,6.4,,,,,2026-02-26 03:56:00
,,,3.0,10.0,7.3,309.0,,,6.4,,,,,2026-02-26 04:26:00
,,,3.3,10.0,8.0,317.0,,,6.4,,,,,2026-02-26 04:56:00
,,,3.3,10.0,7.8,322.0,,,6.4,,,,,2026-02-26 05:26:00
,,,3.2,10.0,7.7,322.0,,,6.4,,,,,2026-02-26 05:56:00
,,,3.0,10.0,7.5,329.0,,,6.4,,,,,2026-02-26 06:26:00
,,,2.9,9.0,7.3,322.0,,,6.4,,,,,2026-02-26 06:56:00
,,,3.0,10.0,7.5,327.0,,,6.5,,,,,2026-02-26 07:26:00
,,,3.3,11.0,7.6,338.0,,,6.5,,,,,2026-02-26 07:56:00
,,,3.4,11.0,8.0,341.0,,,6.5,,,,,2026-02-26 08:26:00
,,,3.7,11.0,8.1,347.0,,,6.5,,,,,2026-02-26 08:56:00
,,,3.4,11.0,7.8,348.0,,,6.5,,,,,2026-02-26 09:26:00
,,,3.7,9.0,7.9,333.0,,,6.5,,,,,2026-02-26 09:56:00
,,,3.8,11.0,8.1,345.0,,,6.4,,,,,2026-02-26 10:26:00
,,,4.3,11.0,8.5,343.0,,,6.4,,,,,2026-02-26 10:56:00
,,,3.9,11.0,8.1,347.0,,,6.3,,,,,2026-02-26 11:26:00
,,,4.3,11.0,8.3,341.0,,,6.3,,,,,2026-02-26 11:56:00
,,,4.1,11.0,8.4,340.0,,,6.3,,,,,2026-02-26 12:26:00
,,,4.4,12.0,8.8,343.0,,,6.3,,,,,2026-02-26 12:56:00
,,,4.4,12.0,8.6,338.0,,,6.3,,,,,2026-02-26 13:26:00
,,,4.3,13.0,8.9,343.0,,,6.3,,,,,2026-02-26 13:56:00
,,,4.0,13.0,8.8,334.0,,,6.3,,,,,2026-02-26 14:26:00
,,,4.3,13.0,9.2,338.0,,,6.3,,,,,2026-02-26 14:56:00
,,,4.2,13.0,9.7,338.0,,,6.3,,,,,2026-02-26 15:26:00
,,,3.9,13.0,9.2,336.0,,,6.3,,,,,2026-02-26 15:56:00
,,,3.9,14.0,9.6,343.0,,,6.3,,,,,2026-02-26 16:26:00
,,,4.0,14.0,10.0,341.0,,,6.3,,,,,2026-02-26 16:56:00
,,,4.1,13.0,10.0,336.0,,,6.3,,,,,2026-02-26 17:26:00
,,,3.9,14.0,10.0,337.0,,,6.3,,,,,2026-02-26 17:56:00
,,,4.3,13.0,10.5,333.0,,,6.3,,,,,2026-02-26 18:26:00
,,,4.2,14.0,10.4,344.0,,,6.4,,,,,2026-02-26 18:56:00
,,,3.9,13.0,10.0,337.0,,,6.4,,,,,2026-02-26 19:26:00
,,,4.2,13.0,10.3,340.0,,,6.5,,,,,2026-02-26 19:56:00
,,,4.0,13.0,10.1,343.0,,,6.5,,,,,2026-02-26 20:26:00
,,,4.0,13.0,10.1,343.0,,,6.5,,,,,2026-02-26 20:56:00
,,,4.3,13.0,10.2,336.0,,,6.5,,,,,2026-02-26 21:26:00
,,,4.4,13.0,10.2,343.0,,,6.5,,,,,2026-02-26 21:56:00
,,,4.4,14.0,10.3,345.0,,,6.6,,,,,2026-02-26 22:26:00
,,,4.4,12.0,10.0,341.0,,,6.6,,,,,2026-02-26 22:56:00
,,,4.6,13.0,10.1,344.0,,,6.5,,,,,2026-02-26 23:26:00
,,,4.7,13.0,10.2,345.0,,,6.5,,,,,2026-02-26 23:56:00
,,,4.5,13.0,9.4,350.0,,,6.5,,,,,2026-02-27 00:26:00
,,,4.6,13.0,9.7,350.0,,,6.5,,,,,2026-02-27 00:56:00
,,,4.7,12.0,9.6,347.0,,,6.4,,,,,2026-02-27 01:26:00
,,,4.5,12.0,9.4,340.0,,,6.4,,,,,2026-02-27 01:56:00
,,,4.3,13.0,8.9,336.0,,,6.4,,,,,2026-02-27 02:26:00
,,,4.4,13.0,8.9,344.0,,,6.3,,,,,2026-02-27 02:56:00
,,,4.0,12.0,8.8,340.0,,,6.4,,,,,2026-02-27 03:26:00
,,,3.8,12.0,8.5,333.0,,,6.4,,,,,2026-02-27 03:56:00
,,,4.2,11.0,9.0,333.0,,,6.4,,,,,2026-02-27 04:26:00
,,,4.1,12.0,9.2,330.0,,,6.4,,,,,2026-02-27 04:56:00
,,,3.6,11.0,8.5,330.0,,,6.4,,,,,2026-02-27 05:26:00
,,,3.3,13.0,8.6,340.0,,,6.4,,,,,2026-02-27 05:56:00
,,,3.4,12.0,8.5,327.0,,,6.4,,,,,2026-02-27 06:26:00
,,,3.7,12.0,9.2,331.0,,,6.4,,,,,2026-02-27 06:56:00
,,,3.4,12.0,8.9,331.0,,,6.3,,,,,2026-02-27 07:26:00
,,,3.3,13.0,9.1,336.0,,,6.3,,,,,2026-02-27 07:56:00
,,,3.1,13.0,8.7,333.0,,,6.3,,,,,2026-02-27 08:26:00
,,,3.1,13.0,8.8,330.0,,,6.3,,,,,2026-02-27 08:56:00
,,,3.1,13.0,9.2,327.0,,,6.3,,,,,2026-02-27 09:26:00
,,,3.1,13.0,8.9,337.0,,,6.3,,,,,2026-02-27 09:56:00
,,,2.7,12.0,8.9,324.0,,,6.3,,,,,2026-02-27 10:26:00
,,,2.8,12.0,8.8,331.0,,,6.4,,,,,2026-02-27 10:56:00
,,,2.6,11.0,8.4,336.0,,,6.4,,,,,2026-02-27 11:26:00
,,,3.0,12.0,9.1,331.0,,,6.4,,,,,2026-02-27 11:56:00
,,,3.1,12.0,9.0,327.0,,,6.4,,,,,2026-02-27 12:26:00
,,,3.1,12.0,9.3,338.0,,,6.4,,,,,2026-02-27 12:56:00
,,,2.8,11.0,8.9,327.0,,,6.4,,,,,2026-02-27 13:26:00
,,,3.0,12.0,9.1,331.0,,,6.4,,,,,2026-02-27 13:56:00
,,,3.0,11.0,9.1,324.0,,,6.4,,,,,2026-02-27 14:26:00
,,,2.8,11.0,8.8,326.0,,,6.5,,,,,2026-02-27 14:56:00
,,,3.0,11.0,8.7,333.0,,,6.5,,,,,2026-02-27 15:26:00
,,,3.0,11.0,8.7,329.0,,,6.5,,,,,2026-02-27 15:56:00
,,,2.6,11.0,8.2,333.0,,,6.4,,,,,2026-02-27 16:26:00
,,,2.9,11.0,8.4,330.0,,,6.4,,,,,2026-02-27 16:56:00
,,,2.9,11.0,8.3,337.0,,,6.4,,,,,2026-02-27 17:26:00
,,,2.7,10.0,8.2,327.0,,,6.4,,,,,2026-02-27 17:56:00
,,,3.1,10.0,8.4,330.0,,,6.4,,,,,2026-02-27 18:26:00
,,,3.0,10.0,8.1,330.0,,,6.4,,,,,2026-02-27 18:56:00
,,,2.7,9.0,7.8,337.0,,,6.4,,,,,2026-02-27 19:26:00
,,,2.8,11.0,8.1,330.0,,,6.3,,,,,2026-02-27 19:56:00
,,,2.6,11.0,7.8,336.0,,,6.4,,,,,2026-02-27 20:26:00
,,,2.6,11.0,7.9,338.0,,,6.4,,,,,2026-02-27 21:26:00
,,,2.4,11.0,7.3,330.0,,,6.5,,,,,2026-02-27 21:56:00
,,,2.4,11.0,7.6,331.0,,,6.5,,,,,2026-02-27 22:26:00
,,,2.3,10.0,7.4,331.0,,,6.5,,,,,2026-02-27 22:56:00
,,,2.4,11.0,7.9,333.0,,,6.5,,,,,2026-02-27 23:26:00
,,,2.2,11.0,7.4,324.0,,,6.5,,,,,2026-02-27 23:56:00
,,,2.1,11.0,7.5,323.0,,,6.5,,,,,2026-02-28 00:26:00
,,,1.9,11.0,7.5,320.0,,,6.4,,,,,2026-02-28 01:26:00
,,,1.9,10.0,7.7,329.0,,,6.4,,,,,2026-02-28 01:56:00
,,,1.8,11.0,7.8,322.0,,,6.4,,,,,2026-02-28 02:26:00
,,,1.8,11.0,7.7,320.0,,,6.4,,,,,2026-02-28 02:56:00
,,,1.8,11.0,7.7,324.0,,,6.4,,,,,2026-02-28 03:26:00
,,,1.9,11.0,7.7,326.0,,,6.6,,,,,2026-02-28 03:56:00
,,,1.8,10.0,7.8,326.0,,,6.5,,,,,2026-02-28 04:26:00
,,,1.8,10.0,7.9,323.0,,,6.5,,,,,2026-02-28 04:56:00
,,,1.7,10.0,7.7,336.0,,,6.5,,,,,2026-02-28 05:26:00
,,,1.6,9.0,7.3,331.0,,,6.6,,,,,2026-02-28 05:56:00
,,,1.6,10.0,7.7,341.0,,,6.6,,,,,2026-02-28 06:26:00
,,,1.7,9.0,7.6,333.0,,,6.5,,,,,2026-02-28 06:56:00
,,,1.5,9.0,7.1,344.0,,,6.5,,,,,2026-02-28 07:26:00
,,,1.7,9.0,7.4,338.0,,,6.5,,,,,2026-02-28 07:56:00
,,,1.5,9.0,7.1,331.0,,,6.5,,,,,2026-02-28 08:26:00
,,,1.7,8.0,7.1,343.0,,,6.5,,,,,2026-02-28 08:56:00
,,,1.5,8.0,6.7,337.0,,,6.5,,,,,2026-02-28 09:26:00
,,,1.6,8.0,6.7,344.0,,,6.5,,,,,2026-02-28 09:56:00
,,,1.4,8.0,6.5,337.0,,,6.4,,,,,2026-02-28 10:26:00
,,,1.6,8.0,6.8,334.0,,,6.4,,,,,2026-02-28 10:56:00
,,,1.5,8.0,6.6,334.0,,,6.4,,,,,2026-02-28 11:26:00
,,,1.6,8.0,6.7,341.0,,,6.4,,,,,2026-02-28 11:56:00
,,,1.4,8.0,6.5,333.0,,,6.4,,,,,2026-02-28 12:26:00
,,,1.3,11.0,6.3,125.0,,,6.4,,,,,2026-02-28 12:56:00
,,,1.4,8.0,6.7,330.0,,,6.4,,,,,2026-02-28 13:26:00
,,,1.3,9.0,6.5,320.0,,,6.4,,,,,2026-02-28 13:56:00
,,,1.3,10.0,6.7,320.0,,,6.4,,,,,2026-02-28 14:26:00
,,,1.3,9.0,6.8,322.0,,,6.4,,,,,2026-02-28 14:56:00
,,,1.3,11.0,7.0,163.0,,,6.4,,,,,2026-02-28 15:26:00
,,,1.1,11.0,6.8,161.0,,,6.4,,,,,2026-02-28 15:56:00
,,,1.2,10.0,7.1,247.0,,,6.4,,,,,2026-02-28 16:26:00
,,,1.1,10.0,6.7,317.0,,,6.4,,,,,2026-02-28 16:56:00
,,,1.1,11.0,6.8,156.0,,,6.4,,,,,2026-02-28 17:26:00
,,,1.2,11.0,7.5,144.0,,,6.5,,,,,2026-02-28 17:56:00
,,,1.3,11.0,7.6,154.0,,,6.5,,,,,2026-02-28 18:26:00
,,,1.1,10.0,6.8,143.0,,,6.5,,,,,2026-02-28 18:56:00
,,,1.1,11.0,6.7,163.0,,,6.5,,,,,2026-02-28 19:26:00
,,,1.3,10.0,7.4,157.0,,,6.5,,,,,2026-02-28 19:56:00
,,,1.2,10.0,6.6,143.0,,,6.5,,,,,2026-02-28 20:26:00
,,,1.2,9.0,6.6,156.0,,,6.5,,,,,2026-02-28 20:56:00
,,,1.3,10.0,6.6,158.0,,,6.5,,,,,2026-02-28 21:26:00
,,,1.4,13.0,6.5,174.0,,,6.5,,,,,2026-02-28 21:56:00
,,,1.4,10.0,6.6,164.0,,,6.5,,,,,2026-02-28 22:26:00
,,,1.3,12.0,6.6,178.0,,,6.5,,,,,2026-02-28 22:56:00
,,,1.5,12.0,6.5,171.0,,,6.5,,,,,2026-02-28 23:56:00
,,,1.4,12.0,6.6,203.0,,,6.5,,,,,2026-03-01 00:26:00
,,,1.4,10.0,6.1,213.0,,,6.5,,,,,2026-03-01 00:56:00
,,,1.4,11.0,6.3,232.0,,,6.4,,,,,2026-03-01 01:26:00
,,,1.5,11.0,6.8,205.0,,,6.4,,,,,2026-03-01 01:56:00
,,,1.6,11.0,7.0,192.0,,,6.4,,,,,2026-03-01 02:26:00
,,,1.6,11.0,7.0,195.0,,,6.4,,,,,2026-03-01 02:56:00
,,,1.5,11.0,6.8,237.0,,,6.4,,,,,2026-03-01 03:26:00
,,,1.7,11.0,7.3,229.0,,,6.4,,,,,2026-03-01 03:56:00
,,,1.7,11.0,7.2,225.0,,,6.4,,,,,2026-03-01 04:26:00
,,,1.8,11.0,7.5,210.0,,,6.4,,,,,2026-03-01 04:56:00
,,,1.8,11.0,7.5,244.0,,,6.4,,,,,2026-03-01 05:26:00
,,,1.8,11.0,7.6,251.0,,,6.4,,,,,2026-03-01 05:56:00
,,,1.9,11.0,7.9,208.0,,,6.4,,,,,2026-03-01 06:26:00
,,,1.8,11.0,7.8,201.0,,,6.4,,,,,2026-03-01 06:56:00
,,,2.0,11.0,8.1,246.0,,,6.4,,,,,2026-03-01 07:26:00
,,,2.0,11.0,8.1,229.0,,,6.4,,,,,2026-03-01 07:56:00
,,,1.9,11.0,7.5,240.0,,,6.4,,,,,2026-03-01 08:26:00
,,,1.8,12.0,7.3,233.0,,,6.4,,,,,2026-03-01 08:56:00
,,,2.2,10.0,8.0,239.0,,,6.4,,,,,2026-03-01 09:26:00
,,,2.1,10.0,7.5,236.0,,,6.5,,,,,2026-03-01 09:56:00
,,,2.1,11.0,7.4,215.0,,,6.5,,,,,2026-03-01 10:26:00
,,,2.1,10.0,7.3,240.0,,,6.5,,,,,2026-03-01 10:56:00
,,,2.0,10.0,7.2,219.0,,,6.5,,,,,2026-03-01 11:26:00
,,,2.1,11.0,7.4,210.0,,,6.5,,,,,2026-03-01 11:56:00
,,,2.3,10.0,7.3,229.0,,,6.5,,,,,2026-03-01 12:26:00
,,,2.1,11.0,7.3,223.0,,,6.5,,,,,2026-03-01 12:56:00
,,,2.2,10.0,7.2,216.0,,,6.5,,,,,2026-03-01 13:26:00
,,,2.2,11.0,7.3,196.0,,,6.5,,,,,2026-03-01 13:56:00
,,,2.0,11.0,6.9,203.0,,,6.5,,,,,2026-03-01 14:26:00
,,,2.0,10.0,6.9,191.0,,,6.5,,,,,2026-03-01 14:56:00
,,,2.0,11.0,6.5,168.0,,,6.5,,,,,2026-03-01 15:26:00
,,,2.0,10.0,6.8,192.0,,,6.5,,,,,2026-03-01 15:56:00
,,,1.9,11.0,6.6,198.0,,,6.4,,,,,2026-03-01 16:26:00
,,,2.0,11.0,6.8,164.0,,,6.4,,,,,2026-03-01 16:56:00
,,,2.0,10.0,6.4,241.0,,,6.3,,,,,2026-03-01 17:26:00
,,,2.0,10.0,6.6,219.0,,,6.3,,,,,2026-03-01 17:56:00
