WDIR,WSPD,GST,WVHT,DPD,APD,MWD,PRES,ATMP,WTMP,DEWP,VIS,PTDY,TIDE,datetime
,,,1.5,11,6.5,272.0,,,13.1,,,,,2026-10-08 20:56:00
,,,1.6,13,6.7,265.0,,,13.1,,,,,2026-10-08 20:26:00
,,,1.7,10,6.8,274.0,,,13.0,,,,,2026-10-08 19:56:00
,,,1.7,12,7.0,239.0,,,13.0,,,,,2026-10-08 19:26:00
,,,1.7,11,6.8,270.0,,,13.0,,,,,2026-10-08 18:56:00
,,,1.8,11,7.2,267.0,,,13.0,,,,,2026-10-08 18:26:00
,,,1.9,11,7.2,278.0,,,13.0,,,,,2026-10-08 17:56:00
,,,1.7,11,6.6,251.0,,,13.0,,,,,2026-10-08 17:26:00
,,,1.8,9,6.7,282.0,,,13.0,,,,,2026-10-08 16:56:00
,,,1.9,10,7.1,272.0,,,13.0,,,,,2026-10-08 16:26:00
,,,1.7,12,7.0,279.0,,,13.0,,,,,2026-10-08 15:56:00
,,,1.8,11,7.2,278.0,,,13.0,,,,,2026-10-08 15:26:00
,,,1.8,12,7.6,271.0,,,13.0,,,,,2026-10-08 14:56:00
,,,1.9,10,7.8,271.0,,,13.0,,,,,2026-10-08 14:26:00
,,,1.8,10,8.0,274.0,,,13.0,,,,,2026-10-08 13:56:00
,,,1.8,11,7.8,271.0,,,13.0,,,,,2026-10-08 13:26:00
,,,1.6,12,7.4,267.0,,,13.0,,,,,2026-10-08 12:56:00
,,,1.7,11,7.5,278.0,,,13.0,,,,,2026-10-08 12:26:00
,,,1.8,12,7.5,268.0,,,13.0,,,,,2026-10-08 11:56:00
,,,1.8,12,7.4,265.0,,,13.0,,,,,2026-10-08 11:26:00
,,,1.7,13,7.2,251.0,,,13.0,,,,,2026-10-08 10:56:00
,,,1.7,13,6.9,277.0,,,13.0,,,,,2026-10-08 10:26:00
,,,1.8,12,7.3,250.0,,,13.0,,,,,2026-10-08 09:56:00
,,,1.9,13,7.2,274.0,,,13.1,,,,,2026-10-08 09:26:00
,,,2.0,13,,,,,13.1,,,,,2026-10-08 08:26:00
,,,2.0,13,,,,,13.1,,,,,2026-10-08 07:56:00
,,,2.1,13,,,,,13.1,,,,,2026-10-08 06:26:00
,,,2.1,13,,,,,13.1,,,,,2026-10-08 05:56:00
,,,2.3,11,,,,,13.1,,,,,2026-10-08 05:26:00
,,,2.4,13,6.6,270.0,,,13.1,,,,,2026-10-08 04:56:00
,,,2.5,10,6.7,274.0,,,13.1,,,,,2026-10-08 04:26:00
,,,2.4,11,6.3,248.0,,,13.1,,,,,2026-10-08 03:56:00
,,,2.4,13,6.4,265.0,,,13.1,,,,,2026-10-08 03:26:00
,,,2.7,13,6.7,272.0,,,13.1,,,,,2026-10-08 02:56:00
,,,2.7,11,6.8,275.0,,,13.1,,,,,2026-10-08 02:26:00
,,,2.5,11,6.8,265.0,,,13.1,,,,,2026-10-08 01:56:00
,,,2.4,11,6.6,274.0,,,13.1,,,,,2026-10-08 01:26:00
,,,2.3,11,6.5,274.0,,,13.1,,,,,2026-10-08 00:56:00
,,,2.2,11,6.4,271.0,,,13.1,,,,,2026-10-08 00:26:00
,,,2.1,10,6.5,288.0,,,13.1,,,,,2026-10-07 23:56:00
,,,2.2,13,7.0,271.0,,,13.1,,,,,2026-10-07 23:26:00
,,,2.1,11,6.8,278.0,,,13.1,,,,,2026-10-07 22:56:00
,,,2.1,11,7.0,278.0,,,13.1,,,,,2026-10-07 22:26:00
,,,2.1,11,7.6,281.0,,,13.1,,,,,2026-10-07 21:56:00
,,,2.1,11,8.3,279.0,,,13.1,,,,,2026-10-07 21:26:00
,,,2.0,12,8.4,279.0,,,13.1,,,,,2026-10-07 20:56:00
,,,1.9,11,8.4,278.0,,,13.1,,,,,2026-10-07 20:26:00
,,,2.1,13,8.9,282.0,,,13.1,,,,,2026-10-07 19:56:00
,,,2.2,13,9.2,284.0,,,13.1,,,,,2026-10-07 19:26:00
,,,2.2,13,9.1,284.0,,,13.1,,,,,2026-10-07 18:56:00
,,,2.1,13,8.9,274.0,,,13.1,,,,,2026-10-07 18:26:00
,,,2.1,11,8.8,268.0,,,13.1,,,,,2026-10-07 17:56:00
,,,2.2,13,9.1,264.0,,,13.1,,,,,2026-10-07 17:26:00
,,,2.2,13,9.0,260.0,,,13.1,,,,,2026-10-07 16:56:00
,,,2.3,13,9.1,267.0,,,13.1,,,,,2026-10-07 16:26:00
,,,2.4,13,9.1,271.0,,,13.1,,,,,2026-10-07 15:56:00
,,,2.2,12,8.8,267.0,,,13.1,,,,,2026-10-07 15:26:00
,,,2.4,12,9.0,272.0,,,13.1,,,,,2026-10-07 14:56:00
,,,2.5,12,8.9,267.0,,,13.1,,,,,2026-10-07 14:26:00
,,,2.5,13,8.9,271.0,,,13.1,,,,,2026-10-07 13:56:00
,,,2.5,14,9.0,272.0,,,13.1,,,,,2026-10-07 13:26:00
,,,2.7,14,9.0,270.0,,,13.1,,,,,2026-10-07 12:56:00
,,,2.5,11,8.4,279.0,,,13.1,,,,,2026-10-07 12:26:00
,,,2.6,14,8.7,265.0,,,13.1,,,,,2026-10-07 11:56:00
,,,2.5,13,8.7,277.0,,,13.1,,,,,2026-10-07 11:26:00
,,,2.8,14,9.0,279.0,,,13.1,,,,,2026-10-07 10:56:00
,,,2.9,11,9.3,278.0,,,13.1,,,,,2026-10-07 10:26:00
,,,2.8,13,8.8,285.0,,,13.1,,,,,2026-10-07 09:56:00
,,,2.9,13,9.1,278.0,,,13.1,,,,,2026-10-07 09:26:00
,,,2.7,11,8.8,282.0,,,13.1,,,,,2026-10-07 08:56:00
,,,2.6,11,8.8,289.0,,,13.1,,,,,2026-10-07 08:26:00
,,,2.6,11,8.6,278.0,,,13.1,,,,,2026-10-07 07:56:00
,,,2.6,11,9.0,285.0,,,13.2,,,,,2026-10-07 07:26:00
,,,2.6,13,9.0,278.0,,,13.2,,,,,2026-10-07 06:56:00
,,,2.8,13,9.4,281.0,,,13.2,,,,,2026-10-07 06:26:00
,,,2.9,11,9.1,281.0,,,13.2,,,,,2026-10-07 05:56:00
,,,2.9,10,9.1,285.0,,,13.2,,,,,2026-10-07 05:26:00
,,,3.0,11,9.4,279.0,,,13.2,,,,,2026-10-07 04:56:00
,,,3.1,14,9.8,274.0,,,13.2,,,,,2026-10-07 04:26:00
,,,2.8,13,9.4,271.0,,,13.2,,,,,2026-10-07 03:56:00
,,,3.0,13,9.5,263.0,,,13.2,,,,,2026-10-07 03:26:00
,,,3.1,14,9.8,272.0,,,13.2,,,,,2026-10-07 02:56:00
,,,3.1,14,9.6,267.0,,,13.2,,,,,2026-10-07 02:26:00
,,,3.0,13,9.5,268.0,,,13.2,,,,,2026-10-07 01:56:00
,,,2.8,13,9.1,261.0,,,13.2,,,,,2026-10-07 01:26:00
,,,3.0,13,9.6,267.0,,,13.2,,,,,2026-10-07 00:56:00
,,,2.9,13,9.1,277.0,,,13.2,,,,,2026-10-07 00:26:00
,,,3.2,12,9.1,268.0,,,13.2,,,,,2026-10-06 23:56:00
,,,2.9,11,8.5,277.0,,,13.2,,,,,2026-10-06 23:26:00
,,,3.1,13,9.0,270.0,,,13.2,,,,,2026-10-06 22:56:00
,,,3.1,14,8.7,274.0,,,13.2,,,,,2026-10-06 22:26:00
,,,3.3,12,8.8,268.0,,,13.2,,,,,2026-10-06 21:56:00
,,,3.2,12,8.8,277.0,,,13.1,,,,,2026-10-06 21:26:00
,,,3.4,12,8.7,275.0,,,13.1,,,,,2026-10-06 20:56:00
,,,3.5,13,8.7,271.0,,,13.1,,,,,2026-10-06 20:26:00
,,,3.5,14,8.8,270.0,,,13.1,,,,,2026-10-06 19:56:00
,,,3.5,11,8.3,288.0,,,13.1,,,,,2026-10-06 19:26:00
,,,3.8,13,8.7,282.0,,,13.1,,,,,2026-10-06 18:56:00
,,,3.8,12,8.7,288.0,,,13.0,,,,,2026-10-06 18:26:00
,,,4.1,12,8.8,282.0,,,13.0,,,,,2026-10-06 17:56:00
,,,4.4,11,9.2,293.0,,,13.1,,,,,2026-10-06 17:26:00
,,,4.4,11,9.2,288.0,,,13.1,,,,,2026-10-06 16:56:00
,,,4.6,13,9.5,284.0,,,13.1,,,,,2026-10-06 16:26:00
,,,4.8,13,9.8,289.0,,,13.0,,,,,2026-10-06 15:56:00
,,,4.3,13,9.8,291.0,,,13.1,,,,,2026-10-06 15:26:00
,,,4.8,12,10.0,293.0,,,13.0,,,,,2026-10-06 14:56:00
,,,4.8,13,10.2,288.0,,,13.0,,,,,2026-10-06 14:26:00
,,,4.3,12,9.8,292.0,,,13.0,,,,,2026-10-06 13:56:00
,,,4.0,13,9.5,292.0,,,13.0,,,,,2026-10-06 13:26:00
,,,3.8,13,9.3,285.0,,,13.0,,,,,2026-10-06 12:56:00
,,,3.5,12,8.7,275.0,,,13.1,,,,,2026-10-06 08:56:00
,,,3.4,13,8.1,272.0,,,13.1,,,,,2026-10-06 08:26:00
,,,3.4,13,8.1,274.0,,,13.1,,,,,2026-10-06 07:56:00
,,,3.4,12,7.9,268.0,,,13.1,,,,,2026-10-06 07:26:00
,,,3.4,13,7.8,274.0,,,13.1,,,,,2026-10-06 06:56:00
,,,3.7,12,7.7,286.0,,,13.1,,,,,2026-10-06 06:26:00
,,,3.6,11,7.6,272.0,,,13.1,,,,,2026-10-06 05:56:00
,,,3.9,11,8.0,288.0,,,13.1,,,,,2026-10-06 05:26:00
,,,3.9,10,7.8,286.0,,,13.1,,,,,2026-10-06 04:56:00
,,,3.9,10,7.5,279.0,,,13.1,,,,,2026-10-06 04:26:00
,,,4.1,10,7.5,278.0,,,13.2,,,,,2026-10-06 03:56:00
,,,4.1,11,7.7,288.0,,,13.2,,,,,2026-10-06 03:26:00
,,,3.8,11,7.6,282.0,,,13.2,,,,,2026-10-06 02:56:00
,,,3.7,10,7.4,286.0,,,13.2,,,,,2026-10-06 02:26:00
,,,3.5,11,7.3,289.0,,,13.2,,,,,2026-10-06 01:56:00
,,,3.5,11,7.2,284.0,,,13.1,,,,,2026-10-06 01:26:00
,,,3.5,11,7.4,285.0,,,13.1,,,,,2026-10-06 00:56:00
,,,3.7,11,7.8,282.0,,,13.1,,,,,2026-10-06 00:26:00
,,,3.1,9,7.1,281.0,,,13.1,,,,,2026-10-05 23:56:00
,,,3.2,10,7.3,278.0,,,13.1,,,,,2026-10-05 23:26:00
,,,3.5,11,7.3,279.0,,,13.1,,,,,2026-10-05 22:56:00
,,,3.2,10,7.4,277.0,,,13.1,,,,,2026-10-05 22:26:00
,,,2.9,9,6.8,272.0,,,13.1,,,,,2026-10-05 21:56:00
,,,2.9,10,6.8,275.0,,,13.1,,,,,2026-10-05 21:26:00
,,,2.9,11,6.7,270.0,,,13.1,,,,,2026-10-05 20:56:00
,,,2.8,10,6.9,258.0,,,13.1,,,,,2026-10-05 20:26:00
,,,2.7,9,6.6,260.0,,,13.1,,,,,2026-10-05 19:56:00
,,,2.9,11,6.8,264.0,,,13.1,,,,,2026-10-05 19:26:00
,,,2.7,11,6.9,263.0,,,13.1,,,,,2026-10-05 18:56:00
,,,2.7,11,6.7,258.0,,,13.1,,,,,2026-10-05 18:26:00
,,,3.1,8,6.9,264.0,,,13.1,,,,,2026-10-05 17:56:00
,,,2.7,8,6.7,265.0,,,13.1,,,,,2026-10-05 17:26:00
,,,3.0,10,6.6,258.0,,,13.1,,,,,2026-10-05 16:56:00
,,,3.1,10,6.9,267.0,,,13.1,,,,,2026-10-05 15:56:00
,,,3.2,10,7.0,271.0,,,13.2,,,,,2026-10-05 15:26:00
,,,3.2,11,6.9,278.0,,,13.3,,,,,2026-10-05 14:56:00
,,,3.3,9,7.0,268.0,,,13.3,,,,,2026-10-05 14:26:00
,,,3.5,11,7.2,274.0,,,13.3,,,,,2026-10-05 13:56:00
,,,3.3,9,7.0,267.0,,,13.3,,,,,2026-10-05 13:26:00
,,,3.3,11,7.0,282.0,,,13.3,,,,,2026-10-05 12:56:00
,,,3.3,10,7.2,274.0,,,13.3,,,,,2026-10-05 12:26:00
,,,3.3,11,7.1,278.0,,,13.2,,,,,2026-10-05 11:56:00
,,,3.0,11,7.0,279.0,,,13.2,,,,,2026-10-05 11:26:00
,,,3.1,11,6.9,277.0,,,13.1,,,,,2026-10-05 10:56:00
,,,3.1,11,6.9,271.0,,,13.1,,,,,2026-10-05 10:26:00
,,,2.9,11,6.8,263.0,,,13.1,,,,,2026-10-05 09:56:00
,,,2.9,11,6.8,265.0,,,13.1,,,,,2026-10-05 09:26:00
,,,2.8,11,6.7,270.0,,,13.1,,,,,2026-10-05 08:56:00
,,,2.8,11,7.0,260.0,,,13.1,,,,,2026-10-05 08:26:00
,,,2.9,12,7.0,267.0,,,13.1,,,,,2026-10-05 07:56:00
,,,2.7,8,6.8,248.0,,,13.1,,,,,2026-10-05 07:26:00
,,,2.7,11,7.1,254.0,,,13.1,,,,,2026-10-05 06:56:00
,,,2.7,8,7.0,222.0,,,13.1,,,,,2026-10-05 06:26:00
,,,2.9,13,7.5,254.0,,,13.1,,,,,2026-10-05 05:56:00
,,,2.8,8,7.3,257.0,,,13.1,,,,,2026-10-05 05:26:00
,,,2.7,8,7.2,247.0,,,13.1,,,,,2026-10-05 04:56:00
,,,2.9,8,7.3,244.0,,,13.1,,,,,2026-10-05 04:26:00
,,,2.8,13,7.2,251.0,,,13.1,,,,,2026-10-05 03:56:00
,,,2.8,8,7.1,236.0,,,13.1,,,,,2026-10-05 03:26:00
,,,2.6,7,6.9,223.0,,,13.1,,,,,2026-10-05 02:56:00
,,,2.5,7,6.9,215.0,,,13.2,,,,,2026-10-05 02:26:00
,,,2.6,7,6.8,237.0,,,13.2,,,,,2026-10-05 01:56:00
,,,2.9,10,7.0,251.0,,,13.2,,,,,2026-10-05 01:26:00
,,,2.8,8,6.9,232.0,,,13.2,,,,,2026-10-05 00:56:00
,,,2.8,8,6.5,232.0,,,13.3,,,,,2026-10-05 00:26:00
,,,2.8,8,6.5,237.0,,,13.3,,,,,2026-10-04 23:56:00
,,,3.0,7,6.5,218.0,,,13.3,,,,,2026-10-04 23:26:00
,,,2.9,8,6.5,234.0,,,13.3,,,,,2026-10-04 22:56:00
,,,3.0,7,6.3,222.0,,,13.3,,,,,2026-10-04 22:26:00
,,,2.9,7,6.2,229.0,,,13.3,,,,,2026-10-04 21:56:00
,,,3.0,8,6.1,219.0,,,13.2,,,,,2026-10-04 21:26:00
,,,2.6,9,5.9,263.0,,,13.2,,,,,2026-10-04 20:56:00
,,,2.6,6,5.9,232.0,,,13.2,,,,,2026-10-04 20:26:00
,,,2.6,6,5.8,232.0,,,13.2,,,,,2026-10-04 19:56:00
,,,2.6,8,6.0,223.0,,,13.1,,,,,2026-10-04 19:26:00
,,,2.5,8,5.9,229.0,,,13.1,,,,,2026-10-04 18:56:00
,,,2.5,7,5.8,208.0,,,13.1,,,,,2026-10-04 18:26:00
,,,2.5,8,5.9,206.0,,,13.1,,,,,2026-10-04 17:56:00
,,,2.4,10,5.7,261.0,,,13.1,,,,,2026-10-04 17:26:00
,,,2.4,11,6.0,265.0,,,13.1,,,,,2026-10-04 16:56:00
,,,2.3,11,6.1,264.0,,,13.1,,,,,2026-10-04 16:26:00
,,,2.3,10,5.8,264.0,,,13.1,,,,,2026-10-04 15:56:00
,,,2.2,11,6.1,257.0,,,13.1,,,,,2026-10-04 15:26:00
,,,2.2,11,6.1,261.0,,,13.1,,,,,2026-10-04 14:56:00
,,,2.2,11,6.2,248.0,,,13.1,,,,,2026-10-04 14:26:00
,,,2.1,10,6.1,253.0,,,13.1,,,,,2026-10-04 13:56:00
,,,2.1,11,6.3,264.0,,,13.1,,,,,2026-10-04 13:26:00
,,,2.2,11,6.6,257.0,,,13.1,,,,,2026-10-04 12:56:00
,,,2.1,10,6.5,248.0,,,13.1,,,,,2026-10-04 12:26:00
,,,2.3,12,6.6,260.0,,,13.1,,,,,2026-10-04 11:56:00
,,,2.4,12,6.7,253.0,,,13.1,,,,,2026-10-04 11:26:00
,,,2.2,10,6.7,241.0,,,13.1,,,,,2026-10-04 10:56:00
,,,2.2,10,6.9,261.0,,,13.1,,,,,2026-10-04 10:26:00
,,,2.3,11,7.0,251.0,,,13.1,,,,,2026-10-04 09:56:00
,,,2.3,11,7.1,258.0,,,13.1,,,,,2026-10-04 09:26:00
,,,2.3,11,7.1,255.0,,,13.1,,,,,2026-10-04 08:56:00
,,,2.3,11,7.2,258.0,,,13.1,,,,,2026-10-04 08:26:00
,,,2.3,11,7.5,257.0,,,13.2,,,,,2026-10-04 07:56:00
,,,2.4,10,7.5,264.0,,,13.2,,,,,2026-10-04 07:26:00
,,,2.3,10,7.5,272.0,,,13.2,,,,,2026-10-04 06:56:00
,,,2.5,10,7.6,264.0,,,13.2,,,,,2026-10-04 06:26:00
,,,2.3,9,7.3,263.0,,,13.2,,,,,2026-10-04 05:56:00
,,,2.4,11,7.5,260.0,,,13.2,,,,,2026-10-04 05:26:00
,,,2.5,10,7.6,267.0,,,13.2,,,,,2026-10-04 04:56:00
,,,2.5,10,7.5,268.0,,,13.2,,,,,2026-10-04 04:26:00
,,,2.5,10,7.4,272.0,,,13.2,,,,,2026-10-04 03:56:00
,,,2.4,10,7.1,277.0,,,13.2,,,,,2026-10-04 03:26:00
,,,2.6,11,7.5,263.0,,,13.2,,,,,2026-10-04 02:56:00
,,,2.6,11,7.4,268.0,,,13.2,,,,,2026-10-04 02:26:00
,,,2.5,11,7.5,265.0,,,13.2,,,,,2026-10-04 01:56:00
,,,2.5,11,7.6,268.0,,,13.2,,,,,2026-10-04 01:26:00
,,,2.8,11,7.5,253.0,,,13.1,,,,,2026-10-03 20:56:00
,,,2.6,10,7.4,258.0,,,13.1,,,,,2026-10-03 20:26:00
,,,2.6,12,7.2,243.0,,,13.1,,,,,2026-10-03 19:56:00
,,,2.5,12,7.1,254.0,,,13.1,,,,,2026-10-03 19:26:00
,,,2.6,11,7.3,250.0,,,13.1,,,,,2026-10-03 18:56:00
,,,2.8,13,7.7,260.0,,,13.1,,,,,2026-10-03 18:26:00
,,,2.7,13,7.5,254.0,,,13.1,,,,,2026-10-03 17:56:00
,,,2.7,12,7.8,250.0,,,13.2,,,,,2026-10-03 17:26:00
,,,2.8,12,7.7,264.0,,,13.2,,,,,2026-10-03 16:56:00
,,,2.9,10,7.9,265.0,,,13.3,,,,,2026-10-03 16:26:00
,,,2.9,11,7.9,253.0,,,13.3,,,,,2026-10-03 15:56:00
,,,3.2,11,7.9,263.0,,,13.3,,,,,2026-10-03 15:26:00
,,,3.5,11,8.3,255.0,,,13.3,,,,,2026-10-03 14:56:00
,,,3.5,11,8.3,257.0,,,13.2,,,,,2026-10-03 14:26:00
,,,3.7,11,8.2,263.0,,,13.2,,,,,2026-10-03 13:56:00
,,,3.6,11,8.1,260.0,,,13.2,,,,,2026-10-03 13:26:00
,,,3.8,11,8.2,265.0,,,13.2,,,,,2026-10-03 12:56:00
,,,3.6,11,8.0,268.0,,,13.2,,,,,2026-10-03 12:26:00
,,,3.5,11,7.9,260.0,,,13.2,,,,,2026-10-03 11:56:00
,,,3.8,11,8.3,261.0,,,13.2,,,,,2026-10-03 11:26:00
,,,3.5,11,7.8,263.0,,,13.1,,,,,2026-10-03 10:56:00
,,,3.3,11,7.8,258.0,,,13.1,,,,,2026-10-03 10:26:00
,,,3.2,11,7.5,257.0,,,13.1,,,,,2026-10-03 09:56:00
,,,3.1,12,7.5,258.0,,,13.1,,,,,2026-10-03 09:26:00
,,,3.3,11,8.0,263.0,,,13.1,,,,,2026-10-03 08:56:00
,,,3.0,11,7.4,257.0,,,13.1,,,,,2026-10-03 08:26:00
,,,3.1,12,7.6,263.0,,,13.1,,,,,2026-10-03 07:56:00
,,,3.1,12,7.5,261.0,,,13.1,,,,,2026-10-03 07:26:00
,,,3.0,11,7.5,257.0,,,13.1,,,,,2026-10-03 06:56:00
,,,3.2,12,7.3,257.0,,,13.1,,,,,2026-10-03 06:26:00
,,,3.4,12,7.8,254.0,,,13.1,,,,,2026-10-03 05:56:00
,,,3.5,11,7.9,250.0,,,13.1,,,,,2026-10-03 05:26:00
,,,3.3,12,7.7,246.0,,,13.1,,,,,2026-10-03 04:56:00
,,,3.2,13,7.6,254.0,,,13.1,,,,,2026-10-03 04:26:00
,,,3.3,12,7.7,250.0,,,13.1,,,,,2026-10-03 03:56:00
,,,3.4,13,7.6,253.0,,,13.1,,,,,2026-10-03 03:26:00
,,,3.5,11,7.4,254.0,,,13.2,,,,,2026-10-03 02:56:00
,,,3.6,13,7.8,253.0,,,13.2,,,,,2026-10-03 02:26:00
,,,3.5,13,7.7,255.0,,,13.2,,,,,2026-10-03 01:56:00
,,,3.4,11,7.6,253.0,,,13.2,,,,,2026-10-03 01:26:00
,,,3.4,12,7.4,254.0,,,13.2,,,,,2026-10-03 00:56:00
,,,3.5,11,7.6,257.0,,,13.2,,,,,2026-10-03 00:26:00
,,,3.5,12,7.4,253.0,,,13.2,,,,,2026-10-02 23:56:00
,,,3.2,11,7.0,257.0,,,13.2,,,,,2026-10-02 23:26:00
,,,3.4,11,7.0,260.0,,,13.2,,,,,2026-10-02 22:56:00
,,,3.0,10,6.8,260.0,,,13.2,,,,,2026-10-02 22:26:00
,,,3.0,8,6.6,230.0,,,13.2,,,,,2026-10-02 21:56:00
,,,2.7,8,6.0,253.0,,,13.1,,,,,2026-10-02 21:26:00
,,,2.6,8,5.8,240.0,,,13.1,,,,,2026-10-02 20:56:00
,,,2.7,7,5.6,233.0,,,13.1,,,,,2026-10-02 20:26:00
,,,2.7,7,5.7,236.0,,,13.1,,,,,2026-10-02 19:56:00
,,,2.4,6,5.4,198.0,,,13.1,,,,,2026-10-02 19:26:00
,,,2.2,7,5.2,243.0,,,13.2,,,,,2026-10-02 18:56:00
,,,2.2,6,5.2,185.0,,,13.2,,,,,2026-10-02 18:26:00
,,,2.3,7,5.3,240.0,,,13.2,,,,,2026-10-02 17:56:00
,,,2.0,7,5.3,143.0,,,13.2,,,,,2026-10-02 17:26:00
,,,2.1,6,5.3,215.0,,,13.2,,,,,2026-10-02 16:56:00
,,,2.0,6,5.2,198.0,,,13.2,,,,,2026-10-02 16:26:00
,,,2.0,6,5.3,209.0,,,13.2,,,,,2026-10-02 15:56:00
,,,2.0,5,5.4,189.0,,,13.1,,,,,2026-10-02 15:26:00
,,,2.0,8,5.5,108.0,,,13.1,,,,,2026-10-02 14:56:00
,,,2.0,8,5.4,113.0,,,13.1,,,,,2026-10-02 14:26:00
,,,1.7,6,5.3,208.0,,,13.1,,,,,2026-10-02 13:56:00
,,,1.8,5,5.2,185.0,,,13.1,,,,,2026-10-02 13:26:00
,,,1.7,5,5.2,192.0,,,13.1,,,,,2026-10-02 12:56:00
,,,1.7,5,5.3,184.0,,,13.2,,,,,2026-10-02 12:26:00
,,,1.7,5,5.4,184.0,,,13.2,,,,,2026-10-02 11:56:00
,,,1.7,5,5.3,175.0,,,13.2,,,,,2026-10-02 11:26:00
,,,1.7,5,5.3,184.0,,,13.2,,,,,2026-10-02 10:56:00
,,,1.8,8,5.3,116.0,,,13.2,,,,,2026-10-02 10:26:00
,,,1.6,13,5.3,165.0,,,13.2,,,,,2026-10-02 09:56:00
,,,1.6,7,5.4,108.0,,,13.2,,,,,2026-10-02 09:26:00
,,,1.6,8,5.5,112.0,,,13.2,,,,,2026-10-02 08:56:00
,,,1.6,6,5.4,118.0,,,13.2,,,,,2026-10-02 08:26:00
,,,1.5,7,5.3,308.0,,,13.2,,,,,2026-10-02 07:56:00
,,,1.6,8,5.6,119.0,,,13.2,,,,,2026-10-02 07:26:00
,,,1.6,8,5.8,119.0,,,13.2,,,,,2026-10-02 06:56:00
,,,1.6,6,5.8,118.0,,,13.2,,,,,2026-10-02 06:26:00
,,,1.5,8,5.8,119.0,,,13.2,,,,,2026-10-02 05:56:00
,,,1.5,7,5.8,116.0,,,13.2,,,,,2026-10-02 05:26:00
,,,1.5,7,5.9,99.0,,,13.2,,,,,2026-10-02 04:56:00
,,,1.6,7,6.2,140.0,,,13.2,,,,,2026-10-02 04:26:00
,,,1.6,7,6.3,119.0,,,13.2,,,,,2026-10-02 03:56:00
,,,1.5,7,6.3,128.0,,,13.2,,,,,2026-10-02 03:26:00
,,,1.6,7,6.3,132.0,,,13.2,,,,,2026-10-02 02:56:00
,,,1.5,7,6.3,139.0,,,13.2,,,,,2026-10-02 02:26:00
,,,1.5,7,6.3,257.0,,,13.2,,,,,2026-10-02 01:56:00
,,,1.5,8,6.5,123.0,,,13.3,,,,,2026-10-02 01:26:00
,,,1.4,8,6.3,136.0,,,13.3,,,,,2026-10-02 00:56:00
,,,1.4,8,6.4,135.0,,,13.3,,,,,2026-10-02 00:26:00
,,,1.4,8,6.7,115.0,,,13.3,,,,,2026-10-01 23:56:00
,,,1.4,8,6.8,113.0,,,13.3,,,,,2026-10-01 23:26:00
,,,1.5,7,6.9,164.0,,,13.3,,,,,2026-10-01 22:56:00
,,,1.4,8,6.7,216.0,,,13.3,,,,,2026-10-01 22:26:00
,,,1.5,8,6.8,258.0,,,13.3,,,,,2026-10-01 21:56:00
,,,1.5,8,6.6,146.0,,,13.3,,,,,2026-10-01 21:26:00
,,,1.5,8,6.5,288.0,,,13.3,,,,,2026-10-01 20:56:00
,,,1.6,7,6.8,130.0,,,13.3,,,,,2026-10-01 20:26:00
,,,1.6,7,6.6,306.0,,,13.3,,,,,2026-10-01 19:56:00
,,,1.6,8,6.6,174.0,,,13.2,,,,,2026-10-01 19:26:00
,,,1.7,7,6.5,182.0,,,13.2,,,,,2026-10-01 18:56:00
,,,1.6,7,6.5,181.0,,,13.2,,,,,2026-10-01 18:26:00
,,,1.5,7,6.3,288.0,,,13.2,,,,,2026-10-01 17:56:00
,,,1.5,7,6.5,291.0,,,13.2,,,,,2026-10-01 17:26:00
,,,1.5,7,6.6,299.0,,,13.2,,,,,2026-10-01 16:56:00
,,,1.6,7,6.5,285.0,,,13.2,,,,,2026-10-01 16:26:00
,,,1.4,7,6.4,302.0,,,13.2,,,,,2026-10-01 15:56:00
,,,1.4,7,6.6,303.0,,,13.2,,,,,2026-10-01 15:26:00
,,,1.5,7,6.7,288.0,,,13.2,,,,,2026-10-01 14:56:00
,,,1.4,7,6.5,299.0,,,13.2,,,,,2026-10-01 14:26:00
,,,1.4,8,6.7,295.0,,,13.2,,,,,2026-10-01 13:56:00
,,,1.4,8,6.8,295.0,,,13.2,,,,,2026-10-01 13:26:00
,,,1.3,8,6.9,293.0,,,13.2,,,,,2026-10-01 12:56:00
,,,1.3,8,7.0,286.0,,,13.2,,,,,2026-10-01 12:26:00
,,,1.3,8,7.2,293.0,,,13.2,,,,,2026-10-01 11:56:00
,,,1.2,8,7.1,285.0,,,13.2,,,,,2026-10-01 11:26:00
,,,1.4,8,7.4,296.0,,,13.2,,,,,2026-10-01 10:56:00
,,,1.3,8,7.4,295.0,,,13.2,,,,,2026-10-01 10:26:00
,,,1.3,9,7.4,291.0,,,13.2,,,,,2026-10-01 09:56:00
,,,1.2,8,7.2,295.0,,,13.2,,,,,2026-10-01 09:26:00
,,,1.4,9,7.3,286.0,,,13.2,,,,,2026-10-01 08:56:00
,,,1.3,8,7.2,293.0,,,13.2,,,,,2026-10-01 08:26:00
,,,1.4,8,7.3,289.0,,,13.2,,,,,2026-10-01 07:56:00
,,,1.3,9,7.1,295.0,,,13.2,,,,,2026-10-01 07:26:00
,,,1.4,8,7.1,292.0,,,13.2,,,,,2026-10-01 06:56:00
,,,1.4,8,6.9,296.0,,,13.2,,,,,2026-10-01 06:26:00
,,,1.5,8,7.1,298.0,,,13.2,,,,,2026-10-01 05:56:00
,,,1.5,8,7.1,282.0,,,13.3,,,,,2026-10-01 05:26:00
,,,1.4,8,7.1,295.0,,,13.3,,,,,2026-10-01 04:56:00
,,,1.4,8,7.0,292.0,,,13.3,,,,,2026-10-01 04:26:00
,,,1.5,8,6.9,293.0,,,13.3,,,,,2026-10-01 03:56:00
,,,1.5,8,6.9,288.0,,,13.3,,,,,2026-10-01 03:26:00
,,,1.5,8,6.7,292.0,,,13.3,,,,,2026-10-01 02:56:00
,,,1.7,8,6.9,298.0,,,13.3,,,,,2026-10-01 02:26:00
,,,1.5,8,6.8,295.0,,,13.3,,,,,2026-10-01 01:56:00
,,,1.7,8,6.8,295.0,,,13.3,,,,,2026-10-01 01:26:00
,,,1.6,8,6.8,299.0,,,13.4,,,,,2026-10-01 00:56:00
,,,1.6,8,6.7,296.0,,,13.4,,,,,2026-09-30 23:56:00
,,,1.7,8,7.5,302.0,,,13.3,,,,,2026-09-30 20:56:00
,,,1.5,9,7.1,292.0,,,13.2,,,,,2026-09-30 20:26:00
,,,1.5,8,7.2,295.0,,,13.2,,,,,2026-09-30 19:56:00
,,,1.6,9,7.3,288.0,,,13.2,,,,,2026-09-30 19:26:00
,,,1.6,9,7.5,291.0,,,13.2,,,,,2026-09-30 18:56:00
,,,1.6,9,7.4,292.0,,,13.2,,,,,2026-09-30 18:26:00
,,,1.5,9,7.2,284.0,,,13.2,,,,,2026-09-30 17:56:00
,,,1.6,9,7.3,278.0,,,13.2,,,,,2026-09-30 17:26:00
,,,1.7,9,7.5,286.0,,,13.2,,,,,2026-09-30 16:56:00
,,,1.8,9,7.6,285.0,,,13.2,,,,,2026-09-30 16:26:00
,,,1.7,8,7.5,286.0,,,13.2,,,,,2026-09-30 15:56:00
,,,1.8,9,7.6,284.0,,,13.2,,,,,2026-09-30 15:26:00
,,,1.7,9,7.5,286.0,,,13.2,,,,,2026-09-30 14:56:00
,,,1.8,10,7.5,288.0,,,13.2,,,,,2026-09-30 14:26:00
,,,1.9,10,7.3,286.0,,,13.2,,,,,2026-09-30 13:56:00
,,,1.8,10,7.2,284.0,,,13.2,,,,,2026-09-30 13:26:00
,,,1.7,9,7.2,286.0,,,13.2,,,,,2026-09-30 12:56:00
,,,1.9,9,7.0,285.0,,,13.2,,,,,2026-09-30 12:26:00
,,,1.9,9,7.0,288.0,,,13.2,,,,,2026-09-30 11:56:00
,,,1.9,9,6.9,288.0,,,13.2,,,,,2026-09-30 11:26:00
,,,2.0,10,6.8,285.0,,,13.2,,,,,2026-09-30 10:56:00
,,,2.1,9,7.0,291.0,,,13.2,,,,,2026-09-30 10:26:00
,,,2.0,8,6.8,292.0,,,13.2,,,,,2026-09-30 09:56:00
,,,2.1,9,6.6,288.0,,,13.2,,,,,2026-09-30 09:26:00
,,,2.0,8,6.7,292.0,,,13.2,,,,,2026-09-30 08:56:00
,,,2.2,9,6.9,298.0,,,13.2,,,,,2026-09-30 08:26:00
,,,2.1,9,6.7,291.0,,,13.2,,,,,2026-09-30 07:56:00
,,,2.2,9,7.1,293.0,,,13.2,,,,,2026-09-30 07:26:00
,,,2.2,9,7.0,298.0,,,13.2,,,,,2026-09-30 06:56:00
,,,2.2,9,6.9,295.0,,,13.2,,,,,2026-09-30 06:26:00
,,,2.2,9,7.2,291.0,,,13.2,,,,,2026-09-30 05:56:00
,,,2.1,9,7.2,291.0,,,13.3,,,,,2026-09-30 05:26:00
,,,2.0,10,6.9,296.0,,,13.3,,,,,2026-09-30 04:56:00
,,,2.3,10,7.6,299.0,,,13.3,,,,,2026-09-30 04:26:00
,,,2.4,10,7.5,289.0,,,13.3,,,,,2026-09-30 03:56:00
,,,2.3,11,7.6,299.0,,,13.2,,,,,2026-09-30 03:26:00
,,,2.3,10,7.6,292.0,,,13.2,,,,,2026-09-30 02:56:00
,,,2.3,11,7.7,292.0,,,13.2,,,,,2026-09-30 02:26:00
,,,2.3,11,7.8,291.0,,,13.3,,,,,2026-09-30 01:56:00
,,,2.2,11,7.9,285.0,,,13.3,,,,,2026-09-30 01:26:00
,,,2.1,11,8.1,285.0,,,13.2,,,,,2026-09-30 00:56:00
,,,2.4,11,8.0,282.0,,,13.2,,,,,2026-09-30 00:26:00
,,,2.1,11,7.4,279.0,,,13.2,,,,,2026-09-29 23:56:00
,,,2.2,11,7.4,284.0,,,13.2,,,,,2026-09-29 23:26:00
,,,2.2,11,7.4,288.0,,,13.2,,,,,2026-09-29 22:56:00
,,,2.2,11,7.3,286.0,,,13.2,,,,,2026-09-29 22:26:00
,,,2.3,11,7.3,286.0,,,13.2,,,,,2026-09-29 21:56:00
,,,2.3,11,7.1,286.0,,,13.2,,,,,2026-09-29 21:26:00
,,,2.6,10,7.2,293.0,,,13.2,,,,,2026-09-29 20:56:00
,,,2.7,10,7.5,285.0,,,13.2,,,,,2026-09-29 20:26:00
,,,2.8,9,7.2,291.0,,,13.2,,,,,2026-09-29 19:56:00
,,,3.0,11,7.4,298.0,,,13.2,,,,,2026-09-29 19:26:00
,,,3.1,10,7.3,298.0,,,13.2,,,,,2026-09-29 18:56:00
,,,2.9,11,7.0,296.0,,,13.2,,,,,2026-09-29 18:26:00
,,,3.2,10,7.4,285.0,,,13.2,,,,,2026-09-29 17:56:00
,,,3.1,10,7.0,289.0,,,13.2,,,,,2026-09-29 17:26:00
,,,3.3,9,7.4,292.0,,,13.2,,,,,2026-09-29 16:56:00
,,,3.2,11,7.2,295.0,,,13.2,,,,,2026-09-29 16:26:00
,,,3.5,10,7.4,295.0,,,13.2,,,,,2026-09-29 15:56:00
,,,3.2,10,7.0,298.0,,,13.2,,,,,2026-09-29 15:26:00
,,,2.9,9,6.9,295.0,,,13.2,,,,,2026-09-29 14:56:00
,,,3.3,10,7.3,296.0,,,13.2,,,,,2026-09-29 14:26:00
,,,3.2,10,7.2,292.0,,,13.2,,,,,2026-09-29 13:56:00
,,,3.3,10,7.4,296.0,,,13.2,,,,,2026-09-29 13:26:00
,,,3.2,10,7.3,300.0,,,13.2,,,,,2026-09-29 12:56:00
,,,2.9,11,7.1,298.0,,,13.2,,,,,2026-09-29 12:26:00
,,,3.1,11,7.3,291.0,,,13.2,,,,,2026-09-29 11:56:00
,,,2.9,10,7.1,296.0,,,13.2,,,,,2026-09-29 11:26:00
,,,2.8,11,6.8,285.0,,,13.2,,,,,2026-09-29 10:56:00
,,,2.7,11,7.0,288.0,,,13.2,,,,,2026-09-29 10:26:00
,,,2.9,11,7.5,282.0,,,13.2,,,,,2026-09-29 09:56:00
,,,2.9,11,7.5,293.0,,,13.2,,,,,2026-09-29 09:26:00
,,,2.8,12,7.4,278.0,,,13.2,,,,,2026-09-29 08:56:00
,,,2.8,12,7.0,293.0,,,13.2,,,,,2026-09-29 08:26:00
,,,3.0,12,7.4,292.0,,,13.2,,,,,2026-09-29 07:56:00
,,,2.9,12,7.2,289.0,,,13.2,,,,,2026-09-29 07:26:00
,,,3.0,12,7.1,281.0,,,13.2,,,,,2026-09-29 06:56:00
,,,3.2,11,7.3,288.0,,,13.2,,,,,2026-09-29 06:26:00
,,,3.4,12,7.7,288.0,,,13.2,,,,,2026-09-29 05:56:00
,,,3.2,10,7.2,289.0,,,13.2,,,,,2026-09-29 05:26:00
,,,3.2,11,7.1,284.0,,,13.2,,,,,2026-09-29 04:56:00
,,,3.3,10,7.3,286.0,,,13.2,,,,,2026-09-29 04:26:00
,,,3.3,11,7.3,288.0,,,13.3,,,,,2026-09-29 03:56:00
,,,3.3,11,7.3,284.0,,,13.3,,,,,2026-09-29 03:26:00
,,,3.3,11,7.3,282.0,,,13.3,,,,,2026-09-29 02:56:00
,,,3.3,11,7.1,292.0,,,13.3,,,,,2026-09-29 02:26:00
,,,3.4,10,7.4,292.0,,,13.3,,,,,2026-09-29 01:56:00
,,,3.4,11,7.3,293.0,,,13.3,,,,,2026-09-29 01:26:00
,,,3.2,10,7.1,292.0,,,13.3,,,,,2026-09-29 00:56:00
,,,3.6,11,7.7,291.0,,,13.3,,,,,2026-09-29 00:26:00
,,,3.5,11,7.6,295.0,,,13.3,,,,,2026-09-28 23:56:00
,,,3.3,11,7.4,292.0,,,13.3,,,,,2026-09-28 23:26:00
,,,3.3,11,7.5,293.0,,,13.3,,,,,2026-09-28 22:56:00
,,,3.2,11,7.5,286.0,,,13.3,,,,,2026-09-28 22:26:00
,,,3.4,11,7.7,293.0,,,13.3,,,,,2026-09-28 21:56:00
,,,3.2,11,7.4,295.0,,,13.3,,,,,2026-09-28 21:26:00
,,,3.3,13,7.6,299.0,,,13.3,,,,,2026-09-28 20:56:00
,,,3.1,11,7.5,300.0,,,13.3,,,,,2026-09-28 20:26:00
,,,2.8,13,7.3,298.0,,,13.3,,,,,2026-09-28 19:56:00
,,,3.2,12,8.1,295.0,,,13.3,,,,,2026-09-28 19:26:00
,,,3.0,12,7.9,298.0,,,13.3,,,,,2026-09-28 18:56:00
,,,3.1,13,8.0,286.0,,,13.3,,,,,2026-09-28 18:26:00
,,,3.1,13,8.0,286.0,,,13.3,,,,,2026-09-28 17:56:00
,,,3.1,13,7.9,282.0,,,13.3,,,,,2026-09-28 17:26:00
,,,3.2,11,8.1,289.0,,,13.3,,,,,2026-09-28 16:56:00
,,,2.9,12,7.7,285.0,,,13.3,,,,,2026-09-28 16:26:00
,,,3.1,12,8.0,282.0,,,13.3,,,,,2026-09-28 15:56:00
,,,3.3,13,8.4,285.0,,,13.3,,,,,2026-09-28 15:26:00
,,,3.0,13,8.2,284.0,,,13.3,,,,,2026-09-28 14:56:00
,,,3.1,11,8.1,286.0,,,13.3,,,,,2026-09-28 14:26:00
,,,3.2,13,8.4,281.0,,,13.3,,,,,2026-09-28 13:56:00
,,,3.2,13,8.3,277.0,,,13.3,,,,,2026-09-28 13:26:00
,,,3.2,12,8.2,277.0,,,13.3,,,,,2026-09-28 12:56:00
,,,3.5,13,8.3,284.0,,,13.3,,,,,2026-09-28 12:26:00
,,,3.5,13,8.4,284.0,,,13.3,,,,,2026-09-28 11:56:00
,,,3.5,13,8.4,281.0,,,13.3,,,,,2026-09-28 11:26:00
,,,3.7,12,8.4,284.0,,,13.3,,,,,2026-09-28 10:56:00
,,,3.6,11,8.4,293.0,,,13.3,,,,,2026-09-28 10:26:00
,,,3.9,12,8.5,289.0,,,13.3,,,,,2026-09-28 09:56:00
,,,3.6,10,8.2,292.0,,,13.3,,,,,2026-09-28 09:26:00
,,,3.6,12,8.3,286.0,,,13.3,,,,,2026-09-28 08:56:00
,,,3.9,12,8.5,285.0,,,13.3,,,,,2026-09-28 08:26:00
,,,3.5,12,8.4,292.0,,,13.3,,,,,2026-09-28 07:56:00
,,,3.9,13,8.8,295.0,,,13.3,,,,,2026-09-28 07:26:00
,,,3.8,12,8.8,299.0,,,13.3,,,,,2026-09-28 06:56:00
,,,3.6,12,8.6,291.0,,,13.3,,,,,2026-09-28 06:26:00
,,,3.7,13,8.9,295.0,,,13.3,,,,,2026-09-28 05:56:00
,,,3.2,13,8.5,292.0,,,13.3,,,,,2026-09-28 05:26:00
,,,3.2,13,8.5,289.0,,,13.3,,,,,2026-09-28 04:56:00
,,,3.4,13,9.0,289.0,,,13.4,,,,,2026-09-28 04:26:00
,,,3.0,13,8.3,293.0,,,13.4,,,,,2026-09-28 03:56:00
,,,3.2,13,8.8,286.0,,,13.4,,,,,2026-09-28 03:26:00
,,,3.4,13,9.1,285.0,,,13.4,,,,,2026-09-28 02:56:00
,,,3.2,13,8.8,292.0,,,13.4,,,,,2026-09-28 02:26:00
,,,3.1,13,9.1,274.0,,,13.4,,,,,2026-09-28 01:56:00
,,,3.0,13,8.6,284.0,,,13.4,,,,,2026-09-28 01:26:00
,,,3.0,13,8.6,274.0,,,13.4,,,,,2026-09-28 00:56:00
,,,3.3,13,8.9,279.0,,,13.4,,,,,2026-09-28 00:26:00
,,,3.3,13,8.7,274.0,,,13.4,,,,,2026-09-27 23:56:00
,,,3.5,13,8.9,274.0,,,13.4,,,,,2026-09-27 23:26:00
,,,3.3,11,8.5,275.0,,,13.4,,,,,2026-09-27 22:56:00
,,,3.4,12,8.3,275.0,,,13.4,,,,,2026-09-27 22:26:00
,,,3.2,11,8.1,277.0,,,13.4,,,,,2026-09-27 21:56:00
,,,3.7,13,8.4,282.0,,,13.3,,,,,2026-09-27 21:26:00
,,,3.7,12,8.2,275.0,,,13.4,,,,,2026-09-27 20:56:00
,,,3.6,11,8.0,278.0,,,13.3,,,,,2026-09-27 20:26:00
,,,4.2,11,8.3,278.0,,,13.3,,,,,2026-09-27 19:56:00
,,,4.0,11,8.0,282.0,,,13.3,,,,,2026-09-27 19:26:00
,,,4.2,13,8.0,284.0,,,13.3,,,,,2026-09-27 18:56:00
,,,3.8,12,7.5,278.0,,,13.3,,,,,2026-09-27 18:26:00
,,,3.8,13,7.6,279.0,,,13.3,,,,,2026-09-27 17:56:00
,,,3.9,11,7.5,279.0,,,13.3,,,,,2026-09-27 17:26:00
,,,3.9,12,7.2,282.0,,,13.3,,,,,2026-09-27 16:56:00
,,,3.5,12,7.0,286.0,,,13.3,,,,,2026-09-27 16:26:00
,,,3.5,12,7.3,286.0,,,13.3,,,,,2026-09-27 15:56:00
,,,3.6,13,7.4,291.0,,,13.3,,,,,2026-09-27 15:26:00
,,,3.5,13,7.4,285.0,,,13.3,,,,,2026-09-27 14:56:00
,,,3.4,13,7.6,282.0,,,13.3,,,,,2026-09-27 14:26:00
,,,3.6,11,7.9,289.0,,,13.4,,,,,2026-09-27 13:56:00
,,,3.6,14,8.2,288.0,,,13.3,,,,,2026-09-27 13:26:00
,,,3.6,14,8.1,289.0,,,13.4,,,,,2026-09-27 12:56:00
,,,3.8,14,8.8,286.0,,,13.3,,,,,2026-09-27 12:26:00
,,,3.5,14,8.6,285.0,,,13.4,,,,,2026-09-27 11:56:00
,,,3.6,14,8.7,285.0,,,13.4,,,,,2026-09-27 11:26:00
,,,3.7,15,9.0,284.0,,,13.4,,,,,2026-09-27 10:56:00
,,,3.6,13,8.8,281.0,,,13.3,,,,,2026-09-27 10:26:00
,,,3.4,12,8.8,277.0,,,13.4,,,,,2026-09-27 09:56:00
,,,3.6,17,8.9,288.0,,,13.4,,,,,2026-09-27 09:26:00
,,,3.7,14,8.7,286.0,,,13.4,,,,,2026-09-27 08:56:00
,,,3.9,15,9.2,285.0,,,13.3,,,,,2026-09-27 08:26:00
,,,3.9,15,9.2,285.0,,,13.4,,,,,2026-09-27 07:56:00
,,,3.6,14,8.5,282.0,,,13.3,,,,,2026-09-27 07:26:00
,,,4.1,14,9.3,289.0,,,13.4,,,,,2026-09-27 06:56:00
,,,3.9,15,9.0,282.0,,,13.3,,,,,2026-09-27 06:26:00
,,,4.2,15,9.4,285.0,,,13.3,,,,,2026-09-27 05:56:00
,,,4.4,13,9.9,279.0,,,13.4,,,,,2026-09-27 05:26:00
,,,3.9,13,9.2,285.0,,,13.4,,,,,2026-09-27 04:56:00
,,,4.3,13,9.4,282.0,,,13.4,,,,,2026-09-27 04:26:00
,,,4.4,15,9.7,281.0,,,13.4,,,,,2026-09-27 03:56:00
,,,4.0,13,9.1,277.0,,,13.4,,,,,2026-09-27 03:26:00
,,,4.2,13,9.1,282.0,,,13.4,,,,,2026-09-27 02:56:00
,,,4.7,14,9.8,288.0,,,13.4,,,,,2026-09-27 02:26:00
,,,4.5,14,9.8,286.0,,,13.4,,,,,2026-09-27 01:56:00
,,,4.1,12,9.1,282.0,,,13.4,,,,,2026-09-27 01:26:00
,,,4.3,12,9.6,284.0,,,13.4,,,,,2026-09-27 00:56:00
,,,4.6,13,9.9,282.0,,,13.4,,,,,2026-09-27 00:26:00
,,,3.9,14,8.9,288.0,,,13.4,,,,,2026-09-26 23:56:00
,,,4.0,13,9.1,284.0,,,13.4,,,,,2026-09-26 23:26:00
,,,3.9,13,9.1,285.0,,,13.4,,,,,2026-09-26 22:56:00
,,,4.0,13,9.2,286.0,,,13.4,,,,,2026-09-26 22:26:00
,,,3.7,13,9.2,281.0,,,13.4,,,,,2026-09-26 21:56:00
,,,3.6,13,9.3,288.0,,,13.4,,,,,2026-09-26 21:26:00
,,,3.6,13,9.1,291.0,,,13.4,,,,,2026-09-26 20:56:00
,,,3.4,13,9.2,289.0,,,13.4,,,,,2026-09-26 20:26:00
,,,3.4,13,9.1,291.0,,,13.4,,,,,2026-09-26 19:56:00
,,,3.4,11,8.9,289.0,,,13.4,,,,,2026-09-26 19:26:00
,,,3.2,13,8.7,288.0,,,13.4,,,,,2026-09-26 18:56:00
,,,3.0,11,8.6,284.0,,,13.3,,,,,2026-09-26 18:26:00
,,,3.1,13,8.7,285.0,,,13.3,,,,,2026-09-26 17:56:00
,,,3.2,13,8.7,284.0,,,13.3,,,,,2026-09-26 17:26:00
,,,3.2,13,8.4,281.0,,,13.3,,,,,2026-09-26 16:56:00
,,,3.1,12,8.2,288.0,,,13.3,,,,,2026-09-26 16:26:00
,,,2.8,12,7.9,282.0,,,13.3,,,,,2026-09-26 15:56:00
,,,2.9,11,8.1,284.0,,,13.3,,,,,2026-09-26 15:26:00
,,,3.0,10,8.3,274.0,,,13.3,,,,,2026-09-26 14:56:00
,,,3.0,11,8.1,278.0,,,13.3,,,,,2026-09-26 14:26:00
,,,2.9,11,8.0,282.0,,,13.3,,,,,2026-09-26 13:56:00
,,,2.7,11,8.0,281.0,,,13.3,,,,,2026-09-26 13:26:00
,,,2.8,11,7.8,278.0,,,13.3,,,,,2026-09-26 12:56:00
,,,2.6,11,7.2,285.0,,,13.3,,,,,2026-09-26 12:26:00
,,,2.5,18,7.1,279.0,,,13.4,,,,,2026-09-26 11:56:00
,,,2.4,11,6.7,289.0,,,13.4,,,,,2026-09-26 11:26:00
,,,2.5,11,6.8,291.0,,,13.4,,,,,2026-09-26 10:56:00
,,,2.4,8,6.5,205.0,,,13.4,,,,,2026-09-26 10:26:00
,,,2.2,8,6.2,205.0,,,13.4,,,,,2026-09-26 09:56:00
,,,2.3,8,6.2,205.0,,,13.4,,,,,2026-09-26 09:26:00
,,,2.4,8,6.4,202.0,,,13.4,,,,,2026-09-26 08:56:00
,,,2.3,8,6.3,205.0,,,13.4,,,,,2026-09-26 08:26:00
,,,2.2,8,6.2,209.0,,,13.4,,,,,2026-09-26 07:56:00
,,,2.2,8,6.3,198.0,,,13.4,,,,,2026-09-26 07:26:00
,,,2.2,8,6.2,199.0,,,13.4,,,,,2026-09-26 06:56:00
,,,2.3,8,6.5,215.0,,,13.4,,,,,2026-09-26 06:26:00
,,,2.4,8,6.6,205.0,,,13.4,,,,,2026-09-26 05:56:00
,,,2.3,8,6.4,208.0,,,13.4,,,,,2026-09-26 05:26:00
,,,2.5,8,6.6,203.0,,,13.4,,,,,2026-09-26 04:56:00
,,,2.2,8,6.4,209.0,,,13.4,,,,,2026-09-26 04:26:00
,,,2.3,9,6.5,205.0,,,13.4,,,,,2026-09-26 03:56:00
,,,2.4,8,6.6,202.0,,,13.4,,,,,2026-09-26 03:26:00
,,,2.3,9,6.3,203.0,,,13.4,,,,,2026-09-26 02:56:00
,,,2.3,8,6.4,188.0,,,13.4,,,,,2026-09-26 02:26:00
,,,2.4,10,6.5,212.0,,,13.4,,,,,2026-09-26 01:56:00
,,,2.5,9,6.7,210.0,,,13.4,,,,,2026-09-26 01:26:00
,,,2.4,9,6.7,209.0,,,13.4,,,,,2026-09-26 00:56:00
,,,2.8,9,7.1,201.0,,,13.4,,,,,2026-09-26 00:26:00
,,,2.8,9,6.9,215.0,,,13.4,,,,,2026-09-25 23:56:00
,,,2.6,9,6.8,198.0,,,13.4,,,,,2026-09-25 23:26:00
,,,2.5,9,6.3,208.0,,,13.4,,,,,2026-09-25 22:56:00
,,,2.5,8,6.3,194.0,,,13.4,,,,,2026-09-25 22:26:00
,,,2.8,8,6.6,192.0,,,13.4,,,,,2026-09-25 21:56:00
,,,2.9,9,6.6,195.0,,,13.4,,,,,2026-09-25 21:26:00
,,,2.6,8,6.3,194.0,,,13.4,,,,,2026-09-25 20:56:00
,,,2.7,8,6.5,192.0,,,13.4,,,,,2026-09-25 20:26:00
,,,2.8,8,6.5,201.0,,,13.4,,,,,2026-09-25 19:56:00
,,,3.0,8,6.3,192.0,,,13.4,,,,,2026-09-25 19:26:00
,,,2.9,8,6.0,192.0,,,13.4,,,,,2026-09-25 18:56:00
,,,3.2,8,6.3,192.0,,,13.4,,,,,2026-09-25 18:26:00
,,,3.1,8,6.2,194.0,,,13.4,,,,,2026-09-25 17:56:00
,,,3.2,8,6.0,192.0,,,13.4,,,,,2026-09-25 17:26:00
,,,2.9,8,6.0,202.0,,,13.4,,,,,2026-09-25 16:56:00
,,,3.0,7,5.9,189.0,,,13.4,,,,,2026-09-25 16:26:00
,,,2.9,7,6.0,199.0,,,13.4,,,,,2026-09-25 15:56:00
,,,2.8,7,5.8,192.0,,,13.4,,,,,2026-09-25 15:26:00
,,,2.5,7,5.6,192.0,,,13.4,,,,,2026-09-25 14:56:00
,,,2.6,7,5.6,192.0,,,13.4,,,,,2026-09-25 14:26:00
,,,2.2,7,5.4,195.0,,,13.4,,,,,2026-09-25 13:56:00
,,,2.3,6,5.4,191.0,,,13.4,,,,,2026-09-25 13:26:00
,,,2.3,6,5.5,192.0,,,13.4,,,,,2026-09-25 12:56:00
,,,2.1,6,5.3,195.0,,,13.4,,,,,2026-09-25 12:26:00
,,,2.0,6,5.3,195.0,,,13.4,,,,,2026-09-25 11:56:00
,,,2.0,6,5.2,198.0,,,13.4,,,,,2026-09-25 11:26:00
,,,2.0,6,5.3,195.0,,,13.4,,,,,2026-09-25 10:56:00
,,,2.0,6,5.2,184.0,,,13.4,,,,,2026-09-25 10:26:00
,,,1.8,5,5.2,192.0,,,13.4,,,,,2026-09-25 09:56:00
,,,1.7,6,4.9,187.0,,,13.4,,,,,2026-09-25 09:26:00
,,,1.7,5,5.0,192.0,,,13.4,,,,,2026-09-25 08:56:00
,,,1.7,5,4.9,195.0,,,13.4,,,,,2026-09-25 08:26:00
,,,1.5,5,5.0,194.0,,,13.4,,,,,2026-09-25 07:56:00
,,,1.5,14,5.0,195.0,,,13.4,,,,,2026-09-25 07:26:00
,,,1.6,14,5.1,202.0,,,13.4,,,,,2026-09-25 06:56:00
,,,1.5,5,5.0,205.0,,,13.4,,,,,2026-09-25 06:26:00
,,,1.6,14,5.0,195.0,,,13.5,,,,,2026-09-25 05:56:00
,,,1.6,14,5.0,195.0,,,13.5,,,,,2026-09-25 05:26:00
,,,1.5,15,5.2,202.0,,,13.5,,,,,2026-09-25 04:56:00
,,,1.5,8,5.2,343.0,,,13.5,,,,,2026-09-25 04:26:00
,,,1.5,14,5.2,191.0,,,13.5,,,,,2026-09-25 03:56:00
,,,1.5,7,5.5,331.0,,,13.5,,,,,2026-09-25 03:26:00
,,,1.6,7,5.8,344.0,,,13.5,,,,,2026-09-25 02:56:00
,,,1.5,7,5.7,329.0,,,13.5,,,,,2026-09-25 02:26:00
,,,1.7,7,6.2,340.0,,,13.5,,,,,2026-09-25 01:56:00
,,,1.5,7,6.1,336.0,,,13.6,,,,,2026-09-25 01:26:00
,,,1.5,7,6.2,329.0,,,13.6,,,,,2026-09-25 00:56:00
,,,1.5,8,6.5,334.0,,,13.6,,,,,2026-09-25 00:26:00
,,,1.5,7,6.3,337.0,,,13.6,,,,,2026-09-24 23:56:00
,,,1.5,8,6.7,324.0,,,13.7,,,,,2026-09-24 23:26:00
,,,1.3,8,6.6,320.0,,,13.7,,,,,2026-09-24 22:56:00
,,,1.5,8,6.8,312.0,,,13.7,,,,,2026-09-24 22:26:00
,,,1.6,8,6.8,317.0,,,13.7,,,,,2026-09-24 21:56:00
,,,1.6,8,6.8,316.0,,,13.6,,,,,2026-09-24 21:26:00
,,,1.6,8,6.4,316.0,,,13.6,,,,,2026-09-24 20:56:00
,,,1.6,8,6.4,308.0,,,13.5,,,,,2026-09-24 20:26:00
,,,1.5,8,6.3,320.0,,,13.5,,,,,2026-09-24 19:56:00
,,,1.6,8,6.4,317.0,,,13.5,,,,,2026-09-24 19:26:00
,,,1.7,8,6.4,309.0,,,13.5,,,,,2026-09-24 18:56:00
,,,1.7,8,6.4,309.0,,,13.5,,,,,2026-09-24 18:26:00
,,,1.8,8,6.5,299.0,,,13.4,,,,,2026-09-24 17:56:00
,,,1.7,8,6.2,293.0,,,13.4,,,,,2026-09-24 17:26:00
,,,2.0,8,6.6,312.0,,,13.4,,,,,2026-09-24 16:56:00
,,,1.8,8,6.3,312.0,,,13.4,,,,,2026-09-24 16:26:00
,,,1.9,8,6.4,309.0,,,13.4,,,,,2026-09-24 15:56:00
,,,1.9,8,6.2,300.0,,,13.4,,,,,2026-09-24 15:26:00
,,,2.1,8,6.5,303.0,,,13.4,,,,,2026-09-24 14:56:00
,,,2.1,8,6.2,306.0,,,13.4,,,,,2026-09-24 14:26:00
,,,2.1,8,6.3,309.0,,,13.4,,,,,2026-09-24 13:56:00
,,,2.3,8,6.4,296.0,,,13.4,,,,,2026-09-24 13:26:00
,,,2.2,8,6.3,303.0,,,13.4,,,,,2026-09-24 12:56:00
,,,2.3,8,6.3,309.0,,,13.4,,,,,2026-09-24 12:26:00
,,,2.2,8,6.3,299.0,,,13.4,,,,,2026-09-24 11:56:00
,,,2.2,8,6.2,309.0,,,13.4,,,,,2026-09-24 11:26:00
,,,2.4,8,6.4,306.0,,,13.4,,,,,2026-09-24 10:56:00
,,,2.2,8,6.0,303.0,,,13.4,,,,,2026-09-24 10:26:00
,,,2.5,8,6.6,303.0,,,13.4,,,,,2026-09-24 09:56:00
,,,2.3,8,6.4,298.0,,,13.4,,,,,2026-09-24 09:26:00
,,,2.4,9,6.5,299.0,,,13.5,,,,,2026-09-24 08:56:00
,,,2.6,8,6.5,296.0,,,13.5,,,,,2026-09-24 08:26:00
,,,2.4,9,6.3,291.0,,,13.5,,,,,2026-09-24 07:56:00
,,,2.4,8,6.2,295.0,,,13.5,,,,,2026-09-24 07:26:00
,,,2.5,9,6.2,291.0,,,13.5,,,,,2026-09-24 06:56:00
,,,2.6,9,6.5,295.0,,,13.5,,,,,2026-09-24 06:26:00
,,,2.3,7,6.1,298.0,,,13.5,,,,,2026-09-24 05:56:00
,,,2.5,9,6.3,285.0,,,13.4,,,,,2026-09-24 05:26:00
,,,2.3,8,6.3,296.0,,,13.5,,,,,2026-09-24 04:56:00
,,,2.5,9,6.3,289.0,,,13.5,,,,,2026-09-24 04:26:00
,,,2.7,9,6.4,291.0,,,13.5,,,,,2026-09-24 03:56:00
,,,2.5,9,6.2,285.0,,,13.5,,,,,2026-09-24 03:26:00
,,,2.4,9,6.2,288.0,,,13.5,,,,,2026-09-24 02:56:00
,,,2.5,9,6.2,288.0,,,13.5,,,,,2026-09-24 02:26:00
,,,2.6,8,6.2,298.0,,,13.5,,,,,2026-09-24 01:56:00
,,,2.6,8,6.1,298.0,,,13.5,,,,,2026-09-24 01:26:00
,,,2.8,9,6.5,292.0,,,13.5,,,,,2026-09-24 00:56:00
,,,2.6,8,6.5,298.0,,,13.5,,,,,2026-09-24 00:26:00
,,,2.6,8,6.4,299.0,,,13.5,,,,,2026-09-23 23:56:00
,,,2.6,9,6.3,289.0,,,13.5,,,,,2026-09-23 23:26:00
,,,2.8,9,6.5,291.0,,,13.5,,,,,2026-09-23 22:56:00
,,,2.7,9,6.5,295.0,,,13.5,,,,,2026-09-23 22:26:00
,,,2.6,9,6.5,293.0,,,13.5,,,,,2026-09-23 21:56:00
,,,3.0,9,6.7,292.0,,,13.5,,,,,2026-09-23 21:26:00
,,,3.2,9,6.9,296.0,,,13.5,,,,,2026-09-23 20:56:00
,,,2.8,9,6.5,289.0,,,13.5,,,,,2026-09-23 20:26:00
,,,2.9,9,6.7,296.0,,,13.5,,,,,2026-09-23 19:56:00
,,,2.9,9,6.8,289.0,,,13.5,,,,,2026-09-23 19:26:00
,,,3.1,9,6.8,295.0,,,13.5,,,,,2026-09-23 18:56:00
,,,3.2,10,6.8,288.0,,,13.5,,,,,2026-09-23 18:26:00
,,,3.1,9,6.8,293.0,,,13.5,,,,,2026-09-23 17:56:00
,,,3.1,10,6.7,296.0,,,13.5,,,,,2026-09-23 17:26:00
,,,2.9,9,6.5,298.0,,,13.5,,,,,2026-09-23 16:56:00
,,,3.1,10,6.9,296.0,,,13.5,,,,,2026-09-23 16:26:00
,,,3.1,11,7.0,296.0,,,13.5,,,,,2026-09-23 15:56:00
,,,3.1,10,7.0,296.0,,,13.5,,,,,2026-09-23 15:26:00
,,,3.2,10,7.3,303.0,,,13.5,,,,,2026-09-23 14:56:00
,,,3.2,10,7.3,288.0,,,13.5,,,,,2026-09-23 14:26:00
,,,3.1,10,7.2,295.0,,,13.5,,,,,2026-09-23 13:56:00
,,,3.1,10,7.0,291.0,,,13.5,,,,,2026-09-23 13:26:00
,,,3.3,10,7.2,296.0,,,13.5,,,,,2026-09-23 12:56:00
,,,3.1,10,7.1,292.0,,,13.5,,,,,2026-09-23 12:26:00
,,,3.0,10,7.0,299.0,,,13.5,,,,,2026-09-23 11:56:00
,,,2.9,10,7.2,291.0,,,13.5,,,,,2026-09-23 11:26:00
,,,3.0,10,7.2,284.0,,,13.5,,,,,2026-09-23 10:56:00
,,,3.2,9,7.4,286.0,,,13.5,,,,,2026-09-23 10:26:00
,,,3.1,10,7.3,288.0,,,13.5,,,,,2026-09-23 09:56:00
,,,3.1,11,7.3,288.0,,,13.5,,,,,2026-09-23 09:26:00
,,,3.0,11,7.0,291.0,,,13.5,,,,,2026-09-23 08:56:00
,,,3.3,10,7.2,298.0,,,13.5,,,,,2026-09-23 08:26:00
,,,3.3,11,7.1,295.0,,,13.5,,,,,2026-09-23 07:56:00
,,,3.7,10,7.3,295.0,,,13.5,,,,,2026-09-23 07:26:00
,,,3.3,11,7.2,289.0,,,13.5,,,,,2026-09-23 06:56:00
,,,3.5,10,7.4,302.0,,,13.5,,,,,2026-09-23 06:26:00
,,,3.4,11,7.0,298.0,,,13.5,,,,,2026-09-23 05:56:00
,,,3.4,10,7.3,300.0,,,13.5,,,,,2026-09-23 05:26:00
,,,3.7,11,7.2,299.0,,,13.5,,,,,2026-09-23 04:56:00
,,,3.8,10,7.4,298.0,,,13.5,,,,,2026-09-23 04:26:00
,,,3.8,11,7.4,302.0,,,13.5,,,,,2026-09-23 03:56:00
,,,4.0,10,7.4,289.0,,,13.6,,,,,2026-09-23 03:26:00
,,,4.0,11,7.5,302.0,,,13.6,,,,,2026-09-23 02:56:00
,,,4.0,10,7.3,282.0,,,13.6,,,,,2026-09-23 02:26:00
,,,4.0,11,7.4,300.0,,,13.6,,,,,2026-09-23 01:56:00
,,,3.9,11,7.8,291.0,,,13.6,,,,,2026-09-23 01:26:00
,,,4.1,11,7.8,293.0,,,13.6,,,,,2026-09-23 00:56:00
,,,3.9,11,7.5,305.0,,,13.6,,,,,2026-09-23 00:26:00
,,,3.9,10,7.7,286.0,,,13.6,,,,,2026-09-22 23:56:00
,,,3.7,11,7.8,293.0,,,13.6,,,,,2026-09-22 23:26:00
,,,3.7,10,7.6,299.0,,,13.6,,,,,2026-09-22 22:56:00
,,,3.8,11,7.7,292.0,,,13.6,,,,,2026-09-22 22:26:00
,,,4.1,10,7.7,296.0,,,13.6,,,,,2026-09-22 21:56:00
,,,3.9,11,7.9,291.0,,,13.6,,,,,2026-09-22 21:26:00
,,,3.7,11,7.5,288.0,,,13.6,,,,,2026-09-22 20:56:00
,,,3.8,11,7.6,289.0,,,13.6,,,,,2026-09-22 20:26:00
,,,4.3,11,7.9,296.0,,,13.6,,,,,2026-09-22 19:56:00
,,,4.0,11,7.8,298.0,,,13.6,,,,,2026-09-22 19:26:00
,,,3.9,11,7.6,292.0,,,13.6,,,,,2026-09-22 18:56:00
,,,4.0,10,7.7,288.0,,,13.6,,,,,2026-09-22 18:26:00
,,,3.9,10,7.5,289.0,,,13.6,,,,,2026-09-22 17:56:00
,,,3.8,10,7.3,289.0,,,13.6,,,,,2026-09-22 17:26:00
,,,4.0,9,7.2,284.0,,,13.6,,,,,2026-09-22 16:56:00
,,,3.8,9,7.2,284.0,,,13.6,,,,,2026-09-22 16:26:00
,,,4.0,10,7.3,275.0,,,13.6,,,,,2026-09-22 15:56:00
,,,4.3,10,7.6,286.0,,,13.6,,,,,2026-09-22 15:26:00
,,,4.2,10,7.4,289.0,,,13.6,,,,,2026-09-22 14:56:00
,,,3.9,10,7.4,284.0,,,13.6,,,,,2026-09-22 14:26:00
,,,3.7,10,7.0,271.0,,,13.6,,,,,2026-09-22 13:56:00
,,,4.3,10,7.5,292.0,,,13.6,,,,,2026-09-22 13:26:00
,,,4.1,9,7.2,281.0,,,13.6,,,,,2026-09-22 12:56:00
,,,4.2,9,7.3,274.0,,,13.6,,,,,2026-09-22 12:26:00
,,,4.2,10,7.5,289.0,,,13.6,,,,,2026-09-22 11:56:00
,,,4.3,11,7.5,282.0,,,13.7,,,,,2026-09-22 11:26:00
,,,4.3,10,7.6,275.0,,,13.7,,,,,2026-09-22 10:56:00
,,,4.4,10,7.6,275.0,,,13.7,,,,,2026-09-22 10:26:00
,,,4.2,11,7.6,289.0,,,13.7,,,,,2026-09-22 09:56:00
,,,4.4,10,7.6,277.0,,,13.7,,,,,2026-09-22 09:26:00
,,,4.4,10,7.7,281.0,,,13.7,,,,,2026-09-22 08:56:00
,,,4.1,10,7.6,285.0,,,13.7,,,,,2026-09-22 08:26:00
,,,4.5,10,7.7,285.0,,,13.8,,,,,2026-09-22 07:56:00
,,,4.6,11,7.9,282.0,,,13.8,,,,,2026-09-22 07:26:00
,,,4.4,8,7.6,279.0,,,13.8,,,,,2026-09-22 06:56:00
,,,4.4,10,7.5,286.0,,,13.8,,,,,2026-09-22 06:26:00
,,,4.2,10,7.5,284.0,,,13.8,,,,,2026-09-22 05:56:00
,,,4.4,11,7.9,281.0,,,13.8,,,,,2026-09-22 05:26:00
,,,4.3,10,7.6,279.0,,,13.8,,,,,2026-09-22 04:56:00
,,,4.2,8,7.5,271.0,,,13.8,,,,,2026-09-22 04:26:00
,,,3.9,9,7.3,277.0,,,13.8,,,,,2026-09-22 03:56:00
,,,3.8,10,7.4,282.0,,,13.8,,,,,2026-09-22 03:26:00
,,,4.0,11,7.5,278.0,,,13.8,,,,,2026-09-22 02:56:00
,,,3.9,11,7.1,282.0,,,13.8,,,,,2026-09-22 02:26:00
,,,3.9,8,7.2,264.0,,,13.8,,,,,2026-09-22 01:56:00
,,,3.8,11,6.9,281.0,,,13.9,,,,,2026-09-22 01:26:00
,,,3.8,9,7.0,261.0,,,13.9,,,,,2026-09-22 00:56:00
,,,3.9,11,7.1,270.0,,,13.9,,,,,2026-09-22 00:26:00
,,,3.6,11,7.0,267.0,,,13.9,,,,,2026-09-21 23:56:00
,,,3.4,11,6.6,275.0,,,13.9,,,,,2026-09-21 23:26:00
,,,3.6,7,6.7,254.0,,,14.0,,,,,2026-09-21 22:56:00
,,,3.2,11,6.5,278.0,,,14.0,,,,,2026-09-21 22:26:00
,,,3.4,11,6.9,284.0,,,14.0,,,,,2026-09-21 21:56:00
,,,3.3,11,6.9,286.0,,,14.1,,,,,2026-09-21 21:26:00
,,,3.6,12,7.3,281.0,,,14.1,,,,,2026-09-21 20:56:00
,,,3.1,11,6.5,289.0,,,14.1,,,,,2026-09-21 20:26:00
,,,3.2,11,6.7,291.0,,,14.1,,,,,2026-09-21 19:56:00
,,,3.3,11,7.1,278.0,,,14.1,,,,,2026-09-21 19:26:00
,,,3.5,11,7.3,268.0,,,14.1,,,,,2026-09-21 18:56:00
,,,3.2,12,7.2,281.0,,,14.1,,,,,2026-09-21 18:26:00
,,,3.3,12,7.7,288.0,,,14.1,,,,,2026-09-21 17:56:00
,,,3.4,11,8.0,286.0,,,14.1,,,,,2026-09-21 17:26:00
,,,3.3,11,8.2,281.0,,,14.1,,,,,2026-09-21 16:56:00
,,,3.8,12,8.8,284.0,,,14.1,,,,,2026-09-21 16:26:00
,,,3.4,11,8.6,288.0,,,14.1,,,,,2026-09-21 15:56:00
,,,3.5,12,8.6,285.0,,,14.1,,,,,2026-09-21 15:26:00
,,,3.2,11,8.4,285.0,,,14.1,,,,,2026-09-21 14:56:00
,,,3.2,11,8.2,288.0,,,14.0,,,,,2026-09-21 14:26:00
,,,3.0,10,8.1,288.0,,,14.1,,,,,2026-09-21 13:56:00
,,,3.2,11,8.2,274.0,,,14.1,,,,,2026-09-21 13:26:00
,,,3.1,10,8.2,281.0,,,14.1,,,,,2026-09-21 12:56:00
,,,3.0,12,7.9,270.0,,,14.1,,,,,2026-09-21 12:26:00
,,,3.0,11,7.8,272.0,,,14.1,,,,,2026-09-21 11:56:00
,,,3.2,11,8.2,281.0,,,14.1,,,,,2026-09-21 11:26:00
,,,3.1,11,7.9,300.0,,,14.1,,,,,2026-09-21 10:56:00
,,,3.3,12,8.3,267.0,,,14.1,,,,,2026-09-21 10:26:00
,,,3.3,10,8.1,286.0,,,14.1,,,,,2026-09-21 09:56:00
,,,3.1,11,7.9,284.0,,,14.1,,,,,2026-09-21 09:26:00
,,,3.4,11,8.2,279.0,,,14.1,,,,,2026-09-21 08:56:00
,,,3.1,10,7.8,300.0,,,14.1,,,,,2026-09-21 08:26:00
,,,3.2,11,7.8,298.0,,,14.2,,,,,2026-09-21 07:56:00
,,,3.3,10,7.7,292.0,,,14.2,,,,,2026-09-21 07:26:00
,,,3.1,11,7.7,279.0,,,14.2,,,,,2026-09-21 06:56:00
,,,3.2,11,7.7,284.0,,,14.2,,,,,2026-09-21 06:26:00
,,,3.2,11,7.7,289.0,,,14.2,,,,,2026-09-21 05:56:00
,,,3.3,10,7.7,298.0,,,14.2,,,,,2026-09-21 05:26:00
,,,3.6,11,7.8,293.0,,,14.2,,,,,2026-09-21 04:56:00
,,,3.4,12,8.2,278.0,,,14.2,,,,,2026-09-21 03:56:00
,,,3.5,12,8.1,278.0,,,14.2,,,,,2026-09-21 03:26:00
,,,3.8,12,8.3,274.0,,,14.2,,,,,2026-09-21 02:56:00
,,,4.1,13,8.7,270.0,,,14.2,,,,,2026-09-21 02:26:00
,,,4.2,13,8.5,275.0,,,14.2,,,,,2026-09-21 01:56:00
,,,3.8,11,8.3,292.0,,,14.2,,,,,2026-09-21 01:26:00
,,,4.6,11,9.0,284.0,,,14.2,,,,,2026-09-21 00:56:00
,,,4.2,11,8.5,288.0,,,14.2,,,,,2026-09-21 00:26:00
,,,4.3,12,8.7,275.0,,,14.2,,,,,2026-09-20 23:56:00
,,,3.9,12,8.6,284.0,,,14.2,,,,,2026-09-20 23:26:00
,,,4.2,12,8.6,275.0,,,14.2,,,,,2026-09-20 22:56:00
,,,4.0,11,8.7,282.0,,,14.2,,,,,2026-09-20 22:26:00
,,,3.9,11,8.4,271.0,,,14.2,,,,,2026-09-20 21:56:00
,,,4.3,13,9.0,267.0,,,14.2,,,,,2026-09-20 21:26:00
,,,4.4,12,9.0,277.0,,,14.2,,,,,2026-09-20 20:56:00
,,,4.1,11,8.5,271.0,,,14.2,,,,,2026-09-20 20:26:00
,,,4.2,11,8.6,268.0,,,14.2,,,,,2026-09-20 19:56:00
,,,4.4,12,8.7,270.0,,,14.2,,,,,2026-09-20 19:26:00
,,,4.2,11,8.2,267.0,,,14.2,,,,,2026-09-20 18:56:00
,,,4.2,12,8.3,263.0,,,14.2,,,,,2026-09-20 18:26:00
,,,4.7,12,8.7,272.0,,,14.2,,,,,2026-09-20 17:56:00
,,,4.5,13,8.4,274.0,,,14.2,,,,,2026-09-20 17:26:00
,,,4.8,13,8.7,279.0,,,14.2,,,,,2026-09-20 16:56:00
,,,4.7,13,8.4,281.0,,,14.2,,,,,2026-09-20 16:26:00
,,,4.8,12,8.5,277.0,,,14.2,,,,,2026-09-20 15:56:00
,,,5.1,13,8.7,267.0,,,14.2,,,,,2026-09-20 15:26:00
,,,5.4,13,9.2,270.0,,,14.2,,,,,2026-09-20 14:56:00
,,,5.2,13,8.9,274.0,,,14.2,,,,,2026-09-20 14:26:00
,,,5.2,13,8.8,265.0,,,14.2,,,,,2026-09-20 13:56:00
,,,5.7,13,9.2,264.0,,,14.2,,,,,2026-09-20 13:26:00
,,,5.9,13,9.3,270.0,,,14.2,,,,,2026-09-20 12:56:00
,,,5.9,13,9.4,268.0,,,14.2,,,,,2026-09-20 12:26:00
,,,6.0,13,9.5,272.0,,,14.2,,,,,2026-09-20 11:56:00
,,,5.8,13,9.4,281.0,,,14.2,,,,,2026-09-20 11:26:00
,,,5.5,13,9.0,275.0,,,14.2,,,,,2026-09-20 10:56:00
,,,6.0,13,9.6,279.0,,,14.3,,,,,2026-09-20 10:26:00
,,,6.1,13,9.6,275.0,,,14.3,,,,,2026-09-20 09:56:00
,,,6.3,13,10.1,278.0,,,14.3,,,,,2026-09-20 09:26:00
,,,6.1,13,9.8,284.0,,,14.3,,,,,2026-09-20 08:56:00
,,,6.9,13,10.0,275.0,,,14.3,,,,,2026-09-20 08:26:00
,,,6.2,13,9.4,279.0,,,14.3,,,,,2026-09-20 07:56:00
,,,6.0,13,9.5,277.0,,,14.3,,,,,2026-09-20 07:26:00
,,,6.1,13,9.4,277.0,,,14.3,,,,,2026-09-20 06:56:00
,,,5.6,13,9.5,279.0,,,14.3,,,,,2026-09-20 06:26:00
,,,6.2,13,9.5,275.0,,,14.3,,,,,2026-09-20 05:56:00
,,,6.0,12,9.1,277.0,,,14.3,,,,,2026-09-20 05:26:00
,,,5.6,12,9.1,267.0,,,14.3,,,,,2026-09-20 04:56:00
,,,5.4,12,8.8,264.0,,,14.4,,,,,2026-09-20 04:26:00
,,,5.8,11,8.9,260.0,,,14.4,,,,,2026-09-20 03:56:00
,,,5.5,11,8.6,250.0,,,14.4,,,,,2026-09-20 03:26:00
,,,5.2,11,8.3,248.0,,,14.4,,,,,2026-09-20 02:56:00
,,,4.6,10,7.8,255.0,,,14.4,,,,,2026-09-20 02:26:00
,,,4.4,10,7.7,253.0,,,14.4,,,,,2026-09-20 01:56:00
,,,4.0,9,7.3,241.0,,,14.4,,,,,2026-09-20 01:26:00
,,,4.0,8,7.2,230.0,,,14.4,,,,,2026-09-20 00:56:00
,,,3.7,9,7.0,233.0,,,14.4,,,,,2026-09-20 00:26:00
,,,3.9,8,6.9,233.0,,,14.5,,,,,2026-09-19 23:56:00
,,,3.8,8,7.0,226.0,,,14.5,,,,,2026-09-19 23:26:00
,,,3.7,9,6.8,225.0,,,14.5,,,,,2026-09-19 22:56:00
,,,3.5,8,6.7,219.0,,,14.5,,,,,2026-09-19 22:26:00
,,,3.2,8,6.5,222.0,,,14.5,,,,,2026-09-19 21:56:00
,,,3.3,8,6.4,220.0,,,14.5,,,,,2026-09-19 21:26:00
,,,3.0,8,6.3,226.0,,,14.5,,,,,2026-09-19 20:56:00
,,,3.0,8,6.3,213.0,,,14.5,,,,,2026-09-19 20:26:00
,,,2.8,8,6.2,212.0,,,14.5,,,,,2026-09-19 19:56:00
,,,2.7,8,6.0,223.0,,,14.4,,,,,2026-09-19 19:26:00
,,,2.7,8,6.1,199.0,,,14.4,,,,,2026-09-19 18:56:00
,,,2.9,8,6.1,213.0,,,14.4,,,,,2026-09-19 18:26:00
,,,2.7,7,5.8,209.0,,,14.4,,,,,2026-09-19 17:56:00
,,,2.8,7,5.8,209.0,,,14.4,,,,,2026-09-19 17:26:00
,,,2.5,7,5.6,205.0,,,14.4,,,,,2026-09-19 16:56:00
,,,2.6,6,5.5,205.0,,,14.4,,,,,2026-09-19 16:26:00
,,,2.4,7,5.5,206.0,,,14.4,,,,,2026-09-19 15:56:00
,,,2.4,6,5.3,205.0,,,14.4,,,,,2026-09-19 15:26:00
,,,2.2,6,5.3,210.0,,,14.4,,,,,2026-09-19 14:56:00
,,,1.9,6,5.1,205.0,,,14.5,,,,,2026-09-19 14:26:00
,,,1.8,8,5.1,202.0,,,14.5,,,,,2026-09-19 13:56:00
,,,1.8,7,5.1,212.0,,,14.5,,,,,2026-09-19 13:26:00
,,,1.8,8,5.2,218.0,,,14.5,,,,,2026-09-19 12:56:00
,,,1.7,8,5.3,219.0,,,14.5,,,,,2026-09-19 12:26:00
,,,1.6,8,5.1,210.0,,,14.5,,,,,2026-09-19 11:56:00
,,,1.8,8,5.6,206.0,,,14.5,,,,,2026-09-19 11:26:00
,,,1.7,8,5.6,206.0,,,14.5,,,,,2026-09-19 10:56:00
,,,1.7,8,5.7,201.0,,,14.5,,,,,2026-09-19 10:26:00
,,,1.7,8,5.8,208.0,,,14.5,,,,,2026-09-19 09:56:00
,,,1.6,8,5.9,210.0,,,14.5,,,,,2026-09-19 09:26:00
,,,1.7,8,6.2,209.0,,,14.5,,,,,2026-09-19 08:56:00
,,,1.8,8,6.4,219.0,,,14.5,,,,,2026-09-19 08:26:00
,,,1.7,8,6.4,213.0,,,14.5,,,,,2026-09-19 07:56:00
,,,1.7,8,6.6,218.0,,,14.5,,,,,2026-09-19 07:26:00
,,,1.7,8,6.4,205.0,,,14.5,,,,,2026-09-19 06:56:00
,,,1.7,8,6.4,201.0,,,14.5,,,,,2026-09-19 06:26:00
,,,1.8,8,6.5,215.0,,,14.5,,,,,2026-09-19 05:56:00
,,,1.8,8,6.4,206.0,,,14.5,,,,,2026-09-19 05:26:00
,,,1.9,8,6.4,219.0,,,14.6,,,,,2026-09-19 04:56:00
,,,1.9,8,6.5,212.0,,,14.6,,,,,2026-09-19 04:26:00
,,,2.0,8,6.6,212.0,,,14.6,,,,,2026-09-19 03:56:00
,,,2.1,8,6.8,205.0,,,14.6,,,,,2026-09-19 03:26:00
,,,2.0,9,6.6,208.0,,,14.6,,,,,2026-09-19 02:56:00
,,,2.1,8,6.6,201.0,,,14.6,,,,,2026-09-19 02:26:00
,,,2.1,8,6.5,201.0,,,14.6,,,,,2026-09-19 01:56:00
,,,2.0,8,6.4,202.0,,,14.6,,,,,2026-09-19 01:26:00
,,,2.0,8,6.3,205.0,,,14.6,,,,,2026-09-19 00:56:00
,,,2.0,8,6.2,198.0,,,14.6,,,,,2026-09-19 00:26:00
,,,2.0,8,6.1,206.0,,,14.6,,,,,2026-09-18 23:56:00
,,,1.9,8,5.9,194.0,,,14.6,,,,,2026-09-18 23:26:00
,,,2.0,8,5.8,198.0,,,14.5,,,,,2026-09-18 22:56:00
,,,1.9,8,5.7,194.0,,,14.5,,,,,2026-09-18 22:26:00
,,,1.9,8,5.5,184.0,,,14.5,,,,,2026-09-18 21:56:00
,,,1.9,8,5.6,191.0,,,14.5,,,,,2026-09-18 21:26:00
,,,1.9,8,5.5,182.0,,,14.5,,,,,2026-09-18 20:56:00
,,,1.9,8,5.4,189.0,,,14.5,,,,,2026-09-18 20:26:00
,,,1.8,7,5.2,188.0,,,14.5,,,,,2026-09-18 19:56:00
,,,1.7,7,5.2,203.0,,,14.5,,,,,2026-09-18 19:26:00
,,,1.6,7,5.4,195.0,,,14.5,,,,,2026-09-18 18:56:00
,,,1.6,7,5.6,199.0,,,14.5,,,,,2026-09-18 18:26:00
,,,1.6,7,5.8,198.0,,,14.5,,,,,2026-09-18 17:56:00
,,,1.8,7,5.9,201.0,,,14.5,,,,,2026-09-18 17:26:00
,,,1.8,7,5.8,212.0,,,14.5,,,,,2026-09-18 16:56:00
,,,1.8,7,5.9,232.0,,,14.5,,,,,2026-09-18 16:26:00
,,,1.8,7,5.7,233.0,,,14.5,,,,,2026-09-18 15:56:00
,,,1.8,7,5.8,215.0,,,14.5,,,,,2026-09-18 15:26:00
,,,1.8,7,5.7,209.0,,,14.5,,,,,2026-09-18 14:56:00
,,,1.8,7,5.6,216.0,,,14.5,,,,,2026-09-18 14:26:00
,,,1.9,7,5.7,226.0,,,14.5,,,,,2026-09-18 13:56:00
,,,1.7,7,5.5,229.0,,,14.5,,,,,2026-09-18 13:26:00
,,,1.9,6,5.7,219.0,,,14.5,,,,,2026-09-18 12:56:00
,,,1.8,6,5.5,226.0,,,14.5,,,,,2026-09-18 12:26:00
,,,1.8,7,5.5,251.0,,,14.5,,,,,2026-09-18 11:56:00
,,,1.8,6,5.4,213.0,,,14.5,,,,,2026-09-18 11:26:00
,,,1.7,7,5.3,254.0,,,14.5,,,,,2026-09-18 10:56:00
,,,1.7,6,5.2,237.0,,,14.5,,,,,2026-09-18 10:26:00
,,,1.7,7,5.2,251.0,,,14.5,,,,,2026-09-18 09:56:00
,,,1.7,5,5.1,206.0,,,14.5,,,,,2026-09-18 09:26:00
,,,1.7,7,5.1,248.0,,,14.5,,,,,2026-09-18 08:56:00
,,,1.7,6,5.0,241.0,,,14.5,,,,,2026-09-18 08:26:00
,,,1.6,5,5.0,206.0,,,14.5,,,,,2026-09-18 07:56:00
,,,1.6,5,4.9,213.0,,,14.5,,,,,2026-09-18 07:26:00
,,,1.5,5,5.0,209.0,,,14.5,,,,,2026-09-18 06:56:00
,,,1.6,5,5.0,208.0,,,14.5,,,,,2026-09-18 06:26:00
,,,1.5,6,5.0,250.0,,,14.5,,,,,2026-09-18 05:56:00
,,,1.5,7,4.8,257.0,,,14.5,,,,,2026-09-18 05:26:00
,,,1.6,6,4.9,251.0,,,14.5,,,,,2026-09-18 04:56:00
,,,1.5,6,4.8,254.0,,,14.5,,,,,2026-09-18 04:26:00
,,,1.6,6,4.9,251.0,,,14.5,,,,,2026-09-18 03:56:00
,,,1.6,7,4.9,254.0,,,14.5,,,,,2026-09-18 03:26:00
,,,1.6,7,5.0,267.0,,,14.5,,,,,2026-09-18 02:56:00
,,,1.7,6,5.1,260.0,,,14.5,,,,,2026-09-18 02:26:00
,,,1.8,6,5.0,258.0,,,14.5,,,,,2026-09-18 01:56:00
,,,1.8,6,5.1,260.0,,,14.5,,,,,2026-09-18 01:26:00
,,,1.7,6,4.9,261.0,,,14.5,,,,,2026-09-18 00:56:00
,,,1.6,6,5.0,265.0,,,14.5,,,,,2026-09-18 00:26:00
,,,1.6,6,4.8,265.0,,,14.5,,,,,2026-09-17 23:56:00
,,,1.5,6,4.8,270.0,,,14.5,,,,,2026-09-17 23:26:00
,,,1.6,6,4.6,265.0,,,14.5,,,,,2026-09-17 22:56:00
,,,1.5,5,4.5,226.0,,,14.5,,,,,2026-09-17 22:26:00
,,,1.5,4,4.5,218.0,,,14.5,,,,,2026-09-17 21:56:00
,,,1.4,6,4.5,278.0,,,14.5,,,,,2026-09-17 21:26:00
,,,1.4,4,4.5,222.0,,,14.5,,,,,2026-09-17 20:56:00
,,,1.3,6,4.6,275.0,,,14.5,,,,,2026-09-17 20:26:00
,,,1.2,5,4.5,271.0,,,14.5,,,,,2026-09-17 19:56:00
,,,1.1,6,4.4,271.0,,,14.5,,,,,2026-09-17 19:26:00
,,,1.0,6,4.3,264.0,,,14.5,,,,,2026-09-17 18:56:00
,,,0.9,12,4.7,239.0,,,14.5,,,,,2026-09-17 18:26:00
,,,0.9,15,4.9,209.0,,,14.5,,,,,2026-09-17 17:26:00
,,,0.9,12,4.8,258.0,,,14.4,,,,,2026-09-17 16:56:00
,,,1.0,6,4.9,277.0,,,14.5,,,,,2026-09-17 16:26:00
,,,0.9,6,5.0,274.0,,,14.5,,,,,2026-09-17 15:56:00
,,,1.0,7,5.0,275.0,,,14.5,,,,,2026-09-17 15:26:00
,,,0.9,6,4.8,279.0,,,14.4,,,,,2026-09-17 14:56:00
,,,0.9,13,4.9,208.0,,,14.4,,,,,2026-09-17 14:26:00
,,,1.0,11,4.8,180.0,,,14.4,,,,,2026-09-17 13:56:00
,,,0.9,11,4.6,196.0,,,14.4,,,,,2026-09-17 13:26:00
,,,0.9,4,4.6,236.0,,,14.5,,,,,2026-09-17 12:56:00
,,,0.9,8,4.8,258.0,,,14.5,,,,,2026-09-17 12:26:00
,,,0.9,10,4.8,196.0,,,14.5,,,,,2026-09-17 11:56:00
,,,0.9,15,4.6,188.0,,,14.5,,,,,2026-09-17 11:26:00
,,,0.9,12,4.8,194.0,,,14.5,,,,,2026-09-17 10:56:00
,,,0.8,13,4.9,189.0,,,14.5,,,,,2026-09-17 10:26:00
,,,0.9,15,4.8,188.0,,,14.5,,,,,2026-09-17 09:56:00
,,,0.9,15,4.5,199.0,,,14.5,,,,,2026-09-17 09:26:00
,,,0.9,9,4.5,220.0,,,14.5,,,,,2026-09-17 08:56:00
,,,0.9,9,4.5,240.0,,,14.5,,,,,2026-09-17 08:26:00
,,,0.8,11,4.6,201.0,,,14.5,,,,,2026-09-17 07:56:00
,,,0.8,12,4.8,180.0,,,14.5,,,,,2026-09-17 07:26:00
,,,0.8,10,5.4,187.0,,,14.5,,,,,2026-09-17 06:56:00
,,,0.8,10,5.4,196.0,,,14.5,,,,,2026-09-17 06:26:00
,,,0.8,12,5.3,194.0,,,14.5,,,,,2026-09-17 05:56:00
,,,0.8,11,5.0,198.0,,,14.5,,,,,2026-09-17 05:26:00
,,,0.8,9,5.2,219.0,,,14.5,,,,,2026-09-17 04:56:00
,,,0.8,17,5.4,182.0,,,14.5,,,,,2026-09-17 04:26:00
,,,0.8,10,5.2,222.0,,,14.5,,,,,2026-09-17 03:56:00
,,,0.8,15,5.0,205.0,,,14.5,,,,,2026-09-17 03:26:00
,,,0.8,11,4.6,180.0,,,14.5,,,,,2026-09-17 02:56:00
,,,0.8,13,5.0,170.0,,,14.5,,,,,2026-09-17 02:26:00
,,,0.8,12,4.7,189.0,,,14.5,,,,,2026-09-17 01:56:00
,,,0.8,17,4.5,194.0,,,14.5,,,,,2026-09-17 01:26:00
,,,0.8,13,4.8,180.0,,,14.5,,,,,2026-09-17 00:56:00
,,,0.9,5,4.7,271.0,,,14.5,,,,,2026-09-17 00:26:00
,,,0.8,4,4.6,268.0,,,14.5,,,,,2026-09-16 23:56:00
,,,0.9,13,4.4,164.0,,,14.5,,,,,2026-09-16 23:26:00
,,,1.0,17,4.3,184.0,,,14.5,,,,,2026-09-16 22:56:00
,,,0.9,14,4.4,191.0,,,14.5,,,,,2026-09-16 22:26:00
,,,0.9,13,4.5,192.0,,,14.5,,,,,2026-09-16 21:56:00
,,,0.9,12,4.6,170.0,,,14.5,,,,,2026-09-16 21:26:00
,,,1.0,12,4.5,191.0,,,14.5,,,,,2026-09-16 20:56:00
,,,1.0,13,4.6,188.0,,,14.4,,,,,2026-09-16 20:26:00
,,,1.0,13,4.6,164.0,,,14.4,,,,,2026-09-16 19:56:00
,,,1.0,5,4.6,305.0,,,14.4,,,,,2026-09-16 19:26:00
,,,0.9,11,4.7,165.0,,,14.4,,,,,2026-09-16 18:56:00
,,,0.9,5,4.9,310.0,,,14.4,,,,,2026-09-16 18:26:00
,,,0.9,13,4.7,195.0,,,14.4,,,,,2026-09-16 17:56:00
,,,0.8,17,4.9,192.0,,,14.4,,,,,2026-09-16 17:26:00
,,,0.9,13,4.8,188.0,,,14.4,,,,,2026-09-16 16:56:00
,,,0.9,13,4.9,168.0,,,14.4,,,,,2026-09-16 16:26:00
,,,0.8,12,5.0,191.0,,,14.4,,,,,2026-09-16 15:56:00
,,,0.8,12,5.0,167.0,,,14.4,,,,,2026-09-16 15:26:00
,,,0.8,13,5.0,180.0,,,14.4,,,,,2026-09-16 14:56:00
,,,0.8,11,4.8,194.0,,,14.4,,,,,2026-09-16 14:26:00
,,,0.8,11,4.9,202.0,,,14.4,,,,,2026-09-16 13:56:00
,,,0.8,13,4.5,201.0,,,14.5,,,,,2026-09-16 13:26:00
,,,0.8,17,4.6,199.0,,,14.4,,,,,2026-09-16 12:56:00
,,,0.7,13,4.8,175.0,,,14.5,,,,,2026-09-16 12:26:00
,,,0.7,15,4.7,216.0,,,14.5,,,,,2026-09-16 11:56:00
,,,0.7,12,5.0,188.0,,,14.4,,,,,2026-09-16 11:26:00
,,,0.7,14,5.1,180.0,,,14.4,,,,,2026-09-16 10:56:00
,,,0.7,14,5.1,188.0,,,14.4,,,,,2026-09-16 10:26:00
,,,0.7,14,5.4,187.0,,,14.4,,,,,2026-09-16 09:56:00
,,,0.7,13,5.5,171.0,,,14.4,,,,,2026-09-16 09:26:00
,,,0.8,14,5.3,185.0,,,14.4,,,,,2026-09-16 08:56:00
,,,0.7,14,5.3,184.0,,,14.4,,,,,2026-09-16 08:26:00
,,,0.7,14,5.4,170.0,,,14.4,,,,,2026-09-16 07:56:00
,,,0.7,12,5.6,177.0,,,14.5,,,,,2026-09-16 07:26:00
,,,0.7,14,5.7,188.0,,,14.5,,,,,2026-09-16 06:56:00
,,,0.8,13,6.3,170.0,,,14.5,,,,,2026-09-16 06:26:00
,,,0.7,15,6.0,202.0,,,14.5,,,,,2026-09-16 05:56:00
,,,0.8,15,6.3,194.0,,,14.5,,,,,2026-09-16 05:26:00
,,,0.7,14,6.7,188.0,,,14.5,,,,,2026-09-16 04:56:00
,,,0.7,13,6.4,175.0,,,14.6,,,,,2026-09-16 04:26:00
,,,0.7,13,6.7,175.0,,,14.6,,,,,2026-09-16 03:56:00
,,,0.8,14,6.9,192.0,,,14.6,,,,,2026-09-16 03:26:00
,,,0.8,13,6.8,177.0,,,14.6,,,,,2026-09-16 02:56:00
,,,0.7,13,6.7,194.0,,,14.7,,,,,2026-09-16 02:26:00
,,,0.8,13,6.5,180.0,,,14.8,,,,,2026-09-16 01:56:00
,,,0.8,14,6.6,167.0,,,14.8,,,,,2026-09-16 01:26:00
,,,0.8,14,6.5,194.0,,,14.8,,,,,2026-09-16 00:56:00
,,,0.8,12,6.2,175.0,,,14.8,,,,,2026-09-16 00:26:00
,,,0.8,14,6.3,195.0,,,14.8,,,,,2026-09-15 23:56:00
,,,0.8,13,6.2,182.0,,,14.8,,,,,2026-09-15 23:26:00
,,,0.8,12,6.2,194.0,,,14.7,,,,,2026-09-15 22:56:00
,,,0.8,13,6.1,182.0,,,14.7,,,,,2026-09-15 22:26:00
,,,0.8,10,6.0,254.0,,,14.6,,,,,2026-09-15 21:56:00
,,,0.8,12,6.0,194.0,,,14.6,,,,,2026-09-15 21:26:00
,,,0.8,6,5.5,322.0,,,14.6,,,,,2026-09-15 20:56:00
,,,0.9,13,5.9,178.0,,,14.6,,,,,2026-09-15 20:26:00
,,,0.8,13,5.7,195.0,,,14.5,,,,,2026-09-15 19:56:00
,,,0.8,13,5.8,189.0,,,14.5,,,,,2026-09-15 19:26:00
,,,0.8,13,5.7,181.0,,,14.5,,,,,2026-09-15 18:56:00
,,,0.9,13,5.5,182.0,,,14.5,,,,,2026-09-15 18:26:00
,,,0.9,13,5.3,171.0,,,14.5,,,,,2026-09-15 17:56:00
,,,0.9,14,5.5,174.0,,,14.5,,,,,2026-09-15 17:26:00
,,,0.9,13,5.4,177.0,,,14.5,,,,,2026-09-15 16:56:00
,,,0.9,14,5.2,164.0,,,14.5,,,,,2026-09-15 16:26:00
,,,1.0,14,5.3,180.0,,,14.5,,,,,2026-09-15 15:26:00
,,,0.9,6,5.2,333.0,,,14.5,,,,,2026-09-15 14:56:00
,,,0.9,13,5.5,173.0,,,14.5,,,,,2026-09-15 14:26:00
,,,1.0,6,5.6,326.0,,,14.5,,,,,2026-09-15 13:56:00
,,,0.9,6,5.5,326.0,,,14.5,,,,,2026-09-15 13:26:00
,,,1.0,13,5.6,170.0,,,14.5,,,,,2026-09-15 12:56:00
,,,1.0,13,5.8,170.0,,,14.5,,,,,2026-09-15 12:26:00
,,,1.0,13,5.6,178.0,,,14.5,,,,,2026-09-15 11:56:00
,,,1.0,10,5.7,268.0,,,14.5,,,,,2026-09-15 11:26:00
,,,1.0,6,5.7,322.0,,,14.5,,,,,2026-09-15 10:56:00
,,,0.9,13,5.5,185.0,,,14.5,,,,,2026-09-15 10:26:00
,,,1.0,11,5.5,260.0,,,14.5,,,,,2026-09-15 09:56:00
,,,1.0,10,5.5,257.0,,,14.5,,,,,2026-09-15 09:26:00
,,,0.9,14,5.5,168.0,,,14.5,,,,,2026-09-15 08:56:00
,,,1.0,11,5.7,267.0,,,14.5,,,,,2026-09-15 08:26:00
,,,1.0,6,5.3,316.0,,,14.5,,,,,2026-09-15 07:56:00
,,,1.0,11,5.4,263.0,,,14.5,,,,,2026-09-15 07:26:00
,,,1.0,11,5.3,261.0,,,14.5,,,,,2026-09-15 06:56:00
,,,1.0,12,5.3,240.0,,,14.5,,,,,2026-09-15 06:26:00
,,,1.0,12,5.1,223.0,,,14.5,,,,,2026-09-15 05:56:00
,,,1.0,12,5.1,203.0,,,14.5,,,,,2026-09-15 05:26:00
,,,1.1,12,5.3,251.0,,,14.5,,,,,2026-09-15 04:56:00
,,,1.0,12,5.1,257.0,,,14.5,,,,,2026-09-15 04:26:00
,,,1.0,13,5.1,181.0,,,14.5,,,,,2026-09-15 03:56:00
,,,1.0,13,5.3,184.0,,,14.5,,,,,2026-09-15 03:26:00
,,,1.0,14,5.3,175.0,,,14.5,,,,,2026-09-15 02:56:00
,,,1.1,11,5.5,260.0,,,14.6,,,,,2026-09-15 02:26:00
,,,1.1,11,5.5,257.0,,,14.6,,,,,2026-09-15 01:56:00
,,,1.1,13,5.6,189.0,,,14.6,,,,,2026-09-15 01:26:00
,,,1.0,6,5.4,317.0,,,14.5,,,,,2026-09-15 00:56:00
,,,1.0,6,5.5,322.0,,,14.5,,,,,2026-09-15 00:26:00
,,,1.0,6,5.2,326.0,,,14.5,,,,,2026-09-14 23:56:00
,,,1.0,13,5.3,187.0,,,14.5,,,,,2026-09-14 23:26:00
,,,1.1,14,5.4,174.0,,,14.5,,,,,2026-09-14 22:56:00
,,,1.1,13,5.3,181.0,,,14.5,,,,,2026-09-14 22:26:00
,,,1.1,13,5.3,192.0,,,14.5,,,,,2026-09-14 21:56:00
,,,1.1,11,5.3,250.0,,,14.5,,,,,2026-09-14 21:26:00
,,,1.2,6,5.3,330.0,,,14.5,,,,,2026-09-14 20:56:00
,,,1.1,6,5.3,327.0,,,14.5,,,,,2026-09-14 20:26:00
,,,1.1,6,5.3,327.0,,,14.5,,,,,2026-09-14 19:56:00
,,,1.1,12,5.2,257.0,,,14.5,,,,,2026-09-14 19:26:00
,,,1.1,13,5.6,181.0,,,14.5,,,,,2026-09-14 18:56:00
,,,1.1,6,5.5,324.0,,,14.5,,,,,2026-09-14 18:26:00
,,,1.1,11,5.6,277.0,,,14.5,,,,,2026-09-14 17:56:00
,,,1.0,13,5.1,198.0,,,14.5,,,,,2026-09-14 17:26:00
,,,1.1,14,5.5,184.0,,,14.5,,,,,2026-09-14 16:56:00
,,,1.0,11,5.2,263.0,,,14.5,,,,,2026-09-14 16:26:00
,,,1.0,14,5.2,187.0,,,14.5,,,,,2026-09-14 15:56:00
,,,1.0,14,5.1,165.0,,,14.5,,,,,2026-09-14 15:26:00
,,,1.0,14,5.1,180.0,,,14.5,,,,,2026-09-14 14:56:00
,,,1.0,11,4.9,263.0,,,14.5,,,,,2026-09-14 14:26:00
,,,1.1,13,5.3,218.0,,,14.5,,,,,2026-09-14 13:56:00
,,,1.1,13,5.3,253.0,,,14.5,,,,,2026-09-14 13:26:00
,,,1.1,13,5.3,225.0,,,14.5,,,,,2026-09-14 12:56:00
,,,1.1,14,4.9,180.0,,,14.5,,,,,2026-09-14 12:26:00
,,,1.2,13,5.4,241.0,,,14.5,,,,,2026-09-14 11:56:00
,,,1.1,13,5.3,233.0,,,14.5,,,,,2026-09-14 11:26:00
,,,1.1,12,5.3,240.0,,,14.5,,,,,2026-09-14 10:56:00
,,,1.1,13,5.2,244.0,,,14.5,,,,,2026-09-14 10:26:00
,,,1.3,13,5.5,199.0,,,14.5,,,,,2026-09-14 09:56:00
,,,1.1,6,5.0,333.0,,,14.5,,,,,2026-09-14 09:26:00
,,,1.3,6,5.2,331.0,,,14.5,,,,,2026-09-14 08:56:00
,,,1.2,13,5.2,236.0,,,14.5,,,,,2026-09-14 08:26:00
,,,1.3,6,5.0,320.0,,,14.5,,,,,2026-09-14 07:56:00
,,,1.3,6,5.2,331.0,,,14.5,,,,,2026-09-14 07:26:00
,,,1.2,6,5.4,329.0,,,14.5,,,,,2026-09-14 06:56:00
,,,1.3,14,5.0,171.0,,,14.5,,,,,2026-09-14 06:26:00
,,,1.3,13,5.1,201.0,,,14.5,,,,,2026-09-14 05:56:00
,,,1.3,12,5.3,275.0,,,14.5,,,,,2026-09-14 05:26:00
,,,1.3,6,5.1,343.0,,,14.5,,,,,2026-09-14 04:56:00
,,,1.3,13,5.4,229.0,,,14.5,,,,,2026-09-14 04:26:00
,,,1.2,14,5.3,184.0,,,14.5,,,,,2026-09-14 03:56:00
,,,1.3,7,5.5,338.0,,,14.5,,,,,2026-09-14 03:26:00
,,,1.3,12,5.4,270.0,,,14.5,,,,,2026-09-14 02:56:00
,,,1.2,14,5.4,194.0,,,14.5,,,,,2026-09-14 02:26:00
,,,1.2,7,5.3,337.0,,,14.6,,,,,2026-09-14 01:56:00
,,,1.2,15,5.5,161.0,,,14.6,,,,,2026-09-14 01:26:00
,,,1.2,13,5.6,251.0,,,14.6,,,,,2026-09-14 00:56:00
,,,1.2,13,5.8,236.0,,,14.6,,,,,2026-09-14 00:26:00
,,,1.2,13,5.7,215.0,,,14.5,,,,,2026-09-13 23:56:00
,,,1.2,13,5.7,261.0,,,14.5,,,,,2026-09-13 23:26:00
,,,1.2,14,5.4,187.0,,,14.5,,,,,2026-09-13 22:56:00
,,,1.2,14,5.3,181.0,,,14.5,,,,,2026-09-13 22:26:00
,,,1.3,13,5.7,220.0,,,14.5,,,,,2026-09-13 21:56:00
,,,1.3,7,5.6,330.0,,,14.5,,,,,2026-09-13 21:26:00
,,,1.3,13,5.7,218.0,,,14.5,,,,,2026-09-13 20:56:00
,,,1.4,14,5.7,205.0,,,14.5,,,,,2026-09-13 20:26:00
,,,1.4,6,5.4,334.0,,,14.5,,,,,2026-09-13 19:56:00
,,,1.4,7,5.4,337.0,,,14.5,,,,,2026-09-13 19:26:00
,,,1.4,7,5.5,333.0,,,14.5,,,,,2026-09-13 18:56:00
,,,1.4,6,5.4,337.0,,,14.5,,,,,2026-09-13 18:26:00
,,,1.4,14,5.3,226.0,,,14.5,,,,,2026-09-13 17:56:00
,,,1.5,6,5.3,338.0,,,14.5,,,,,2026-09-13 17:26:00
,,,1.4,14,5.3,196.0,,,14.5,,,,,2026-09-13 16:56:00
,,,1.5,6,5.2,347.0,,,14.5,,,,,2026-09-13 16:26:00
,,,1.6,6,5.3,340.0,,,14.5,,,,,2026-09-13 15:56:00
,,,1.5,6,5.1,345.0,,,14.5,,,,,2026-09-13 15:26:00
,,,1.5,14,5.4,206.0,,,14.5,,,,,2026-09-13 14:56:00
,,,1.4,6,5.3,340.0,,,14.5,,,,,2026-09-13 14:26:00
,,,1.4,6,5.2,358.0,,,14.5,,,,,2026-09-13 13:56:00
,,,1.3,15,5.3,202.0,,,14.5,,,,,2026-09-13 13:26:00
,,,1.2,15,5.1,189.0,,,14.5,,,,,2026-09-13 12:56:00
,,,1.3,15,5.2,199.0,,,14.5,,,,,2026-09-13 12:26:00
,,,1.3,13,5.4,234.0,,,14.5,,,,,2026-09-13 11:56:00
,,,1.3,13,5.3,261.0,,,14.5,,,,,2026-09-13 11:26:00
,,,1.3,13,5.2,205.0,,,14.5,,,,,2026-09-13 10:56:00
,,,1.2,13,5.0,251.0,,,14.5,,,,,2026-09-13 10:26:00
,,,1.2,14,5.0,212.0,,,14.5,,,,,2026-09-13 09:56:00
,,,1.2,15,5.1,223.0,,,14.5,,,,,2026-09-13 09:26:00
,,,1.3,14,5.3,225.0,,,14.5,,,,,2026-09-13 08:56:00
,,,1.2,14,5.2,205.0,,,14.5,,,,,2026-09-13 08:26:00
,,,1.3,15,5.5,196.0,,,14.5,,,,,2026-09-13 07:56:00
,,,1.3,14,5.6,185.0,,,14.5,,,,,2026-09-13 07:26:00
,,,1.3,6,5.4,344.0,,,14.5,,,,,2026-09-13 06:56:00
,,,1.2,14,5.4,209.0,,,14.5,,,,,2026-09-13 06:26:00
,,,1.2,15,5.2,201.0,,,14.5,,,,,2026-09-13 05:56:00
,,,1.2,14,5.3,195.0,,,14.5,,,,,2026-09-13 05:26:00
,,,1.3,14,5.3,212.0,,,14.5,,,,,2026-09-13 04:56:00
,,,1.2,15,5.2,188.0,,,14.5,,,,,2026-09-13 04:26:00
,,,1.2,15,5.2,180.0,,,14.5,,,,,2026-09-13 03:56:00
,,,1.3,7,5.2,340.0,,,14.5,,,,,2026-09-13 03:26:00
,,,1.3,14,5.1,178.0,,,14.5,,,,,2026-09-13 02:56:00
,,,1.3,15,5.1,185.0,,,14.5,,,,,2026-09-13 02:26:00
,,,1.3,15,5.1,189.0,,,14.5,,,,,2026-09-13 01:56:00
,,,1.3,6,5.0,334.0,,,14.5,,,,,2026-09-13 01:26:00
,,,1.3,14,5.2,187.0,,,14.5,,,,,2026-09-13 00:56:00
,,,1.3,15,5.3,185.0,,,14.5,,,,,2026-09-13 00:26:00
,,,1.3,15,5.2,202.0,,,14.5,,,,,2026-09-12 23:56:00
,,,1.2,15,5.2,191.0,,,14.5,,,,,2026-09-12 23:26:00
,,,1.2,14,5.2,195.0,,,14.5,,,,,2026-09-12 22:56:00
,,,1.2,15,5.4,191.0,,,14.5,,,,,2026-09-12 22:26:00
,,,1.2,14,5.3,201.0,,,14.5,,,,,2026-09-12 21:56:00
,,,1.2,15,5.5,199.0,,,14.5,,,,,2026-09-12 21:26:00
,,,1.2,15,5.4,191.0,,,14.5,,,,,2026-09-12 20:56:00
,,,1.1,15,5.6,181.0,,,14.5,,,,,2026-09-12 20:26:00
,,,1.2,15,5.7,198.0,,,14.5,,,,,2026-09-12 19:56:00
,,,1.2,14,5.6,192.0,,,14.5,,,,,2026-09-12 19:26:00
,,,1.2,15,5.8,188.0,,,14.5,,,,,2026-09-12 18:56:00
,,,1.2,15,5.7,210.0,,,14.5,,,,,2026-09-12 18:26:00
,,,1.2,12,6.0,202.0,,,14.5,,,,,2026-09-12 17:56:00
,,,1.3,12,5.7,194.0,,,14.5,,,,,2026-09-12 17:26:00
,,,1.3,13,5.7,205.0,,,14.5,,,,,2026-09-12 16:56:00
,,,1.2,15,6.1,194.0,,,14.5,,,,,2026-09-12 16:26:00
,,,1.3,15,6.1,184.0,,,14.5,,,,,2026-09-12 15:56:00
,,,1.2,14,6.1,194.0,,,14.5,,,,,2026-09-12 15:26:00
,,,1.3,13,6.0,194.0,,,14.5,,,,,2026-09-12 14:56:00
,,,1.4,15,6.0,184.0,,,14.5,,,,,2026-09-12 14:26:00
,,,1.5,15,6.4,191.0,,,14.5,,,,,2026-09-12 13:56:00
,,,1.3,13,6.0,208.0,,,14.5,,,,,2026-09-12 13:26:00
,,,1.4,13,6.1,202.0,,,14.5,,,,,2026-09-12 12:56:00
,,,1.5,14,6.3,191.0,,,14.5,,,,,2026-09-12 12:26:00
,,,1.6,15,6.4,192.0,,,14.5,,,,,2026-09-12 11:56:00
,,,1.6,15,6.4,195.0,,,14.5,,,,,2026-09-12 11:26:00
,,,1.5,15,6.1,185.0,,,14.5,,,,,2026-09-12 10:56:00
,,,1.6,8,6.2,340.0,,,14.5,,,,,2026-09-12 10:26:00
,,,1.6,7,6.0,336.0,,,14.5,,,,,2026-09-12 09:56:00
,,,1.7,7,6.4,336.0,,,14.5,,,,,2026-09-12 09:26:00
,,,1.7,7,6.1,334.0,,,14.5,,,,,2026-09-12 08:56:00
,,,1.6,13,6.3,212.0,,,14.5,,,,,2026-09-12 08:26:00
,,,1.7,8,6.1,341.0,,,14.5,,,,,2026-09-12 07:56:00
,,,1.7,7,6.2,334.0,,,14.5,,,,,2026-09-12 07:26:00
,,,1.8,13,6.4,196.0,,,14.5,,,,,2026-09-12 06:56:00
,,,1.8,7,6.3,334.0,,,14.5,,,,,2026-09-12 06:26:00
,,,1.7,8,6.3,343.0,,,14.5,,,,,2026-09-12 05:56:00
,,,1.7,7,6.4,334.0,,,14.6,,,,,2026-09-12 05:26:00
,,,1.8,13,6.5,210.0,,,14.6,,,,,2026-09-12 04:56:00
,,,1.8,13,6.2,213.0,,,14.6,,,,,2026-09-12 04:26:00
,,,1.8,8,6.3,334.0,,,14.6,,,,,2026-09-12 03:56:00
,,,1.8,17,6.4,188.0,,,14.6,,,,,2026-09-12 03:26:00
,,,1.9,14,6.6,205.0,,,14.6,,,,,2026-09-12 02:56:00
,,,1.8,14,6.6,205.0,,,14.6,,,,,2026-09-12 02:26:00
,,,1.9,14,6.4,215.0,,,14.6,,,,,2026-09-12 01:56:00
,,,2.0,14,6.5,203.0,,,14.6,,,,,2026-09-12 01:26:00
,,,1.9,14,6.4,206.0,,,14.6,,,,,2026-09-12 00:56:00
,,,1.9,14,6.2,210.0,,,14.6,,,,,2026-09-12 00:26:00
,,,2.0,8,6.3,340.0,,,14.6,,,,,2026-09-11 23:56:00
,,,1.9,9,6.2,353.0,,,14.6,,,,,2026-09-11 23:26:00
,,,2.0,8,6.3,336.0,,,14.6,,,,,2026-09-11 22:56:00
,,,2.0,8,6.2,338.0,,,14.6,,,,,2026-09-11 22:26:00
,,,2.1,14,6.2,203.0,,,14.6,,,,,2026-09-11 21:56:00
,,,2.1,7,6.2,331.0,,,14.5,,,,,2026-09-11 21:26:00
,,,2.1,8,6.2,334.0,,,14.5,,,,,2026-09-11 20:56:00
,,,2.1,7,6.0,340.0,,,14.5,,,,,2026-09-11 20:26:00
,,,2.3,8,6.3,331.0,,,14.5,,,,,2026-09-11 19:56:00
,,,2.2,8,6.0,331.0,,,14.5,,,,,2026-09-11 19:26:00
,,,2.2,8,6.1,333.0,,,14.5,,,,,2026-09-11 18:56:00
,,,2.2,8,6.1,333.0,,,14.5,,,,,2026-09-11 18:26:00
,,,2.2,8,6.0,334.0,,,14.5,,,,,2026-09-11 17:56:00
,,,2.3,8,6.1,330.0,,,14.5,,,,,2026-09-11 17:26:00
,,,2.4,8,6.0,327.0,,,14.5,,,,,2026-09-11 16:56:00
,,,2.3,7,6.0,334.0,,,14.5,,,,,2026-09-11 16:26:00
,,,2.3,8,6.0,333.0,,,14.5,,,,,2026-09-11 15:56:00
,,,2.2,8,6.0,334.0,,,14.5,,,,,2026-09-11 15:26:00
,,,2.4,8,6.1,326.0,,,14.5,,,,,2026-09-11 14:56:00
,,,2.4,8,6.0,326.0,,,14.5,,,,,2026-09-11 14:26:00
,,,2.4,8,6.3,326.0,,,14.5,,,,,2026-09-11 13:56:00
,,,2.3,8,6.2,337.0,,,14.5,,,,,2026-09-11 13:26:00
,,,2.3,7,6.0,334.0,,,14.5,,,,,2026-09-11 12:56:00
,,,2.3,8,6.2,333.0,,,14.5,,,,,2026-09-11 12:26:00
,,,2.3,8,6.0,337.0,,,14.5,,,,,2026-09-11 11:56:00
,,,2.3,9,6.3,319.0,,,14.5,,,,,2026-09-11 11:26:00
,,,2.3,7,6.1,324.0,,,14.5,,,,,2026-09-11 10:56:00
,,,2.2,8,6.4,326.0,,,14.5,,,,,2026-09-11 10:26:00
,,,2.2,10,6.2,340.0,,,14.5,,,,,2026-09-11 09:56:00
,,,2.2,8,6.2,326.0,,,14.5,,,,,2026-09-11 09:26:00
,,,2.1,6,6.0,329.0,,,14.5,,,,,2026-09-11 08:56:00
,,,2.2,7,6.1,329.0,,,14.5,,,,,2026-09-11 08:26:00
,,,2.3,8,6.2,317.0,,,14.5,,,,,2026-09-11 07:56:00
,,,2.2,8,6.3,324.0,,,14.5,,,,,2026-09-11 07:26:00
,,,2.2,8,6.1,322.0,,,14.6,,,,,2026-09-11 06:56:00
,,,2.1,8,6.0,313.0,,,14.6,,,,,2026-09-11 06:26:00
,,,2.2,9,6.1,303.0,,,14.6,,,,,2026-09-11 05:56:00
,,,2.2,8,6.0,322.0,,,14.6,,,,,2026-09-11 05:26:00
,,,2.1,8,6.0,324.0,,,14.6,,,,,2026-09-11 04:56:00
,,,2.2,12,6.2,139.0,,,14.6,,,,,2026-09-11 04:26:00
,,,2.1,8,6.0,312.0,,,14.6,,,,,2026-09-11 03:56:00
,,,2.1,8,6.3,331.0,,,14.6,,,,,2026-09-11 03:26:00
,,,2.1,8,6.1,313.0,,,14.6,,,,,2026-09-11 02:56:00
,,,2.1,8,6.2,313.0,,,14.6,,,,,2026-09-11 02:26:00
,,,2.0,8,6.0,319.0,,,14.6,,,,,2026-09-11 01:56:00
,,,2.0,8,6.2,308.0,,,14.6,,,,,2026-09-11 01:26:00
,,,2.0,8,6.3,317.0,,,14.6,,,,,2026-09-11 00:56:00
,,,1.9,9,6.1,296.0,,,14.6,,,,,2026-09-11 00:26:00
,,,1.9,10,5.8,296.0,,,14.6,,,,,2026-09-10 23:56:00
,,,2.0,10,6.3,277.0,,,14.6,,,,,2026-09-10 23:26:00
,,,1.9,8,6.0,302.0,,,14.6,,,,,2026-09-10 22:56:00
,,,1.9,12,6.2,149.0,,,14.6,,,,,2026-09-10 22:26:00
,,,2.0,10,6.1,286.0,,,14.6,,,,,2026-09-10 21:56:00
,,,2.0,10,6.3,255.0,,,14.6,,,,,2026-09-10 21:26:00
,,,1.9,11,6.0,285.0,,,14.6,,,,,2026-09-10 20:56:00
,,,1.9,10,6.2,261.0,,,14.6,,,,,2026-09-10 20:26:00
,,,2.0,11,6.3,277.0,,,14.6,,,,,2026-09-10 19:56:00
,,,1.9,11,6.2,270.0,,,14.6,,,,,2026-09-10 19:26:00
,,,1.9,11,6.2,282.0,,,14.6,,,,,2026-09-10 18:56:00
,,,1.9,9,6.4,277.0,,,14.6,,,,,2026-09-10 18:26:00
,,,2.0,10,6.4,267.0,,,14.6,,,,,2026-09-10 17:56:00
,,,2.0,8,6.4,305.0,,,14.6,,,,,2026-09-10 17:26:00
,,,2.0,11,6.7,244.0,,,14.6,,,,,2026-09-10 16:56:00
,,,2.0,11,6.5,264.0,,,14.6,,,,,2026-09-10 16:26:00
,,,2.0,10,6.5,270.0,,,14.6,,,,,2026-09-10 15:56:00
,,,2.0,11,6.5,254.0,,,14.6,,,,,2026-09-10 15:26:00
,,,1.9,11,6.5,260.0,,,14.6,,,,,2026-09-10 14:56:00
,,,2.0,11,6.7,248.0,,,14.6,,,,,2026-09-10 14:26:00
,,,2.0,12,6.7,220.0,,,14.6,,,,,2026-09-10 13:56:00
,,,2.0,11,6.8,254.0,,,14.6,,,,,2026-09-10 13:26:00
,,,2.0,10,6.9,274.0,,,14.6,,,,,2026-09-10 12:56:00
,,,2.1,11,7.0,246.0,,,14.6,,,,,2026-09-10 12:26:00
,,,2.1,11,7.0,264.0,,,14.6,,,,,2026-09-10 11:56:00
,,,2.0,11,6.8,237.0,,,14.6,,,,,2026-09-10 11:26:00
,,,2.1,11,6.8,254.0,,,14.6,,,,,2026-09-10 10:56:00
,,,2.0,13,6.6,160.0,,,14.6,,,,,2026-09-10 10:26:00
,,,2.0,11,6.6,243.0,,,14.6,,,,,2026-09-10 09:56:00
,,,2.0,11,6.7,251.0,,,14.6,,,,,2026-09-10 09:26:00
,,,2.0,10,6.6,268.0,,,14.6,,,,,2026-09-10 08:56:00
,,,2.0,11,6.8,275.0,,,14.6,,,,,2026-09-10 08:26:00
,,,2.2,11,7.0,263.0,,,14.6,,,,,2026-09-10 07:56:00
,,,2.1,11,6.9,272.0,,,14.7,,,,,2026-09-10 07:26:00
,,,2.2,11,7.2,258.0,,,14.6,,,,,2026-09-10 06:56:00
,,,2.1,11,6.9,263.0,,,14.7,,,,,2026-09-10 06:26:00
,,,2.1,11,7.1,244.0,,,14.7,,,,,2026-09-10 05:56:00
,,,2.0,12,6.9,253.0,,,14.7,,,,,2026-09-10 05:26:00
,,,2.1,12,7.0,222.0,,,14.7,,,,,2026-09-10 04:56:00
,,,2.0,11,6.8,240.0,,,14.7,,,,,2026-09-10 04:26:00
,,,2.0,12,7.0,255.0,,,14.7,,,,,2026-09-10 03:56:00
,,,2.0,12,7.2,244.0,,,14.7,,,,,2026-09-10 03:26:00
,,,2.0,11,7.1,254.0,,,14.7,,,,,2026-09-10 02:56:00
,,,2.1,11,7.4,215.0,,,14.7,,,,,2026-09-10 02:26:00
,,,2.0,13,7.3,260.0,,,14.7,,,,,2026-09-10 01:56:00
,,,2.0,13,7.3,251.0,,,14.7,,,,,2026-09-10 01:26:00
,,,2.1,12,7.5,243.0,,,14.7,,,,,2026-09-10 00:56:00
,,,1.9,12,6.8,254.0,,,14.7,,,,,2026-09-10 00:26:00
,,,2.2,13,7.2,244.0,,,14.7,,,,,2026-09-09 23:56:00
,,,2.1,13,7.4,248.0,,,14.7,,,,,2026-09-09 23:26:00
,,,2.2,13,7.6,241.0,,,14.7,,,,,2026-09-09 22:56:00
,,,2.1,13,7.5,254.0,,,14.7,,,,,2026-09-09 22:26:00
,,,2.0,12,7.2,216.0,,,14.7,,,,,2026-09-09 21:56:00
,,,2.1,13,7.4,240.0,,,14.7,,,,,2026-09-09 21:26:00
,,,2.3,14,7.8,160.0,,,14.7,,,,,2026-09-09 20:56:00
,,,2.1,13,7.5,236.0,,,14.7,,,,,2026-09-09 20:26:00
,,,2.2,13,7.5,215.0,,,14.7,,,,,2026-09-09 19:56:00
,,,2.0,14,7.4,230.0,,,14.6,,,,,2026-09-09 19:26:00
,,,2.0,13,7.2,261.0,,,14.6,,,,,2026-09-09 18:56:00
,,,2.1,13,7.3,240.0,,,14.6,,,,,2026-09-09 18:26:00
,,,2.3,13,7.8,257.0,,,14.6,,,,,2026-09-09 17:56:00
,,,2.3,14,7.9,239.0,,,14.6,,,,,2026-09-09 17:26:00
,,,2.2,13,7.5,260.0,,,14.6,,,,,2026-09-09 16:56:00
,,,2.1,14,7.2,288.0,,,14.6,,,,,2026-09-09 16:26:00
,,,2.3,14,7.6,196.0,,,14.6,,,,,2026-09-09 15:56:00
,,,2.2,14,7.3,195.0,,,14.6,,,,,2026-09-09 15:26:00
,,,2.1,14,7.2,230.0,,,14.6,,,,,2026-09-09 14:56:00
,,,2.2,14,7.6,165.0,,,14.6,,,,,2026-09-09 14:26:00
,,,2.1,13,7.3,150.0,,,14.6,,,,,2026-09-09 13:56:00
,,,2.2,14,7.4,194.0,,,14.6,,,,,2026-09-09 13:26:00
,,,2.1,10,7.0,260.0,,,14.6,,,,,2026-09-09 12:56:00
,,,2.1,11,6.8,215.0,,,14.6,,,,,2026-09-09 12:26:00
,,,2.2,11,7.1,209.0,,,14.6,,,,,2026-09-09 11:56:00
,,,2.1,11,7.0,198.0,,,14.6,,,,,2026-09-09 11:26:00
,,,2.1,10,6.8,248.0,,,14.6,,,,,2026-09-09 10:56:00
,,,2.1,10,6.9,274.0,,,14.6,,,,,2026-09-09 10:26:00
,,,2.0,13,6.8,177.0,,,14.6,,,,,2026-09-09 09:56:00
,,,2.1,11,7.0,223.0,,,14.6,,,,,2026-09-09 09:26:00
,,,2.0,13,6.9,161.0,,,14.6,,,,,2026-09-09 08:56:00
,,,2.0,11,6.7,233.0,,,14.6,,,,,2026-09-09 08:26:00
,,,2.0,13,7.0,168.0,,,14.7,,,,,2026-09-09 07:56:00
,,,2.1,10,6.9,251.0,,,14.7,,,,,2026-09-09 07:26:00
,,,2.1,11,7.1,241.0,,,14.7,,,,,2026-09-09 06:56:00
,,,2.0,11,6.5,247.0,,,14.7,,,,,2026-09-09 06:26:00
,,,2.1,11,6.8,247.0,,,14.7,,,,,2026-09-09 05:56:00
,,,2.1,13,7.0,144.0,,,14.7,,,,,2026-09-09 05:26:00
,,,2.2,13,7.2,146.0,,,14.7,,,,,2026-09-09 04:56:00
,,,2.2,13,6.7,142.0,,,14.7,,,,,2026-09-09 04:26:00
,,,2.0,12,6.7,187.0,,,14.7,,,,,2026-09-09 03:56:00
,,,2.2,13,6.8,139.0,,,14.7,,,,,2026-09-09 03:26:00
,,,2.2,13,7.3,142.0,,,14.7,,,,,2026-09-09 02:56:00
,,,2.2,11,7.3,240.0,,,14.7,,,,,2026-09-09 02:26:00
,,,2.2,11,7.0,272.0,,,14.7,,,,,2026-09-09 01:56:00
,,,2.1,12,6.9,229.0,,,14.7,,,,,2026-09-09 01:26:00
,,,2.1,11,6.9,265.0,,,14.7,,,,,2026-09-09 00:56:00
,,,2.3,13,7.4,143.0,,,14.7,,,,,2026-09-09 00:26:00
,,,2.2,11,7.2,243.0,,,14.8,,,,,2026-09-08 23:56:00
,,,2.3,13,7.8,189.0,,,14.7,,,,,2026-09-08 23:26:00
,,,2.2,12,7.5,261.0,,,14.7,,,,,2026-09-08 22:56:00
,,,2.1,13,7.4,146.0,,,14.7,,,,,2026-09-08 22:26:00
,,,2.1,13,7.5,209.0,,,14.7,,,,,2026-09-08 21:56:00
,,,2.0,12,7.5,246.0,,,14.7,,,,,2026-09-08 21:26:00
,,,2.2,12,7.4,248.0,,,14.6,,,,,2026-09-08 20:56:00
,,,2.1,13,7.2,243.0,,,14.6,,,,,2026-09-08 20:26:00
,,,2.2,13,7.3,232.0,,,14.6,,,,,2026-09-08 19:56:00
,,,2.3,13,7.6,233.0,,,14.6,,,,,2026-09-08 19:26:00
,,,2.1,13,7.0,182.0,,,14.6,,,,,2026-09-08 18:56:00
,,,2.2,13,7.3,246.0,,,14.6,,,,,2026-09-08 18:26:00
,,,2.2,11,7.4,265.0,,,14.6,,,,,2026-09-08 17:56:00
,,,2.2,13,7.7,234.0,,,14.5,,,,,2026-09-08 17:26:00
,,,2.3,13,8.0,175.0,,,14.5,,,,,2026-09-08 16:56:00
,,,2.2,13,7.7,222.0,,,14.5,,,,,2026-09-08 16:26:00
,,,2.3,13,7.8,147.0,,,14.5,,,,,2026-09-08 15:56:00
,,,2.5,11,8.3,268.0,,,14.6,,,,,2026-09-08 15:26:00
,,,2.3,12,8.3,257.0,,,14.6,,,,,2026-09-08 14:56:00
,,,2.3,10,8.4,264.0,,,14.6,,,,,2026-09-08 14:26:00
,,,2.3,13,8.7,194.0,,,14.6,,,,,2026-09-08 13:56:00
,,,2.5,11,8.8,265.0,,,14.6,,,,,2026-09-08 13:26:00
,,,2.3,11,8.3,268.0,,,14.6,,,,,2026-09-08 12:56:00
,,,2.5,12,8.5,265.0,,,14.6,,,,,2026-09-08 12:26:00
,,,2.5,11,8.5,267.0,,,14.6,,,,,2026-09-08 11:56:00
,,,2.7,11,8.8,271.0,,,14.6,,,,,2026-09-08 11:26:00
,,,2.5,11,8.4,275.0,,,14.6,,,,,2026-09-08 10:56:00
,,,2.6,11,8.5,271.0,,,14.6,,,,,2026-09-08 10:26:00
,,,2.6,10,8.6,260.0,,,14.6,,,,,2026-09-08 09:56:00
,,,2.5,11,8.6,271.0,,,14.6,,,,,2026-09-08 09:26:00
,,,2.3,12,8.2,272.0,,,14.6,,,,,2026-09-08 08:56:00
,,,2.5,12,8.7,274.0,,,14.6,,,,,2026-09-08 08:26:00
,,,2.4,12,8.5,265.0,,,14.6,,,,,2026-09-08 07:56:00
,,,2.4,12,8.8,275.0,,,14.6,,,,,2026-09-08 07:26:00
,,,2.2,12,8.5,258.0,,,14.6,,,,,2026-09-08 06:56:00
,,,2.3,11,8.6,257.0,,,14.6,,,,,2026-09-08 06:26:00
,,,2.3,13,8.7,248.0,,,14.6,,,,,2026-09-08 05:56:00
,,,2.4,13,8.8,258.0,,,14.6,,,,,2026-09-08 05:26:00
,,,2.4,13,8.8,250.0,,,14.6,,,,,2026-09-08 04:56:00
,,,2.3,11,8.3,268.0,,,14.6,,,,,2026-09-08 04:26:00
,,,2.6,13,9.0,264.0,,,14.6,,,,,2026-09-08 03:56:00
,,,2.6,12,8.9,267.0,,,14.6,,,,,2026-09-08 03:26:00
,,,2.7,13,8.9,251.0,,,14.6,,,,,2026-09-08 02:56:00
,,,2.6,13,8.9,268.0,,,14.6,,,,,2026-09-08 02:26:00
,,,2.5,13,8.6,250.0,,,14.6,,,,,2026-09-08 01:56:00
,,,2.5,12,8.8,265.0,,,14.6,,,,,2026-09-08 01:26:00
,,,2.5,13,8.9,261.0,,,14.6,,,,,2026-09-08 00:56:00
,,,2.8,13,9.4,255.0,,,14.6,,,,,2026-09-08 00:26:00
,,,2.6,12,9.3,265.0,,,14.6,,,,,2026-09-07 23:56:00
,,,2.6,13,9.7,264.0,,,14.6,,,,,2026-09-07 23:26:00
,,,2.6,14,9.4,248.0,,,14.6,,,,,2026-09-07 22:56:00
,,,2.7,13,9.5,263.0,,,14.6,,,,,2026-09-07 22:26:00
,,,2.5,13,9.2,265.0,,,14.6,,,,,2026-09-07 21:56:00
,,,2.3,13,9.0,268.0,,,14.6,,,,,2026-09-07 21:26:00
,,,2.8,14,9.9,254.0,,,14.6,,,,,2026-09-07 20:56:00
,,,2.4,14,9.4,240.0,,,14.6,,,,,2026-09-07 20:26:00
,,,2.4,13,9.4,264.0,,,14.5,,,,,2026-09-07 19:56:00
,,,2.7,14,9.8,260.0,,,14.5,,,,,2026-09-07 19:26:00
,,,2.2,14,9.2,265.0,,,14.5,,,,,2026-09-07 18:56:00
,,,2.3,13,9.0,270.0,,,14.5,,,,,2026-09-07 18:26:00
,,,2.1,14,8.5,271.0,,,14.5,,,,,2026-09-07 17:56:00
,,,2.1,14,8.6,251.0,,,14.5,,,,,2026-09-07 17:26:00
,,,2.0,14,8.1,218.0,,,14.5,,,,,2026-09-07 16:56:00
,,,2.1,14,7.7,248.0,,,14.5,,,,,2026-09-07 16:26:00
,,,2.0,14,7.7,220.0,,,14.5,,,,,2026-09-07 15:56:00
,,,2.0,15,7.4,234.0,,,14.5,,,,,2026-09-07 15:26:00
,,,1.9,15,7.7,243.0,,,14.5,,,,,2026-09-07 14:56:00
,,,2.0,14,7.3,171.0,,,14.5,,,,,2026-09-07 14:26:00
,,,2.0,11,7.2,237.0,,,14.5,,,,,2026-09-07 13:26:00
,,,2.0,11,7.2,272.0,,,14.5,,,,,2026-09-07 12:56:00
,,,2.0,9,7.0,268.0,,,14.5,,,,,2026-09-07 12:26:00
,,,1.9,11,6.8,232.0,,,14.5,,,,,2026-09-07 11:56:00
,,,2.0,15,6.9,185.0,,,14.5,,,,,2026-09-07 11:26:00
,,,1.9,12,6.9,274.0,,,14.5,,,,,2026-09-07 10:56:00
,,,1.9,12,7.0,263.0,,,14.5,,,,,2026-09-07 10:26:00
,,,2.0,11,7.4,247.0,,,14.5,,,,,2026-09-07 09:56:00
,,,1.8,14,6.9,187.0,,,14.5,,,,,2026-09-07 09:26:00
,,,1.7,12,6.7,241.0,,,14.5,,,,,2026-09-07 08:56:00
,,,1.8,12,7.2,216.0,,,14.5,,,,,2026-09-07 08:26:00
,,,1.7,11,6.9,237.0,,,14.5,,,,,2026-09-07 07:56:00
,,,1.7,12,6.9,222.0,,,14.5,,,,,2026-09-07 07:26:00
,,,1.7,12,6.9,180.0,,,14.5,,,,,2026-09-07 06:56:00
,,,1.6,11,6.3,236.0,,,14.5,,,,,2026-09-07 06:26:00
,,,1.7,13,6.5,206.0,,,14.5,,,,,2026-09-07 05:56:00
,,,1.7,13,6.6,178.0,,,14.5,,,,,2026-09-07 05:26:00
,,,1.6,13,6.2,181.0,,,14.5,,,,,2026-09-07 04:56:00
,,,1.6,12,6.4,182.0,,,14.5,,,,,2026-09-07 04:26:00
,,,1.6,15,6.4,170.0,,,14.5,,,,,2026-09-07 03:56:00
,,,1.5,12,6.4,171.0,,,14.5,,,,,2026-09-07 03:26:00
,,,1.5,15,6.1,184.0,,,14.6,,,,,2026-09-07 02:56:00
,,,1.5,17,6.2,177.0,,,14.5,,,,,2026-09-07 02:26:00
,,,1.5,13,6.8,160.0,,,14.6,,,,,2026-09-07 01:56:00
,,,1.4,15,6.1,180.0,,,14.6,,,,,2026-09-07 01:26:00
,,,1.5,13,6.4,195.0,,,14.6,,,,,2026-09-07 00:56:00
,,,1.5,12,6.0,177.0,,,14.6,,,,,2026-09-07 00:26:00
,,,1.5,13,6.6,168.0,,,14.5,,,,,2026-09-06 23:56:00
,,,1.5,13,6.5,181.0,,,14.5,,,,,2026-09-06 23:26:00
,,,1.5,15,6.8,194.0,,,14.5,,,,,2026-09-06 22:56:00
,,,1.4,13,6.4,177.0,,,14.5,,,,,2026-09-06 22:26:00
,,,1.4,15,6.8,185.0,,,14.5,,,,,2026-09-06 21:56:00
,,,1.5,9,7.3,268.0,,,14.5,,,,,2026-09-06 21:26:00
,,,1.4,17,7.2,187.0,,,14.5,,,,,2026-09-06 20:56:00
,,,1.4,13,7.4,168.0,,,14.5,,,,,2026-09-06 20:26:00
,,,1.4,15,7.9,181.0,,,14.5,,,,,2026-09-06 19:56:00
,,,1.4,17,8.1,180.0,,,14.5,,,,,2026-09-06 19:26:00
,,,1.4,17,8.0,187.0,,,14.5,,,,,2026-09-06 18:56:00
,,,1.4,10,8.0,263.0,,,14.5,,,,,2026-09-06 18:26:00
,,,1.4,15,8.3,180.0,,,14.5,,,,,2026-09-06 17:56:00
,,,1.4,10,8.0,265.0,,,14.5,,,,,2026-09-06 17:26:00
,,,1.5,10,8.1,264.0,,,14.5,,,,,2026-09-06 16:56:00
,,,1.3,10,7.7,255.0,,,14.5,,,,,2026-09-06 16:26:00
,,,1.5,15,8.4,191.0,,,14.5,,,,,2026-09-06 15:56:00
,,,1.6,10,8.4,248.0,,,14.6,,,,,2026-09-06 15:26:00
,,,1.5,11,8.2,247.0,,,14.6,,,,,2026-09-06 14:56:00
,,,1.6,11,8.7,244.0,,,14.6,,,,,2026-09-06 14:26:00
,,,1.5,10,8.1,263.0,,,14.6,,,,,2026-09-06 13:56:00
,,,1.5,11,8.2,247.0,,,14.6,,,,,2026-09-06 13:26:00
,,,1.4,11,7.9,248.0,,,14.5,,,,,2026-09-06 12:56:00
,,,1.5,10,8.1,254.0,,,14.5,,,,,2026-09-06 12:26:00
,,,1.6,11,8.3,255.0,,,14.5,,,,,2026-09-06 11:56:00
,,,1.7,10,8.5,263.0,,,14.5,,,,,2026-09-06 11:26:00
,,,1.7,11,8.3,263.0,,,14.5,,,,,2026-09-06 10:56:00
,,,1.8,11,8.6,265.0,,,14.6,,,,,2026-09-06 10:26:00
,,,1.7,11,8.6,264.0,,,14.6,,,,,2026-09-06 09:56:00
,,,1.6,11,8.8,258.0,,,14.7,,,,,2026-09-06 09:26:00
,,,1.7,11,8.6,267.0,,,14.7,,,,,2026-09-06 08:56:00
,,,1.6,10,8.9,258.0,,,14.7,,,,,2026-09-06 08:26:00
,,,1.8,9,8.9,279.0,,,14.7,,,,,2026-09-06 07:56:00
,,,1.7,11,9.3,270.0,,,14.6,,,,,2026-09-06 07:26:00
,,,1.6,11,9.1,261.0,,,14.7,,,,,2026-09-06 06:56:00
,,,1.8,11,9.4,267.0,,,14.7,,,,,2026-09-06 06:26:00
,,,1.5,10,9.1,265.0,,,14.9,,,,,2026-09-06 05:56:00
,,,1.5,11,9.3,265.0,,,14.9,,,,,2026-09-06 05:26:00
,,,1.5,10,9.2,267.0,,,14.9,,,,,2026-09-06 04:56:00
,,,1.8,11,9.6,268.0,,,14.8,,,,,2026-09-06 04:26:00
,,,1.8,11,9.7,270.0,,,14.7,,,,,2026-09-06 03:56:00
,,,1.6,11,9.6,264.0,,,14.9,,,,,2026-09-06 03:26:00
,,,1.7,11,9.5,268.0,,,15.2,,,,,2026-09-06 02:56:00
,,,1.6,11,9.4,265.0,,,15.4,,,,,2026-09-06 02:26:00
,,,1.7,11,9.4,264.0,,,15.4,,,,,2026-09-06 01:56:00
,,,1.5,11,8.9,267.0,,,15.6,,,,,2026-09-06 01:26:00
,,,1.4,11,8.7,258.0,,,15.6,,,,,2026-09-06 00:56:00
,,,1.6,12,8.8,263.0,,,16.1,,,,,2026-09-06 00:26:00
,,,1.5,11,8.3,261.0,,,15.8,,,,,2026-09-05 23:56:00
,,,1.6,11,8.8,258.0,,,15.9,,,,,2026-09-05 23:26:00
,,,1.6,11,8.7,264.0,,,15.5,,,,,2026-09-05 22:56:00
,,,1.8,10,8.8,272.0,,,15.9,,,,,2026-09-05 22:26:00
,,,1.6,11,8.4,268.0,,,15.5,,,,,2026-09-05 21:56:00
,,,1.6,12,8.2,277.0,,,15.0,,,,,2026-09-05 21:26:00
,,,1.7,11,8.7,274.0,,,15.0,,,,,2026-09-05 20:56:00
,,,1.7,11,8.5,279.0,,,14.9,,,,,2026-09-05 20:26:00
,,,1.7,10,8.5,278.0,,,15.0,,,,,2026-09-05 19:56:00
,,,1.5,11,8.2,272.0,,,14.6,,,,,2026-09-05 19:26:00
,,,1.6,12,8.4,264.0,,,14.5,,,,,2026-09-05 18:56:00
,,,1.6,11,8.5,278.0,,,14.4,,,,,2026-09-05 18:26:00
,,,1.6,11,8.5,285.0,,,14.3,,,,,2026-09-05 17:56:00
,,,1.4,11,8.2,284.0,,,14.3,,,,,2026-09-05 17:26:00
,,,1.6,11,8.9,282.0,,,14.3,,,,,2026-09-05 16:56:00
,,,1.6,11,8.9,279.0,,,14.3,,,,,2026-09-05 16:26:00
,,,1.6,11,9.1,285.0,,,14.3,,,,,2026-09-05 15:56:00
,,,1.4,11,8.8,285.0,,,14.3,,,,,2026-09-05 15:26:00
,,,1.5,11,9.4,285.0,,,14.3,,,,,2026-09-05 14:56:00
,,,1.4,11,8.8,282.0,,,14.3,,,,,2026-09-05 14:26:00
,,,1.5,11,8.9,279.0,,,14.3,,,,,2026-09-05 13:56:00
,,,1.5,11,8.8,278.0,,,14.3,,,,,2026-09-05 13:26:00
,,,1.4,13,8.6,275.0,,,14.3,,,,,2026-09-05 12:56:00
,,,1.4,11,8.2,277.0,,,14.3,,,,,2026-09-05 12:26:00
,,,1.5,11,8.3,274.0,,,14.3,,,,,2026-09-05 11:56:00
,,,1.4,13,8.0,271.0,,,14.3,,,,,2026-09-05 11:26:00
,,,1.4,11,8.1,272.0,,,14.3,,,,,2026-09-05 10:56:00
,,,1.3,13,7.5,284.0,,,14.3,,,,,2026-09-05 10:26:00
,,,1.3,12,7.4,267.0,,,14.3,,,,,2026-09-05 09:56:00
,,,1.4,13,7.7,271.0,,,14.3,,,,,2026-09-05 09:26:00
,,,1.3,12,6.7,253.0,,,14.3,,,,,2026-09-05 08:56:00
,,,1.3,13,6.8,274.0,,,14.3,,,,,2026-09-05 08:26:00
,,,1.3,13,6.6,268.0,,,14.3,,,,,2026-09-05 07:56:00
,,,1.3,13,6.8,267.0,,,14.4,,,,,2026-09-05 07:26:00
,,,1.3,11,6.5,247.0,,,14.4,,,,,2026-09-05 06:56:00
,,,1.3,13,6.5,275.0,,,14.4,,,,,2026-09-05 06:26:00
,,,1.4,10,6.6,282.0,,,14.4,,,,,2026-09-05 05:56:00
,,,1.4,13,6.9,270.0,,,14.4,,,,,2026-09-05 05:26:00
,,,1.4,11,6.8,274.0,,,14.4,,,,,2026-09-05 04:56:00
,,,1.4,12,6.6,267.0,,,14.4,,,,,2026-09-05 04:26:00
,,,1.4,11,6.9,255.0,,,14.4,,,,,2026-09-05 03:56:00
,,,1.3,11,6.6,263.0,,,14.4,,,,,2026-09-05 03:26:00
,,,1.4,11,6.9,272.0,,,14.4,,,,,2026-09-05 02:56:00
,,,1.3,11,7.0,264.0,,,14.4,,,,,2026-09-05 02:26:00
,,,1.2,11,6.9,277.0,,,14.4,,,,,2026-09-05 01:56:00
,,,1.3,11,6.9,263.0,,,14.4,,,,,2026-09-05 01:26:00
,,,1.3,11,6.7,264.0,,,14.4,,,,,2026-09-05 00:56:00
,,,1.3,11,6.4,274.0,,,14.4,,,,,2026-09-05 00:26:00
,,,1.4,12,6.8,279.0,,,14.4,,,,,2026-09-04 23:56:00
,,,1.3,11,6.5,275.0,,,14.4,,,,,2026-09-04 23:26:00
,,,1.3,11,6.1,260.0,,,14.4,,,,,2026-09-04 22:56:00
,,,1.3,11,6.2,278.0,,,14.3,,,,,2026-09-04 22:26:00
,,,1.4,11,6.1,254.0,,,14.3,,,,,2026-09-04 21:56:00
,,,1.4,11,6.2,268.0,,,14.3,,,,,2026-09-04 21:26:00
,,,1.3,11,6.2,247.0,,,14.2,,,,,2026-09-04 20:56:00
,,,1.2,11,6.0,264.0,,,14.2,,,,,2026-09-04 20:26:00
,,,1.3,11,5.8,253.0,,,14.2,,,,,2026-09-04 19:56:00
,,,1.4,8,6.0,315.0,,,14.2,,,,,2026-09-04 19:26:00
,,,1.4,12,5.9,264.0,,,14.2,,,,,2026-09-04 18:56:00
,,,1.4,12,5.9,233.0,,,14.2,,,,,2026-09-04 18:26:00
,,,1.4,12,6.1,253.0,,,14.2,,,,,2026-09-04 17:56:00
,,,1.4,13,6.1,271.0,,,14.2,,,,,2026-09-04 17:26:00
,,,1.4,12,5.9,255.0,,,14.2,,,,,2026-09-04 16:56:00
,,,1.4,12,5.8,220.0,,,14.2,,,,,2026-09-04 16:26:00
,,,1.4,12,6.0,254.0,,,14.1,,,,,2026-09-04 15:56:00
,,,1.4,12,5.6,267.0,,,14.2,,,,,2026-09-04 15:26:00
,,,1.4,12,5.9,229.0,,,14.2,,,,,2026-09-04 14:56:00
,,,1.5,7,5.9,317.0,,,14.2,,,,,2026-09-04 14:26:00
,,,1.4,12,5.9,210.0,,,14.2,,,,,2026-09-04 13:56:00
,,,1.4,12,6.0,206.0,,,14.2,,,,,2026-09-04 13:26:00
,,,1.4,12,6.0,253.0,,,14.2,,,,,2026-09-04 12:56:00
,,,1.4,8,5.8,306.0,,,14.2,,,,,2026-09-04 12:26:00
,,,1.4,12,5.9,225.0,,,14.2,,,,,2026-09-04 11:56:00
,,,1.5,12,6.0,234.0,,,14.2,,,,,2026-09-04 11:26:00
,,,1.4,12,5.9,208.0,,,14.2,,,,,2026-09-04 10:56:00
,,,1.5,12,6.1,251.0,,,14.2,,,,,2026-09-04 10:26:00
,,,1.5,12,6.2,230.0,,,14.2,,,,,2026-09-04 09:56:00
,,,1.4,13,6.0,210.0,,,14.2,,,,,2026-09-04 09:26:00
,,,1.5,7,5.9,299.0,,,14.2,,,,,2026-09-04 08:56:00
,,,1.5,8,6.1,308.0,,,14.2,,,,,2026-09-04 08:26:00
,,,1.6,7,6.2,312.0,,,14.2,,,,,2026-09-04 07:56:00
,,,1.5,8,6.3,308.0,,,14.2,,,,,2026-09-04 07:26:00
,,,1.6,8,6.2,299.0,,,14.2,,,,,2026-09-04 06:56:00
,,,1.5,8,6.2,303.0,,,14.2,,,,,2026-09-04 06:26:00
,,,1.6,8,6.4,299.0,,,14.2,,,,,2026-09-04 05:56:00
,,,1.5,8,6.2,298.0,,,14.2,,,,,2026-09-04 05:26:00
,,,1.6,8,6.3,299.0,,,14.2,,,,,2026-09-04 04:56:00
,,,1.6,8,6.2,299.0,,,14.2,,,,,2026-09-04 04:26:00
,,,1.7,9,6.4,296.0,,,14.2,,,,,2026-09-04 03:56:00
,,,1.7,9,6.3,293.0,,,14.2,,,,,2026-09-04 03:26:00
,,,1.7,8,6.3,292.0,,,14.2,,,,,2026-09-04 02:56:00
,,,1.7,9,6.2,292.0,,,14.2,,,,,2026-09-04 02:26:00
,,,1.8,8,6.2,292.0,,,14.2,,,,,2026-09-04 01:56:00
,,,1.7,9,6.3,292.0,,,14.2,,,,,2026-09-04 01:26:00
,,,1.8,9,6.2,305.0,,,14.2,,,,,2026-09-04 00:56:00
,,,1.9,9,6.3,295.0,,,14.3,,,,,2026-09-04 00:26:00
,,,1.9,9,6.3,293.0,,,14.3,,,,,2026-09-03 23:56:00
,,,1.9,9,6.1,302.0,,,14.2,,,,,2026-09-03 23:26:00
,,,2.0,9,6.2,302.0,,,14.3,,,,,2026-09-03 22:56:00
,,,2.0,8,6.1,316.0,,,14.2,,,,,2026-09-03 22:26:00
,,,2.1,8,6.2,303.0,,,14.2,,,,,2026-09-03 21:56:00
,,,2.1,7,6.2,324.0,,,14.2,,,,,2026-09-03 21:26:00
,,,2.0,8,6.1,305.0,,,14.2,,,,,2026-09-03 20:56:00
,,,2.1,8,6.2,299.0,,,14.2,,,,,2026-09-03 20:26:00
,,,2.3,8,6.4,310.0,,,14.1,,,,,2026-09-03 19:56:00
,,,2.2,8,6.2,303.0,,,14.1,,,,,2026-09-03 19:26:00
,,,2.3,8,6.5,296.0,,,14.1,,,,,2026-09-03 18:56:00
,,,2.3,8,6.7,305.0,,,14.1,,,,,2026-09-03 18:26:00
,,,2.2,9,6.7,299.0,,,14.1,,,,,2026-09-03 17:56:00
,,,2.4,9,6.9,309.0,,,14.1,,,,,2026-09-03 17:26:00
,,,2.2,8,6.6,309.0,,,14.0,,,,,2026-09-03 16:56:00
,,,2.4,9,6.8,299.0,,,14.0,,,,,2026-09-03 16:26:00
,,,2.3,8,6.8,317.0,,,14.1,,,,,2026-09-03 15:56:00
,,,2.3,9,6.8,303.0,,,14.1,,,,,2026-09-03 15:26:00
,,,2.5,10,7.1,306.0,,,14.1,,,,,2026-09-03 14:56:00
,,,2.3,10,6.8,295.0,,,14.1,,,,,2026-09-03 14:26:00
,,,2.4,10,7.1,292.0,,,14.1,,,,,2026-09-03 13:56:00
,,,2.3,9,6.9,296.0,,,14.1,,,,,2026-09-03 13:26:00
,,,2.2,9,6.7,299.0,,,14.1,,,,,2026-09-03 12:56:00
,,,2.4,9,6.6,295.0,,,14.1,,,,,2026-09-03 12:26:00
,,,2.4,9,6.6,295.0,,,14.1,,,,,2026-09-03 11:56:00
,,,2.7,9,6.7,305.0,,,14.1,,,,,2026-09-03 11:26:00
,,,2.5,9,6.5,296.0,,,14.1,,,,,2026-09-03 10:56:00
,,,2.6,8,6.5,299.0,,,14.1,,,,,2026-09-03 10:26:00
,,,2.6,9,6.5,296.0,,,14.1,,,,,2026-09-03 09:56:00
,,,2.6,9,6.3,300.0,,,14.1,,,,,2026-09-03 09:26:00
,,,2.9,8,6.7,293.0,,,14.1,,,,,2026-09-03 08:56:00
,,,2.8,9,6.4,299.0,,,14.1,,,,,2026-09-03 08:26:00
,,,2.7,7,6.1,312.0,,,14.1,,,,,2026-09-03 07:56:00
,,,2.9,8,6.3,302.0,,,14.1,,,,,2026-09-03 07:26:00
,,,3.0,9,6.3,286.0,,,14.1,,,,,2026-09-03 06:56:00
,,,2.9,9,6.3,288.0,,,14.1,,,,,2026-09-03 06:26:00
,,,2.8,8,6.2,291.0,,,14.1,,,,,2026-09-03 05:56:00
,,,2.8,9,6.3,291.0,,,14.1,,,,,2026-09-03 05:26:00
,,,2.8,8,6.2,300.0,,,14.1,,,,,2026-09-03 04:56:00
,,,2.9,8,6.2,298.0,,,14.2,,,,,2026-09-03 04:26:00
,,,2.8,8,6.3,303.0,,,14.2,,,,,2026-09-03 03:56:00
,,,2.9,9,6.5,292.0,,,14.2,,,,,2026-09-03 03:26:00
,,,3.0,9,6.7,291.0,,,14.2,,,,,2026-09-03 02:56:00
,,,2.9,9,6.6,292.0,,,14.2,,,,,2026-09-03 02:26:00
,,,2.8,9,6.3,293.0,,,14.2,,,,,2026-09-03 01:56:00
,,,2.8,10,6.5,302.0,,,14.2,,,,,2026-09-03 01:26:00
,,,2.8,9,6.5,299.0,,,14.2,,,,,2026-09-03 00:56:00
,,,2.8,10,6.6,286.0,,,14.2,,,,,2026-09-03 00:26:00
,,,2.8,9,6.5,299.0,,,14.2,,,,,2026-09-02 23:56:00
,,,2.7,10,6.3,288.0,,,14.2,,,,,2026-09-02 23:26:00
,,,2.8,10,6.6,295.0,,,14.2,,,,,2026-09-02 22:56:00
,,,2.7,11,6.3,291.0,,,14.2,,,,,2026-09-02 22:26:00
,,,2.7,9,6.4,295.0,,,14.2,,,,,2026-09-02 21:56:00
,,,2.5,11,6.4,291.0,,,14.1,,,,,2026-09-02 21:26:00
,,,2.7,10,6.7,285.0,,,14.2,,,,,2026-09-02 20:56:00
,,,2.6,10,6.5,292.0,,,14.1,,,,,2026-09-02 20:26:00
,,,2.7,10,6.7,288.0,,,14.1,,,,,2026-09-02 19:56:00
,,,2.6,10,6.6,288.0,,,14.1,,,,,2026-09-02 19:26:00
,,,2.6,11,6.4,284.0,,,14.1,,,,,2026-09-02 18:56:00
,,,2.7,10,6.7,291.0,,,14.1,,,,,2026-09-02 18:26:00
,,,2.9,10,6.8,292.0,,,14.1,,,,,2026-09-02 17:56:00
,,,3.0,9,6.9,308.0,,,14.1,,,,,2026-09-02 17:26:00
,,,2.7,10,6.3,296.0,,,14.1,,,,,2026-09-02 16:56:00
,,,2.8,9,6.6,305.0,,,14.1,,,,,2026-09-02 16:26:00
,,,2.8,9,6.7,305.0,,,14.1,,,,,2026-09-02 15:56:00
,,,2.7,10,6.6,295.0,,,14.1,,,,,2026-09-02 15:26:00
,,,3.1,10,7.2,303.0,,,14.2,,,,,2026-09-02 14:56:00
,,,2.8,9,7.0,296.0,,,14.2,,,,,2026-09-02 14:26:00
,,,3.2,10,7.5,308.0,,,14.2,,,,,2026-09-02 13:56:00
,,,2.7,11,7.2,300.0,,,14.2,,,,,2026-09-02 13:26:00
,,,2.7,10,7.1,299.0,,,14.2,,,,,2026-09-02 12:56:00
,,,3.0,9,7.2,305.0,,,14.2,,,,,2026-09-02 12:26:00
,,,2.6,9,7.0,324.0,,,14.2,,,,,2026-09-02 11:56:00
,,,2.7,9,7.3,322.0,,,14.2,,,,,2026-09-02 11:26:00
,,,2.9,9,7.1,309.0,,,14.2,,,,,2026-09-02 10:56:00
,,,2.9,10,7.3,333.0,,,14.2,,,,,2026-09-02 10:26:00
,,,2.7,10,7.2,319.0,,,14.1,,,,,2026-09-02 09:56:00
,,,2.9,9,7.3,316.0,,,14.2,,,,,2026-09-02 09:26:00
,,,3.0,10,7.5,326.0,,,14.2,,,,,2026-09-02 08:56:00
,,,3.0,10,7.7,320.0,,,14.2,,,,,2026-09-02 08:26:00
,,,2.9,10,7.4,330.0,,,14.2,,,,,2026-09-02 07:56:00
,,,2.9,10,7.4,323.0,,,14.1,,,,,2026-09-02 07:26:00
,,,2.9,9,7.3,317.0,,,14.2,,,,,2026-09-02 06:56:00
,,,3.0,9,7.3,316.0,,,14.2,,,,,2026-09-02 06:26:00
,,,3.3,10,7.4,319.0,,,14.1,,,,,2026-09-02 05:56:00
,,,3.3,9,7.4,316.0,,,14.2,,,,,2026-09-02 05:26:00
,,,3.4,10,7.3,313.0,,,14.2,,,,,2026-09-02 04:56:00
,,,3.3,9,7.0,298.0,,,14.2,,,,,2026-09-02 04:26:00
,,,3.2,9,7.3,293.0,,,14.2,,,,,2026-09-02 03:56:00
,,,3.2,9,7.2,298.0,,,14.2,,,,,2026-09-02 03:26:00
,,,3.3,10,7.3,299.0,,,14.2,,,,,2026-09-02 02:56:00
,,,3.5,10,7.3,292.0,,,14.2,,,,,2026-09-02 02:26:00
,,,3.0,9,6.7,296.0,,,14.2,,,,,2026-09-02 01:56:00
,,,3.2,8,6.7,302.0,,,14.3,,,,,2026-09-02 01:26:00
,,,3.1,9,6.7,300.0,,,14.3,,,,,2026-09-02 00:56:00
,,,3.3,10,7.0,293.0,,,14.3,,,,,2026-09-02 00:26:00
,,,3.1,9,6.6,299.0,,,14.3,,,,,2026-09-01 23:56:00
,,,3.1,10,6.7,298.0,,,14.3,,,,,2026-09-01 23:26:00
,,,3.2,9,6.6,299.0,,,14.3,,,,,2026-09-01 22:56:00
,,,3.4,9,6.8,300.0,,,14.3,,,,,2026-09-01 22:26:00
,,,3.0,9,6.5,295.0,,,14.3,,,,,2026-09-01 21:56:00
,,,3.1,11,6.6,302.0,,,14.3,,,,,2026-09-01 21:26:00
,,,3.3,10,6.7,288.0,,,14.2,,,,,2026-09-01 20:56:00
,,,3.6,10,7.1,298.0,,,14.2,,,,,2026-09-01 20:26:00
,,,3.3,10,6.8,296.0,,,14.2,,,,,2026-09-01 19:56:00
,,,3.6,10,7.1,291.0,,,14.2,,,,,2026-09-01 19:26:00
,,,3.3,9,6.9,295.0,,,14.2,,,,,2026-09-01 18:56:00
,,,3.4,9,7.0,292.0,,,14.2,,,,,2026-09-01 18:26:00
,,,3.7,10,7.2,292.0,,,14.2,,,,,2026-09-01 17:56:00
,,,3.4,10,7.2,295.0,,,14.2,,,,,2026-09-01 17:26:00
,,,3.5,10,7.0,298.0,,,14.2,,,,,2026-09-01 16:56:00
,,,3.4,11,7.0,292.0,,,14.2,,,,,2026-09-01 16:26:00
,,,3.5,10,7.3,296.0,,,14.2,,,,,2026-09-01 15:56:00
,,,3.6,10,7.3,293.0,,,14.2,,,,,2026-09-01 15:26:00
,,,3.5,10,7.2,291.0,,,14.3,,,,,2026-09-01 14:56:00
,,,3.6,10,7.3,292.0,,,14.3,,,,,2026-09-01 14:26:00
,,,3.4,10,7.0,288.0,,,14.3,,,,,2026-09-01 13:56:00
,,,3.6,9,7.2,291.0,,,14.3,,,,,2026-09-01 13:26:00
,,,3.7,9,7.4,286.0,,,14.3,,,,,2026-09-01 12:56:00
,,,3.4,9,7.1,293.0,,,14.3,,,,,2026-09-01 12:26:00
,,,3.4,10,7.1,291.0,,,14.3,,,,,2026-09-01 11:56:00
,,,3.6,10,7.1,289.0,,,14.3,,,,,2026-09-01 11:26:00
,,,3.4,9,6.9,292.0,,,14.3,,,,,2026-09-01 10:56:00
,,,3.6,9,7.0,289.0,,,14.4,,,,,2026-09-01 10:26:00
,,,3.8,9,7.0,286.0,,,14.4,,,,,2026-09-01 09:56:00
,,,3.6,9,6.8,284.0,,,14.4,,,,,2026-09-01 09:26:00
,,,3.5,9,6.7,292.0,,,14.5,,,,,2026-09-01 08:56:00
,,,3.4,8,6.6,289.0,,,14.5,,,,,2026-09-01 08:26:00
,,,3.3,8,6.5,300.0,,,14.5,,,,,2026-09-01 07:56:00
,,,3.2,8,6.4,293.0,,,14.5,,,,,2026-09-01 07:26:00
,,,3.0,8,6.4,291.0,,,14.5,,,,,2026-09-01 06:56:00
,,,3.2,8,6.5,302.0,,,14.5,,,,,2026-09-01 06:26:00
,,,3.1,8,6.5,299.0,,,14.5,,,,,2026-09-01 05:56:00
,,,2.9,8,6.2,302.0,,,14.5,,,,,2026-09-01 05:26:00
,,,2.9,8,6.2,305.0,,,14.5,,,,,2026-09-01 04:56:00
,,,2.9,8,6.2,302.0,,,14.6,,,,,2026-09-01 04:26:00
,,,2.7,8,6.2,310.0,,,14.6,,,,,2026-09-01 03:56:00
,,,2.7,8,6.4,308.0,,,14.6,,,,,2026-09-01 03:26:00
,,,2.6,8,6.3,308.0,,,14.6,,,,,2026-09-01 02:56:00
,,,2.8,8,6.4,310.0,,,14.6,,,,,2026-09-01 02:26:00
,,,2.7,8,6.2,300.0,,,14.6,,,,,2026-09-01 01:56:00
,,,2.8,7,6.3,298.0,,,14.6,,,,,2026-09-01 01:26:00
,,,2.6,8,6.2,310.0,,,14.6,,,,,2026-09-01 00:56:00
,,,2.6,8,6.2,312.0,,,14.6,,,,,2026-09-01 00:26:00
,,,2.8,8,6.5,319.0,,,14.6,,,,,2026-08-31 23:56:00
,,,2.4,9,6.2,315.0,,,14.6,,,,,2026-08-31 20:56:00
,,,2.7,8,6.4,313.0,,,14.6,,,,,2026-08-31 20:26:00
,,,2.6,8,6.1,310.0,,,14.6,,,,,2026-08-31 19:56:00
,,,2.6,9,6.2,317.0,,,14.6,,,,,2026-08-31 19:26:00
,,,2.6,8,6.2,305.0,,,14.6,,,,,2026-08-31 18:56:00
,,,2.5,8,6.1,308.0,,,14.6,,,,,2026-08-31 18:26:00
,,,2.5,8,6.1,306.0,,,14.6,,,,,2026-08-31 17:56:00
,,,2.4,8,6.0,296.0,,,14.6,,,,,2026-08-31 17:26:00
,,,2.4,8,6.0,289.0,,,14.6,,,,,2026-08-31 16:56:00
,,,2.5,8,6.2,298.0,,,14.6,,,,,2026-08-31 16:26:00
,,,2.3,8,6.2,308.0,,,14.6,,,,,2026-08-31 15:56:00
,,,2.5,8,6.3,296.0,,,14.6,,,,,2026-08-31 15:26:00
,,,2.4,8,6.1,292.0,,,14.6,,,,,2026-08-31 14:56:00
,,,2.3,8,6.2,296.0,,,14.6,,,,,2026-08-31 14:26:00
,,,2.2,8,5.9,296.0,,,14.6,,,,,2026-08-31 13:56:00
,,,2.4,8,6.1,299.0,,,14.6,,,,,2026-08-31 13:26:00
,,,2.3,8,6.2,295.0,,,14.6,,,,,2026-08-31 12:56:00
,,,2.2,8,6.0,293.0,,,14.6,,,,,2026-08-31 12:26:00
,,,2.1,8,6.0,288.0,,,14.6,,,,,2026-08-31 11:56:00
,,,2.1,8,6.0,293.0,,,14.6,,,,,2026-08-31 11:26:00
,,,2.0,8,6.0,295.0,,,14.6,,,,,2026-08-31 10:56:00
,,,2.0,8,6.0,289.0,,,14.6,,,,,2026-08-31 10:26:00
,,,2.1,7,6.0,298.0,,,14.6,,,,,2026-08-31 09:56:00
,,,2.1,8,6.0,292.0,,,14.6,,,,,2026-08-31 09:26:00
,,,2.1,8,6.3,292.0,,,14.6,,,,,2026-08-31 08:56:00
,,,2.1,8,6.0,298.0,,,14.6,,,,,2026-08-31 08:26:00
,,,2.1,8,6.2,295.0,,,14.7,,,,,2026-08-31 07:56:00
,,,2.3,8,6.3,289.0,,,14.7,,,,,2026-08-31 07:26:00
,,,2.3,8,6.2,291.0,,,14.7,,,,,2026-08-31 06:56:00
,,,2.3,7,6.2,286.0,,,14.7,,,,,2026-08-31 06:26:00
,,,2.3,8,6.4,291.0,,,14.7,,,,,2026-08-31 05:56:00
,,,2.3,7,6.1,282.0,,,14.7,,,,,2026-08-31 05:26:00
,,,2.3,7,6.1,288.0,,,14.7,,,,,2026-08-31 04:56:00
,,,2.1,8,6.2,286.0,,,14.7,,,,,2026-08-31 04:26:00
,,,2.1,8,6.1,286.0,,,14.7,,,,,2026-08-31 03:56:00
,,,2.2,7,6.3,284.0,,,14.7,,,,,2026-08-31 03:26:00
,,,2.1,7,6.0,281.0,,,14.7,,,,,2026-08-31 02:56:00
,,,2.1,8,6.0,289.0,,,14.7,,,,,2026-08-31 02:26:00
,,,2.1,8,6.2,284.0,,,14.7,,,,,2026-08-31 01:56:00
,,,2.2,8,6.2,285.0,,,14.7,,,,,2026-08-31 01:26:00
,,,2.2,17,6.1,187.0,,,14.7,,,,,2026-08-31 00:56:00
,,,2.2,8,6.4,282.0,,,14.7,,,,,2026-08-31 00:26:00
,,,2.3,8,6.2,286.0,,,14.7,,,,,2026-08-30 23:56:00
,,,2.2,8,6.2,288.0,,,14.7,,,,,2026-08-30 23:26:00
,,,2.3,8,6.2,286.0,,,14.7,,,,,2026-08-30 22:56:00
,,,2.3,9,6.2,286.0,,,14.7,,,,,2026-08-30 22:26:00
,,,2.3,7,6.2,285.0,,,14.7,,,,,2026-08-30 21:56:00
,,,2.4,9,6.2,288.0,,,14.7,,,,,2026-08-30 21:26:00
,,,2.2,9,6.1,295.0,,,14.7,,,,,2026-08-30 20:56:00
,,,2.4,8,6.2,295.0,,,14.7,,,,,2026-08-30 20:26:00
,,,2.3,8,6.1,291.0,,,14.7,,,,,2026-08-30 19:56:00
,,,2.3,7,6.1,296.0,,,14.7,,,,,2026-08-30 19:26:00
,,,2.5,9,6.5,295.0,,,14.7,,,,,2026-08-30 18:56:00
,,,2.2,8,6.0,291.0,,,14.7,,,,,2026-08-30 18:26:00
,,,2.3,9,6.1,293.0,,,14.7,,,,,2026-08-30 17:56:00
,,,2.1,8,6.0,299.0,,,14.7,,,,,2026-08-30 17:26:00
,,,2.3,10,6.4,296.0,,,14.7,,,,,2026-08-30 16:56:00
,,,2.4,7,6.4,292.0,,,14.7,,,,,2026-08-30 16:26:00
,,,2.2,9,6.6,300.0,,,14.7,,,,,2026-08-30 15:56:00
,,,2.4,9,6.8,296.0,,,14.7,,,,,2026-08-30 15:26:00
,,,2.5,10,6.9,293.0,,,14.7,,,,,2026-08-30 14:56:00
,,,2.5,8,6.9,286.0,,,14.7,,,,,2026-08-30 14:26:00
,,,2.4,10,6.9,295.0,,,14.7,,,,,2026-08-30 13:56:00
,,,2.5,9,6.8,291.0,,,14.7,,,,,2026-08-30 13:26:00
,,,2.3,10,6.6,303.0,,,14.7,,,,,2026-08-30 12:56:00
,,,2.3,9,6.7,292.0,,,14.7,,,,,2026-08-30 12:26:00
,,,2.4,9,6.8,295.0,,,14.7,,,,,2026-08-30 11:56:00
,,,2.4,8,6.6,298.0,,,14.7,,,,,2026-08-30 11:26:00
,,,2.4,8,6.7,293.0,,,14.7,,,,,2026-08-30 10:56:00
,,,2.5,9,6.6,295.0,,,14.7,,,,,2026-08-30 10:26:00
,,,2.5,11,6.8,291.0,,,14.7,,,,,2026-08-30 09:56:00
,,,2.5,10,6.7,303.0,,,14.7,,,,,2026-08-30 09:26:00
,,,2.4,11,6.7,298.0,,,14.7,,,,,2026-08-30 08:56:00
,,,2.5,11,6.8,293.0,,,14.8,,,,,2026-08-30 08:26:00
,,,2.5,10,6.6,302.0,,,14.8,,,,,2026-08-30 07:56:00
,,,2.6,9,6.6,302.0,,,14.8,,,,,2026-08-30 07:26:00
,,,2.7,11,6.6,295.0,,,14.8,,,,,2026-08-30 06:56:00
,,,2.9,8,6.5,305.0,,,14.8,,,,,2026-08-30 06:26:00
,,,2.9,10,6.6,303.0,,,14.8,,,,,2026-08-30 05:56:00
,,,2.8,10,6.6,303.0,,,14.8,,,,,2026-08-30 05:26:00
,,,2.7,9,6.5,303.0,,,14.8,,,,,2026-08-30 04:56:00
,,,3.1,8,6.9,305.0,,,14.8,,,,,2026-08-30 04:26:00
,,,3.0,10,6.8,312.0,,,14.8,,,,,2026-08-30 03:56:00
,,,3.0,9,6.7,310.0,,,14.8,,,,,2026-08-30 03:26:00
,,,2.8,8,6.3,313.0,,,14.8,,,,,2026-08-30 02:56:00
,,,2.9,8,6.6,308.0,,,14.8,,,,,2026-08-30 02:26:00
,,,2.8,8,6.3,310.0,,,14.8,,,,,2026-08-30 01:56:00
,,,2.5,9,6.1,305.0,,,14.8,,,,,2026-08-30 01:26:00
,,,2.5,8,6.2,305.0,,,14.8,,,,,2026-08-30 00:56:00
,,,2.4,6,5.9,270.0,,,14.8,,,,,2026-08-30 00:26:00
,,,2.4,8,6.1,308.0,,,14.8,,,,,2026-08-29 23:56:00
,,,2.3,8,5.8,306.0,,,14.8,,,,,2026-08-29 23:26:00
,,,2.4,8,5.9,309.0,,,14.8,,,,,2026-08-29 22:56:00
,,,2.3,8,5.8,313.0,,,14.8,,,,,2026-08-29 22:26:00
,,,2.2,7,5.8,310.0,,,14.8,,,,,2026-08-29 21:56:00
,,,2.1,13,5.7,144.0,,,14.8,,,,,2026-08-29 21:26:00
,,,2.0,7,5.4,309.0,,,14.8,,,,,2026-08-29 20:56:00
,,,2.0,6,5.4,295.0,,,14.8,,,,,2026-08-29 20:26:00
,,,2.1,5,5.5,274.0,,,14.8,,,,,2026-08-29 19:56:00
,,,2.0,6,5.4,308.0,,,14.8,,,,,2026-08-29 19:26:00
,,,2.0,13,5.5,143.0,,,14.8,,,,,2026-08-29 18:56:00
,,,1.9,13,5.5,147.0,,,14.8,,,,,2026-08-29 18:26:00
,,,1.9,13,5.6,140.0,,,14.8,,,,,2026-08-29 17:56:00
,,,1.9,6,5.6,313.0,,,14.8,,,,,2026-08-29 17:26:00
,,,1.9,13,5.7,132.0,,,14.8,,,,,2026-08-29 16:56:00
,,,1.8,13,5.5,137.0,,,14.8,,,,,2026-08-29 16:26:00
,,,1.9,13,5.4,157.0,,,14.8,,,,,2026-08-29 15:56:00
,,,1.7,13,5.3,156.0,,,14.8,,,,,2026-08-29 15:26:00
,,,1.6,14,5.2,150.0,,,14.8,,,,,2026-08-29 14:56:00
,,,1.7,13,5.5,143.0,,,14.8,,,,,2026-08-29 14:26:00
,,,1.6,13,5.5,153.0,,,14.8,,,,,2026-08-29 13:56:00
,,,1.5,13,5.4,140.0,,,14.8,,,,,2026-08-29 13:26:00
,,,1.4,13,5.4,150.0,,,14.8,,,,,2026-08-29 12:56:00
,,,1.3,13,5.3,147.0,,,14.8,,,,,2026-08-29 12:26:00
,,,1.3,13,5.4,147.0,,,14.8,,,,,2026-08-29 11:56:00
,,,1.3,13,5.6,149.0,,,14.8,,,,,2026-08-29 11:26:00
,,,1.3,13,5.8,163.0,,,14.9,,,,,2026-08-29 10:56:00
,,,1.3,13,5.5,151.0,,,14.9,,,,,2026-08-29 10:26:00
,,,1.2,13,5.6,150.0,,,14.9,,,,,2026-08-29 09:56:00
,,,1.3,13,6.0,139.0,,,14.9,,,,,2026-08-29 09:26:00
,,,1.2,14,5.4,135.0,,,14.9,,,,,2026-08-29 08:56:00
,,,1.2,14,5.5,125.0,,,14.9,,,,,2026-08-29 08:26:00
,,,1.3,14,6.2,128.0,,,14.9,,,,,2026-08-29 07:56:00
,,,1.3,13,5.6,149.0,,,14.9,,,,,2026-08-29 07:26:00
,,,1.4,14,5.8,135.0,,,14.9,,,,,2026-08-29 06:56:00
,,,1.4,14,5.7,144.0,,,14.9,,,,,2026-08-29 06:26:00
,,,1.3,13,5.6,149.0,,,14.9,,,,,2026-08-29 05:56:00
,,,1.3,13,5.7,171.0,,,14.9,,,,,2026-08-29 05:26:00
,,,1.3,13,5.4,135.0,,,14.9,,,,,2026-08-29 04:56:00
,,,1.2,13,5.6,150.0,,,14.9,,,,,2026-08-29 04:26:00
,,,1.2,13,5.5,161.0,,,14.9,,,,,2026-08-29 03:56:00
,,,1.3,13,5.5,170.0,,,14.9,,,,,2026-08-29 03:26:00
,,,1.3,13,5.5,165.0,,,14.9,,,,,2026-08-29 02:56:00
,,,1.3,13,5.4,171.0,,,14.9,,,,,2026-08-29 02:26:00
,,,1.2,13,5.3,167.0,,,14.9,,,,,2026-08-29 01:56:00
,,,1.2,13,5.3,154.0,,,14.9,,,,,2026-08-29 01:26:00
,,,1.2,13,5.5,180.0,,,14.9,,,,,2026-08-29 00:56:00
,,,1.2,13,5.2,182.0,,,14.9,,,,,2026-08-29 00:26:00
,,,1.2,13,5.3,170.0,,,14.9,,,,,2026-08-28 23:56:00
,,,1.2,13,5.2,187.0,,,14.8,,,,,2026-08-28 23:26:00
,,,1.3,14,5.3,177.0,,,14.8,,,,,2026-08-28 22:56:00
,,,1.3,13,5.6,177.0,,,14.8,,,,,2026-08-28 22:26:00
,,,1.2,13,5.4,177.0,,,14.8,,,,,2026-08-28 21:56:00
,,,1.3,13,5.5,168.0,,,14.8,,,,,2026-08-28 21:26:00
,,,1.2,6,5.2,322.0,,,14.8,,,,,2026-08-28 20:56:00
,,,1.3,14,5.4,187.0,,,14.8,,,,,2026-08-28 20:26:00
,,,1.3,13,5.3,187.0,,,14.8,,,,,2026-08-28 19:56:00
,,,1.3,13,5.4,165.0,,,14.8,,,,,2026-08-28 19:26:00
,,,1.3,13,5.3,165.0,,,14.8,,,,,2026-08-28 18:56:00
,,,1.3,7,5.2,319.0,,,14.8,,,,,2026-08-28 18:26:00
,,,1.3,14,5.4,180.0,,,14.8,,,,,2026-08-28 17:56:00
,,,1.2,14,5.3,177.0,,,14.8,,,,,2026-08-28 16:56:00
,,,1.3,14,5.4,167.0,,,14.8,,,,,2026-08-28 16:26:00
,,,1.3,14,5.6,168.0,,,14.8,,,,,2026-08-28 15:56:00
,,,1.2,6,5.3,320.0,,,14.8,,,,,2026-08-28 15:26:00
,,,1.2,14,5.8,167.0,,,14.8,,,,,2026-08-28 14:56:00
,,,1.2,6,5.6,299.0,,,14.8,,,,,2026-08-28 14:26:00
,,,1.2,14,5.7,178.0,,,14.8,,,,,2026-08-28 13:56:00
,,,1.3,7,5.8,309.0,,,14.8,,,,,2026-08-28 13:26:00
,,,1.2,14,5.8,188.0,,,14.8,,,,,2026-08-28 12:56:00
,,,1.2,14,5.8,177.0,,,14.8,,,,,2026-08-28 12:26:00
,,,1.3,7,5.7,300.0,,,14.8,,,,,2026-08-28 11:56:00
,,,1.3,7,5.8,300.0,,,14.8,,,,,2026-08-28 11:26:00
,,,1.4,7,5.8,308.0,,,14.8,,,,,2026-08-28 10:56:00
,,,1.3,7,5.8,308.0,,,14.8,,,,,2026-08-28 10:26:00
,,,1.3,14,5.8,196.0,,,14.8,,,,,2026-08-28 09:56:00
,,,1.3,13,5.8,184.0,,,14.9,,,,,2026-08-28 09:26:00
,,,1.3,14,5.6,178.0,,,14.9,,,,,2026-08-28 08:56:00
,,,1.3,14,5.7,191.0,,,14.9,,,,,2026-08-28 08:26:00
,,,1.4,14,5.7,178.0,,,14.9,,,,,2026-08-28 07:56:00
,,,1.4,6,5.6,308.0,,,14.9,,,,,2026-08-28 07:26:00
,,,1.5,7,5.5,310.0,,,14.9,,,,,2026-08-28 06:26:00
,,,1.5,7,5.5,303.0,,,14.9,,,,,2026-08-28 05:56:00
,,,1.5,5,5.4,327.0,,,14.9,,,,,2026-08-28 05:26:00
,,,1.5,7,5.3,309.0,,,14.9,,,,,2026-08-28 04:56:00
,,,1.5,7,5.2,306.0,,,14.9,,,,,2026-08-28 04:26:00
,,,1.6,6,5.5,313.0,,,14.9,,,,,2026-08-28 03:56:00
,,,1.6,7,5.5,299.0,,,14.9,,,,,2026-08-28 03:26:00
,,,1.6,13,5.5,168.0,,,14.9,,,,,2026-08-28 02:56:00
,,,1.6,7,5.6,300.0,,,14.9,,,,,2026-08-28 02:26:00
,,,1.5,14,5.8,175.0,,,14.9,,,,,2026-08-28 01:56:00
,,,1.6,7,5.5,299.0,,,14.9,,,,,2026-08-28 01:26:00
,,,1.6,14,5.7,182.0,,,15.0,,,,,2026-08-28 00:56:00
,,,1.6,14,5.6,177.0,,,14.9,,,,,2026-08-28 00:26:00
,,,1.6,7,5.6,295.0,,,14.9,,,,,2026-08-27 23:56:00
,,,1.5,7,5.7,296.0,,,14.9,,,,,2026-08-27 23:26:00
,,,1.6,7,5.9,299.0,,,14.9,,,,,2026-08-27 22:56:00
,,,1.6,7,5.7,299.0,,,14.9,,,,,2026-08-27 22:26:00
,,,1.5,7,5.7,299.0,,,14.9,,,,,2026-08-27 21:56:00
,,,1.6,14,5.8,161.0,,,14.9,,,,,2026-08-27 21:26:00
,,,1.6,14,5.6,171.0,,,14.9,,,,,2026-08-27 20:56:00
,,,1.6,7,5.5,300.0,,,14.8,,,,,2026-08-27 20:26:00
,,,1.8,7,5.8,298.0,,,14.8,,,,,2026-08-27 19:56:00
,,,1.7,7,5.5,303.0,,,14.8,,,,,2026-08-27 19:26:00
,,,1.7,7,5.7,303.0,,,14.8,,,,,2026-08-27 18:56:00
,,,1.7,6,5.7,312.0,,,14.8,,,,,2026-08-27 18:26:00
,,,1.7,7,5.6,308.0,,,14.8,,,,,2026-08-27 17:56:00
,,,1.8,7,5.6,313.0,,,14.8,,,,,2026-08-27 17:26:00
,,,1.8,6,5.6,315.0,,,14.8,,,,,2026-08-27 16:56:00
,,,1.9,7,5.6,312.0,,,14.8,,,,,2026-08-27 16:26:00
,,,1.9,7,5.7,308.0,,,14.8,,,,,2026-08-27 15:26:00
,,,1.8,7,5.7,305.0,,,14.8,,,,,2026-08-27 14:56:00
,,,1.8,7,5.5,296.0,,,14.8,,,,,2026-08-27 14:26:00
,,,1.7,7,5.4,305.0,,,14.8,,,,,2026-08-27 13:56:00
,,,1.8,8,5.5,306.0,,,14.8,,,,,2026-08-27 13:26:00
,,,1.8,7,5.5,296.0,,,14.8,,,,,2026-08-27 12:56:00
,,,1.9,7,5.5,305.0,,,14.8,,,,,2026-08-27 12:26:00
,,,1.8,7,5.5,302.0,,,14.8,,,,,2026-08-27 11:56:00
,,,1.8,7,5.5,300.0,,,14.8,,,,,2026-08-27 11:26:00
,,,1.7,8,5.5,298.0,,,14.8,,,,,2026-08-27 10:56:00
,,,1.8,7,5.5,296.0,,,14.8,,,,,2026-08-27 10:26:00
,,,1.8,8,5.3,305.0,,,14.8,,,,,2026-08-27 09:56:00
,,,1.8,7,5.5,302.0,,,14.8,,,,,2026-08-27 09:26:00
,,,1.8,7,5.6,305.0,,,14.8,,,,,2026-08-27 08:56:00
,,,1.8,7,5.6,303.0,,,14.8,,,,,2026-08-27 08:26:00
,,,1.8,7,5.6,309.0,,,14.8,,,,,2026-08-27 07:56:00
,,,1.9,7,5.7,305.0,,,14.8,,,,,2026-08-27 07:26:00
,,,1.8,7,5.6,309.0,,,14.8,,,,,2026-08-27 06:56:00
,,,1.8,7,5.5,303.0,,,14.8,,,,,2026-08-27 06:26:00
,,,1.9,8,5.7,313.0,,,14.9,,,,,2026-08-27 05:56:00
,,,1.9,7,5.6,312.0,,,14.8,,,,,2026-08-27 05:26:00
,,,1.9,8,5.7,312.0,,,14.9,,,,,2026-08-27 04:56:00
,,,2.0,7,5.7,313.0,,,14.9,,,,,2026-08-27 04:26:00
,,,1.9,7,5.4,317.0,,,14.9,,,,,2026-08-27 03:56:00
,,,1.9,7,5.6,310.0,,,14.9,,,,,2026-08-27 03:26:00
,,,1.9,7,5.8,316.0,,,14.9,,,,,2026-08-27 02:56:00
,,,2.0,7,5.9,312.0,,,14.9,,,,,2026-08-27 02:26:00
,,,2.0,6,5.8,302.0,,,14.9,,,,,2026-08-27 01:56:00
,,,2.0,7,5.8,308.0,,,14.9,,,,,2026-08-27 01:26:00
,,,2.0,7,5.8,302.0,,,14.9,,,,,2026-08-27 00:56:00
,,,1.9,7,5.6,312.0,,,14.9,,,,,2026-08-27 00:26:00
,,,2.0,7,5.7,306.0,,,14.9,,,,,2026-08-26 23:56:00
,,,2.1,7,5.7,305.0,,,14.9,,,,,2026-08-26 23:26:00
,,,1.9,7,5.5,312.0,,,14.9,,,,,2026-08-26 22:56:00
,,,1.9,6,5.3,305.0,,,14.9,,,,,2026-08-26 22:26:00
,,,1.8,6,5.2,308.0,,,14.9,,,,,2026-08-26 21:56:00
,,,1.8,6,5.2,306.0,,,14.9,,,,,2026-08-26 21:26:00
,,,1.7,5,5.2,298.0,,,14.9,,,,,2026-08-26 20:56:00
,,,1.7,6,5.2,303.0,,,14.9,,,,,2026-08-26 20:26:00
,,,1.5,14,5.1,156.0,,,14.9,,,,,2026-08-26 19:56:00
,,,1.5,6,4.9,317.0,,,14.9,,,,,2026-08-26 19:26:00
,,,1.5,15,4.9,175.0,,,14.9,,,,,2026-08-26 18:56:00
,,,1.5,11,4.9,227.0,,,14.9,,,,,2026-08-26 18:26:00
,,,1.4,12,5.1,230.0,,,14.9,,,,,2026-08-26 17:56:00
,,,1.5,5,4.8,319.0,,,14.9,,,,,2026-08-26 17:26:00
,,,1.5,5,5.1,326.0,,,14.9,,,,,2026-08-26 16:56:00
,,,1.5,5,5.0,322.0,,,14.9,,,,,2026-08-26 16:26:00
,,,1.5,12,5.1,226.0,,,14.9,,,,,2026-08-26 15:56:00
,,,1.4,5,4.8,334.0,,,14.9,,,,,2026-08-26 15:26:00
,,,1.5,12,5.0,233.0,,,14.9,,,,,2026-08-26 14:56:00
,,,1.4,12,5.2,219.0,,,14.9,,,,,2026-08-26 14:26:00
,,,1.4,12,5.3,230.0,,,14.9,,,,,2026-08-26 13:56:00
,,,1.3,13,5.3,236.0,,,14.9,,,,,2026-08-26 13:26:00
,,,1.4,13,5.5,223.0,,,14.9,,,,,2026-08-26 12:56:00
,,,1.4,13,5.7,223.0,,,14.9,,,,,2026-08-26 12:26:00
,,,1.4,13,5.8,229.0,,,14.9,,,,,2026-08-26 11:56:00
,,,1.4,13,5.5,227.0,,,14.9,,,,,2026-08-26 11:26:00
,,,1.3,13,5.4,226.0,,,14.9,,,,,2026-08-26 10:56:00
,,,1.3,13,5.5,222.0,,,14.9,,,,,2026-08-26 10:26:00
,,,1.4,14,5.6,184.0,,,14.9,,,,,2026-08-26 09:56:00
,,,1.3,13,5.7,220.0,,,14.9,,,,,2026-08-26 09:26:00
,,,1.3,13,5.5,213.0,,,14.9,,,,,2026-08-26 08:56:00
,,,1.3,14,5.3,178.0,,,14.9,,,,,2026-08-26 08:26:00
,,,1.3,13,5.5,223.0,,,14.9,,,,,2026-08-26 07:56:00
,,,1.4,13,5.7,230.0,,,14.9,,,,,2026-08-26 07:26:00
,,,1.4,13,5.3,210.0,,,14.9,,,,,2026-08-26 06:56:00
,,,1.4,13,5.3,222.0,,,14.9,,,,,2026-08-26 06:26:00
,,,1.3,6,5.0,345.0,,,15.0,,,,,2026-08-26 05:56:00
,,,1.4,13,5.5,225.0,,,15.0,,,,,2026-08-26 05:26:00
,,,1.3,14,5.2,171.0,,,15.0,,,,,2026-08-26 04:56:00
,,,1.4,13,5.5,225.0,,,15.0,,,,,2026-08-26 04:26:00
,,,1.3,14,5.2,184.0,,,15.0,,,,,2026-08-26 03:56:00
,,,1.4,6,5.3,334.0,,,15.0,,,,,2026-08-26 03:26:00
,,,1.4,14,5.2,189.0,,,15.0,,,,,2026-08-26 02:56:00
,,,1.4,15,5.3,198.0,,,15.0,,,,,2026-08-26 02:26:00
,,,1.3,15,5.1,174.0,,,15.0,,,,,2026-08-26 01:56:00
,,,1.4,15,5.6,184.0,,,15.0,,,,,2026-08-26 01:26:00
,,,1.4,15,5.5,185.0,,,15.0,,,,,2026-08-26 00:56:00
,,,1.3,12,5.1,219.0,,,15.0,,,,,2026-08-26 00:26:00
,,,1.5,15,5.1,185.0,,,15.0,,,,,2026-08-25 23:56:00
,,,1.4,7,5.3,322.0,,,15.0,,,,,2026-08-25 23:26:00
,,,1.5,15,5.4,173.0,,,15.0,,,,,2026-08-25 22:56:00
,,,1.5,12,5.2,233.0,,,15.0,,,,,2026-08-25 22:26:00
,,,1.4,15,5.3,173.0,,,15.0,,,,,2026-08-25 21:56:00
,,,1.4,6,5.4,338.0,,,15.0,,,,,2026-08-25 21:26:00
,,,1.4,15,5.2,174.0,,,14.9,,,,,2026-08-25 20:56:00
,,,1.5,7,5.3,322.0,,,14.9,,,,,2026-08-25 20:26:00
,,,1.6,7,5.3,322.0,,,14.9,,,,,2026-08-25 19:56:00
,,,1.4,7,5.2,331.0,,,14.9,,,,,2026-08-25 19:26:00
,,,1.5,7,5.3,317.0,,,14.9,,,,,2026-08-25 18:56:00
,,,1.4,7,5.1,326.0,,,14.9,,,,,2026-08-25 18:26:00
,,,1.5,12,5.5,223.0,,,14.9,,,,,2026-08-25 17:56:00
,,,1.4,7,5.5,320.0,,,14.9,,,,,2026-08-25 17:26:00
,,,1.4,13,5.6,226.0,,,14.9,,,,,2026-08-25 16:56:00
,,,1.4,13,5.6,230.0,,,14.9,,,,,2026-08-25 16:26:00
,,,1.6,7,5.4,326.0,,,14.9,,,,,2026-08-25 15:56:00
,,,1.6,13,5.8,225.0,,,14.9,,,,,2026-08-25 15:26:00
,,,1.6,13,5.9,229.0,,,14.9,,,,,2026-08-25 14:56:00
,,,1.5,7,5.8,326.0,,,14.9,,,,,2026-08-25 14:26:00
,,,1.6,7,5.8,324.0,,,14.9,,,,,2026-08-25 13:56:00
,,,1.6,7,6.0,326.0,,,14.9,,,,,2026-08-25 13:26:00
,,,1.5,13,5.6,230.0,,,14.9,,,,,2026-08-25 12:56:00
,,,1.7,13,6.0,210.0,,,14.9,,,,,2026-08-25 12:26:00
,,,1.7,8,5.7,317.0,,,14.9,,,,,2026-08-25 11:56:00
,,,1.7,13,5.5,234.0,,,14.9,,,,,2026-08-25 11:26:00
,,,1.8,8,5.7,320.0,,,14.9,,,,,2026-08-25 10:56:00
,,,1.8,7,5.6,316.0,,,14.9,,,,,2026-08-25 10:26:00
,,,1.8,8,5.5,315.0,,,14.9,,,,,2026-08-25 09:56:00
,,,1.8,8,5.8,317.0,,,15.0,,,,,2026-08-25 09:26:00
,,,1.8,7,5.7,319.0,,,15.0,,,,,2026-08-25 08:56:00
,,,1.7,7,5.6,312.0,,,15.0,,,,,2026-08-25 08:26:00
,,,1.9,7,5.8,313.0,,,15.0,,,,,2026-08-25 07:56:00
,,,1.9,7,5.8,312.0,,,15.0,,,,,2026-08-25 07:26:00
,,,1.9,8,5.6,319.0,,,15.0,,,,,2026-08-25 06:56:00
,,,2.0,8,5.6,322.0,,,15.0,,,,,2026-08-25 06:26:00
,,,1.9,8,5.8,329.0,,,15.0,,,,,2026-08-25 05:56:00
,,,1.9,7,5.5,319.0,,,15.0,,,,,2026-08-25 05:26:00
,,,2.0,8,5.8,329.0,,,15.0,,,,,2026-08-25 04:56:00
,,,2.0,8,5.8,329.0,,,15.0,,,,,2026-08-25 04:26:00
,,,2.2,8,6.0,327.0,,,15.0,,,,,2026-08-25 03:56:00
,,,2.0,8,6.0,322.0,,,15.0,,,,,2026-08-25 03:26:00
,,,2.0,8,5.8,320.0,,,15.0,,,,,2026-08-25 02:56:00
,,,1.9,14,6.0,209.0,,,15.0,,,,,2026-08-25 02:26:00
,,,1.9,8,5.7,324.0,,,15.0,,,,,2026-08-25 01:56:00
,,,2.0,14,6.0,218.0,,,15.0,,,,,2026-08-25 01:26:00
,,,2.0,8,6.0,334.0,,,15.0,,,,,2026-08-25 00:56:00
,,,2.0,8,6.3,331.0,,,15.0,,,,,2026-08-25 00:26:00
,,,2.1,8,6.3,329.0,,,15.0,,,,,2026-08-24 23:56:00
,,,2.1,8,6.2,337.0,,,15.0,,,,,2026-08-24 23:26:00
,,,2.0,15,6.3,218.0,,,15.0,,,,,2026-08-24 22:56:00
,,,2.0,8,6.1,316.0,,,15.0,,,,,2026-08-24 22:26:00
,,,2.2,15,6.2,222.0,,,15.0,,,,,2026-08-24 21:56:00
,,,2.1,8,6.0,315.0,,,15.0,,,,,2026-08-24 21:26:00
,,,2.3,8,6.1,322.0,,,15.0,,,,,2026-08-24 20:56:00
,,,2.1,8,5.8,324.0,,,15.0,,,,,2026-08-24 20:26:00
,,,2.3,8,6.0,313.0,,,15.0,,,,,2026-08-24 19:56:00
,,,2.2,8,6.0,336.0,,,15.0,,,,,2026-08-24 19:26:00
,,,2.3,7,6.1,312.0,,,15.0,,,,,2026-08-24 18:56:00
,,,2.1,7,5.9,316.0,,,15.0,,,,,2026-08-24 18:26:00
,,,2.2,8,5.8,330.0,,,15.0,,,,,2026-08-24 17:56:00
,,,2.3,8,5.7,331.0,,,15.1,,,,,2026-08-24 17:26:00
,,,2.2,8,5.8,327.0,,,15.1,,,,,2026-08-24 16:56:00
,,,2.3,8,5.9,324.0,,,15.1,,,,,2026-08-24 16:26:00
,,,2.2,7,5.7,322.0,,,15.1,,,,,2026-08-24 15:56:00
,,,2.1,7,5.5,313.0,,,15.1,,,,,2026-08-24 15:26:00
,,,1.9,7,5.4,313.0,,,15.1,,,,,2026-08-24 14:56:00
,,,2.0,6,5.3,309.0,,,15.1,,,,,2026-08-24 14:26:00
,,,1.8,6,5.1,322.0,,,15.1,,,,,2026-08-24 13:56:00
,,,1.8,7,5.5,323.0,,,15.1,,,,,2026-08-24 13:26:00
,,,1.9,7,5.6,312.0,,,15.1,,,,,2026-08-24 12:56:00
,,,1.7,7,5.7,305.0,,,15.1,,,,,2026-08-24 12:26:00
,,,1.7,8,5.5,303.0,,,15.1,,,,,2026-08-24 11:56:00
,,,1.7,8,5.5,299.0,,,15.1,,,,,2026-08-24 11:26:00
,,,1.7,7,5.5,302.0,,,15.1,,,,,2026-08-24 10:56:00
,,,1.7,8,5.6,296.0,,,15.1,,,,,2026-08-24 10:26:00
,,,1.7,7,5.6,303.0,,,15.1,,,,,2026-08-24 09:56:00
,,,1.7,7,5.6,300.0,,,15.1,,,,,2026-08-24 09:26:00
,,,1.7,7,5.6,299.0,,,15.1,,,,,2026-08-24 08:56:00
,,,1.7,7,5.7,298.0,,,15.1,,,,,2026-08-24 08:26:00
,,,1.7,8,5.5,289.0,,,15.1,,,,,2026-08-24 07:56:00
,,,1.7,8,5.6,289.0,,,15.1,,,,,2026-08-24 07:26:00
,,,1.6,8,5.6,292.0,,,15.2,,,,,2026-08-24 06:56:00
,,,1.6,8,5.3,292.0,,,15.2,,,,,2026-08-24 06:26:00
,,,1.7,8,5.3,285.0,,,15.2,,,,,2026-08-24 05:56:00
,,,1.7,9,5.3,298.0,,,15.2,,,,,2026-08-24 05:26:00
,,,1.8,7,5.4,292.0,,,15.2,,,,,2026-08-24 04:56:00
,,,1.7,8,5.4,303.0,,,15.2,,,,,2026-08-24 04:26:00
,,,1.7,8,5.3,299.0,,,15.2,,,,,2026-08-24 03:56:00
,,,1.7,8,5.4,298.0,,,15.2,,,,,2026-08-24 03:26:00
,,,1.7,8,5.3,296.0,,,15.3,,,,,2026-08-24 02:56:00
,,,1.8,8,5.5,299.0,,,15.3,,,,,2026-08-24 02:26:00
,,,1.7,8,5.5,310.0,,,15.3,,,,,2026-08-24 01:56:00
,,,1.8,6,5.6,293.0,,,15.3,,,,,2026-08-24 01:26:00
,,,1.8,8,5.7,310.0,,,15.3,,,,,2026-08-24 00:56:00
,,,1.7,8,5.8,303.0,,,15.3,,,,,2026-08-24 00:26:00
