#YY,MM,DD,hh,mm,WDIR,WSPD,GST,WVHT,DPD,APD,MWD,PRES,ATMP,WTMP,DEWP,VIS,PTDY,TIDE
2026,06,03,08,56,MM,MM,MM,2.7,10,7.3,205,MM,MM,7.9,MM,MM,MM,MM
2026,06,03,08,26,MM,MM,MM,2.7,9,7.5,196,MM,MM,8.0,MM,MM,MM,MM
2026,06,03,07,56,MM,MM,MM,2.5,10,7.0,177,MM,MM,8.0,MM,MM,MM,MM
2026,06,03,07,26,MM,MM,MM,3.0,10,7.8,205,MM,MM,7.9,MM,MM,MM,MM
2026,06,03,06,56,MM,MM,MM,2.8,10,7.5,201,MM,MM,7.9,MM,MM,MM,MM
2026,06,03,06,26,MM,MM,MM,2.8,10,7.5,185,MM,MM,7.9,MM,MM,MM,MM
2026,06,03,05,56,MM,MM,MM,2.8,11,7.2,205,MM,MM,7.9,MM,MM,MM,MM
2026,06,03,05,26,MM,MM,MM,2.8,11,7.1,212,MM,MM,8.0,MM,MM,MM,MM
2026,06,03,04,56,MM,MM,MM,3.1,10,7.8,210,MM,MM,8.0,MM,MM,MM,MM
2026,06,03,04,26,MM,MM,MM,2.9,11,7.5,196,MM,MM,8.0,MM,MM,MM,MM
2026,06,03,03,56,MM,MM,MM,3.2,10,7.8,184,MM,MM,8.0,MM,MM,MM,MM
2026,06,03,03,26,MM,MM,MM,3.1,10,7.7,202,MM,MM,8.0,MM,MM,MM,MM
2026,06,03,02,56,MM,MM,MM,3.0,10,7.6,192,MM,MM,8.0,MM,MM,MM,MM
2026,06,03,02,26,MM,MM,MM,2.9,10,7.6,187,MM,MM,8.0,MM,MM,MM,MM
2026,06,03,01,56,MM,MM,MM,2.8,10,7.6,174,MM,MM,8.0,MM,MM,MM,MM
2026,06,03,01,26,MM,MM,MM,2.9,10,7.7,187,MM,MM,8.0,MM,MM,MM,MM
2026,06,03,00,56,MM,MM,MM,3.1,10,7.8,191,MM,MM,8.0,MM,MM,MM,MM
2026,06,03,00,26,MM,MM,MM,3.1,10,7.9,174,MM,MM,8.0,MM,MM,MM,MM
2026,06,02,23,56,MM,MM,MM,3.0,11,7.7,165,MM,MM,8.0,MM,MM,MM,MM
2026,06,02,23,26,MM,MM,MM,3.2,11,7.7,177,MM,MM,8.0,MM,MM,MM,MM
2026,06,02,22,56,MM,MM,MM,3.0,10,7.6,182,MM,MM,8.0,MM,MM,MM,MM
2026,06,02,22,26,MM,MM,MM,3.2,10,7.7,170,MM,MM,8.0,MM,MM,MM,MM
2026,06,02,21,56,MM,MM,MM,3.2,10,7.7,187,MM,MM,7.9,MM,MM,MM,MM
2026,06,02,21,26,MM,MM,MM,3.0,10,7.7,178,MM,MM,7.9,MM,MM,MM,MM
2026,06,02,20,56,MM,MM,MM,3.0,10,7.7,175,MM,MM,7.9,MM,MM,MM,MM
2026,06,02,20,26,MM,MM,MM,3.2,11,8.0,168,MM,MM,7.9,MM,MM,MM,MM
2026,06,02,19,56,MM,MM,MM,3.1,11,7.8,178,MM,MM,7.9,MM,MM,MM,MM
2026,06,02,19,26,MM,MM,MM,3.1,11,7.9,168,MM,MM,7.9,MM,MM,MM,MM
2026,06,02,18,56,MM,MM,MM,3.2,11,7.8,165,MM,MM,7.8,MM,MM,MM,MM
2026,06,02,18,26,MM,MM,MM,3.1,11,7.9,171,MM,MM,7.8,MM,MM,MM,MM
2026,06,02,17,56,MM,MM,MM,3.2,10,8.1,182,MM,MM,7.8,MM,MM,MM,MM
2026,06,02,17,26,MM,MM,MM,3.3,10,8.2,178,MM,MM,7.8,MM,MM,MM,MM
2026,06,02,16,56,MM,MM,MM,3.0,11,8.0,174,MM,MM,7.8,MM,MM,MM,MM
2026,06,02,16,26,MM,MM,MM,3.5,11,8.5,174,MM,MM,7.8,MM,MM,MM,MM
2026,06,02,15,56,MM,MM,MM,3.4,11,8.4,165,MM,MM,7.8,MM,MM,MM,MM
2026,06,02,15,26,MM,MM,MM,3.6,11,8.4,181,MM,MM,7.8,MM,MM,MM,MM
2026,06,02,14,56,MM,MM,MM,3.3,10,8.2,174,MM,MM,7.8,MM,MM,MM,MM
2026,06,02,14,26,MM,MM,MM,3.5,10,8.2,175,MM,MM,7.8,MM,MM,MM,MM
2026,06,02,13,56,MM,MM,MM,3.5,10,8.2,156,MM,MM,7.8,MM,MM,MM,MM
2026,06,02,13,26,MM,MM,MM,3.5,10,8.3,180,MM,MM,7.8,MM,MM,MM,MM
2026,06,02,12,56,MM,MM,MM,3.6,11,8.6,164,MM,MM,7.8,MM,MM,MM,MM
2026,06,02,12,26,MM,MM,MM,3.8,11,8.7,167,MM,MM,7.8,MM,MM,MM,MM
2026,06,02,11,56,MM,MM,MM,3.7,10,8.4,149,MM,MM,7.8,MM,MM,MM,MM
2026,06,02,11,26,MM,MM,MM,3.6,11,8.2,168,MM,MM,7.8,MM,MM,MM,MM
2026,06,02,10,56,MM,MM,MM,3.3,11,8.2,163,MM,MM,7.8,MM,MM,MM,MM
2026,06,02,10,26,MM,MM,MM,3.6,11,8.4,153,MM,MM,7.8,MM,MM,MM,MM
2026,06,02,09,56,MM,MM,MM,3.4,11,8.2,164,MM,MM,7.8,MM,MM,MM,MM
2026,06,02,09,26,MM,MM,MM,3.5,11,8.1,174,MM,MM,7.8,MM,MM,MM,MM
2026,06,02,08,56,MM,MM,MM,3.3,11,8.0,171,MM,MM,7.8,MM,MM,MM,MM
2026,06,02,08,26,MM,MM,MM,3.8,12,8.4,164,MM,MM,7.7,MM,MM,MM,MM
2026,06,02,07,56,MM,MM,MM,3.6,11,8.1,173,MM,MM,7.7,MM,MM,MM,MM
2026,06,02,07,26,MM,MM,MM,3.8,11,8.4,167,MM,MM,7.7,MM,MM,MM,MM
2026,06,02,06,56,MM,MM,MM,4.0,11,8.5,167,MM,MM,7.7,MM,MM,MM,MM
2026,06,02,06,26,MM,MM,MM,4.0,11,8.8,168,MM,MM,7.7,MM,MM,MM,MM
2026,06,02,05,56,MM,MM,MM,4.3,11,8.7,171,MM,MM,7.7,MM,MM,MM,MM
2026,06,02,05,26,MM,MM,MM,3.9,12,8.4,167,MM,MM,7.8,MM,MM,MM,MM
2026,06,02,04,56,MM,MM,MM,4.0,11,8.6,167,MM,MM,7.8,MM,MM,MM,MM
2026,06,02,04,26,MM,MM,MM,4.1,11,8.6,174,MM,MM,7.8,MM,MM,MM,MM
2026,06,02,03,56,MM,MM,MM,4.1,11,8.4,158,MM,MM,7.8,MM,MM,MM,MM
2026,06,02,03,26,MM,MM,MM,4.2,12,8.7,161,MM,MM,7.8,MM,MM,MM,MM
2026,06,02,02,56,MM,MM,MM,4.2,11,8.4,157,MM,MM,7.9,MM,MM,MM,MM
2026,06,02,02,26,MM,MM,MM,4.5,11,8.7,170,MM,MM,7.9,MM,MM,MM,MM
2026,06,02,01,56,MM,MM,MM,4.5,11,8.7,164,MM,MM,7.9,MM,MM,MM,MM
2026,06,02,01,26,MM,MM,MM,5.0,11,8.9,170,MM,MM,7.9,MM,MM,MM,MM
2026,06,02,00,56,MM,MM,MM,4.9,11,8.9,168,MM,MM,7.8,MM,MM,MM,MM
2026,06,02,00,26,MM,MM,MM,4.8,12,8.7,164,MM,MM,7.8,MM,MM,MM,MM
2026,06,01,23,56,MM,MM,MM,4.5,11,8.6,163,MM,MM,7.8,MM,MM,MM,MM
2026,06,01,23,26,MM,MM,MM,4.4,11,8.7,156,MM,MM,7.8,MM,MM,MM,MM
2026,06,01,22,56,MM,MM,MM,5.2,11,9.2,157,MM,MM,7.8,MM,MM,MM,MM
2026,06,01,22,26,MM,MM,MM,4.7,11,8.8,163,MM,MM,7.8,MM,MM,MM,MM
2026,06,01,21,56,MM,MM,MM,4.8,11,8.9,158,MM,MM,7.8,MM,MM,MM,MM
2026,06,01,21,26,MM,MM,MM,5.3,11,9.2,167,MM,MM,7.7,MM,MM,MM,MM
2026,06,01,20,56,MM,MM,MM,4.6,10,8.8,173,MM,MM,7.8,MM,MM,MM,MM
2026,06,01,20,26,MM,MM,MM,4.6,12,8.8,147,MM,MM,7.8,MM,MM,MM,MM
2026,06,01,19,56,MM,MM,MM,4.4,12,8.5,151,MM,MM,7.7,MM,MM,MM,MM
2026,06,01,19,26,MM,MM,MM,5.1,11,9.1,158,MM,MM,7.7,MM,MM,MM,MM
2026,06,01,18,56,MM,MM,MM,5.2,12,8.9,154,MM,MM,7.7,MM,MM,MM,MM
2026,06,01,18,26,MM,MM,MM,5.1,11,8.8,157,MM,MM,7.7,MM,MM,MM,MM
2026,06,01,17,56,MM,MM,MM,4.7,11,8.4,147,MM,MM,7.7,MM,MM,MM,MM
2026,06,01,17,26,MM,MM,MM,5.4,11,8.9,151,MM,MM,7.7,MM,MM,MM,MM
2026,06,01,16,56,MM,MM,MM,5.1,11,8.7,150,MM,MM,7.7,MM,MM,MM,MM
2026,06,01,16,26,MM,MM,MM,5.1,11,8.3,143,MM,MM,7.7,MM,MM,MM,MM
2026,06,01,15,56,MM,MM,MM,5.2,10,8.3,151,MM,MM,7.7,MM,MM,MM,MM
2026,06,01,15,26,MM,MM,MM,6.0,11,8.6,142,MM,MM,7.7,MM,MM,MM,MM
2026,06,01,14,56,MM,MM,MM,5.2,9,8.1,149,MM,MM,7.7,MM,MM,MM,MM
2026,06,01,14,26,MM,MM,MM,5.0,10,7.9,137,MM,MM,7.7,MM,MM,MM,MM
2026,06,01,13,56,MM,MM,MM,5.5,10,8.0,146,MM,MM,7.7,MM,MM,MM,MM
2026,06,01,13,26,MM,MM,MM,5.1,9,7.7,151,MM,MM,7.7,MM,MM,MM,MM
2026,06,01,12,56,MM,MM,MM,5.4,9,7.8,160,MM,MM,7.7,MM,MM,MM,MM
2026,06,01,12,26,MM,MM,MM,5.2,9,7.7,146,MM,MM,7.7,MM,MM,MM,MM
2026,06,01,11,56,MM,MM,MM,4.7,9,7.4,147,MM,MM,7.7,MM,MM,MM,MM
2026,06,01,11,26,MM,MM,MM,4.8,9,7.3,150,MM,MM,7.7,MM,MM,MM,MM
2026,06,01,10,56,MM,MM,MM,4.4,8,7.1,144,MM,MM,7.7,MM,MM,MM,MM
2026,06,01,10,26,MM,MM,MM,4.6,8,7.2,144,MM,MM,7.7,MM,MM,MM,MM
2026,06,01,09,56,MM,MM,MM,4.1,8,6.8,158,MM,MM,7.7,MM,MM,MM,MM
2026,06,01,09,26,MM,MM,MM,3.9,8,6.6,154,MM,MM,7.7,MM,MM,MM,MM
2026,06,01,08,56,MM,MM,MM,3.4,7,6.3,143,MM,MM,7.7,MM,MM,MM,MM
2026,06,01,08,26,MM,MM,MM,3.5,7,6.3,143,MM,MM,7.8,MM,MM,MM,MM
2026,06,01,07,56,MM,MM,MM,3.1,7,6.1,150,MM,MM,7.7,MM,MM,MM,MM
2026,06,01,07,26,MM,MM,MM,2.8,7,5.8,146,MM,MM,7.8,MM,MM,MM,MM
2026,06,01,06,56,MM,MM,MM,3.1,7,6.0,147,MM,MM,7.7,MM,MM,MM,MM
2026,06,01,06,26,MM,MM,MM,2.7,7,6.0,164,MM,MM,7.7,MM,MM,MM,MM
2026,06,01,05,56,MM,MM,MM,2.7,8,6.0,213,MM,MM,7.7,MM,MM,MM,MM
2026,06,01,05,26,MM,MM,MM,2.4,8,5.8,208,MM,MM,7.7,MM,MM,MM,MM
2026,06,01,04,56,MM,MM,MM,2.5,7,5.9,173,MM,MM,7.7,MM,MM,MM,MM
2026,06,01,04,26,MM,MM,MM,2.3,6,5.9,158,MM,MM,7.7,MM,MM,MM,MM
2026,06,01,03,56,MM,MM,MM,2.3,6,5.7,142,MM,MM,7.7,MM,MM,MM,MM
2026,06,01,03,26,MM,MM,MM,2.3,6,5.7,157,MM,MM,7.7,MM,MM,MM,MM
2026,06,01,02,56,MM,MM,MM,2.1,6,5.7,153,MM,MM,7.7,MM,MM,MM,MM
2026,06,01,02,26,MM,MM,MM,2.0,8,5.7,230,MM,MM,7.7,MM,MM,MM,MM
2026,06,01,01,56,MM,MM,MM,2.3,6,5.8,174,MM,MM,7.8,MM,MM,MM,MM
2026,06,01,01,26,MM,MM,MM,2.1,6,5.7,158,MM,MM,7.7,MM,MM,MM,MM
2026,06,01,00,56,MM,MM,MM,2.2,6,5.7,182,MM,MM,7.7,MM,MM,MM,MM
2026,06,01,00,26,MM,MM,MM,2.2,7,5.7,206,MM,MM,7.7,MM,MM,MM,MM
2026,05,31,23,56,MM,MM,MM,2.1,6,5.4,175,MM,MM,7.7,MM,MM,MM,MM
2026,05,31,20,56,MM,MM,MM,2.1,6,5.5,182,MM,MM,7.6,MM,MM,MM,MM
2026,05,31,20,26,MM,MM,MM,2.2,6,5.6,198,MM,MM,7.6,MM,MM,MM,MM
2026,05,31,19,56,MM,MM,MM,2.1,6,5.7,199,MM,MM,7.6,MM,MM,MM,MM
2026,05,31,19,26,MM,MM,MM,2.1,10,5.6,277,MM,MM,7.6,MM,MM,MM,MM
2026,05,31,18,56,MM,MM,MM,2.0,9,5.6,274,MM,MM,7.5,MM,MM,MM,MM
2026,05,31,18,26,MM,MM,MM,1.9,7,5.6,233,MM,MM,7.5,MM,MM,MM,MM
2026,05,31,17,56,MM,MM,MM,1.9,10,5.4,289,MM,MM,7.5,MM,MM,MM,MM
2026,05,31,17,26,MM,MM,MM,1.9,6,5.7,216,MM,MM,7.5,MM,MM,MM,MM
2026,05,31,16,56,MM,MM,MM,1.8,10,5.6,274,MM,MM,7.5,MM,MM,MM,MM
2026,05,31,16,26,MM,MM,MM,1.9,10,5.9,284,MM,MM,7.5,MM,MM,MM,MM
2026,05,31,15,56,MM,MM,MM,2.0,10,5.7,281,MM,MM,7.5,MM,MM,MM,MM
2026,05,31,15,26,MM,MM,MM,1.9,10,5.8,285,MM,MM,7.5,MM,MM,MM,MM
2026,05,31,14,56,MM,MM,MM,2.0,11,5.8,284,MM,MM,7.5,MM,MM,MM,MM
2026,05,31,14,26,MM,MM,MM,1.9,6,5.7,218,MM,MM,7.5,MM,MM,MM,MM
2026,05,31,13,56,MM,MM,MM,1.9,10,5.8,271,MM,MM,7.5,MM,MM,MM,MM
2026,05,31,13,26,MM,MM,MM,2.0,6,6.0,218,MM,MM,7.5,MM,MM,MM,MM
2026,05,31,12,56,MM,MM,MM,2.1,6,5.9,223,MM,MM,7.5,MM,MM,MM,MM
2026,05,31,12,26,MM,MM,MM,2.0,10,5.9,264,MM,MM,7.5,MM,MM,MM,MM
2026,05,31,11,56,MM,MM,MM,1.9,6,5.7,220,MM,MM,7.5,MM,MM,MM,MM
2026,05,31,11,26,MM,MM,MM,1.9,6,5.6,216,MM,MM,7.5,MM,MM,MM,MM
2026,05,31,10,56,MM,MM,MM,2.1,9,6.0,272,MM,MM,7.5,MM,MM,MM,MM
2026,05,31,10,26,MM,MM,MM,2.0,8,5.7,261,MM,MM,7.5,MM,MM,MM,MM
2026,05,31,09,56,MM,MM,MM,2.0,10,5.8,277,MM,MM,7.5,MM,MM,MM,MM
2026,05,31,09,26,MM,MM,MM,2.1,9,5.8,268,MM,MM,7.5,MM,MM,MM,MM
2026,05,31,08,56,MM,MM,MM,1.9,8,5.7,260,MM,MM,7.5,MM,MM,MM,MM
2026,05,31,08,26,MM,MM,MM,1.9,10,5.7,275,MM,MM,7.5,MM,MM,MM,MM
2026,05,31,07,56,MM,MM,MM,1.9,9,5.5,267,MM,MM,7.5,MM,MM,MM,MM
2026,05,31,07,26,MM,MM,MM,1.8,9,5.4,267,MM,MM,7.5,MM,MM,MM,MM
2026,05,31,06,56,MM,MM,MM,1.7,9,5.3,272,MM,MM,7.5,MM,MM,MM,MM
2026,05,31,06,26,MM,MM,MM,1.8,10,5.7,265,MM,MM,7.5,MM,MM,MM,MM
2026,05,31,05,56,MM,MM,MM,1.7,5,5.2,189,MM,MM,7.5,MM,MM,MM,MM
2026,05,31,05,26,MM,MM,MM,1.6,10,5.2,281,MM,MM,7.5,MM,MM,MM,MM
2026,05,31,04,56,MM,MM,MM,1.6,10,5.1,268,MM,MM,7.5,MM,MM,MM,MM
2026,05,31,04,26,MM,MM,MM,1.6,8,5.1,270,MM,MM,7.5,MM,MM,MM,MM
2026,05,31,03,56,MM,MM,MM,1.6,8,5.1,277,MM,MM,7.4,MM,MM,MM,MM
2026,05,31,03,26,MM,MM,MM,1.6,9,5.0,277,MM,MM,7.4,MM,MM,MM,MM
2026,05,31,02,56,MM,MM,MM,1.5,9,5.2,265,MM,MM,7.4,MM,MM,MM,MM
2026,05,31,02,26,MM,MM,MM,1.5,9,5.2,272,MM,MM,7.4,MM,MM,MM,MM
2026,05,31,01,56,MM,MM,MM,1.5,8,5.1,278,MM,MM,7.4,MM,MM,MM,MM
2026,05,31,01,26,MM,MM,MM,1.5,9,5.5,272,MM,MM,7.4,MM,MM,MM,MM
2026,05,31,00,56,MM,MM,MM,1.4,8,5.3,271,MM,MM,7.4,MM,MM,MM,MM
2026,05,31,00,26,MM,MM,MM,1.5,10,5.6,265,MM,MM,7.4,MM,MM,MM,MM
2026,05,30,23,56,MM,MM,MM,1.4,10,5.7,277,MM,MM,7.4,MM,MM,MM,MM
2026,05,30,23,26,MM,MM,MM,1.4,9,6.0,271,MM,MM,7.4,MM,MM,MM,MM
2026,05,30,22,56,MM,MM,MM,1.4,9,5.8,275,MM,MM,7.4,MM,MM,MM,MM
2026,05,30,22,26,MM,MM,MM,1.5,9,5.8,272,MM,MM,7.4,MM,MM,MM,MM
2026,05,30,21,56,MM,MM,MM,1.4,9,5.6,274,MM,MM,7.4,MM,MM,MM,MM
2026,05,30,21,26,MM,MM,MM,1.3,9,5.7,274,MM,MM,7.4,MM,MM,MM,MM
2026,05,30,20,56,MM,MM,MM,1.4,10,5.7,272,MM,MM,7.3,MM,MM,MM,MM
2026,05,30,20,26,MM,MM,MM,1.5,9,6.0,279,MM,MM,7.3,MM,MM,MM,MM
2026,05,30,19,56,MM,MM,MM,1.4,9,6.3,278,MM,MM,7.3,MM,MM,MM,MM
2026,05,30,19,26,MM,MM,MM,1.4,9,6.1,278,MM,MM,7.3,MM,MM,MM,MM
2026,05,30,18,56,MM,MM,MM,1.4,9,6.3,279,MM,MM,7.3,MM,MM,MM,MM
2026,05,30,18,26,MM,MM,MM,1.4,8,6.3,282,MM,MM,7.3,MM,MM,MM,MM
2026,05,30,17,56,MM,MM,MM,1.4,9,6.5,275,MM,MM,7.3,MM,MM,MM,MM
2026,05,30,17,26,MM,MM,MM,1.5,10,6.5,275,MM,MM,7.3,MM,MM,MM,MM
2026,05,30,16,56,MM,MM,MM,1.4,9,6.1,275,MM,MM,7.2,MM,MM,MM,MM
2026,05,30,16,26,MM,MM,MM,1.6,9,6.3,275,MM,MM,7.2,MM,MM,MM,MM
2026,05,30,15,56,MM,MM,MM,1.5,8,6.2,281,MM,MM,7.2,MM,MM,MM,MM
2026,05,30,15,26,MM,MM,MM,1.6,9,6.3,275,MM,MM,7.2,MM,MM,MM,MM
2026,05,30,14,56,MM,MM,MM,1.7,8,6.2,284,MM,MM,7.2,MM,MM,MM,MM
2026,05,30,14,26,MM,MM,MM,1.7,8,6.2,288,MM,MM,7.2,MM,MM,MM,MM
2026,05,30,13,56,MM,MM,MM,1.8,9,6.4,278,MM,MM,7.2,MM,MM,MM,MM
2026,05,30,13,26,MM,MM,MM,1.8,8,6.4,285,MM,MM,7.2,MM,MM,MM,MM
2026,05,30,12,56,MM,MM,MM,1.7,9,6.4,284,MM,MM,7.2,MM,MM,MM,MM
2026,05,30,12,26,MM,MM,MM,1.8,9,6.3,278,MM,MM,7.2,MM,MM,MM,MM
2026,05,30,11,56,MM,MM,MM,1.7,9,6.5,286,MM,MM,7.2,MM,MM,MM,MM
2026,05,30,11,26,MM,MM,MM,1.7,9,6.2,275,MM,MM,7.2,MM,MM,MM,MM
2026,05,30,10,56,MM,MM,MM,1.7,9,6.2,284,MM,MM,7.2,MM,MM,MM,MM
2026,05,30,10,26,MM,MM,MM,1.8,9,6.7,284,MM,MM,7.2,MM,MM,MM,MM
2026,05,30,09,56,MM,MM,MM,1.8,9,6.7,282,MM,MM,7.2,MM,MM,MM,MM
2026,05,30,09,26,MM,MM,MM,1.8,10,6.5,285,MM,MM,7.2,MM,MM,MM,MM
2026,05,30,08,56,MM,MM,MM,1.7,9,6.2,279,MM,MM,7.2,MM,MM,MM,MM
2026,05,30,08,26,MM,MM,MM,1.9,10,6.7,278,MM,MM,7.2,MM,MM,MM,MM
2026,05,30,07,56,MM,MM,MM,1.8,10,6.7,275,MM,MM,7.2,MM,MM,MM,MM
2026,05,30,07,26,MM,MM,MM,1.9,10,6.6,277,MM,MM,7.2,MM,MM,MM,MM
2026,05,30,06,56,MM,MM,MM,2.0,10,6.7,285,MM,MM,7.2,MM,MM,MM,MM
2026,05,30,06,26,MM,MM,MM,1.9,10,6.5,278,MM,MM,7.2,MM,MM,MM,MM
2026,05,30,05,56,MM,MM,MM,1.9,10,6.6,277,MM,MM,7.2,MM,MM,MM,MM
2026,05,30,05,26,MM,MM,MM,1.9,11,6.3,282,MM,MM,7.2,MM,MM,MM,MM
2026,05,30,04,56,MM,MM,MM,2.0,9,6.6,282,MM,MM,7.2,MM,MM,MM,MM
2026,05,30,04,26,MM,MM,MM,2.0,9,6.3,279,MM,MM,7.2,MM,MM,MM,MM
2026,05,30,03,56,MM,MM,MM,2.1,9,6.4,278,MM,MM,7.3,MM,MM,MM,MM
2026,05,30,03,26,MM,MM,MM,2.1,10,6.5,277,MM,MM,7.2,MM,MM,MM,MM
2026,05,30,02,56,MM,MM,MM,2.3,9,6.6,279,MM,MM,7.3,MM,MM,MM,MM
2026,05,30,02,26,MM,MM,MM,2.4,10,6.8,275,MM,MM,7.3,MM,MM,MM,MM
2026,05,30,01,56,MM,MM,MM,2.3,8,6.5,277,MM,MM,7.3,MM,MM,MM,MM
2026,05,30,01,26,MM,MM,MM,2.4,9,6.6,279,MM,MM,7.3,MM,MM,MM,MM
2026,05,30,00,56,MM,MM,MM,2.5,11,6.9,275,MM,MM,7.2,MM,MM,MM,MM
2026,05,30,00,26,MM,MM,MM,2.7,9,7.0,278,MM,MM,7.2,MM,MM,MM,MM
2026,05,29,23,56,MM,MM,MM,2.7,11,6.9,279,MM,MM,7.3,MM,MM,MM,MM
2026,05,29,23,26,MM,MM,MM,2.7,10,7.0,272,MM,MM,7.2,MM,MM,MM,MM
2026,05,29,22,56,MM,MM,MM,2.8,10,7.2,279,MM,MM,7.3,MM,MM,MM,MM
2026,05,29,22,26,MM,MM,MM,2.6,11,7.0,279,MM,MM,7.2,MM,MM,MM,MM
2026,05,29,21,56,MM,MM,MM,2.8,11,7.1,275,MM,MM,7.2,MM,MM,MM,MM
2026,05,29,21,26,MM,MM,MM,2.9,10,7.1,281,MM,MM,7.2,MM,MM,MM,MM
2026,05,29,20,56,MM,MM,MM,2.9,10,7.1,275,MM,MM,7.2,MM,MM,MM,MM
2026,05,29,20,26,MM,MM,MM,2.8,11,7.1,279,MM,MM,7.2,MM,MM,MM,MM
2026,05,29,19,56,MM,MM,MM,2.6,11,6.8,277,MM,MM,7.2,MM,MM,MM,MM
2026,05,29,19,26,MM,MM,MM,2.9,11,7.2,275,MM,MM,7.2,MM,MM,MM,MM
2026,05,29,18,56,MM,MM,MM,2.8,11,7.2,281,MM,MM,7.2,MM,MM,MM,MM
2026,05,29,18,26,MM,MM,MM,2.8,10,6.9,271,MM,MM,7.2,MM,MM,MM,MM
2026,05,29,17,56,MM,MM,MM,2.6,11,6.7,278,MM,MM,7.2,MM,MM,MM,MM
2026,05,29,17,26,MM,MM,MM,2.7,11,6.8,286,MM,MM,7.1,MM,MM,MM,MM
2026,05,29,16,56,MM,MM,MM,2.9,10,7.1,265,MM,MM,7.1,MM,MM,MM,MM
2026,05,29,16,26,MM,MM,MM,2.9,11,7.1,274,MM,MM,7.1,MM,MM,MM,MM
2026,05,29,15,56,MM,MM,MM,3.1,11,7.2,278,MM,MM,7.1,MM,MM,MM,MM
2026,05,29,15,26,MM,MM,MM,3.0,12,7.3,268,MM,MM,7.1,MM,MM,MM,MM
2026,05,29,14,56,MM,MM,MM,2.9,11,7.3,275,MM,MM,7.1,MM,MM,MM,MM
2026,05,29,14,26,MM,MM,MM,3.0,11,7.4,267,MM,MM,7.1,MM,MM,MM,MM
2026,05,29,13,56,MM,MM,MM,3.0,13,7.1,277,MM,MM,7.1,MM,MM,MM,MM
2026,05,29,13,26,MM,MM,MM,3.0,12,7.2,272,MM,MM,7.1,MM,MM,MM,MM
2026,05,29,12,56,MM,MM,MM,3.2,12,7.2,268,MM,MM,7.1,MM,MM,MM,MM
2026,05,29,12,26,MM,MM,MM,3.1,12,7.3,278,MM,MM,7.1,MM,MM,MM,MM
2026,05,29,11,56,MM,MM,MM,3.3,11,7.7,272,MM,MM,7.1,MM,MM,MM,MM
2026,05,29,11,26,MM,MM,MM,3.4,11,7.6,265,MM,MM,7.1,MM,MM,MM,MM
2026,05,29,10,56,MM,MM,MM,3.2,11,7.6,265,MM,MM,7.2,MM,MM,MM,MM
2026,05,29,10,26,MM,MM,MM,3.4,11,7.6,272,MM,MM,7.2,MM,MM,MM,MM
2026,05,29,09,56,MM,MM,MM,3.6,11,8.0,263,MM,MM,7.2,MM,MM,MM,MM
2026,05,29,09,26,MM,MM,MM,3.6,11,8.2,264,MM,MM,7.2,MM,MM,MM,MM
2026,05,29,08,56,MM,MM,MM,3.6,11,8.1,267,MM,MM,7.2,MM,MM,MM,MM
2026,05,29,08,26,MM,MM,MM,3.4,11,8.1,275,MM,MM,7.2,MM,MM,MM,MM
2026,05,29,07,56,MM,MM,MM,3.6,11,8.1,267,MM,MM,7.2,MM,MM,MM,MM
2026,05,29,07,26,MM,MM,MM,3.4,11,7.9,271,MM,MM,7.2,MM,MM,MM,MM
2026,05,29,06,56,MM,MM,MM,3.5,11,7.9,265,MM,MM,7.2,MM,MM,MM,MM
2026,05,29,06,26,MM,MM,MM,3.3,12,7.8,263,MM,MM,7.2,MM,MM,MM,MM
2026,05,29,05,56,MM,MM,MM,3.5,11,8.1,270,MM,MM,7.2,MM,MM,MM,MM
2026,05,29,05,26,MM,MM,MM,3.1,11,7.5,270,MM,MM,7.2,MM,MM,MM,MM
2026,05,29,04,56,MM,MM,MM,3.3,11,7.9,268,MM,MM,7.2,MM,MM,MM,MM
2026,05,29,04,26,MM,MM,MM,3.2,12,7.5,277,MM,MM,7.2,MM,MM,MM,MM
2026,05,29,03,56,MM,MM,MM,3.0,11,7.1,274,MM,MM,7.2,MM,MM,MM,MM
2026,05,29,03,26,MM,MM,MM,3.2,11,7.4,270,MM,MM,7.2,MM,MM,MM,MM
2026,05,29,02,56,MM,MM,MM,3.5,11,7.7,268,MM,MM,7.2,MM,MM,MM,MM
2026,05,29,02,26,MM,MM,MM,3.4,10,7.6,264,MM,MM,7.2,MM,MM,MM,MM
2026,05,29,01,56,MM,MM,MM,3.5,12,7.6,265,MM,MM,7.2,MM,MM,MM,MM
2026,05,29,01,26,MM,MM,MM,3.3,12,7.3,271,MM,MM,7.2,MM,MM,MM,MM
2026,05,29,00,56,MM,MM,MM,3.3,11,7.5,263,MM,MM,7.2,MM,MM,MM,MM
2026,05,29,00,26,MM,MM,MM,3.4,11,7.4,274,MM,MM,7.2,MM,MM,MM,MM
2026,05,28,23,56,MM,MM,MM,3.4,11,7.5,270,MM,MM,7.2,MM,MM,MM,MM
2026,05,28,23,26,MM,MM,MM,3.2,11,7.3,265,MM,MM,7.2,MM,MM,MM,MM
2026,05,28,22,56,MM,MM,MM,3.2,11,7.3,265,MM,MM,7.2,MM,MM,MM,MM
2026,05,28,22,26,MM,MM,MM,3.2,13,7.4,265,MM,MM,7.2,MM,MM,MM,MM
2026,05,28,21,56,MM,MM,MM,3.2,11,7.2,258,MM,MM,7.2,MM,MM,MM,MM
2026,05,28,21,26,MM,MM,MM,3.1,12,7.4,261,MM,MM,7.2,MM,MM,MM,MM
2026,05,28,20,56,MM,MM,MM,3.2,11,7.4,268,MM,MM,7.2,MM,MM,MM,MM
2026,05,28,20,26,MM,MM,MM,3.1,12,7.5,263,MM,MM,7.2,MM,MM,MM,MM
2026,05,28,19,56,MM,MM,MM,3.1,13,7.6,265,MM,MM,7.2,MM,MM,MM,MM
2026,05,28,19,26,MM,MM,MM,3.4,12,7.7,263,MM,MM,7.2,MM,MM,MM,MM
2026,05,28,18,56,MM,MM,MM,3.1,10,7.2,271,MM,MM,7.2,MM,MM,MM,MM
2026,05,28,18,26,MM,MM,MM,3.1,11,7.2,264,MM,MM,7.2,MM,MM,MM,MM
2026,05,28,17,56,MM,MM,MM,3.2,13,7.4,265,MM,MM,7.2,MM,MM,MM,MM
2026,05,28,17,26,MM,MM,MM,3.3,11,7.5,278,MM,MM,7.2,MM,MM,MM,MM
2026,05,28,16,56,MM,MM,MM,3.2,12,7.4,267,MM,MM,7.2,MM,MM,MM,MM
2026,05,28,16,26,MM,MM,MM,3.6,10,7.7,267,MM,MM,7.2,MM,MM,MM,MM
2026,05,28,15,56,MM,MM,MM,3.3,12,7.5,278,MM,MM,7.2,MM,MM,MM,MM
2026,05,28,15,26,MM,MM,MM,3.4,13,7.7,264,MM,MM,7.2,MM,MM,MM,MM
2026,05,28,14,56,MM,MM,MM,3.6,11,7.7,274,MM,MM,7.2,MM,MM,MM,MM
2026,05,28,14,26,MM,MM,MM,3.6,12,8.0,274,MM,MM,7.2,MM,MM,MM,MM
2026,05,28,13,56,MM,MM,MM,3.6,12,8.0,271,MM,MM,7.2,MM,MM,MM,MM
2026,05,28,13,26,MM,MM,MM,3.3,13,7.7,270,MM,MM,7.2,MM,MM,MM,MM
2026,05,28,12,56,MM,MM,MM,3.4,12,7.9,274,MM,MM,7.2,MM,MM,MM,MM
2026,05,28,12,26,MM,MM,MM,3.5,13,8.1,278,MM,MM,7.2,MM,MM,MM,MM
2026,05,28,11,56,MM,MM,MM,3.2,10,7.7,274,MM,MM,7.2,MM,MM,MM,MM
2026,05,28,11,26,MM,MM,MM,3.6,13,8.3,267,MM,MM,7.2,MM,MM,MM,MM
2026,05,28,10,56,MM,MM,MM,3.4,12,8.0,272,MM,MM,7.2,MM,MM,MM,MM
2026,05,28,10,26,MM,MM,MM,3.4,13,8.4,282,MM,MM,7.2,MM,MM,MM,MM
2026,05,28,09,56,MM,MM,MM,3.6,13,8.6,275,MM,MM,7.2,MM,MM,MM,MM
2026,05,28,09,26,MM,MM,MM,3.3,11,8.2,277,MM,MM,7.2,MM,MM,MM,MM
2026,05,28,08,56,MM,MM,MM,3.6,13,9.1,275,MM,MM,7.2,MM,MM,MM,MM
2026,05,28,08,26,MM,MM,MM,3.4,14,8.7,263,MM,MM,7.3,MM,MM,MM,MM
2026,05,28,07,56,MM,MM,MM,3.2,11,8.3,270,MM,MM,7.3,MM,MM,MM,MM
2026,05,28,07,26,MM,MM,MM,3.2,13,8.8,271,MM,MM,7.3,MM,MM,MM,MM
2026,05,28,06,56,MM,MM,MM,3.4,14,9.4,267,MM,MM,7.3,MM,MM,MM,MM
2026,05,28,06,26,MM,MM,MM,3.3,14,8.9,264,MM,MM,7.3,MM,MM,MM,MM
2026,05,28,05,56,MM,MM,MM,3.5,14,9.1,261,MM,MM,7.3,MM,MM,MM,MM
2026,05,28,05,26,MM,MM,MM,3.4,14,9.1,270,MM,MM,7.3,MM,MM,MM,MM
2026,05,28,04,56,MM,MM,MM,3.6,14,9.0,265,MM,MM,7.3,MM,MM,MM,MM
2026,05,28,04,26,MM,MM,MM,3.5,14,9.0,267,MM,MM,7.4,MM,MM,MM,MM
2026,05,28,03,56,MM,MM,MM,3.7,14,9.3,265,MM,MM,7.4,MM,MM,MM,MM
2026,05,28,03,26,MM,MM,MM,3.7,14,9.2,267,MM,MM,7.4,MM,MM,MM,MM
2026,05,28,02,56,MM,MM,MM,3.7,14,9.3,263,MM,MM,7.4,MM,MM,MM,MM
2026,05,28,02,26,MM,MM,MM,3.8,14,9.1,264,MM,MM,7.4,MM,MM,MM,MM
2026,05,28,01,56,MM,MM,MM,4.0,14,9.1,272,MM,MM,7.4,MM,MM,MM,MM
2026,05,28,01,26,MM,MM,MM,4.1,13,9.2,272,MM,MM,7.4,MM,MM,MM,MM
2026,05,28,00,56,MM,MM,MM,3.9,13,8.8,277,MM,MM,7.3,MM,MM,MM,MM
2026,05,28,00,26,MM,MM,MM,4.5,14,9.5,277,MM,MM,7.3,MM,MM,MM,MM
2026,05,27,23,56,MM,MM,MM,4.2,11,9.0,277,MM,MM,7.3,MM,MM,MM,MM
2026,05,27,23,26,MM,MM,MM,4.6,14,9.7,278,MM,MM,7.3,MM,MM,MM,MM
2026,05,27,22,56,MM,MM,MM,4.7,13,9.7,281,MM,MM,7.3,MM,MM,MM,MM
2026,05,27,22,26,MM,MM,MM,4.9,15,10.1,277,MM,MM,7.3,MM,MM,MM,MM
2026,05,27,21,56,MM,MM,MM,4.7,14,10.1,277,MM,MM,7.2,MM,MM,MM,MM
2026,05,27,21,26,MM,MM,MM,5.3,13,10.6,281,MM,MM,7.2,MM,MM,MM,MM
2026,05,27,20,56,MM,MM,MM,4.9,15,10.4,277,MM,MM,7.2,MM,MM,MM,MM
2026,05,27,20,26,MM,MM,MM,4.9,13,10.3,275,MM,MM,7.2,MM,MM,MM,MM
2026,05,27,19,56,MM,MM,MM,4.9,14,10.9,279,MM,MM,7.2,MM,MM,MM,MM
2026,05,27,19,26,MM,MM,MM,5.3,15,11.1,274,MM,MM,7.2,MM,MM,MM,MM
2026,05,27,18,56,MM,MM,MM,4.4,15,10.3,268,MM,MM,7.2,MM,MM,MM,MM
2026,05,27,18,26,MM,MM,MM,5.0,13,10.9,285,MM,MM,7.2,MM,MM,MM,MM
2026,05,27,17,56,MM,MM,MM,4.6,15,11.0,281,MM,MM,7.2,MM,MM,MM,MM
2026,05,27,17,26,MM,MM,MM,5.0,15,11.7,275,MM,MM,7.2,MM,MM,MM,MM
2026,05,27,16,56,MM,MM,MM,4.4,15,10.9,274,MM,MM,7.2,MM,MM,MM,MM
2026,05,27,16,26,MM,MM,MM,4.7,15,11.4,271,MM,MM,7.1,MM,MM,MM,MM
2026,05,27,15,56,MM,MM,MM,4.0,15,10.5,279,MM,MM,7.1,MM,MM,MM,MM
2026,05,27,15,26,MM,MM,MM,4.0,17,10.7,267,MM,MM,7.1,MM,MM,MM,MM
2026,05,27,14,56,MM,MM,MM,4.1,17,10.6,272,MM,MM,7.1,MM,MM,MM,MM
2026,05,27,14,26,MM,MM,MM,4.3,17,10.9,271,MM,MM,7.1,MM,MM,MM,MM
2026,05,27,13,56,MM,MM,MM,4.7,15,11.2,270,MM,MM,7.1,MM,MM,MM,MM
2026,05,27,13,26,MM,MM,MM,4.5,15,11.1,272,MM,MM,7.1,MM,MM,MM,MM
2026,05,27,12,56,MM,MM,MM,4.3,15,10.8,267,MM,MM,7.1,MM,MM,MM,MM
2026,05,27,12,26,MM,MM,MM,4.3,15,10.4,274,MM,MM,7.1,MM,MM,MM,MM
2026,05,27,11,56,MM,MM,MM,4.5,17,10.8,275,MM,MM,7.1,MM,MM,MM,MM
2026,05,27,11,26,MM,MM,MM,4.3,17,10.6,275,MM,MM,7.1,MM,MM,MM,MM
2026,05,27,10,56,MM,MM,MM,5.2,17,11.9,274,MM,MM,7.1,MM,MM,MM,MM
2026,05,27,10,26,MM,MM,MM,4.8,14,11.3,278,MM,MM,7.1,MM,MM,MM,MM
2026,05,27,09,56,MM,MM,MM,4.9,15,11.6,275,MM,MM,7.1,MM,MM,MM,MM
2026,05,27,09,26,MM,MM,MM,4.8,13,11.4,288,MM,MM,7.1,MM,MM,MM,MM
2026,05,27,08,56,MM,MM,MM,5.1,17,11.8,275,MM,MM,7.1,MM,MM,MM,MM
2026,05,27,08,26,MM,MM,MM,5.4,15,12.1,278,MM,MM,7.1,MM,MM,MM,MM
2026,05,27,07,56,MM,MM,MM,5.3,17,12.3,277,MM,MM,7.2,MM,MM,MM,MM
2026,05,27,07,26,MM,MM,MM,4.5,17,11.6,279,MM,MM,7.1,MM,MM,MM,MM
2026,05,27,06,56,MM,MM,MM,5.2,17,12.3,281,MM,MM,7.2,MM,MM,MM,MM
2026,05,27,06,26,MM,MM,MM,5.6,17,13.2,278,MM,MM,7.2,MM,MM,MM,MM
2026,05,27,05,56,MM,MM,MM,4.8,15,12.5,282,MM,MM,7.2,MM,MM,MM,MM
2026,05,27,05,26,MM,MM,MM,5.1,15,12.8,282,MM,MM,7.2,MM,MM,MM,MM
2026,05,27,04,56,MM,MM,MM,4.8,15,13.3,284,MM,MM,7.2,MM,MM,MM,MM
2026,05,27,04,26,MM,MM,MM,5.2,17,13.5,281,MM,MM,7.2,MM,MM,MM,MM
2026,05,27,03,56,MM,MM,MM,4.2,17,12.3,284,MM,MM,7.2,MM,MM,MM,MM
2026,05,27,03,26,MM,MM,MM,4.6,17,12.8,284,MM,MM,7.2,MM,MM,MM,MM
2026,05,27,02,56,MM,MM,MM,4.0,18,12.0,278,MM,MM,7.2,MM,MM,MM,MM
2026,05,27,02,26,MM,MM,MM,5.2,18,14.2,282,MM,MM,7.2,MM,MM,MM,MM
2026,05,27,01,56,MM,MM,MM,3.7,18,11.5,285,MM,MM,7.2,MM,MM,MM,MM
2026,05,27,01,26,MM,MM,MM,3.7,18,11.2,278,MM,MM,7.2,MM,MM,MM,MM
2026,05,27,00,56,MM,MM,MM,3.0,18,9.7,278,MM,MM,7.2,MM,MM,MM,MM
2026,05,27,00,26,MM,MM,MM,3.4,20,11.0,278,MM,MM,7.2,MM,MM,MM,MM
2026,05,26,23,56,MM,MM,MM,3.3,18,9.7,275,MM,MM,7.2,MM,MM,MM,MM
2026,05,26,23,26,MM,MM,MM,2.5,18,7.8,278,MM,MM,7.1,MM,MM,MM,MM
2026,05,26,22,56,MM,MM,MM,3.2,20,9.5,275,MM,MM,7.1,MM,MM,MM,MM
2026,05,26,22,26,MM,MM,MM,2.7,20,8.3,278,MM,MM,7.1,MM,MM,MM,MM
2026,05,26,21,56,MM,MM,MM,2.6,20,8.2,281,MM,MM,7.1,MM,MM,MM,MM
2026,05,26,21,26,MM,MM,MM,2.8,20,8.0,278,MM,MM,7.1,MM,MM,MM,MM
2026,05,26,16,56,MM,MM,MM,2.6,9,6.8,265,MM,MM,7.1,MM,MM,MM,MM
2026,05,26,16,26,MM,MM,MM,2.7,9,6.9,268,MM,MM,7.1,MM,MM,MM,MM
2026,05,26,15,56,MM,MM,MM,2.8,9,7.0,277,MM,MM,7.1,MM,MM,MM,MM
2026,05,26,15,26,MM,MM,MM,2.6,8,6.8,271,MM,MM,7.1,MM,MM,MM,MM
2026,05,26,14,56,MM,MM,MM,2.4,8,6.4,274,MM,MM,7.1,MM,MM,MM,MM
2026,05,26,14,26,MM,MM,MM,2.6,9,6.8,274,MM,MM,7.1,MM,MM,MM,MM
2026,05,26,13,56,MM,MM,MM,2.7,9,6.7,299,MM,MM,7.1,MM,MM,MM,MM
2026,05,26,13,26,MM,MM,MM,2.6,10,6.5,298,MM,MM,7.1,MM,MM,MM,MM
2026,05,26,12,56,MM,MM,MM,2.5,8,6.5,278,MM,MM,7.1,MM,MM,MM,MM
2026,05,26,12,26,MM,MM,MM,2.4,8,6.3,278,MM,MM,7.1,MM,MM,MM,MM
2026,05,26,11,56,MM,MM,MM,2.3,9,6.3,277,MM,MM,7.1,MM,MM,MM,MM
2026,05,26,11,26,MM,MM,MM,2.4,9,6.2,284,MM,MM,7.1,MM,MM,MM,MM
2026,05,26,10,56,MM,MM,MM,2.4,7,6.3,260,MM,MM,7.1,MM,MM,MM,MM
2026,05,26,10,26,MM,MM,MM,2.5,9,6.5,319,MM,MM,7.1,MM,MM,MM,MM
2026,05,26,09,56,MM,MM,MM,2.6,9,6.4,326,MM,MM,7.1,MM,MM,MM,MM
2026,05,26,09,26,MM,MM,MM,2.5,7,6.3,261,MM,MM,7.1,MM,MM,MM,MM
2026,05,26,08,56,MM,MM,MM,2.6,7,6.3,251,MM,MM,7.1,MM,MM,MM,MM
2026,05,26,08,26,MM,MM,MM,2.5,7,6.3,263,MM,MM,7.1,MM,MM,MM,MM
2026,05,26,07,56,MM,MM,MM,2.6,8,6.3,264,MM,MM,7.1,MM,MM,MM,MM
2026,05,26,07,26,MM,MM,MM,2.6,11,6.4,8,MM,MM,7.1,MM,MM,MM,MM
2026,05,26,06,56,MM,MM,MM,2.6,7,6.3,260,MM,MM,7.1,MM,MM,MM,MM
2026,05,26,06,26,MM,MM,MM,2.4,11,6.1,344,MM,MM,7.1,MM,MM,MM,MM
2026,05,26,05,56,MM,MM,MM,2.6,10,6.3,348,MM,MM,7.1,MM,MM,MM,MM
2026,05,26,05,26,MM,MM,MM,2.5,9,6.1,324,MM,MM,7.1,MM,MM,MM,MM
2026,05,26,04,56,MM,MM,MM,2.6,11,6.3,26,MM,MM,7.1,MM,MM,MM,MM
2026,05,26,04,26,MM,MM,MM,2.4,9,6.1,289,MM,MM,7.1,MM,MM,MM,MM
2026,05,26,03,56,MM,MM,MM,2.6,11,6.5,30,MM,MM,7.1,MM,MM,MM,MM
2026,05,26,03,26,MM,MM,MM,2.7,9,6.5,322,MM,MM,7.1,MM,MM,MM,MM
2026,05,26,02,56,MM,MM,MM,2.6,9,6.4,305,MM,MM,7.1,MM,MM,MM,MM
2026,05,26,02,26,MM,MM,MM,2.9,10,6.9,341,MM,MM,7.1,MM,MM,MM,MM
2026,05,26,01,56,MM,MM,MM,2.8,10,6.7,11,MM,MM,7.1,MM,MM,MM,MM
2026,05,26,01,26,MM,MM,MM,2.7,10,6.6,274,MM,MM,7.1,MM,MM,MM,MM
2026,05,26,00,56,MM,MM,MM,2.9,10,7.1,354,MM,MM,7.2,MM,MM,MM,MM
2026,05,26,00,26,MM,MM,MM,2.6,10,6.8,2,MM,MM,7.2,MM,MM,MM,MM
2026,05,25,23,56,MM,MM,MM,2.7,10,6.7,336,MM,MM,7.2,MM,MM,MM,MM
2026,05,25,23,26,MM,MM,MM,3.1,10,7.4,341,MM,MM,7.2,MM,MM,MM,MM
2026,05,25,22,56,MM,MM,MM,2.9,10,7.3,2,MM,MM,7.2,MM,MM,MM,MM
2026,05,25,22,26,MM,MM,MM,2.9,10,7.1,360,MM,MM,7.1,MM,MM,MM,MM
2026,05,25,21,56,MM,MM,MM,3.0,10,7.5,341,MM,MM,7.1,MM,MM,MM,MM
2026,05,25,21,26,MM,MM,MM,3.0,10,7.6,2,MM,MM,7.1,MM,MM,MM,MM
2026,05,25,20,56,MM,MM,MM,3.1,10,7.6,343,MM,MM,7.1,MM,MM,MM,MM
2026,05,25,20,26,MM,MM,MM,3.1,11,7.5,14,MM,MM,7.1,MM,MM,MM,MM
2026,05,25,19,56,MM,MM,MM,3.4,10,7.8,350,MM,MM,7.1,MM,MM,MM,MM
2026,05,25,19,26,MM,MM,MM,3.3,10,7.9,8,MM,MM,7.0,MM,MM,MM,MM
2026,05,25,18,56,MM,MM,MM,3.1,11,7.6,353,MM,MM,7.0,MM,MM,MM,MM
2026,05,25,18,26,MM,MM,MM,3.1,10,7.7,355,MM,MM,7.0,MM,MM,MM,MM
2026,05,25,17,56,MM,MM,MM,3.3,10,7.8,355,MM,MM,7.0,MM,MM,MM,MM
2026,05,25,17,26,MM,MM,MM,3.4,11,7.8,338,MM,MM,7.1,MM,MM,MM,MM
2026,05,25,16,56,MM,MM,MM,3.6,10,7.8,358,MM,MM,7.0,MM,MM,MM,MM
2026,05,25,16,26,MM,MM,MM,3.5,10,7.7,14,MM,MM,7.0,MM,MM,MM,MM
2026,05,25,15,56,MM,MM,MM,3.6,10,7.5,15,MM,MM,7.0,MM,MM,MM,MM
2026,05,25,15,26,MM,MM,MM,3.6,9,7.5,348,MM,MM,7.0,MM,MM,MM,MM
2026,05,25,14,56,MM,MM,MM,4.1,11,7.9,345,MM,MM,7.0,MM,MM,MM,MM
2026,05,25,14,26,MM,MM,MM,3.5,11,7.2,360,MM,MM,7.0,MM,MM,MM,MM
2026,05,25,13,56,MM,MM,MM,4.0,11,7.7,341,MM,MM,7.0,MM,MM,MM,MM
2026,05,25,13,26,MM,MM,MM,4.1,11,7.8,348,MM,MM,7.0,MM,MM,MM,MM
2026,05,25,12,56,MM,MM,MM,4.3,10,7.8,9,MM,MM,7.0,MM,MM,MM,MM
2026,05,25,12,26,MM,MM,MM,4.3,10,7.8,2,MM,MM,7.0,MM,MM,MM,MM
2026,05,25,11,56,MM,MM,MM,4.4,9,7.9,347,MM,MM,7.0,MM,MM,MM,MM
2026,05,25,11,26,MM,MM,MM,4.8,11,8.1,330,MM,MM,7.0,MM,MM,MM,MM
2026,05,25,10,56,MM,MM,MM,4.6,9,7.8,338,MM,MM,7.0,MM,MM,MM,MM
2026,05,25,10,26,MM,MM,MM,5.0,10,8.1,350,MM,MM,7.0,MM,MM,MM,MM
2026,05,25,09,56,MM,MM,MM,5.1,11,8.2,338,MM,MM,7.0,MM,MM,MM,MM
2026,05,25,09,26,MM,MM,MM,5.6,11,8.4,326,MM,MM,7.0,MM,MM,MM,MM
2026,05,25,08,56,MM,MM,MM,5.5,11,8.5,330,MM,MM,7.0,MM,MM,MM,MM
2026,05,25,08,26,MM,MM,MM,5.2,11,8.1,345,MM,MM,7.0,MM,MM,MM,MM
2026,05,25,07,56,MM,MM,MM,5.3,10,8.1,330,MM,MM,7.0,MM,MM,MM,MM
2026,05,25,07,26,MM,MM,MM,5.6,11,8.3,333,MM,MM,7.0,MM,MM,MM,MM
2026,05,25,06,56,MM,MM,MM,5.9,10,8.4,338,MM,MM,7.1,MM,MM,MM,MM
2026,05,25,06,26,MM,MM,MM,6.2,11,8.6,324,MM,MM,7.1,MM,MM,MM,MM
2026,05,25,05,56,MM,MM,MM,5.3,11,8.3,327,MM,MM,7.1,MM,MM,MM,MM
2026,05,25,05,26,MM,MM,MM,6.3,12,9.0,288,MM,MM,7.1,MM,MM,MM,MM
2026,05,25,04,56,MM,MM,MM,5.9,10,8.6,333,MM,MM,7.1,MM,MM,MM,MM
2026,05,25,04,26,MM,MM,MM,6.3,11,8.7,331,MM,MM,7.1,MM,MM,MM,MM
2026,05,25,03,56,MM,MM,MM,5.8,11,8.7,326,MM,MM,7.1,MM,MM,MM,MM
2026,05,25,03,26,MM,MM,MM,6.4,10,8.7,330,MM,MM,7.1,MM,MM,MM,MM
2026,05,25,02,56,MM,MM,MM,5.9,10,8.6,326,MM,MM,7.1,MM,MM,MM,MM
2026,05,25,02,26,MM,MM,MM,5.7,10,8.2,338,MM,MM,7.1,MM,MM,MM,MM
2026,05,25,01,56,MM,MM,MM,7.0,12,8.9,275,MM,MM,7.1,MM,MM,MM,MM
2026,05,25,01,26,MM,MM,MM,6.6,11,8.9,341,MM,MM,7.1,MM,MM,MM,MM
2026,05,25,00,56,MM,MM,MM,6.7,11,9.1,305,MM,MM,7.1,MM,MM,MM,MM
2026,05,25,00,26,MM,MM,MM,6.4,11,8.9,313,MM,MM,7.2,MM,MM,MM,MM
2026,05,24,23,56,MM,MM,MM,7.1,11,9.3,315,MM,MM,7.2,MM,MM,MM,MM
2026,05,24,23,26,MM,MM,MM,7.9,11,9.9,296,MM,MM,7.2,MM,MM,MM,MM
2026,05,24,22,56,MM,MM,MM,7.8,11,9.8,291,MM,MM,7.2,MM,MM,MM,MM
2026,05,24,22,26,MM,MM,MM,7.3,11,9.0,299,MM,MM,7.2,MM,MM,MM,MM
2026,05,24,21,56,MM,MM,MM,7.5,11,9.2,265,MM,MM,7.2,MM,MM,MM,MM
2026,05,24,21,26,MM,MM,MM,7.2,12,9.3,246,MM,MM,7.2,MM,MM,MM,MM
2026,05,24,20,56,MM,MM,MM,6.1,11,8.8,248,MM,MM,7.3,MM,MM,MM,MM
2026,05,24,20,26,MM,MM,MM,6.7,11,8.8,244,MM,MM,7.3,MM,MM,MM,MM
2026,05,24,19,56,MM,MM,MM,6.4,11,8.7,227,MM,MM,7.3,MM,MM,MM,MM
2026,05,24,19,26,MM,MM,MM,6.1,13,8.4,233,MM,MM,7.3,MM,MM,MM,MM
2026,05,24,18,56,MM,MM,MM,5.5,12,8.1,220,MM,MM,7.3,MM,MM,MM,MM
2026,05,24,18,26,MM,MM,MM,5.2,11,8.0,223,MM,MM,7.3,MM,MM,MM,MM
2026,05,24,17,56,MM,MM,MM,4.6,11,7.6,232,MM,MM,7.4,MM,MM,MM,MM
2026,05,24,17,26,MM,MM,MM,4.5,11,7.7,218,MM,MM,7.4,MM,MM,MM,MM
2026,05,24,16,56,MM,MM,MM,4.5,10,8.0,226,MM,MM,7.4,MM,MM,MM,MM
2026,05,24,16,26,MM,MM,MM,4.4,11,8.0,220,MM,MM,7.4,MM,MM,MM,MM
2026,05,24,15,56,MM,MM,MM,4.4,10,8.0,215,MM,MM,7.4,MM,MM,MM,MM
2026,05,24,15,26,MM,MM,MM,4.8,10,8.1,223,MM,MM,7.4,MM,MM,MM,MM
2026,05,24,14,56,MM,MM,MM,4.3,11,7.9,220,MM,MM,7.4,MM,MM,MM,MM
2026,05,24,14,26,MM,MM,MM,3.6,10,7.4,212,MM,MM,7.5,MM,MM,MM,MM
2026,05,24,13,56,MM,MM,MM,3.6,10,7.5,206,MM,MM,7.5,MM,MM,MM,MM
2026,05,24,13,26,MM,MM,MM,3.9,10,7.7,210,MM,MM,7.5,MM,MM,MM,MM
2026,05,24,12,56,MM,MM,MM,3.7,9,7.1,213,MM,MM,7.5,MM,MM,MM,MM
2026,05,24,12,26,MM,MM,MM,4.0,9,7.3,199,MM,MM,7.5,MM,MM,MM,MM
2026,05,24,11,56,MM,MM,MM,3.6,8,7.1,203,MM,MM,7.5,MM,MM,MM,MM
2026,05,24,11,26,MM,MM,MM,3.9,9,7.2,201,MM,MM,7.5,MM,MM,MM,MM
2026,05,24,10,56,MM,MM,MM,3.5,8,7.0,192,MM,MM,7.5,MM,MM,MM,MM
2026,05,24,10,26,MM,MM,MM,3.7,8,7.1,198,MM,MM,7.5,MM,MM,MM,MM
2026,05,24,09,56,MM,MM,MM,3.7,9,7.0,194,MM,MM,7.5,MM,MM,MM,MM
2026,05,24,09,26,MM,MM,MM,3.5,8,7.0,181,MM,MM,7.5,MM,MM,MM,MM
2026,05,24,08,56,MM,MM,MM,3.6,8,6.9,184,MM,MM,7.5,MM,MM,MM,MM
2026,05,24,08,26,MM,MM,MM,3.8,8,7.0,187,MM,MM,7.5,MM,MM,MM,MM
2026,05,24,07,56,MM,MM,MM,3.4,8,6.7,189,MM,MM,7.6,MM,MM,MM,MM
2026,05,24,07,26,MM,MM,MM,3.6,8,6.8,177,MM,MM,7.6,MM,MM,MM,MM
2026,05,24,06,56,MM,MM,MM,3.6,8,6.7,184,MM,MM,7.6,MM,MM,MM,MM
2026,05,24,06,26,MM,MM,MM,3.7,7,6.6,181,MM,MM,7.6,MM,MM,MM,MM
2026,05,24,05,56,MM,MM,MM,3.4,7,6.5,168,MM,MM,7.6,MM,MM,MM,MM
2026,05,24,05,26,MM,MM,MM,3.3,7,6.4,171,MM,MM,7.6,MM,MM,MM,MM
2026,05,24,04,56,MM,MM,MM,3.1,7,6.3,170,MM,MM,7.5,MM,MM,MM,MM
2026,05,24,04,26,MM,MM,MM,2.9,6,6.0,164,MM,MM,7.5,MM,MM,MM,MM
2026,05,24,03,56,MM,MM,MM,2.8,13,6.2,272,MM,MM,7.5,MM,MM,MM,MM
2026,05,24,03,26,MM,MM,MM,2.6,13,5.9,279,MM,MM,7.5,MM,MM,MM,MM
2026,05,24,02,56,MM,MM,MM,2.6,12,6.2,277,MM,MM,7.5,MM,MM,MM,MM
2026,05,24,02,26,MM,MM,MM,2.7,13,6.3,281,MM,MM,7.5,MM,MM,MM,MM
2026,05,24,01,56,MM,MM,MM,2.6,11,6.3,272,MM,MM,7.5,MM,MM,MM,MM
2026,05,24,01,26,MM,MM,MM,2.4,13,6.3,282,MM,MM,7.5,MM,MM,MM,MM
2026,05,24,00,56,MM,MM,MM,2.6,13,6.8,284,MM,MM,7.6,MM,MM,MM,MM
2026,05,24,00,26,MM,MM,MM,2.3,13,6.8,265,MM,MM,7.6,MM,MM,MM,MM
2026,05,23,23,56,MM,MM,MM,2.4,13,7.3,284,MM,MM,7.6,MM,MM,MM,MM
2026,05,23,23,26,MM,MM,MM,2.7,13,7.8,275,MM,MM,7.6,MM,MM,MM,MM
2026,05,23,22,56,MM,MM,MM,2.2,13,7.3,272,MM,MM,7.6,MM,MM,MM,MM
2026,05,23,22,26,MM,MM,MM,2.5,12,7.8,279,MM,MM,7.7,MM,MM,MM,MM
2026,05,23,21,56,MM,MM,MM,2.3,12,8.1,279,MM,MM,7.6,MM,MM,MM,MM
2026,05,23,21,26,MM,MM,MM,2.5,13,8.5,279,MM,MM,7.7,MM,MM,MM,MM
2026,05,23,20,56,MM,MM,MM,2.5,12,8.7,277,MM,MM,7.6,MM,MM,MM,MM
2026,05,23,20,26,MM,MM,MM,2.5,13,8.7,271,MM,MM,7.6,MM,MM,MM,MM
2026,05,23,19,56,MM,MM,MM,2.5,13,9.0,271,MM,MM,7.6,MM,MM,MM,MM
2026,05,23,19,26,MM,MM,MM,2.2,11,8.9,282,MM,MM,7.6,MM,MM,MM,MM
2026,05,23,18,56,MM,MM,MM,2.6,14,9.5,272,MM,MM,7.6,MM,MM,MM,MM
2026,05,23,18,26,MM,MM,MM,2.5,14,9.1,270,MM,MM,7.6,MM,MM,MM,MM
2026,05,23,17,56,MM,MM,MM,2.4,12,9.1,282,MM,MM,7.6,MM,MM,MM,MM
2026,05,23,17,26,MM,MM,MM,2.9,13,9.8,274,MM,MM,7.6,MM,MM,MM,MM
2026,05,23,16,56,MM,MM,MM,2.5,12,9.4,278,MM,MM,7.6,MM,MM,MM,MM
2026,05,23,16,26,MM,MM,MM,2.6,13,9.5,279,MM,MM,7.6,MM,MM,MM,MM
2026,05,23,15,56,MM,MM,MM,2.8,13,10.0,277,MM,MM,7.6,MM,MM,MM,MM
2026,05,23,15,26,MM,MM,MM,2.9,13,10.1,282,MM,MM,7.6,MM,MM,MM,MM
2026,05,23,14,56,MM,MM,MM,2.8,13,9.7,286,MM,MM,7.6,MM,MM,MM,MM
2026,05,23,14,26,MM,MM,MM,2.6,13,9.2,274,MM,MM,7.6,MM,MM,MM,MM
2026,05,23,13,56,MM,MM,MM,2.6,13,9.2,277,MM,MM,7.6,MM,MM,MM,MM
2026,05,23,13,26,MM,MM,MM,2.8,13,9.6,282,MM,MM,7.6,MM,MM,MM,MM
2026,05,23,12,56,MM,MM,MM,2.4,13,9.0,275,MM,MM,7.6,MM,MM,MM,MM
2026,05,23,12,26,MM,MM,MM,2.7,13,9.0,285,MM,MM,7.6,MM,MM,MM,MM
2026,05,23,11,56,MM,MM,MM,2.8,13,9.5,279,MM,MM,7.6,MM,MM,MM,MM
2026,05,23,11,26,MM,MM,MM,2.7,14,9.4,278,MM,MM,7.6,MM,MM,MM,MM
2026,05,23,10,56,MM,MM,MM,2.8,13,9.4,270,MM,MM,7.6,MM,MM,MM,MM
2026,05,23,10,26,MM,MM,MM,2.6,13,8.8,274,MM,MM,7.6,MM,MM,MM,MM
2026,05,23,09,56,MM,MM,MM,3.1,14,9.8,281,MM,MM,7.6,MM,MM,MM,MM
2026,05,23,09,26,MM,MM,MM,2.9,14,9.3,274,MM,MM,7.6,MM,MM,MM,MM
2026,05,23,08,56,MM,MM,MM,3.0,13,9.4,272,MM,MM,7.6,MM,MM,MM,MM
2026,05,23,08,26,MM,MM,MM,3.0,14,9.4,272,MM,MM,7.7,MM,MM,MM,MM
2026,05,23,07,56,MM,MM,MM,2.9,13,9.5,279,MM,MM,7.7,MM,MM,MM,MM
2026,05,23,07,26,MM,MM,MM,3.1,14,9.8,281,MM,MM,7.7,MM,MM,MM,MM
2026,05,23,06,56,MM,MM,MM,3.1,15,10.2,278,MM,MM,7.7,MM,MM,MM,MM
2026,05,23,06,26,MM,MM,MM,3.4,14,10.6,278,MM,MM,7.7,MM,MM,MM,MM
2026,05,23,05,56,MM,MM,MM,3.1,15,10.5,278,MM,MM,7.7,MM,MM,MM,MM
2026,05,23,05,26,MM,MM,MM,2.8,13,9.6,278,MM,MM,7.7,MM,MM,MM,MM
2026,05,23,04,56,MM,MM,MM,3.0,14,10.3,279,MM,MM,7.7,MM,MM,MM,MM
2026,05,23,04,26,MM,MM,MM,3.0,13,10.3,279,MM,MM,7.7,MM,MM,MM,MM
2026,05,23,03,56,MM,MM,MM,2.7,15,9.8,278,MM,MM,7.7,MM,MM,MM,MM
2026,05,23,03,26,MM,MM,MM,3.0,15,10.3,274,MM,MM,7.7,MM,MM,MM,MM
2026,05,23,02,56,MM,MM,MM,2.9,13,10.3,281,MM,MM,7.7,MM,MM,MM,MM
2026,05,23,02,26,MM,MM,MM,3.2,13,10.4,279,MM,MM,7.7,MM,MM,MM,MM
2026,05,23,01,56,MM,MM,MM,2.9,17,9.9,285,MM,MM,7.7,MM,MM,MM,MM
2026,05,23,01,26,MM,MM,MM,3.1,15,10.8,284,MM,MM,7.7,MM,MM,MM,MM
2026,05,23,00,56,MM,MM,MM,2.9,13,10.2,271,MM,MM,7.7,MM,MM,MM,MM
2026,05,23,00,26,MM,MM,MM,2.8,15,10.0,278,MM,MM,7.7,MM,MM,MM,MM
2026,05,22,23,56,MM,MM,MM,2.8,14,10.2,285,MM,MM,7.7,MM,MM,MM,MM
2026,05,22,23,26,MM,MM,MM,2.6,15,9.7,285,MM,MM,7.7,MM,MM,MM,MM
2026,05,22,22,56,MM,MM,MM,2.5,15,9.5,288,MM,MM,7.7,MM,MM,MM,MM
2026,05,22,22,26,MM,MM,MM,2.8,15,9.9,285,MM,MM,7.7,MM,MM,MM,MM
2026,05,22,21,56,MM,MM,MM,2.8,15,9.9,279,MM,MM,7.6,MM,MM,MM,MM
2026,05,22,21,26,MM,MM,MM,2.5,15,8.8,277,MM,MM,7.6,MM,MM,MM,MM
2026,05,22,20,56,MM,MM,MM,2.4,17,8.2,284,MM,MM,7.6,MM,MM,MM,MM
2026,05,22,20,26,MM,MM,MM,2.4,17,8.4,282,MM,MM,7.6,MM,MM,MM,MM
2026,05,22,19,56,MM,MM,MM,2.2,15,7.6,275,MM,MM,7.6,MM,MM,MM,MM
2026,05,22,19,26,MM,MM,MM,2.3,17,7.6,277,MM,MM,7.6,MM,MM,MM,MM
2026,05,22,18,56,MM,MM,MM,2.3,8,7.4,272,MM,MM,7.6,MM,MM,MM,MM
2026,05,22,18,26,MM,MM,MM,2.2,8,7.0,275,MM,MM,7.6,MM,MM,MM,MM
2026,05,22,17,56,MM,MM,MM,2.2,8,7.0,271,MM,MM,7.6,MM,MM,MM,MM
2026,05,22,17,26,MM,MM,MM,2.1,10,7.0,291,MM,MM,7.6,MM,MM,MM,MM
2026,05,22,16,56,MM,MM,MM,2.0,9,6.5,285,MM,MM,7.6,MM,MM,MM,MM
2026,05,22,16,26,MM,MM,MM,1.9,11,6.2,285,MM,MM,7.6,MM,MM,MM,MM
2026,05,22,15,56,MM,MM,MM,1.9,11,6.2,277,MM,MM,7.6,MM,MM,MM,MM
2026,05,22,15,26,MM,MM,MM,1.8,11,6.2,279,MM,MM,7.6,MM,MM,MM,MM
2026,05,22,14,56,MM,MM,MM,1.7,11,6.1,279,MM,MM,7.6,MM,MM,MM,MM
2026,05,22,14,26,MM,MM,MM,1.8,9,5.9,274,MM,MM,7.6,MM,MM,MM,MM
2026,05,22,13,56,MM,MM,MM,1.8,8,6.1,250,MM,MM,7.6,MM,MM,MM,MM
2026,05,22,13,26,MM,MM,MM,1.7,11,5.9,278,MM,MM,7.6,MM,MM,MM,MM
2026,05,22,12,56,MM,MM,MM,1.7,7,5.9,243,MM,MM,7.6,MM,MM,MM,MM
2026,05,22,12,26,MM,MM,MM,1.6,9,5.8,268,MM,MM,7.6,MM,MM,MM,MM
2026,05,22,11,56,MM,MM,MM,1.7,11,6.0,272,MM,MM,7.6,MM,MM,MM,MM
2026,05,22,11,26,MM,MM,MM,1.7,9,5.6,267,MM,MM,7.7,MM,MM,MM,MM
2026,05,22,10,56,MM,MM,MM,1.7,8,5.8,247,MM,MM,7.7,MM,MM,MM,MM
2026,05,22,10,26,MM,MM,MM,1.5,8,5.9,244,MM,MM,7.7,MM,MM,MM,MM
2026,05,22,09,26,MM,MM,MM,1.6,8,5.9,241,MM,MM,7.7,MM,MM,MM,MM
2026,05,22,08,56,MM,MM,MM,1.6,8,6.2,250,MM,MM,7.7,MM,MM,MM,MM
2026,05,22,08,26,MM,MM,MM,1.5,8,6.0,251,MM,MM,7.7,MM,MM,MM,MM
2026,05,22,07,56,MM,MM,MM,1.5,10,6.0,279,MM,MM,7.7,MM,MM,MM,MM
2026,05,22,07,26,MM,MM,MM,1.6,9,6.2,246,MM,MM,7.7,MM,MM,MM,MM
2026,05,22,06,56,MM,MM,MM,1.5,9,6.0,244,MM,MM,7.6,MM,MM,MM,MM
2026,05,22,06,26,MM,MM,MM,1.5,9,6.2,271,MM,MM,7.5,MM,MM,MM,MM
2026,05,22,05,56,MM,MM,MM,1.5,9,6.2,260,MM,MM,7.5,MM,MM,MM,MM
2026,05,22,05,26,MM,MM,MM,1.5,9,5.8,263,MM,MM,7.6,MM,MM,MM,MM
2026,05,22,04,56,MM,MM,MM,1.6,9,5.9,255,MM,MM,7.6,MM,MM,MM,MM
2026,05,22,04,26,MM,MM,MM,1.6,9,6.1,254,MM,MM,7.6,MM,MM,MM,MM
2026,05,22,03,56,MM,MM,MM,1.7,10,6.3,279,MM,MM,7.7,MM,MM,MM,MM
2026,05,22,03,26,MM,MM,MM,1.7,8,6.5,258,MM,MM,7.7,MM,MM,MM,MM
2026,05,22,02,56,MM,MM,MM,1.6,9,6.5,265,MM,MM,7.8,MM,MM,MM,MM
2026,05,22,02,26,MM,MM,MM,1.7,9,6.7,261,MM,MM,7.8,MM,MM,MM,MM
2026,05,22,01,56,MM,MM,MM,1.7,10,6.7,279,MM,MM,7.8,MM,MM,MM,MM
2026,05,22,01,26,MM,MM,MM,1.7,9,6.6,260,MM,MM,7.8,MM,MM,MM,MM
2026,05,22,00,56,MM,MM,MM,1.6,8,6.6,251,MM,MM,7.8,MM,MM,MM,MM
2026,05,22,00,26,MM,MM,MM,1.7,10,6.7,270,MM,MM,7.8,MM,MM,MM,MM
2026,05,21,23,56,MM,MM,MM,1.8,9,6.7,264,MM,MM,7.8,MM,MM,MM,MM
2026,05,21,23,26,MM,MM,MM,1.6,9,6.9,255,MM,MM,7.8,MM,MM,MM,MM
2026,05,21,22,56,MM,MM,MM,1.7,8,7.0,254,MM,MM,7.8,MM,MM,MM,MM
2026,05,21,22,26,MM,MM,MM,1.8,11,6.9,264,MM,MM,7.8,MM,MM,MM,MM
2026,05,21,21,56,MM,MM,MM,1.8,9,7.1,253,MM,MM,7.8,MM,MM,MM,MM
2026,05,21,21,26,MM,MM,MM,1.7,10,7.1,260,MM,MM,7.7,MM,MM,MM,MM
2026,05,21,20,56,MM,MM,MM,1.8,11,7.4,271,MM,MM,7.7,MM,MM,MM,MM
2026,05,21,20,26,MM,MM,MM,1.7,9,7.2,257,MM,MM,7.7,MM,MM,MM,MM
2026,05,21,19,56,MM,MM,MM,1.9,10,7.7,275,MM,MM,7.7,MM,MM,MM,MM
2026,05,21,19,26,MM,MM,MM,1.8,10,7.6,260,MM,MM,7.6,MM,MM,MM,MM
2026,05,21,18,56,MM,MM,MM,1.8,9,7.4,250,MM,MM,7.6,MM,MM,MM,MM
2026,05,21,18,26,MM,MM,MM,2.0,10,7.8,260,MM,MM,7.5,MM,MM,MM,MM
2026,05,21,17,56,MM,MM,MM,1.7,10,7.5,260,MM,MM,7.5,MM,MM,MM,MM
2026,05,21,17,26,MM,MM,MM,1.7,9,7.3,251,MM,MM,7.3,MM,MM,MM,MM
2026,05,21,16,56,MM,MM,MM,1.7,9,7.2,247,MM,MM,7.3,MM,MM,MM,MM
2026,05,21,16,26,MM,MM,MM,1.8,9,7.3,247,MM,MM,7.3,MM,MM,MM,MM
2026,05,21,15,56,MM,MM,MM,1.9,9,7.4,247,MM,MM,7.3,MM,MM,MM,MM
2026,05,21,15,26,MM,MM,MM,1.8,10,7.2,253,MM,MM,7.3,MM,MM,MM,MM
2026,05,21,14,56,MM,MM,MM,1.9,9,7.3,246,MM,MM,7.3,MM,MM,MM,MM
2026,05,21,14,26,MM,MM,MM,1.7,9,7.0,248,MM,MM,7.3,MM,MM,MM,MM
2026,05,21,13,56,MM,MM,MM,1.9,9,7.0,255,MM,MM,7.3,MM,MM,MM,MM
2026,05,21,13,26,MM,MM,MM,1.9,9,7.0,251,MM,MM,7.3,MM,MM,MM,MM
2026,05,21,12,56,MM,MM,MM,1.8,9,6.9,255,MM,MM,7.3,MM,MM,MM,MM
2026,05,21,12,26,MM,MM,MM,2.0,9,7.2,261,MM,MM,7.3,MM,MM,MM,MM
2026,05,21,11,56,MM,MM,MM,1.9,9,7.3,257,MM,MM,7.3,MM,MM,MM,MM
2026,05,21,11,26,MM,MM,MM,1.8,9,7.1,261,MM,MM,7.3,MM,MM,MM,MM
2026,05,21,10,56,MM,MM,MM,2.0,10,7.2,265,MM,MM,7.3,MM,MM,MM,MM
2026,05,21,10,26,MM,MM,MM,1.8,9,7.0,255,MM,MM,7.3,MM,MM,MM,MM
2026,05,21,09,56,MM,MM,MM,2.0,10,7.1,263,MM,MM,7.3,MM,MM,MM,MM
2026,05,21,09,26,MM,MM,MM,2.1,11,7.0,267,MM,MM,7.4,MM,MM,MM,MM
2026,05,21,08,56,MM,MM,MM,1.9,9,6.8,261,MM,MM,7.4,MM,MM,MM,MM
2026,05,21,08,26,MM,MM,MM,1.8,10,6.9,258,MM,MM,7.4,MM,MM,MM,MM
2026,05,21,07,56,MM,MM,MM,2.1,10,7.3,272,MM,MM,7.4,MM,MM,MM,MM
2026,05,21,07,26,MM,MM,MM,2.2,10,7.4,257,MM,MM,7.4,MM,MM,MM,MM
2026,05,21,06,56,MM,MM,MM,2.1,10,7.4,267,MM,MM,7.4,MM,MM,MM,MM
2026,05,21,06,26,MM,MM,MM,1.9,10,7.0,244,MM,MM,7.4,MM,MM,MM,MM
2026,05,21,05,56,MM,MM,MM,2.0,10,7.0,263,MM,MM,7.4,MM,MM,MM,MM
2026,05,21,05,26,MM,MM,MM,2.1,11,7.1,264,MM,MM,7.4,MM,MM,MM,MM
2026,05,21,04,56,MM,MM,MM,2.0,10,6.8,263,MM,MM,7.4,MM,MM,MM,MM
2026,05,21,04,26,MM,MM,MM,2.3,11,7.3,265,MM,MM,7.4,MM,MM,MM,MM
2026,05,21,03,56,MM,MM,MM,2.2,10,7.2,257,MM,MM,7.4,MM,MM,MM,MM
2026,05,21,03,26,MM,MM,MM,2.2,9,7.2,251,MM,MM,7.4,MM,MM,MM,MM
2026,05,21,02,56,MM,MM,MM,2.4,9,7.3,250,MM,MM,7.4,MM,MM,MM,MM
2026,05,21,02,26,MM,MM,MM,2.2,11,7.0,253,MM,MM,7.4,MM,MM,MM,MM
2026,05,21,01,56,MM,MM,MM,2.4,11,7.3,257,MM,MM,7.4,MM,MM,MM,MM
2026,05,21,01,26,MM,MM,MM,2.4,10,7.2,260,MM,MM,7.4,MM,MM,MM,MM
2026,05,21,00,56,MM,MM,MM,2.5,11,7.2,255,MM,MM,7.4,MM,MM,MM,MM
2026,05,21,00,26,MM,MM,MM,2.3,9,6.8,254,MM,MM,7.3,MM,MM,MM,MM
2026,05,20,23,56,MM,MM,MM,2.7,10,7.3,271,MM,MM,7.3,MM,MM,MM,MM
2026,05,20,23,26,MM,MM,MM,2.4,11,6.6,268,MM,MM,7.3,MM,MM,MM,MM
2026,05,20,22,56,MM,MM,MM,2.4,9,6.6,264,MM,MM,7.3,MM,MM,MM,MM
2026,05,20,22,26,MM,MM,MM,2.4,10,6.7,265,MM,MM,7.3,MM,MM,MM,MM
2026,05,20,21,56,MM,MM,MM,2.6,10,7.0,271,MM,MM,7.3,MM,MM,MM,MM
2026,05,20,21,26,MM,MM,MM,2.4,10,6.6,272,MM,MM,7.3,MM,MM,MM,MM
2026,05,20,20,56,MM,MM,MM,2.6,9,6.6,268,MM,MM,7.3,MM,MM,MM,MM
2026,05,20,20,26,MM,MM,MM,2.7,10,6.5,270,MM,MM,7.3,MM,MM,MM,MM
2026,05,20,19,56,MM,MM,MM,2.8,10,6.7,275,MM,MM,7.3,MM,MM,MM,MM
2026,05,20,19,26,MM,MM,MM,2.8,10,6.6,270,MM,MM,7.2,MM,MM,MM,MM
2026,05,20,18,56,MM,MM,MM,2.8,10,6.6,274,MM,MM,7.2,MM,MM,MM,MM
2026,05,20,18,26,MM,MM,MM,2.9,10,6.5,277,MM,MM,7.2,MM,MM,MM,MM
2026,05,20,17,56,MM,MM,MM,2.9,10,6.8,282,MM,MM,7.2,MM,MM,MM,MM
2026,05,20,17,26,MM,MM,MM,2.8,10,6.6,282,MM,MM,7.2,MM,MM,MM,MM
2026,05,20,16,56,MM,MM,MM,2.6,11,6.3,271,MM,MM,7.2,MM,MM,MM,MM
2026,05,20,16,26,MM,MM,MM,2.8,10,6.6,275,MM,MM,7.2,MM,MM,MM,MM
2026,05,20,15,56,MM,MM,MM,2.6,11,6.7,284,MM,MM,7.2,MM,MM,MM,MM
2026,05,20,15,26,MM,MM,MM,2.9,11,6.7,275,MM,MM,7.2,MM,MM,MM,MM
2026,05,20,14,56,MM,MM,MM,2.7,11,6.5,291,MM,MM,7.2,MM,MM,MM,MM
2026,05,20,14,26,MM,MM,MM,2.6,11,6.3,278,MM,MM,7.2,MM,MM,MM,MM
2026,05,20,13,56,MM,MM,MM,2.5,9,6.2,255,MM,MM,7.2,MM,MM,MM,MM
2026,05,20,13,26,MM,MM,MM,2.8,10,6.6,271,MM,MM,7.2,MM,MM,MM,MM
2026,05,20,12,56,MM,MM,MM,2.7,11,6.6,278,MM,MM,7.2,MM,MM,MM,MM
2026,05,20,12,26,MM,MM,MM,2.8,11,6.5,270,MM,MM,7.2,MM,MM,MM,MM
2026,05,20,11,56,MM,MM,MM,2.8,9,6.5,260,MM,MM,7.2,MM,MM,MM,MM
2026,05,20,11,26,MM,MM,MM,2.8,11,6.7,275,MM,MM,7.2,MM,MM,MM,MM
2026,05,20,10,56,MM,MM,MM,2.7,8,6.4,220,MM,MM,7.2,MM,MM,MM,MM
2026,05,20,10,26,MM,MM,MM,2.7,9,6.5,263,MM,MM,7.2,MM,MM,MM,MM
2026,05,20,09,56,MM,MM,MM,2.7,10,6.7,271,MM,MM,7.2,MM,MM,MM,MM
2026,05,20,09,26,MM,MM,MM,2.6,7,6.4,196,MM,MM,7.2,MM,MM,MM,MM
2026,05,20,08,56,MM,MM,MM,2.8,9,6.4,251,MM,MM,7.2,MM,MM,MM,MM
2026,05,20,08,26,MM,MM,MM,2.7,10,6.6,270,MM,MM,7.2,MM,MM,MM,MM
2026,05,20,07,56,MM,MM,MM,2.8,7,6.5,196,MM,MM,7.2,MM,MM,MM,MM
2026,05,20,07,26,MM,MM,MM,2.8,7,6.5,203,MM,MM,7.2,MM,MM,MM,MM
2026,05,20,06,56,MM,MM,MM,2.9,7,6.5,194,MM,MM,7.2,MM,MM,MM,MM
2026,05,20,06,26,MM,MM,MM,2.8,7,6.4,203,MM,MM,7.2,MM,MM,MM,MM
2026,05,20,05,56,MM,MM,MM,2.9,7,6.5,201,MM,MM,7.3,MM,MM,MM,MM
2026,05,20,05,26,MM,MM,MM,2.8,7,6.3,203,MM,MM,7.3,MM,MM,MM,MM
2026,05,20,04,56,MM,MM,MM,2.9,7,6.2,205,MM,MM,7.3,MM,MM,MM,MM
2026,05,20,04,26,MM,MM,MM,2.7,7,6.0,196,MM,MM,7.3,MM,MM,MM,MM
2026,05,20,03,56,MM,MM,MM,2.8,7,6.0,198,MM,MM,7.3,MM,MM,MM,MM
2026,05,20,03,26,MM,MM,MM,2.7,6,5.8,191,MM,MM,7.3,MM,MM,MM,MM
2026,05,20,02,56,MM,MM,MM,2.5,7,5.6,216,MM,MM,7.3,MM,MM,MM,MM
2026,05,20,02,26,MM,MM,MM,2.5,6,5.6,199,MM,MM,7.3,MM,MM,MM,MM
2026,05,20,01,56,MM,MM,MM,2.4,6,5.6,192,MM,MM,7.3,MM,MM,MM,MM
2026,05,20,01,26,MM,MM,MM,2.2,11,5.5,261,MM,MM,7.4,MM,MM,MM,MM
2026,05,20,00,56,MM,MM,MM,2.2,10,5.5,281,MM,MM,7.4,MM,MM,MM,MM
2026,05,20,00,26,MM,MM,MM,2.1,10,5.6,267,MM,MM,7.4,MM,MM,MM,MM
2026,05,19,23,56,MM,MM,MM,1.9,10,5.8,272,MM,MM,7.5,MM,MM,MM,MM
2026,05,19,23,26,MM,MM,MM,2.0,10,5.8,275,MM,MM,7.5,MM,MM,MM,MM
2026,05,19,22,56,MM,MM,MM,2.0,11,6.1,274,MM,MM,7.5,MM,MM,MM,MM
2026,05,19,22,26,MM,MM,MM,1.9,11,6.0,275,MM,MM,7.5,MM,MM,MM,MM
2026,05,19,21,56,MM,MM,MM,2.0,10,6.3,277,MM,MM,7.5,MM,MM,MM,MM
2026,05,19,21,26,MM,MM,MM,1.9,11,6.2,277,MM,MM,7.5,MM,MM,MM,MM
2026,05,19,20,56,MM,MM,MM,2.0,10,6.3,279,MM,MM,7.5,MM,MM,MM,MM
2026,05,19,20,26,MM,MM,MM,2.0,10,6.6,279,MM,MM,7.4,MM,MM,MM,MM
2026,05,19,19,56,MM,MM,MM,1.9,10,6.7,281,MM,MM,7.5,MM,MM,MM,MM
2026,05,19,19,26,MM,MM,MM,2.0,9,6.9,272,MM,MM,7.4,MM,MM,MM,MM
2026,05,19,18,56,MM,MM,MM,2.0,11,7.1,275,MM,MM,7.4,MM,MM,MM,MM
2026,05,19,18,26,MM,MM,MM,1.9,11,7.1,279,MM,MM,7.4,MM,MM,MM,MM
2026,05,19,17,56,MM,MM,MM,2.1,11,7.4,281,MM,MM,7.4,MM,MM,MM,MM
2026,05,19,17,26,MM,MM,MM,2.0,10,7.5,277,MM,MM,7.4,MM,MM,MM,MM
2026,05,19,16,56,MM,MM,MM,2.0,11,7.6,271,MM,MM,7.4,MM,MM,MM,MM
2026,05,19,16,26,MM,MM,MM,2.1,10,7.6,274,MM,MM,7.4,MM,MM,MM,MM
2026,05,19,15,56,MM,MM,MM,2.0,11,7.3,272,MM,MM,7.4,MM,MM,MM,MM
2026,05,19,15,26,MM,MM,MM,2.2,11,7.5,271,MM,MM,7.4,MM,MM,MM,MM
2026,05,19,14,56,MM,MM,MM,2.1,10,7.5,270,MM,MM,7.4,MM,MM,MM,MM
2026,05,19,14,26,MM,MM,MM,2.1,11,7.2,274,MM,MM,7.4,MM,MM,MM,MM
2026,05,19,13,56,MM,MM,MM,2.5,11,7.9,268,MM,MM,7.4,MM,MM,MM,MM
2026,05,19,13,26,MM,MM,MM,2.3,11,7.5,267,MM,MM,7.4,MM,MM,MM,MM
2026,05,19,12,56,MM,MM,MM,2.3,11,7.2,286,MM,MM,7.4,MM,MM,MM,MM
2026,05,19,12,26,MM,MM,MM,2.3,10,7.7,279,MM,MM,7.4,MM,MM,MM,MM
2026,05,19,11,56,MM,MM,MM,2.3,10,7.3,275,MM,MM,7.4,MM,MM,MM,MM
2026,05,19,11,26,MM,MM,MM,2.4,11,7.5,272,MM,MM,7.4,MM,MM,MM,MM
2026,05,19,10,56,MM,MM,MM,2.3,11,7.4,281,MM,MM,7.4,MM,MM,MM,MM
2026,05,19,10,26,MM,MM,MM,2.4,11,7.5,277,MM,MM,7.4,MM,MM,MM,MM
2026,05,19,09,56,MM,MM,MM,2.4,11,7.7,285,MM,MM,7.4,MM,MM,MM,MM
2026,05,19,09,26,MM,MM,MM,2.3,10,7.1,282,MM,MM,7.4,MM,MM,MM,MM
2026,05,19,08,56,MM,MM,MM,2.5,11,7.6,278,MM,MM,7.4,MM,MM,MM,MM
2026,05,19,08,26,MM,MM,MM,2.6,11,7.6,275,MM,MM,7.4,MM,MM,MM,MM
2026,05,19,07,56,MM,MM,MM,2.8,11,8.0,278,MM,MM,7.4,MM,MM,MM,MM
2026,05,19,07,26,MM,MM,MM,2.7,11,7.8,281,MM,MM,7.4,MM,MM,MM,MM
2026,05,19,06,56,MM,MM,MM,2.4,11,7.2,281,MM,MM,7.4,MM,MM,MM,MM
2026,05,19,06,26,MM,MM,MM,2.5,11,7.5,271,MM,MM,7.4,MM,MM,MM,MM
2026,05,19,05,56,MM,MM,MM,2.3,12,7.2,281,MM,MM,7.4,MM,MM,MM,MM
2026,05,19,05,26,MM,MM,MM,2.5,11,7.7,284,MM,MM,7.5,MM,MM,MM,MM
2026,05,19,04,56,MM,MM,MM,2.4,12,7.4,271,MM,MM,7.5,MM,MM,MM,MM
2026,05,19,04,26,MM,MM,MM,2.4,11,7.7,278,MM,MM,7.5,MM,MM,MM,MM
2026,05,19,03,56,MM,MM,MM,2.5,12,7.9,282,MM,MM,7.5,MM,MM,MM,MM
2026,05,19,03,26,MM,MM,MM,2.5,12,8.1,284,MM,MM,7.4,MM,MM,MM,MM
2026,05,19,02,56,MM,MM,MM,2.5,12,8.0,279,MM,MM,7.4,MM,MM,MM,MM
2026,05,19,02,26,MM,MM,MM,2.7,12,8.6,284,MM,MM,7.4,MM,MM,MM,MM
2026,05,19,01,56,MM,MM,MM,2.2,12,7.5,272,MM,MM,7.4,MM,MM,MM,MM
2026,05,19,01,26,MM,MM,MM,2.3,12,7.9,277,MM,MM,7.4,MM,MM,MM,MM
2026,05,19,00,56,MM,MM,MM,2.5,12,8.2,265,MM,MM,7.4,MM,MM,MM,MM
2026,05,19,00,26,MM,MM,MM,2.7,12,8.3,279,MM,MM,7.4,MM,MM,MM,MM
2026,05,18,23,56,MM,MM,MM,2.3,12,7.9,275,MM,MM,7.5,MM,MM,MM,MM
2026,05,18,23,26,MM,MM,MM,2.8,12,8.6,271,MM,MM,7.5,MM,MM,MM,MM
2026,05,18,22,56,MM,MM,MM,2.6,13,8.3,278,MM,MM,7.4,MM,MM,MM,MM
2026,05,18,22,26,MM,MM,MM,2.6,13,8.5,285,MM,MM,7.4,MM,MM,MM,MM
2026,05,18,21,56,MM,MM,MM,2.7,12,8.6,274,MM,MM,7.4,MM,MM,MM,MM
2026,05,18,21,26,MM,MM,MM,2.7,13,8.4,270,MM,MM,7.4,MM,MM,MM,MM
2026,05,18,20,56,MM,MM,MM,2.5,13,8.1,271,MM,MM,7.4,MM,MM,MM,MM
2026,05,18,20,26,MM,MM,MM,2.6,13,8.1,277,MM,MM,7.4,MM,MM,MM,MM
2026,05,18,19,56,MM,MM,MM,2.9,13,8.5,281,MM,MM,7.4,MM,MM,MM,MM
2026,05,18,19,26,MM,MM,MM,2.9,12,8.6,278,MM,MM,7.4,MM,MM,MM,MM
2026,05,18,18,56,MM,MM,MM,3.0,13,8.4,278,MM,MM,7.4,MM,MM,MM,MM
2026,05,18,18,26,MM,MM,MM,3.0,12,8.6,281,MM,MM,7.4,MM,MM,MM,MM
2026,05,18,17,56,MM,MM,MM,2.9,11,8.4,281,MM,MM,7.4,MM,MM,MM,MM
2026,05,18,17,26,MM,MM,MM,3.0,13,8.6,286,MM,MM,7.4,MM,MM,MM,MM
2026,05,18,16,56,MM,MM,MM,3.4,13,9.1,279,MM,MM,7.4,MM,MM,MM,MM
2026,05,18,16,26,MM,MM,MM,3.1,13,8.8,284,MM,MM,7.4,MM,MM,MM,MM
2026,05,18,15,56,MM,MM,MM,3.1,13,9.0,279,MM,MM,7.4,MM,MM,MM,MM
2026,05,18,15,26,MM,MM,MM,3.1,13,8.9,284,MM,MM,7.4,MM,MM,MM,MM
2026,05,18,14,56,MM,MM,MM,3.0,12,8.6,277,MM,MM,7.4,MM,MM,MM,MM
2026,05,18,14,26,MM,MM,MM,2.7,13,8.4,275,MM,MM,7.4,MM,MM,MM,MM
2026,05,18,13,56,MM,MM,MM,2.8,13,8.7,278,MM,MM,7.4,MM,MM,MM,MM
2026,05,18,13,26,MM,MM,MM,2.6,11,8.3,271,MM,MM,7.4,MM,MM,MM,MM
2026,05,18,12,56,MM,MM,MM,3.0,13,8.9,278,MM,MM,7.4,MM,MM,MM,MM
2026,05,18,12,26,MM,MM,MM,2.6,13,8.4,281,MM,MM,7.4,MM,MM,MM,MM
2026,05,18,11,56,MM,MM,MM,2.7,12,8.6,275,MM,MM,7.4,MM,MM,MM,MM
2026,05,18,11,26,MM,MM,MM,2.6,13,8.7,267,MM,MM,7.4,MM,MM,MM,MM
2026,05,18,10,56,MM,MM,MM,2.4,12,8.4,270,MM,MM,7.4,MM,MM,MM,MM
2026,05,18,10,26,MM,MM,MM,2.7,13,8.9,277,MM,MM,7.5,MM,MM,MM,MM
2026,05,18,09,56,MM,MM,MM,2.7,13,9.1,277,MM,MM,7.5,MM,MM,MM,MM
2026,05,18,09,26,MM,MM,MM,2.7,13,9.4,275,MM,MM,7.5,MM,MM,MM,MM
2026,05,18,08,56,MM,MM,MM,2.6,13,9.0,268,MM,MM,7.5,MM,MM,MM,MM
2026,05,18,08,26,MM,MM,MM,2.6,14,8.9,261,MM,MM,7.5,MM,MM,MM,MM
2026,05,18,07,56,MM,MM,MM,2.8,11,9.1,271,MM,MM,7.5,MM,MM,MM,MM
2026,05,18,07,26,MM,MM,MM,2.9,14,9.3,272,MM,MM,7.6,MM,MM,MM,MM
2026,05,18,06,56,MM,MM,MM,2.9,14,9.3,275,MM,MM,7.6,MM,MM,MM,MM
2026,05,18,06,26,MM,MM,MM,3.0,13,9.3,277,MM,MM,7.6,MM,MM,MM,MM
2026,05,18,05,56,MM,MM,MM,3.3,13,9.5,278,MM,MM,7.6,MM,MM,MM,MM
2026,05,18,05,26,MM,MM,MM,3.1,13,9.1,278,MM,MM,7.6,MM,MM,MM,MM
2026,05,18,04,56,MM,MM,MM,3.0,14,9.2,275,MM,MM,7.6,MM,MM,MM,MM
2026,05,18,04,26,MM,MM,MM,3.4,14,9.8,279,MM,MM,7.6,MM,MM,MM,MM
2026,05,18,03,56,MM,MM,MM,3.9,13,10.2,275,MM,MM,7.7,MM,MM,MM,MM
2026,05,18,03,26,MM,MM,MM,3.7,14,9.8,271,MM,MM,7.7,MM,MM,MM,MM
2026,05,18,02,56,MM,MM,MM,3.7,13,9.6,270,MM,MM,7.7,MM,MM,MM,MM
2026,05,18,02,26,MM,MM,MM,3.6,13,9.4,272,MM,MM,7.7,MM,MM,MM,MM
2026,05,18,01,56,MM,MM,MM,3.7,14,9.5,275,MM,MM,7.7,MM,MM,MM,MM
2026,05,18,01,26,MM,MM,MM,4.0,13,9.6,272,MM,MM,7.7,MM,MM,MM,MM
2026,05,18,00,56,MM,MM,MM,3.7,11,9.1,270,MM,MM,7.7,MM,MM,MM,MM
2026,05,18,00,26,MM,MM,MM,3.6,13,9.1,275,MM,MM,7.7,MM,MM,MM,MM
2026,05,17,23,56,MM,MM,MM,3.4,13,9.3,277,MM,MM,7.7,MM,MM,MM,MM
2026,05,17,23,26,MM,MM,MM,3.7,13,9.6,272,MM,MM,7.7,MM,MM,MM,MM
2026,05,17,22,56,MM,MM,MM,3.4,14,9.3,278,MM,MM,7.7,MM,MM,MM,MM
2026,05,17,22,26,MM,MM,MM,3.5,13,9.4,267,MM,MM,7.7,MM,MM,MM,MM
2026,05,17,21,56,MM,MM,MM,3.5,14,9.3,275,MM,MM,7.6,MM,MM,MM,MM
2026,05,17,21,26,MM,MM,MM,3.2,14,8.9,277,MM,MM,7.6,MM,MM,MM,MM
2026,05,17,20,56,MM,MM,MM,3.4,14,9.4,274,MM,MM,7.5,MM,MM,MM,MM
2026,05,17,20,26,MM,MM,MM,3.5,13,9.4,267,MM,MM,7.4,MM,MM,MM,MM
2026,05,17,19,56,MM,MM,MM,3.6,12,9.4,267,MM,MM,7.4,MM,MM,MM,MM
2026,05,17,19,26,MM,MM,MM,3.7,14,9.6,274,MM,MM,7.3,MM,MM,MM,MM
2026,05,17,18,56,MM,MM,MM,3.9,14,9.9,278,MM,MM,7.3,MM,MM,MM,MM
2026,05,17,18,26,MM,MM,MM,3.8,14,9.4,274,MM,MM,7.2,MM,MM,MM,MM
2026,05,17,17,56,MM,MM,MM,3.8,14,9.5,285,MM,MM,7.2,MM,MM,MM,MM
2026,05,17,17,26,MM,MM,MM,4.5,14,10.2,277,MM,MM,7.2,MM,MM,MM,MM
2026,05,17,16,56,MM,MM,MM,4.3,15,9.8,270,MM,MM,7.2,MM,MM,MM,MM
2026,05,17,16,26,MM,MM,MM,4.1,14,9.7,263,MM,MM,7.2,MM,MM,MM,MM
2026,05,17,15,56,MM,MM,MM,4.1,15,10.0,267,MM,MM,7.2,MM,MM,MM,MM
2026,05,17,15,26,MM,MM,MM,4.1,17,9.7,272,MM,MM,7.2,MM,MM,MM,MM
2026,05,17,14,56,MM,MM,MM,4.5,14,10.1,267,MM,MM,7.2,MM,MM,MM,MM
2026,05,17,14,26,MM,MM,MM,4.2,15,9.7,278,MM,MM,7.2,MM,MM,MM,MM
2026,05,17,13,56,MM,MM,MM,4.2,14,9.7,277,MM,MM,7.2,MM,MM,MM,MM
2026,05,17,13,26,MM,MM,MM,4.6,15,9.8,275,MM,MM,7.2,MM,MM,MM,MM
2026,05,17,12,56,MM,MM,MM,4.2,15,9.2,277,MM,MM,7.2,MM,MM,MM,MM
2026,05,17,12,26,MM,MM,MM,4.3,12,9.1,265,MM,MM,7.2,MM,MM,MM,MM
2026,05,17,11,56,MM,MM,MM,4.7,15,9.8,272,MM,MM,7.2,MM,MM,MM,MM
2026,05,17,11,26,MM,MM,MM,4.4,15,9.3,274,MM,MM,7.2,MM,MM,MM,MM
2026,05,17,10,56,MM,MM,MM,4.1,15,8.9,274,MM,MM,7.2,MM,MM,MM,MM
2026,05,17,10,26,MM,MM,MM,4.4,13,9.2,267,MM,MM,7.2,MM,MM,MM,MM
2026,05,17,09,56,MM,MM,MM,4.4,11,8.8,268,MM,MM,7.2,MM,MM,MM,MM
2026,05,17,09,26,MM,MM,MM,4.2,11,8.6,274,MM,MM,7.2,MM,MM,MM,MM
2026,05,17,08,56,MM,MM,MM,4.1,11,8.4,267,MM,MM,7.2,MM,MM,MM,MM
2026,05,17,08,26,MM,MM,MM,4.1,11,8.4,268,MM,MM,7.2,MM,MM,MM,MM
2026,05,17,07,56,MM,MM,MM,3.8,12,8.1,270,MM,MM,7.2,MM,MM,MM,MM
2026,05,17,07,26,MM,MM,MM,3.7,13,7.7,274,MM,MM,7.2,MM,MM,MM,MM
2026,05,17,06,56,MM,MM,MM,3.9,11,8.0,271,MM,MM,7.2,MM,MM,MM,MM
2026,05,17,06,26,MM,MM,MM,3.7,11,7.8,267,MM,MM,7.2,MM,MM,MM,MM
2026,05,17,05,56,MM,MM,MM,3.6,11,7.5,264,MM,MM,7.2,MM,MM,MM,MM
2026,05,17,05,26,MM,MM,MM,3.6,12,7.5,267,MM,MM,7.2,MM,MM,MM,MM
2026,05,17,04,56,MM,MM,MM,3.2,11,7.4,274,MM,MM,7.2,MM,MM,MM,MM
2026,05,17,04,26,MM,MM,MM,3.4,10,7.5,267,MM,MM,7.2,MM,MM,MM,MM
2026,05,17,03,56,MM,MM,MM,3.3,11,7.5,268,MM,MM,7.2,MM,MM,MM,MM
2026,05,17,03,26,MM,MM,MM,3.2,11,7.3,260,MM,MM,7.2,MM,MM,MM,MM
2026,05,17,02,56,MM,MM,MM,3.4,11,7.7,263,MM,MM,7.2,MM,MM,MM,MM
2026,05,17,02,26,MM,MM,MM,3.3,11,7.5,270,MM,MM,7.2,MM,MM,MM,MM
2026,05,17,01,56,MM,MM,MM,3.4,11,7.6,258,MM,MM,7.2,MM,MM,MM,MM
2026,05,17,01,26,MM,MM,MM,3.4,11,7.5,257,MM,MM,7.2,MM,MM,MM,MM
2026,05,17,00,56,MM,MM,MM,3.4,10,7.5,263,MM,MM,7.2,MM,MM,MM,MM
2026,05,17,00,26,MM,MM,MM,3.2,10,7.1,263,MM,MM,7.2,MM,MM,MM,MM
2026,05,16,23,56,MM,MM,MM,3.1,10,7.1,267,MM,MM,7.2,MM,MM,MM,MM
2026,05,16,23,26,MM,MM,MM,2.9,10,6.9,254,MM,MM,7.2,MM,MM,MM,MM
2026,05,16,22,56,MM,MM,MM,2.9,10,6.8,253,MM,MM,7.2,MM,MM,MM,MM
2026,05,16,22,26,MM,MM,MM,2.8,10,6.7,264,MM,MM,7.2,MM,MM,MM,MM
2026,05,16,21,56,MM,MM,MM,3.1,10,6.9,274,MM,MM,7.2,MM,MM,MM,MM
2026,05,16,21,26,MM,MM,MM,2.8,10,6.7,270,MM,MM,7.2,MM,MM,MM,MM
2026,05,16,20,56,MM,MM,MM,2.9,10,6.7,278,MM,MM,7.2,MM,MM,MM,MM
2026,05,16,20,26,MM,MM,MM,2.9,9,6.5,263,MM,MM,7.2,MM,MM,MM,MM
2026,05,16,19,56,MM,MM,MM,2.7,10,6.5,274,MM,MM,7.2,MM,MM,MM,MM
2026,05,16,19,26,MM,MM,MM,2.7,9,6.4,265,MM,MM,7.2,MM,MM,MM,MM
2026,05,16,18,56,MM,MM,MM,2.7,9,6.2,268,MM,MM,7.2,MM,MM,MM,MM
2026,05,16,18,26,MM,MM,MM,2.9,8,6.4,267,MM,MM,7.2,MM,MM,MM,MM
2026,05,16,17,56,MM,MM,MM,3.2,8,6.6,267,MM,MM,7.2,MM,MM,MM,MM
2026,05,16,17,26,MM,MM,MM,2.8,8,6.3,253,MM,MM,7.2,MM,MM,MM,MM
2026,05,16,16,56,MM,MM,MM,2.9,11,6.4,268,MM,MM,7.2,MM,MM,MM,MM
2026,05,16,16,26,MM,MM,MM,2.9,8,6.5,260,MM,MM,7.2,MM,MM,MM,MM
2026,05,16,15,56,MM,MM,MM,2.8,8,6.3,261,MM,MM,7.2,MM,MM,MM,MM
2026,05,16,15,26,MM,MM,MM,2.9,7,6.3,247,MM,MM,7.2,MM,MM,MM,MM
2026,05,16,14,56,MM,MM,MM,2.8,10,6.3,278,MM,MM,7.2,MM,MM,MM,MM
2026,05,16,14,26,MM,MM,MM,2.7,8,6.3,268,MM,MM,7.2,MM,MM,MM,MM
2026,05,16,13,56,MM,MM,MM,2.8,11,6.4,270,MM,MM,7.2,MM,MM,MM,MM
2026,05,16,13,26,MM,MM,MM,2.6,11,6.1,270,MM,MM,7.2,MM,MM,MM,MM
2026,05,16,12,56,MM,MM,MM,2.7,11,6.2,271,MM,MM,7.1,MM,MM,MM,MM
2026,05,16,12,26,MM,MM,MM,2.4,11,6.0,268,MM,MM,7.2,MM,MM,MM,MM
2026,05,16,11,56,MM,MM,MM,2.4,11,6.1,268,MM,MM,7.2,MM,MM,MM,MM
2026,05,16,11,26,MM,MM,MM,2.4,10,6.2,272,MM,MM,7.2,MM,MM,MM,MM
2026,05,16,10,56,MM,MM,MM,2.2,11,6.0,275,MM,MM,7.2,MM,MM,MM,MM
2026,05,16,10,26,MM,MM,MM,2.4,11,6.3,272,MM,MM,7.1,MM,MM,MM,MM
2026,05,16,09,56,MM,MM,MM,2.3,11,6.4,282,MM,MM,7.1,MM,MM,MM,MM
2026,05,16,09,26,MM,MM,MM,2.2,11,6.1,274,MM,MM,7.1,MM,MM,MM,MM
2026,05,16,08,56,MM,MM,MM,2.2,11,6.2,278,MM,MM,7.1,MM,MM,MM,MM
2026,05,16,08,26,MM,MM,MM,2.0,11,6.1,274,MM,MM,7.2,MM,MM,MM,MM
2026,05,16,07,56,MM,MM,MM,2.1,12,6.4,267,MM,MM,7.2,MM,MM,MM,MM
2026,05,16,07,26,MM,MM,MM,2.2,11,6.7,272,MM,MM,7.2,MM,MM,MM,MM
2026,05,16,06,56,MM,MM,MM,2.2,11,6.7,277,MM,MM,7.2,MM,MM,MM,MM
2026,05,16,06,26,MM,MM,MM,2.3,10,6.9,275,MM,MM,7.2,MM,MM,MM,MM
2026,05,16,05,56,MM,MM,MM,2.4,11,7.0,271,MM,MM,7.2,MM,MM,MM,MM
2026,05,16,05,26,MM,MM,MM,2.3,12,6.9,270,MM,MM,7.2,MM,MM,MM,MM
2026,05,16,04,56,MM,MM,MM,2.5,11,7.2,270,MM,MM,7.2,MM,MM,MM,MM
2026,05,16,04,26,MM,MM,MM,2.7,11,7.5,274,MM,MM,7.2,MM,MM,MM,MM
2026,05,16,03,56,MM,MM,MM,2.5,11,7.3,274,MM,MM,7.2,MM,MM,MM,MM
2026,05,16,03,26,MM,MM,MM,2.6,10,7.4,277,MM,MM,7.2,MM,MM,MM,MM
2026,05,16,02,56,MM,MM,MM,2.4,12,7.3,265,MM,MM,7.2,MM,MM,MM,MM
2026,05,16,02,26,MM,MM,MM,2.8,10,7.6,267,MM,MM,7.2,MM,MM,MM,MM
2026,05,16,01,56,MM,MM,MM,2.7,11,7.4,274,MM,MM,7.2,MM,MM,MM,MM
2026,05,16,01,26,MM,MM,MM,2.5,11,7.5,271,MM,MM,7.2,MM,MM,MM,MM
2026,05,16,00,56,MM,MM,MM,2.5,11,7.7,275,MM,MM,7.2,MM,MM,MM,MM
2026,05,16,00,26,MM,MM,MM,2.6,11,7.6,268,MM,MM,7.2,MM,MM,MM,MM
2026,05,15,23,56,MM,MM,MM,2.5,12,7.5,264,MM,MM,7.2,MM,MM,MM,MM
2026,05,15,23,26,MM,MM,MM,2.8,11,7.8,272,MM,MM,7.2,MM,MM,MM,MM
2026,05,15,22,56,MM,MM,MM,2.7,11,7.7,274,MM,MM,7.2,MM,MM,MM,MM
2026,05,15,22,26,MM,MM,MM,2.7,10,7.9,264,MM,MM,7.2,MM,MM,MM,MM
2026,05,15,21,56,MM,MM,MM,2.8,11,8.0,270,MM,MM,7.2,MM,MM,MM,MM
2026,05,15,21,26,MM,MM,MM,2.7,10,8.0,271,MM,MM,7.2,MM,MM,MM,MM
2026,05,15,20,56,MM,MM,MM,2.4,13,7.5,264,MM,MM,7.1,MM,MM,MM,MM
2026,05,15,20,26,MM,MM,MM,2.9,11,7.8,271,MM,MM,7.1,MM,MM,MM,MM
2026,05,15,19,56,MM,MM,MM,2.6,11,7.5,260,MM,MM,7.1,MM,MM,MM,MM
2026,05,15,19,26,MM,MM,MM,2.9,11,7.9,263,MM,MM,7.1,MM,MM,MM,MM
2026,05,15,18,56,MM,MM,MM,2.7,11,7.6,268,MM,MM,7.1,MM,MM,MM,MM
2026,05,15,18,26,MM,MM,MM,2.7,11,7.4,260,MM,MM,7.1,MM,MM,MM,MM
2026,05,15,17,56,MM,MM,MM,2.9,10,7.6,268,MM,MM,7.1,MM,MM,MM,MM
2026,05,15,17,26,MM,MM,MM,2.8,10,7.5,268,MM,MM,7.1,MM,MM,MM,MM
2026,05,15,16,56,MM,MM,MM,3.3,13,7.9,264,MM,MM,7.1,MM,MM,MM,MM
2026,05,15,16,26,MM,MM,MM,3.1,10,8.0,261,MM,MM,7.1,MM,MM,MM,MM
2026,05,15,15,56,MM,MM,MM,3.4,11,8.0,268,MM,MM,7.1,MM,MM,MM,MM
2026,05,15,15,26,MM,MM,MM,3.2,11,7.7,274,MM,MM,7.1,MM,MM,MM,MM
2026,05,15,14,56,MM,MM,MM,3.4,10,7.6,267,MM,MM,7.1,MM,MM,MM,MM
2026,05,15,14,26,MM,MM,MM,3.4,11,7.8,275,MM,MM,7.1,MM,MM,MM,MM
2026,05,15,13,56,MM,MM,MM,3.4,11,7.9,274,MM,MM,7.1,MM,MM,MM,MM
2026,05,15,13,26,MM,MM,MM,3.4,13,7.9,274,MM,MM,7.1,MM,MM,MM,MM
2026,05,15,12,56,MM,MM,MM,3.5,13,7.7,265,MM,MM,7.1,MM,MM,MM,MM
2026,05,15,12,26,MM,MM,MM,3.2,13,7.6,274,MM,MM,7.1,MM,MM,MM,MM
2026,05,15,11,56,MM,MM,MM,3.6,11,7.8,264,MM,MM,7.1,MM,MM,MM,MM
2026,05,15,11,26,MM,MM,MM,3.8,11,7.9,272,MM,MM,7.1,MM,MM,MM,MM
2026,05,15,10,56,MM,MM,MM,3.5,13,7.8,271,MM,MM,7.1,MM,MM,MM,MM
2026,05,15,10,26,MM,MM,MM,3.5,13,7.8,274,MM,MM,7.1,MM,MM,MM,MM
2026,05,15,09,56,MM,MM,MM,3.4,11,7.8,268,MM,MM,7.1,MM,MM,MM,MM
2026,05,15,09,26,MM,MM,MM,3.3,11,7.6,263,MM,MM,7.1,MM,MM,MM,MM
2026,05,15,08,56,MM,MM,MM,3.3,11,7.5,270,MM,MM,7.1,MM,MM,MM,MM
2026,05,15,08,26,MM,MM,MM,3.3,13,7.6,277,MM,MM,7.1,MM,MM,MM,MM
2026,05,15,07,56,MM,MM,MM,3.4,11,7.9,270,MM,MM,7.2,MM,MM,MM,MM
2026,05,15,07,26,MM,MM,MM,3.3,13,7.6,274,MM,MM,7.2,MM,MM,MM,MM
2026,05,15,06,56,MM,MM,MM,3.3,13,7.7,270,MM,MM,7.2,MM,MM,MM,MM
2026,05,15,06,26,MM,MM,MM,3.4,13,7.6,275,MM,MM,7.2,MM,MM,MM,MM
2026,05,15,05,56,MM,MM,MM,3.2,13,7.9,271,MM,MM,7.2,MM,MM,MM,MM
2026,05,15,05,26,MM,MM,MM,3.3,13,7.7,267,MM,MM,7.2,MM,MM,MM,MM
2026,05,15,04,56,MM,MM,MM,3.7,13,8.3,271,MM,MM,7.2,MM,MM,MM,MM
2026,05,15,04,26,MM,MM,MM,3.5,11,8.1,265,MM,MM,7.2,MM,MM,MM,MM
2026,05,15,03,56,MM,MM,MM,3.2,11,7.7,268,MM,MM,7.2,MM,MM,MM,MM
2026,05,15,03,26,MM,MM,MM,3.5,13,8.0,275,MM,MM,7.2,MM,MM,MM,MM
2026,05,15,02,56,MM,MM,MM,3.4,13,8.2,271,MM,MM,7.2,MM,MM,MM,MM
2026,05,15,02,26,MM,MM,MM,3.6,13,8.3,270,MM,MM,7.2,MM,MM,MM,MM
2026,05,15,01,56,MM,MM,MM,3.7,13,8.5,272,MM,MM,7.2,MM,MM,MM,MM
2026,05,15,01,26,MM,MM,MM,3.4,13,8.1,277,MM,MM,7.2,MM,MM,MM,MM
2026,05,15,00,56,MM,MM,MM,3.5,11,8.3,267,MM,MM,7.2,MM,MM,MM,MM
2026,05,15,00,26,MM,MM,MM,3.5,13,8.2,265,MM,MM,7.2,MM,MM,MM,MM
2026,05,14,23,56,MM,MM,MM,3.7,11,8.4,270,MM,MM,7.2,MM,MM,MM,MM
2026,05,14,23,26,MM,MM,MM,3.8,13,8.5,272,MM,MM,7.2,MM,MM,MM,MM
2026,05,14,22,56,MM,MM,MM,3.7,13,8.3,278,MM,MM,7.2,MM,MM,MM,MM
2026,05,14,22,26,MM,MM,MM,3.8,13,8.6,270,MM,MM,7.2,MM,MM,MM,MM
2026,05,14,21,56,MM,MM,MM,3.7,14,8.4,271,MM,MM,7.2,MM,MM,MM,MM
2026,05,14,21,26,MM,MM,MM,3.6,12,8.5,275,MM,MM,7.2,MM,MM,MM,MM
2026,05,14,20,56,MM,MM,MM,3.7,13,8.4,274,MM,MM,7.2,MM,MM,MM,MM
2026,05,14,20,26,MM,MM,MM,3.8,14,8.5,270,MM,MM,7.2,MM,MM,MM,MM
2026,05,14,19,56,MM,MM,MM,3.6,14,8.3,270,MM,MM,7.2,MM,MM,MM,MM
2026,05,14,19,26,MM,MM,MM,3.8,12,8.4,271,MM,MM,7.2,MM,MM,MM,MM
2026,05,14,18,56,MM,MM,MM,3.7,11,8.5,271,MM,MM,7.2,MM,MM,MM,MM
2026,05,14,18,26,MM,MM,MM,3.7,11,8.4,272,MM,MM,7.2,MM,MM,MM,MM
2026,05,14,17,56,MM,MM,MM,3.3,13,7.9,274,MM,MM,7.2,MM,MM,MM,MM
2026,05,14,17,26,MM,MM,MM,3.5,12,7.8,274,MM,MM,7.2,MM,MM,MM,MM
2026,05,14,16,56,MM,MM,MM,3.5,11,8.0,265,MM,MM,7.2,MM,MM,MM,MM
2026,05,14,16,26,MM,MM,MM,3.5,11,8.1,271,MM,MM,7.2,MM,MM,MM,MM
2026,05,14,15,56,MM,MM,MM,3.6,13,8.1,272,MM,MM,7.2,MM,MM,MM,MM
2026,05,14,15,26,MM,MM,MM,3.6,14,7.9,268,MM,MM,7.2,MM,MM,MM,MM
2026,05,14,14,56,MM,MM,MM,3.6,13,7.8,272,MM,MM,7.2,MM,MM,MM,MM
2026,05,14,14,26,MM,MM,MM,3.5,11,7.8,275,MM,MM,7.2,MM,MM,MM,MM
2026,05,14,13,56,MM,MM,MM,3.2,14,7.7,272,MM,MM,7.2,MM,MM,MM,MM
2026,05,14,13,26,MM,MM,MM,3.3,14,7.8,274,MM,MM,7.2,MM,MM,MM,MM
2026,05,14,12,56,MM,MM,MM,3.2,13,7.5,267,MM,MM,7.2,MM,MM,MM,MM
2026,05,14,12,26,MM,MM,MM,3.3,10,7.9,264,MM,MM,7.2,MM,MM,MM,MM
2026,05,14,11,56,MM,MM,MM,3.3,13,7.6,278,MM,MM,7.2,MM,MM,MM,MM
2026,05,14,11,26,MM,MM,MM,3.4,14,8.0,272,MM,MM,7.2,MM,MM,MM,MM
2026,05,14,10,56,MM,MM,MM,3.4,10,7.9,264,MM,MM,7.2,MM,MM,MM,MM
2026,05,14,09,56,MM,MM,MM,3.5,14,7.9,272,MM,MM,7.2,MM,MM,MM,MM
2026,05,14,09,26,MM,MM,MM,3.1,13,7.4,272,MM,MM,7.2,MM,MM,MM,MM
2026,05,14,08,56,MM,MM,MM,3.3,11,8.2,268,MM,MM,7.2,MM,MM,MM,MM
2026,05,14,08,26,MM,MM,MM,3.2,13,7.9,279,MM,MM,7.2,MM,MM,MM,MM
2026,05,14,07,56,MM,MM,MM,3.2,15,7.8,285,MM,MM,7.2,MM,MM,MM,MM
2026,05,14,07,26,MM,MM,MM,3.3,14,7.7,279,MM,MM,7.2,MM,MM,MM,MM
2026,05,14,06,56,MM,MM,MM,3.3,15,7.9,277,MM,MM,7.3,MM,MM,MM,MM
2026,05,14,06,26,MM,MM,MM,2.9,15,7.5,284,MM,MM,7.3,MM,MM,MM,MM
2026,05,14,05,56,MM,MM,MM,3.1,15,7.9,281,MM,MM,7.3,MM,MM,MM,MM
2026,05,14,05,26,MM,MM,MM,2.8,14,7.1,278,MM,MM,7.3,MM,MM,MM,MM
2026,05,14,04,56,MM,MM,MM,3.0,14,7.7,278,MM,MM,7.3,MM,MM,MM,MM
2026,05,14,04,26,MM,MM,MM,2.7,15,7.1,278,MM,MM,7.3,MM,MM,MM,MM
2026,05,14,03,56,MM,MM,MM,2.7,14,7.3,282,MM,MM,7.4,MM,MM,MM,MM
2026,05,14,03,26,MM,MM,MM,2.7,15,7.5,274,MM,MM,7.4,MM,MM,MM,MM
2026,05,14,02,56,MM,MM,MM,2.6,14,7.1,277,MM,MM,7.4,MM,MM,MM,MM
2026,05,14,02,26,MM,MM,MM,2.9,15,7.9,275,MM,MM,7.4,MM,MM,MM,MM
2026,05,14,01,56,MM,MM,MM,2.4,15,7.2,272,MM,MM,7.4,MM,MM,MM,MM
2026,05,14,01,26,MM,MM,MM,2.6,15,7.5,278,MM,MM,7.4,MM,MM,MM,MM
2026,05,14,00,56,MM,MM,MM,2.6,17,7.5,279,MM,MM,7.4,MM,MM,MM,MM
2026,05,14,00,26,MM,MM,MM,2.4,15,6.9,279,MM,MM,7.4,MM,MM,MM,MM
2026,05,13,23,56,MM,MM,MM,2.3,15,7.1,272,MM,MM,7.4,MM,MM,MM,MM
2026,05,13,23,26,MM,MM,MM,2.3,15,6.9,272,MM,MM,7.4,MM,MM,MM,MM
2026,05,13,22,56,MM,MM,MM,2.2,9,6.6,270,MM,MM,7.4,MM,MM,MM,MM
2026,05,13,22,26,MM,MM,MM,2.0,8,6.2,255,MM,MM,7.4,MM,MM,MM,MM
2026,05,13,21,56,MM,MM,MM,1.9,17,6.4,267,MM,MM,7.4,MM,MM,MM,MM
2026,05,13,21,26,MM,MM,MM,1.9,9,6.3,254,MM,MM,7.3,MM,MM,MM,MM
2026,05,13,20,56,MM,MM,MM,1.8,8,6.4,254,MM,MM,7.3,MM,MM,MM,MM
2026,05,13,20,26,MM,MM,MM,1.8,8,6.2,244,MM,MM,7.3,MM,MM,MM,MM
2026,05,13,19,56,MM,MM,MM,1.7,9,6.0,251,MM,MM,7.3,MM,MM,MM,MM
2026,05,13,19,26,MM,MM,MM,1.8,8,5.8,236,MM,MM,7.3,MM,MM,MM,MM
2026,05,13,18,56,MM,MM,MM,1.8,8,6.0,234,MM,MM,7.3,MM,MM,MM,MM
2026,05,13,18,26,MM,MM,MM,1.8,8,6.0,230,MM,MM,7.2,MM,MM,MM,MM
2026,05,13,17,56,MM,MM,MM,1.6,8,6.0,234,MM,MM,7.2,MM,MM,MM,MM
2026,05,13,17,26,MM,MM,MM,1.7,7,6.0,239,MM,MM,7.2,MM,MM,MM,MM
2026,05,13,16,56,MM,MM,MM,1.6,8,5.8,251,MM,MM,7.2,MM,MM,MM,MM
2026,05,13,16,26,MM,MM,MM,1.7,7,5.9,227,MM,MM,7.2,MM,MM,MM,MM
2026,05,13,15,56,MM,MM,MM,1.7,8,6.0,225,MM,MM,7.2,MM,MM,MM,MM
2026,05,13,15,26,MM,MM,MM,1.7,7,5.9,234,MM,MM,7.2,MM,MM,MM,MM
2026,05,13,14,56,MM,MM,MM,1.8,7,5.8,225,MM,MM,7.2,MM,MM,MM,MM
2026,05,13,14,26,MM,MM,MM,1.8,7,5.8,227,MM,MM,7.2,MM,MM,MM,MM
2026,05,13,13,56,MM,MM,MM,1.7,7,5.7,216,MM,MM,7.2,MM,MM,MM,MM
2026,05,13,13,26,MM,MM,MM,1.7,8,5.9,225,MM,MM,7.2,MM,MM,MM,MM
2026,05,13,12,56,MM,MM,MM,1.7,8,6.1,213,MM,MM,7.2,MM,MM,MM,MM
2026,05,13,12,26,MM,MM,MM,1.6,8,5.5,191,MM,MM,7.2,MM,MM,MM,MM
2026,05,13,11,56,MM,MM,MM,1.5,8,5.7,219,MM,MM,7.2,MM,MM,MM,MM
2026,05,13,11,26,MM,MM,MM,1.6,7,5.7,194,MM,MM,7.2,MM,MM,MM,MM
2026,05,13,10,56,MM,MM,MM,1.6,9,5.7,233,MM,MM,7.2,MM,MM,MM,MM
2026,05,13,10,26,MM,MM,MM,1.6,8,5.7,210,MM,MM,7.2,MM,MM,MM,MM
2026,05,13,09,56,MM,MM,MM,1.7,9,5.9,213,MM,MM,7.3,MM,MM,MM,MM
2026,05,13,09,26,MM,MM,MM,1.5,9,5.4,212,MM,MM,7.3,MM,MM,MM,MM
2026,05,13,08,56,MM,MM,MM,1.6,9,5.8,219,MM,MM,7.3,MM,MM,MM,MM
2026,05,13,08,26,MM,MM,MM,1.6,8,5.8,205,MM,MM,7.3,MM,MM,MM,MM
2026,05,13,07,56,MM,MM,MM,1.5,9,5.8,216,MM,MM,7.3,MM,MM,MM,MM
2026,05,13,07,26,MM,MM,MM,1.5,9,5.7,222,MM,MM,7.3,MM,MM,MM,MM
2026,05,13,06,56,MM,MM,MM,1.5,8,5.9,218,MM,MM,7.3,MM,MM,MM,MM
2026,05,13,06,26,MM,MM,MM,1.5,8,5.7,202,MM,MM,7.3,MM,MM,MM,MM
2026,05,13,05,56,MM,MM,MM,1.6,8,6.1,213,MM,MM,7.3,MM,MM,MM,MM
2026,05,13,05,26,MM,MM,MM,1.5,8,6.1,196,MM,MM,7.3,MM,MM,MM,MM
2026,05,13,04,56,MM,MM,MM,1.6,10,6.2,236,MM,MM,7.3,MM,MM,MM,MM
2026,05,13,04,26,MM,MM,MM,1.5,8,5.9,208,MM,MM,7.3,MM,MM,MM,MM
2026,05,13,03,56,MM,MM,MM,1.8,9,6.1,206,MM,MM,7.3,MM,MM,MM,MM
2026,05,13,03,26,MM,MM,MM,1.6,9,5.8,222,MM,MM,7.3,MM,MM,MM,MM
2026,05,13,02,56,MM,MM,MM,1.7,8,6.0,191,MM,MM,7.3,MM,MM,MM,MM
2026,05,13,02,26,MM,MM,MM,1.7,8,5.8,195,MM,MM,7.3,MM,MM,MM,MM
2026,05,13,01,56,MM,MM,MM,1.6,8,5.8,215,MM,MM,7.3,MM,MM,MM,MM
2026,05,13,01,26,MM,MM,MM,1.8,9,6.3,213,MM,MM,7.3,MM,MM,MM,MM
2026,05,13,00,56,MM,MM,MM,1.7,9,6.0,213,MM,MM,7.3,MM,MM,MM,MM
2026,05,13,00,26,MM,MM,MM,1.7,9,6.3,226,MM,MM,7.3,MM,MM,MM,MM
2026,05,12,23,56,MM,MM,MM,1.7,9,6.4,206,MM,MM,7.3,MM,MM,MM,MM
2026,05,12,23,26,MM,MM,MM,1.7,9,6.5,212,MM,MM,7.3,MM,MM,MM,MM
2026,05,12,22,56,MM,MM,MM,1.7,9,6.3,201,MM,MM,7.3,MM,MM,MM,MM
2026,05,12,22,26,MM,MM,MM,1.7,9,6.6,222,MM,MM,7.3,MM,MM,MM,MM
2026,05,12,21,56,MM,MM,MM,1.9,10,6.9,230,MM,MM,7.3,MM,MM,MM,MM
2026,05,12,21,26,MM,MM,MM,1.8,9,6.8,206,MM,MM,7.3,MM,MM,MM,MM
2026,05,12,20,56,MM,MM,MM,1.8,8,6.4,184,MM,MM,7.2,MM,MM,MM,MM
2026,05,12,20,26,MM,MM,MM,1.8,8,6.6,177,MM,MM,7.2,MM,MM,MM,MM
2026,05,12,19,56,MM,MM,MM,1.9,10,6.9,218,MM,MM,7.1,MM,MM,MM,MM
2026,05,12,19,26,MM,MM,MM,1.9,10,7.0,222,MM,MM,7.1,MM,MM,MM,MM
2026,05,12,18,56,MM,MM,MM,1.8,9,6.8,195,MM,MM,7.1,MM,MM,MM,MM
2026,05,12,18,26,MM,MM,MM,1.9,9,7.1,196,MM,MM,7.1,MM,MM,MM,MM
2026,05,12,17,56,MM,MM,MM,1.9,10,7.0,196,MM,MM,7.1,MM,MM,MM,MM
2026,05,12,17,26,MM,MM,MM,2.0,9,7.1,194,MM,MM,7.1,MM,MM,MM,MM
2026,05,12,16,56,MM,MM,MM,1.8,11,6.9,206,MM,MM,7.1,MM,MM,MM,MM
2026,05,12,16,26,MM,MM,MM,2.0,9,7.2,191,MM,MM,7.1,MM,MM,MM,MM
2026,05,12,15,56,MM,MM,MM,2.0,10,7.2,185,MM,MM,7.1,MM,MM,MM,MM
2026,05,12,15,26,MM,MM,MM,1.9,8,6.9,175,MM,MM,7.1,MM,MM,MM,MM
2026,05,12,14,56,MM,MM,MM,2.1,9,7.1,184,MM,MM,7.1,MM,MM,MM,MM
2026,05,12,14,26,MM,MM,MM,2.1,9,7.2,194,MM,MM,7.1,MM,MM,MM,MM
2026,05,12,13,56,MM,MM,MM,2.0,8,7.0,180,MM,MM,7.1,MM,MM,MM,MM
2026,05,12,13,26,MM,MM,MM,2.0,9,6.9,194,MM,MM,7.1,MM,MM,MM,MM
2026,05,12,12,56,MM,MM,MM,2.1,9,7.1,168,MM,MM,7.1,MM,MM,MM,MM
2026,05,12,12,26,MM,MM,MM,2.2,10,7.1,191,MM,MM,7.1,MM,MM,MM,MM
2026,05,12,11,56,MM,MM,MM,2.3,9,7.1,189,MM,MM,7.1,MM,MM,MM,MM
2026,05,12,11,26,MM,MM,MM,2.2,10,7.1,202,MM,MM,7.1,MM,MM,MM,MM
2026,05,12,10,56,MM,MM,MM,2.1,11,7.3,226,MM,MM,7.1,MM,MM,MM,MM
2026,05,12,10,26,MM,MM,MM,2.3,9,7.1,199,MM,MM,7.1,MM,MM,MM,MM
2026,05,12,09,56,MM,MM,MM,2.3,8,7.2,167,MM,MM,7.1,MM,MM,MM,MM
2026,05,12,09,26,MM,MM,MM,2.3,8,7.1,181,MM,MM,7.1,MM,MM,MM,MM
2026,05,12,08,56,MM,MM,MM,2.3,8,7.2,181,MM,MM,7.1,MM,MM,MM,MM
2026,05,12,08,26,MM,MM,MM,2.4,8,7.2,185,MM,MM,7.1,MM,MM,MM,MM
2026,05,12,07,56,MM,MM,MM,2.4,9,7.3,195,MM,MM,7.1,MM,MM,MM,MM
2026,05,12,07,26,MM,MM,MM,2.3,9,7.3,202,MM,MM,7.1,MM,MM,MM,MM
2026,05,12,06,56,MM,MM,MM,2.2,10,7.2,222,MM,MM,7.1,MM,MM,MM,MM
2026,05,12,06,26,MM,MM,MM,2.4,9,7.2,205,MM,MM,7.1,MM,MM,MM,MM
2026,05,12,05,56,MM,MM,MM,2.2,10,7.1,218,MM,MM,7.1,MM,MM,MM,MM
2026,05,12,05,26,MM,MM,MM,2.3,9,7.1,203,MM,MM,7.1,MM,MM,MM,MM
2026,05,12,04,56,MM,MM,MM,2.2,8,7.1,185,MM,MM,7.1,MM,MM,MM,MM
2026,05,12,04,26,MM,MM,MM,2.3,9,7.2,201,MM,MM,7.1,MM,MM,MM,MM
2026,05,12,03,56,MM,MM,MM,2.1,9,7.2,195,MM,MM,7.1,MM,MM,MM,MM
2026,05,12,03,26,MM,MM,MM,2.3,9,7.3,198,MM,MM,7.2,MM,MM,MM,MM
2026,05,12,02,56,MM,MM,MM,2.2,8,7.3,182,MM,MM,7.2,MM,MM,MM,MM
2026,05,12,02,26,MM,MM,MM,2.2,9,7.4,199,MM,MM,7.2,MM,MM,MM,MM
2026,05,12,01,56,MM,MM,MM,2.1,9,7.2,195,MM,MM,7.2,MM,MM,MM,MM
2026,05,12,01,26,MM,MM,MM,2.3,8,7.3,182,MM,MM,7.2,MM,MM,MM,MM
2026,05,12,00,56,MM,MM,MM,2.1,9,7.2,187,MM,MM,7.2,MM,MM,MM,MM
2026,05,12,00,26,MM,MM,MM,2.3,8,7.2,184,MM,MM,7.2,MM,MM,MM,MM
2026,05,11,23,56,MM,MM,MM,2.2,8,7.0,184,MM,MM,7.2,MM,MM,MM,MM
2026,05,11,23,26,MM,MM,MM,2.3,8,7.2,187,MM,MM,7.2,MM,MM,MM,MM
2026,05,11,22,56,MM,MM,MM,2.4,8,7.0,185,MM,MM,7.2,MM,MM,MM,MM
2026,05,11,22,26,MM,MM,MM,2.3,8,6.8,180,MM,MM,7.1,MM,MM,MM,MM
2026,05,11,21,56,MM,MM,MM,2.4,8,6.9,189,MM,MM,7.1,MM,MM,MM,MM
2026,05,11,21,26,MM,MM,MM,2.4,9,6.9,184,MM,MM,7.0,MM,MM,MM,MM
2026,05,11,20,56,MM,MM,MM,2.2,8,6.7,181,MM,MM,7.0,MM,MM,MM,MM
2026,05,11,20,26,MM,MM,MM,2.0,8,6.2,184,MM,MM,7.0,MM,MM,MM,MM
2026,05,11,19,56,MM,MM,MM,2.1,8,6.4,181,MM,MM,7.0,MM,MM,MM,MM
2026,05,11,19,26,MM,MM,MM,2.2,8,6.2,182,MM,MM,7.0,MM,MM,MM,MM
2026,05,11,18,56,MM,MM,MM,2.2,6,6.2,137,MM,MM,6.9,MM,MM,MM,MM
2026,05,11,18,26,MM,MM,MM,2.2,8,6.0,175,MM,MM,6.9,MM,MM,MM,MM
2026,05,11,17,56,MM,MM,MM,2.2,8,6.2,187,MM,MM,6.9,MM,MM,MM,MM
2026,05,11,17,26,MM,MM,MM,2.2,8,6.1,185,MM,MM,6.9,MM,MM,MM,MM
2026,05,11,16,56,MM,MM,MM,2.2,8,6.0,194,MM,MM,6.9,MM,MM,MM,MM
2026,05,11,16,26,MM,MM,MM,2.2,8,6.1,188,MM,MM,6.9,MM,MM,MM,MM
2026,05,11,15,56,MM,MM,MM,2.2,8,5.9,195,MM,MM,6.9,MM,MM,MM,MM
2026,05,11,15,26,MM,MM,MM,2.2,8,6.0,184,MM,MM,6.9,MM,MM,MM,MM
2026,05,11,14,56,MM,MM,MM,2.2,8,5.9,178,MM,MM,6.9,MM,MM,MM,MM
2026,05,11,14,26,MM,MM,MM,2.2,8,5.8,187,MM,MM,6.9,MM,MM,MM,MM
2026,05,11,13,56,MM,MM,MM,2.2,6,5.7,149,MM,MM,6.9,MM,MM,MM,MM
2026,05,11,13,26,MM,MM,MM,2.1,7,5.8,180,MM,MM,6.9,MM,MM,MM,MM
2026,05,11,12,56,MM,MM,MM,2.1,10,5.8,263,MM,MM,6.9,MM,MM,MM,MM
2026,05,11,12,26,MM,MM,MM,2.0,7,5.8,188,MM,MM,6.9,MM,MM,MM,MM
2026,05,11,11,56,MM,MM,MM,1.9,7,5.7,203,MM,MM,6.9,MM,MM,MM,MM
2026,05,11,11,26,MM,MM,MM,1.9,7,5.6,178,MM,MM,6.9,MM,MM,MM,MM
2026,05,11,10,56,MM,MM,MM,1.8,11,5.7,270,MM,MM,6.9,MM,MM,MM,MM
2026,05,11,10,26,MM,MM,MM,1.8,7,5.7,199,MM,MM,6.9,MM,MM,MM,MM
2026,05,11,09,56,MM,MM,MM,1.8,10,5.8,265,MM,MM,6.9,MM,MM,MM,MM
2026,05,11,09,26,MM,MM,MM,1.8,12,5.9,240,MM,MM,6.9,MM,MM,MM,MM
2026,05,11,08,56,MM,MM,MM,1.7,12,5.8,265,MM,MM,6.9,MM,MM,MM,MM
2026,05,11,08,26,MM,MM,MM,1.9,11,6.1,272,MM,MM,6.9,MM,MM,MM,MM
2026,05,11,07,56,MM,MM,MM,1.6,11,6.0,265,MM,MM,6.9,MM,MM,MM,MM
2026,05,11,07,26,MM,MM,MM,1.8,11,6.2,272,MM,MM,7.0,MM,MM,MM,MM
2026,05,11,06,56,MM,MM,MM,1.8,11,6.4,258,MM,MM,7.0,MM,MM,MM,MM
2026,05,11,06,26,MM,MM,MM,1.8,12,6.1,284,MM,MM,7.0,MM,MM,MM,MM
2026,05,11,05,56,MM,MM,MM,1.8,10,6.1,257,MM,MM,7.0,MM,MM,MM,MM
2026,05,11,05,26,MM,MM,MM,1.8,12,6.2,288,MM,MM,7.0,MM,MM,MM,MM
2026,05,11,04,56,MM,MM,MM,1.8,11,6.3,267,MM,MM,7.1,MM,MM,MM,MM
2026,05,11,04,26,MM,MM,MM,1.9,11,6.4,278,MM,MM,7.1,MM,MM,MM,MM
2026,05,11,03,56,MM,MM,MM,1.9,10,6.5,264,MM,MM,7.1,MM,MM,MM,MM
2026,05,11,03,26,MM,MM,MM,1.9,10,6.7,257,MM,MM,7.1,MM,MM,MM,MM
2026,05,11,02,56,MM,MM,MM,1.9,10,6.7,268,MM,MM,7.1,MM,MM,MM,MM
2026,05,11,02,26,MM,MM,MM,2.0,10,6.9,260,MM,MM,7.2,MM,MM,MM,MM
2026,05,11,01,56,MM,MM,MM,2.0,11,7.2,270,MM,MM,7.1,MM,MM,MM,MM
2026,05,11,01,26,MM,MM,MM,1.9,10,7.1,251,MM,MM,7.1,MM,MM,MM,MM
2026,05,11,00,56,MM,MM,MM,2.1,10,7.2,251,MM,MM,7.1,MM,MM,MM,MM
2026,05,11,00,26,MM,MM,MM,2.1,11,7.7,263,MM,MM,7.2,MM,MM,MM,MM
2026,05,10,23,56,MM,MM,MM,2.1,11,7.7,271,MM,MM,7.2,MM,MM,MM,MM
2026,05,10,23,26,MM,MM,MM,2.2,12,7.7,260,MM,MM,7.1,MM,MM,MM,MM
2026,05,10,22,56,MM,MM,MM,2.2,11,7.7,258,MM,MM,7.1,MM,MM,MM,MM
2026,05,10,22,26,MM,MM,MM,2.1,9,7.5,248,MM,MM,7.1,MM,MM,MM,MM
2026,05,10,21,56,MM,MM,MM,2.2,11,7.7,258,MM,MM,7.1,MM,MM,MM,MM
2026,05,10,21,26,MM,MM,MM,2.0,11,7.6,265,MM,MM,7.0,MM,MM,MM,MM
2026,05,10,20,56,MM,MM,MM,2.3,11,7.6,263,MM,MM,7.0,MM,MM,MM,MM
2026,05,10,20,26,MM,MM,MM,2.1,11,7.5,270,MM,MM,6.9,MM,MM,MM,MM
2026,05,10,19,56,MM,MM,MM,2.1,11,7.4,265,MM,MM,6.9,MM,MM,MM,MM
2026,05,10,19,26,MM,MM,MM,2.0,8,7.0,229,MM,MM,6.8,MM,MM,MM,MM
2026,05,10,18,56,MM,MM,MM,2.3,11,7.7,261,MM,MM,6.8,MM,MM,MM,MM
2026,05,10,18,26,MM,MM,MM,2.0,9,7.0,239,MM,MM,6.8,MM,MM,MM,MM
2026,05,10,17,56,MM,MM,MM,2.3,10,7.6,260,MM,MM,6.7,MM,MM,MM,MM
2026,05,10,17,26,MM,MM,MM,2.2,8,7.1,263,MM,MM,6.7,MM,MM,MM,MM
2026,05,10,16,56,MM,MM,MM,2.1,10,7.2,254,MM,MM,6.7,MM,MM,MM,MM
2026,05,10,16,26,MM,MM,MM,2.3,11,7.1,260,MM,MM,6.7,MM,MM,MM,MM
2026,05,10,15,56,MM,MM,MM,2.4,11,7.2,243,MM,MM,6.7,MM,MM,MM,MM
2026,05,10,15,26,MM,MM,MM,2.3,11,7.2,255,MM,MM,6.7,MM,MM,MM,MM
2026,05,10,14,56,MM,MM,MM,2.5,11,7.2,255,MM,MM,6.7,MM,MM,MM,MM
2026,05,10,14,26,MM,MM,MM,2.4,10,7.2,232,MM,MM,6.7,MM,MM,MM,MM
2026,05,10,13,56,MM,MM,MM,2.4,9,7.1,232,MM,MM,6.7,MM,MM,MM,MM
2026,05,10,13,26,MM,MM,MM,2.3,9,7.1,226,MM,MM,6.7,MM,MM,MM,MM
2026,05,10,12,56,MM,MM,MM,2.6,9,7.4,241,MM,MM,6.7,MM,MM,MM,MM
2026,05,10,12,26,MM,MM,MM,2.4,9,7.5,227,MM,MM,6.7,MM,MM,MM,MM
2026,05,10,11,56,MM,MM,MM,2.6,9,7.5,229,MM,MM,6.7,MM,MM,MM,MM
2026,05,10,11,26,MM,MM,MM,2.4,11,7.3,246,MM,MM,6.7,MM,MM,MM,MM
2026,05,10,10,56,MM,MM,MM,2.2,10,7.3,244,MM,MM,6.7,MM,MM,MM,MM
2026,05,10,10,26,MM,MM,MM,2.3,9,7.3,226,MM,MM,6.7,MM,MM,MM,MM
2026,05,10,09,56,MM,MM,MM,2.4,10,7.2,236,MM,MM,6.7,MM,MM,MM,MM
2026,05,10,09,26,MM,MM,MM,2.4,10,7.6,237,MM,MM,6.7,MM,MM,MM,MM
2026,05,10,08,56,MM,MM,MM,2.4,10,7.3,243,MM,MM,6.7,MM,MM,MM,MM
2026,05,10,08,26,MM,MM,MM,2.6,10,7.4,225,MM,MM,6.7,MM,MM,MM,MM
2026,05,10,07,26,MM,MM,MM,2.6,11,7.3,247,MM,MM,6.7,MM,MM,MM,MM
2026,05,10,06,56,MM,MM,MM,2.4,10,7.1,215,MM,MM,6.7,MM,MM,MM,MM
2026,05,10,06,26,MM,MM,MM,2.5,11,7.1,232,MM,MM,6.7,MM,MM,MM,MM
2026,05,10,05,56,MM,MM,MM,2.5,10,6.9,213,MM,MM,6.7,MM,MM,MM,MM
2026,05,10,05,26,MM,MM,MM,2.6,10,7.3,212,MM,MM,6.7,MM,MM,MM,MM
2026,05,10,04,56,MM,MM,MM,2.5,11,7.2,223,MM,MM,6.7,MM,MM,MM,MM
2026,05,10,04,26,MM,MM,MM,2.7,10,7.1,213,MM,MM,6.7,MM,MM,MM,MM
2026,05,10,03,56,MM,MM,MM,2.8,9,7.0,216,MM,MM,6.7,MM,MM,MM,MM
2026,05,10,03,26,MM,MM,MM,2.8,11,7.2,227,MM,MM,6.7,MM,MM,MM,MM
2026,05,10,02,56,MM,MM,MM,2.8,11,7.2,218,MM,MM,6.7,MM,MM,MM,MM
2026,05,10,02,26,MM,MM,MM,3.1,10,7.2,205,MM,MM,6.7,MM,MM,MM,MM
2026,05,10,01,56,MM,MM,MM,3.1,11,7.2,223,MM,MM,6.7,MM,MM,MM,MM
2026,05,10,01,26,MM,MM,MM,3.2,10,7.3,201,MM,MM,6.7,MM,MM,MM,MM
2026,05,10,00,56,MM,MM,MM,3.1,10,7.0,196,MM,MM,6.7,MM,MM,MM,MM
2026,05,10,00,26,MM,MM,MM,3.2,11,7.2,216,MM,MM,6.7,MM,MM,MM,MM
2026,05,09,23,56,MM,MM,MM,3.1,10,7.1,198,MM,MM,6.7,MM,MM,MM,MM
2026,05,09,23,26,MM,MM,MM,3.1,10,7.0,202,MM,MM,6.7,MM,MM,MM,MM
2026,05,09,22,56,MM,MM,MM,3.4,10,7.3,201,MM,MM,6.7,MM,MM,MM,MM
2026,05,09,22,26,MM,MM,MM,3.5,10,7.5,191,MM,MM,6.7,MM,MM,MM,MM
2026,05,09,21,56,MM,MM,MM,3.4,10,7.4,198,MM,MM,6.7,MM,MM,MM,MM
2026,05,09,21,26,MM,MM,MM,3.2,11,7.3,202,MM,MM,6.7,MM,MM,MM,MM
2026,05,09,20,56,MM,MM,MM,3.2,10,7.2,199,MM,MM,6.7,MM,MM,MM,MM
2026,05,09,20,26,MM,MM,MM,3.3,10,7.1,201,MM,MM,6.7,MM,MM,MM,MM
2026,05,09,19,56,MM,MM,MM,3.0,10,7.0,191,MM,MM,6.7,MM,MM,MM,MM
2026,05,09,19,26,MM,MM,MM,3.1,11,7.0,191,MM,MM,6.7,MM,MM,MM,MM
2026,05,09,18,56,MM,MM,MM,3.2,10,6.9,184,MM,MM,6.7,MM,MM,MM,MM
2026,05,09,18,26,MM,MM,MM,3.1,11,7.0,194,MM,MM,6.7,MM,MM,MM,MM
2026,05,09,17,56,MM,MM,MM,3.1,11,7.2,198,MM,MM,6.7,MM,MM,MM,MM
2026,05,09,17,26,MM,MM,MM,3.1,10,7.2,195,MM,MM,6.6,MM,MM,MM,MM
2026,05,09,16,56,MM,MM,MM,3.3,11,7.5,187,MM,MM,6.6,MM,MM,MM,MM
2026,05,09,16,26,MM,MM,MM,3.2,10,7.1,201,MM,MM,6.7,MM,MM,MM,MM
2026,05,09,15,56,MM,MM,MM,3.3,10,7.5,191,MM,MM,6.6,MM,MM,MM,MM
2026,05,09,15,26,MM,MM,MM,3.2,11,7.1,182,MM,MM,6.6,MM,MM,MM,MM
2026,05,09,14,56,MM,MM,MM,3.1,11,7.2,188,MM,MM,6.6,MM,MM,MM,MM
2026,05,09,14,26,MM,MM,MM,3.4,10,7.5,198,MM,MM,6.6,MM,MM,MM,MM
2026,05,09,13,56,MM,MM,MM,3.7,11,7.6,191,MM,MM,6.6,MM,MM,MM,MM
2026,05,09,13,26,MM,MM,MM,3.6,11,7.6,188,MM,MM,6.6,MM,MM,MM,MM
2026,05,09,12,56,MM,MM,MM,3.4,11,7.4,180,MM,MM,6.6,MM,MM,MM,MM
2026,05,09,12,26,MM,MM,MM,3.9,11,8.0,185,MM,MM,6.6,MM,MM,MM,MM
2026,05,09,11,56,MM,MM,MM,3.8,10,7.7,191,MM,MM,6.6,MM,MM,MM,MM
2026,05,09,11,26,MM,MM,MM,3.9,11,7.6,178,MM,MM,6.6,MM,MM,MM,MM
2026,05,09,10,56,MM,MM,MM,4.0,11,7.8,181,MM,MM,6.6,MM,MM,MM,MM
2026,05,09,10,26,MM,MM,MM,4.3,11,8.0,182,MM,MM,6.6,MM,MM,MM,MM
2026,05,09,09,56,MM,MM,MM,3.8,10,7.3,202,MM,MM,6.6,MM,MM,MM,MM
2026,05,09,09,26,MM,MM,MM,4.1,11,8.0,178,MM,MM,6.6,MM,MM,MM,MM
2026,05,09,08,56,MM,MM,MM,4.3,11,7.8,175,MM,MM,6.6,MM,MM,MM,MM
2026,05,09,08,26,MM,MM,MM,4.0,11,7.5,180,MM,MM,6.6,MM,MM,MM,MM
2026,05,09,07,56,MM,MM,MM,4.1,11,7.8,182,MM,MM,6.6,MM,MM,MM,MM
2026,05,09,07,26,MM,MM,MM,4.2,11,7.7,187,MM,MM,6.6,MM,MM,MM,MM
2026,05,09,06,56,MM,MM,MM,4.0,10,7.5,199,MM,MM,6.6,MM,MM,MM,MM
2026,05,09,06,26,MM,MM,MM,4.3,11,7.7,184,MM,MM,6.6,MM,MM,MM,MM
2026,05,09,05,56,MM,MM,MM,4.1,10,7.4,182,MM,MM,6.6,MM,MM,MM,MM
2026,05,09,05,26,MM,MM,MM,4.3,11,7.6,175,MM,MM,6.7,MM,MM,MM,MM
2026,05,09,04,56,MM,MM,MM,4.4,11,7.6,181,MM,MM,6.7,MM,MM,MM,MM
2026,05,09,04,26,MM,MM,MM,4.4,11,7.6,178,MM,MM,6.7,MM,MM,MM,MM
2026,05,09,03,26,MM,MM,MM,4.6,11,7.8,175,MM,MM,6.7,MM,MM,MM,MM
2026,05,09,02,56,MM,MM,MM,4.5,11,7.7,174,MM,MM,6.7,MM,MM,MM,MM
2026,05,09,02,26,MM,MM,MM,4.6,11,7.8,187,MM,MM,6.7,MM,MM,MM,MM
2026,05,09,01,56,MM,MM,MM,4.6,11,8.0,182,MM,MM,6.7,MM,MM,MM,MM
2026,05,09,01,26,MM,MM,MM,4.6,11,8.1,180,MM,MM,6.7,MM,MM,MM,MM
2026,05,09,00,56,MM,MM,MM,4.8,11,8.1,171,MM,MM,6.7,MM,MM,MM,MM
2026,05,09,00,26,MM,MM,MM,4.8,12,8.2,180,MM,MM,6.7,MM,MM,MM,MM
2026,05,08,23,56,MM,MM,MM,4.7,13,8.3,173,MM,MM,6.7,MM,MM,MM,MM
2026,05,08,23,26,MM,MM,MM,4.7,12,8.2,173,MM,MM,6.7,MM,MM,MM,MM
2026,05,08,22,56,MM,MM,MM,4.1,10,7.8,161,MM,MM,6.7,MM,MM,MM,MM
2026,05,08,22,26,MM,MM,MM,4.5,12,8.0,173,MM,MM,6.7,MM,MM,MM,MM
2026,05,08,21,56,MM,MM,MM,5.0,10,8.3,157,MM,MM,6.7,MM,MM,MM,MM
2026,05,08,21,26,MM,MM,MM,4.6,11,7.9,161,MM,MM,6.7,MM,MM,MM,MM
2026,05,08,20,56,MM,MM,MM,4.3,11,7.8,168,MM,MM,6.7,MM,MM,MM,MM
2026,05,08,20,26,MM,MM,MM,4.3,11,7.8,135,MM,MM,6.7,MM,MM,MM,MM
2026,05,08,19,56,MM,MM,MM,4.1,10,7.6,146,MM,MM,6.7,MM,MM,MM,MM
2026,05,08,19,26,MM,MM,MM,4.0,11,7.8,158,MM,MM,6.7,MM,MM,MM,MM
2026,05,08,18,56,MM,MM,MM,3.9,12,7.7,165,MM,MM,6.7,MM,MM,MM,MM
2026,05,08,18,26,MM,MM,MM,4.0,11,7.6,156,MM,MM,6.7,MM,MM,MM,MM
2026,05,08,17,56,MM,MM,MM,3.5,11,7.1,149,MM,MM,6.7,MM,MM,MM,MM
2026,05,08,17,26,MM,MM,MM,3.8,11,7.6,146,MM,MM,6.7,MM,MM,MM,MM
2026,05,08,16,56,MM,MM,MM,3.6,11,7.5,164,MM,MM,6.7,MM,MM,MM,MM
2026,05,08,16,26,MM,MM,MM,3.8,11,7.9,158,MM,MM,6.7,MM,MM,MM,MM
2026,05,08,15,56,MM,MM,MM,3.5,10,7.7,140,MM,MM,6.7,MM,MM,MM,MM
2026,05,08,15,26,MM,MM,MM,3.9,10,8.1,137,MM,MM,6.7,MM,MM,MM,MM
2026,05,08,14,56,MM,MM,MM,3.8,11,8.1,157,MM,MM,6.7,MM,MM,MM,MM
2026,05,08,14,26,MM,MM,MM,3.7,11,8.1,153,MM,MM,6.7,MM,MM,MM,MM
2026,05,08,13,56,MM,MM,MM,4.2,11,8.5,163,MM,MM,6.7,MM,MM,MM,MM
2026,05,08,13,26,MM,MM,MM,3.7,11,8.1,165,MM,MM,6.6,MM,MM,MM,MM
2026,05,08,12,56,MM,MM,MM,4.2,11,8.6,151,MM,MM,6.6,MM,MM,MM,MM
2026,05,08,12,26,MM,MM,MM,4.2,11,8.4,153,MM,MM,6.6,MM,MM,MM,MM
2026,05,08,11,56,MM,MM,MM,4.3,11,8.6,170,MM,MM,6.7,MM,MM,MM,MM
2026,05,08,11,26,MM,MM,MM,4.0,10,8.1,132,MM,MM,6.7,MM,MM,MM,MM
2026,05,08,10,56,MM,MM,MM,4.1,11,8.1,164,MM,MM,6.6,MM,MM,MM,MM
2026,05,08,10,26,MM,MM,MM,4.3,11,8.4,156,MM,MM,6.7,MM,MM,MM,MM
2026,05,08,09,56,MM,MM,MM,4.0,11,8.0,156,MM,MM,6.7,MM,MM,MM,MM
2026,05,08,09,26,MM,MM,MM,4.6,11,8.3,165,MM,MM,6.7,MM,MM,MM,MM
2026,05,08,08,56,MM,MM,MM,4.3,10,8.2,150,MM,MM,6.7,MM,MM,MM,MM
2026,05,08,08,26,MM,MM,MM,4.0,10,7.6,142,MM,MM,6.7,MM,MM,MM,MM
2026,05,08,07,56,MM,MM,MM,4.1,11,7.8,167,MM,MM,6.7,MM,MM,MM,MM
2026,05,08,07,26,MM,MM,MM,4.2,11,7.9,153,MM,MM,6.7,MM,MM,MM,MM
2026,05,08,06,56,MM,MM,MM,4.7,10,8.1,147,MM,MM,6.7,MM,MM,MM,MM
2026,05,08,06,26,MM,MM,MM,4.2,11,7.7,153,MM,MM,6.7,MM,MM,MM,MM
2026,05,08,05,56,MM,MM,MM,4.1,9,7.7,146,MM,MM,6.7,MM,MM,MM,MM
2026,05,08,05,26,MM,MM,MM,4.3,10,7.7,158,MM,MM,6.7,MM,MM,MM,MM
2026,05,08,04,56,MM,MM,MM,4.2,9,7.5,142,MM,MM,6.7,MM,MM,MM,MM
2026,05,08,04,26,MM,MM,MM,4.2,10,7.6,165,MM,MM,6.7,MM,MM,MM,MM
2026,05,08,03,56,MM,MM,MM,3.9,9,7.3,137,MM,MM,6.7,MM,MM,MM,MM
2026,05,08,03,26,MM,MM,MM,3.7,9,7.2,150,MM,MM,6.7,MM,MM,MM,MM
2026,05,08,02,56,MM,MM,MM,4.0,8,7.3,136,MM,MM,6.7,MM,MM,MM,MM
2026,05,08,02,26,MM,MM,MM,3.7,8,7.1,143,MM,MM,6.6,MM,MM,MM,MM
2026,05,08,01,56,MM,MM,MM,3.9,8,7.0,137,MM,MM,6.7,MM,MM,MM,MM
2026,05,08,01,26,MM,MM,MM,3.7,8,7.0,153,MM,MM,6.7,MM,MM,MM,MM
2026,05,08,00,56,MM,MM,MM,3.7,8,7.0,144,MM,MM,6.6,MM,MM,MM,MM
2026,05,08,00,26,MM,MM,MM,3.5,8,7.0,156,MM,MM,6.6,MM,MM,MM,MM
2026,05,07,23,56,MM,MM,MM,3.5,8,6.7,143,MM,MM,6.6,MM,MM,MM,MM
2026,05,07,23,26,MM,MM,MM,3.4,8,6.6,150,MM,MM,6.6,MM,MM,MM,MM
2026,05,07,22,56,MM,MM,MM,3.6,8,6.8,168,MM,MM,6.6,MM,MM,MM,MM
2026,05,07,22,26,MM,MM,MM,3.5,8,6.6,173,MM,MM,6.6,MM,MM,MM,MM
2026,05,07,21,56,MM,MM,MM,3.4,8,6.7,171,MM,MM,6.6,MM,MM,MM,MM
2026,05,07,21,26,MM,MM,MM,3.1,8,6.4,173,MM,MM,6.6,MM,MM,MM,MM
2026,05,07,20,56,MM,MM,MM,2.9,8,6.4,171,MM,MM,6.5,MM,MM,MM,MM
2026,05,07,20,26,MM,MM,MM,3.0,8,6.5,170,MM,MM,6.5,MM,MM,MM,MM
2026,05,07,19,56,MM,MM,MM,2.8,8,6.4,174,MM,MM,6.5,MM,MM,MM,MM
2026,05,07,19,26,MM,MM,MM,2.8,8,6.0,167,MM,MM,6.5,MM,MM,MM,MM
2026,05,07,18,56,MM,MM,MM,2.7,8,6.1,168,MM,MM,6.5,MM,MM,MM,MM
2026,05,07,18,26,MM,MM,MM,2.7,8,6.2,165,MM,MM,6.5,MM,MM,MM,MM
2026,05,07,17,56,MM,MM,MM,2.9,8,6.4,165,MM,MM,6.5,MM,MM,MM,MM
2026,05,07,17,26,MM,MM,MM,2.9,8,6.2,173,MM,MM,6.5,MM,MM,MM,MM
2026,05,07,16,56,MM,MM,MM,2.8,8,6.5,165,MM,MM,6.5,MM,MM,MM,MM
2026,05,07,16,26,MM,MM,MM,2.8,8,6.2,173,MM,MM,6.5,MM,MM,MM,MM
2026,05,07,15,56,MM,MM,MM,2.8,8,6.4,161,MM,MM,6.5,MM,MM,MM,MM
2026,05,07,15,26,MM,MM,MM,2.7,8,6.4,167,MM,MM,6.5,MM,MM,MM,MM
2026,05,07,14,56,MM,MM,MM,2.8,15,6.5,268,MM,MM,6.5,MM,MM,MM,MM
2026,05,07,14,26,MM,MM,MM,2.6,9,6.5,173,MM,MM,6.5,MM,MM,MM,MM
2026,05,07,13,56,MM,MM,MM,2.9,8,6.7,171,MM,MM,6.5,MM,MM,MM,MM
2026,05,07,13,26,MM,MM,MM,2.7,8,6.5,168,MM,MM,6.5,MM,MM,MM,MM
2026,05,07,12,56,MM,MM,MM,2.8,8,6.6,167,MM,MM,6.5,MM,MM,MM,MM
2026,05,07,12,26,MM,MM,MM,3.0,9,6.9,174,MM,MM,6.6,MM,MM,MM,MM
2026,05,07,11,56,MM,MM,MM,3.1,8,6.8,173,MM,MM,6.6,MM,MM,MM,MM
2026,05,07,11,26,MM,MM,MM,3.1,9,6.8,167,MM,MM,6.6,MM,MM,MM,MM
2026,05,07,10,56,MM,MM,MM,3.1,8,6.8,163,MM,MM,6.6,MM,MM,MM,MM
2026,05,07,10,26,MM,MM,MM,3.0,8,6.6,163,MM,MM,6.6,MM,MM,MM,MM
2026,05,07,09,56,MM,MM,MM,3.0,8,6.7,167,MM,MM,6.6,MM,MM,MM,MM
2026,05,07,09,26,MM,MM,MM,3.2,8,7.0,163,MM,MM,6.6,MM,MM,MM,MM
2026,05,07,08,56,MM,MM,MM,3.3,8,7.0,171,MM,MM,6.6,MM,MM,MM,MM
2026,05,07,08,26,MM,MM,MM,3.0,8,6.6,167,MM,MM,6.6,MM,MM,MM,MM
2026,05,07,07,56,MM,MM,MM,2.9,8,6.6,165,MM,MM,6.6,MM,MM,MM,MM
2026,05,07,07,26,MM,MM,MM,3.1,7,6.5,150,MM,MM,6.6,MM,MM,MM,MM
2026,05,07,06,56,MM,MM,MM,2.4,15,6.0,281,MM,MM,6.6,MM,MM,MM,MM
2026,05,07,06,26,MM,MM,MM,2.6,6,6.2,140,MM,MM,6.6,MM,MM,MM,MM
2026,05,07,05,56,MM,MM,MM,2.4,6,5.9,129,MM,MM,6.6,MM,MM,MM,MM
2026,05,07,05,26,MM,MM,MM,2.4,17,6.0,278,MM,MM,6.6,MM,MM,MM,MM
2026,05,07,04,56,MM,MM,MM,2.2,15,5.8,271,MM,MM,6.6,MM,MM,MM,MM
2026,05,07,04,26,MM,MM,MM,2.2,15,5.7,281,MM,MM,6.6,MM,MM,MM,MM
2026,05,07,03,56,MM,MM,MM,2.0,17,5.6,277,MM,MM,6.6,MM,MM,MM,MM
2026,05,07,03,26,MM,MM,MM,1.9,17,5.8,272,MM,MM,6.6,MM,MM,MM,MM
2026,05,07,02,56,MM,MM,MM,1.8,17,5.5,275,MM,MM,6.6,MM,MM,MM,MM
2026,05,07,02,26,MM,MM,MM,1.7,17,5.5,282,MM,MM,6.7,MM,MM,MM,MM
2026,05,07,01,56,MM,MM,MM,1.7,18,6.0,281,MM,MM,6.7,MM,MM,MM,MM
2026,05,07,01,26,MM,MM,MM,1.7,17,6.0,267,MM,MM,6.7,MM,MM,MM,MM
2026,05,07,00,56,MM,MM,MM,1.7,17,6.6,272,MM,MM,6.7,MM,MM,MM,MM
2026,05,07,00,26,MM,MM,MM,1.6,18,6.5,281,MM,MM,6.7,MM,MM,MM,MM
2026,05,06,23,56,MM,MM,MM,1.5,8,6.6,270,MM,MM,6.7,MM,MM,MM,MM
2026,05,06,23,26,MM,MM,MM,1.5,9,6.7,282,MM,MM,6.7,MM,MM,MM,MM
2026,05,06,22,56,MM,MM,MM,1.4,8,6.6,268,MM,MM,6.7,MM,MM,MM,MM
2026,05,06,22,26,MM,MM,MM,1.4,8,6.9,274,MM,MM,6.7,MM,MM,MM,MM
2026,05,06,21,56,MM,MM,MM,1.5,8,7.0,274,MM,MM,6.7,MM,MM,MM,MM
2026,05,06,21,26,MM,MM,MM,1.5,9,7.2,277,MM,MM,6.6,MM,MM,MM,MM
2026,05,06,20,56,MM,MM,MM,1.5,8,7.1,270,MM,MM,6.6,MM,MM,MM,MM
2026,05,06,20,26,MM,MM,MM,1.4,9,7.0,272,MM,MM,6.6,MM,MM,MM,MM
2026,05,06,19,56,MM,MM,MM,1.4,8,7.2,270,MM,MM,6.6,MM,MM,MM,MM
2026,05,06,19,26,MM,MM,MM,1.5,8,7.2,267,MM,MM,6.7,MM,MM,MM,MM
2026,05,06,18,26,MM,MM,MM,1.6,9,7.2,275,MM,MM,6.6,MM,MM,MM,MM
2026,05,06,17,56,MM,MM,MM,1.5,9,7.3,274,MM,MM,6.7,MM,MM,MM,MM
2026,05,06,17,26,MM,MM,MM,1.6,8,7.1,274,MM,MM,6.7,MM,MM,MM,MM
2026,05,06,16,56,MM,MM,MM,1.7,8,7.2,270,MM,MM,6.6,MM,MM,MM,MM
2026,05,06,16,26,MM,MM,MM,1.6,9,7.1,265,MM,MM,6.6,MM,MM,MM,MM
2026,05,06,15,56,MM,MM,MM,1.8,9,7.3,277,MM,MM,6.6,MM,MM,MM,MM
2026,05,06,15,26,MM,MM,MM,1.7,9,7.0,274,MM,MM,6.6,MM,MM,MM,MM
2026,05,06,14,56,MM,MM,MM,1.9,9,7.0,272,MM,MM,6.6,MM,MM,MM,MM
2026,05,06,14,26,MM,MM,MM,1.8,8,7.2,271,MM,MM,6.6,MM,MM,MM,MM
2026,05,06,13,56,MM,MM,MM,1.9,9,7.2,272,MM,MM,6.6,MM,MM,MM,MM
2026,05,06,13,26,MM,MM,MM,1.8,9,7.2,274,MM,MM,6.6,MM,MM,MM,MM
2026,05,06,12,56,MM,MM,MM,2.1,9,7.4,272,MM,MM,6.6,MM,MM,MM,MM
2026,05,06,12,26,MM,MM,MM,2.0,10,7.4,275,MM,MM,6.6,MM,MM,MM,MM
2026,05,06,11,56,MM,MM,MM,2.0,9,7.5,279,MM,MM,6.6,MM,MM,MM,MM
2026,05,06,11,26,MM,MM,MM,2.0,10,7.4,277,MM,MM,6.6,MM,MM,MM,MM
2026,05,06,10,56,MM,MM,MM,2.0,10,7.7,264,MM,MM,6.7,MM,MM,MM,MM
2026,05,06,10,26,MM,MM,MM,2.1,10,7.7,272,MM,MM,6.7,MM,MM,MM,MM
2026,05,06,09,56,MM,MM,MM,2.2,11,7.7,268,MM,MM,6.7,MM,MM,MM,MM
2026,05,06,09,26,MM,MM,MM,2.3,10,7.8,278,MM,MM,6.7,MM,MM,MM,MM
2026,05,06,08,56,MM,MM,MM,2.1,10,7.5,282,MM,MM,6.7,MM,MM,MM,MM
2026,05,06,08,26,MM,MM,MM,2.3,10,7.8,278,MM,MM,6.7,MM,MM,MM,MM
2026,05,06,07,56,MM,MM,MM,2.3,10,7.9,278,MM,MM,6.7,MM,MM,MM,MM
2026,05,06,07,26,MM,MM,MM,2.5,10,7.9,282,MM,MM,6.7,MM,MM,MM,MM
2026,05,06,06,56,MM,MM,MM,2.4,10,8.0,274,MM,MM,6.7,MM,MM,MM,MM
2026,05,06,06,26,MM,MM,MM,2.4,10,7.9,274,MM,MM,6.7,MM,MM,MM,MM
2026,05,06,05,56,MM,MM,MM,2.3,11,7.6,265,MM,MM,6.7,MM,MM,MM,MM
2026,05,06,05,26,MM,MM,MM,2.6,10,7.8,274,MM,MM,6.7,MM,MM,MM,MM
2026,05,06,04,56,MM,MM,MM,2.6,11,8.1,270,MM,MM,6.7,MM,MM,MM,MM
2026,05,06,04,26,MM,MM,MM,2.5,11,7.8,271,MM,MM,6.7,MM,MM,MM,MM
2026,05,06,03,56,MM,MM,MM,2.4,11,7.7,279,MM,MM,6.7,MM,MM,MM,MM
2026,05,06,03,26,MM,MM,MM,2.6,11,7.8,267,MM,MM,6.8,MM,MM,MM,MM
2026,05,06,02,56,MM,MM,MM,2.7,11,8.0,275,MM,MM,6.8,MM,MM,MM,MM
2026,05,06,02,26,MM,MM,MM,2.6,11,7.7,274,MM,MM,6.8,MM,MM,MM,MM
2026,05,06,01,56,MM,MM,MM,3.0,11,8.4,268,MM,MM,6.8,MM,MM,MM,MM
2026,05,06,01,26,MM,MM,MM,3.0,11,8.3,274,MM,MM,6.7,MM,MM,MM,MM
2026,05,06,00,56,MM,MM,MM,3.4,11,8.7,271,MM,MM,6.7,MM,MM,MM,MM
2026,05,06,00,26,MM,MM,MM,3.1,10,8.2,265,MM,MM,6.7,MM,MM,MM,MM
2026,05,05,23,56,MM,MM,MM,3.4,11,8.7,274,MM,MM,6.7,MM,MM,MM,MM
2026,05,05,23,26,MM,MM,MM,3.3,12,8.7,272,MM,MM,6.7,MM,MM,MM,MM
2026,05,05,22,56,MM,MM,MM,3.3,12,8.8,277,MM,MM,6.6,MM,MM,MM,MM
2026,05,05,22,26,MM,MM,MM,3.1,11,8.5,270,MM,MM,6.6,MM,MM,MM,MM
2026,05,05,21,56,MM,MM,MM,3.2,12,8.6,268,MM,MM,6.6,MM,MM,MM,MM
2026,05,05,21,26,MM,MM,MM,3.1,12,8.5,275,MM,MM,6.6,MM,MM,MM,MM
2026,05,05,20,56,MM,MM,MM,3.5,13,9.0,265,MM,MM,6.6,MM,MM,MM,MM
2026,05,05,20,26,MM,MM,MM,3.1,12,8.4,272,MM,MM,6.6,MM,MM,MM,MM
2026,05,05,19,56,MM,MM,MM,3.6,11,8.9,271,MM,MM,6.5,MM,MM,MM,MM
2026,05,05,19,26,MM,MM,MM,3.6,11,8.9,278,MM,MM,6.5,MM,MM,MM,MM
2026,05,05,18,56,MM,MM,MM,3.5,12,8.8,267,MM,MM,6.5,MM,MM,MM,MM
2026,05,05,18,26,MM,MM,MM,3.4,12,8.7,265,MM,MM,6.4,MM,MM,MM,MM
2026,05,05,17,56,MM,MM,MM,3.7,12,9.0,260,MM,MM,6.4,MM,MM,MM,MM
2026,05,05,17,26,MM,MM,MM,3.8,13,9.2,265,MM,MM,6.4,MM,MM,MM,MM
2026,05,05,16,56,MM,MM,MM,4.0,13,9.3,263,MM,MM,6.4,MM,MM,MM,MM
2026,05,05,16,26,MM,MM,MM,3.8,13,9.0,261,MM,MM,6.4,MM,MM,MM,MM
2026,05,05,15,56,MM,MM,MM,3.9,13,9.1,260,MM,MM,6.4,MM,MM,MM,MM
2026,05,05,15,26,MM,MM,MM,3.9,13,9.4,257,MM,MM,6.4,MM,MM,MM,MM
2026,05,05,14,56,MM,MM,MM,4.3,13,9.2,258,MM,MM,6.4,MM,MM,MM,MM
2026,05,05,14,26,MM,MM,MM,4.5,13,9.6,255,MM,MM,6.4,MM,MM,MM,MM
2026,05,05,13,56,MM,MM,MM,4.4,13,9.7,258,MM,MM,6.4,MM,MM,MM,MM
2026,05,05,13,26,MM,MM,MM,4.3,13,9.2,253,MM,MM,6.4,MM,MM,MM,MM
2026,05,05,12,56,MM,MM,MM,4.9,13,9.6,258,MM,MM,6.4,MM,MM,MM,MM
2026,05,05,12,26,MM,MM,MM,4.5,13,9.1,257,MM,MM,6.4,MM,MM,MM,MM
2026,05,05,11,56,MM,MM,MM,4.3,13,8.7,255,MM,MM,6.4,MM,MM,MM,MM
2026,05,05,11,26,MM,MM,MM,4.4,13,9.1,253,MM,MM,6.5,MM,MM,MM,MM
2026,05,05,10,56,MM,MM,MM,4.5,13,9.2,253,MM,MM,6.5,MM,MM,MM,MM
2026,05,05,10,26,MM,MM,MM,4.6,13,9.2,250,MM,MM,6.5,MM,MM,MM,MM
2026,05,05,09,56,MM,MM,MM,4.6,10,9.0,247,MM,MM,6.5,MM,MM,MM,MM
2026,05,05,09,26,MM,MM,MM,4.4,12,8.7,248,MM,MM,6.5,MM,MM,MM,MM
2026,05,05,08,56,MM,MM,MM,4.5,13,8.8,247,MM,MM,6.5,MM,MM,MM,MM
2026,05,05,08,26,MM,MM,MM,4.5,12,8.8,253,MM,MM,6.5,MM,MM,MM,MM
2026,05,05,07,56,MM,MM,MM,4.5,12,8.7,243,MM,MM,6.5,MM,MM,MM,MM
2026,05,05,07,26,MM,MM,MM,4.4,12,8.8,241,MM,MM,6.5,MM,MM,MM,MM
2026,05,05,06,56,MM,MM,MM,4.7,13,9.1,243,MM,MM,6.5,MM,MM,MM,MM
2026,05,05,06,26,MM,MM,MM,4.3,11,8.3,229,MM,MM,6.5,MM,MM,MM,MM
2026,05,05,05,56,MM,MM,MM,4.1,11,8.3,236,MM,MM,6.5,MM,MM,MM,MM
2026,05,05,05,26,MM,MM,MM,3.8,11,7.6,232,MM,MM,6.5,MM,MM,MM,MM
2026,05,05,04,56,MM,MM,MM,3.9,11,8.0,241,MM,MM,6.4,MM,MM,MM,MM
2026,05,05,04,26,MM,MM,MM,3.8,13,7.7,233,MM,MM,6.4,MM,MM,MM,MM
2026,05,05,03,56,MM,MM,MM,4.0,13,8.4,234,MM,MM,6.4,MM,MM,MM,MM
2026,05,05,03,26,MM,MM,MM,4.0,12,8.2,227,MM,MM,6.4,MM,MM,MM,MM
2026,05,05,02,56,MM,MM,MM,4.4,13,8.7,230,MM,MM,6.4,MM,MM,MM,MM
2026,05,05,02,26,MM,MM,MM,4.4,13,8.9,234,MM,MM,6.4,MM,MM,MM,MM
2026,05,05,01,56,MM,MM,MM,4.3,12,8.7,227,MM,MM,6.4,MM,MM,MM,MM
2026,05,05,01,26,MM,MM,MM,4.5,13,8.5,232,MM,MM,6.4,MM,MM,MM,MM
2026,05,05,00,56,MM,MM,MM,5.2,13,9.0,233,MM,MM,6.4,MM,MM,MM,MM
2026,05,05,00,26,MM,MM,MM,4.9,13,9.0,233,MM,MM,6.4,MM,MM,MM,MM
2026,05,04,23,56,MM,MM,MM,4.7,12,8.7,229,MM,MM,6.4,MM,MM,MM,MM
2026,05,04,23,26,MM,MM,MM,4.9,13,9.0,229,MM,MM,6.4,MM,MM,MM,MM
2026,05,04,22,56,MM,MM,MM,4.4,11,8.5,226,MM,MM,6.4,MM,MM,MM,MM
2026,05,04,22,26,MM,MM,MM,5.1,12,9.3,222,MM,MM,6.4,MM,MM,MM,MM
2026,05,04,21,56,MM,MM,MM,4.9,12,9.1,220,MM,MM,6.4,MM,MM,MM,MM
2026,05,04,21,26,MM,MM,MM,4.6,13,8.9,229,MM,MM,6.4,MM,MM,MM,MM
2026,05,04,20,56,MM,MM,MM,4.7,13,9.2,222,MM,MM,6.4,MM,MM,MM,MM
2026,05,04,20,26,MM,MM,MM,5.3,13,9.6,234,MM,MM,6.4,MM,MM,MM,MM
2026,05,04,19,56,MM,MM,MM,4.3,14,8.9,239,MM,MM,6.4,MM,MM,MM,MM
2026,05,04,19,26,MM,MM,MM,4.6,11,8.8,233,MM,MM,6.4,MM,MM,MM,MM
2026,05,04,18,56,MM,MM,MM,3.9,11,8.2,226,MM,MM,6.4,MM,MM,MM,MM
2026,05,04,18,26,MM,MM,MM,3.8,11,7.8,236,MM,MM,6.4,MM,MM,MM,MM
2026,05,04,17,56,MM,MM,MM,3.2,10,7.2,222,MM,MM,6.4,MM,MM,MM,MM
2026,05,04,17,26,MM,MM,MM,3.2,11,7.3,230,MM,MM,6.3,MM,MM,MM,MM
2026,05,04,16,56,MM,MM,MM,3.0,10,6.8,236,MM,MM,6.3,MM,MM,MM,MM
2026,05,04,16,26,MM,MM,MM,3.1,9,6.8,226,MM,MM,6.4,MM,MM,MM,MM
2026,05,04,15,56,MM,MM,MM,2.9,11,6.7,232,MM,MM,6.4,MM,MM,MM,MM
2026,05,04,15,26,MM,MM,MM,2.8,10,6.5,233,MM,MM,6.4,MM,MM,MM,MM
2026,05,04,14,56,MM,MM,MM,3.0,10,6.6,236,MM,MM,6.4,MM,MM,MM,MM
2026,05,04,14,26,MM,MM,MM,3.0,10,6.5,239,MM,MM,6.3,MM,MM,MM,MM
2026,05,04,13,56,MM,MM,MM,2.8,10,6.5,240,MM,MM,6.3,MM,MM,MM,MM
2026,05,04,13,26,MM,MM,MM,2.8,11,6.5,246,MM,MM,6.3,MM,MM,MM,MM
2026,05,04,12,56,MM,MM,MM,2.9,10,6.4,241,MM,MM,6.3,MM,MM,MM,MM
2026,05,04,12,26,MM,MM,MM,2.8,10,6.3,241,MM,MM,6.3,MM,MM,MM,MM
2026,05,04,11,56,MM,MM,MM,2.8,11,6.3,253,MM,MM,6.3,MM,MM,MM,MM
2026,05,04,11,26,MM,MM,MM,2.8,11,6.2,243,MM,MM,6.3,MM,MM,MM,MM
2026,05,04,10,56,MM,MM,MM,2.6,11,6.2,246,MM,MM,6.3,MM,MM,MM,MM
2026,05,04,10,26,MM,MM,MM,2.8,11,6.4,265,MM,MM,6.3,MM,MM,MM,MM
2026,05,04,09,56,MM,MM,MM,2.8,11,6.5,250,MM,MM,6.3,MM,MM,MM,MM
2026,05,04,09,26,MM,MM,MM,2.7,11,6.5,258,MM,MM,6.3,MM,MM,MM,MM
2026,05,04,08,56,MM,MM,MM,2.5,10,6.3,246,MM,MM,6.3,MM,MM,MM,MM
2026,05,04,08,26,MM,MM,MM,2.8,11,6.6,251,MM,MM,6.4,MM,MM,MM,MM
2026,05,04,07,56,MM,MM,MM,2.7,11,6.6,250,MM,MM,6.4,MM,MM,MM,MM
2026,05,04,07,26,MM,MM,MM,2.8,11,6.7,250,MM,MM,6.4,MM,MM,MM,MM
2026,05,04,06,56,MM,MM,MM,2.7,11,6.8,253,MM,MM,6.4,MM,MM,MM,MM
2026,05,04,06,26,MM,MM,MM,2.6,11,6.3,257,MM,MM,6.4,MM,MM,MM,MM
2026,05,04,05,56,MM,MM,MM,2.7,11,7.0,251,MM,MM,6.4,MM,MM,MM,MM
2026,05,04,05,26,MM,MM,MM,2.6,11,7.0,247,MM,MM,6.4,MM,MM,MM,MM
2026,05,04,04,56,MM,MM,MM,2.4,11,6.6,255,MM,MM,6.4,MM,MM,MM,MM
2026,05,04,04,26,MM,MM,MM,2.5,11,6.9,260,MM,MM,6.4,MM,MM,MM,MM
2026,05,04,03,56,MM,MM,MM,2.3,10,6.6,248,MM,MM,6.4,MM,MM,MM,MM
2026,05,04,03,26,MM,MM,MM,2.6,11,7.2,250,MM,MM,6.4,MM,MM,MM,MM
2026,05,04,02,56,MM,MM,MM,2.4,11,6.7,253,MM,MM,6.4,MM,MM,MM,MM
2026,05,04,02,26,MM,MM,MM,2.4,12,6.5,246,MM,MM,6.4,MM,MM,MM,MM
2026,05,04,01,56,MM,MM,MM,2.6,12,6.8,257,MM,MM,6.5,MM,MM,MM,MM
2026,05,04,01,26,MM,MM,MM,2.5,11,7.0,255,MM,MM,6.5,MM,MM,MM,MM
2026,05,04,00,56,MM,MM,MM,2.8,11,7.3,261,MM,MM,6.5,MM,MM,MM,MM
2026,05,04,00,26,MM,MM,MM,2.5,12,7.2,258,MM,MM,6.5,MM,MM,MM,MM
2026,05,03,23,56,MM,MM,MM,2.6,11,7.4,260,MM,MM,6.5,MM,MM,MM,MM
2026,05,03,23,26,MM,MM,MM,2.7,11,7.6,263,MM,MM,6.5,MM,MM,MM,MM
2026,05,03,22,56,MM,MM,MM,2.6,12,7.7,275,MM,MM,6.5,MM,MM,MM,MM
2026,05,03,22,26,MM,MM,MM,2.5,12,7.7,270,MM,MM,6.5,MM,MM,MM,MM
2026,05,03,21,56,MM,MM,MM,2.5,12,7.9,268,MM,MM,6.4,MM,MM,MM,MM
2026,05,03,21,26,MM,MM,MM,2.5,12,7.8,272,MM,MM,6.4,MM,MM,MM,MM
2026,05,03,20,56,MM,MM,MM,2.4,12,7.7,264,MM,MM,6.4,MM,MM,MM,MM
2026,05,03,20,26,MM,MM,MM,2.4,11,7.8,265,MM,MM,6.4,MM,MM,MM,MM
2026,05,03,19,56,MM,MM,MM,2.4,12,7.9,263,MM,MM,6.4,MM,MM,MM,MM
2026,05,03,19,26,MM,MM,MM,2.4,11,8.1,270,MM,MM,6.4,MM,MM,MM,MM
2026,05,03,18,56,MM,MM,MM,2.5,11,8.3,264,MM,MM,6.3,MM,MM,MM,MM
2026,05,03,18,26,MM,MM,MM,2.4,11,8.3,258,MM,MM,6.3,MM,MM,MM,MM
2026,05,03,17,56,MM,MM,MM,2.4,13,8.4,261,MM,MM,6.3,MM,MM,MM,MM
2026,05,03,17,26,MM,MM,MM,2.3,12,8.3,261,MM,MM,6.3,MM,MM,MM,MM
2026,05,03,16,56,MM,MM,MM,2.1,12,8.0,268,MM,MM,6.3,MM,MM,MM,MM
2026,05,03,16,26,MM,MM,MM,2.4,13,8.7,271,MM,MM,6.3,MM,MM,MM,MM
2026,05,03,15,56,MM,MM,MM,2.3,11,8.5,261,MM,MM,6.3,MM,MM,MM,MM
2026,05,03,15,26,MM,MM,MM,2.4,12,8.4,264,MM,MM,6.3,MM,MM,MM,MM
2026,05,03,14,56,MM,MM,MM,2.4,13,8.1,267,MM,MM,6.3,MM,MM,MM,MM
2026,05,03,14,26,MM,MM,MM,2.3,12,8.2,268,MM,MM,6.3,MM,MM,MM,MM
2026,05,03,13,56,MM,MM,MM,2.4,13,8.5,277,MM,MM,6.4,MM,MM,MM,MM
2026,05,03,13,26,MM,MM,MM,2.4,12,8.4,263,MM,MM,6.4,MM,MM,MM,MM
2026,05,03,12,56,MM,MM,MM,2.6,13,8.7,272,MM,MM,6.4,MM,MM,MM,MM
2026,05,03,12,26,MM,MM,MM,2.5,11,8.4,261,MM,MM,6.4,MM,MM,MM,MM
2026,05,03,11,56,MM,MM,MM,2.4,11,8.4,261,MM,MM,6.4,MM,MM,MM,MM
2026,05,03,11,26,MM,MM,MM,2.5,11,8.4,263,MM,MM,6.4,MM,MM,MM,MM
2026,05,03,10,56,MM,MM,MM,2.5,13,8.6,274,MM,MM,6.4,MM,MM,MM,MM
2026,05,03,10,26,MM,MM,MM,2.6,11,8.7,263,MM,MM,6.4,MM,MM,MM,MM
2026,05,03,09,56,MM,MM,MM,2.7,12,9.1,263,MM,MM,6.4,MM,MM,MM,MM
2026,05,03,09,26,MM,MM,MM,2.7,11,9.1,261,MM,MM,6.4,MM,MM,MM,MM
2026,05,03,08,56,MM,MM,MM,2.9,11,9.5,261,MM,MM,6.4,MM,MM,MM,MM
2026,05,03,08,26,MM,MM,MM,2.7,11,9.0,258,MM,MM,6.4,MM,MM,MM,MM
2026,05,03,07,56,MM,MM,MM,2.7,12,9.2,264,MM,MM,6.4,MM,MM,MM,MM
2026,05,03,07,26,MM,MM,MM,3.0,13,9.5,270,MM,MM,6.4,MM,MM,MM,MM
2026,05,03,06,56,MM,MM,MM,2.8,13,9.3,277,MM,MM,6.4,MM,MM,MM,MM
2026,05,03,06,26,MM,MM,MM,2.8,11,9.3,267,MM,MM,6.4,MM,MM,MM,MM
2026,05,03,05,56,MM,MM,MM,2.9,13,9.4,267,MM,MM,6.4,MM,MM,MM,MM
2026,05,03,05,26,MM,MM,MM,2.5,13,8.9,271,MM,MM,6.4,MM,MM,MM,MM
2026,05,03,04,56,MM,MM,MM,2.6,12,9.1,274,MM,MM,6.4,MM,MM,MM,MM
2026,05,03,04,26,MM,MM,MM,2.7,13,9.6,278,MM,MM,6.4,MM,MM,MM,MM
2026,05,03,03,56,MM,MM,MM,2.7,12,8.9,270,MM,MM,6.4,MM,MM,MM,MM
2026,05,03,03,26,MM,MM,MM,2.6,13,8.9,274,MM,MM,6.4,MM,MM,MM,MM
2026,05,03,02,56,MM,MM,MM,2.6,13,8.9,275,MM,MM,6.5,MM,MM,MM,MM
2026,05,03,02,26,MM,MM,MM,3.1,13,9.6,277,MM,MM,6.4,MM,MM,MM,MM
2026,05,03,01,56,MM,MM,MM,2.8,13,8.6,275,MM,MM,6.4,MM,MM,MM,MM
2026,05,03,01,26,MM,MM,MM,2.9,12,8.6,265,MM,MM,6.4,MM,MM,MM,MM
2026,05,03,00,56,MM,MM,MM,2.9,13,8.9,271,MM,MM,6.4,MM,MM,MM,MM
2026,05,03,00,26,MM,MM,MM,3.4,13,9.3,275,MM,MM,6.4,MM,MM,MM,MM
2026,05,02,23,56,MM,MM,MM,3.2,12,9.0,270,MM,MM,6.4,MM,MM,MM,MM
2026,05,02,23,26,MM,MM,MM,3.1,13,9.0,268,MM,MM,6.4,MM,MM,MM,MM
2026,05,02,22,56,MM,MM,MM,3.1,12,8.9,264,MM,MM,6.4,MM,MM,MM,MM
2026,05,02,22,26,MM,MM,MM,3.1,12,8.8,270,MM,MM,6.4,MM,MM,MM,MM
2026,05,02,21,56,MM,MM,MM,3.3,14,9.0,272,MM,MM,6.4,MM,MM,MM,MM
2026,05,02,21,26,MM,MM,MM,3.0,12,8.7,268,MM,MM,6.4,MM,MM,MM,MM
2026,05,02,20,56,MM,MM,MM,3.6,13,9.4,268,MM,MM,6.3,MM,MM,MM,MM
2026,05,02,20,26,MM,MM,MM,3.5,11,9.4,267,MM,MM,6.3,MM,MM,MM,MM
2026,05,02,19,56,MM,MM,MM,3.4,11,9.1,258,MM,MM,6.3,MM,MM,MM,MM
2026,05,02,19,26,MM,MM,MM,3.2,12,8.9,265,MM,MM,6.2,MM,MM,MM,MM
2026,05,02,18,56,MM,MM,MM,3.2,14,9.2,278,MM,MM,6.2,MM,MM,MM,MM
2026,05,02,18,26,MM,MM,MM,3.4,12,9.2,275,MM,MM,6.2,MM,MM,MM,MM
2026,05,02,17,56,MM,MM,MM,3.5,13,9.4,265,MM,MM,6.2,MM,MM,MM,MM
2026,05,02,17,26,MM,MM,MM,3.5,11,9.5,261,MM,MM,6.2,MM,MM,MM,MM
2026,05,02,16,56,MM,MM,MM,3.6,14,9.5,284,MM,MM,6.2,MM,MM,MM,MM
2026,05,02,16,26,MM,MM,MM,3.6,11,9.8,270,MM,MM,6.2,MM,MM,MM,MM
2026,05,02,15,56,MM,MM,MM,3.4,14,9.7,282,MM,MM,6.2,MM,MM,MM,MM
2026,05,02,15,26,MM,MM,MM,3.5,13,9.5,272,MM,MM,6.2,MM,MM,MM,MM
2026,05,02,14,56,MM,MM,MM,3.9,14,9.8,274,MM,MM,6.2,MM,MM,MM,MM
2026,05,02,14,26,MM,MM,MM,4.2,13,10.2,279,MM,MM,6.2,MM,MM,MM,MM
2026,05,02,13,56,MM,MM,MM,3.8,13,10.1,277,MM,MM,6.1,MM,MM,MM,MM
2026,05,02,13,26,MM,MM,MM,3.6,13,9.7,277,MM,MM,6.2,MM,MM,MM,MM
2026,05,02,12,56,MM,MM,MM,3.5,14,9.4,281,MM,MM,6.2,MM,MM,MM,MM
2026,05,02,12,26,MM,MM,MM,3.9,15,10.0,279,MM,MM,6.2,MM,MM,MM,MM
2026,05,02,11,56,MM,MM,MM,3.7,14,9.6,281,MM,MM,6.2,MM,MM,MM,MM
2026,05,02,11,26,MM,MM,MM,3.7,15,9.8,274,MM,MM,6.2,MM,MM,MM,MM
2026,05,02,10,56,MM,MM,MM,3.7,14,9.7,282,MM,MM,6.2,MM,MM,MM,MM
2026,05,02,10,26,MM,MM,MM,3.8,13,9.6,274,MM,MM,6.2,MM,MM,MM,MM
2026,05,02,09,56,MM,MM,MM,3.6,13,9.2,272,MM,MM,6.2,MM,MM,MM,MM
2026,05,02,09,26,MM,MM,MM,4.0,13,9.9,265,MM,MM,6.2,MM,MM,MM,MM
2026,05,02,08,56,MM,MM,MM,3.8,15,9.6,281,MM,MM,6.2,MM,MM,MM,MM
2026,05,02,08,26,MM,MM,MM,3.6,15,9.5,279,MM,MM,6.2,MM,MM,MM,MM
2026,05,02,07,56,MM,MM,MM,3.8,15,9.5,274,MM,MM,6.2,MM,MM,MM,MM
2026,05,02,07,26,MM,MM,MM,3.8,15,9.4,272,MM,MM,6.2,MM,MM,MM,MM
2026,05,02,06,56,MM,MM,MM,4.1,14,9.9,279,MM,MM,6.2,MM,MM,MM,MM
2026,05,02,06,26,MM,MM,MM,3.9,14,9.2,271,MM,MM,6.2,MM,MM,MM,MM
2026,05,02,05,56,MM,MM,MM,4.1,15,9.4,274,MM,MM,6.2,MM,MM,MM,MM
2026,05,02,05,26,MM,MM,MM,4.0,13,9.2,268,MM,MM,6.2,MM,MM,MM,MM
2026,05,02,04,56,MM,MM,MM,4.4,15,9.7,274,MM,MM,6.2,MM,MM,MM,MM
2026,05,02,04,26,MM,MM,MM,4.0,15,9.3,274,MM,MM,6.2,MM,MM,MM,MM
2026,05,02,03,56,MM,MM,MM,3.9,15,9.4,275,MM,MM,6.2,MM,MM,MM,MM
2026,05,02,03,26,MM,MM,MM,4.3,15,9.7,279,MM,MM,6.2,MM,MM,MM,MM
2026,05,02,02,56,MM,MM,MM,4.2,17,9.7,279,MM,MM,6.3,MM,MM,MM,MM
2026,05,02,02,26,MM,MM,MM,4.4,15,9.9,281,MM,MM,6.3,MM,MM,MM,MM
2026,05,02,01,56,MM,MM,MM,3.7,15,9.3,285,MM,MM,6.3,MM,MM,MM,MM
2026,05,02,01,26,MM,MM,MM,4.1,17,9.6,282,MM,MM,6.3,MM,MM,MM,MM
2026,05,02,00,56,MM,MM,MM,3.8,17,9.2,277,MM,MM,6.3,MM,MM,MM,MM
2026,05,02,00,26,MM,MM,MM,3.6,11,8.7,264,MM,MM,6.3,MM,MM,MM,MM
2026,05,01,23,56,MM,MM,MM,4.0,11,9.3,272,MM,MM,6.2,MM,MM,MM,MM
2026,05,01,23,26,MM,MM,MM,3.8,11,8.9,267,MM,MM,6.2,MM,MM,MM,MM
2026,05,01,22,56,MM,MM,MM,3.5,18,8.9,278,MM,MM,6.2,MM,MM,MM,MM
2026,05,01,22,26,MM,MM,MM,3.4,18,8.0,281,MM,MM,6.2,MM,MM,MM,MM
2026,05,01,21,56,MM,MM,MM,3.5,18,8.2,277,MM,MM,6.2,MM,MM,MM,MM
2026,05,01,21,26,MM,MM,MM,3.3,11,8.0,267,MM,MM,6.1,MM,MM,MM,MM
2026,05,01,16,56,MM,MM,MM,3.4,11,7.3,267,MM,MM,6.2,MM,MM,MM,MM
2026,05,01,16,26,MM,MM,MM,3.5,11,7.5,263,MM,MM,6.2,MM,MM,MM,MM
2026,05,01,15,56,MM,MM,MM,3.7,10,7.4,260,MM,MM,6.2,MM,MM,MM,MM
2026,05,01,15,26,MM,MM,MM,3.2,11,7.2,267,MM,MM,6.2,MM,MM,MM,MM
2026,05,01,14,56,MM,MM,MM,3.4,11,7.2,274,MM,MM,6.3,MM,MM,MM,MM
2026,05,01,14,26,MM,MM,MM,2.8,11,6.5,267,MM,MM,6.3,MM,MM,MM,MM
2026,05,01,13,56,MM,MM,MM,3.2,11,7.0,277,MM,MM,6.3,MM,MM,MM,MM
2026,05,01,13,26,MM,MM,MM,3.1,10,6.7,270,MM,MM,6.3,MM,MM,MM,MM
2026,05,01,12,56,MM,MM,MM,3.1,9,6.7,260,MM,MM,6.3,MM,MM,MM,MM
2026,05,01,12,26,MM,MM,MM,2.9,11,6.7,272,MM,MM,6.3,MM,MM,MM,MM
2026,05,01,11,56,MM,MM,MM,2.8,10,6.5,278,MM,MM,6.3,MM,MM,MM,MM
2026,05,01,11,26,MM,MM,MM,2.6,11,6.3,278,MM,MM,6.3,MM,MM,MM,MM
2026,05,01,10,56,MM,MM,MM,2.5,10,6.2,277,MM,MM,6.3,MM,MM,MM,MM
2026,05,01,10,26,MM,MM,MM,2.4,8,6.0,246,MM,MM,6.3,MM,MM,MM,MM
2026,05,01,09,56,MM,MM,MM,2.3,11,5.8,274,MM,MM,6.3,MM,MM,MM,MM
2026,05,01,09,26,MM,MM,MM,2.4,11,5.8,285,MM,MM,6.2,MM,MM,MM,MM
2026,05,01,08,56,MM,MM,MM,2.3,6,5.7,239,MM,MM,6.3,MM,MM,MM,MM
2026,05,01,08,26,MM,MM,MM,2.2,7,5.7,240,MM,MM,6.3,MM,MM,MM,MM
2026,05,01,07,56,MM,MM,MM,2.2,7,5.8,265,MM,MM,6.3,MM,MM,MM,MM
2026,05,01,07,26,MM,MM,MM,2.0,8,5.8,264,MM,MM,6.3,MM,MM,MM,MM
2026,05,01,06,56,MM,MM,MM,2.0,9,5.8,220,MM,MM,6.3,MM,MM,MM,MM
2026,05,01,06,26,MM,MM,MM,2.0,11,6.2,279,MM,MM,6.3,MM,MM,MM,MM
2026,05,01,05,56,MM,MM,MM,2.0,11,5.9,281,MM,MM,6.3,MM,MM,MM,MM
2026,05,01,05,26,MM,MM,MM,2.0,8,5.8,260,MM,MM,6.3,MM,MM,MM,MM
2026,05,01,04,56,MM,MM,MM,1.9,11,6.1,277,MM,MM,6.3,MM,MM,MM,MM
2026,05,01,04,26,MM,MM,MM,1.9,11,6.1,272,MM,MM,6.3,MM,MM,MM,MM
2026,05,01,03,56,MM,MM,MM,1.9,11,6.0,285,MM,MM,6.3,MM,MM,MM,MM
2026,05,01,03,26,MM,MM,MM,1.9,11,6.0,281,MM,MM,6.3,MM,MM,MM,MM
2026,05,01,02,56,MM,MM,MM,1.9,11,6.1,288,MM,MM,6.3,MM,MM,MM,MM
2026,05,01,02,26,MM,MM,MM,1.8,8,5.9,240,MM,MM,6.3,MM,MM,MM,MM
2026,05,01,01,56,MM,MM,MM,1.8,11,6.0,275,MM,MM,6.3,MM,MM,MM,MM
2026,05,01,01,26,MM,MM,MM,2.0,11,6.4,268,MM,MM,6.3,MM,MM,MM,MM
2026,05,01,00,56,MM,MM,MM,1.9,10,6.3,281,MM,MM,6.3,MM,MM,MM,MM
2026,04,30,23,56,MM,MM,MM,2.0,11,6.5,278,MM,MM,6.3,MM,MM,MM,MM
2026,04,30,20,56,MM,MM,MM,2.1,12,7.6,284,MM,MM,6.3,MM,MM,MM,MM
2026,04,30,20,26,MM,MM,MM,1.9,12,7.3,281,MM,MM,6.3,MM,MM,MM,MM
2026,04,30,19,56,MM,MM,MM,1.9,12,7.6,272,MM,MM,6.2,MM,MM,MM,MM
2026,04,30,19,26,MM,MM,MM,2.0,12,7.9,271,MM,MM,6.2,MM,MM,MM,MM
2026,04,30,18,56,MM,MM,MM,2.1,12,8.0,277,MM,MM,6.2,MM,MM,MM,MM
2026,04,30,18,26,MM,MM,MM,2.1,11,8.2,271,MM,MM,6.2,MM,MM,MM,MM
2026,04,30,17,56,MM,MM,MM,2.3,11,8.3,284,MM,MM,6.2,MM,MM,MM,MM
2026,04,30,17,26,MM,MM,MM,2.3,11,8.3,279,MM,MM,6.2,MM,MM,MM,MM
2026,04,30,16,56,MM,MM,MM,2.2,11,8.1,281,MM,MM,6.2,MM,MM,MM,MM
2026,04,30,16,26,MM,MM,MM,2.2,12,7.9,264,MM,MM,6.2,MM,MM,MM,MM
2026,04,30,15,56,MM,MM,MM,2.2,12,8.2,279,MM,MM,6.2,MM,MM,MM,MM
2026,04,30,15,26,MM,MM,MM,2.4,12,8.3,275,MM,MM,6.1,MM,MM,MM,MM
2026,04,30,14,56,MM,MM,MM,2.3,12,8.3,275,MM,MM,6.2,MM,MM,MM,MM
2026,04,30,14,26,MM,MM,MM,2.2,13,8.4,281,MM,MM,6.1,MM,MM,MM,MM
2026,04,30,13,56,MM,MM,MM,2.4,12,8.5,275,MM,MM,6.1,MM,MM,MM,MM
2026,04,30,13,26,MM,MM,MM,2.3,12,8.2,281,MM,MM,6.1,MM,MM,MM,MM
2026,04,30,12,56,MM,MM,MM,2.3,12,8.2,282,MM,MM,6.1,MM,MM,MM,MM
2026,04,30,12,26,MM,MM,MM,2.4,11,8.4,281,MM,MM,6.2,MM,MM,MM,MM
2026,04,30,11,56,MM,MM,MM,2.4,13,8.2,272,MM,MM,6.1,MM,MM,MM,MM
2026,04,30,11,26,MM,MM,MM,2.4,12,8.4,282,MM,MM,6.2,MM,MM,MM,MM
2026,04,30,10,56,MM,MM,MM,2.4,12,8.0,279,MM,MM,6.2,MM,MM,MM,MM
2026,04,30,10,26,MM,MM,MM,2.5,13,8.2,277,MM,MM,6.2,MM,MM,MM,MM
2026,04,30,09,56,MM,MM,MM,2.5,12,8.3,270,MM,MM,6.2,MM,MM,MM,MM
2026,04,30,09,26,MM,MM,MM,2.4,13,8.1,278,MM,MM,6.2,MM,MM,MM,MM
2026,04,30,08,56,MM,MM,MM,2.6,12,8.7,275,MM,MM,6.2,MM,MM,MM,MM
2026,04,30,08,26,MM,MM,MM,2.7,13,8.6,272,MM,MM,6.2,MM,MM,MM,MM
2026,04,30,07,56,MM,MM,MM,2.6,13,8.4,279,MM,MM,6.2,MM,MM,MM,MM
2026,04,30,07,26,MM,MM,MM,2.5,13,7.9,274,MM,MM,6.2,MM,MM,MM,MM
2026,04,30,06,56,MM,MM,MM,2.6,12,8.2,277,MM,MM,6.2,MM,MM,MM,MM
2026,04,30,06,26,MM,MM,MM,2.7,13,8.2,267,MM,MM,6.2,MM,MM,MM,MM
2026,04,30,05,56,MM,MM,MM,2.7,13,8.1,264,MM,MM,6.2,MM,MM,MM,MM
2026,04,30,05,26,MM,MM,MM,2.7,12,8.1,282,MM,MM,6.2,MM,MM,MM,MM
2026,04,30,04,56,MM,MM,MM,2.8,13,8.0,272,MM,MM,6.2,MM,MM,MM,MM
2026,04,30,04,26,MM,MM,MM,2.7,13,8.2,272,MM,MM,6.2,MM,MM,MM,MM
2026,04,30,03,56,MM,MM,MM,2.8,12,7.8,270,MM,MM,6.2,MM,MM,MM,MM
2026,04,30,03,26,MM,MM,MM,2.9,13,8.1,275,MM,MM,6.2,MM,MM,MM,MM
2026,04,30,02,56,MM,MM,MM,3.1,12,8.0,271,MM,MM,6.2,MM,MM,MM,MM
2026,04,30,02,26,MM,MM,MM,3.3,12,8.4,279,MM,MM,6.2,MM,MM,MM,MM
2026,04,30,01,56,MM,MM,MM,3.1,13,7.8,278,MM,MM,6.2,MM,MM,MM,MM
2026,04,30,01,26,MM,MM,MM,3.0,13,7.7,284,MM,MM,6.2,MM,MM,MM,MM
2026,04,30,00,56,MM,MM,MM,3.2,12,7.9,277,MM,MM,6.2,MM,MM,MM,MM
2026,04,30,00,26,MM,MM,MM,3.3,12,7.8,278,MM,MM,6.2,MM,MM,MM,MM
2026,04,29,23,56,MM,MM,MM,3.2,13,7.8,270,MM,MM,6.2,MM,MM,MM,MM
2026,04,29,23,26,MM,MM,MM,3.3,13,7.8,278,MM,MM,6.2,MM,MM,MM,MM
2026,04,29,22,56,MM,MM,MM,3.3,13,7.5,281,MM,MM,6.2,MM,MM,MM,MM
2026,04,29,22,26,MM,MM,MM,3.3,12,7.7,272,MM,MM,6.2,MM,MM,MM,MM
2026,04,29,21,56,MM,MM,MM,3.3,13,7.5,277,MM,MM,6.2,MM,MM,MM,MM
2026,04,29,21,26,MM,MM,MM,3.4,13,7.8,268,MM,MM,6.2,MM,MM,MM,MM
2026,04,29,20,56,MM,MM,MM,3.3,13,7.6,274,MM,MM,6.2,MM,MM,MM,MM
2026,04,29,20,26,MM,MM,MM,3.2,13,7.3,267,MM,MM,6.2,MM,MM,MM,MM
2026,04,29,19,56,MM,MM,MM,3.3,13,7.3,272,MM,MM,6.2,MM,MM,MM,MM
2026,04,29,19,26,MM,MM,MM,3.7,12,7.8,268,MM,MM,6.1,MM,MM,MM,MM
2026,04,29,18,56,MM,MM,MM,3.5,13,7.6,274,MM,MM,6.1,MM,MM,MM,MM
2026,04,29,18,26,MM,MM,MM,3.5,13,7.4,277,MM,MM,6.1,MM,MM,MM,MM
2026,04,29,17,56,MM,MM,MM,3.4,13,7.4,270,MM,MM,6.1,MM,MM,MM,MM
2026,04,29,17,26,MM,MM,MM,3.7,13,7.6,279,MM,MM,6.1,MM,MM,MM,MM
2026,04,29,16,56,MM,MM,MM,3.4,13,7.3,267,MM,MM,6.1,MM,MM,MM,MM
2026,04,29,16,26,MM,MM,MM,3.6,13,7.6,271,MM,MM,6.2,MM,MM,MM,MM
2026,04,29,15,56,MM,MM,MM,3.7,13,7.5,271,MM,MM,6.2,MM,MM,MM,MM
2026,04,29,15,26,MM,MM,MM,3.6,13,7.8,265,MM,MM,6.2,MM,MM,MM,MM
2026,04,29,14,56,MM,MM,MM,3.4,13,7.2,275,MM,MM,6.2,MM,MM,MM,MM
2026,04,29,14,26,MM,MM,MM,3.4,13,7.4,272,MM,MM,6.2,MM,MM,MM,MM
2026,04,29,13,56,MM,MM,MM,3.1,13,6.8,275,MM,MM,6.2,MM,MM,MM,MM
2026,04,29,13,26,MM,MM,MM,3.1,13,7.2,265,MM,MM,6.3,MM,MM,MM,MM
2026,04,29,12,56,MM,MM,MM,3.0,13,7.3,271,MM,MM,6.2,MM,MM,MM,MM
2026,04,29,12,26,MM,MM,MM,3.0,13,7.5,272,MM,MM,6.3,MM,MM,MM,MM
2026,04,29,11,56,MM,MM,MM,3.1,13,7.3,270,MM,MM,6.3,MM,MM,MM,MM
2026,04,29,11,26,MM,MM,MM,3.1,13,7.7,277,MM,MM,6.3,MM,MM,MM,MM
2026,04,29,10,56,MM,MM,MM,2.8,13,6.8,284,MM,MM,6.3,MM,MM,MM,MM
2026,04,29,10,26,MM,MM,MM,2.7,13,7.1,281,MM,MM,6.3,MM,MM,MM,MM
2026,04,29,09,56,MM,MM,MM,2.6,13,7.3,278,MM,MM,6.3,MM,MM,MM,MM
2026,04,29,09,26,MM,MM,MM,2.5,13,7.3,275,MM,MM,6.3,MM,MM,MM,MM
2026,04,29,08,56,MM,MM,MM,2.8,13,8.2,281,MM,MM,6.3,MM,MM,MM,MM
2026,04,29,08,26,MM,MM,MM,2.3,13,7.6,277,MM,MM,6.3,MM,MM,MM,MM
2026,04,29,07,56,MM,MM,MM,2.4,13,7.8,282,MM,MM,6.3,MM,MM,MM,MM
2026,04,29,07,26,MM,MM,MM,2.5,13,7.5,270,MM,MM,6.3,MM,MM,MM,MM
2026,04,29,06,56,MM,MM,MM,2.4,13,7.3,277,MM,MM,6.3,MM,MM,MM,MM
2026,04,29,06,26,MM,MM,MM,2.5,13,7.2,274,MM,MM,6.3,MM,MM,MM,MM
2026,04,29,05,56,MM,MM,MM,2.6,13,7.1,275,MM,MM,6.3,MM,MM,MM,MM
2026,04,29,05,26,MM,MM,MM,2.7,13,7.7,272,MM,MM,6.3,MM,MM,MM,MM
2026,04,29,04,56,MM,MM,MM,2.8,13,8.0,272,MM,MM,6.3,MM,MM,MM,MM
2026,04,29,04,26,MM,MM,MM,2.7,13,7.8,271,MM,MM,6.3,MM,MM,MM,MM
2026,04,29,03,56,MM,MM,MM,2.4,14,7.2,271,MM,MM,6.3,MM,MM,MM,MM
2026,04,29,03,26,MM,MM,MM,2.7,14,8.0,267,MM,MM,6.3,MM,MM,MM,MM
2026,04,29,02,56,MM,MM,MM,2.7,13,8.3,272,MM,MM,6.3,MM,MM,MM,MM
2026,04,29,02,26,MM,MM,MM,2.8,13,8.3,277,MM,MM,6.3,MM,MM,MM,MM
2026,04,29,01,56,MM,MM,MM,2.7,13,8.2,271,MM,MM,6.3,MM,MM,MM,MM
2026,04,29,01,26,MM,MM,MM,2.9,13,8.7,279,MM,MM,6.3,MM,MM,MM,MM
2026,04,29,00,56,MM,MM,MM,2.9,14,8.8,271,MM,MM,6.3,MM,MM,MM,MM
2026,04,29,00,26,MM,MM,MM,2.5,13,8.0,274,MM,MM,6.3,MM,MM,MM,MM
2026,04,28,23,56,MM,MM,MM,2.7,13,8.4,274,MM,MM,6.3,MM,MM,MM,MM
2026,04,28,23,26,MM,MM,MM,2.8,13,9.3,271,MM,MM,6.3,MM,MM,MM,MM
2026,04,28,22,56,MM,MM,MM,3.1,14,9.6,272,MM,MM,6.3,MM,MM,MM,MM
2026,04,28,22,26,MM,MM,MM,2.6,13,8.8,278,MM,MM,6.3,MM,MM,MM,MM
2026,04,28,21,56,MM,MM,MM,2.8,13,9.0,277,MM,MM,6.3,MM,MM,MM,MM
2026,04,28,21,26,MM,MM,MM,2.7,13,9.2,279,MM,MM,6.3,MM,MM,MM,MM
2026,04,28,20,56,MM,MM,MM,2.8,13,9.1,277,MM,MM,6.3,MM,MM,MM,MM
2026,04,28,20,26,MM,MM,MM,2.9,13,9.3,279,MM,MM,6.3,MM,MM,MM,MM
2026,04,28,19,56,MM,MM,MM,3.0,13,9.7,281,MM,MM,6.3,MM,MM,MM,MM
2026,04,28,19,26,MM,MM,MM,3.3,13,10.2,285,MM,MM,6.3,MM,MM,MM,MM
2026,04,28,18,56,MM,MM,MM,3.0,13,9.8,284,MM,MM,6.3,MM,MM,MM,MM
2026,04,28,18,26,MM,MM,MM,3.0,13,10.0,279,MM,MM,6.3,MM,MM,MM,MM
2026,04,28,17,56,MM,MM,MM,3.0,13,9.7,279,MM,MM,6.3,MM,MM,MM,MM
2026,04,28,17,26,MM,MM,MM,3.2,13,10.0,277,MM,MM,6.2,MM,MM,MM,MM
2026,04,28,16,56,MM,MM,MM,3.0,12,9.5,274,MM,MM,6.2,MM,MM,MM,MM
2026,04,28,16,26,MM,MM,MM,3.6,13,10.6,277,MM,MM,6.2,MM,MM,MM,MM
2026,04,28,15,56,MM,MM,MM,3.0,14,9.4,281,MM,MM,6.2,MM,MM,MM,MM
2026,04,28,15,26,MM,MM,MM,3.1,14,9.7,278,MM,MM,6.2,MM,MM,MM,MM
2026,04,28,14,56,MM,MM,MM,3.2,14,9.8,277,MM,MM,6.2,MM,MM,MM,MM
2026,04,28,14,26,MM,MM,MM,3.3,13,9.8,272,MM,MM,6.2,MM,MM,MM,MM
2026,04,28,13,56,MM,MM,MM,3.4,14,9.8,279,MM,MM,6.2,MM,MM,MM,MM
2026,04,28,13,26,MM,MM,MM,3.1,14,9.2,285,MM,MM,6.3,MM,MM,MM,MM
2026,04,28,12,56,MM,MM,MM,3.0,14,9.7,281,MM,MM,6.3,MM,MM,MM,MM
2026,04,28,12,26,MM,MM,MM,3.3,13,10.0,275,MM,MM,6.3,MM,MM,MM,MM
2026,04,28,11,56,MM,MM,MM,3.2,14,10.1,274,MM,MM,6.3,MM,MM,MM,MM
2026,04,28,11,26,MM,MM,MM,3.4,13,10.2,278,MM,MM,6.3,MM,MM,MM,MM
2026,04,28,10,56,MM,MM,MM,3.3,14,10.2,275,MM,MM,6.3,MM,MM,MM,MM
2026,04,28,10,26,MM,MM,MM,3.2,14,10.0,279,MM,MM,6.3,MM,MM,MM,MM
2026,04,28,09,56,MM,MM,MM,3.1,14,9.7,284,MM,MM,6.3,MM,MM,MM,MM
2026,04,28,09,26,MM,MM,MM,3.1,13,10.2,278,MM,MM,6.3,MM,MM,MM,MM
2026,04,28,08,56,MM,MM,MM,3.0,13,9.8,278,MM,MM,6.3,MM,MM,MM,MM
2026,04,28,08,26,MM,MM,MM,3.6,14,10.2,286,MM,MM,6.3,MM,MM,MM,MM
2026,04,28,07,56,MM,MM,MM,3.6,14,10.5,279,MM,MM,6.3,MM,MM,MM,MM
2026,04,28,07,26,MM,MM,MM,3.3,14,9.9,288,MM,MM,6.3,MM,MM,MM,MM
2026,04,28,06,56,MM,MM,MM,3.4,13,10.2,278,MM,MM,6.3,MM,MM,MM,MM
2026,04,28,06,26,MM,MM,MM,3.5,13,10.4,281,MM,MM,6.3,MM,MM,MM,MM
2026,04,28,05,56,MM,MM,MM,3.6,15,10.4,288,MM,MM,6.3,MM,MM,MM,MM
2026,04,28,05,26,MM,MM,MM,3.5,17,10.3,286,MM,MM,6.3,MM,MM,MM,MM
2026,04,28,04,56,MM,MM,MM,3.4,14,10.2,281,MM,MM,6.3,MM,MM,MM,MM
2026,04,28,04,26,MM,MM,MM,3.2,14,9.8,291,MM,MM,6.3,MM,MM,MM,MM
2026,04,28,03,56,MM,MM,MM,3.1,15,9.7,292,MM,MM,6.3,MM,MM,MM,MM
2026,04,28,03,26,MM,MM,MM,3.1,15,9.3,291,MM,MM,6.3,MM,MM,MM,MM
2026,04,28,02,56,MM,MM,MM,2.8,15,8.7,292,MM,MM,6.3,MM,MM,MM,MM
2026,04,28,02,26,MM,MM,MM,2.5,15,8.5,292,MM,MM,6.3,MM,MM,MM,MM
2026,04,28,01,56,MM,MM,MM,2.5,15,8.4,293,MM,MM,6.3,MM,MM,MM,MM
2026,04,28,01,26,MM,MM,MM,2.3,12,8.1,277,MM,MM,6.3,MM,MM,MM,MM
2026,04,28,00,56,MM,MM,MM,2.5,17,8.7,289,MM,MM,6.3,MM,MM,MM,MM
2026,04,28,00,26,MM,MM,MM,2.3,17,7.6,291,MM,MM,6.3,MM,MM,MM,MM
2026,04,27,23,56,MM,MM,MM,2.3,17,8.4,292,MM,MM,6.2,MM,MM,MM,MM
2026,04,27,23,26,MM,MM,MM,2.0,17,7.3,293,MM,MM,6.3,MM,MM,MM,MM
2026,04,27,22,56,MM,MM,MM,2.1,17,7.2,292,MM,MM,6.3,MM,MM,MM,MM
2026,04,27,22,26,MM,MM,MM,2.1,17,7.5,296,MM,MM,6.2,MM,MM,MM,MM
2026,04,27,21,56,MM,MM,MM,1.8,18,6.6,295,MM,MM,6.2,MM,MM,MM,MM
2026,04,27,21,26,MM,MM,MM,1.8,18,6.5,296,MM,MM,6.2,MM,MM,MM,MM
2026,04,27,20,56,MM,MM,MM,1.6,11,6.4,277,MM,MM,6.3,MM,MM,MM,MM
2026,04,27,20,26,MM,MM,MM,1.6,10,6.4,275,MM,MM,6.2,MM,MM,MM,MM
2026,04,27,19,56,MM,MM,MM,1.5,10,6.1,279,MM,MM,6.3,MM,MM,MM,MM
2026,04,27,19,26,MM,MM,MM,1.5,11,6.2,281,MM,MM,6.2,MM,MM,MM,MM
2026,04,27,18,56,MM,MM,MM,1.5,10,6.5,272,MM,MM,6.2,MM,MM,MM,MM
2026,04,27,18,26,MM,MM,MM,1.4,11,6.6,274,MM,MM,6.2,MM,MM,MM,MM
2026,04,27,17,56,MM,MM,MM,1.5,11,6.8,277,MM,MM,6.2,MM,MM,MM,MM
2026,04,27,17,26,MM,MM,MM,1.4,11,6.5,279,MM,MM,6.2,MM,MM,MM,MM
2026,04,27,16,56,MM,MM,MM,1.5,11,6.9,277,MM,MM,6.2,MM,MM,MM,MM
2026,04,27,16,26,MM,MM,MM,1.4,11,6.5,275,MM,MM,6.2,MM,MM,MM,MM
2026,04,27,15,56,MM,MM,MM,1.5,12,6.6,263,MM,MM,6.2,MM,MM,MM,MM
2026,04,27,15,26,MM,MM,MM,1.5,11,6.4,263,MM,MM,6.2,MM,MM,MM,MM
2026,04,27,14,56,MM,MM,MM,1.6,10,6.5,279,MM,MM,6.2,MM,MM,MM,MM
2026,04,27,14,26,MM,MM,MM,1.5,11,6.3,274,MM,MM,6.2,MM,MM,MM,MM
2026,04,27,13,56,MM,MM,MM,1.5,11,6.5,270,MM,MM,6.3,MM,MM,MM,MM
2026,04,27,13,26,MM,MM,MM,1.5,11,6.3,284,MM,MM,6.3,MM,MM,MM,MM
2026,04,27,12,56,MM,MM,MM,1.4,11,6.6,275,MM,MM,6.3,MM,MM,MM,MM
2026,04,27,12,26,MM,MM,MM,1.6,11,6.8,279,MM,MM,6.3,MM,MM,MM,MM
2026,04,27,11,56,MM,MM,MM,1.5,12,6.8,272,MM,MM,6.3,MM,MM,MM,MM
2026,04,27,11,26,MM,MM,MM,1.6,11,7.2,277,MM,MM,6.2,MM,MM,MM,MM
2026,04,27,10,56,MM,MM,MM,1.5,11,6.8,268,MM,MM,6.2,MM,MM,MM,MM
2026,04,27,10,26,MM,MM,MM,1.6,10,7.1,265,MM,MM,6.3,MM,MM,MM,MM
2026,04,27,09,56,MM,MM,MM,1.5,11,7.1,277,MM,MM,6.3,MM,MM,MM,MM
2026,04,27,09,26,MM,MM,MM,1.6,11,7.5,274,MM,MM,6.3,MM,MM,MM,MM
2026,04,27,08,56,MM,MM,MM,1.6,12,7.9,267,MM,MM,6.3,MM,MM,MM,MM
2026,04,27,08,26,MM,MM,MM,1.6,12,8.2,267,MM,MM,6.3,MM,MM,MM,MM
2026,04,27,07,56,MM,MM,MM,1.7,12,8.2,267,MM,MM,6.3,MM,MM,MM,MM
2026,04,27,07,26,MM,MM,MM,1.7,11,8.4,274,MM,MM,6.4,MM,MM,MM,MM
2026,04,27,06,56,MM,MM,MM,1.7,11,8.4,277,MM,MM,6.4,MM,MM,MM,MM
2026,04,27,06,26,MM,MM,MM,1.6,10,8.5,277,MM,MM,6.4,MM,MM,MM,MM
2026,04,27,05,56,MM,MM,MM,1.8,12,9.0,272,MM,MM,6.4,MM,MM,MM,MM
2026,04,27,05,26,MM,MM,MM,1.5,11,8.7,272,MM,MM,6.5,MM,MM,MM,MM
2026,04,27,04,56,MM,MM,MM,1.8,11,9.4,275,MM,MM,6.5,MM,MM,MM,MM
2026,04,27,04,26,MM,MM,MM,1.8,10,9.3,274,MM,MM,6.6,MM,MM,MM,MM
2026,04,27,03,56,MM,MM,MM,2.0,11,9.7,270,MM,MM,6.7,MM,MM,MM,MM
2026,04,27,03,26,MM,MM,MM,1.9,12,9.7,264,MM,MM,6.7,MM,MM,MM,MM
2026,04,27,02,56,MM,MM,MM,1.9,11,9.3,267,MM,MM,6.7,MM,MM,MM,MM
2026,04,27,02,26,MM,MM,MM,1.9,11,9.6,270,MM,MM,6.8,MM,MM,MM,MM
2026,04,27,01,56,MM,MM,MM,1.8,12,9.2,264,MM,MM,6.9,MM,MM,MM,MM
2026,04,27,01,26,MM,MM,MM,1.9,11,9.2,272,MM,MM,7.0,MM,MM,MM,MM
2026,04,27,00,56,MM,MM,MM,1.8,13,9.3,275,MM,MM,7.0,MM,MM,MM,MM
2026,04,27,00,26,MM,MM,MM,1.9,13,9.4,251,MM,MM,7.1,MM,MM,MM,MM
2026,04,26,23,56,MM,MM,MM,2.0,12,9.4,268,MM,MM,7.1,MM,MM,MM,MM
2026,04,26,23,26,MM,MM,MM,1.8,12,9.2,272,MM,MM,7.1,MM,MM,MM,MM
2026,04,26,22,56,MM,MM,MM,1.8,11,9.1,275,MM,MM,7.1,MM,MM,MM,MM
2026,04,26,22,26,MM,MM,MM,1.8,11,9.1,272,MM,MM,7.1,MM,MM,MM,MM
2026,04,26,21,56,MM,MM,MM,1.8,11,9.2,277,MM,MM,7.1,MM,MM,MM,MM
2026,04,26,21,26,MM,MM,MM,1.9,11,9.3,284,MM,MM,7.0,MM,MM,MM,MM
2026,04,26,20,56,MM,MM,MM,1.8,11,9.4,271,MM,MM,7.1,MM,MM,MM,MM
2026,04,26,20,26,MM,MM,MM,1.9,11,9.2,278,MM,MM,6.9,MM,MM,MM,MM
2026,04,26,19,56,MM,MM,MM,1.8,11,9.1,284,MM,MM,6.7,MM,MM,MM,MM
2026,04,26,19,26,MM,MM,MM,1.9,11,9.2,270,MM,MM,6.4,MM,MM,MM,MM
2026,04,26,18,56,MM,MM,MM,1.9,12,9.3,272,MM,MM,6.4,MM,MM,MM,MM
2026,04,26,18,26,MM,MM,MM,2.0,12,9.4,272,MM,MM,6.3,MM,MM,MM,MM
2026,04,26,17,56,MM,MM,MM,2.0,12,9.4,274,MM,MM,6.2,MM,MM,MM,MM
2026,04,26,17,26,MM,MM,MM,1.9,12,9.4,272,MM,MM,6.2,MM,MM,MM,MM
2026,04,26,16,56,MM,MM,MM,1.8,13,9.3,264,MM,MM,6.2,MM,MM,MM,MM
2026,04,26,16,26,MM,MM,MM,1.9,12,9.3,272,MM,MM,6.2,MM,MM,MM,MM
2026,04,26,15,56,MM,MM,MM,2.1,12,9.4,271,MM,MM,6.1,MM,MM,MM,MM
2026,04,26,15,26,MM,MM,MM,1.8,11,8.6,279,MM,MM,6.2,MM,MM,MM,MM
2026,04,26,14,56,MM,MM,MM,2.0,13,9.0,267,MM,MM,6.2,MM,MM,MM,MM
2026,04,26,14,26,MM,MM,MM,1.8,13,8.7,264,MM,MM,6.2,MM,MM,MM,MM
2026,04,26,13,56,MM,MM,MM,1.8,11,8.6,275,MM,MM,6.2,MM,MM,MM,MM
2026,04,26,13,26,MM,MM,MM,1.7,13,8.4,274,MM,MM,6.2,MM,MM,MM,MM
2026,04,26,12,56,MM,MM,MM,1.6,13,8.0,257,MM,MM,6.2,MM,MM,MM,MM
2026,04,26,12,26,MM,MM,MM,1.7,11,7.8,279,MM,MM,6.2,MM,MM,MM,MM
2026,04,26,11,56,MM,MM,MM,1.6,14,7.3,237,MM,MM,6.2,MM,MM,MM,MM
2026,04,26,11,26,MM,MM,MM,1.7,11,7.7,275,MM,MM,6.2,MM,MM,MM,MM
2026,04,26,10,56,MM,MM,MM,1.8,11,7.1,284,MM,MM,6.2,MM,MM,MM,MM
2026,04,26,10,26,MM,MM,MM,1.5,11,7.1,265,MM,MM,6.2,MM,MM,MM,MM
2026,04,26,09,56,MM,MM,MM,1.7,10,7.7,271,MM,MM,6.2,MM,MM,MM,MM
2026,04,26,09,26,MM,MM,MM,1.6,15,7.8,170,MM,MM,6.2,MM,MM,MM,MM
2026,04,26,08,56,MM,MM,MM,1.5,10,7.6,272,MM,MM,6.2,MM,MM,MM,MM
2026,04,26,08,26,MM,MM,MM,1.5,15,8.0,192,MM,MM,6.2,MM,MM,MM,MM
2026,04,26,07,56,MM,MM,MM,1.4,11,8.4,277,MM,MM,6.2,MM,MM,MM,MM
2026,04,26,07,26,MM,MM,MM,1.7,11,8.3,282,MM,MM,6.2,MM,MM,MM,MM
2026,04,26,06,56,MM,MM,MM,1.5,11,7.5,274,MM,MM,6.2,MM,MM,MM,MM
2026,04,26,06,26,MM,MM,MM,1.7,11,8.2,286,MM,MM,6.2,MM,MM,MM,MM
2026,04,26,05,56,MM,MM,MM,1.5,11,7.9,271,MM,MM,6.2,MM,MM,MM,MM
2026,04,26,05,26,MM,MM,MM,1.7,11,8.0,281,MM,MM,6.2,MM,MM,MM,MM
2026,04,26,04,56,MM,MM,MM,1.7,11,7.8,279,MM,MM,6.3,MM,MM,MM,MM
2026,04,26,04,26,MM,MM,MM,1.5,10,7.2,271,MM,MM,6.3,MM,MM,MM,MM
2026,04,26,03,56,MM,MM,MM,1.5,11,7.2,277,MM,MM,6.3,MM,MM,MM,MM
2026,04,26,03,26,MM,MM,MM,1.7,11,7.5,279,MM,MM,6.2,MM,MM,MM,MM
2026,04,26,02,56,MM,MM,MM,1.7,11,7.7,291,MM,MM,6.3,MM,MM,MM,MM
2026,04,26,02,26,MM,MM,MM,1.8,11,7.6,274,MM,MM,6.2,MM,MM,MM,MM
2026,04,26,01,56,MM,MM,MM,1.8,12,7.5,275,MM,MM,6.2,MM,MM,MM,MM
2026,04,26,01,26,MM,MM,MM,1.8,12,7.5,279,MM,MM,6.2,MM,MM,MM,MM
2026,04,26,00,56,MM,MM,MM,1.8,12,7.8,274,MM,MM,6.2,MM,MM,MM,MM
2026,04,26,00,26,MM,MM,MM,1.8,12,7.7,282,MM,MM,6.2,MM,MM,MM,MM
2026,04,25,23,56,MM,MM,MM,1.8,12,7.4,285,MM,MM,6.1,MM,MM,MM,MM
2026,04,25,23,26,MM,MM,MM,1.9,12,7.4,279,MM,MM,6.1,MM,MM,MM,MM
2026,04,25,22,56,MM,MM,MM,1.9,12,7.9,284,MM,MM,6.1,MM,MM,MM,MM
2026,04,25,22,26,MM,MM,MM,2.0,12,7.6,279,MM,MM,6.1,MM,MM,MM,MM
2026,04,25,21,56,MM,MM,MM,1.9,13,7.4,274,MM,MM,6.1,MM,MM,MM,MM
2026,04,25,21,26,MM,MM,MM,2.0,13,7.4,260,MM,MM,6.1,MM,MM,MM,MM
2026,04,25,20,56,MM,MM,MM,1.8,11,7.2,277,MM,MM,6.1,MM,MM,MM,MM
2026,04,25,20,26,MM,MM,MM,2.1,12,7.8,272,MM,MM,6.1,MM,MM,MM,MM
2026,04,25,19,56,MM,MM,MM,2.0,11,7.4,279,MM,MM,6.0,MM,MM,MM,MM
2026,04,25,19,26,MM,MM,MM,2.1,13,7.6,284,MM,MM,6.0,MM,MM,MM,MM
2026,04,25,18,56,MM,MM,MM,2.1,13,7.8,277,MM,MM,6.0,MM,MM,MM,MM
2026,04,25,18,26,MM,MM,MM,2.3,13,7.9,282,MM,MM,6.0,MM,MM,MM,MM
2026,04,25,17,56,MM,MM,MM,2.2,13,7.9,274,MM,MM,6.0,MM,MM,MM,MM
2026,04,25,17,26,MM,MM,MM,2.5,12,8.4,284,MM,MM,6.0,MM,MM,MM,MM
2026,04,25,16,56,MM,MM,MM,2.3,11,8.4,277,MM,MM,6.0,MM,MM,MM,MM
2026,04,25,16,26,MM,MM,MM,2.7,12,8.7,278,MM,MM,6.0,MM,MM,MM,MM
2026,04,25,15,56,MM,MM,MM,2.5,12,8.4,277,MM,MM,6.0,MM,MM,MM,MM
2026,04,25,15,26,MM,MM,MM,2.7,13,8.6,281,MM,MM,6.0,MM,MM,MM,MM
2026,04,25,14,56,MM,MM,MM,2.9,13,9.0,284,MM,MM,6.0,MM,MM,MM,MM
2026,04,25,14,26,MM,MM,MM,2.6,13,8.6,274,MM,MM,6.0,MM,MM,MM,MM
2026,04,25,13,56,MM,MM,MM,2.4,13,8.1,284,MM,MM,6.0,MM,MM,MM,MM
2026,04,25,13,26,MM,MM,MM,2.6,13,8.5,282,MM,MM,6.0,MM,MM,MM,MM
2026,04,25,12,56,MM,MM,MM,2.7,12,8.7,289,MM,MM,6.0,MM,MM,MM,MM
2026,04,25,12,26,MM,MM,MM,2.7,13,8.5,274,MM,MM,6.0,MM,MM,MM,MM
2026,04,25,11,56,MM,MM,MM,2.6,13,8.4,288,MM,MM,6.0,MM,MM,MM,MM
2026,04,25,11,26,MM,MM,MM,2.5,13,8.0,285,MM,MM,6.0,MM,MM,MM,MM
2026,04,25,10,56,MM,MM,MM,2.7,13,8.6,275,MM,MM,6.0,MM,MM,MM,MM
2026,04,25,10,26,MM,MM,MM,2.5,13,7.8,285,MM,MM,6.0,MM,MM,MM,MM
2026,04,25,09,56,MM,MM,MM,2.6,13,8.2,279,MM,MM,6.0,MM,MM,MM,MM
2026,04,25,09,26,MM,MM,MM,2.7,13,8.2,278,MM,MM,6.0,MM,MM,MM,MM
2026,04,25,08,56,MM,MM,MM,2.8,12,8.7,279,MM,MM,6.0,MM,MM,MM,MM
2026,04,25,08,26,MM,MM,MM,2.8,13,8.3,281,MM,MM,6.0,MM,MM,MM,MM
2026,04,25,07,56,MM,MM,MM,3.3,13,8.8,284,MM,MM,6.0,MM,MM,MM,MM
2026,04,25,07,26,MM,MM,MM,2.9,13,8.5,277,MM,MM,6.0,MM,MM,MM,MM
2026,04,25,06,56,MM,MM,MM,2.9,13,8.6,281,MM,MM,6.0,MM,MM,MM,MM
2026,04,25,06,26,MM,MM,MM,2.8,13,8.2,284,MM,MM,6.0,MM,MM,MM,MM
2026,04,25,05,56,MM,MM,MM,3.1,13,8.8,285,MM,MM,6.0,MM,MM,MM,MM
2026,04,25,05,26,MM,MM,MM,3.0,13,8.5,292,MM,MM,6.0,MM,MM,MM,MM
2026,04,25,04,56,MM,MM,MM,3.1,13,9.0,277,MM,MM,6.0,MM,MM,MM,MM
2026,04,25,04,26,MM,MM,MM,3.1,13,8.6,282,MM,MM,6.0,MM,MM,MM,MM
2026,04,25,03,56,MM,MM,MM,3.3,13,8.9,282,MM,MM,6.0,MM,MM,MM,MM
2026,04,25,03,26,MM,MM,MM,3.1,14,8.2,289,MM,MM,6.0,MM,MM,MM,MM
2026,04,25,02,56,MM,MM,MM,3.2,13,8.5,277,MM,MM,6.0,MM,MM,MM,MM
2026,04,25,02,26,MM,MM,MM,3.4,14,8.8,278,MM,MM,6.0,MM,MM,MM,MM
2026,04,25,01,56,MM,MM,MM,3.2,14,8.4,275,MM,MM,6.0,MM,MM,MM,MM
2026,04,25,01,26,MM,MM,MM,3.5,13,8.8,282,MM,MM,6.0,MM,MM,MM,MM
2026,04,25,00,56,MM,MM,MM,3.8,13,8.9,281,MM,MM,6.0,MM,MM,MM,MM
2026,04,25,00,26,MM,MM,MM,3.5,14,8.4,282,MM,MM,6.0,MM,MM,MM,MM
2026,04,24,23,56,MM,MM,MM,3.8,14,8.5,278,MM,MM,6.0,MM,MM,MM,MM
2026,04,24,23,26,MM,MM,MM,3.6,12,8.4,281,MM,MM,6.0,MM,MM,MM,MM
2026,04,24,22,56,MM,MM,MM,3.7,14,8.7,277,MM,MM,6.0,MM,MM,MM,MM
2026,04,24,22,26,MM,MM,MM,3.5,13,8.2,274,MM,MM,6.0,MM,MM,MM,MM
2026,04,24,21,56,MM,MM,MM,3.5,13,8.3,286,MM,MM,6.0,MM,MM,MM,MM
2026,04,24,21,26,MM,MM,MM,3.6,14,8.5,274,MM,MM,6.0,MM,MM,MM,MM
2026,04,24,20,56,MM,MM,MM,3.3,14,7.8,284,MM,MM,6.0,MM,MM,MM,MM
2026,04,24,20,26,MM,MM,MM,3.3,14,7.9,271,MM,MM,6.0,MM,MM,MM,MM
2026,04,24,19,56,MM,MM,MM,3.4,13,8.0,286,MM,MM,6.0,MM,MM,MM,MM
2026,04,24,19,26,MM,MM,MM,3.0,15,7.6,274,MM,MM,6.0,MM,MM,MM,MM
2026,04,24,18,56,MM,MM,MM,2.8,13,7.4,275,MM,MM,6.0,MM,MM,MM,MM
2026,04,24,18,26,MM,MM,MM,2.9,14,7.6,281,MM,MM,6.0,MM,MM,MM,MM
2026,04,24,17,56,MM,MM,MM,3.0,14,7.9,278,MM,MM,6.0,MM,MM,MM,MM
2026,04,24,16,56,MM,MM,MM,2.6,13,7.1,271,MM,MM,6.0,MM,MM,MM,MM
2026,04,24,16,26,MM,MM,MM,2.8,13,7.3,275,MM,MM,6.0,MM,MM,MM,MM
2026,04,24,15,56,MM,MM,MM,2.8,13,7.3,277,MM,MM,6.0,MM,MM,MM,MM
2026,04,24,15,26,MM,MM,MM,2.5,13,6.8,270,MM,MM,6.0,MM,MM,MM,MM
2026,04,24,14,56,MM,MM,MM,2.6,13,7.1,277,MM,MM,6.0,MM,MM,MM,MM
2026,04,24,14,26,MM,MM,MM,2.7,12,7.4,274,MM,MM,6.0,MM,MM,MM,MM
2026,04,24,13,56,MM,MM,MM,2.8,13,7.2,278,MM,MM,6.0,MM,MM,MM,MM
2026,04,24,13,26,MM,MM,MM,2.7,11,7.0,270,MM,MM,6.0,MM,MM,MM,MM
2026,04,24,08,56,MM,MM,MM,2.2,13,6.7,274,MM,MM,6.0,MM,MM,MM,MM
2026,04,24,08,26,MM,MM,MM,2.2,13,6.4,248,MM,MM,6.0,MM,MM,MM,MM
2026,04,24,07,56,MM,MM,MM,2.0,11,6.2,289,MM,MM,6.0,MM,MM,MM,MM
2026,04,24,07,26,MM,MM,MM,2.1,11,6.1,277,MM,MM,6.0,MM,MM,MM,MM
2026,04,24,06,56,MM,MM,MM,2.0,12,6.0,261,MM,MM,6.0,MM,MM,MM,MM
2026,04,24,06,26,MM,MM,MM,2.0,12,6.1,270,MM,MM,6.0,MM,MM,MM,MM
2026,04,24,05,56,MM,MM,MM,2.0,11,6.2,281,MM,MM,6.0,MM,MM,MM,MM
2026,04,24,05,26,MM,MM,MM,2.0,11,6.2,275,MM,MM,6.0,MM,MM,MM,MM
2026,04,24,04,56,MM,MM,MM,2.0,8,5.9,257,MM,MM,6.0,MM,MM,MM,MM
2026,04,24,04,26,MM,MM,MM,2.0,12,6.2,278,MM,MM,6.0,MM,MM,MM,MM
2026,04,24,03,56,MM,MM,MM,2.0,15,6.2,213,MM,MM,6.0,MM,MM,MM,MM
2026,04,24,03,26,MM,MM,MM,2.0,12,6.0,282,MM,MM,6.0,MM,MM,MM,MM
2026,04,24,02,56,MM,MM,MM,2.1,10,6.3,264,MM,MM,6.0,MM,MM,MM,MM
2026,04,24,02,26,MM,MM,MM,2.0,11,6.2,268,MM,MM,6.0,MM,MM,MM,MM
2026,04,24,01,56,MM,MM,MM,1.9,10,6.4,270,MM,MM,6.0,MM,MM,MM,MM
2026,04,24,01,26,MM,MM,MM,2.0,13,6.4,277,MM,MM,6.0,MM,MM,MM,MM
2026,04,24,00,56,MM,MM,MM,2.0,11,6.2,274,MM,MM,6.0,MM,MM,MM,MM
2026,04,24,00,26,MM,MM,MM,2.0,11,6.6,271,MM,MM,6.0,MM,MM,MM,MM
2026,04,23,23,56,MM,MM,MM,2.1,11,7.0,274,MM,MM,6.0,MM,MM,MM,MM
2026,04,23,23,26,MM,MM,MM,1.9,13,6.7,278,MM,MM,6.0,MM,MM,MM,MM
2026,04,23,22,56,MM,MM,MM,2.0,13,6.8,277,MM,MM,6.0,MM,MM,MM,MM
2026,04,23,22,26,MM,MM,MM,2.0,13,6.7,271,MM,MM,6.0,MM,MM,MM,MM
2026,04,23,21,56,MM,MM,MM,1.8,13,6.6,265,MM,MM,6.1,MM,MM,MM,MM
2026,04,23,21,26,MM,MM,MM,1.8,13,6.6,254,MM,MM,6.1,MM,MM,MM,MM
2026,04,23,20,56,MM,MM,MM,1.8,15,6.9,223,MM,MM,6.1,MM,MM,MM,MM
2026,04,23,20,26,MM,MM,MM,1.8,10,6.7,272,MM,MM,6.1,MM,MM,MM,MM
2026,04,23,19,56,MM,MM,MM,1.7,15,6.6,227,MM,MM,6.0,MM,MM,MM,MM
2026,04,23,19,26,MM,MM,MM,1.7,15,6.8,236,MM,MM,6.0,MM,MM,MM,MM
2026,04,23,18,56,MM,MM,MM,1.6,13,6.5,274,MM,MM,6.0,MM,MM,MM,MM
2026,04,23,18,26,MM,MM,MM,1.6,11,6.1,272,MM,MM,6.0,MM,MM,MM,MM
2026,04,23,17,56,MM,MM,MM,1.6,15,6.0,258,MM,MM,6.0,MM,MM,MM,MM
2026,04,23,17,26,MM,MM,MM,1.5,15,6.2,230,MM,MM,6.0,MM,MM,MM,MM
2026,04,23,16,56,MM,MM,MM,1.5,13,5.9,270,MM,MM,6.0,MM,MM,MM,MM
2026,04,23,16,26,MM,MM,MM,1.5,15,6.0,254,MM,MM,6.0,MM,MM,MM,MM
2026,04,23,15,56,MM,MM,MM,1.5,15,5.9,254,MM,MM,6.0,MM,MM,MM,MM
2026,04,23,15,26,MM,MM,MM,1.6,15,6.3,232,MM,MM,6.0,MM,MM,MM,MM
2026,04,23,14,56,MM,MM,MM,1.5,13,5.9,237,MM,MM,6.0,MM,MM,MM,MM
2026,04,23,14,26,MM,MM,MM,1.5,15,5.8,237,MM,MM,6.0,MM,MM,MM,MM
2026,04,23,13,56,MM,MM,MM,1.5,13,6.0,213,MM,MM,5.9,MM,MM,MM,MM
2026,04,23,13,26,MM,MM,MM,1.5,14,6.0,248,MM,MM,5.9,MM,MM,MM,MM
2026,04,23,12,56,MM,MM,MM,1.5,15,5.9,255,MM,MM,5.9,MM,MM,MM,MM
2026,04,23,12,26,MM,MM,MM,1.4,14,5.8,274,MM,MM,5.9,MM,MM,MM,MM
2026,04,23,11,56,MM,MM,MM,1.4,11,5.9,278,MM,MM,5.9,MM,MM,MM,MM
2026,04,23,11,26,MM,MM,MM,1.4,17,5.8,248,MM,MM,6.0,MM,MM,MM,MM
2026,04,23,10,56,MM,MM,MM,1.4,14,5.8,264,MM,MM,6.0,MM,MM,MM,MM
2026,04,23,10,26,MM,MM,MM,1.4,17,6.1,244,MM,MM,6.0,MM,MM,MM,MM
2026,04,23,09,56,MM,MM,MM,1.3,14,5.6,246,MM,MM,6.0,MM,MM,MM,MM
2026,04,23,09,26,MM,MM,MM,1.3,17,5.8,167,MM,MM,6.0,MM,MM,MM,MM
2026,04,23,08,56,MM,MM,MM,1.2,13,5.7,219,MM,MM,6.0,MM,MM,MM,MM
2026,04,23,08,26,MM,MM,MM,1.3,17,5.9,203,MM,MM,6.0,MM,MM,MM,MM
2026,04,23,07,56,MM,MM,MM,1.2,17,6.0,236,MM,MM,6.0,MM,MM,MM,MM
2026,04,23,07,26,MM,MM,MM,1.2,13,6.0,220,MM,MM,6.0,MM,MM,MM,MM
2026,04,23,06,56,MM,MM,MM,1.2,17,6.0,158,MM,MM,6.0,MM,MM,MM,MM
2026,04,23,06,26,MM,MM,MM,1.3,17,6.4,185,MM,MM,6.0,MM,MM,MM,MM
2026,04,23,05,56,MM,MM,MM,1.3,11,6.2,267,MM,MM,6.0,MM,MM,MM,MM
2026,04,23,05,26,MM,MM,MM,1.2,14,6.2,234,MM,MM,6.0,MM,MM,MM,MM
2026,04,23,04,56,MM,MM,MM,1.2,17,6.0,241,MM,MM,6.0,MM,MM,MM,MM
2026,04,23,04,26,MM,MM,MM,1.3,14,6.9,261,MM,MM,6.0,MM,MM,MM,MM
2026,04,23,03,56,MM,MM,MM,1.3,14,6.7,250,MM,MM,6.1,MM,MM,MM,MM
2026,04,23,03,26,MM,MM,MM,1.3,13,6.5,277,MM,MM,6.1,MM,MM,MM,MM
2026,04,23,02,56,MM,MM,MM,1.3,11,6.4,275,MM,MM,6.1,MM,MM,MM,MM
2026,04,23,02,26,MM,MM,MM,1.2,14,6.0,268,MM,MM,6.1,MM,MM,MM,MM
2026,04,23,01,56,MM,MM,MM,1.3,11,6.2,285,MM,MM,6.0,MM,MM,MM,MM
2026,04,23,01,26,MM,MM,MM,1.2,15,6.1,265,MM,MM,6.0,MM,MM,MM,MM
2026,04,23,00,56,MM,MM,MM,1.2,11,5.9,271,MM,MM,6.0,MM,MM,MM,MM
2026,04,23,00,26,MM,MM,MM,1.3,11,6.0,278,MM,MM,5.9,MM,MM,MM,MM
2026,04,22,23,56,MM,MM,MM,1.2,14,5.9,248,MM,MM,5.9,MM,MM,MM,MM
2026,04,22,23,26,MM,MM,MM,1.3,15,6.3,258,MM,MM,5.9,MM,MM,MM,MM
2026,04,22,22,56,MM,MM,MM,1.3,11,6.5,277,MM,MM,5.9,MM,MM,MM,MM
2026,04,22,22,26,MM,MM,MM,1.3,12,6.1,254,MM,MM,5.9,MM,MM,MM,MM
2026,04,22,21,56,MM,MM,MM,1.3,11,6.6,268,MM,MM,5.9,MM,MM,MM,MM
2026,04,22,21,26,MM,MM,MM,1.3,11,6.6,267,MM,MM,5.9,MM,MM,MM,MM
2026,04,22,20,56,MM,MM,MM,1.3,13,6.7,267,MM,MM,5.8,MM,MM,MM,MM
2026,04,22,20,26,MM,MM,MM,1.3,11,6.8,271,MM,MM,5.9,MM,MM,MM,MM
2026,04,22,19,56,MM,MM,MM,1.3,11,6.7,270,MM,MM,5.9,MM,MM,MM,MM
2026,04,22,19,26,MM,MM,MM,1.3,12,6.6,263,MM,MM,5.9,MM,MM,MM,MM
2026,04,22,18,56,MM,MM,MM,1.4,11,7.1,281,MM,MM,5.9,MM,MM,MM,MM
2026,04,22,18,26,MM,MM,MM,1.4,11,7.4,285,MM,MM,5.9,MM,MM,MM,MM
2026,04,22,17,56,MM,MM,MM,1.3,12,7.7,279,MM,MM,5.9,MM,MM,MM,MM
2026,04,22,17,26,MM,MM,MM,1.4,11,7.8,286,MM,MM,5.9,MM,MM,MM,MM
2026,04,22,16,56,MM,MM,MM,1.5,11,8.1,281,MM,MM,5.8,MM,MM,MM,MM
2026,04,22,16,26,MM,MM,MM,1.4,11,7.9,281,MM,MM,5.8,MM,MM,MM,MM
2026,04,22,15,56,MM,MM,MM,1.4,12,8.0,279,MM,MM,5.8,MM,MM,MM,MM
2026,04,22,15,26,MM,MM,MM,1.5,12,8.0,270,MM,MM,5.8,MM,MM,MM,MM
2026,04,22,14,56,MM,MM,MM,1.5,11,8.2,277,MM,MM,5.6,MM,MM,MM,MM
2026,04,22,14,26,MM,MM,MM,1.6,11,8.4,292,MM,MM,5.6,MM,MM,MM,MM
2026,04,22,13,56,MM,MM,MM,1.6,13,8.5,261,MM,MM,5.9,MM,MM,MM,MM
2026,04,22,13,26,MM,MM,MM,1.6,12,8.4,279,MM,MM,5.9,MM,MM,MM,MM
2026,04,22,12,56,MM,MM,MM,1.7,11,8.7,265,MM,MM,5.9,MM,MM,MM,MM
2026,04,22,12,26,MM,MM,MM,1.7,12,8.7,271,MM,MM,6.0,MM,MM,MM,MM
2026,04,22,11,56,MM,MM,MM,1.7,12,8.9,274,MM,MM,6.0,MM,MM,MM,MM
2026,04,22,11,26,MM,MM,MM,1.6,12,8.4,274,MM,MM,6.0,MM,MM,MM,MM
2026,04,22,10,56,MM,MM,MM,1.6,12,8.8,272,MM,MM,6.1,MM,MM,MM,MM
2026,04,22,10,26,MM,MM,MM,1.7,11,8.4,282,MM,MM,6.4,MM,MM,MM,MM
2026,04,22,09,56,MM,MM,MM,1.8,12,8.7,274,MM,MM,6.6,MM,MM,MM,MM
2026,04,22,09,26,MM,MM,MM,1.8,13,8.9,263,MM,MM,6.5,MM,MM,MM,MM
2026,04,22,08,56,MM,MM,MM,1.8,13,8.6,278,MM,MM,6.0,MM,MM,MM,MM
2026,04,22,08,26,MM,MM,MM,1.7,13,8.7,267,MM,MM,6.6,MM,MM,MM,MM
2026,04,22,07,56,MM,MM,MM,1.9,12,9.1,277,MM,MM,6.8,MM,MM,MM,MM
2026,04,22,07,26,MM,MM,MM,1.8,13,8.6,272,MM,MM,7.2,MM,MM,MM,MM
2026,04,22,06,56,MM,MM,MM,2.0,12,9.0,282,MM,MM,7.2,MM,MM,MM,MM
2026,04,22,06,26,MM,MM,MM,1.9,12,8.9,281,MM,MM,7.4,MM,MM,MM,MM
2026,04,22,05,56,MM,MM,MM,1.9,13,8.9,281,MM,MM,7.2,MM,MM,MM,MM
2026,04,22,05,26,MM,MM,MM,1.9,13,8.7,277,MM,MM,7.5,MM,MM,MM,MM
2026,04,22,04,56,MM,MM,MM,2.1,12,9.0,279,MM,MM,7.4,MM,MM,MM,MM
2026,04,22,04,26,MM,MM,MM,2.0,13,8.7,279,MM,MM,7.8,MM,MM,MM,MM
2026,04,22,03,56,MM,MM,MM,2.3,13,9.2,275,MM,MM,7.4,MM,MM,MM,MM
2026,04,22,03,26,MM,MM,MM,2.1,13,8.9,282,MM,MM,8.0,MM,MM,MM,MM
2026,04,22,02,56,MM,MM,MM,2.2,13,9.2,279,MM,MM,8.2,MM,MM,MM,MM
2026,04,22,02,26,MM,MM,MM,2.0,13,8.9,271,MM,MM,8.3,MM,MM,MM,MM
2026,04,22,01,26,MM,MM,MM,2.4,13,9.7,274,MM,MM,7.8,MM,MM,MM,MM
2026,04,22,00,56,MM,MM,MM,2.1,13,9.1,274,MM,MM,8.1,MM,MM,MM,MM
2026,04,22,00,26,MM,MM,MM,2.1,13,9.1,272,MM,MM,7.4,MM,MM,MM,MM
2026,04,21,23,56,MM,MM,MM,2.2,12,9.2,272,MM,MM,7.5,MM,MM,MM,MM
2026,04,21,23,26,MM,MM,MM,2.2,13,9.1,281,MM,MM,7.1,MM,MM,MM,MM
2026,04,21,22,56,MM,MM,MM,2.3,13,9.3,277,MM,MM,6.8,MM,MM,MM,MM
2026,04,21,22,26,MM,MM,MM,2.3,13,9.0,279,MM,MM,6.5,MM,MM,MM,MM
2026,04,21,21,56,MM,MM,MM,2.2,13,9.0,275,MM,MM,6.6,MM,MM,MM,MM
2026,04,21,21,26,MM,MM,MM,2.3,11,9.1,274,MM,MM,6.3,MM,MM,MM,MM
2026,04,21,20,56,MM,MM,MM,2.4,13,9.3,270,MM,MM,6.2,MM,MM,MM,MM
2026,04,21,20,26,MM,MM,MM,2.3,13,9.2,278,MM,MM,6.1,MM,MM,MM,MM
2026,04,21,19,56,MM,MM,MM,2.2,13,8.9,281,MM,MM,6.1,MM,MM,MM,MM
2026,04,21,19,26,MM,MM,MM,2.3,13,9.0,270,MM,MM,5.9,MM,MM,MM,MM
2026,04,21,18,56,MM,MM,MM,2.2,13,8.9,281,MM,MM,5.7,MM,MM,MM,MM
2026,04,21,18,26,MM,MM,MM,2.4,13,9.2,282,MM,MM,5.7,MM,MM,MM,MM
2026,04,21,17,56,MM,MM,MM,2.4,13,9.2,285,MM,MM,5.6,MM,MM,MM,MM
2026,04,21,17,26,MM,MM,MM,2.4,13,9.1,272,MM,MM,5.6,MM,MM,MM,MM
2026,04,21,16,56,MM,MM,MM,2.4,12,8.8,274,MM,MM,5.6,MM,MM,MM,MM
2026,04,21,16,26,MM,MM,MM,2.5,13,9.2,277,MM,MM,5.6,MM,MM,MM,MM
2026,04,21,15,56,MM,MM,MM,2.5,13,9.1,272,MM,MM,5.6,MM,MM,MM,MM
2026,04,21,15,26,MM,MM,MM,2.7,14,9.5,281,MM,MM,5.6,MM,MM,MM,MM
2026,04,21,14,56,MM,MM,MM,2.6,13,9.3,278,MM,MM,5.6,MM,MM,MM,MM
2026,04,21,14,26,MM,MM,MM,2.7,14,9.3,281,MM,MM,5.6,MM,MM,MM,MM
2026,04,21,13,56,MM,MM,MM,2.5,13,9.2,277,MM,MM,5.6,MM,MM,MM,MM
2026,04,21,13,26,MM,MM,MM,2.7,13,9.7,278,MM,MM,5.5,MM,MM,MM,MM
2026,04,21,12,56,MM,MM,MM,2.8,13,9.6,272,MM,MM,5.5,MM,MM,MM,MM
2026,04,21,12,26,MM,MM,MM,2.5,13,9.2,272,MM,MM,5.6,MM,MM,MM,MM
2026,04,21,11,56,MM,MM,MM,2.5,13,9.4,275,MM,MM,5.6,MM,MM,MM,MM
2026,04,21,11,26,MM,MM,MM,2.7,13,9.6,271,MM,MM,5.6,MM,MM,MM,MM
2026,04,21,10,56,MM,MM,MM,2.8,13,9.9,281,MM,MM,5.6,MM,MM,MM,MM
2026,04,21,10,26,MM,MM,MM,2.5,11,9.0,274,MM,MM,5.6,MM,MM,MM,MM
2026,04,21,09,56,MM,MM,MM,2.7,13,9.4,271,MM,MM,5.6,MM,MM,MM,MM
2026,04,21,09,26,MM,MM,MM,2.6,13,9.2,275,MM,MM,5.6,MM,MM,MM,MM
2026,04,21,08,56,MM,MM,MM,2.7,13,9.4,282,MM,MM,5.6,MM,MM,MM,MM
2026,04,21,08,26,MM,MM,MM,2.8,15,9.9,272,MM,MM,5.6,MM,MM,MM,MM
2026,04,21,07,56,MM,MM,MM,2.8,13,9.4,267,MM,MM,5.6,MM,MM,MM,MM
2026,04,21,07,26,MM,MM,MM,2.5,13,8.7,277,MM,MM,5.6,MM,MM,MM,MM
2026,04,21,06,56,MM,MM,MM,2.7,14,9.4,279,MM,MM,5.6,MM,MM,MM,MM
2026,04,21,06,26,MM,MM,MM,2.6,13,8.7,274,MM,MM,5.6,MM,MM,MM,MM
2026,04,21,05,56,MM,MM,MM,2.8,13,8.8,274,MM,MM,5.6,MM,MM,MM,MM
2026,04,21,05,26,MM,MM,MM,2.8,13,8.5,279,MM,MM,5.6,MM,MM,MM,MM
2026,04,21,04,56,MM,MM,MM,2.7,13,8.7,278,MM,MM,5.6,MM,MM,MM,MM
2026,04,21,04,26,MM,MM,MM,2.9,13,8.9,279,MM,MM,5.6,MM,MM,MM,MM
2026,04,21,03,56,MM,MM,MM,2.9,13,9.1,284,MM,MM,5.6,MM,MM,MM,MM
2026,04,21,03,26,MM,MM,MM,2.9,13,8.7,279,MM,MM,5.6,MM,MM,MM,MM
2026,04,21,02,56,MM,MM,MM,3.0,13,9.0,275,MM,MM,5.6,MM,MM,MM,MM
2026,04,21,02,26,MM,MM,MM,3.0,12,9.1,281,MM,MM,5.7,MM,MM,MM,MM
2026,04,21,01,56,MM,MM,MM,3.1,13,9.5,275,MM,MM,5.6,MM,MM,MM,MM
2026,04,21,01,26,MM,MM,MM,3.2,13,9.6,277,MM,MM,5.7,MM,MM,MM,MM
2026,04,21,00,56,MM,MM,MM,3.0,13,9.3,274,MM,MM,5.7,MM,MM,MM,MM
2026,04,21,00,26,MM,MM,MM,2.9,13,9.6,275,MM,MM,5.6,MM,MM,MM,MM
2026,04,20,23,56,MM,MM,MM,3.0,13,9.5,281,MM,MM,5.6,MM,MM,MM,MM
2026,04,20,23,26,MM,MM,MM,3.0,12,9.4,277,MM,MM,5.6,MM,MM,MM,MM
2026,04,20,22,56,MM,MM,MM,2.9,13,9.4,277,MM,MM,5.6,MM,MM,MM,MM
2026,04,20,22,26,MM,MM,MM,2.8,12,9.1,278,MM,MM,5.6,MM,MM,MM,MM
2026,04,20,21,56,MM,MM,MM,2.8,13,9.2,275,MM,MM,5.5,MM,MM,MM,MM
2026,04,20,21,26,MM,MM,MM,2.9,13,9.3,281,MM,MM,5.5,MM,MM,MM,MM
2026,04,20,20,56,MM,MM,MM,3.0,13,9.3,281,MM,MM,5.5,MM,MM,MM,MM
2026,04,20,20,26,MM,MM,MM,2.8,13,9.0,285,MM,MM,5.5,MM,MM,MM,MM
2026,04,20,19,56,MM,MM,MM,2.7,13,8.6,274,MM,MM,5.5,MM,MM,MM,MM
2026,04,20,19,26,MM,MM,MM,2.9,14,8.7,278,MM,MM,5.5,MM,MM,MM,MM
2026,04,20,18,56,MM,MM,MM,2.9,14,8.8,278,MM,MM,5.5,MM,MM,MM,MM
2026,04,20,18,26,MM,MM,MM,2.6,13,8.2,272,MM,MM,5.5,MM,MM,MM,MM
2026,04,20,17,56,MM,MM,MM,2.8,13,9.0,279,MM,MM,5.4,MM,MM,MM,MM
2026,04,20,17,26,MM,MM,MM,2.7,14,8.6,281,MM,MM,5.4,MM,MM,MM,MM
2026,04,20,16,56,MM,MM,MM,2.7,13,8.6,284,MM,MM,5.4,MM,MM,MM,MM
2026,04,20,16,26,MM,MM,MM,2.4,15,7.9,279,MM,MM,5.4,MM,MM,MM,MM
2026,04,20,15,56,MM,MM,MM,2.6,15,8.6,279,MM,MM,5.4,MM,MM,MM,MM
2026,04,20,15,26,MM,MM,MM,2.4,14,7.8,279,MM,MM,5.4,MM,MM,MM,MM
2026,04,20,14,56,MM,MM,MM,2.3,15,7.4,274,MM,MM,5.5,MM,MM,MM,MM
2026,04,20,14,26,MM,MM,MM,2.1,14,7.0,284,MM,MM,5.5,MM,MM,MM,MM
2026,04,20,13,56,MM,MM,MM,2.2,15,7.5,282,MM,MM,5.5,MM,MM,MM,MM
2026,04,20,13,26,MM,MM,MM,1.9,15,7.0,285,MM,MM,5.5,MM,MM,MM,MM
2026,04,20,12,56,MM,MM,MM,1.8,15,6.8,281,MM,MM,5.5,MM,MM,MM,MM
2026,04,20,12,26,MM,MM,MM,1.8,15,6.9,282,MM,MM,5.5,MM,MM,MM,MM
2026,04,20,11,56,MM,MM,MM,1.7,15,6.7,268,MM,MM,5.6,MM,MM,MM,MM
2026,04,20,11,26,MM,MM,MM,1.6,15,6.5,270,MM,MM,5.6,MM,MM,MM,MM
2026,04,20,10,56,MM,MM,MM,1.7,7,6.5,23,MM,MM,5.6,MM,MM,MM,MM
2026,04,20,10,26,MM,MM,MM,1.4,8,6.0,29,MM,MM,5.6,MM,MM,MM,MM
2026,04,20,09,56,MM,MM,MM,1.5,8,6.3,15,MM,MM,5.6,MM,MM,MM,MM
2026,04,20,09,26,MM,MM,MM,1.6,7,6.7,344,MM,MM,5.6,MM,MM,MM,MM
2026,04,20,08,56,MM,MM,MM,1.6,8,6.7,35,MM,MM,5.6,MM,MM,MM,MM
2026,04,20,08,26,MM,MM,MM,1.7,8,6.5,21,MM,MM,5.6,MM,MM,MM,MM
2026,04,20,07,56,MM,MM,MM,1.7,7,6.5,357,MM,MM,5.6,MM,MM,MM,MM
2026,04,20,07,26,MM,MM,MM,1.6,7,6.3,357,MM,MM,5.5,MM,MM,MM,MM
2026,04,20,06,56,MM,MM,MM,1.8,8,6.4,21,MM,MM,5.6,MM,MM,MM,MM
2026,04,20,06,26,MM,MM,MM,1.6,7,6.4,9,MM,MM,5.5,MM,MM,MM,MM
2026,04,20,05,56,MM,MM,MM,1.8,8,6.5,9,MM,MM,5.5,MM,MM,MM,MM
2026,04,20,05,26,MM,MM,MM,2.0,8,6.5,2,MM,MM,5.5,MM,MM,MM,MM
2026,04,20,04,56,MM,MM,MM,1.9,8,6.4,322,MM,MM,5.6,MM,MM,MM,MM
2026,04,20,04,26,MM,MM,MM,2.0,8,6.5,5,MM,MM,5.6,MM,MM,MM,MM
2026,04,20,03,56,MM,MM,MM,2.0,8,6.3,19,MM,MM,5.5,MM,MM,MM,MM
2026,04,20,03,26,MM,MM,MM,2.1,8,6.5,18,MM,MM,5.6,MM,MM,MM,MM
2026,04,20,02,56,MM,MM,MM,2.3,8,6.6,12,MM,MM,5.6,MM,MM,MM,MM
2026,04,20,02,26,MM,MM,MM,2.4,8,6.7,5,MM,MM,5.6,MM,MM,MM,MM
2026,04,20,01,56,MM,MM,MM,2.4,8,6.8,16,MM,MM,5.6,MM,MM,MM,MM
2026,04,20,01,26,MM,MM,MM,2.3,8,6.7,8,MM,MM,5.6,MM,MM,MM,MM
2026,04,20,00,56,MM,MM,MM,2.3,8,6.7,18,MM,MM,5.6,MM,MM,MM,MM
2026,04,20,00,26,MM,MM,MM,2.4,9,6.8,4,MM,MM,5.6,MM,MM,MM,MM
2026,04,19,23,56,MM,MM,MM,2.4,8,6.8,14,MM,MM,5.5,MM,MM,MM,MM
2026,04,19,23,26,MM,MM,MM,2.3,9,6.7,18,MM,MM,5.5,MM,MM,MM,MM
2026,04,19,22,56,MM,MM,MM,2.6,8,7.0,12,MM,MM,5.5,MM,MM,MM,MM
2026,04,19,22,26,MM,MM,MM,2.6,9,6.8,33,MM,MM,5.5,MM,MM,MM,MM
2026,04,19,21,56,MM,MM,MM,2.6,8,6.8,18,MM,MM,5.5,MM,MM,MM,MM
2026,04,19,21,26,MM,MM,MM,2.6,9,6.9,9,MM,MM,5.5,MM,MM,MM,MM
2026,04,19,20,56,MM,MM,MM,2.6,10,6.8,32,MM,MM,5.5,MM,MM,MM,MM
2026,04,19,20,26,MM,MM,MM,2.5,8,6.7,4,MM,MM,5.4,MM,MM,MM,MM
2026,04,19,19,56,MM,MM,MM,2.7,9,6.9,21,MM,MM,5.4,MM,MM,MM,MM
2026,04,19,19,26,MM,MM,MM,2.7,10,6.9,357,MM,MM,5.4,MM,MM,MM,MM
2026,04,19,18,56,MM,MM,MM,2.8,9,6.9,19,MM,MM,5.4,MM,MM,MM,MM
2026,04,19,18,26,MM,MM,MM,2.9,8,6.9,347,MM,MM,5.4,MM,MM,MM,MM
2026,04,19,17,56,MM,MM,MM,2.8,10,6.7,14,MM,MM,5.4,MM,MM,MM,MM
2026,04,19,17,26,MM,MM,MM,3.3,8,7.1,337,MM,MM,5.4,MM,MM,MM,MM
2026,04,19,16,56,MM,MM,MM,3.3,10,7.1,16,MM,MM,5.4,MM,MM,MM,MM
2026,04,19,16,26,MM,MM,MM,3.6,10,7.2,32,MM,MM,5.4,MM,MM,MM,MM
2026,04,19,15,56,MM,MM,MM,3.7,10,7.2,26,MM,MM,5.4,MM,MM,MM,MM
2026,04,19,15,26,MM,MM,MM,3.5,9,7.2,360,MM,MM,5.4,MM,MM,MM,MM
2026,04,19,14,56,MM,MM,MM,3.6,10,7.3,23,MM,MM,5.4,MM,MM,MM,MM
2026,04,19,14,26,MM,MM,MM,3.9,9,7.2,5,MM,MM,5.4,MM,MM,MM,MM
2026,04,19,13,56,MM,MM,MM,3.7,10,7.2,12,MM,MM,5.4,MM,MM,MM,MM
2026,04,19,13,26,MM,MM,MM,4.2,9,7.4,14,MM,MM,5.4,MM,MM,MM,MM
2026,04,19,12,56,MM,MM,MM,3.8,9,7.3,353,MM,MM,5.4,MM,MM,MM,MM
2026,04,19,12,26,MM,MM,MM,4.0,9,7.4,5,MM,MM,5.3,MM,MM,MM,MM
2026,04,19,11,56,MM,MM,MM,4.0,8,7.2,336,MM,MM,5.4,MM,MM,MM,MM
2026,04,19,11,26,MM,MM,MM,4.3,9,7.5,353,MM,MM,5.3,MM,MM,MM,MM
2026,04,19,10,56,MM,MM,MM,4.0,9,7.3,347,MM,MM,5.4,MM,MM,MM,MM
2026,04,19,10,26,MM,MM,MM,4.5,9,7.6,351,MM,MM,5.4,MM,MM,MM,MM
2026,04,19,09,56,MM,MM,MM,4.3,9,7.5,355,MM,MM,5.4,MM,MM,MM,MM
2026,04,19,09,26,MM,MM,MM,3.9,9,7.2,344,MM,MM,5.4,MM,MM,MM,MM
2026,04,19,08,56,MM,MM,MM,4.6,9,7.6,340,MM,MM,5.4,MM,MM,MM,MM
2026,04,19,08,26,MM,MM,MM,4.6,10,7.6,14,MM,MM,5.4,MM,MM,MM,MM
2026,04,19,07,56,MM,MM,MM,4.3,9,7.4,337,MM,MM,5.4,MM,MM,MM,MM
2026,04,19,07,26,MM,MM,MM,4.5,9,7.4,333,MM,MM,5.4,MM,MM,MM,MM
2026,04,19,06,56,MM,MM,MM,4.9,10,7.7,360,MM,MM,5.4,MM,MM,MM,MM
2026,04,19,06,26,MM,MM,MM,4.7,9,7.5,347,MM,MM,5.4,MM,MM,MM,MM
2026,04,19,05,56,MM,MM,MM,5.0,9,7.6,340,MM,MM,5.4,MM,MM,MM,MM
2026,04,19,05,26,MM,MM,MM,4.6,9,7.4,330,MM,MM,5.4,MM,MM,MM,MM
2026,04,19,04,56,MM,MM,MM,4.9,10,7.7,347,MM,MM,5.4,MM,MM,MM,MM
2026,04,19,04,26,MM,MM,MM,4.8,9,7.6,341,MM,MM,5.4,MM,MM,MM,MM
2026,04,19,03,56,MM,MM,MM,4.7,9,7.4,345,MM,MM,5.4,MM,MM,MM,MM
2026,04,19,03,26,MM,MM,MM,4.9,9,7.8,341,MM,MM,5.4,MM,MM,MM,MM
2026,04,19,02,56,MM,MM,MM,4.8,9,7.5,341,MM,MM,5.4,MM,MM,MM,MM
2026,04,19,02,26,MM,MM,MM,4.4,11,7.3,4,MM,MM,5.4,MM,MM,MM,MM
2026,04,19,01,56,MM,MM,MM,4.8,9,7.6,330,MM,MM,5.4,MM,MM,MM,MM
2026,04,19,01,26,MM,MM,MM,5.0,10,7.8,343,MM,MM,5.4,MM,MM,MM,MM
2026,04,19,00,56,MM,MM,MM,4.6,9,7.5,338,MM,MM,5.4,MM,MM,MM,MM
2026,04,19,00,26,MM,MM,MM,5.1,9,7.7,330,MM,MM,5.4,MM,MM,MM,MM
