#YY,MM,DD,hh,mm,WDIR,WSPD,GST,WVHT,DPD,APD,MWD,PRES,ATMP,WTMP,DEWP,VIS,PTDY,TIDE
2026,03,13,10,40,180,3.0,4.0,MM,MM,MM,MM,1019.3,4.2,9.0,3.1,MM,MM,MM
2026,03,13,10,30,180,2.0,4.0,MM,MM,MM,MM,1019.3,4.2,9.0,3.0,MM,MM,MM
2026,03,13,10,20,160,3.0,5.0,2.2,9,8.0,264,1019.3,4.3,8.9,3.0,MM,MM,MM
2026,03,13,10,10,160,2.0,4.0,2.2,MM,8.0,264,1019.4,4.2,8.8,2.9,MM,MM,MM
2026,03,13,10,00,160,2.0,4.0,MM,MM,MM,MM,1019.5,4.1,8.6,2.7,MM,-1.0,MM
2026,03,13,09,50,160,2.0,4.0,2.0,11,7.5,276,1019.6,4.1,8.6,2.7,MM,MM,MM
2026,03,13,09,40,140,2.0,4.0,MM,MM,MM,MM,1019.7,4.0,8.6,2.5,MM,MM,MM
2026,03,13,09,30,140,2.0,4.0,MM,MM,MM,MM,1019.6,4.0,8.6,2.4,MM,MM,MM
2026,03,13,09,20,160,3.0,5.0,2.1,9,7.3,244,1019.5,4.0,8.5,2.4,MM,MM,MM
2026,03,13,09,10,160,3.0,4.0,2.1,MM,7.3,244,1019.5,4.0,8.6,2.4,MM,MM,MM
2026,03,13,09,00,150,3.0,4.0,MM,MM,MM,MM,1019.5,4.0,8.6,2.5,MM,-1.2,MM
2026,03,13,08,50,150,3.0,4.0,2.2,9,7.6,259,1019.5,4.0,8.6,2.5,MM,MM,MM
2026,03,13,08,40,160,2.0,4.0,MM,MM,MM,MM,1019.7,3.9,8.6,2.4,MM,MM,MM
2026,03,13,08,30,140,2.0,3.0,MM,MM,MM,MM,1019.7,3.9,8.6,2.3,MM,MM,MM
2026,03,13,08,20,160,2.0,4.0,2.1,9,7.4,244,1019.8,3.9,8.6,2.3,MM,MM,MM
2026,03,13,08,10,150,2.0,4.0,2.1,MM,7.4,244,1019.9,3.8,8.7,2.1,MM,MM,MM
2026,03,13,08,00,160,2.0,4.0,MM,MM,MM,MM,1020.0,3.8,8.7,2.1,MM,-1.1,MM
2026,03,13,07,50,150,2.0,3.0,2.3,10,7.5,282,1020.0,3.7,8.7,2.0,MM,MM,MM
2026,03,13,07,40,170,3.0,4.0,2.3,MM,7.5,282,1020.0,3.8,8.7,2.1,MM,MM,MM
2026,03,13,07,30,150,2.0,4.0,MM,MM,MM,MM,1020.1,3.7,8.5,2.0,MM,MM,MM
2026,03,13,07,20,120,2.0,3.0,2.5,10,7.8,273,1020.1,3.8,8.4,2.2,MM,MM,MM
2026,03,13,07,10,160,2.0,4.0,2.5,MM,7.8,273,1020.3,3.9,8.3,2.2,MM,MM,MM
2026,03,13,07,00,170,2.0,4.0,MM,MM,MM,MM,1020.5,3.7,8.3,2.0,MM,-0.9,MM
2026,03,13,06,50,170,2.0,4.0,2.6,10,7.5,268,1020.2,3.6,8.3,2.0,MM,MM,MM
2026,03,13,06,40,130,2.0,3.0,MM,MM,MM,MM,1020.5,3.6,8.3,2.1,MM,MM,MM
2026,03,13,06,30,130,3.0,4.0,MM,MM,MM,MM,1020.4,3.4,8.3,1.9,MM,MM,MM
2026,03,13,06,20,150,3.0,5.0,2.8,9,7.6,240,1020.4,3.5,8.2,2.1,MM,MM,MM
2026,03,13,06,10,170,3.0,5.0,2.8,MM,7.6,240,1020.7,3.6,8.2,2.2,MM,MM,MM
2026,03,13,06,00,180,4.0,6.0,MM,MM,MM,MM,1020.7,3.7,8.2,2.5,MM,-1.1,MM
2026,03,13,05,50,180,5.0,6.0,2.6,9,7.2,257,1020.9,3.6,8.2,2.4,MM,MM,MM
2026,03,13,05,40,180,4.0,5.0,MM,MM,MM,MM,1020.7,3.6,8.3,2.5,MM,MM,MM
2026,03,13,05,30,180,5.0,6.0,MM,MM,MM,MM,1020.9,3.5,8.5,2.4,MM,MM,MM
2026,03,13,05,20,180,5.0,6.0,2.9,9,7.6,258,1021.0,3.5,8.6,2.4,MM,MM,MM
2026,03,13,05,10,170,4.0,6.0,2.9,MM,7.6,258,1021.1,3.5,8.6,2.4,MM,MM,MM
2026,03,13,05,00,180,5.0,6.0,MM,MM,MM,MM,1021.1,3.5,8.6,2.4,MM,-1.0,MM
2026,03,13,04,50,180,5.0,7.0,2.7,9,7.5,247,1021.2,3.6,8.6,2.5,MM,MM,MM
2026,03,13,04,40,180,5.0,6.0,MM,MM,MM,MM,1021.3,3.6,8.6,2.5,MM,MM,MM
2026,03,13,04,30,180,5.0,7.0,MM,MM,MM,MM,1021.3,3.6,8.6,2.5,MM,MM,MM
2026,03,13,04,20,180,5.0,6.0,2.7,10,7.3,265,1021.3,3.7,8.6,2.6,MM,MM,MM
2026,03,13,04,10,180,5.0,6.0,2.7,MM,7.3,265,1021.5,3.7,8.6,2.5,MM,MM,MM
2026,03,13,04,00,180,5.0,6.0,MM,MM,MM,MM,1021.5,3.6,8.6,2.3,MM,-1.5,MM
2026,03,13,03,50,180,5.0,7.0,2.7,9,7.5,253,1021.5,3.7,8.6,2.4,MM,MM,MM
2026,03,13,03,40,180,6.0,8.0,2.7,MM,7.5,253,1021.5,4.1,8.6,2.5,MM,MM,MM
2026,03,13,03,30,190,4.0,7.0,MM,MM,MM,MM,1021.5,4.4,8.6,2.5,MM,MM,MM
2026,03,13,03,20,210,3.0,5.0,2.5,9,7.2,263,1021.5,4.5,8.6,2.4,MM,MM,MM
2026,03,13,03,10,200,3.0,4.0,2.5,MM,7.2,263,1021.7,4.5,8.6,2.3,MM,MM,MM
2026,03,13,03,00,200,3.0,5.0,MM,MM,MM,MM,1021.8,4.5,8.6,2.2,MM,-2.1,MM
2026,03,13,02,50,200,3.0,4.0,2.9,10,7.5,259,1021.8,4.5,8.6,2.0,MM,MM,MM
2026,03,13,02,40,220,3.0,4.0,2.9,MM,7.5,259,1021.9,4.6,8.6,2.2,MM,MM,MM
2026,03,13,02,30,220,3.0,5.0,MM,MM,MM,MM,1021.9,4.8,8.6,2.4,MM,MM,MM
2026,03,13,02,20,220,3.0,5.0,2.7,10,7.3,270,1021.9,4.8,8.6,2.3,MM,MM,MM
2026,03,13,02,10,220,4.0,5.0,MM,MM,MM,MM,1022.0,4.7,8.6,2.3,MM,MM,MM
2026,03,13,02,00,220,4.0,5.0,MM,MM,MM,MM,1022.1,4.8,8.6,2.4,MM,-2.4,MM
2026,03,13,01,50,220,4.0,5.0,2.9,9,7.6,257,1022.2,4.8,8.6,2.7,MM,MM,MM
2026,03,13,01,40,210,3.0,5.0,MM,MM,MM,MM,1022.2,4.8,8.6,2.6,MM,MM,MM
2026,03,13,01,30,220,3.0,5.0,MM,MM,MM,MM,1022.4,4.9,8.6,2.6,MM,MM,MM
2026,03,13,01,20,220,4.0,6.0,2.9,10,7.3,261,1022.5,5.0,8.6,2.7,MM,MM,MM
2026,03,13,01,10,270,4.0,6.0,MM,MM,MM,MM,1022.7,4.9,8.6,2.6,MM,MM,MM
2026,03,13,01,00,250,3.0,5.0,MM,MM,MM,MM,1022.8,4.7,8.6,2.4,MM,-2.3,MM
2026,03,13,00,50,250,4.0,7.0,3.2,10,7.7,267,1023.0,4.8,8.5,2.4,MM,MM,MM
2026,03,13,00,40,240,4.0,6.0,MM,MM,MM,MM,1023.2,5.1,8.5,2.6,MM,MM,MM
2026,03,13,00,30,230,4.0,6.0,MM,MM,MM,MM,1023.3,5.0,8.4,2.4,MM,MM,MM
2026,03,13,00,20,230,5.0,7.0,3.0,9,7.4,255,1023.6,5.0,8.4,2.2,MM,MM,MM
2026,03,13,00,10,230,5.0,6.0,MM,MM,MM,MM,1023.8,5.0,8.3,2.1,MM,MM,MM
2026,03,13,00,00,220,5.0,6.0,MM,MM,MM,MM,1023.9,5.0,8.3,2.1,MM,-1.9,MM
2026,03,12,23,50,240,6.0,8.0,3.4,10,7.9,251,1024.0,4.9,8.3,2.1,MM,MM,MM
2026,03,12,23,40,250,6.0,8.0,MM,MM,MM,MM,1024.3,5.0,8.3,2.6,MM,MM,MM
2026,03,12,23,20,240,6.0,8.0,3.3,10,8.0,263,1024.6,4.6,8.5,2.4,MM,MM,MM
2026,03,12,23,10,240,6.0,9.0,3.3,MM,8.0,263,1024.7,4.6,8.5,2.5,MM,MM,MM
2026,03,12,23,00,250,5.0,8.0,MM,MM,MM,MM,1024.6,4.4,8.5,2.5,MM,-0.9,MM
2026,03,12,22,50,260,4.0,6.0,3.0,10,7.8,256,1024.9,4.2,8.5,2.7,MM,MM,MM
2026,03,12,22,40,280,5.0,7.0,MM,MM,MM,MM,1024.9,4.1,8.6,2.6,MM,MM,MM
2026,03,12,22,30,280,6.0,8.0,MM,MM,MM,MM,1025.0,4.1,8.6,2.5,MM,MM,MM
2026,03,12,22,20,270,7.0,9.0,3.3,10,7.8,252,1025.0,4.5,8.6,2.5,MM,MM,MM
2026,03,12,22,10,270,6.0,8.0,3.3,MM,7.8,252,1025.2,4.5,8.6,2.4,MM,MM,MM
2026,03,12,22,00,260,4.0,7.0,MM,MM,MM,MM,1025.3,4.2,8.6,2.4,MM,+0.0,MM
2026,03,12,21,50,230,4.0,6.0,3.3,10,7.9,261,1025.3,3.9,8.5,2.2,MM,MM,MM
2026,03,12,21,40,250,5.0,7.0,MM,MM,MM,MM,1025.4,4.0,8.5,2.0,MM,MM,MM
2026,03,12,21,30,280,5.0,8.0,MM,MM,MM,MM,1025.5,4.6,8.5,1.9,MM,MM,MM
2026,03,12,21,20,300,3.0,6.0,2.9,10,7.5,244,1025.6,4.5,8.5,1.5,MM,MM,MM
2026,03,12,21,10,290,4.0,6.0,2.9,MM,7.5,244,1025.7,4.5,8.5,1.6,MM,MM,MM
2026,03,12,21,00,280,6.0,8.0,MM,MM,MM,MM,1025.8,4.4,8.5,1.5,MM,+0.5,MM
2026,03,12,20,50,300,8.0,10.0,3.2,9,7.4,254,1025.8,4.5,8.5,1.9,MM,MM,MM
2026,03,12,20,40,290,8.0,12.0,MM,MM,MM,MM,1025.7,4.9,8.5,1.8,MM,MM,MM
2026,03,12,20,30,300,8.0,12.0,MM,MM,MM,MM,1025.7,5.1,8.5,1.9,MM,MM,MM
2026,03,12,20,20,270,7.0,10.0,3.1,10,7.8,243,1025.7,5.5,8.5,1.1,MM,MM,MM
2026,03,12,20,10,250,7.0,11.0,3.1,MM,7.8,243,1025.6,5.4,8.5,1.2,MM,MM,MM
2026,03,12,20,00,200,5.0,14.0,MM,MM,MM,MM,1025.5,5.4,8.5,2.5,MM,+0.5,MM
2026,03,12,19,50,170,4.0,6.0,3.2,10,7.8,246,1025.6,5.1,8.5,2.6,MM,MM,MM
2026,03,12,19,40,160,2.0,5.0,MM,MM,MM,MM,1025.6,4.8,8.5,2.3,MM,MM,MM
2026,03,12,19,30,170,1.0,3.0,MM,MM,MM,MM,1025.5,4.7,8.5,2.4,MM,MM,MM
2026,03,12,19,20,140,1.0,2.0,3.6,10,8.1,250,1025.4,4.4,8.5,2.1,MM,MM,MM
2026,03,12,19,10,140,1.0,3.0,MM,MM,MM,MM,1025.3,4.3,8.5,2.2,MM,MM,MM
2026,03,12,19,00,60,1.0,3.0,MM,MM,MM,MM,1025.3,4.1,8.5,2.1,MM,+1.3,MM
2026,03,12,18,50,20,1.0,3.0,3.7,10,8.1,248,1025.2,4.0,8.5,2.1,MM,MM,MM
2026,03,12,18,40,10,2.0,4.0,MM,MM,MM,MM,1025.3,3.8,8.5,1.9,MM,MM,MM
2026,03,12,18,30,340,4.0,6.0,MM,MM,MM,MM,1025.5,3.7,8.4,2.0,MM,MM,MM
2026,03,12,18,20,330,4.0,7.0,3.6,9,7.8,244,1025.7,4.1,8.4,2.1,MM,MM,MM
2026,03,12,18,10,330,3.0,5.0,MM,MM,MM,MM,1025.6,4.3,8.4,2.1,MM,MM,MM
2026,03,12,18,00,350,2.0,3.0,MM,MM,MM,MM,1025.3,4.0,8.4,1.8,MM,MM,MM
2026,03,12,17,50,340,3.0,4.0,3.4,10,7.6,243,1025.3,3.8,8.4,1.8,MM,MM,MM
2026,03,12,17,40,310,3.0,5.0,MM,MM,MM,MM,1025.4,3.8,8.4,1.9,MM,MM,MM
2026,03,12,17,30,330,6.0,9.0,MM,MM,MM,MM,1025.3,4.1,8.4,1.7,MM,MM,MM
2026,03,12,17,20,340,5.0,7.0,3.2,10,7.4,260,1025.1,4.9,8.4,1.8,MM,MM,MM
2026,03,12,17,10,350,4.0,6.0,3.2,MM,7.4,260,1024.8,5.0,8.5,1.5,MM,MM,MM
2026,03,12,17,00,350,5.0,8.0,MM,MM,MM,MM,1024.8,5.4,8.5,1.6,MM,+2.7,MM
2026,03,12,16,50,320,2.0,5.0,3.3,10,7.4,244,1024.5,5.3,8.5,1.3,MM,MM,MM
2026,03,12,16,40,350,3.0,5.0,MM,MM,MM,MM,1024.5,5.3,8.5,1.5,MM,MM,MM
2026,03,12,16,30,330,3.0,4.0,MM,MM,MM,MM,1024.3,5.2,8.5,1.3,MM,MM,MM
2026,03,12,16,20,330,4.0,6.0,3.6,10,7.3,241,1024.2,5.1,8.5,1.2,MM,MM,MM
2026,03,12,16,10,340,5.0,7.0,3.6,MM,7.3,241,1023.9,5.0,8.5,1.5,MM,MM,MM
2026,03,12,16,00,300,6.0,8.0,MM,MM,MM,MM,1023.9,5.9,8.4,2.2,MM,+2.9,MM
2026,03,12,15,50,270,5.0,7.0,3.9,10,7.7,242,1023.5,5.6,8.4,2.2,MM,MM,MM
2026,03,12,15,40,280,6.0,7.0,3.9,MM,7.7,242,1023.8,5.1,8.4,2.1,MM,MM,MM
2026,03,12,15,30,280,7.0,11.0,MM,MM,MM,MM,1023.7,4.9,8.4,2.1,MM,MM,MM
2026,03,12,15,20,270,11.0,14.0,3.9,9,7.4,248,1023.5,5.0,8.4,2.5,MM,MM,MM
2026,03,12,15,10,260,12.0,15.0,MM,MM,MM,MM,1023.4,5.8,8.4,3.0,MM,MM,MM
2026,03,12,15,00,240,10.0,15.0,MM,MM,MM,MM,1023.0,6.1,8.4,1.8,MM,+2.8,MM
2026,03,12,14,50,240,10.0,12.0,4.2,9,7.4,252,1022.8,5.7,8.4,2.0,MM,MM,MM
2026,03,12,14,40,240,10.0,13.0,MM,MM,MM,MM,1023.0,5.6,8.4,2.3,MM,MM,MM
2026,03,12,14,30,260,11.0,13.0,MM,MM,MM,MM,1022.8,6.6,8.4,1.9,MM,MM,MM
2026,03,12,14,20,270,10.0,12.0,4.0,9,7.4,248,1022.5,6.6,8.4,1.0,MM,MM,MM
2026,03,12,14,10,280,10.0,12.0,4.0,MM,7.4,248,1022.2,6.2,8.4,1.2,MM,MM,MM
2026,03,12,14,00,280,9.0,11.0,MM,MM,MM,MM,1022.4,5.7,8.4,2.0,MM,+3.2,MM
2026,03,12,13,50,290,9.0,13.0,4.1,10,7.3,237,1022.0,5.7,8.4,2.3,MM,MM,MM
2026,03,12,13,40,290,11.0,13.0,MM,MM,MM,MM,1022.0,5.8,8.4,2.4,MM,MM,MM
2026,03,12,13,30,290,13.0,16.0,MM,MM,MM,MM,1021.8,5.9,8.5,2.5,MM,MM,MM
2026,03,12,13,20,270,11.0,16.0,3.8,9,7.2,245,1021.4,7.1,8.5,2.0,MM,MM,MM
2026,03,12,13,10,270,10.0,13.0,3.8,MM,7.2,245,1021.4,6.7,8.5,1.9,MM,MM,MM
2026,03,12,13,00,270,10.0,12.0,MM,MM,MM,MM,1021.3,6.4,8.5,1.9,MM,+3.5,MM
2026,03,12,12,50,280,10.0,13.0,3.9,10,7.2,225,1021.0,5.7,8.5,2.3,MM,MM,MM
2026,03,12,12,40,290,12.0,14.0,MM,MM,MM,MM,1021.0,6.0,8.5,2.1,MM,MM,MM
2026,03,12,12,30,290,11.0,14.0,MM,MM,MM,MM,1020.7,6.0,8.5,3.0,MM,MM,MM
2026,03,12,12,20,290,11.0,14.0,3.7,10,7.1,234,1020.5,6.6,8.5,2.9,MM,MM,MM
2026,03,12,12,10,280,12.0,15.0,MM,MM,MM,MM,1020.3,7.0,8.5,2.2,MM,MM,MM
2026,03,12,12,00,280,12.0,14.0,MM,MM,MM,MM,1020.2,7.0,8.5,2.5,MM,+3.3,MM
2026,03,12,11,50,270,12.0,16.0,3.6,9,7.0,230,1019.8,7.1,8.5,1.5,MM,MM,MM
2026,03,12,11,40,270,12.0,15.0,MM,MM,MM,MM,1019.9,7.0,8.5,1.2,MM,MM,MM
2026,03,12,11,30,270,12.0,15.0,MM,MM,MM,MM,1019.5,6.9,8.5,2.2,MM,MM,MM
2026,03,12,11,20,280,11.0,14.0,3.5,10,7.1,234,1019.5,6.3,8.5,2.4,MM,MM,MM
2026,03,12,11,10,280,12.0,16.0,MM,MM,MM,MM,1019.2,6.5,8.5,2.7,MM,MM,MM
2026,03,12,11,00,280,12.0,14.0,MM,MM,MM,MM,1019.3,6.5,8.5,2.4,MM,+3.7,MM
2026,03,12,10,50,270,11.0,14.0,3.8,10,7.2,234,1019.0,6.2,8.5,2.5,MM,MM,MM
2026,03,12,10,40,260,12.0,18.0,MM,MM,MM,MM,1019.0,6.2,8.5,2.6,MM,MM,MM
2026,03,12,10,30,270,14.0,18.0,MM,MM,MM,MM,1018.9,6.8,8.5,3.2,MM,MM,MM
2026,03,12,10,20,270,12.0,14.0,3.4,9,6.9,224,1018.5,7.4,8.5,2.2,MM,MM,MM
2026,03,12,10,10,270,12.0,15.0,3.4,MM,6.9,224,1018.4,7.4,8.5,2.1,MM,MM,MM
2026,03,12,10,00,270,12.0,15.0,MM,MM,MM,MM,1018.1,7.4,8.5,2.3,MM,+2.8,MM
2026,03,12,09,50,270,12.0,15.0,3.4,10,6.8,213,1018.0,7.2,8.5,3.0,MM,MM,MM
2026,03,12,09,40,270,10.0,13.0,MM,MM,MM,MM,1017.7,6.6,8.5,3.5,MM,MM,MM
2026,03,12,09,30,280,10.0,13.0,MM,MM,MM,MM,1017.6,5.9,8.5,3.3,MM,MM,MM
2026,03,12,09,20,280,13.0,17.0,3.6,10,7.1,211,1017.4,5.8,8.5,3.2,MM,MM,MM
2026,03,12,09,10,270,12.0,16.0,3.6,MM,7.1,211,1017.3,7.1,MM,3.1,MM,MM,MM
2026,03,12,09,00,260,12.0,14.0,MM,MM,MM,MM,1016.9,7.2,8.5,3.3,MM,+2.5,MM
2026,03,12,08,50,260,12.0,15.0,3.7,9,7.0,224,1016.7,7.3,8.5,3.0,MM,MM,MM
2026,03,12,08,40,260,11.0,14.0,MM,MM,MM,MM,1016.5,7.2,8.5,3.2,MM,MM,MM
2026,03,12,08,30,280,12.0,15.0,MM,MM,MM,MM,1016.6,7.1,8.5,3.7,MM,MM,MM
2026,03,12,08,20,270,13.0,15.0,3.5,9,6.8,224,1016.4,7.7,8.5,3.4,MM,MM,MM
2026,03,12,08,10,260,12.0,14.0,3.5,MM,6.8,224,1016.1,7.9,8.5,3.0,MM,MM,MM
2026,03,12,08,00,260,12.0,15.0,MM,MM,MM,MM,1015.8,7.9,8.5,2.6,MM,+2.5,MM
2026,03,12,07,50,250,11.0,15.0,3.5,10,6.8,236,1015.6,7.7,8.5,3.9,MM,MM,MM
2026,03,12,07,40,250,11.0,13.0,MM,MM,MM,MM,1015.6,7.6,8.5,4.4,MM,MM,MM
2026,03,12,07,30,250,11.0,14.0,MM,MM,MM,MM,1015.5,7.4,8.5,4.4,MM,MM,MM
2026,03,12,07,20,250,11.0,13.0,3.5,10,6.7,238,1015.3,7.4,8.5,4.6,MM,MM,MM
2026,03,12,07,10,250,12.0,14.0,3.5,MM,6.7,238,1015.2,7.5,8.5,4.2,MM,MM,MM
2026,03,12,07,00,250,12.0,14.0,MM,MM,MM,MM,1015.2,7.6,8.5,4.2,MM,+3.4,MM
2026,03,12,06,50,250,12.0,15.0,3.6,9,6.7,223,1015.1,7.4,8.5,3.8,MM,MM,MM
2026,03,12,06,40,260,12.0,15.0,3.6,MM,6.7,223,1015.0,7.4,8.5,3.4,MM,MM,MM
2026,03,12,06,30,260,12.0,16.0,MM,MM,MM,MM,1014.8,7.1,8.5,3.3,MM,MM,MM
2026,03,12,06,20,270,12.0,17.0,3.5,9,6.7,211,1014.5,6.6,8.5,3.5,MM,MM,MM
2026,03,12,06,10,280,14.0,19.0,3.5,MM,6.7,211,1014.5,6.4,8.5,3.4,MM,MM,MM
2026,03,12,06,00,280,14.0,18.0,MM,MM,MM,MM,1014.3,6.8,8.5,3.8,MM,+4.8,MM
2026,03,12,05,50,270,13.0,15.0,3.8,9,6.7,214,1013.9,7.7,8.4,3.6,MM,MM,MM
2026,03,12,05,40,260,12.0,15.0,MM,MM,MM,MM,1013.5,7.8,MM,3.6,MM,MM,MM
2026,03,12,05,30,270,12.0,14.0,MM,MM,MM,MM,1013.4,7.7,8.4,3.5,MM,MM,MM
2026,03,12,05,20,270,12.0,15.0,4.1,9,7.1,215,1013.2,7.7,8.4,3.4,MM,MM,MM
2026,03,12,05,10,270,12.0,15.0,4.1,MM,7.1,215,1012.9,7.7,8.4,3.8,MM,MM,MM
2026,03,12,05,00,270,13.0,15.0,MM,MM,MM,MM,1012.7,7.6,8.4,3.7,MM,+5.3,MM
2026,03,12,04,50,270,13.0,16.0,3.7,10,6.7,238,1012.5,7.6,8.4,4.0,MM,MM,MM
2026,03,12,04,40,270,13.0,16.0,3.7,MM,6.7,238,1012.3,7.6,MM,4.2,MM,MM,MM
2026,03,12,04,30,280,12.0,15.0,MM,MM,MM,MM,1011.9,7.4,8.4,4.8,MM,MM,MM
2026,03,12,04,20,280,12.0,15.0,3.7,8,6.7,221,1011.7,7.4,8.4,5.1,MM,MM,MM
2026,03,12,04,10,280,13.0,17.0,MM,MM,MM,MM,1011.4,7.4,8.4,5.2,MM,MM,MM
2026,03,12,04,00,280,14.0,17.0,MM,MM,MM,MM,1011.2,7.4,8.4,5.8,MM,+3.5,MM
2026,03,12,03,50,280,15.0,19.0,3.8,8,6.6,225,1010.8,7.6,8.4,6.1,MM,MM,MM
2026,03,12,03,40,260,13.0,20.0,MM,MM,MM,MM,1010.2,8.1,8.4,6.8,MM,MM,MM
2026,03,12,03,30,260,13.0,17.0,MM,MM,MM,MM,1010.1,8.5,8.4,7.2,MM,MM,MM
2026,03,12,03,20,270,13.0,16.0,3.5,8,6.6,228,1009.8,8.7,8.4,7.5,MM,MM,MM
2026,03,12,03,10,260,13.0,17.0,MM,MM,MM,MM,1009.4,8.7,8.4,8.0,MM,MM,MM
2026,03,12,03,00,250,11.0,14.0,MM,MM,MM,MM,1009.0,8.5,8.5,8.2,MM,-0.0,MM
2026,03,12,02,50,260,11.0,14.0,3.5,8,6.6,237,1009.0,8.5,8.5,8.3,MM,MM,MM
2026,03,12,02,40,260,11.0,14.0,MM,MM,MM,MM,1008.7,8.5,8.5,8.2,MM,MM,MM
2026,03,12,02,30,260,11.0,15.0,MM,MM,MM,MM,1008.5,8.5,8.5,8.1,MM,MM,MM
2026,03,12,02,20,250,13.0,18.0,3.5,7,6.6,226,1008.3,9.4,8.5,9.0,MM,MM,MM
2026,03,12,02,10,220,14.0,17.0,3.5,MM,6.6,226,1007.5,9.9,8.4,9.6,MM,MM,MM
2026,03,12,02,00,220,13.0,16.0,MM,MM,MM,MM,1007.5,9.9,8.4,9.6,MM,-2.3,MM
2026,03,12,01,50,220,13.0,16.0,3.4,7,6.4,235,1007.5,9.9,8.5,9.6,MM,MM,MM
2026,03,12,01,40,220,12.0,15.0,3.4,MM,6.4,235,1007.5,9.9,8.5,9.6,MM,MM,MM
2026,03,12,01,30,230,13.0,15.0,MM,MM,MM,MM,1007.5,9.9,8.5,9.7,MM,MM,MM
2026,03,12,01,20,230,12.0,15.0,3.2,11,6.5,283,1007.5,9.7,8.5,9.7,MM,MM,MM
2026,03,12,01,10,230,11.0,15.0,3.2,MM,6.5,283,1007.6,9.5,8.5,9.5,MM,MM,MM
2026,03,12,01,00,230,10.0,13.0,MM,MM,MM,MM,1007.7,9.4,8.5,9.4,MM,-2.7,MM
2026,03,12,00,50,240,11.0,14.0,2.8,12,6.5,274,1007.9,9.4,8.5,9.4,MM,MM,MM
2026,03,12,00,40,230,12.0,14.0,MM,MM,MM,MM,1008.1,9.5,8.5,9.4,MM,MM,MM
2026,03,12,00,30,230,10.0,13.0,MM,MM,MM,MM,1008.2,9.5,8.5,9.4,MM,MM,MM
2026,03,12,00,20,230,11.0,14.0,2.6,11,6.4,270,1008.5,9.7,8.5,9.4,MM,MM,MM
2026,03,12,00,10,230,11.0,15.0,MM,MM,MM,MM,1008.6,9.8,8.5,9.2,MM,MM,MM
2026,03,12,00,00,230,11.0,14.0,MM,MM,MM,MM,1008.9,9.9,8.5,9.1,MM,-2.2,MM
2026,03,11,23,50,230,11.0,13.0,2.5,11,6.4,266,1009.1,10.0,8.5,9.1,MM,MM,MM
2026,03,11,23,40,220,12.0,16.0,MM,MM,MM,MM,1009.2,10.1,8.5,9.2,MM,MM,MM
2026,03,11,23,30,220,12.0,15.0,MM,MM,MM,MM,1009.3,10.0,8.5,9.2,MM,MM,MM
2026,03,11,23,20,220,12.0,15.0,2.7,12,6.7,263,1009.5,10.0,8.5,9.2,MM,MM,MM
2026,03,11,23,10,220,12.0,16.0,2.7,MM,6.7,263,1009.5,10.0,8.5,9.2,MM,MM,MM
2026,03,11,23,00,220,13.0,17.0,MM,MM,MM,MM,1009.6,10.1,8.5,9.3,MM,-4.1,MM
2026,03,11,22,50,220,13.0,15.0,2.5,12,6.9,264,1009.6,10.1,8.5,9.3,MM,MM,MM
2026,03,11,22,40,220,11.0,14.0,MM,MM,MM,MM,1009.7,10.0,8.5,9.3,MM,MM,MM
2026,03,11,22,30,220,11.0,13.0,MM,MM,MM,MM,1009.9,9.9,8.5,9.3,MM,MM,MM
2026,03,11,22,20,220,10.0,13.0,2.2,11,6.8,280,1010.0,9.8,8.5,9.4,MM,MM,MM
2026,03,11,22,10,210,9.0,12.0,2.2,MM,6.8,280,1010.3,9.7,8.5,9.6,MM,MM,MM
2026,03,11,22,00,200,9.0,11.0,MM,MM,MM,MM,1010.6,9.3,8.5,9.3,MM,-5.6,MM
2026,03,11,21,50,150,8.0,11.0,2.3,12,6.9,271,1011.2,7.1,8.4,7.1,MM,MM,MM
2026,03,11,21,40,80,7.0,10.0,MM,MM,MM,MM,1011.3,5.5,8.4,5.5,MM,MM,MM
2026,03,11,21,30,90,9.0,11.0,MM,MM,MM,MM,1011.3,5.2,8.4,5.1,MM,MM,MM
2026,03,11,21,20,110,9.0,11.0,2.2,12,6.9,273,1011.5,5.1,8.3,5.0,MM,MM,MM
2026,03,11,21,10,110,9.0,12.0,2.2,MM,6.9,273,1011.7,5.1,8.3,5.0,MM,MM,MM
2026,03,11,21,00,100,11.0,14.0,MM,MM,MM,MM,1011.4,4.9,8.3,4.8,MM,-6.1,MM
2026,03,11,20,50,100,10.0,13.0,2.1,13,6.6,261,1011.9,4.7,8.3,4.5,MM,MM,MM
2026,03,11,20,40,90,10.0,12.0,MM,MM,MM,MM,1012.3,4.7,8.4,4.3,MM,MM,MM
2026,03,11,20,30,90,9.0,12.0,MM,MM,MM,MM,1012.7,4.9,8.4,4.3,MM,MM,MM
2026,03,11,20,20,90,10.0,14.0,2.4,12,7.1,271,1012.9,5.1,8.4,4.3,MM,MM,MM
2026,03,11,20,10,90,10.0,12.0,2.4,MM,7.1,271,1013.2,5.5,8.4,4.5,MM,MM,MM
2026,03,11,20,00,100,9.0,11.0,MM,MM,MM,MM,1013.8,5.7,8.5,4.4,MM,-4.6,MM
2026,03,11,19,50,110,10.0,12.0,2.4,12,7.3,273,1014.4,5.5,8.5,3.9,MM,MM,MM
2026,03,11,19,40,110,10.0,13.0,MM,MM,MM,MM,1014.8,5.4,8.5,3.8,MM,MM,MM
2026,03,11,19,30,110,10.0,12.0,MM,MM,MM,MM,1015.0,5.4,8.5,3.8,MM,MM,MM
2026,03,11,19,20,110,10.0,13.0,2.3,12,7.3,280,1015.4,5.4,8.5,3.8,MM,MM,MM
2026,03,11,19,10,110,10.0,12.0,MM,MM,MM,MM,1015.8,5.5,8.5,3.8,MM,MM,MM
2026,03,11,19,00,110,10.0,12.0,MM,MM,MM,MM,1016.1,5.4,8.5,3.6,MM,-2.8,MM
2026,03,11,18,50,120,10.0,12.0,2.4,12,7.8,264,1016.3,5.6,8.5,3.7,MM,MM,MM
2026,03,11,18,40,120,9.0,12.0,MM,MM,MM,MM,1016.5,5.5,8.5,3.6,MM,MM,MM
2026,03,11,18,30,120,9.0,13.0,MM,MM,MM,MM,1016.7,5.6,8.5,3.8,MM,MM,MM
2026,03,11,18,20,120,9.0,12.0,2.5,12,7.7,274,1017.0,5.8,8.4,4.1,MM,MM,MM
2026,03,11,18,10,120,9.0,12.0,2.5,MM,7.7,274,1017.2,5.8,8.4,4.2,MM,MM,MM
2026,03,11,18,00,120,8.0,11.0,MM,MM,MM,MM,1017.4,5.7,8.4,4.1,MM,-2.4,MM
2026,03,11,17,50,120,9.0,11.0,2.2,12,7.8,285,1018.0,5.6,8.3,4.0,MM,MM,MM
2026,03,11,17,40,120,7.0,9.0,2.2,MM,7.8,285,1017.8,5.6,8.3,3.9,MM,MM,MM
2026,03,11,17,30,130,7.0,8.0,MM,MM,MM,MM,1018.1,5.6,8.3,3.8,MM,MM,MM
2026,03,11,17,20,130,7.0,8.0,2.2,13,8.0,263,1018.1,5.6,8.3,3.7,MM,MM,MM
2026,03,11,17,10,130,7.0,8.0,2.2,MM,8.0,263,1018.3,5.7,8.4,3.6,MM,MM,MM
2026,03,11,17,00,130,6.0,8.0,MM,MM,MM,MM,1018.3,5.8,8.4,3.6,MM,-2.3,MM
2026,03,11,16,50,130,7.0,9.0,2.5,13,8.5,276,1018.4,5.9,8.5,3.6,MM,MM,MM
2026,03,11,16,40,130,6.0,8.0,MM,MM,MM,MM,1018.5,5.9,8.4,3.7,MM,MM,MM
2026,03,11,16,30,120,7.0,9.0,MM,MM,MM,MM,1018.6,5.9,8.4,3.7,MM,MM,MM
2026,03,11,16,20,130,6.0,8.0,2.2,11,8.0,281,1018.6,6.0,8.4,3.9,MM,MM,MM
2026,03,11,16,10,130,6.0,7.0,2.2,MM,8.0,281,1018.8,6.0,8.5,3.9,MM,MM,MM
2026,03,11,16,00,130,5.0,7.0,MM,MM,MM,MM,1019.0,6.1,8.5,3.9,MM,-2.0,MM
2026,03,11,15,50,140,5.0,7.0,2.4,13,8.0,269,1019.0,6.0,8.5,3.9,MM,MM,MM
2026,03,11,15,40,130,6.0,7.0,MM,MM,MM,MM,1019.2,6.1,8.5,4.1,MM,MM,MM
2026,03,11,15,30,140,6.0,8.0,MM,MM,MM,MM,1019.3,6.1,8.5,4.0,MM,MM,MM
2026,03,11,15,20,170,7.0,8.0,2.4,12,8.0,281,1019.5,6.1,8.5,4.1,MM,MM,MM
2026,03,11,15,10,170,6.0,8.0,2.4,MM,8.0,281,1019.8,6.3,8.4,4.2,MM,MM,MM
2026,03,11,15,00,170,6.0,7.0,MM,MM,MM,MM,1019.8,6.2,8.5,4.0,MM,-1.1,MM
2026,03,11,14,50,160,6.0,7.0,2.4,12,7.9,269,1019.9,5.9,8.5,4.1,MM,MM,MM
2026,03,11,14,40,160,6.0,9.0,MM,MM,MM,MM,1020.1,5.9,8.5,4.3,MM,MM,MM
2026,03,11,14,30,140,4.0,7.0,MM,MM,MM,MM,1020.3,6.2,8.5,5.1,MM,MM,MM
2026,03,11,14,20,90,5.0,7.0,2.7,12,8.5,265,1020.2,6.1,8.5,5.2,MM,MM,MM
2026,03,11,14,10,90,5.0,7.0,2.7,MM,8.5,265,1020.5,6.1,8.5,5.1,MM,MM,MM
2026,03,11,14,00,100,4.0,7.0,MM,MM,MM,MM,1020.7,6.1,8.5,5.0,MM,-1.1,MM
2026,03,11,13,50,90,5.0,6.0,2.3,13,7.8,270,1020.8,6.2,8.6,4.9,MM,MM,MM
2026,03,11,13,40,90,5.0,7.0,MM,MM,MM,MM,1021.0,6.2,8.6,4.7,MM,MM,MM
2026,03,11,13,30,90,5.0,6.0,MM,MM,MM,MM,1020.7,6.3,8.6,4.6,MM,MM,MM
2026,03,11,13,20,90,4.0,6.0,2.4,12,8.0,268,1020.9,6.3,8.6,4.5,MM,MM,MM
2026,03,11,13,10,90,4.0,6.0,MM,MM,MM,MM,1020.9,6.1,8.6,4.4,MM,MM,MM
2026,03,11,13,00,80,5.0,7.0,MM,MM,MM,MM,1021.0,6.1,8.6,4.5,MM,-0.5,MM
2026,03,11,12,50,80,4.0,7.0,2.5,13,8.1,255,1021.2,6.2,8.6,4.4,MM,MM,MM
2026,03,11,12,40,90,3.0,5.0,MM,MM,MM,MM,1021.1,6.2,8.6,4.5,MM,MM,MM
2026,03,11,12,30,80,3.0,4.0,MM,MM,MM,MM,1021.0,6.3,8.7,4.3,MM,MM,MM
2026,03,11,12,20,60,3.0,4.0,2.6,13,7.7,280,1021.0,6.4,8.7,4.2,MM,MM,MM
2026,03,11,12,10,60,2.0,4.0,MM,MM,MM,MM,1021.0,6.3,8.7,3.9,MM,MM,MM
2026,03,11,12,00,80,2.0,4.0,MM,MM,MM,MM,1021.0,6.2,8.7,4.0,MM,-0.9,MM
2026,03,11,11,50,40,2.0,4.0,2.5,13,7.8,279,1020.9,6.0,8.7,3.7,MM,MM,MM
2026,03,11,11,40,10,2.0,3.0,MM,MM,MM,MM,1021.1,6.3,8.7,3.9,MM,MM,MM
2026,03,11,11,30,20,2.0,3.0,MM,MM,MM,MM,1021.1,6.3,8.7,3.7,MM,MM,MM
2026,03,11,11,20,330,2.0,3.0,2.4,13,7.6,279,1021.5,6.2,8.7,3.6,MM,MM,MM
2026,03,11,11,10,300,3.0,4.0,2.4,MM,7.6,279,1021.6,6.4,8.7,3.6,MM,MM,MM
2026,03,11,11,00,280,3.0,5.0,MM,MM,MM,MM,1021.9,6.3,8.8,3.5,MM,+0.3,MM
2026,03,11,10,50,300,4.0,6.0,2.5,13,7.5,270,1022.0,6.4,8.8,3.7,MM,MM,MM
2026,03,11,10,40,290,5.0,7.0,MM,MM,MM,MM,1021.9,6.6,8.7,3.8,MM,MM,MM
2026,03,11,10,30,260,6.0,8.0,MM,MM,MM,MM,1022.0,7.3,8.7,3.9,MM,MM,MM
2026,03,11,10,20,230,6.0,8.0,2.4,12,7.4,285,1021.8,7.5,8.7,3.7,MM,MM,MM
2026,03,11,10,10,220,6.0,8.0,MM,MM,MM,MM,1021.7,7.4,8.8,3.9,MM,MM,MM
2026,03,11,10,00,220,7.0,9.0,MM,MM,MM,MM,1021.7,7.4,8.8,3.9,MM,+0.0,MM
2026,03,11,09,50,220,7.0,9.0,2.5,11,7.7,282,1021.9,7.3,8.8,3.8,MM,MM,MM
2026,03,11,09,40,220,7.0,9.0,MM,MM,MM,MM,1021.8,7.2,8.8,4.1,MM,MM,MM
2026,03,11,09,30,240,4.0,8.0,MM,MM,MM,MM,1021.9,6.9,8.8,4.3,MM,MM,MM
2026,03,11,09,20,270,3.0,5.0,2.4,13,7.5,260,1021.9,6.5,8.8,4.0,MM,MM,MM
2026,03,11,09,10,280,3.0,4.0,2.4,MM,7.5,260,1021.9,6.3,8.8,3.8,MM,MM,MM
2026,03,11,09,00,270,4.0,6.0,MM,MM,MM,MM,1022.0,6.2,8.8,3.7,MM,+0.8,MM
2026,03,11,08,50,270,5.0,6.0,2.7,13,8.0,271,1022.0,6.2,8.8,3.8,MM,MM,MM
2026,03,11,08,40,250,4.0,6.0,MM,MM,MM,MM,1021.9,6.3,8.8,4.0,MM,MM,MM
2026,03,11,08,30,220,5.0,7.0,MM,MM,MM,MM,1021.8,6.5,8.8,3.9,MM,MM,MM
2026,03,11,08,20,210,5.0,6.0,2.5,13,7.5,273,1021.8,6.3,8.8,3.6,MM,MM,MM
2026,03,11,08,10,210,6.0,8.0,2.5,MM,7.5,273,1021.8,6.6,8.9,3.8,MM,MM,MM
2026,03,11,08,00,240,6.0,8.0,MM,MM,MM,MM,1021.7,6.9,8.9,3.3,MM,+0.6,MM
2026,03,11,07,50,240,6.0,8.0,2.6,13,7.6,268,1021.7,7.0,8.9,3.1,MM,MM,MM
2026,03,11,07,40,240,6.0,7.0,2.6,MM,7.6,268,1021.7,7.0,8.9,2.8,MM,MM,MM
2026,03,11,07,30,240,6.0,8.0,MM,MM,MM,MM,1021.8,6.9,8.9,2.4,MM,MM,MM
2026,03,11,07,20,250,6.0,8.0,2.6,12,7.3,270,1021.8,6.9,8.9,2.5,MM,MM,MM
2026,03,11,07,10,260,6.0,8.0,MM,MM,MM,MM,1021.8,6.8,8.9,2.6,MM,MM,MM
2026,03,11,07,00,270,7.0,9.0,MM,MM,MM,MM,1021.7,6.8,8.9,2.8,MM,+1.0,MM
2026,03,11,06,50,260,8.0,9.0,2.5,13,7.4,285,1021.7,7.0,8.9,2.8,MM,MM,MM
2026,03,11,06,40,250,7.0,9.0,2.5,MM,7.4,285,1021.5,7.1,8.9,2.4,MM,MM,MM
2026,03,11,06,30,250,7.0,9.0,MM,MM,MM,MM,1021.6,7.0,8.9,2.9,MM,MM,MM
2026,03,11,06,20,250,7.0,9.0,2.8,13,7.8,287,1021.5,6.9,8.9,2.9,MM,MM,MM
2026,03,11,06,10,250,8.0,10.0,MM,MM,MM,MM,1021.4,6.9,8.9,2.9,MM,MM,MM
2026,03,11,06,00,250,8.0,10.0,MM,MM,MM,MM,1021.3,6.7,MM,2.4,MM,+1.2,MM
2026,03,11,05,50,240,7.0,9.0,2.7,12,7.8,284,1021.3,6.8,8.8,2.6,MM,MM,MM
2026,03,11,05,40,240,7.0,9.0,MM,MM,MM,MM,1021.2,6.8,8.8,2.8,MM,MM,MM
2026,03,11,05,30,240,7.0,9.0,MM,MM,MM,MM,1021.2,6.7,8.8,2.5,MM,MM,MM
2026,03,11,05,20,250,6.0,8.0,2.6,14,7.5,280,1021.2,6.7,8.8,2.6,MM,MM,MM
2026,03,11,05,10,260,7.0,8.0,MM,MM,MM,MM,1021.1,6.6,8.8,2.2,MM,MM,MM
2026,03,11,05,00,250,6.0,8.0,MM,MM,MM,MM,1021.1,6.4,8.7,2.4,MM,+1.1,MM
2026,03,11,04,50,260,6.0,8.0,2.7,13,7.3,276,1021.1,6.2,8.7,2.3,MM,MM,MM
2026,03,11,04,40,270,6.0,8.0,MM,MM,MM,MM,1021.0,6.1,8.7,2.2,MM,MM,MM
2026,03,11,04,30,270,8.0,10.0,MM,MM,MM,MM,1020.9,6.2,8.7,2.0,MM,MM,MM
2026,03,11,04,20,270,6.0,9.0,2.8,13,7.0,285,1020.8,6.2,8.5,2.0,MM,MM,MM
2026,03,11,04,10,280,7.0,10.0,MM,MM,MM,MM,1020.8,5.9,8.5,1.4,MM,MM,MM
2026,03,11,04,00,280,10.0,12.0,MM,MM,MM,MM,1020.8,5.9,8.5,1.9,MM,+0.8,MM
2026,03,11,03,50,270,10.0,13.0,2.9,13,7.5,262,1020.8,6.6,8.5,1.8,MM,MM,MM
2026,03,11,03,40,240,7.0,9.0,2.9,MM,7.5,262,1020.6,7.4,8.4,1.4,MM,MM,MM
2026,03,11,03,30,230,7.0,9.0,MM,MM,MM,MM,1020.5,7.5,8.4,1.2,MM,MM,MM
2026,03,11,03,20,240,8.0,10.0,2.6,13,6.9,285,1020.4,7.6,8.4,1.8,MM,MM,MM
2026,03,11,03,10,250,8.0,9.0,MM,MM,MM,MM,1020.3,7.6,8.4,1.7,MM,MM,MM
2026,03,11,03,00,250,8.0,10.0,MM,MM,MM,MM,1020.3,7.6,8.4,2.1,MM,+0.4,MM
2026,03,11,02,50,250,8.0,10.0,2.6,14,7.0,270,1020.3,7.6,8.5,2.5,MM,MM,MM
2026,03,11,02,40,250,8.0,11.0,2.6,MM,7.0,270,1020.1,7.5,8.5,2.6,MM,MM,MM
2026,03,11,02,30,250,8.0,10.0,MM,MM,MM,MM,1020.1,7.5,8.6,2.7,MM,MM,MM
2026,03,11,02,20,240,8.0,10.0,2.6,11,7.3,277,1020.0,7.5,8.6,2.9,MM,MM,MM
2026,03,11,02,10,240,9.0,10.0,2.6,MM,7.3,277,1020.0,7.5,8.6,3.0,MM,MM,MM
2026,03,11,02,00,240,9.0,11.0,MM,MM,MM,MM,1020.0,7.4,8.5,3.0,MM,+0.6,MM
2026,03,11,01,50,240,8.0,11.0,2.9,14,7.7,275,1019.9,7.5,8.5,3.7,MM,MM,MM
2026,03,11,01,40,240,9.0,10.0,MM,MM,MM,MM,1019.9,7.5,8.5,3.3,MM,MM,MM
2026,03,11,01,30,230,8.0,10.0,MM,MM,MM,MM,1019.9,7.3,8.5,3.1,MM,MM,MM
2026,03,11,01,20,220,7.0,9.0,2.7,14,7.2,265,1019.8,7.2,8.6,3.8,MM,MM,MM
2026,03,11,01,10,230,8.0,9.0,MM,MM,MM,MM,1020.0,7.3,8.6,3.4,MM,MM,MM
2026,03,11,01,00,230,8.0,10.0,MM,MM,MM,MM,1019.9,7.2,8.6,2.9,MM,+0.3,MM
2026,03,11,00,50,230,8.0,10.0,2.7,11,7.4,280,1020.0,7.2,8.6,3.1,MM,MM,MM
2026,03,11,00,40,230,8.0,10.0,MM,MM,MM,MM,1019.9,7.2,8.6,3.0,MM,MM,MM
2026,03,11,00,30,230,7.0,9.0,MM,MM,MM,MM,1019.7,7.1,8.6,2.3,MM,MM,MM
2026,03,11,00,20,230,7.0,9.0,2.9,13,7.7,272,1019.6,7.3,8.6,2.6,MM,MM,MM
2026,03,11,00,10,230,6.0,8.0,MM,MM,MM,MM,1019.6,7.2,8.6,2.0,MM,MM,MM
2026,03,11,00,00,230,6.0,8.0,MM,MM,MM,MM,1019.6,6.8,8.6,2.4,MM,+0.3,MM
2026,03,10,23,50,230,7.0,10.0,3.2,13,8.2,277,1019.6,6.7,8.5,2.8,MM,MM,MM
2026,03,10,23,40,240,8.0,11.0,MM,MM,MM,MM,1019.4,7.2,8.5,3.7,MM,MM,MM
2026,03,10,23,20,280,4.0,6.0,3.1,13,8.3,278,1019.5,6.8,8.5,3.6,MM,MM,MM
2026,03,10,23,10,230,5.0,9.0,MM,MM,MM,MM,1019.3,6.2,8.5,4.0,MM,MM,MM
2026,03,10,23,00,160,4.0,6.0,MM,MM,MM,MM,1019.2,5.3,8.5,3.8,MM,+0.0,MM
2026,03,10,22,50,150,4.0,6.0,3.3,14,8.3,277,1019.3,5.2,8.6,3.6,MM,MM,MM
2026,03,10,22,40,170,4.0,5.0,MM,MM,MM,MM,1019.3,5.0,8.5,3.5,MM,MM,MM
2026,03,10,22,30,180,5.0,7.0,MM,MM,MM,MM,1019.1,4.8,8.5,3.4,MM,MM,MM
2026,03,10,22,20,180,7.0,8.0,3.4,14,8.4,264,1019.2,4.8,8.4,3.6,MM,MM,MM
2026,03,10,22,10,190,6.0,8.0,MM,MM,MM,MM,1019.3,4.5,8.4,3.3,MM,MM,MM
2026,03,10,22,00,190,7.0,9.0,MM,MM,MM,MM,1019.3,4.6,8.4,3.5,MM,+0.0,MM
2026,03,10,21,50,190,8.0,11.0,3.2,14,8.2,270,1019.4,4.7,8.3,3.5,MM,MM,MM
2026,03,10,21,40,200,7.0,10.0,MM,MM,MM,MM,1019.5,4.9,8.3,3.6,MM,MM,MM
2026,03,10,21,30,190,7.0,10.0,MM,MM,MM,MM,1019.5,5.1,8.3,3.7,MM,MM,MM
2026,03,10,21,20,180,9.0,12.0,3.2,14,7.9,247,1019.4,5.1,8.4,3.5,MM,MM,MM
2026,03,10,21,10,180,10.0,11.0,3.2,MM,7.9,247,1019.1,5.0,8.4,3.3,MM,MM,MM
2026,03,10,21,00,170,10.0,12.0,MM,MM,MM,MM,1019.1,5.1,8.4,3.3,MM,+0.3,MM
2026,03,10,20,50,160,9.0,12.0,3.0,14,8.1,265,1018.9,5.0,8.4,3.2,MM,MM,MM
2026,03,10,20,40,160,9.0,11.0,MM,MM,MM,MM,1019.0,5.2,8.4,3.0,MM,MM,MM
2026,03,10,20,30,160,9.0,11.0,MM,MM,MM,MM,1018.8,4.9,8.5,3.1,MM,MM,MM
2026,03,10,20,20,150,8.0,10.0,3.1,14,8.2,269,1018.9,4.5,8.5,3.0,MM,MM,MM
2026,03,10,20,10,150,8.0,10.0,3.1,MM,8.2,269,1019.0,4.4,8.5,2.8,MM,MM,MM
2026,03,10,20,00,150,7.0,9.0,MM,MM,MM,MM,1019.1,4.2,8.5,2.9,MM,+0.3,MM
2026,03,10,19,50,140,6.0,8.0,3.1,12,8.2,273,1019.0,3.9,8.5,2.6,MM,MM,MM
2026,03,10,19,40,150,7.0,9.0,MM,MM,MM,MM,1019.1,4.0,8.5,2.6,MM,MM,MM
2026,03,10,19,30,150,8.0,10.0,MM,MM,MM,MM,1019.1,3.8,8.5,2.3,MM,MM,MM
2026,03,10,19,20,160,8.0,10.0,3.1,14,8.0,248,1018.9,3.8,8.5,2.2,MM,MM,MM
2026,03,10,19,10,160,8.0,10.0,3.1,MM,8.0,248,1019.1,3.9,8.5,2.4,MM,MM,MM
2026,03,10,19,00,170,8.0,10.0,MM,MM,MM,MM,1019.1,3.9,8.5,2.6,MM,+0.4,MM
2026,03,10,18,50,170,9.0,11.0,3.3,15,8.1,259,1019.0,4.0,8.5,2.9,MM,MM,MM
2026,03,10,18,40,170,9.0,12.0,MM,MM,MM,MM,1018.9,3.9,8.5,2.9,MM,MM,MM
2026,03,10,18,30,180,10.0,12.0,MM,MM,MM,MM,1018.8,3.9,8.5,2.9,MM,MM,MM
2026,03,10,18,20,180,11.0,13.0,3.4,14,8.1,265,1018.9,4.2,8.5,3.0,MM,MM,MM
2026,03,10,18,10,180,10.0,13.0,MM,MM,MM,MM,1018.5,4.4,8.5,3.3,MM,MM,MM
2026,03,10,18,00,170,10.0,12.0,MM,MM,MM,MM,1018.6,4.4,8.5,3.3,MM,+0.7,MM
2026,03,10,17,50,180,10.0,12.0,3.2,13,8.0,264,1018.7,4.2,8.4,3.2,MM,MM,MM
2026,03,10,17,40,180,9.0,12.0,MM,MM,MM,MM,1018.7,4.1,8.5,3.1,MM,MM,MM
2026,03,10,17,30,180,9.0,11.0,MM,MM,MM,MM,1018.7,4.1,8.5,3.1,MM,MM,MM
2026,03,10,17,20,180,9.0,12.0,3.4,14,8.5,264,1018.7,4.2,8.6,3.1,MM,MM,MM
2026,03,10,17,10,190,9.0,11.0,3.4,MM,8.5,264,1018.7,4.1,8.6,3.0,MM,MM,MM
2026,03,10,17,00,180,8.0,11.0,MM,MM,MM,MM,1018.8,3.9,8.6,3.2,MM,+0.8,MM
2026,03,10,16,50,140,7.0,10.0,3.4,13,8.4,276,1018.8,3.4,8.7,2.5,MM,MM,MM
2026,03,10,16,40,150,5.0,8.0,MM,MM,MM,MM,1018.6,3.6,8.7,2.7,MM,MM,MM
2026,03,10,16,30,160,6.0,9.0,MM,MM,MM,MM,1018.6,3.9,8.7,2.7,MM,MM,MM
2026,03,10,16,20,200,6.0,9.0,2.9,15,8.1,275,1018.5,4.6,8.7,3.1,MM,MM,MM
2026,03,10,16,10,220,8.0,11.0,2.9,MM,8.1,275,1018.5,4.3,8.7,2.8,MM,MM,MM
2026,03,10,16,00,220,9.0,11.0,MM,MM,MM,MM,1018.5,4.2,8.8,3.0,MM,+0.6,MM
2026,03,10,15,50,200,8.0,10.0,2.6,11,7.7,287,1018.4,3.9,8.8,2.9,MM,MM,MM
2026,03,10,15,40,190,7.0,9.0,MM,MM,MM,MM,1018.4,3.5,8.8,3.2,MM,MM,MM
2026,03,10,15,30,170,6.0,8.0,MM,MM,MM,MM,1018.2,3.1,8.8,2.8,MM,MM,MM
2026,03,10,15,20,170,6.0,8.0,2.8,11,8.4,282,1018.3,2.6,8.8,2.4,MM,MM,MM
2026,03,10,15,10,180,7.0,9.0,2.8,MM,8.4,282,1018.2,2.5,8.8,2.3,MM,MM,MM
2026,03,10,15,00,170,6.0,8.0,MM,MM,MM,MM,1018.3,2.2,8.8,1.9,MM,+0.3,MM
2026,03,10,14,50,170,6.0,8.0,2.7,13,8.5,276,1018.3,2.3,8.8,1.9,MM,MM,MM
2026,03,10,14,40,170,5.0,7.0,MM,MM,MM,MM,1018.2,2.4,8.8,2.0,MM,MM,MM
2026,03,10,14,30,180,5.0,7.0,MM,MM,MM,MM,1018.2,2.4,8.8,1.8,MM,MM,MM
2026,03,10,14,20,190,5.0,7.0,2.9,13,8.9,278,1018.1,2.6,8.8,1.9,MM,MM,MM
2026,03,10,14,10,200,4.0,5.0,MM,MM,MM,MM,1017.9,2.4,8.8,1.7,MM,MM,MM
2026,03,10,14,00,190,5.0,7.0,MM,MM,MM,MM,1018.1,2.5,8.8,1.7,MM,-0.4,MM
2026,03,10,13,50,180,3.0,5.0,2.8,13,8.7,280,1018.3,2.5,8.9,1.4,MM,MM,MM
2026,03,10,13,40,160,3.0,4.0,2.8,MM,8.7,280,1018.2,2.6,8.8,1.3,MM,MM,MM
2026,03,10,13,30,150,3.0,5.0,MM,MM,MM,MM,1018.2,3.0,8.8,1.7,MM,MM,MM
2026,03,10,13,20,150,4.0,6.0,3.1,13,9.1,279,1018.2,2.9,8.8,1.6,MM,MM,MM
2026,03,10,13,10,150,4.0,7.0,MM,MM,MM,MM,1018.2,3.0,8.9,1.8,MM,MM,MM
2026,03,10,13,00,160,5.0,7.0,MM,MM,MM,MM,1018.3,2.9,8.9,1.8,MM,+0.0,MM
2026,03,10,12,50,170,6.0,7.0,2.6,11,8.6,275,1018.2,3.2,8.9,2.0,MM,MM,MM
2026,03,10,12,40,250,1.0,6.0,2.6,MM,8.6,275,1018.4,2.8,8.9,1.6,MM,MM,MM
2026,03,10,12,30,210,1.0,4.0,MM,MM,MM,MM,1018.2,2.9,8.9,1.6,MM,MM,MM
2026,03,10,12,20,160,1.0,4.0,2.9,13,8.8,268,1018.1,3.0,8.9,1.5,MM,MM,MM
2026,03,10,12,10,90,1.0,3.0,2.9,MM,8.8,268,1018.0,3.2,8.9,1.7,MM,MM,MM
2026,03,10,12,00,80,2.0,4.0,MM,MM,MM,MM,1018.0,3.3,8.9,1.9,MM,+0.0,MM
2026,03,10,11,50,50,2.0,4.0,2.9,13,8.6,276,1017.8,3.1,8.9,1.6,MM,MM,MM
2026,03,10,11,40,20,2.0,4.0,MM,MM,MM,MM,1017.7,2.9,8.9,1.5,MM,MM,MM
2026,03,10,11,30,360,4.0,5.0,MM,MM,MM,MM,1017.9,3.0,8.9,1.4,MM,MM,MM
2026,03,10,11,20,320,4.0,6.0,3.0,13,9.0,271,1018.1,3.3,8.9,1.4,MM,MM,MM
2026,03,10,11,10,310,3.0,4.0,3.0,MM,9.0,271,1018.4,3.2,8.9,1.5,MM,MM,MM
2026,03,10,11,00,300,3.0,5.0,MM,MM,MM,MM,1018.5,3.1,8.9,1.5,MM,+0.6,MM
2026,03,10,10,50,290,5.0,8.0,3.0,12,8.9,276,1018.5,3.2,8.9,1.7,MM,MM,MM
2026,03,10,10,40,260,8.0,10.0,MM,MM,MM,MM,1018.6,4.0,9.0,1.5,MM,MM,MM
2026,03,10,10,30,230,6.0,10.0,MM,MM,MM,MM,1018.6,4.6,9.0,1.2,MM,MM,MM
2026,03,10,10,20,200,5.0,7.0,3.1,14,8.9,283,1018.4,4.4,9.0,1.4,MM,MM,MM
2026,03,10,10,10,190,5.0,7.0,MM,MM,MM,MM,1018.2,4.6,9.0,0.9,MM,MM,MM
2026,03,10,10,00,200,5.0,6.0,MM,MM,MM,MM,1018.1,4.8,9.0,0.4,MM,+0.0,MM
2026,03,10,09,50,210,5.0,7.0,3.2,13,8.7,279,1018.1,4.8,9.0,0.2,MM,MM,MM
2026,03,10,09,40,220,6.0,8.0,MM,MM,MM,MM,1018.0,4.5,9.0,0.6,MM,MM,MM
2026,03,10,09,30,230,8.0,10.0,MM,MM,MM,MM,1018.0,4.3,9.0,1.7,MM,MM,MM
2026,03,10,09,20,240,9.0,10.0,3.2,13,9.0,273,1018.0,4.6,9.0,1.8,MM,MM,MM
2026,03,10,09,10,230,6.0,10.0,MM,MM,MM,MM,1018.0,4.9,9.0,1.5,MM,MM,MM
2026,03,10,09,00,80,1.0,4.0,MM,MM,MM,MM,1018.0,4.5,9.0,1.2,MM,+0.0,MM
2026,03,10,08,50,60,3.0,4.0,2.7,13,8.6,280,1017.9,4.7,9.0,1.4,MM,MM,MM
2026,03,10,08,40,60,3.0,5.0,MM,MM,MM,MM,1017.9,4.6,9.0,1.4,MM,MM,MM
2026,03,10,08,30,30,3.0,4.0,MM,MM,MM,MM,1017.9,4.9,9.0,1.3,MM,MM,MM
2026,03,10,08,20,20,3.0,5.0,3.1,13,9.0,279,1017.9,5.1,9.1,0.7,MM,MM,MM
2026,03,10,08,10,270,4.0,6.0,3.1,MM,9.0,279,1017.9,5.2,9.1,-1.0,MM,MM,MM
2026,03,10,08,00,290,3.0,6.0,MM,MM,MM,MM,1017.9,5.1,9.1,-0.8,MM,+0.0,MM
2026,03,10,07,50,280,3.0,5.0,2.8,11,8.7,270,1017.9,5.1,9.1,-0.7,MM,MM,MM
2026,03,10,07,40,300,3.0,5.0,2.8,MM,8.7,270,1017.9,5.0,9.1,-0.8,MM,MM,MM
2026,03,10,07,30,290,4.0,6.0,MM,MM,MM,MM,1017.9,4.9,9.1,-0.9,MM,MM,MM
2026,03,10,07,20,290,3.0,5.0,2.7,14,8.2,284,1018.0,4.8,9.1,-0.1,MM,MM,MM
2026,03,10,07,10,280,3.0,5.0,MM,MM,MM,MM,1018.0,4.9,9.1,-0.1,MM,MM,MM
2026,03,10,07,00,290,4.0,6.0,MM,MM,MM,MM,1018.0,4.9,9.1,-0.1,MM,+0.4,MM
2026,03,10,06,50,300,5.0,7.0,2.8,13,8.4,267,1018.1,4.9,9.1,0.1,MM,MM,MM
2026,03,10,06,40,290,5.0,6.0,MM,MM,MM,MM,1018.1,4.9,9.1,0.3,MM,MM,MM
2026,03,10,06,30,290,5.0,8.0,MM,MM,MM,MM,1018.1,4.8,9.1,-0.2,MM,MM,MM
2026,03,10,06,20,290,5.0,7.0,2.8,12,8.1,267,1018.1,4.9,9.1,-0.1,MM,MM,MM
2026,03,10,06,10,290,5.0,7.0,MM,MM,MM,MM,1018.0,4.8,9.1,-0.1,MM,MM,MM
2026,03,10,06,00,310,5.0,7.0,MM,MM,MM,MM,1018.0,4.6,9.1,1.0,MM,+0.7,MM
2026,03,10,05,50,330,5.0,6.0,2.7,11,8.1,268,1017.9,4.7,9.1,1.1,MM,MM,MM
2026,03,10,05,40,320,6.0,8.0,MM,MM,MM,MM,1017.9,4.8,9.1,1.2,MM,MM,MM
2026,03,10,05,30,300,8.0,10.0,MM,MM,MM,MM,1017.9,5.1,9.1,1.7,MM,MM,MM
2026,03,10,05,20,290,6.0,10.0,2.6,13,8.2,274,1017.8,5.1,9.1,0.2,MM,MM,MM
2026,03,10,05,10,290,5.0,7.0,2.6,MM,8.2,274,1017.7,4.9,9.1,0.1,MM,MM,MM
2026,03,10,05,00,300,5.0,7.0,MM,MM,MM,MM,1017.8,4.8,9.2,0.5,MM,+0.7,MM
2026,03,10,04,50,300,5.0,7.0,2.7,11,8.3,277,1017.8,5.0,9.1,0.6,MM,MM,MM
2026,03,10,04,40,300,6.0,8.0,2.7,MM,8.3,277,1017.7,4.9,9.1,0.7,MM,MM,MM
2026,03,10,04,30,270,4.0,6.0,MM,MM,MM,MM,1017.7,4.7,9.2,1.4,MM,MM,MM
2026,03,10,04,20,290,4.0,5.0,2.8,13,8.5,278,1017.6,4.0,9.1,0.8,MM,MM,MM
2026,03,10,04,10,310,5.0,7.0,2.8,MM,8.5,278,1017.6,3.7,9.1,0.3,MM,MM,MM
2026,03,10,04,00,320,7.0,9.0,MM,MM,MM,MM,1017.5,3.2,9.1,1.2,MM,+0.5,MM
2026,03,10,03,50,280,8.0,14.0,2.7,13,8.3,282,1017.7,3.6,9.2,1.3,MM,MM,MM
2026,03,10,03,40,240,6.0,8.0,MM,MM,MM,MM,1017.4,4.3,9.1,2.0,MM,MM,MM
2026,03,10,03,30,230,5.0,6.0,MM,MM,MM,MM,1017.3,4.0,9.1,1.9,MM,MM,MM
2026,03,10,03,20,230,4.0,6.0,2.6,13,7.9,282,1017.3,3.7,9.1,1.9,MM,MM,MM
2026,03,10,03,10,240,5.0,7.0,MM,MM,MM,MM,1017.4,3.6,9.1,1.9,MM,MM,MM
2026,03,10,03,00,230,5.0,7.0,MM,MM,MM,MM,1017.4,3.4,MM,1.7,MM,+0.3,MM
2026,03,10,02,50,230,4.0,6.0,2.7,13,8.1,280,1017.3,3.1,9.2,1.6,MM,MM,MM
2026,03,10,02,40,230,5.0,7.0,2.7,MM,8.1,280,1017.2,3.0,9.2,1.8,MM,MM,MM
2026,03,10,02,30,240,7.0,10.0,MM,MM,MM,MM,1017.2,3.6,9.1,1.3,MM,MM,MM
2026,03,10,02,20,260,4.0,7.0,2.8,11,8.3,269,1017.1,3.9,9.0,1.4,MM,MM,MM
2026,03,10,02,10,280,2.0,4.0,2.8,MM,8.3,269,1017.1,3.5,8.8,1.7,MM,MM,MM
2026,03,10,02,00,290,2.0,4.0,MM,MM,MM,MM,1017.1,3.3,8.7,1.8,MM,-0.0,MM
2026,03,10,01,50,320,2.0,3.0,2.5,13,8.1,277,1017.1,3.1,8.7,1.7,MM,MM,MM
2026,03,10,01,40,330,2.0,4.0,MM,MM,MM,MM,1017.0,3.1,8.8,1.9,MM,MM,MM
2026,03,10,01,30,320,2.0,3.0,MM,MM,MM,MM,1017.0,2.9,8.8,1.8,MM,MM,MM
2026,03,10,01,20,330,3.0,4.0,2.7,12,8.1,280,1017.0,2.8,8.8,1.9,MM,MM,MM
2026,03,10,01,10,340,4.0,5.0,2.7,MM,8.1,280,1017.0,2.8,8.8,2.1,MM,MM,MM
2026,03,10,01,00,320,4.0,5.0,MM,MM,MM,MM,1017.0,2.6,8.8,2.0,MM,+0.0,MM
2026,03,10,00,50,320,4.0,6.0,2.8,12,8.1,273,1017.0,2.4,8.7,1.9,MM,MM,MM
2026,03,10,00,40,310,6.0,8.0,MM,MM,MM,MM,1017.2,2.4,8.7,1.9,MM,MM,MM
2026,03,10,00,30,300,8.0,12.0,MM,MM,MM,MM,1017.4,2.3,8.7,1.6,MM,MM,MM
2026,03,10,00,20,290,10.0,13.0,2.9,11,7.9,285,1017.3,3.5,8.7,1.3,MM,MM,MM
2026,03,10,00,10,260,5.0,7.0,2.9,MM,7.9,285,1017.1,4.3,8.7,0.4,MM,MM,MM
2026,03,10,00,00,260,5.0,8.0,MM,MM,MM,MM,1017.1,4.3,8.7,0.2,MM,+0.0,MM
2026,03,09,23,50,280,7.0,10.0,2.6,11,7.7,280,1017.3,4.5,8.7,-0.1,MM,MM,MM
2026,03,09,23,40,270,6.0,9.0,MM,MM,MM,MM,1017.3,4.7,8.7,0.2,MM,MM,MM
2026,03,09,23,20,270,2.0,4.0,2.7,11,7.7,274,1017.3,4.5,8.7,0.6,MM,MM,MM
2026,03,09,23,10,270,2.0,5.0,2.7,MM,7.7,274,1017.2,4.4,8.7,0.6,MM,MM,MM
2026,03,09,23,00,260,2.0,4.0,MM,MM,MM,MM,1017.2,4.3,8.7,0.9,MM,-0.0,MM
2026,03,09,22,50,280,3.0,5.0,2.9,12,8.0,271,1017.3,4.1,8.7,0.8,MM,MM,MM
2026,03,09,22,40,290,4.0,6.0,MM,MM,MM,MM,1017.2,3.9,8.7,1.1,MM,MM,MM
2026,03,09,22,30,300,4.0,6.0,MM,MM,MM,MM,1017.2,3.9,8.7,1.4,MM,MM,MM
2026,03,09,22,20,310,4.0,6.0,2.8,11,7.7,277,1017.3,3.7,8.7,1.5,MM,MM,MM
2026,03,09,22,10,330,5.0,6.0,2.8,MM,7.7,277,1017.3,3.5,8.7,1.6,MM,MM,MM
2026,03,09,22,00,340,5.0,7.0,MM,MM,MM,MM,1017.3,3.4,8.7,2.0,MM,-0.0,MM
2026,03,09,21,50,340,6.0,8.0,2.6,12,7.5,278,1017.3,3.3,8.8,2.3,MM,MM,MM
2026,03,09,21,40,330,6.0,8.0,MM,MM,MM,MM,1017.3,3.2,8.8,2.2,MM,MM,MM
2026,03,09,21,30,330,8.0,10.0,MM,MM,MM,MM,1017.3,3.2,8.8,2.3,MM,MM,MM
2026,03,09,21,20,320,9.0,12.0,3.0,11,8.0,275,1017.3,3.1,8.8,2.4,MM,MM,MM
2026,03,09,21,10,290,10.0,19.0,MM,MM,MM,MM,1017.3,4.2,8.8,2.2,MM,MM,MM
2026,03,09,21,00,250,6.0,10.0,MM,MM,MM,MM,1017.1,5.2,8.8,1.5,MM,-0.5,MM
2026,03,09,20,50,230,5.0,7.0,2.7,11,7.5,271,1017.1,5.2,MM,1.5,MM,MM,MM
2026,03,09,20,40,230,7.0,9.0,MM,MM,MM,MM,1017.2,5.0,8.8,1.7,MM,MM,MM
2026,03,09,20,30,230,7.0,9.0,MM,MM,MM,MM,1017.2,5.0,8.8,2.2,MM,MM,MM
2026,03,09,20,20,220,7.0,9.0,2.9,12,7.9,273,1017.3,4.6,8.7,1.8,MM,MM,MM
2026,03,09,20,10,220,7.0,8.0,2.9,MM,7.9,273,1017.3,4.4,8.8,1.8,MM,MM,MM
2026,03,09,20,00,220,7.0,9.0,MM,MM,MM,MM,1017.4,4.3,8.8,1.7,MM,+0.0,MM
2026,03,09,19,50,220,7.0,8.0,2.7,11,7.9,275,1017.4,4.5,8.9,1.3,MM,MM,MM
2026,03,09,19,40,240,7.0,10.0,2.7,MM,7.9,275,1017.4,4.5,9.0,0.8,MM,MM,MM
2026,03,09,19,30,250,9.0,11.0,MM,MM,MM,MM,1017.4,4.9,9.0,0.9,MM,MM,MM
2026,03,09,19,20,230,6.0,9.0,2.7,11,8.1,278,1017.3,5.0,9.1,1.0,MM,MM,MM
2026,03,09,19,10,220,4.0,6.0,2.7,MM,8.1,278,1017.3,4.7,9.0,1.2,MM,MM,MM
2026,03,09,19,00,220,4.0,5.0,MM,MM,MM,MM,1017.3,4.5,9.0,0.9,MM,+0.9,MM
2026,03,09,18,50,230,4.0,6.0,2.6,11,8.1,275,1017.4,4.6,9.1,1.6,MM,MM,MM
2026,03,09,18,40,240,4.0,5.0,MM,MM,MM,MM,1017.4,4.5,9.1,1.2,MM,MM,MM
2026,03,09,18,30,260,4.0,6.0,MM,MM,MM,MM,1017.4,4.4,9.1,1.0,MM,MM,MM
2026,03,09,18,20,260,4.0,6.0,2.6,12,7.9,273,1017.5,4.4,9.1,1.4,MM,MM,MM
2026,03,09,18,10,260,4.0,6.0,MM,MM,MM,MM,1017.5,4.3,9.1,1.5,MM,MM,MM
2026,03,09,18,00,280,4.0,6.0,MM,MM,MM,MM,1017.5,4.2,9.1,1.5,MM,+0.6,MM
2026,03,09,17,50,280,3.0,5.0,2.6,12,7.8,281,1017.5,3.9,9.1,1.3,MM,MM,MM
2026,03,09,17,40,300,4.0,6.0,MM,MM,MM,MM,1017.5,3.7,9.1,1.2,MM,MM,MM
2026,03,09,17,30,310,3.0,5.0,MM,MM,MM,MM,1017.5,3.4,9.1,1.5,MM,MM,MM
2026,03,09,17,20,310,4.0,6.0,2.7,11,8.0,281,1017.5,3.0,9.1,1.3,MM,MM,MM
2026,03,09,17,10,300,5.0,7.0,2.7,MM,8.0,281,1017.4,2.7,9.1,1.6,MM,MM,MM
2026,03,09,17,00,310,6.0,8.0,MM,MM,MM,MM,1017.5,2.7,9.2,2.1,MM,+0.3,MM
2026,03,09,16,50,310,9.0,11.0,2.6,11,7.9,277,1017.6,2.8,9.1,2.2,MM,MM,MM
2026,03,09,16,40,310,9.0,12.0,MM,MM,MM,MM,1017.5,3.0,9.2,2.1,MM,MM,MM
2026,03,09,16,30,310,6.0,11.0,MM,MM,MM,MM,1017.4,3.2,9.2,1.9,MM,MM,MM
2026,03,09,16,20,320,7.0,10.0,2.9,11,8.6,277,1017.2,3.6,9.2,2.0,MM,MM,MM
2026,03,09,16,10,230,7.0,12.0,2.9,MM,8.6,277,1017.0,4.6,9.2,1.9,MM,MM,MM
2026,03,09,16,00,200,4.0,6.0,MM,MM,MM,MM,1016.4,4.1,9.2,1.7,MM,-0.6,MM
2026,03,09,15,50,180,4.0,6.0,2.7,11,8.2,265,1016.5,3.6,9.2,2.2,MM,MM,MM
2026,03,09,15,40,180,5.0,5.0,2.7,MM,8.2,265,1016.4,3.3,9.2,2.4,MM,MM,MM
2026,03,09,15,30,190,4.0,5.0,MM,MM,MM,MM,1016.6,3.0,9.2,2.1,MM,MM,MM
2026,03,09,15,20,180,4.0,5.0,2.2,12,7.6,275,1016.8,2.9,9.2,2.0,MM,MM,MM
2026,03,09,15,10,190,4.0,5.0,2.2,MM,7.6,275,1016.8,2.8,9.2,1.7,MM,MM,MM
2026,03,09,15,00,210,5.0,7.0,MM,MM,MM,MM,1016.9,2.9,9.2,1.6,MM,+0.0,MM
2026,03,09,14,50,260,4.0,7.0,2.4,11,7.5,283,1017.0,2.8,9.2,1.1,MM,MM,MM
2026,03,09,14,40,260,5.0,7.0,MM,MM,MM,MM,1017.1,3.7,9.2,1.7,MM,MM,MM
2026,03,09,14,30,250,4.0,5.0,MM,MM,MM,MM,1017.1,3.3,9.2,1.4,MM,MM,MM
2026,03,09,14,20,220,3.0,6.0,2.3,12,7.4,282,1016.9,3.2,9.2,1.2,MM,MM,MM
2026,03,09,14,10,220,5.0,7.0,2.3,MM,7.4,282,1017.0,3.7,9.2,1.1,MM,MM,MM
2026,03,09,14,00,230,4.0,6.0,MM,MM,MM,MM,1017.0,3.7,9.1,0.9,MM,+0.0,MM
2026,03,09,13,50,260,2.0,4.0,2.5,11,7.6,277,1017.1,4.0,9.2,0.7,MM,MM,MM
2026,03,09,13,40,300,4.0,6.0,MM,MM,MM,MM,1017.2,3.8,9.2,0.4,MM,MM,MM
2026,03,09,13,30,320,4.0,6.0,MM,MM,MM,MM,1017.2,3.7,9.2,1.4,MM,MM,MM
2026,03,09,13,20,330,5.0,7.0,2.6,12,7.6,284,1017.2,3.5,9.1,1.4,MM,MM,MM
2026,03,09,13,10,320,7.0,10.0,MM,MM,MM,MM,1017.1,4.1,9.1,1.8,MM,MM,MM
2026,03,09,13,00,290,7.0,9.0,MM,MM,MM,MM,1017.0,4.2,9.1,1.3,MM,+0.0,MM
2026,03,09,12,50,320,5.0,9.0,2.5,12,7.7,284,1017.0,3.8,9.1,2.0,MM,MM,MM
2026,03,09,12,40,340,6.0,8.0,2.5,MM,7.7,284,1017.0,3.8,9.1,2.0,MM,MM,MM
2026,03,09,12,30,340,6.0,9.0,MM,MM,MM,MM,1016.7,4.2,9.1,2.0,MM,MM,MM
2026,03,09,12,20,280,5.0,8.0,2.5,11,7.7,282,1016.9,3.7,9.1,1.8,MM,MM,MM
2026,03,09,12,10,260,7.0,10.0,2.5,MM,7.7,282,1016.8,4.0,9.1,1.2,MM,MM,MM
2026,03,09,12,00,270,4.0,8.0,MM,MM,MM,MM,1016.8,4.9,9.1,0.2,MM,-0.3,MM
2026,03,09,11,50,260,3.0,5.0,2.2,11,7.2,268,1016.5,4.8,9.1,0.5,MM,MM,MM
2026,03,09,11,40,260,3.0,5.0,MM,MM,MM,MM,1016.6,4.7,9.1,0.4,MM,MM,MM
2026,03,09,11,30,280,3.0,5.0,MM,MM,MM,MM,1016.7,4.7,9.1,0.9,MM,MM,MM
2026,03,09,11,20,300,3.0,5.0,2.4,12,7.1,269,1016.8,4.6,9.1,0.9,MM,MM,MM
2026,03,09,11,10,300,4.0,5.0,MM,MM,MM,MM,1016.9,4.6,9.1,0.9,MM,MM,MM
2026,03,09,11,00,310,4.0,6.0,MM,MM,MM,MM,1016.9,4.6,9.1,1.1,MM,+0.0,MM
2026,03,09,10,50,300,5.0,7.0,2.7,12,7.0,272,1017.0,4.5,9.1,1.0,MM,MM,MM
2026,03,09,10,40,300,6.0,8.0,2.7,MM,7.0,272,1017.1,4.5,9.1,1.6,MM,MM,MM
2026,03,09,10,30,300,7.0,9.0,MM,MM,MM,MM,1017.2,4.4,9.1,1.7,MM,MM,MM
2026,03,09,10,20,290,9.0,13.0,2.6,12,7.3,272,1017.2,4.6,9.1,1.6,MM,MM,MM
2026,03,09,10,10,310,10.0,13.0,2.6,MM,7.3,272,1017.2,5.2,9.1,2.2,MM,MM,MM
2026,03,09,10,00,300,7.0,12.0,MM,MM,MM,MM,1017.2,4.5,9.1,1.0,MM,-0.3,MM
2026,03,09,09,50,290,7.0,12.0,2.5,11,7.0,270,1017.0,5.6,9.1,0.4,MM,MM,MM
2026,03,09,09,40,280,7.0,9.0,MM,MM,MM,MM,1017.1,5.7,9.1,0.5,MM,MM,MM
2026,03,09,09,30,280,8.0,10.0,MM,MM,MM,MM,1017.1,5.6,9.1,0.6,MM,MM,MM
2026,03,09,09,20,280,7.0,10.0,2.5,12,6.6,274,1017.2,5.4,9.1,0.3,MM,MM,MM
2026,03,09,09,10,280,7.0,9.0,2.5,MM,6.6,274,1017.3,5.4,9.1,0.7,MM,MM,MM
2026,03,09,09,00,270,8.0,10.0,MM,MM,MM,MM,1017.2,5.2,9.2,1.9,MM,+0.3,MM
2026,03,09,08,50,270,8.0,10.0,2.6,12,7.0,274,1017.2,5.0,9.2,2.1,MM,MM,MM
2026,03,09,08,40,260,8.0,10.0,2.6,MM,7.0,274,1017.1,4.9,9.2,2.1,MM,MM,MM
2026,03,09,08,30,250,8.0,10.0,MM,MM,MM,MM,1017.0,4.6,9.2,2.3,MM,MM,MM
2026,03,09,08,20,250,9.0,11.0,3.0,12,7.2,274,1017.1,4.3,9.2,2.6,MM,MM,MM
2026,03,09,08,10,250,10.0,13.0,3.0,MM,7.2,274,1017.2,4.7,9.2,2.3,MM,MM,MM
2026,03,09,08,00,270,8.0,12.0,MM,MM,MM,MM,1017.2,5.3,9.2,1.8,MM,+0.5,MM
2026,03,09,07,50,280,7.0,10.0,2.7,12,6.9,271,1017.3,5.4,9.2,0.9,MM,MM,MM
2026,03,09,07,40,290,6.0,9.0,MM,MM,MM,MM,1017.3,4.9,9.2,1.3,MM,MM,MM
2026,03,09,07,30,310,6.0,8.0,MM,MM,MM,MM,1017.3,4.4,9.2,2.2,MM,MM,MM
2026,03,09,07,20,320,8.0,11.0,2.8,12,6.8,270,1017.3,4.3,9.2,2.7,MM,MM,MM
2026,03,09,07,10,320,11.0,14.0,2.8,MM,6.8,270,1017.4,4.4,9.2,2.5,MM,MM,MM
2026,03,09,07,00,290,11.0,15.0,MM,MM,MM,MM,1017.3,4.6,9.2,2.2,MM,+0.8,MM
2026,03,09,06,50,280,11.0,16.0,2.6,12,7.2,267,1017.0,6.3,9.2,1.4,MM,MM,MM
2026,03,09,06,40,280,9.0,12.0,MM,MM,MM,MM,1016.8,6.4,9.2,0.5,MM,MM,MM
2026,03,09,06,30,290,9.0,10.0,MM,MM,MM,MM,1016.9,6.3,9.2,0.4,MM,MM,MM
2026,03,09,06,20,290,9.0,12.0,2.6,12,7.2,271,1016.8,6.3,9.2,0.9,MM,MM,MM
2026,03,09,06,10,290,8.0,10.0,2.6,MM,7.2,271,1016.8,6.0,9.2,1.8,MM,MM,MM
2026,03,09,06,00,300,6.0,7.0,MM,MM,MM,MM,1016.9,5.4,9.2,1.4,MM,+0.4,MM
2026,03,09,05,50,310,5.0,7.0,2.8,12,7.0,266,1016.9,4.9,9.2,1.5,MM,MM,MM
2026,03,09,05,40,320,6.0,9.0,MM,MM,MM,MM,1016.8,4.3,9.2,1.6,MM,MM,MM
2026,03,09,05,30,330,10.0,14.0,MM,MM,MM,MM,1016.8,4.3,9.3,1.6,MM,MM,MM
2026,03,09,05,20,310,8.0,13.0,2.7,12,7.1,272,1016.7,6.0,9.3,2.0,MM,MM,MM
2026,03,09,05,10,300,7.0,10.0,2.7,MM,7.1,272,1016.6,6.0,9.2,2.1,MM,MM,MM
2026,03,09,05,00,310,7.0,10.0,MM,MM,MM,MM,1016.6,6.0,9.3,2.1,MM,+0.6,MM
2026,03,09,04,50,300,8.0,10.0,2.7,11,6.8,273,1016.5,6.1,9.3,2.0,MM,MM,MM
2026,03,09,04,40,300,7.0,9.0,MM,MM,MM,MM,1016.5,6.2,9.3,2.2,MM,MM,MM
2026,03,09,04,30,300,7.0,9.0,MM,MM,MM,MM,1016.5,6.2,9.3,2.1,MM,MM,MM
2026,03,09,04,20,300,7.0,10.0,2.8,11,6.7,275,1016.4,6.2,9.3,1.7,MM,MM,MM
2026,03,09,04,10,300,9.0,11.0,MM,MM,MM,MM,1016.4,6.3,9.3,1.8,MM,MM,MM
2026,03,09,04,00,310,9.0,11.0,MM,MM,MM,MM,1016.5,6.3,9.3,2.1,MM,-0.0,MM
2026,03,09,03,50,300,10.0,13.0,2.8,11,6.8,274,1016.5,6.3,9.3,2.3,MM,MM,MM
2026,03,09,03,40,290,10.0,12.0,MM,MM,MM,MM,1016.5,6.3,9.3,2.1,MM,MM,MM
2026,03,09,03,30,300,9.0,11.0,MM,MM,MM,MM,1016.5,5.9,9.3,2.2,MM,MM,MM
2026,03,09,03,20,300,9.0,12.0,2.7,11,6.6,278,1016.6,5.8,9.4,2.6,MM,MM,MM
2026,03,09,03,10,310,9.0,12.0,2.7,MM,6.6,278,1016.6,6.0,9.4,2.9,MM,MM,MM
2026,03,09,03,00,300,9.0,12.0,MM,MM,MM,MM,1016.5,6.1,9.4,2.6,MM,-0.4,MM
2026,03,09,02,50,290,10.0,13.0,2.6,13,6.5,284,1016.4,6.0,9.4,3.0,MM,MM,MM
2026,03,09,02,40,290,11.0,14.0,MM,MM,MM,MM,1016.4,5.9,9.3,3.3,MM,MM,MM
2026,03,09,02,30,290,12.0,15.0,MM,MM,MM,MM,1016.2,6.4,9.4,3.2,MM,MM,MM
2026,03,09,02,20,280,9.0,11.0,2.7,13,7.0,281,1016.1,6.8,9.4,2.5,MM,MM,MM
2026,03,09,02,10,280,9.0,11.0,2.7,MM,7.0,281,1016.2,6.8,9.4,2.7,MM,MM,MM
2026,03,09,02,00,290,8.0,10.0,MM,MM,MM,MM,1016.0,6.7,9.4,3.3,MM,-1.3,MM
2026,03,09,01,50,300,8.0,10.0,2.8,12,7.1,274,1016.0,6.6,9.4,3.7,MM,MM,MM
2026,03,09,01,40,280,9.0,12.0,MM,MM,MM,MM,1016.1,6.4,9.4,2.4,MM,MM,MM
2026,03,09,01,30,280,11.0,16.0,MM,MM,MM,MM,1016.2,6.6,9.3,2.4,MM,MM,MM
2026,03,09,01,20,280,8.0,10.0,2.6,13,7.0,276,1016.2,6.6,9.3,2.9,MM,MM,MM
2026,03,09,01,10,280,7.0,9.0,2.6,MM,7.0,276,1016.5,6.5,9.3,3.1,MM,MM,MM
2026,03,09,01,00,290,8.0,10.0,MM,MM,MM,MM,1016.7,6.3,9.3,2.9,MM,-1.0,MM
2026,03,09,00,50,300,8.0,10.0,2.6,12,6.6,267,1016.8,5.8,9.3,3.3,MM,MM,MM
2026,03,09,00,40,310,9.0,12.0,MM,MM,MM,MM,1016.9,5.1,9.3,3.1,MM,MM,MM
2026,03,09,00,30,300,12.0,15.0,MM,MM,MM,MM,1016.9,5.2,9.3,3.4,MM,MM,MM
2026,03,09,00,20,280,11.0,16.0,2.7,12,7.2,268,1017.0,6.1,9.3,3.4,MM,MM,MM
2026,03,09,00,10,290,9.0,11.0,2.7,MM,7.2,268,1016.9,6.6,9.3,3.5,MM,MM,MM
2026,03,09,00,00,290,8.0,11.0,MM,MM,MM,MM,1016.9,6.8,9.3,3.1,MM,-1.2,MM
2026,03,08,23,50,290,8.0,12.0,2.5,13,7.0,276,1017.1,6.8,9.3,2.8,MM,MM,MM
2026,03,08,23,40,290,8.0,9.0,MM,MM,MM,MM,1017.1,7.1,9.3,2.4,MM,MM,MM
2026,03,08,23,30,290,7.0,9.0,MM,MM,MM,MM,1017.1,7.0,9.4,2.1,MM,MM,MM
2026,03,08,23,20,300,6.0,8.0,2.8,13,7.1,268,1017.2,6.5,9.4,1.3,MM,MM,MM
2026,03,08,23,10,300,7.0,11.0,2.8,MM,7.1,268,1017.3,6.1,9.4,1.4,MM,MM,MM
2026,03,08,23,00,290,11.0,15.0,MM,MM,MM,MM,1017.5,7.2,9.4,2.7,MM,-1.1,MM
2026,03,08,22,50,290,9.0,12.0,2.8,11,6.7,271,1017.4,7.6,9.4,2.9,MM,MM,MM
2026,03,08,22,40,300,8.0,10.0,MM,MM,MM,MM,1017.4,7.5,9.3,3.0,MM,MM,MM
2026,03,08,22,30,300,8.0,9.0,MM,MM,MM,MM,1017.5,7.3,9.3,3.0,MM,MM,MM
2026,03,08,22,20,300,9.0,11.0,3.1,11,7.3,278,1017.6,7.4,9.4,3.2,MM,MM,MM
2026,03,08,22,10,310,9.0,11.0,3.1,MM,7.3,278,1017.6,7.6,9.4,3.5,MM,MM,MM
2026,03,08,22,00,280,9.0,11.0,MM,MM,MM,MM,1017.7,8.0,9.4,2.3,MM,-0.6,MM
2026,03,08,21,50,290,8.0,10.0,3.3,12,7.8,273,1017.7,8.0,9.3,2.7,MM,MM,MM
2026,03,08,21,40,280,9.0,11.0,3.3,MM,7.8,273,1017.8,8.0,9.4,2.2,MM,MM,MM
2026,03,08,21,30,290,9.0,11.0,MM,MM,MM,MM,1017.9,7.9,9.4,2.2,MM,MM,MM
2026,03,08,21,20,290,9.0,11.0,3.0,12,7.4,280,1018.0,7.9,9.3,2.8,MM,MM,MM
2026,03,08,21,10,290,9.0,12.0,3.0,MM,7.4,280,1018.1,7.9,9.4,2.6,MM,MM,MM
2026,03,08,21,00,290,9.0,12.0,MM,MM,MM,MM,1018.2,7.9,9.4,2.3,MM,+0.0,MM
2026,03,08,20,50,300,9.0,12.0,3.0,12,7.2,264,1018.3,7.8,9.4,2.4,MM,MM,MM
2026,03,08,20,40,300,10.0,12.0,3.0,MM,7.2,264,1018.3,7.8,9.4,2.3,MM,MM,MM
2026,03,08,20,30,290,10.0,12.0,MM,MM,MM,MM,1018.3,7.9,9.4,2.4,MM,MM,MM
2026,03,08,20,20,290,9.0,11.0,2.9,14,7.3,259,1018.3,7.9,9.4,2.5,MM,MM,MM
2026,03,08,20,10,300,10.0,12.0,2.9,MM,7.3,259,1018.4,7.9,9.4,2.3,MM,MM,MM
2026,03,08,20,00,300,10.0,12.0,MM,MM,MM,MM,1018.4,8.0,9.3,2.3,MM,+0.5,MM
2026,03,08,19,50,300,10.0,12.0,3.4,12,7.6,272,1018.4,8.0,9.4,2.7,MM,MM,MM
2026,03,08,19,40,290,10.0,13.0,3.4,MM,7.6,272,1018.3,8.0,9.4,2.3,MM,MM,MM
2026,03,08,19,30,300,10.0,12.0,MM,MM,MM,MM,1018.3,8.0,9.4,2.8,MM,MM,MM
2026,03,08,19,20,300,10.0,13.0,3.1,11,7.4,270,1018.4,8.0,9.4,3.3,MM,MM,MM
2026,03,08,19,10,300,10.0,13.0,3.1,MM,7.4,270,1018.3,8.0,9.4,2.7,MM,MM,MM
2026,03,08,19,00,290,10.0,12.0,MM,MM,MM,MM,1018.3,8.0,MM,2.3,MM,+0.6,MM
2026,03,08,18,50,290,11.0,13.0,2.9,10,7.1,274,1018.2,8.1,9.4,2.2,MM,MM,MM
2026,03,08,18,40,290,11.0,13.0,MM,MM,MM,MM,1018.2,8.1,9.4,3.0,MM,MM,MM
2026,03,08,18,30,300,11.0,13.0,MM,MM,MM,MM,1018.1,8.1,9.4,2.4,MM,MM,MM
2026,03,08,18,20,300,10.0,13.0,3.1,12,7.4,267,1018.1,8.1,9.4,2.9,MM,MM,MM
2026,03,08,18,10,300,10.0,13.0,3.1,MM,7.4,267,1018.0,8.1,9.4,3.4,MM,MM,MM
2026,03,08,18,00,300,11.0,13.0,MM,MM,MM,MM,1018.0,8.1,9.4,3.2,MM,+0.7,MM
2026,03,08,17,50,300,10.0,13.0,3.1,12,7.6,269,1018.1,8.1,9.4,3.1,MM,MM,MM
2026,03,08,17,40,300,10.0,13.0,MM,MM,MM,MM,1018.1,8.2,9.4,3.3,MM,MM,MM
2026,03,08,17,30,300,10.0,14.0,MM,MM,MM,MM,1018.1,8.2,9.4,3.1,MM,MM,MM
2026,03,08,17,20,300,11.0,14.0,2.9,12,7.5,271,1018.0,8.2,9.4,2.8,MM,MM,MM
2026,03,08,17,10,290,10.0,13.0,MM,MM,MM,MM,1017.9,8.2,9.4,3.0,MM,MM,MM
2026,03,08,17,00,300,10.0,13.0,MM,MM,MM,MM,1018.0,8.2,9.4,2.6,MM,+0.8,MM
2026,03,08,16,50,300,10.0,13.0,2.7,12,7.0,276,1017.9,8.2,9.4,3.0,MM,MM,MM
2026,03,08,16,40,300,10.0,12.0,MM,MM,MM,MM,1017.9,8.2,9.4,3.1,MM,MM,MM
2026,03,08,16,30,300,10.0,12.0,MM,MM,MM,MM,1017.8,8.2,9.4,3.6,MM,MM,MM
2026,03,08,16,20,300,10.0,12.0,2.8,13,7.4,275,1017.8,8.2,9.4,3.5,MM,MM,MM
2026,03,08,16,10,290,10.0,12.0,2.8,MM,7.4,275,1017.8,8.2,9.4,3.6,MM,MM,MM
2026,03,08,16,00,290,9.0,11.0,MM,MM,MM,MM,1017.7,8.2,9.4,4.0,MM,+0.6,MM
2026,03,08,15,50,290,10.0,12.0,2.7,12,7.4,271,1017.6,8.3,9.4,4.2,MM,MM,MM
2026,03,08,15,40,290,10.0,12.0,MM,MM,MM,MM,1017.6,8.3,9.4,4.4,MM,MM,MM
2026,03,08,15,30,290,9.0,11.0,MM,MM,MM,MM,1017.5,8.4,9.4,4.3,MM,MM,MM
2026,03,08,15,20,290,9.0,11.0,2.7,11,7.4,277,1017.4,8.4,9.4,4.5,MM,MM,MM
2026,03,08,15,10,290,9.0,12.0,MM,MM,MM,MM,1017.5,8.5,9.4,4.6,MM,MM,MM
2026,03,08,15,00,300,9.0,11.0,MM,MM,MM,MM,1017.3,8.5,9.4,5.0,MM,+0.0,MM
2026,03,08,14,50,290,9.0,11.0,2.8,11,7.6,269,1017.2,8.5,9.4,5.3,MM,MM,MM
2026,03,08,14,40,290,9.0,11.0,MM,MM,MM,MM,1017.0,8.6,9.4,5.6,MM,MM,MM
2026,03,08,14,30,290,9.0,11.0,MM,MM,MM,MM,1017.1,8.7,9.4,6.1,MM,MM,MM
2026,03,08,14,20,290,9.0,10.0,2.8,11,7.9,265,1017.2,8.8,9.4,6.5,MM,MM,MM
2026,03,08,14,10,290,9.0,11.0,MM,MM,MM,MM,1017.1,8.8,9.5,7.0,MM,MM,MM
2026,03,08,14,00,280,8.0,10.0,MM,MM,MM,MM,1017.1,8.8,9.5,7.7,MM,-0.7,MM
2026,03,08,13,50,270,7.0,8.0,2.7,12,7.6,274,1017.1,8.6,9.4,8.0,MM,MM,MM
2026,03,08,13,40,270,7.0,9.0,MM,MM,MM,MM,1017.1,8.6,9.5,8.2,MM,MM,MM
2026,03,08,13,30,270,7.0,8.0,MM,MM,MM,MM,1017.0,8.5,9.4,8.0,MM,MM,MM
2026,03,08,13,20,270,7.0,8.0,2.4,11,7.0,271,1017.1,8.4,9.5,7.9,MM,MM,MM
2026,03,08,13,10,280,9.0,12.0,2.4,MM,7.0,271,1017.3,8.7,9.5,8.0,MM,MM,MM
2026,03,08,13,00,250,7.0,8.0,MM,MM,MM,MM,1017.0,9.1,9.5,8.0,MM,-1.5,MM
2026,03,08,12,50,250,6.0,8.0,2.7,12,7.2,276,1017.0,9.1,9.4,7.8,MM,MM,MM
2026,03,08,12,40,250,7.0,8.0,MM,MM,MM,MM,1017.0,9.1,9.4,7.8,MM,MM,MM
2026,03,08,12,30,250,7.0,8.0,MM,MM,MM,MM,1017.2,9.1,9.4,7.8,MM,MM,MM
2026,03,08,12,20,260,7.0,8.0,2.9,11,7.4,267,1017.1,9.2,9.4,7.8,MM,MM,MM
2026,03,08,12,10,260,7.0,8.0,MM,MM,MM,MM,1017.3,9.2,9.4,7.8,MM,MM,MM
2026,03,08,12,00,260,6.0,8.0,MM,MM,MM,MM,1017.3,9.2,9.4,7.7,MM,-0.9,MM
2026,03,08,11,50,270,6.0,8.0,2.7,12,7.1,272,1017.4,9.2,9.4,7.7,MM,MM,MM
2026,03,08,11,40,270,6.0,7.0,2.7,MM,7.1,272,1017.4,9.2,9.4,7.6,MM,MM,MM
2026,03,08,11,30,270,6.0,7.0,MM,MM,MM,MM,1017.5,9.1,9.4,7.6,MM,MM,MM
2026,03,08,11,20,270,6.0,7.0,2.5,9,6.9,266,1017.5,9.1,9.3,7.6,MM,MM,MM
2026,03,08,11,10,270,6.0,7.0,MM,MM,MM,MM,1017.6,9.0,9.3,7.4,MM,MM,MM
2026,03,08,11,00,280,6.0,8.0,MM,MM,MM,MM,1017.7,9.0,9.3,7.4,MM,-0.9,MM
2026,03,08,10,50,280,6.0,8.0,2.8,11,7.3,268,1017.8,8.9,9.3,7.3,MM,MM,MM
2026,03,08,10,40,280,7.0,9.0,2.8,MM,7.3,268,1018.0,8.9,9.3,7.3,MM,MM,MM
2026,03,08,10,30,290,8.0,10.0,MM,MM,MM,MM,1018.1,8.9,9.3,7.1,MM,MM,MM
2026,03,08,10,20,290,8.0,10.0,2.8,13,7.3,272,1018.3,8.8,9.3,7.2,MM,MM,MM
2026,03,08,10,10,290,8.0,10.0,MM,MM,MM,MM,1018.4,8.7,9.3,7.4,MM,MM,MM
2026,03,08,10,00,290,9.0,10.0,MM,MM,MM,MM,1018.5,8.6,9.3,7.6,MM,-0.6,MM
2026,03,08,09,50,290,9.0,11.0,2.7,11,7.2,270,1018.4,8.3,9.3,8.1,MM,MM,MM
2026,03,08,09,40,290,8.0,10.0,MM,MM,MM,MM,1018.4,8.5,9.3,8.5,MM,MM,MM
2026,03,08,09,30,290,7.0,9.0,MM,MM,MM,MM,1018.4,8.8,9.3,8.8,MM,MM,MM
2026,03,08,09,20,280,7.0,9.0,2.9,12,7.7,269,1018.4,8.9,9.3,8.9,MM,MM,MM
2026,03,08,09,10,270,8.0,9.0,2.9,MM,7.7,269,1018.4,9.0,9.3,9.0,MM,MM,MM
2026,03,08,09,00,260,7.0,9.0,MM,MM,MM,MM,1018.3,9.1,9.3,9.1,MM,-1.5,MM
2026,03,08,08,50,260,7.0,8.0,2.8,11,7.7,274,1018.2,9.1,9.3,9.1,MM,MM,MM
2026,03,08,08,40,260,7.0,9.0,MM,MM,MM,MM,1018.2,9.1,9.3,9.1,MM,MM,MM
2026,03,08,08,30,250,7.0,9.0,MM,MM,MM,MM,1018.3,9.2,9.3,9.2,MM,MM,MM
2026,03,08,08,20,240,7.0,8.0,3.0,11,7.8,268,1018.5,9.2,9.3,9.2,MM,MM,MM
2026,03,08,08,10,240,7.0,9.0,3.0,MM,7.8,268,1018.5,9.2,9.3,9.2,MM,MM,MM
2026,03,08,08,00,240,7.0,9.0,MM,MM,MM,MM,1018.6,9.3,9.3,9.3,MM,-1.4,MM
2026,03,08,07,50,240,7.0,8.0,2.8,11,7.5,266,1018.7,9.3,9.3,9.3,MM,MM,MM
2026,03,08,07,40,240,7.0,9.0,MM,MM,MM,MM,1018.7,9.3,9.3,9.3,MM,MM,MM
2026,03,08,07,30,240,7.0,9.0,MM,MM,MM,MM,1018.8,9.3,9.3,9.3,MM,MM,MM
2026,03,08,07,20,230,7.0,9.0,2.8,11,7.8,274,1019.0,9.3,9.3,9.3,MM,MM,MM
2026,03,08,07,10,230,7.0,9.0,MM,MM,MM,MM,1019.1,9.4,9.3,9.4,MM,MM,MM
2026,03,08,07,00,230,7.0,9.0,MM,MM,MM,MM,1019.2,9.4,9.4,9.4,MM,-1.4,MM
2026,03,08,06,50,220,7.0,9.0,2.3,11,7.4,272,1019.3,9.4,9.4,9.4,MM,MM,MM
2026,03,08,06,40,220,7.0,9.0,MM,MM,MM,MM,1019.3,9.4,9.4,9.4,MM,MM,MM
2026,03,08,06,30,220,7.0,9.0,MM,MM,MM,MM,1019.3,9.4,9.4,9.4,MM,MM,MM
2026,03,08,06,20,220,7.0,9.0,2.8,11,7.6,274,1019.2,9.4,9.4,9.4,MM,MM,MM
2026,03,08,06,10,220,7.0,9.0,2.8,MM,7.6,274,1019.5,9.4,9.4,9.4,MM,MM,MM
2026,03,08,06,00,220,8.0,9.0,MM,MM,MM,MM,1019.6,9.4,9.4,9.4,MM,-1.7,MM
2026,03,08,05,50,220,8.0,10.0,2.6,11,7.8,272,1019.6,9.4,9.4,9.4,MM,MM,MM
2026,03,08,05,40,220,8.0,9.0,MM,MM,MM,MM,1019.5,9.4,9.4,9.4,MM,MM,MM
2026,03,08,05,30,220,8.0,9.0,MM,MM,MM,MM,1019.7,9.4,9.4,9.4,MM,MM,MM
2026,03,08,05,20,220,8.0,9.0,2.6,11,7.8,276,1019.8,9.4,9.4,9.4,MM,MM,MM
2026,03,08,05,10,220,7.0,9.0,MM,MM,MM,MM,1020.0,9.4,9.4,9.4,MM,MM,MM
2026,03,08,05,00,220,7.0,9.0,MM,MM,MM,MM,1020.0,9.4,9.4,9.4,MM,-1.9,MM
2026,03,08,04,50,210,7.0,9.0,2.4,11,7.3,276,1020.2,9.4,9.4,9.4,MM,MM,MM
2026,03,08,04,40,210,7.0,9.0,MM,MM,MM,MM,1020.3,9.4,9.5,9.4,MM,MM,MM
2026,03,08,04,30,210,7.0,8.0,MM,MM,MM,MM,1020.5,9.4,9.5,9.4,MM,MM,MM
2026,03,08,04,20,210,7.0,8.0,2.3,11,7.1,276,1020.3,9.4,9.5,9.4,MM,MM,MM
2026,03,08,04,10,220,7.0,8.0,2.3,MM,7.1,276,1020.4,9.4,9.5,9.4,MM,MM,MM
2026,03,08,04,00,220,7.0,9.0,MM,MM,MM,MM,1020.6,9.4,9.4,9.4,MM,-1.9,MM
2026,03,08,03,50,210,7.0,9.0,2.5,11,7.1,277,1020.7,9.4,9.4,9.4,MM,MM,MM
2026,03,08,03,40,210,7.0,9.0,MM,MM,MM,MM,1020.8,9.4,9.4,9.4,MM,MM,MM
2026,03,08,03,30,210,8.0,9.0,MM,MM,MM,MM,1020.9,9.5,9.3,9.5,MM,MM,MM
2026,03,08,03,20,210,8.0,9.0,2.5,11,7.2,275,1021.0,9.5,9.2,9.5,MM,MM,MM
2026,03,08,03,10,210,7.0,8.0,2.5,MM,7.2,275,1021.3,9.4,9.2,9.4,MM,MM,MM
2026,03,08,03,00,210,7.0,9.0,MM,MM,MM,MM,1021.4,9.4,9.2,9.4,MM,-1.3,MM
2026,03,08,02,50,210,8.0,10.0,2.3,11,7.1,276,1021.4,9.4,9.2,9.4,MM,MM,MM
2026,03,08,02,40,210,8.0,9.0,2.3,MM,7.1,276,1021.5,9.4,9.3,9.4,MM,MM,MM
2026,03,08,02,30,210,7.0,9.0,MM,MM,MM,MM,1021.7,9.4,9.3,9.4,MM,MM,MM
2026,03,08,02,20,210,7.0,9.0,2.6,11,7.3,268,1021.9,9.4,9.3,9.4,MM,MM,MM
2026,03,08,02,10,210,7.0,10.0,MM,MM,MM,MM,1021.9,9.4,9.3,9.4,MM,MM,MM
2026,03,08,02,00,210,7.0,9.0,MM,MM,MM,MM,1021.9,9.4,9.3,9.4,MM,-1.4,MM
2026,03,08,01,50,210,7.0,9.0,2.6,10,7.1,277,1022.1,9.4,9.3,9.4,MM,MM,MM
2026,03,08,01,40,210,8.0,9.0,MM,MM,MM,MM,1022.1,9.4,9.4,9.4,MM,MM,MM
2026,03,08,01,30,210,8.0,9.0,MM,MM,MM,MM,1022.2,9.4,9.4,9.4,MM,MM,MM
2026,03,08,01,20,210,7.0,9.0,2.4,11,7.0,282,1022.4,9.4,9.3,9.4,MM,MM,MM
2026,03,08,01,10,210,8.0,9.0,2.4,MM,7.0,282,1022.4,9.4,9.3,9.4,MM,MM,MM
2026,03,08,01,00,210,8.0,9.0,MM,MM,MM,MM,1022.4,9.4,9.3,9.4,MM,-1.6,MM
2026,03,08,00,50,210,8.0,9.0,2.4,11,7.1,270,1022.5,9.4,9.3,9.4,MM,MM,MM
2026,03,08,00,40,210,8.0,9.0,MM,MM,MM,MM,1022.3,9.4,9.3,9.4,MM,MM,MM
2026,03,08,00,30,210,7.0,8.0,MM,MM,MM,MM,1022.6,9.4,9.3,9.4,MM,MM,MM
2026,03,08,00,20,210,8.0,9.0,2.6,11,6.9,265,1022.7,9.4,9.3,9.4,MM,MM,MM
2026,03,08,00,10,210,8.0,10.0,2.6,MM,6.9,265,1022.7,9.4,9.3,9.4,MM,MM,MM
2026,03,08,00,00,210,9.0,11.0,MM,MM,MM,MM,1022.7,9.4,9.3,9.4,MM,-2.6,MM
2026,03,07,23,50,210,9.0,11.0,2.2,11,6.8,271,1022.8,9.3,9.3,9.3,MM,MM,MM
2026,03,07,23,40,200,9.0,11.0,2.2,MM,6.8,271,1023.0,9.3,9.3,9.3,MM,MM,MM
2026,03,07,23,20,210,8.0,10.0,2.5,11,7.1,275,1023.2,9.2,9.3,9.2,MM,MM,MM
2026,03,07,23,10,200,8.0,10.0,MM,MM,MM,MM,1023.3,9.2,9.3,9.2,MM,MM,MM
2026,03,07,23,00,200,8.0,9.0,MM,MM,MM,MM,1023.4,9.2,9.3,9.2,MM,-2.5,MM
2026,03,07,22,50,200,8.0,10.0,2.5,11,7.3,275,1023.5,9.2,9.3,9.2,MM,MM,MM
2026,03,07,22,40,200,8.0,9.0,2.5,MM,7.3,275,1023.7,9.2,9.3,9.2,MM,MM,MM
2026,03,07,22,30,210,7.0,9.0,MM,MM,MM,MM,1023.7,9.2,9.3,9.2,MM,MM,MM
2026,03,07,22,20,200,7.0,8.0,2.6,10,7.7,274,1023.8,9.1,9.3,9.1,MM,MM,MM
2026,03,07,22,10,200,6.0,8.0,2.6,MM,7.7,274,1023.8,9.1,9.3,9.1,MM,MM,MM
2026,03,07,22,00,210,5.0,7.0,MM,MM,MM,MM,1024.1,9.1,9.3,9.1,MM,-2.0,MM
2026,03,07,21,50,210,5.0,7.0,2.5,11,7.7,267,1024.3,9.1,9.3,9.1,MM,MM,MM
2026,03,07,21,40,210,5.0,7.0,MM,MM,MM,MM,1024.3,9.1,9.3,9.1,MM,MM,MM
2026,03,07,21,30,210,6.0,7.0,MM,MM,MM,MM,1024.5,9.1,9.3,9.1,MM,MM,MM
2026,03,07,21,20,210,5.0,7.0,2.4,11,7.8,272,1024.8,9.1,9.3,9.1,MM,MM,MM
2026,03,07,21,10,220,5.0,6.0,MM,MM,MM,MM,1025.0,9.1,9.3,9.1,MM,MM,MM
2026,03,07,21,00,220,5.0,7.0,MM,MM,MM,MM,1025.2,9.1,9.3,9.1,MM,-0.4,MM
2026,03,07,20,50,220,6.0,7.0,2.4,11,7.9,272,1025.4,9.1,9.3,9.1,MM,MM,MM
2026,03,07,20,40,220,5.0,7.0,2.4,MM,7.9,272,1025.4,9.1,9.3,9.1,MM,MM,MM
2026,03,07,20,30,220,5.0,6.0,MM,MM,MM,MM,1025.6,9.1,9.3,9.1,MM,MM,MM
2026,03,07,20,20,220,5.0,7.0,2.6,11,8.1,271,1025.6,9.1,9.3,9.1,MM,MM,MM
2026,03,07,20,10,210,6.0,7.0,2.6,MM,8.1,271,1025.5,9.1,9.3,9.1,MM,MM,MM
2026,03,07,20,00,210,4.0,6.0,MM,MM,MM,MM,1025.7,9.1,9.3,9.1,MM,+0.3,MM
2026,03,07,19,50,220,5.0,6.0,2.6,11,8.4,261,1025.8,9.1,9.3,9.1,MM,MM,MM
2026,03,07,19,40,220,5.0,6.0,MM,MM,MM,MM,1025.8,9.1,9.3,9.1,MM,MM,MM
2026,03,07,19,30,220,4.0,6.0,MM,MM,MM,MM,1025.9,9.1,9.3,9.1,MM,MM,MM
2026,03,07,19,20,220,5.0,6.0,2.5,11,8.0,264,1026.1,9.1,9.3,9.1,MM,MM,MM
2026,03,07,19,10,220,5.0,6.0,2.5,MM,8.0,264,1026.0,9.1,9.3,9.1,MM,MM,MM
2026,03,07,19,00,220,5.0,6.0,MM,MM,MM,MM,1026.0,9.1,9.3,9.1,MM,+0.4,MM
2026,03,07,18,50,230,5.0,6.0,2.4,11,8.3,266,1026.0,9.0,9.3,9.0,MM,MM,MM
2026,03,07,18,40,230,5.0,6.0,MM,MM,MM,MM,1026.1,9.1,9.3,9.1,MM,MM,MM
2026,03,07,18,30,230,5.0,7.0,MM,MM,MM,MM,1026.0,9.1,9.3,9.1,MM,MM,MM
2026,03,07,18,20,220,5.0,6.0,2.3,11,8.2,264,1026.0,9.1,9.3,9.1,MM,MM,MM
2026,03,07,18,10,220,5.0,6.0,2.3,MM,8.2,264,1025.7,9.0,9.3,9.0,MM,MM,MM
2026,03,07,18,00,220,4.0,6.0,MM,MM,MM,MM,1025.5,9.0,9.3,9.0,MM,+0.0,MM
2026,03,07,17,50,220,5.0,6.0,2.7,11,8.6,266,1025.6,9.0,9.3,9.0,MM,MM,MM
2026,03,07,17,40,230,5.0,6.0,2.7,MM,8.6,266,1025.7,9.0,9.3,9.0,MM,MM,MM
2026,03,07,17,30,230,4.0,5.0,MM,MM,MM,MM,1025.7,9.0,9.3,9.0,MM,MM,MM
2026,03,07,17,20,230,5.0,6.0,2.3,11,8.0,268,1025.7,9.0,9.3,9.0,MM,MM,MM
2026,03,07,17,10,230,4.0,6.0,MM,MM,MM,MM,1025.6,9.0,9.2,9.0,MM,MM,MM
2026,03,07,17,00,230,4.0,6.0,MM,MM,MM,MM,1025.5,9.0,9.2,9.0,MM,+0.6,MM
2026,03,07,16,50,230,5.0,6.0,2.1,11,8.1,276,1025.5,9.0,9.2,9.0,MM,MM,MM
2026,03,07,16,40,240,4.0,5.0,2.1,MM,8.1,276,1025.7,9.0,9.2,9.0,MM,MM,MM
2026,03,07,16,30,230,4.0,5.0,MM,MM,MM,MM,1025.7,9.0,9.2,9.0,MM,MM,MM
2026,03,07,16,20,220,4.0,5.0,2.4,11,8.0,273,1025.2,9.0,9.2,9.0,MM,MM,MM
2026,03,07,16,10,240,4.0,5.0,2.4,MM,8.0,273,1025.4,9.0,9.2,9.0,MM,MM,MM
2026,03,07,16,00,240,4.0,5.0,MM,MM,MM,MM,1025.6,9.0,9.2,9.0,MM,-0.0,MM
2026,03,07,15,50,240,4.0,5.0,2.5,10,8.1,267,1025.4,9.0,9.2,9.0,MM,MM,MM
2026,03,07,15,40,240,4.0,5.0,2.5,MM,8.1,267,1025.4,9.0,9.2,9.0,MM,MM,MM
2026,03,07,15,30,240,4.0,6.0,MM,MM,MM,MM,1025.4,9.0,9.2,9.0,MM,MM,MM
2026,03,07,15,20,250,4.0,6.0,2.3,11,7.7,268,1025.7,9.0,9.2,9.0,MM,MM,MM
2026,03,07,15,10,250,4.0,6.0,MM,MM,MM,MM,1025.9,9.1,9.2,9.1,MM,MM,MM
2026,03,07,15,00,240,5.0,6.0,MM,MM,MM,MM,1025.5,9.1,9.2,9.1,MM,-0.0,MM
2026,03,07,14,50,230,4.0,5.0,2.1,10,7.4,271,1025.3,9.1,9.2,9.1,MM,MM,MM
2026,03,07,14,40,250,3.0,4.0,MM,MM,MM,MM,1025.4,9.1,9.2,9.1,MM,MM,MM
2026,03,07,14,30,250,3.0,4.0,MM,MM,MM,MM,1025.4,9.0,9.2,9.0,MM,MM,MM
2026,03,07,14,20,230,4.0,5.0,2.6,11,7.9,278,1024.9,9.0,9.2,9.0,MM,MM,MM
2026,03,07,14,10,230,4.0,5.0,2.6,MM,7.9,278,1024.7,9.0,9.2,9.0,MM,MM,MM
2026,03,07,14,00,220,5.0,6.0,MM,MM,MM,MM,1024.8,9.0,9.2,9.0,MM,-1.1,MM
2026,03,07,13,50,220,4.0,6.0,2.4,11,7.8,272,1024.9,9.1,9.2,9.1,MM,MM,MM
2026,03,07,13,40,240,4.0,5.0,MM,MM,MM,MM,1025.5,9.1,9.2,9.1,MM,MM,MM
2026,03,07,13,30,250,4.0,5.0,MM,MM,MM,MM,1025.7,9.1,9.2,9.1,MM,MM,MM
2026,03,07,13,20,240,3.0,5.0,2.2,10,7.3,279,1025.6,9.1,9.2,9.1,MM,MM,MM
2026,03,07,13,10,240,4.0,5.0,MM,MM,MM,MM,1025.7,9.1,9.2,9.1,MM,MM,MM
2026,03,07,13,00,230,4.0,5.0,MM,MM,MM,MM,1025.4,9.1,9.2,9.1,MM,-0.9,MM
2026,03,07,12,50,230,4.0,6.0,2.2,11,7.2,280,1025.5,9.1,9.2,9.1,MM,MM,MM
2026,03,07,12,40,230,4.0,5.0,MM,MM,MM,MM,1025.3,9.1,9.2,9.1,MM,MM,MM
2026,03,07,12,30,230,4.0,5.0,MM,MM,MM,MM,1025.4,9.1,9.2,9.1,MM,MM,MM
2026,03,07,12,20,240,4.0,5.0,2.5,10,7.7,275,1025.6,9.1,9.2,9.1,MM,MM,MM
2026,03,07,12,10,240,4.0,5.0,2.5,MM,7.7,275,1025.6,9.1,9.2,9.1,MM,MM,MM
2026,03,07,12,00,240,4.0,5.0,MM,MM,MM,MM,1025.7,9.1,9.2,9.1,MM,-0.9,MM
2026,03,07,11,50,230,4.0,5.0,2.3,11,7.4,271,1025.6,9.1,9.2,9.1,MM,MM,MM
2026,03,07,11,40,230,4.0,5.0,MM,MM,MM,MM,1025.7,9.1,9.2,9.1,MM,MM,MM
2026,03,07,11,30,230,4.0,6.0,MM,MM,MM,MM,1025.7,9.1,9.2,9.1,MM,MM,MM
2026,03,07,11,20,230,4.0,5.0,2.3,9,7.5,264,1025.7,9.1,9.2,9.1,MM,MM,MM
2026,03,07,11,10,230,4.0,5.0,2.3,MM,7.5,264,1025.7,9.1,9.2,9.1,MM,MM,MM
2026,03,07,11,00,230,4.0,5.0,MM,MM,MM,MM,1025.9,9.1,9.2,9.1,MM,-0.3,MM
2026,03,07,10,50,230,4.0,5.0,2.3,10,7.6,274,1026.0,9.1,9.2,9.1,MM,MM,MM
2026,03,07,10,40,240,4.0,5.0,MM,MM,MM,MM,1026.2,9.1,9.2,9.1,MM,MM,MM
2026,03,07,10,30,240,4.0,5.0,MM,MM,MM,MM,1026.2,9.1,9.2,9.1,MM,MM,MM
2026,03,07,10,20,230,4.0,5.0,2.3,9,7.6,264,1026.2,9.1,9.2,9.1,MM,MM,MM
2026,03,07,10,10,230,4.0,5.0,2.3,MM,7.6,264,1026.2,9.1,9.2,9.1,MM,MM,MM
2026,03,07,10,00,230,4.0,4.0,MM,MM,MM,MM,1026.3,9.1,9.2,9.1,MM,+0.0,MM
2026,03,07,09,50,220,4.0,5.0,2.3,10,7.7,270,1026.3,9.1,9.2,9.1,MM,MM,MM
2026,03,07,09,40,220,4.0,5.0,2.3,MM,7.7,270,1026.2,9.1,9.2,9.1,MM,MM,MM
2026,03,07,09,30,220,4.0,5.0,MM,MM,MM,MM,1026.2,9.1,9.2,9.1,MM,MM,MM
2026,03,07,09,20,230,4.0,5.0,2.2,10,7.7,269,1026.3,9.2,9.2,9.2,MM,MM,MM
2026,03,07,09,10,240,4.0,5.0,2.2,MM,7.7,269,1026.5,9.2,9.2,9.2,MM,MM,MM
2026,03,07,09,00,240,3.0,4.0,MM,MM,MM,MM,1026.6,9.2,9.2,9.2,MM,-0.0,MM
2026,03,07,08,50,240,3.0,4.0,2.0,10,7.6,269,1026.6,9.1,9.2,9.1,MM,MM,MM
2026,03,07,08,40,240,3.0,5.0,MM,MM,MM,MM,1026.5,9.1,9.2,9.1,MM,MM,MM
2026,03,07,08,30,230,4.0,5.0,MM,MM,MM,MM,1026.5,9.1,9.2,9.1,MM,MM,MM
2026,03,07,08,20,230,4.0,5.0,2.0,10,7.7,266,1026.3,9.2,9.2,9.2,MM,MM,MM
2026,03,07,08,10,220,4.0,5.0,2.0,MM,7.7,266,1026.4,9.2,9.1,9.2,MM,MM,MM
2026,03,07,08,00,230,4.0,5.0,MM,MM,MM,MM,1026.3,9.2,9.1,9.2,MM,+0.0,MM
2026,03,07,07,50,230,3.0,5.0,2.2,10,7.8,259,1026.4,9.2,9.1,9.2,MM,MM,MM
2026,03,07,07,40,220,4.0,5.0,2.2,MM,7.8,259,1026.3,9.2,9.1,9.2,MM,MM,MM
2026,03,07,07,30,220,4.0,5.0,MM,MM,MM,MM,1026.3,9.2,9.1,9.2,MM,MM,MM
2026,03,07,07,20,210,4.0,5.0,2.1,11,7.9,257,1026.3,9.2,9.1,9.2,MM,MM,MM
2026,03,07,07,10,210,4.0,5.0,2.1,MM,7.9,257,1026.2,9.2,9.2,9.2,MM,MM,MM
2026,03,07,07,00,220,3.0,4.0,MM,MM,MM,MM,1026.3,9.2,9.1,9.2,MM,+0.3,MM
2026,03,07,06,50,220,4.0,5.0,2.3,10,8.1,274,1026.4,9.2,9.1,9.2,MM,MM,MM
2026,03,07,06,40,220,4.0,5.0,MM,MM,MM,MM,1026.4,9.2,9.1,9.2,MM,MM,MM
2026,03,07,06,30,210,3.0,4.0,MM,MM,MM,MM,1026.4,9.2,9.1,9.2,MM,MM,MM
2026,03,07,06,20,230,4.0,5.0,2.0,10,7.7,272,1026.4,9.2,9.2,9.2,MM,MM,MM
2026,03,07,06,10,230,3.0,4.0,MM,MM,MM,MM,1026.5,9.1,9.2,9.1,MM,MM,MM
2026,03,07,06,00,230,4.0,5.0,MM,MM,MM,MM,1026.6,9.2,9.2,9.2,MM,+0.6,MM
2026,03,07,05,50,230,4.0,4.0,2.2,10,7.9,273,1026.4,9.1,9.2,9.1,MM,MM,MM
2026,03,07,05,40,230,3.0,5.0,2.2,MM,7.9,273,1026.4,9.1,9.2,9.1,MM,MM,MM
2026,03,07,05,30,230,4.0,5.0,MM,MM,MM,MM,1026.0,9.1,9.2,9.1,MM,MM,MM
2026,03,07,05,20,230,4.0,5.0,1.9,10,7.4,272,1026.0,9.2,9.2,9.2,MM,MM,MM
2026,03,07,05,10,230,4.0,5.0,1.9,MM,7.4,272,1026.1,9.2,9.2,9.2,MM,MM,MM
2026,03,07,05,00,230,5.0,7.0,MM,MM,MM,MM,1026.4,9.3,9.2,9.3,MM,+1.1,MM
2026,03,07,04,50,210,6.0,7.0,2.0,11,7.5,274,1026.2,9.3,9.2,9.3,MM,MM,MM
2026,03,07,04,40,210,5.0,6.0,MM,MM,MM,MM,1026.0,9.3,9.2,9.3,MM,MM,MM
2026,03,07,04,30,210,6.0,7.0,MM,MM,MM,MM,1025.9,9.3,9.2,9.3,MM,MM,MM
2026,03,07,04,20,210,6.0,6.0,2.0,9,7.3,277,1025.9,9.3,9.2,9.3,MM,MM,MM
2026,03,07,04,10,210,6.0,7.0,2.0,MM,7.3,277,1025.9,9.3,9.2,9.3,MM,MM,MM
2026,03,07,04,00,210,6.0,7.0,MM,MM,MM,MM,1025.9,9.3,9.1,9.3,MM,+0.6,MM
2026,03,07,03,50,200,6.0,7.0,2.4,10,7.7,275,1025.7,9.3,9.2,9.3,MM,MM,MM
2026,03,07,03,40,210,6.0,7.0,2.4,MM,7.7,275,1025.8,9.3,9.2,9.3,MM,MM,MM
2026,03,07,03,30,210,6.0,7.0,MM,MM,MM,MM,1025.9,9.3,9.2,9.3,MM,MM,MM
2026,03,07,03,20,210,6.0,7.0,2.0,10,7.3,274,1025.8,9.3,9.2,9.3,MM,MM,MM
2026,03,07,03,10,210,5.0,6.0,MM,MM,MM,MM,1025.8,9.3,9.2,9.3,MM,MM,MM
2026,03,07,03,00,210,5.0,6.0,MM,MM,MM,MM,1026.0,9.2,9.2,9.2,MM,+0.3,MM
2026,03,07,02,50,210,5.0,6.0,2.0,10,7.0,285,1025.9,9.3,9.2,9.3,MM,MM,MM
2026,03,07,02,40,210,5.0,6.0,2.0,MM,7.0,285,1025.8,9.3,9.2,9.3,MM,MM,MM
2026,03,07,02,30,210,5.0,6.0,MM,MM,MM,MM,1025.9,9.3,9.1,9.3,MM,MM,MM
2026,03,07,02,20,200,5.0,6.0,2.2,11,7.4,270,1025.7,9.3,9.2,9.3,MM,MM,MM
2026,03,07,02,10,200,5.0,6.0,2.2,MM,7.4,270,1025.3,9.3,9.2,9.3,MM,MM,MM
2026,03,07,02,00,210,5.0,6.0,MM,MM,MM,MM,1025.4,9.3,9.2,9.3,MM,+0.0,MM
2026,03,07,01,50,210,5.0,6.0,2.1,9,7.0,262,1025.8,9.3,9.2,9.3,MM,MM,MM
2026,03,07,01,40,210,5.0,6.0,MM,MM,MM,MM,1025.6,9.2,9.2,9.2,MM,MM,MM
2026,03,07,01,30,210,5.0,6.0,MM,MM,MM,MM,1025.4,9.2,9.2,9.2,MM,MM,MM
2026,03,07,01,20,210,5.0,6.0,2.3,10,7.3,277,1025.5,9.3,9.2,9.3,MM,MM,MM
2026,03,07,01,10,210,5.0,7.0,2.3,MM,7.3,277,1025.7,9.3,9.2,9.3,MM,MM,MM
2026,03,07,01,00,200,5.0,6.0,MM,MM,MM,MM,1025.4,9.3,9.2,9.3,MM,-0.4,MM
2026,03,07,00,50,190,5.0,5.0,2.3,10,7.1,274,1024.9,9.3,9.2,9.3,MM,MM,MM
2026,03,07,00,40,200,5.0,6.0,2.3,MM,7.1,274,1025.2,9.3,9.2,9.3,MM,MM,MM
2026,03,07,00,30,210,5.0,6.0,MM,MM,MM,MM,1025.7,9.3,9.2,9.3,MM,MM,MM
2026,03,07,00,20,210,5.0,5.0,2.1,10,6.8,275,1025.7,9.3,9.2,9.3,MM,MM,MM
2026,03,07,00,10,200,5.0,6.0,MM,MM,MM,MM,1025.7,9.3,9.2,9.3,MM,MM,MM
2026,03,07,00,00,200,5.0,6.0,MM,MM,MM,MM,1025.7,9.4,9.2,9.4,MM,+0.0,MM
2026,03,06,23,50,190,4.0,5.0,2.1,10,6.7,277,1025.6,9.3,9.2,9.3,MM,MM,MM
2026,03,06,23,40,190,4.0,4.0,MM,MM,MM,MM,1025.5,9.3,9.1,9.3,MM,MM,MM
2026,03,06,23,20,170,2.0,3.0,2.0,10,6.9,265,1025.6,9.3,8.9,9.3,MM,MM,MM
2026,03,06,23,10,150,2.0,3.0,MM,MM,MM,MM,1025.6,8.8,8.9,8.8,MM,MM,MM
2026,03,06,23,00,140,3.0,5.0,MM,MM,MM,MM,1025.5,8.3,8.9,8.3,MM,-0.4,MM
2026,03,06,22,50,140,4.0,5.0,2.0,10,6.9,266,1025.5,8.4,8.9,8.4,MM,MM,MM
2026,03,06,22,40,120,3.0,5.0,2.0,MM,6.9,266,1025.7,8.3,8.9,8.3,MM,MM,MM
2026,03,06,22,30,110,4.0,6.0,MM,MM,MM,MM,1025.6,8.2,8.9,8.2,MM,MM,MM
2026,03,06,22,20,110,4.0,7.0,2.1,10,6.9,268,1025.5,8.3,8.9,8.3,MM,MM,MM
2026,03,06,22,10,110,4.0,5.0,2.1,MM,6.9,268,1025.6,8.2,8.9,8.2,MM,MM,MM
2026,03,06,22,00,110,4.0,6.0,MM,MM,MM,MM,1025.7,8.2,8.9,8.2,MM,+0.0,MM
2026,03,06,21,50,110,4.0,6.0,1.9,10,6.7,263,1025.8,8.2,8.9,8.2,MM,MM,MM
2026,03,06,21,40,110,5.0,7.0,MM,MM,MM,MM,1025.7,8.2,9.0,8.2,MM,MM,MM
2026,03,06,21,30,110,5.0,7.0,MM,MM,MM,MM,1025.5,8.2,9.0,8.2,MM,MM,MM
2026,03,06,21,20,110,5.0,7.0,2.1,10,7.1,273,1025.6,8.1,8.9,8.1,MM,MM,MM
2026,03,06,21,10,120,5.0,7.0,2.1,MM,7.1,273,1025.8,8.1,8.9,8.1,MM,MM,MM
2026,03,06,21,00,120,5.0,7.0,MM,MM,MM,MM,1025.8,8.1,8.9,8.1,MM,+0.4,MM
2026,03,06,20,50,120,5.0,7.0,1.8,10,6.5,272,1025.8,8.1,8.9,8.1,MM,MM,MM
2026,03,06,20,40,120,6.0,7.0,MM,MM,MM,MM,1025.9,8.1,8.9,8.1,MM,MM,MM
2026,03,06,20,30,110,6.0,8.0,MM,MM,MM,MM,1025.8,8.1,9.0,8.1,MM,MM,MM
2026,03,06,20,20,110,6.0,8.0,1.7,9,6.8,261,1025.8,8.1,9.0,8.1,MM,MM,MM
2026,03,06,20,10,110,6.0,8.0,1.7,MM,6.8,261,1025.8,8.2,9.0,8.2,MM,MM,MM
2026,03,06,20,00,120,6.0,7.0,MM,MM,MM,MM,1025.8,8.2,9.0,8.2,MM,+0.5,MM
2026,03,06,19,50,110,6.0,8.0,1.9,10,6.7,254,1025.8,8.1,9.0,8.1,MM,MM,MM
2026,03,06,19,40,120,6.0,7.0,MM,MM,MM,MM,1025.8,8.1,9.0,8.1,MM,MM,MM
2026,03,06,19,30,110,6.0,8.0,MM,MM,MM,MM,1025.7,8.2,9.0,8.2,MM,MM,MM
2026,03,06,19,20,120,6.0,8.0,1.8,10,6.7,264,1025.5,8.2,9.1,8.2,MM,MM,MM
2026,03,06,19,10,110,7.0,8.0,MM,MM,MM,MM,1025.5,8.2,9.1,8.2,MM,MM,MM
2026,03,06,19,00,110,6.0,8.0,MM,MM,MM,MM,1025.5,8.2,9.1,8.2,MM,+0.6,MM
2026,03,06,18,50,110,7.0,8.0,1.8,10,6.9,266,1025.4,8.1,9.1,8.1,MM,MM,MM
2026,03,06,18,40,110,6.0,8.0,1.8,MM,6.9,266,1025.4,8.2,9.1,8.2,MM,MM,MM
2026,03,06,18,30,110,6.0,8.0,MM,MM,MM,MM,1025.6,8.1,9.1,8.1,MM,MM,MM
2026,03,06,18,20,110,6.0,8.0,1.9,10,6.8,263,1025.5,8.1,9.1,8.1,MM,MM,MM
2026,03,06,18,10,110,7.0,8.0,1.9,MM,6.8,263,1025.3,8.1,9.1,8.1,MM,MM,MM
2026,03,06,18,00,110,7.0,8.0,MM,MM,MM,MM,1025.3,8.1,9.1,8.1,MM,+0.5,MM
2026,03,06,17,50,110,7.0,8.0,1.6,10,6.2,269,1025.4,8.1,9.1,8.1,MM,MM,MM
2026,03,06,17,40,110,7.0,8.0,1.6,MM,6.2,269,1025.4,8.0,9.1,8.0,MM,MM,MM
2026,03,06,17,30,110,7.0,8.0,MM,MM,MM,MM,1025.4,8.0,9.1,8.0,MM,MM,MM
2026,03,06,17,20,110,7.0,8.0,1.7,10,6.4,265,1025.4,8.0,9.1,8.0,MM,MM,MM
2026,03,06,17,10,110,7.0,9.0,1.7,MM,6.4,265,1025.3,8.0,9.1,8.0,MM,MM,MM
2026,03,06,17,00,110,7.0,8.0,MM,MM,MM,MM,1025.3,8.0,9.1,8.0,MM,+0.8,MM
2026,03,06,16,50,110,7.0,8.0,1.9,9,6.6,261,1025.1,8.0,9.1,8.0,MM,MM,MM
2026,03,06,16,40,110,7.0,9.0,MM,MM,MM,MM,1025.1,7.9,9.1,7.9,MM,MM,MM
2026,03,06,16,30,110,7.0,9.0,MM,MM,MM,MM,1025.1,7.9,9.1,7.9,MM,MM,MM
2026,03,06,16,20,110,7.0,9.0,1.7,10,6.5,253,1025.0,7.9,9.1,7.9,MM,MM,MM
2026,03,06,16,10,110,7.0,8.0,1.7,MM,6.5,253,1025.0,7.9,9.1,7.9,MM,MM,MM
2026,03,06,16,00,110,7.0,8.0,MM,MM,MM,MM,1025.0,7.9,9.1,7.9,MM,+0.5,MM
2026,03,06,15,50,110,7.0,8.0,1.7,11,6.3,267,1024.9,7.9,9.1,7.9,MM,MM,MM
2026,03,06,15,40,110,7.0,8.0,MM,MM,MM,MM,1024.9,7.9,9.1,7.9,MM,MM,MM
2026,03,06,15,30,110,7.0,9.0,MM,MM,MM,MM,1024.9,7.9,9.1,7.9,MM,MM,MM
2026,03,06,15,20,100,7.0,9.0,1.7,10,6.3,274,1024.8,7.9,9.1,7.9,MM,MM,MM
2026,03,06,15,10,110,7.0,9.0,MM,MM,MM,MM,1024.9,7.8,9.1,7.8,MM,MM,MM
2026,03,06,15,00,110,7.0,8.0,MM,MM,MM,MM,1025.0,7.9,9.1,7.9,MM,+0.4,MM
2026,03,06,14,50,110,7.0,9.0,1.7,11,6.2,270,1024.9,7.8,9.1,7.8,MM,MM,MM
2026,03,06,14,40,110,7.0,8.0,MM,MM,MM,MM,1025.0,7.8,9.1,7.8,MM,MM,MM
2026,03,06,14,30,110,7.0,8.0,MM,MM,MM,MM,1024.9,7.8,9.1,7.8,MM,MM,MM
2026,03,06,14,20,110,7.0,9.0,1.8,10,6.2,271,1024.8,7.8,9.1,7.8,MM,MM,MM
2026,03,06,14,10,110,7.0,9.0,1.8,MM,6.2,271,1024.8,7.8,9.1,7.8,MM,MM,MM
2026,03,06,14,00,120,7.0,9.0,MM,MM,MM,MM,1024.8,7.8,9.1,7.8,MM,-0.3,MM
2026,03,06,13,50,120,7.0,9.0,1.8,10,6.3,268,1024.9,7.8,9.1,7.8,MM,MM,MM
2026,03,06,13,40,110,8.0,10.0,1.8,MM,6.3,268,1024.9,7.8,9.1,7.8,MM,MM,MM
2026,03,06,13,30,110,7.0,9.0,MM,MM,MM,MM,1024.7,7.8,9.1,7.8,MM,MM,MM
2026,03,06,13,20,110,7.0,9.0,1.8,10,6.5,273,1024.7,7.8,9.1,7.8,MM,MM,MM
2026,03,06,13,10,110,7.0,9.0,1.8,MM,6.5,273,1024.7,7.8,9.1,7.8,MM,MM,MM
2026,03,06,13,00,110,7.0,9.0,MM,MM,MM,MM,1024.6,7.9,9.1,7.9,MM,-0.9,MM
2026,03,06,12,50,110,7.0,8.0,1.8,11,6.3,270,1024.9,7.8,9.1,7.8,MM,MM,MM
2026,03,06,12,40,100,7.0,8.0,MM,MM,MM,MM,1024.8,7.8,9.1,7.8,MM,MM,MM
2026,03,06,12,30,110,6.0,9.0,MM,MM,MM,MM,1024.8,7.9,9.1,7.9,MM,MM,MM
2026,03,06,12,20,110,6.0,8.0,2.1,10,6.7,276,1024.8,7.9,9.1,7.9,MM,MM,MM
2026,03,06,12,10,110,7.0,8.0,2.1,MM,6.7,276,1024.7,7.9,9.1,7.9,MM,MM,MM
2026,03,06,12,00,110,7.0,8.0,MM,MM,MM,MM,1024.7,7.9,9.2,7.9,MM,-0.5,MM
2026,03,06,11,50,110,7.0,9.0,2.0,10,6.5,266,1024.7,7.9,9.2,7.9,MM,MM,MM
2026,03,06,11,40,110,7.0,8.0,MM,MM,MM,MM,1024.7,8.0,9.2,8.0,MM,MM,MM
2026,03,06,11,30,110,6.0,8.0,MM,MM,MM,MM,1024.9,8.1,9.2,8.1,MM,MM,MM
2026,03,06,11,20,120,6.0,8.0,2.1,10,6.7,278,1024.9,8.1,9.2,8.1,MM,MM,MM
2026,03,06,11,10,110,6.0,7.0,MM,MM,MM,MM,1025.0,8.2,9.2,8.2,MM,MM,MM
2026,03,06,11,00,120,5.0,7.0,MM,MM,MM,MM,1025.1,8.2,9.2,8.2,MM,-1.0,MM
2026,03,06,10,50,120,5.0,7.0,2.1,10,6.5,282,1024.9,8.3,9.2,8.3,MM,MM,MM
2026,03,06,10,40,130,5.0,6.0,2.1,MM,6.5,282,1024.8,8.3,9.2,8.3,MM,MM,MM
2026,03,06,10,30,140,4.0,6.0,MM,MM,MM,MM,1025.1,8.5,9.2,8.5,MM,MM,MM
2026,03,06,10,20,130,2.0,5.0,2.2,10,6.9,269,1025.2,8.0,9.1,7.9,MM,MM,MM
2026,03,06,10,10,140,4.0,5.0,2.2,MM,6.9,269,1025.4,8.4,9.1,8.4,MM,MM,MM
2026,03,06,10,00,140,4.0,6.0,MM,MM,MM,MM,1025.5,8.5,9.1,8.5,MM,-0.9,MM
2026,03,06,09,50,150,4.0,6.0,2.4,11,6.6,268,1025.5,8.4,9.1,8.4,MM,MM,MM
2026,03,06,09,40,160,5.0,7.0,2.4,MM,6.6,268,1025.4,8.3,9.1,8.3,MM,MM,MM
2026,03,06,09,30,170,6.0,7.0,MM,MM,MM,MM,1025.5,8.2,9.1,8.1,MM,MM,MM
2026,03,06,09,20,180,7.0,9.0,2.2,11,6.8,272,1025.5,8.2,9.1,8.0,MM,MM,MM
2026,03,06,09,10,170,7.0,9.0,2.2,MM,6.8,272,1025.4,8.3,9.1,8.1,MM,MM,MM
2026,03,06,09,00,180,7.0,9.0,MM,MM,MM,MM,1025.3,8.3,9.1,8.0,MM,-2.1,MM
2026,03,06,08,50,170,7.0,9.0,2.4,10,7.2,273,1025.1,8.3,9.1,7.8,MM,MM,MM
2026,03,06,08,40,170,7.0,8.0,2.4,MM,7.2,273,1025.5,8.3,9.1,7.8,MM,MM,MM
2026,03,06,08,30,170,6.0,7.0,MM,MM,MM,MM,1025.5,8.3,9.1,7.7,MM,MM,MM
2026,03,06,08,20,160,5.0,6.0,2.4,11,7.5,271,1025.7,8.4,9.1,7.7,MM,MM,MM
2026,03,06,08,10,150,5.0,6.0,MM,MM,MM,MM,1025.8,8.4,9.1,7.7,MM,MM,MM
2026,03,06,08,00,140,4.0,6.0,MM,MM,MM,MM,1026.0,8.4,9.2,7.6,MM,-0.9,MM
2026,03,06,07,50,140,4.0,7.0,2.4,11,7.9,275,1026.0,8.3,9.2,7.5,MM,MM,MM
2026,03,06,07,40,140,4.0,6.0,MM,MM,MM,MM,1026.2,8.2,9.2,7.5,MM,MM,MM
2026,03,06,07,30,130,3.0,5.0,MM,MM,MM,MM,1026.2,8.1,9.2,7.4,MM,MM,MM
2026,03,06,07,20,120,3.0,5.0,2.4,10,8.0,264,1026.2,8.1,9.2,7.4,MM,MM,MM
2026,03,06,07,10,110,4.0,5.0,MM,MM,MM,MM,1026.2,8.1,9.2,7.3,MM,MM,MM
2026,03,06,07,00,130,5.0,7.0,MM,MM,MM,MM,1026.3,8.1,9.2,7.3,MM,-0.8,MM
2026,03,06,06,50,140,5.0,7.0,2.3,10,8.0,263,1026.3,8.2,9.2,7.3,MM,MM,MM
2026,03,06,06,40,140,4.0,5.0,MM,MM,MM,MM,1026.6,8.1,9.2,7.1,MM,MM,MM
2026,03,06,06,30,140,4.0,6.0,MM,MM,MM,MM,1026.8,8.1,9.2,7.1,MM,MM,MM
2026,03,06,06,20,150,4.0,6.0,2.3,11,8.4,271,1026.8,8.3,9.2,7.2,MM,MM,MM
2026,03,06,06,10,150,4.0,6.0,2.3,MM,8.4,271,1027.0,8.2,9.2,7.1,MM,MM,MM
2026,03,06,06,00,160,4.0,5.0,MM,MM,MM,MM,1027.1,8.1,9.2,7.0,MM,-0.4,MM
2026,03,06,05,50,160,4.0,5.0,2.4,11,8.2,280,1027.1,8.2,9.2,7.1,MM,MM,MM
2026,03,06,05,40,160,4.0,5.0,MM,MM,MM,MM,1027.0,8.1,9.2,7.0,MM,MM,MM
2026,03,06,05,30,160,4.0,6.0,MM,MM,MM,MM,1026.9,8.3,9.2,7.1,MM,MM,MM
2026,03,06,05,20,160,5.0,7.0,2.4,11,8.2,271,1026.9,8.3,9.2,6.9,MM,MM,MM
2026,03,06,05,10,160,5.0,7.0,MM,MM,MM,MM,1026.9,8.3,9.2,6.8,MM,MM,MM
2026,03,06,05,00,160,5.0,7.0,MM,MM,MM,MM,1026.8,8.4,9.2,7.0,MM,-1.0,MM
2026,03,06,04,50,160,5.0,6.0,2.3,11,8.0,282,1026.9,8.4,9.2,7.1,MM,MM,MM
2026,03,06,04,40,160,5.0,7.0,MM,MM,MM,MM,1026.8,8.3,9.2,7.1,MM,MM,MM
2026,03,06,04,30,170,5.0,6.0,MM,MM,MM,MM,1027.1,8.3,9.2,7.3,MM,MM,MM
2026,03,06,04,20,180,4.0,6.0,2.3,11,8.1,258,1027.3,8.4,9.2,7.4,MM,MM,MM
2026,03,06,04,10,180,6.0,7.0,MM,MM,MM,MM,1027.0,8.4,9.2,7.2,MM,MM,MM
2026,03,06,04,00,180,5.0,7.0,MM,MM,MM,MM,1027.1,8.6,9.2,7.3,MM,+0.0,MM
2026,03,06,03,50,180,4.0,5.0,2.6,11,8.4,279,1027.0,8.5,9.2,7.3,MM,MM,MM
2026,03,06,03,40,180,4.0,5.0,MM,MM,MM,MM,1027.3,8.5,9.2,7.4,MM,MM,MM
2026,03,06,03,30,180,5.0,6.0,MM,MM,MM,MM,1027.3,8.5,9.2,7.3,MM,MM,MM
2026,03,06,03,20,190,5.0,6.0,2.5,11,8.2,277,1027.3,8.6,9.2,7.3,MM,MM,MM
2026,03,06,03,10,200,6.0,7.0,2.5,MM,8.2,277,1027.5,8.6,9.2,7.0,MM,MM,MM
2026,03,06,03,00,210,5.0,6.0,MM,MM,MM,MM,1027.6,8.7,9.2,7.1,MM,-0.3,MM
2026,03,06,02,50,210,5.0,7.0,2.7,11,8.3,280,1027.7,8.6,9.2,7.0,MM,MM,MM
2026,03,06,02,40,210,6.0,7.0,2.7,MM,8.3,280,1027.7,8.8,9.2,6.9,MM,MM,MM
2026,03,06,02,30,200,5.0,6.0,MM,MM,MM,MM,1027.6,9.0,9.2,6.9,MM,MM,MM
2026,03,06,02,20,210,4.0,6.0,2.7,11,8.3,272,1027.6,9.1,9.2,7.1,MM,MM,MM
2026,03,06,02,10,210,3.0,4.0,MM,MM,MM,MM,1027.7,9.1,9.2,7.0,MM,MM,MM
2026,03,06,02,00,210,3.0,4.0,MM,MM,MM,MM,1027.8,9.0,9.2,6.8,MM,+0.3,MM
2026,03,06,01,50,210,3.0,4.0,2.7,11,8.0,273,1027.8,9.0,9.2,6.7,MM,MM,MM
2026,03,06,01,40,220,3.0,5.0,MM,MM,MM,MM,1027.7,9.0,9.2,6.8,MM,MM,MM
2026,03,06,01,30,220,4.0,5.0,MM,MM,MM,MM,1027.7,9.0,9.2,6.8,MM,MM,MM
2026,03,06,01,20,230,4.0,5.0,2.7,11,7.8,280,1027.6,9.0,9.2,6.6,MM,MM,MM
2026,03,06,01,10,230,4.0,5.0,2.7,MM,7.8,280,1027.5,9.0,9.2,6.5,MM,MM,MM
2026,03,06,01,00,230,4.0,5.0,MM,MM,MM,MM,1027.3,9.0,9.2,6.5,MM,+0.7,MM
2026,03,06,00,50,230,3.0,4.0,2.7,11,7.8,267,1027.2,9.0,9.2,6.4,MM,MM,MM
2026,03,06,00,40,240,3.0,4.0,MM,MM,MM,MM,1027.2,8.9,9.2,6.1,MM,MM,MM
2026,03,06,00,30,240,3.0,4.0,MM,MM,MM,MM,1027.2,8.9,9.2,6.0,MM,MM,MM
2026,03,06,00,20,250,3.0,5.0,2.8,11,7.9,270,1027.3,8.9,9.2,6.2,MM,MM,MM
2026,03,06,00,10,260,4.0,5.0,MM,MM,MM,MM,1027.5,8.9,9.2,6.3,MM,MM,MM
2026,03,06,00,00,260,5.0,7.0,MM,MM,MM,MM,1027.9,9.0,9.2,6.2,MM,+1.3,MM
2026,03,05,23,50,260,5.0,7.0,2.8,11,7.9,269,1028.1,8.9,9.2,6.1,MM,MM,MM
2026,03,05,23,40,260,6.0,7.0,MM,MM,MM,MM,1027.9,9.0,9.2,6.0,MM,MM,MM
2026,03,05,23,20,260,5.0,7.0,2.6,11,7.5,278,1027.9,8.9,9.2,6.1,MM,MM,MM
2026,03,05,23,10,260,5.0,6.0,2.6,MM,7.5,278,1027.8,8.9,9.2,5.9,MM,MM,MM
2026,03,05,23,00,270,5.0,7.0,MM,MM,MM,MM,1027.6,8.9,9.2,5.7,MM,+0.9,MM
2026,03,05,22,50,260,5.0,7.0,3.0,11,7.8,276,1027.6,8.8,9.2,5.5,MM,MM,MM
2026,03,05,22,40,260,6.0,8.0,MM,MM,MM,MM,1027.4,8.8,9.2,5.5,MM,MM,MM
2026,03,05,22,30,250,6.0,7.0,MM,MM,MM,MM,1027.2,8.8,9.2,5.5,MM,MM,MM
2026,03,05,22,20,250,5.0,7.0,2.9,11,7.8,281,1026.9,8.8,9.1,5.5,MM,MM,MM
2026,03,05,22,10,250,5.0,7.0,2.9,MM,7.8,281,1026.7,8.7,9.1,5.2,MM,MM,MM
2026,03,05,22,00,260,5.0,7.0,MM,MM,MM,MM,1026.6,8.8,9.1,5.6,MM,+0.3,MM
2026,03,05,21,50,260,6.0,7.0,3.3,11,8.0,276,1026.6,8.7,9.1,5.1,MM,MM,MM
2026,03,05,21,40,260,6.0,8.0,MM,MM,MM,MM,1026.7,8.7,9.1,5.3,MM,MM,MM
2026,03,05,21,30,250,6.0,8.0,MM,MM,MM,MM,1026.7,8.7,9.1,5.4,MM,MM,MM
2026,03,05,21,20,250,6.0,8.0,3.2,11,7.8,272,1026.6,8.7,9.1,5.5,MM,MM,MM
2026,03,05,21,10,250,7.0,8.0,3.2,MM,7.8,272,1026.7,8.7,9.1,5.5,MM,MM,MM
2026,03,05,21,00,250,6.0,8.0,MM,MM,MM,MM,1026.6,8.7,9.1,5.7,MM,+0.5,MM
2026,03,05,20,50,250,6.0,8.0,3.0,11,7.8,284,1026.5,8.6,9.1,5.4,MM,MM,MM
2026,03,05,20,40,250,7.0,8.0,MM,MM,MM,MM,1026.5,8.6,9.0,5.3,MM,MM,MM
2026,03,05,20,30,260,6.0,8.0,MM,MM,MM,MM,1026.5,8.6,9.0,5.4,MM,MM,MM
2026,03,05,20,20,260,6.0,8.0,3.0,11,7.9,258,1026.5,8.6,MM,5.6,MM,MM,MM
2026,03,05,20,10,250,6.0,8.0,MM,MM,MM,MM,1026.6,8.6,9.0,5.4,MM,MM,MM
2026,03,05,20,00,270,6.0,8.0,MM,MM,MM,MM,1026.7,8.6,9.0,5.3,MM,+1.3,MM
2026,03,05,19,50,260,6.0,8.0,3.2,11,8.0,272,1026.8,8.6,9.0,5.4,MM,MM,MM
2026,03,05,19,40,260,5.0,7.0,MM,MM,MM,MM,1026.7,8.6,9.0,5.4,MM,MM,MM
2026,03,05,19,30,260,5.0,6.0,MM,MM,MM,MM,1026.6,8.5,9.0,5.3,MM,MM,MM
2026,03,05,19,20,270,5.0,7.0,3.2,11,7.8,260,1026.5,8.5,9.0,5.2,MM,MM,MM
2026,03,05,19,10,280,6.0,8.0,3.2,MM,7.8,260,1026.4,8.5,9.0,4.9,MM,MM,MM
2026,03,05,19,00,290,6.0,8.0,MM,MM,MM,MM,1026.3,8.5,9.0,4.9,MM,+1.6,MM
2026,03,05,18,50,290,7.0,8.0,3.5,10,8.1,259,1026.3,8.5,9.0,4.9,MM,MM,MM
2026,03,05,18,40,280,7.0,9.0,MM,MM,MM,MM,1026.2,8.5,9.0,4.8,MM,MM,MM
2026,03,05,18,30,290,7.0,9.0,MM,MM,MM,MM,1026.3,8.5,9.0,5.0,MM,MM,MM
2026,03,05,18,20,290,7.0,9.0,3.5,12,8.2,266,1026.3,8.5,9.1,5.1,MM,MM,MM
2026,03,05,18,10,290,7.0,9.0,MM,MM,MM,MM,1026.2,8.5,9.1,5.4,MM,MM,MM
2026,03,05,18,00,300,7.0,8.0,MM,MM,MM,MM,1026.1,8.4,9.1,5.3,MM,+2.2,MM
2026,03,05,17,50,300,6.0,8.0,3.4,11,8.1,268,1025.9,8.4,9.1,5.2,MM,MM,MM
2026,03,05,17,40,300,7.0,9.0,MM,MM,MM,MM,1025.9,8.4,9.1,5.3,MM,MM,MM
2026,03,05,17,30,300,7.0,9.0,MM,MM,MM,MM,1025.8,8.3,9.1,5.1,MM,MM,MM
2026,03,05,17,20,300,7.0,9.0,3.7,11,8.2,271,1025.7,8.4,9.1,5.1,MM,MM,MM
2026,03,05,17,10,310,8.0,10.0,3.7,MM,8.2,271,1025.5,8.4,9.0,5.1,MM,MM,MM
2026,03,05,17,00,310,8.0,10.0,MM,MM,MM,MM,1025.5,8.4,9.0,5.1,MM,+2.1,MM
2026,03,05,16,50,300,8.0,11.0,3.4,12,8.0,269,1025.3,8.4,9.0,5.2,MM,MM,MM
2026,03,05,16,40,300,8.0,10.0,MM,MM,MM,MM,1025.1,8.5,9.0,5.4,MM,MM,MM
2026,03,05,16,30,290,9.0,11.0,MM,MM,MM,MM,1024.9,8.5,9.0,4.9,MM,MM,MM
2026,03,05,16,20,290,9.0,12.0,3.4,12,7.8,268,1024.9,8.5,9.0,4.7,MM,MM,MM
2026,03,05,16,10,290,9.0,12.0,3.4,MM,7.8,268,1024.9,8.5,9.0,4.4,MM,MM,MM
2026,03,05,16,00,290,9.0,11.0,MM,MM,MM,MM,1024.8,8.5,9.0,4.6,MM,+1.6,MM
2026,03,05,15,50,290,9.0,12.0,3.5,11,7.6,275,1024.7,8.5,9.1,4.3,MM,MM,MM
2026,03,05,15,40,290,9.0,12.0,MM,MM,MM,MM,1024.5,8.5,9.1,4.1,MM,MM,MM
2026,03,05,15,30,290,10.0,12.0,MM,MM,MM,MM,1024.5,8.4,9.1,4.2,MM,MM,MM
2026,03,05,15,20,290,10.0,12.0,3.8,12,7.9,261,1024.4,8.4,9.1,4.2,MM,MM,MM
2026,03,05,15,10,280,10.0,12.0,3.8,MM,7.9,261,1024.2,8.4,9.1,4.2,MM,MM,MM
2026,03,05,15,00,280,10.0,12.0,MM,MM,MM,MM,1024.1,8.4,9.1,4.4,MM,+1.4,MM
2026,03,05,14,50,290,10.0,12.0,3.8,11,7.9,267,1024.0,8.4,9.1,4.2,MM,MM,MM
2026,03,05,14,40,290,10.0,12.0,MM,MM,MM,MM,1023.9,8.4,9.1,4.0,MM,MM,MM
2026,03,05,14,30,290,10.0,12.0,MM,MM,MM,MM,1023.8,8.4,9.0,4.0,MM,MM,MM
2026,03,05,14,20,290,10.0,12.0,3.8,11,8.0,268,1023.8,8.4,9.1,4.4,MM,MM,MM
2026,03,05,14,10,280,9.0,11.0,3.8,MM,8.0,268,1023.6,8.4,9.1,4.4,MM,MM,MM
2026,03,05,14,00,280,9.0,11.0,MM,MM,MM,MM,1023.3,8.4,9.1,4.3,MM,+1.1,MM
2026,03,05,13,50,290,9.0,11.0,3.7,11,7.7,268,1023.3,8.3,9.1,4.1,MM,MM,MM
2026,03,05,13,40,280,9.0,11.0,MM,MM,MM,MM,1023.4,8.3,9.1,4.0,MM,MM,MM
2026,03,05,13,30,290,9.0,11.0,MM,MM,MM,MM,1023.4,8.3,9.1,4.0,MM,MM,MM
2026,03,05,13,20,290,9.0,12.0,3.9,11,8.0,270,1023.4,8.3,9.1,3.7,MM,MM,MM
2026,03,05,13,10,290,9.0,12.0,3.9,MM,8.0,270,1023.3,8.4,9.1,4.1,MM,MM,MM
2026,03,05,13,00,290,9.0,11.0,MM,MM,MM,MM,1023.2,8.5,9.1,4.3,MM,+1.2,MM
2026,03,05,12,50,280,9.0,11.0,3.6,12,7.5,273,1023.1,8.5,9.1,4.3,MM,MM,MM
2026,03,05,12,40,280,8.0,10.0,MM,MM,MM,MM,1023.0,8.4,9.1,4.1,MM,MM,MM
2026,03,05,12,30,280,8.0,11.0,MM,MM,MM,MM,1022.9,8.4,9.1,4.1,MM,MM,MM
2026,03,05,12,20,280,9.0,11.0,3.7,10,7.3,264,1022.7,8.4,9.1,4.1,MM,MM,MM
2026,03,05,12,10,280,9.0,12.0,MM,MM,MM,MM,1022.6,8.5,9.1,4.1,MM,MM,MM
2026,03,05,12,00,280,9.0,12.0,MM,MM,MM,MM,1022.6,8.5,9.1,3.8,MM,+1.3,MM
2026,03,05,11,50,280,9.0,11.0,3.6,11,7.2,271,1022.6,8.4,9.1,3.9,MM,MM,MM
2026,03,05,11,40,280,9.0,11.0,MM,MM,MM,MM,1022.5,8.4,9.1,4.5,MM,MM,MM
2026,03,05,11,30,280,9.0,11.0,MM,MM,MM,MM,1022.5,8.4,9.1,4.6,MM,MM,MM
2026,03,05,11,20,280,10.0,12.0,3.4,8,6.9,251,1022.4,8.4,9.1,4.8,MM,MM,MM
2026,03,05,11,10,280,9.0,12.0,3.4,MM,6.9,251,1022.3,8.3,9.1,4.9,MM,MM,MM
2026,03,05,11,00,280,10.0,12.0,MM,MM,MM,MM,1022.3,8.4,9.1,4.8,MM,+1.6,MM
2026,03,05,10,50,280,10.0,12.0,3.4,9,6.8,260,1022.3,8.5,9.1,5.0,MM,MM,MM
2026,03,05,10,40,280,9.0,12.0,MM,MM,MM,MM,1022.3,8.5,9.1,5.1,MM,MM,MM
2026,03,05,10,30,290,10.0,12.0,MM,MM,MM,MM,1022.3,8.3,9.1,5.1,MM,MM,MM
2026,03,05,10,20,300,9.0,12.0,3.4,8,6.8,262,1022.3,8.0,9.1,5.6,MM,MM,MM
2026,03,05,10,10,290,9.0,11.0,MM,MM,MM,MM,1022.2,8.3,9.1,5.6,MM,MM,MM
2026,03,05,10,00,280,10.0,13.0,MM,MM,MM,MM,1022.1,8.2,9.1,5.4,MM,+1.7,MM
2026,03,05,09,50,280,10.0,13.0,3.2,11,6.7,273,1022.0,7.9,9.1,5.6,MM,MM,MM
2026,03,05,09,40,280,11.0,13.0,MM,MM,MM,MM,1021.9,7.8,9.2,5.6,MM,MM,MM
2026,03,05,09,30,280,10.0,12.0,MM,MM,MM,MM,1021.7,7.6,9.2,5.9,MM,MM,MM
2026,03,05,09,20,280,10.0,13.0,3.0,8,6.4,259,1021.6,8.0,9.1,5.9,MM,MM,MM
2026,03,05,09,10,280,10.0,13.0,3.0,MM,6.4,259,1021.4,8.1,9.2,5.8,MM,MM,MM
2026,03,05,09,00,280,9.0,11.0,MM,MM,MM,MM,1021.4,8.2,9.2,6.3,MM,+1.3,MM
2026,03,05,08,50,290,9.0,12.0,3.2,9,6.5,258,1021.3,8.2,9.2,5.7,MM,MM,MM
2026,03,05,08,40,290,10.0,12.0,MM,MM,MM,MM,1021.2,8.2,9.2,5.8,MM,MM,MM
2026,03,05,08,30,270,10.0,13.0,MM,MM,MM,MM,1021.1,7.9,9.2,5.9,MM,MM,MM
2026,03,05,08,20,280,10.0,12.0,3.1,8,6.6,271,1021.0,8.0,9.2,6.2,MM,MM,MM
2026,03,05,08,10,270,10.0,13.0,3.1,MM,6.6,271,1020.8,8.2,9.2,6.5,MM,MM,MM
2026,03,05,08,00,270,9.0,11.0,MM,MM,MM,MM,1020.8,8.3,9.2,6.1,MM,+1.2,MM
2026,03,05,07,50,280,9.0,12.0,2.8,8,6.4,247,1020.7,8.2,9.1,5.7,MM,MM,MM
2026,03,05,07,40,280,10.0,13.0,2.8,MM,6.4,247,1020.7,8.5,9.1,5.5,MM,MM,MM
2026,03,05,07,30,280,11.0,13.0,MM,MM,MM,MM,1020.7,8.5,9.1,5.8,MM,MM,MM
2026,03,05,07,20,280,10.0,12.0,2.9,8,6.5,266,1020.5,8.0,9.1,6.2,MM,MM,MM
2026,03,05,07,10,280,11.0,14.0,MM,MM,MM,MM,1020.4,7.9,9.1,6.4,MM,MM,MM
2026,03,05,07,00,280,9.0,11.0,MM,MM,MM,MM,1020.4,8.2,9.1,6.0,MM,+1.8,MM
2026,03,05,06,50,280,9.0,12.0,2.9,7,6.5,261,1020.3,8.3,9.0,6.1,MM,MM,MM
2026,03,05,06,40,280,9.0,11.0,MM,MM,MM,MM,1020.2,8.4,9.0,6.1,MM,MM,MM
2026,03,05,06,30,280,9.0,11.0,MM,MM,MM,MM,1020.2,8.5,9.0,6.0,MM,MM,MM
2026,03,05,06,20,300,9.0,11.0,2.5,8,6.2,244,1020.1,8.3,9.0,6.3,MM,MM,MM
2026,03,05,06,10,300,10.0,13.0,MM,MM,MM,MM,1020.2,8.3,9.0,6.0,MM,MM,MM
2026,03,05,06,00,290,10.0,13.0,MM,MM,MM,MM,1020.0,8.0,9.0,5.9,MM,+2.1,MM
2026,03,05,05,50,290,9.0,12.0,2.3,7,6.3,256,1019.9,8.2,9.1,6.4,MM,MM,MM
2026,03,05,05,40,290,7.0,10.0,MM,MM,MM,MM,1019.8,7.8,9.1,6.6,MM,MM,MM
2026,03,05,05,30,300,9.0,12.0,MM,MM,MM,MM,1019.8,8.0,9.2,6.4,MM,MM,MM
2026,03,05,05,20,290,9.0,12.0,2.2,7,6.2,246,1019.6,8.4,9.2,6.0,MM,MM,MM
2026,03,05,05,10,290,8.0,11.0,2.2,MM,6.2,246,1019.5,8.6,9.2,5.8,MM,MM,MM
2026,03,05,05,00,290,9.0,12.0,MM,MM,MM,MM,1019.2,8.7,MM,5.6,MM,+2.4,MM
2026,03,05,04,50,280,10.0,12.0,2.1,8,5.9,246,1019.2,8.7,9.3,5.6,MM,MM,MM
2026,03,05,04,40,280,10.0,12.0,MM,MM,MM,MM,1019.2,8.8,9.2,5.8,MM,MM,MM
2026,03,05,04,30,280,10.0,13.0,MM,MM,MM,MM,1019.0,8.8,9.2,5.9,MM,MM,MM
2026,03,05,04,20,280,10.0,13.0,2.3,9,6.0,262,1018.8,8.8,9.1,5.8,MM,MM,MM
2026,03,05,04,10,290,9.0,11.0,2.3,MM,6.0,262,1018.7,8.8,9.1,6.0,MM,MM,MM
2026,03,05,04,00,290,10.0,13.0,MM,MM,MM,MM,1018.6,8.7,9.1,5.9,MM,+2.6,MM
2026,03,05,03,50,300,10.0,13.0,2.2,8,6.2,253,1018.5,8.6,9.1,6.0,MM,MM,MM
2026,03,05,03,40,290,10.0,13.0,MM,MM,MM,MM,1018.5,8.6,9.1,6.1,MM,MM,MM
2026,03,05,03,30,290,10.0,12.0,MM,MM,MM,MM,1018.3,8.8,9.0,6.1,MM,MM,MM
2026,03,05,03,20,290,10.0,12.0,2.0,8,5.8,255,1018.3,8.9,9.0,6.0,MM,MM,MM
2026,03,05,03,10,290,10.0,12.0,2.0,MM,5.8,255,1018.1,8.9,9.0,6.0,MM,MM,MM
2026,03,05,03,00,290,10.0,12.0,MM,MM,MM,MM,1018.0,8.9,9.0,6.0,MM,+2.7,MM
2026,03,05,02,50,290,10.0,13.0,2.1,7,5.6,231,1017.8,8.9,9.0,6.1,MM,MM,MM
2026,03,05,02,40,290,10.0,12.0,2.1,MM,5.6,231,1017.5,8.9,9.0,6.2,MM,MM,MM
2026,03,05,02,30,290,10.0,12.0,MM,MM,MM,MM,1017.4,9.0,9.0,6.2,MM,MM,MM
2026,03,05,02,20,290,10.0,12.0,2.0,7,5.8,235,1017.2,9.0,9.0,6.3,MM,MM,MM
2026,03,05,02,10,290,9.0,12.0,2.0,MM,5.8,235,1017.2,9.0,9.0,6.3,MM,MM,MM
2026,03,05,02,00,290,9.0,13.0,MM,MM,MM,MM,1017.0,9.1,9.0,6.7,MM,+3.0,MM
2026,03,05,01,50,290,9.0,12.0,1.9,8,5.5,232,1016.9,9.1,9.0,6.8,MM,MM,MM
2026,03,05,01,40,300,10.0,12.0,MM,MM,MM,MM,1016.6,9.1,9.0,6.8,MM,MM,MM
2026,03,05,01,30,300,10.0,13.0,MM,MM,MM,MM,1016.4,9.1,9.0,7.1,MM,MM,MM
2026,03,05,01,20,290,10.0,13.0,1.8,7,5.6,231,1016.2,9.1,9.0,7.4,MM,MM,MM
2026,03,05,01,10,300,9.0,12.0,1.8,MM,5.6,231,1016.0,9.2,9.0,7.6,MM,MM,MM
2026,03,05,01,00,300,9.0,11.0,MM,MM,MM,MM,1015.8,9.2,9.1,7.7,MM,+2.7,MM
2026,03,05,00,50,300,9.0,11.0,1.7,8,5.6,248,1015.7,9.2,9.1,7.9,MM,MM,MM
2026,03,05,00,40,300,9.0,11.0,MM,MM,MM,MM,1015.5,9.3,9.0,7.9,MM,MM,MM
2026,03,05,00,30,290,9.0,12.0,MM,MM,MM,MM,1015.2,MM,MM,MM,MM,MM,MM
2026,03,05,00,20,290,9.0,12.0,1.6,8,5.7,246,1015.2,9.4,9.0,8.1,MM,MM,MM
2026,03,05,00,10,280,7.0,9.0,1.6,MM,5.7,246,1015.1,9.5,9.1,8.2,MM,MM,MM
2026,03,05,00,00,280,7.0,9.0,MM,MM,MM,MM,1015.0,9.5,9.1,8.1,MM,+2.7,MM
2026,03,04,23,50,280,8.0,9.0,1.6,7,5.4,245,1014.8,9.5,9.1,8.1,MM,MM,MM
2026,03,04,23,40,270,7.0,9.0,MM,MM,MM,MM,1014.6,9.6,9.1,8.2,MM,MM,MM
2026,03,04,23,30,280,7.0,9.0,MM,MM,MM,MM,1014.5,9.5,9.1,8.0,MM,MM,MM
2026,03,04,23,20,280,8.0,10.0,1.6,7,5.8,226,1014.4,9.5,9.1,8.0,MM,MM,MM
2026,03,04,23,10,280,8.0,10.0,1.6,MM,5.8,226,1014.1,9.4,9.1,7.9,MM,MM,MM
2026,03,04,23,00,270,7.0,8.0,MM,MM,MM,MM,1014.0,9.3,9.1,8.0,MM,+2.2,MM
2026,03,04,22,50,270,7.0,8.0,1.6,7,6.0,231,1013.8,9.3,9.1,8.1,MM,MM,MM
2026,03,04,22,40,270,6.0,8.0,1.6,MM,6.0,231,1013.6,9.2,9.1,8.2,MM,MM,MM
2026,03,04,22,30,270,7.0,8.0,MM,MM,MM,MM,1013.6,9.1,9.1,8.2,MM,MM,MM
2026,03,04,22,20,270,7.0,9.0,1.5,7,6.1,234,1013.4,9.1,9.1,8.4,MM,MM,MM
2026,03,04,22,10,270,7.0,9.0,1.5,MM,6.1,234,1013.2,9.0,9.1,8.5,MM,MM,MM
2026,03,04,22,00,270,6.0,7.0,MM,MM,MM,MM,1012.9,9.0,9.1,8.6,MM,+2.1,MM
2026,03,04,21,50,270,5.0,6.0,1.5,7,6.4,237,1012.7,9.0,9.1,8.7,MM,MM,MM
2026,03,04,21,40,270,5.0,6.0,MM,MM,MM,MM,1012.6,8.9,9.0,8.7,MM,MM,MM
2026,03,04,21,30,270,4.0,6.0,MM,MM,MM,MM,1012.6,8.9,9.0,8.8,MM,MM,MM
2026,03,04,21,20,280,4.0,5.0,1.5,7,6.4,252,1012.6,8.7,9.0,8.6,MM,MM,MM
2026,03,04,21,10,290,4.0,5.0,1.5,MM,6.4,252,1012.5,8.6,9.0,8.6,MM,MM,MM
2026,03,04,21,00,300,5.0,7.0,MM,MM,MM,MM,1012.4,8.6,9.0,8.6,MM,+2.2,MM
2026,03,04,20,50,300,6.0,7.0,1.4,7,6.2,245,1012.4,8.6,9.0,8.5,MM,MM,MM
2026,03,04,20,40,290,6.0,9.0,1.4,MM,6.2,245,1012.3,8.9,9.0,8.7,MM,MM,MM
2026,03,04,20,30,260,4.0,6.0,MM,MM,MM,MM,1012.0,9.1,9.0,8.9,MM,MM,MM
2026,03,04,20,20,240,3.0,4.0,1.4,7,6.4,246,1012.0,9.2,9.0,9.0,MM,MM,MM
2026,03,04,20,10,230,3.0,4.0,1.4,MM,6.4,246,1011.8,9.1,9.0,8.9,MM,MM,MM
2026,03,04,20,00,250,2.0,3.0,MM,MM,MM,MM,1011.7,9.0,9.0,8.8,MM,+2.2,MM
2026,03,04,19,50,250,1.0,2.0,1.3,7,6.3,238,1011.5,9.0,9.0,8.9,MM,MM,MM
2026,03,04,19,40,190,1.0,3.0,MM,MM,MM,MM,1011.4,9.0,9.0,9.0,MM,MM,MM
2026,03,04,19,30,110,2.0,4.0,MM,MM,MM,MM,1011.2,8.9,9.0,8.9,MM,MM,MM
2026,03,04,19,20,90,3.0,4.0,1.6,7,6.8,240,1011.1,8.8,9.0,8.8,MM,MM,MM
2026,03,04,19,10,90,3.0,4.0,1.6,MM,6.8,240,1011.0,8.8,9.0,8.8,MM,MM,MM
2026,03,04,19,00,90,4.0,5.0,MM,MM,MM,MM,1010.9,8.8,9.0,8.8,MM,+2.2,MM
2026,03,04,18,50,90,4.0,5.0,1.6,7,6.9,238,1010.8,8.7,9.0,8.7,MM,MM,MM
2026,03,04,18,40,90,4.0,6.0,MM,MM,MM,MM,1010.6,8.8,9.0,8.8,MM,MM,MM
2026,03,04,18,30,90,5.0,6.0,MM,MM,MM,MM,1010.4,8.8,8.9,8.8,MM,MM,MM
2026,03,04,18,20,90,5.0,6.0,1.4,7,7.0,247,1010.4,8.7,8.9,8.7,MM,MM,MM
2026,03,04,18,10,80,5.0,6.0,1.4,MM,7.0,247,1010.3,8.7,8.9,8.7,MM,MM,MM
2026,03,04,18,00,80,5.0,6.0,MM,MM,MM,MM,1010.1,8.7,MM,8.7,MM,+2.1,MM
2026,03,04,17,50,80,4.0,5.0,1.4,7,6.9,245,1010.1,8.7,8.8,8.7,MM,MM,MM
2026,03,04,17,40,90,4.0,5.0,MM,MM,MM,MM,1010.0,8.7,8.8,8.7,MM,MM,MM
2026,03,04,17,30,90,4.0,6.0,MM,MM,MM,MM,1009.9,8.7,8.8,8.7,MM,MM,MM
2026,03,04,17,20,90,4.0,5.0,1.4,8,6.9,246,1009.8,8.7,8.8,8.7,MM,MM,MM
2026,03,04,17,10,100,4.0,5.0,1.4,MM,6.9,246,1009.6,8.7,8.8,8.7,MM,MM,MM
2026,03,04,17,00,110,4.0,5.0,MM,MM,MM,MM,1009.5,8.7,8.8,8.7,MM,+1.7,MM
2026,03,04,16,50,110,4.0,6.0,1.2,8,6.9,242,1009.3,8.7,8.8,8.7,MM,MM,MM
2026,03,04,16,40,110,5.0,6.0,MM,MM,MM,MM,1009.1,8.6,8.8,8.6,MM,MM,MM
2026,03,04,16,30,120,5.0,6.0,MM,MM,MM,MM,1009.0,8.6,8.8,8.6,MM,MM,MM
2026,03,04,16,20,110,5.0,6.0,1.3,8,6.7,230,1008.9,8.6,8.8,8.6,MM,MM,MM
2026,03,04,16,10,120,5.0,6.0,1.3,MM,6.7,230,1008.8,8.6,8.8,8.6,MM,MM,MM
2026,03,04,16,00,110,5.0,6.0,MM,MM,MM,MM,1008.6,8.6,8.8,8.6,MM,+0.8,MM
2026,03,04,15,50,110,5.0,7.0,1.3,8,6.8,241,1008.6,8.6,8.8,8.6,MM,MM,MM
2026,03,04,15,40,100,5.0,6.0,MM,MM,MM,MM,1008.5,8.7,8.8,8.7,MM,MM,MM
2026,03,04,15,30,100,6.0,7.0,MM,MM,MM,MM,1008.4,8.7,8.8,8.7,MM,MM,MM
2026,03,04,15,20,100,6.0,7.0,1.4,8,6.8,252,1008.3,8.7,8.8,8.7,MM,MM,MM
2026,03,04,15,10,100,6.0,7.0,1.4,MM,6.8,252,1008.2,8.7,8.8,8.7,MM,MM,MM
2026,03,04,15,00,100,6.0,7.0,MM,MM,MM,MM,1008.0,8.6,8.8,8.6,MM,+0.3,MM
2026,03,04,14,50,100,6.0,7.0,1.2,8,5.9,252,1007.9,8.7,8.8,8.7,MM,MM,MM
2026,03,04,14,40,100,6.0,7.0,MM,MM,MM,MM,1007.8,8.6,8.8,8.6,MM,MM,MM
2026,03,04,14,30,110,6.0,7.0,MM,MM,MM,MM,1007.9,8.6,8.8,8.6,MM,MM,MM
2026,03,04,14,20,120,7.0,8.0,1.3,7,6.5,244,1007.9,8.5,8.9,8.5,MM,MM,MM
2026,03,04,14,10,120,6.0,7.0,MM,MM,MM,MM,1007.9,8.5,8.8,8.5,MM,MM,MM
2026,03,04,14,00,100,6.0,7.0,MM,MM,MM,MM,1007.9,8.6,8.8,8.6,MM,-0.9,MM
2026,03,04,13,50,110,7.0,8.0,1.3,8,6.4,249,1007.9,8.6,8.8,8.6,MM,MM,MM
2026,03,04,13,40,100,6.0,8.0,MM,MM,MM,MM,1007.9,8.6,8.8,8.6,MM,MM,MM
2026,03,04,13,30,100,5.0,7.0,MM,MM,MM,MM,1007.9,8.6,8.8,8.6,MM,MM,MM
2026,03,04,13,20,100,5.0,6.0,1.3,7,6.4,233,1008.0,8.7,8.8,8.7,MM,MM,MM
2026,03,04,13,10,110,5.0,6.0,1.3,MM,6.4,233,1008.0,8.7,8.8,8.7,MM,MM,MM
2026,03,04,13,00,100,4.0,6.0,MM,MM,MM,MM,1008.0,8.7,8.8,8.7,MM,-1.5,MM
2026,03,04,12,50,110,4.0,5.0,1.2,7,6.1,221,1008.0,8.7,8.8,8.7,MM,MM,MM
2026,03,04,12,40,100,5.0,6.0,MM,MM,MM,MM,1008.0,8.7,8.8,8.7,MM,MM,MM
2026,03,04,12,30,100,5.0,6.0,MM,MM,MM,MM,1007.8,8.7,8.8,8.7,MM,MM,MM
2026,03,04,12,20,100,5.0,7.0,1.2,7,6.1,239,1007.8,8.7,8.8,8.7,MM,MM,MM
2026,03,04,12,10,110,6.0,7.0,1.2,MM,6.1,239,1007.9,8.7,8.8,8.7,MM,MM,MM
2026,03,04,12,00,110,6.0,7.0,MM,MM,MM,MM,1008.0,8.7,8.8,8.7,MM,-1.9,MM
2026,03,04,11,50,110,4.0,6.0,1.3,7,5.8,221,1008.0,8.7,8.8,8.7,MM,MM,MM
2026,03,04,11,40,100,3.0,4.0,1.3,MM,5.8,221,1008.2,8.7,8.8,8.7,MM,MM,MM
2026,03,04,11,30,110,3.0,5.0,MM,MM,MM,MM,1008.3,8.7,8.8,8.7,MM,MM,MM
2026,03,04,11,20,100,4.0,5.0,1.4,7,5.8,235,1008.4,8.8,8.8,8.8,MM,MM,MM
2026,03,04,11,10,110,4.0,5.0,1.4,MM,5.8,235,1008.6,8.7,8.8,8.7,MM,MM,MM
2026,03,04,11,00,110,4.0,5.0,MM,MM,MM,MM,1008.8,8.8,8.9,8.8,MM,-1.6,MM
2026,03,04,10,50,110,4.0,4.0,1.4,7,5.7,219,1008.9,8.8,8.9,8.8,MM,MM,MM
2026,03,04,10,40,120,4.0,5.0,1.4,MM,5.7,219,1009.1,8.8,8.9,8.8,MM,MM,MM
2026,03,04,10,30,100,3.0,4.0,MM,MM,MM,MM,1009.3,8.9,8.9,8.9,MM,MM,MM
2026,03,04,10,20,100,4.0,5.0,1.5,7,5.7,234,1009.4,8.9,8.9,8.9,MM,MM,MM
2026,03,04,10,10,90,4.0,5.0,MM,MM,MM,MM,1009.4,8.9,8.9,8.9,MM,MM,MM
2026,03,04,10,00,90,3.0,5.0,MM,MM,MM,MM,1009.5,8.9,8.9,8.9,MM,-1.8,MM
2026,03,04,09,50,100,3.0,4.0,1.5,7,5.5,212,1009.7,8.9,8.9,8.9,MM,MM,MM
2026,03,04,09,40,90,3.0,4.0,1.5,MM,5.5,212,1009.7,8.9,8.9,8.9,MM,MM,MM
2026,03,04,09,30,100,4.0,4.0,MM,MM,MM,MM,1009.8,8.9,8.9,8.9,MM,MM,MM
2026,03,04,09,20,110,3.0,4.0,1.5,7,5.4,230,1009.8,9.0,8.9,9.0,MM,MM,MM
2026,03,04,09,10,110,2.0,3.0,1.5,MM,5.4,230,1009.7,9.1,8.9,9.1,MM,MM,MM
2026,03,04,09,00,110,2.0,3.0,MM,MM,MM,MM,1009.7,9.0,8.9,9.0,MM,-2.1,MM
2026,03,04,08,50,110,2.0,3.0,1.8,7,5.8,225,1009.9,9.1,8.9,9.1,MM,MM,MM
2026,03,04,08,40,150,2.0,3.0,MM,MM,MM,MM,1010.1,9.3,8.9,9.3,MM,MM,MM
2026,03,04,08,30,160,3.0,3.0,MM,MM,MM,MM,1010.3,9.3,8.9,9.3,MM,MM,MM
2026,03,04,08,20,170,3.0,4.0,1.7,7,5.7,229,1010.4,9.3,8.9,9.3,MM,MM,MM
2026,03,04,08,10,170,3.0,4.0,1.7,MM,5.7,229,1010.5,9.3,8.9,9.3,MM,MM,MM
2026,03,04,08,00,180,3.0,4.0,MM,MM,MM,MM,1010.4,9.4,8.9,9.4,MM,-1.4,MM
2026,03,04,07,50,180,3.0,5.0,1.6,7,5.7,223,1010.4,9.5,8.9,9.5,MM,MM,MM
2026,03,04,07,40,200,4.0,5.0,MM,MM,MM,MM,1010.6,9.5,8.9,9.5,MM,MM,MM
2026,03,04,07,30,200,5.0,6.0,MM,MM,MM,MM,1010.7,9.6,8.9,9.6,MM,MM,MM
2026,03,04,07,20,160,3.0,5.0,1.6,7,5.9,229,1011.0,9.3,8.9,9.2,MM,MM,MM
2026,03,04,07,10,100,2.0,3.0,1.6,MM,5.9,229,1011.2,9.2,8.9,9.0,MM,MM,MM
2026,03,04,07,00,160,4.0,10.0,MM,MM,MM,MM,1011.2,9.5,8.9,9.1,MM,-1.3,MM
2026,03,04,06,50,190,7.0,9.0,1.6,7,5.9,218,1011.2,9.9,8.9,9.5,MM,MM,MM
2026,03,04,06,40,170,5.0,7.0,1.6,MM,5.9,218,1011.4,9.9,8.9,9.1,MM,MM,MM
2026,03,04,06,30,150,5.0,7.0,MM,MM,MM,MM,1011.5,9.9,8.8,8.7,MM,MM,MM
2026,03,04,06,20,150,5.0,6.0,1.7,7,5.9,223,1011.5,10.1,8.8,8.5,MM,MM,MM
2026,03,04,06,10,150,6.0,8.0,MM,MM,MM,MM,1011.6,10.1,8.8,8.6,MM,MM,MM
2026,03,04,06,00,130,6.0,7.0,MM,MM,MM,MM,1011.6,10.0,8.8,8.7,MM,-1.1,MM
2026,03,04,05,50,130,6.0,8.0,1.6,7,5.9,224,1011.7,9.9,8.8,8.7,MM,MM,MM
2026,03,04,05,40,130,7.0,9.0,1.6,MM,5.9,224,1011.7,9.8,8.8,8.8,MM,MM,MM
2026,03,04,05,30,130,7.0,8.0,MM,MM,MM,MM,1011.8,9.8,8.8,8.9,MM,MM,MM
2026,03,04,05,20,140,6.0,8.0,1.5,7,5.6,227,1011.7,9.8,8.8,8.9,MM,MM,MM
2026,03,04,05,10,150,8.0,10.0,1.5,MM,5.6,227,1011.8,9.9,8.8,8.9,MM,MM,MM
2026,03,04,05,00,150,8.0,10.0,MM,MM,MM,MM,1011.7,9.9,8.8,9.1,MM,-1.4,MM
2026,03,04,04,50,160,9.0,11.0,1.4,7,5.6,228,1011.3,9.9,8.8,9.0,MM,MM,MM
2026,03,04,04,40,160,6.0,9.0,MM,MM,MM,MM,1012.1,9.8,8.8,9.1,MM,MM,MM
2026,03,04,04,30,160,7.0,10.0,MM,MM,MM,MM,1012.2,9.9,8.8,9.2,MM,MM,MM
2026,03,04,04,20,160,9.0,11.0,1.5,7,5.7,233,1012.1,9.9,8.8,9.1,MM,MM,MM
2026,03,04,04,10,160,8.0,10.0,1.5,MM,5.7,233,1012.3,9.9,8.8,9.0,MM,MM,MM
2026,03,04,04,00,170,8.0,10.0,MM,MM,MM,MM,1012.5,9.9,8.8,9.1,MM,-0.9,MM
2026,03,04,03,50,170,7.0,9.0,1.4,7,5.4,225,1012.5,9.8,8.8,9.0,MM,MM,MM
2026,03,04,03,40,170,9.0,12.0,MM,MM,MM,MM,1012.4,9.9,8.8,9.1,MM,MM,MM
2026,03,04,03,30,170,10.0,12.0,MM,MM,MM,MM,1012.4,9.9,8.7,9.1,MM,MM,MM
2026,03,04,03,20,180,10.0,12.0,1.3,7,5.3,233,1012.6,9.9,8.7,9.2,MM,MM,MM
2026,03,04,03,10,170,10.0,13.0,MM,MM,MM,MM,1012.6,9.8,8.7,9.2,MM,MM,MM
2026,03,04,03,00,170,9.0,11.0,MM,MM,MM,MM,1012.7,9.8,8.7,9.1,MM,-1.0,MM
2026,03,04,02,50,170,9.0,12.0,1.4,7,5.2,223,1012.8,9.8,8.7,9.1,MM,MM,MM
2026,03,04,02,40,170,9.0,10.0,MM,MM,MM,MM,1012.9,9.8,8.7,9.0,MM,MM,MM
2026,03,04,02,30,170,9.0,12.0,MM,MM,MM,MM,1012.9,9.9,8.7,8.9,MM,MM,MM
2026,03,04,02,20,170,9.0,11.0,1.3,7,5.0,229,1012.9,10.0,8.7,8.9,MM,MM,MM
2026,03,04,02,10,170,8.0,11.0,1.3,MM,5.0,229,1013.0,9.9,8.7,8.9,MM,MM,MM
2026,03,04,02,00,170,8.0,11.0,MM,MM,MM,MM,1013.0,9.9,8.7,8.8,MM,-0.9,MM
2026,03,04,01,50,180,8.0,10.0,1.4,7,5.1,228,1013.2,10.0,8.7,8.7,MM,MM,MM
2026,03,04,01,40,170,8.0,11.0,MM,MM,MM,MM,1013.3,10.0,8.7,8.7,MM,MM,MM
2026,03,04,01,30,170,9.0,12.0,MM,MM,MM,MM,1013.2,10.0,8.7,8.9,MM,MM,MM
2026,03,04,01,20,180,9.0,11.0,1.4,6,5.0,221,1013.2,9.8,8.7,8.9,MM,MM,MM
2026,03,04,01,10,180,9.0,12.0,1.4,MM,5.0,221,1013.2,9.7,8.7,9.0,MM,MM,MM
2026,03,04,01,00,170,11.0,13.0,MM,MM,MM,MM,1013.1,9.6,8.7,9.0,MM,-0.9,MM
2026,03,04,00,50,170,9.0,12.0,1.4,6,5.3,216,1013.4,9.6,8.7,9.2,MM,MM,MM
2026,03,04,00,40,170,8.0,10.0,MM,MM,MM,MM,1013.6,9.5,8.7,9.1,MM,MM,MM
2026,03,04,00,30,170,8.0,11.0,MM,MM,MM,MM,1013.6,9.5,8.7,9.2,MM,MM,MM
2026,03,04,00,20,170,8.0,9.0,1.3,6,4.9,216,1013.7,9.5,8.7,9.1,MM,MM,MM
2026,03,04,00,10,170,8.0,10.0,1.3,MM,4.9,216,1013.8,9.6,8.7,9.0,MM,MM,MM
2026,03,04,00,00,170,9.0,10.0,MM,MM,MM,MM,1013.8,9.6,8.7,9.0,MM,-1.3,MM
2026,03,03,23,50,180,8.0,10.0,1.4,6,4.8,222,1013.9,9.6,8.7,9.1,MM,MM,MM
2026,03,03,23,40,180,9.0,10.0,MM,MM,MM,MM,1014.0,9.6,8.7,9.1,MM,MM,MM
2026,03,03,23,20,180,10.0,12.0,1.5,6,4.9,216,1014.1,9.4,8.7,9.1,MM,MM,MM
2026,03,03,23,10,180,9.0,12.0,MM,MM,MM,MM,1014.0,9.4,8.7,9.2,MM,MM,MM
2026,03,03,23,00,180,10.0,12.0,MM,MM,MM,MM,1014.2,9.4,8.7,9.2,MM,-1.6,MM
2026,03,03,22,50,180,10.0,12.0,1.4,6,4.8,218,1014.2,9.4,8.7,9.2,MM,MM,MM
2026,03,03,22,40,180,10.0,11.0,1.4,MM,4.8,218,1014.3,9.3,8.7,9.3,MM,MM,MM
2026,03,03,22,30,180,10.0,12.0,MM,MM,MM,MM,1014.2,9.3,8.8,9.3,MM,MM,MM
2026,03,03,22,20,180,9.0,11.0,1.5,6,4.8,227,1014.4,9.2,8.8,9.2,MM,MM,MM
2026,03,03,22,10,180,10.0,11.0,MM,MM,MM,MM,1014.5,9.2,8.8,9.2,MM,MM,MM
2026,03,03,22,00,180,10.0,12.0,MM,MM,MM,MM,1014.5,9.2,8.8,9.2,MM,-1.3,MM
2026,03,03,21,50,180,9.0,12.0,1.4,6,4.8,211,1014.5,9.2,8.8,9.2,MM,MM,MM
2026,03,03,21,40,180,9.0,11.0,MM,MM,MM,MM,1014.6,9.2,8.8,9.2,MM,MM,MM
2026,03,03,21,30,180,10.0,12.0,MM,MM,MM,MM,1014.7,9.2,8.8,9.2,MM,MM,MM
2026,03,03,21,20,180,9.0,11.0,1.4,6,4.8,217,1014.8,9.2,8.8,9.2,MM,MM,MM
2026,03,03,21,10,180,9.0,11.0,1.4,MM,4.8,217,1014.9,9.2,8.8,9.2,MM,MM,MM
2026,03,03,21,00,190,9.0,11.0,MM,MM,MM,MM,1015.1,9.2,8.8,9.2,MM,-0.3,MM
2026,03,03,20,50,190,9.0,11.0,1.5,6,4.9,218,1015.1,9.2,8.8,9.2,MM,MM,MM
2026,03,03,20,40,180,10.0,11.0,MM,MM,MM,MM,1015.1,9.2,8.8,9.2,MM,MM,MM
2026,03,03,20,30,190,9.0,11.0,MM,MM,MM,MM,1015.2,9.1,8.8,9.1,MM,MM,MM
2026,03,03,20,20,190,9.0,11.0,1.3,6,4.8,223,1015.2,9.1,8.8,9.1,MM,MM,MM
2026,03,03,20,10,190,9.0,11.0,1.3,MM,4.8,223,1015.4,9.1,8.8,9.0,MM,MM,MM
2026,03,03,20,00,190,10.0,12.0,MM,MM,MM,MM,1015.3,9.2,8.8,9.1,MM,+0.0,MM
2026,03,03,19,50,190,10.0,13.0,1.4,6,4.8,220,1015.2,9.2,8.8,9.0,MM,MM,MM
2026,03,03,19,40,190,9.0,11.0,1.4,MM,4.8,220,1015.2,9.2,8.8,9.0,MM,MM,MM
2026,03,03,19,30,190,9.0,11.0,MM,MM,MM,MM,1015.3,9.2,8.8,9.0,MM,MM,MM
2026,03,03,19,20,190,9.0,12.0,1.4,6,5.0,229,1015.3,9.3,8.8,9.0,MM,MM,MM
2026,03,03,19,10,190,9.0,11.0,1.4,MM,5.0,229,1015.4,9.3,8.8,8.9,MM,MM,MM
2026,03,03,19,00,190,9.0,11.0,MM,MM,MM,MM,1015.4,9.3,8.8,8.8,MM,+0.4,MM
2026,03,03,18,50,190,8.0,10.0,1.2,6,4.9,234,1015.4,9.3,8.8,8.8,MM,MM,MM
2026,03,03,18,40,190,9.0,11.0,MM,MM,MM,MM,1015.4,9.3,8.8,8.8,MM,MM,MM
2026,03,03,18,30,190,9.0,11.0,MM,MM,MM,MM,1015.4,9.3,8.8,8.8,MM,MM,MM
2026,03,03,18,20,190,9.0,10.0,1.2,6,5.2,238,1015.5,9.3,8.8,8.9,MM,MM,MM
2026,03,03,18,10,190,8.0,9.0,MM,MM,MM,MM,1015.4,9.3,8.9,8.9,MM,MM,MM
2026,03,03,18,00,200,8.0,10.0,MM,MM,MM,MM,1015.4,9.3,9.0,8.9,MM,+0.0,MM
2026,03,03,17,50,190,9.0,10.0,1.1,6,5.2,238,1015.4,9.2,9.1,8.9,MM,MM,MM
2026,03,03,17,40,190,8.0,10.0,1.1,MM,5.2,238,1015.4,9.2,9.2,9.0,MM,MM,MM
2026,03,03,17,30,190,8.0,9.0,MM,MM,MM,MM,1015.4,9.2,9.2,9.0,MM,MM,MM
2026,03,03,17,20,190,8.0,10.0,1.3,6,5.5,253,1015.5,9.2,9.3,9.0,MM,MM,MM
2026,03,03,17,10,200,8.0,11.0,1.3,MM,5.5,253,1015.6,9.0,9.3,8.8,MM,MM,MM
2026,03,03,17,00,200,6.0,9.0,MM,MM,MM,MM,1015.6,9.2,9.3,8.9,MM,-0.3,MM
2026,03,03,16,50,200,6.0,8.0,1.3,6,5.4,229,1015.7,9.3,9.4,8.8,MM,MM,MM
2026,03,03,16,40,200,6.0,9.0,MM,MM,MM,MM,1015.7,9.3,9.4,8.7,MM,MM,MM
2026,03,03,16,30,200,6.0,8.0,MM,MM,MM,MM,1015.6,9.4,9.4,8.7,MM,MM,MM
2026,03,03,16,20,200,6.0,8.0,1.2,6,5.3,232,1015.6,9.3,9.3,8.7,MM,MM,MM
2026,03,03,16,10,200,6.0,7.0,1.2,MM,5.3,232,1015.6,9.3,9.3,8.7,MM,MM,MM
2026,03,03,16,00,200,6.0,7.0,MM,MM,MM,MM,1015.4,9.2,9.4,8.6,MM,-0.6,MM
2026,03,03,15,50,190,6.0,8.0,1.1,6,5.2,240,1015.4,9.1,9.4,8.6,MM,MM,MM
2026,03,03,15,40,190,5.0,7.0,1.1,MM,5.2,240,1015.4,9.1,9.3,8.7,MM,MM,MM
2026,03,03,15,30,200,5.0,7.0,MM,MM,MM,MM,1015.4,9.1,9.3,8.7,MM,MM,MM
2026,03,03,15,20,200,6.0,7.0,1.0,6,5.1,238,1015.3,9.0,9.4,8.7,MM,MM,MM
2026,03,03,15,10,200,5.0,6.0,MM,MM,MM,MM,1015.4,9.0,9.4,8.9,MM,MM,MM
2026,03,03,15,00,200,5.0,6.0,MM,MM,MM,MM,1015.5,9.0,9.4,9.0,MM,-0.3,MM
2026,03,03,14,50,200,6.0,7.0,1.0,9,5.0,241,1015.5,8.9,9.4,8.9,MM,MM,MM
2026,03,03,14,40,210,6.0,8.0,MM,MM,MM,MM,1015.6,8.9,9.4,8.9,MM,MM,MM
2026,03,03,14,30,200,7.0,8.0,MM,MM,MM,MM,1015.6,8.7,9.4,8.7,MM,MM,MM
2026,03,03,14,20,200,7.0,8.0,1.0,11,5.1,281,1015.5,8.7,9.4,8.7,MM,MM,MM
2026,03,03,14,10,200,7.0,9.0,MM,MM,MM,MM,1015.5,8.9,9.4,8.9,MM,MM,MM
2026,03,03,14,00,200,7.0,9.0,MM,MM,MM,MM,1015.6,8.9,9.4,8.9,MM,-0.6,MM
2026,03,03,13,50,200,6.0,8.0,0.9,9,4.9,230,1015.6,9.0,9.4,9.0,MM,MM,MM
2026,03,03,13,40,210,6.0,7.0,MM,MM,MM,MM,1015.6,9.0,9.4,9.0,MM,MM,MM
2026,03,03,13,30,210,6.0,7.0,MM,MM,MM,MM,1015.6,8.9,9.4,8.9,MM,MM,MM
2026,03,03,13,20,210,5.0,7.0,0.9,10,4.8,259,1015.6,9.0,9.4,9.0,MM,MM,MM
2026,03,03,13,10,190,6.0,8.0,MM,MM,MM,MM,1015.7,9.2,9.4,9.2,MM,MM,MM
2026,03,03,13,00,180,7.0,9.0,MM,MM,MM,MM,1015.7,9.3,9.4,9.3,MM,-0.6,MM
2026,03,03,12,50,190,6.0,8.0,0.9,10,5.0,266,1015.8,9.4,9.4,9.4,MM,MM,MM
2026,03,03,12,40,180,6.0,8.0,MM,MM,MM,MM,1015.9,9.5,9.4,9.5,MM,MM,MM
2026,03,03,12,30,180,7.0,8.0,MM,MM,MM,MM,1015.8,9.5,9.4,9.5,MM,MM,MM
2026,03,03,12,20,170,6.0,9.0,0.8,8,5.6,224,1015.8,9.5,9.4,9.5,MM,MM,MM
2026,03,03,12,10,160,4.0,5.0,0.8,MM,5.6,224,1015.8,9.5,9.4,9.5,MM,MM,MM
2026,03,03,12,00,170,4.0,5.0,MM,MM,MM,MM,1015.9,9.5,9.4,9.5,MM,-1.2,MM
2026,03,03,11,50,170,4.0,5.0,0.8,8,5.6,238,1016.1,9.6,9.4,9.6,MM,MM,MM
2026,03,03,11,40,170,4.0,5.0,0.8,MM,5.6,238,1016.1,9.5,9.4,9.5,MM,MM,MM
2026,03,03,11,30,170,4.0,5.0,MM,MM,MM,MM,1016.1,9.6,9.4,9.5,MM,MM,MM
2026,03,03,11,20,170,4.0,6.0,0.8,10,5.7,269,1016.1,9.7,9.4,9.4,MM,MM,MM
2026,03,03,11,10,170,4.0,5.0,0.8,MM,5.7,269,1016.3,9.8,9.4,9.2,MM,MM,MM
2026,03,03,11,00,180,4.0,5.0,MM,MM,MM,MM,1016.5,9.9,9.4,8.9,MM,-1.8,MM
2026,03,03,10,50,180,4.0,6.0,0.8,10,5.4,282,1016.5,10.0,9.4,8.9,MM,MM,MM
2026,03,03,10,40,170,5.0,6.0,MM,MM,MM,MM,1016.7,10.2,9.3,8.8,MM,MM,MM
2026,03,03,10,30,160,5.0,6.0,MM,MM,MM,MM,1016.7,10.1,9.3,8.8,MM,MM,MM
2026,03,03,10,20,150,4.0,5.0,0.8,10,5.7,254,1016.7,9.8,9.3,8.8,MM,MM,MM
2026,03,03,10,10,140,3.0,5.0,MM,MM,MM,MM,1016.7,9.6,9.3,8.7,MM,MM,MM
2026,03,03,10,00,120,3.0,4.0,MM,MM,MM,MM,1016.5,9.5,9.3,8.6,MM,-1.4,MM
2026,03,03,09,50,120,2.0,3.0,0.9,11,5.4,269,1016.6,9.5,9.1,8.6,MM,MM,MM
2026,03,03,09,40,110,2.0,4.0,MM,MM,MM,MM,1016.6,9.6,8.9,8.6,MM,MM,MM
2026,03,03,09,30,120,4.0,5.0,MM,MM,MM,MM,1016.5,9.7,8.9,8.7,MM,MM,MM
2026,03,03,09,20,140,5.0,6.0,0.9,11,5.3,288,1016.7,9.7,8.9,8.6,MM,MM,MM
2026,03,03,09,10,140,4.0,5.0,0.9,MM,5.3,288,1016.8,9.7,8.9,8.6,MM,MM,MM
2026,03,03,09,00,140,4.0,5.0,MM,MM,MM,MM,1016.9,9.7,8.8,8.5,MM,-1.1,MM
2026,03,03,08,50,150,3.0,5.0,0.8,11,5.9,266,1017.2,9.6,8.9,8.6,MM,MM,MM
2026,03,03,08,40,150,2.0,3.0,MM,MM,MM,MM,1017.5,9.6,9.0,8.6,MM,MM,MM
2026,03,03,08,30,160,3.0,4.0,MM,MM,MM,MM,1017.8,9.6,8.9,8.7,MM,MM,MM
2026,03,03,08,20,140,2.0,3.0,0.7,8,5.6,243,1017.9,9.5,8.9,8.7,MM,MM,MM
2026,03,03,08,10,170,2.0,3.0,0.7,MM,5.6,243,1018.0,9.6,8.9,8.7,MM,MM,MM
2026,03,03,08,00,180,3.0,4.0,MM,MM,MM,MM,1018.1,9.6,8.9,8.6,MM,-0.0,MM
2026,03,03,07,50,170,2.0,4.0,0.9,11,6.5,280,1018.1,9.5,9.0,8.5,MM,MM,MM
2026,03,03,07,40,170,2.0,3.0,0.9,MM,6.5,280,1018.0,9.5,8.9,8.6,MM,MM,MM
2026,03,03,07,30,150,2.0,2.0,MM,MM,MM,MM,1018.0,9.6,8.9,8.6,MM,MM,MM
2026,03,03,07,20,150,2.0,4.0,0.8,11,6.5,285,1018.1,9.6,8.9,8.6,MM,MM,MM
2026,03,03,07,10,140,2.0,3.0,MM,MM,MM,MM,1018.1,9.6,8.9,8.7,MM,MM,MM
2026,03,03,07,00,140,3.0,3.0,MM,MM,MM,MM,1017.9,9.6,9.1,8.7,MM,-1.2,MM
2026,03,03,06,50,150,3.0,4.0,0.9,11,7.3,263,1018.2,9.6,9.1,8.8,MM,MM,MM
2026,03,03,06,40,140,3.0,4.0,MM,MM,MM,MM,1018.3,9.7,9.1,9.0,MM,MM,MM
2026,03,03,06,30,150,2.0,4.0,MM,MM,MM,MM,1018.3,9.6,8.9,9.0,MM,MM,MM
2026,03,03,06,20,150,1.0,3.0,0.8,11,6.9,268,1018.4,9.5,8.7,8.9,MM,MM,MM
2026,03,03,06,10,120,2.0,4.0,MM,MM,MM,MM,1018.3,9.5,8.7,8.9,MM,MM,MM
2026,03,03,06,00,90,3.0,5.0,MM,MM,MM,MM,1018.1,9.5,8.8,8.9,MM,-1.3,MM
2026,03,03,05,50,90,4.0,5.0,0.9,11,7.4,263,1018.0,9.5,8.9,8.9,MM,MM,MM
2026,03,03,05,40,80,4.0,5.0,MM,MM,MM,MM,1018.1,9.5,9.0,8.9,MM,MM,MM
2026,03,03,05,30,120,4.0,5.0,MM,MM,MM,MM,1018.1,9.5,9.0,9.0,MM,MM,MM
2026,03,03,05,20,130,3.0,4.0,0.8,11,7.0,262,1018.1,9.4,9.2,9.0,MM,MM,MM
2026,03,03,05,10,140,3.0,4.0,0.8,MM,7.0,262,1018.3,9.4,9.2,9.1,MM,MM,MM
2026,03,03,05,00,140,3.0,4.0,MM,MM,MM,MM,1018.4,9.3,9.3,9.1,MM,-0.3,MM
2026,03,03,04,50,140,3.0,4.0,0.8,11,7.3,269,1018.4,9.3,9.3,9.1,MM,MM,MM
2026,03,03,04,40,140,3.0,4.0,0.8,MM,7.3,269,1018.5,9.3,9.3,9.1,MM,MM,MM
2026,03,03,04,30,160,4.0,5.0,MM,MM,MM,MM,1018.8,9.4,9.3,9.1,MM,MM,MM
2026,03,03,04,20,180,5.0,6.0,0.8,9,7.4,231,1019.0,9.4,9.3,9.0,MM,MM,MM
2026,03,03,04,10,180,5.0,7.0,MM,MM,MM,MM,1019.1,9.4,9.3,9.1,MM,MM,MM
2026,03,03,04,00,180,6.0,8.0,MM,MM,MM,MM,1019.1,9.4,9.3,9.2,MM,+0.5,MM
2026,03,03,03,50,190,5.0,7.0,0.8,8,7.7,229,1019.3,9.4,9.3,9.2,MM,MM,MM
2026,03,03,03,40,190,4.0,5.0,MM,MM,MM,MM,1019.4,9.5,9.3,9.3,MM,MM,MM
2026,03,03,03,30,190,4.0,5.0,MM,MM,MM,MM,1019.4,9.5,9.3,9.2,MM,MM,MM
2026,03,03,03,20,190,5.0,6.0,0.8,9,7.6,242,1019.6,9.6,9.3,9.3,MM,MM,MM
2026,03,03,03,10,190,6.0,7.0,0.8,MM,7.6,242,1019.5,9.6,9.3,9.3,MM,MM,MM
2026,03,03,03,00,190,5.0,6.0,MM,MM,MM,MM,1019.4,9.6,9.4,9.3,MM,+0.8,MM
2026,03,03,02,50,190,5.0,6.0,0.8,11,8.6,256,1019.3,9.6,9.4,9.4,MM,MM,MM
2026,03,03,02,40,190,5.0,6.0,MM,MM,MM,MM,1019.2,9.5,9.4,9.4,MM,MM,MM
2026,03,03,02,30,200,4.0,6.0,MM,MM,MM,MM,1019.0,9.5,9.4,9.5,MM,MM,MM
2026,03,03,02,20,200,3.0,5.0,0.8,8,8.4,230,1018.8,9.5,9.4,9.5,MM,MM,MM
2026,03,03,02,10,200,2.0,4.0,0.8,MM,8.4,230,1018.8,9.4,9.5,9.4,MM,MM,MM
2026,03,03,02,00,210,1.0,2.0,MM,MM,MM,MM,1018.7,9.3,9.4,9.3,MM,+0.0,MM
2026,03,03,01,50,210,1.0,2.0,0.6,8,8.0,239,1018.6,9.2,9.5,9.2,MM,MM,MM
2026,03,03,01,40,MM,0.0,1.0,MM,MM,MM,MM,1018.6,9.0,9.5,8.9,MM,MM,MM
2026,03,03,01,30,280,1.0,2.0,MM,MM,MM,MM,1018.7,9.1,9.5,9.0,MM,MM,MM
2026,03,03,01,20,290,1.0,2.0,0.8,10,7.8,222,1018.7,9.3,9.5,9.1,MM,MM,MM
2026,03,03,01,10,330,1.0,1.0,MM,MM,MM,MM,1018.6,9.0,9.5,8.8,MM,MM,MM
2026,03,03,01,00,MM,0.0,1.0,MM,MM,MM,MM,1018.6,8.8,9.5,8.5,MM,-0.7,MM
2026,03,03,00,50,80,1.0,2.0,0.7,9,8.2,228,1018.5,8.8,9.6,8.5,MM,MM,MM
2026,03,03,00,40,90,2.0,3.0,0.7,MM,8.2,228,1018.4,8.5,9.6,8.1,MM,MM,MM
2026,03,03,00,30,130,2.0,3.0,MM,MM,MM,MM,1018.4,8.5,9.6,8.0,MM,MM,MM
2026,03,03,00,20,90,1.0,2.0,0.6,12,8.2,279,1018.4,8.5,9.5,7.9,MM,MM,MM
2026,03,03,00,10,MM,0.0,1.0,0.6,MM,8.2,279,1018.5,8.5,9.5,7.9,MM,MM,MM
2026,03,03,00,00,MM,0.0,1.0,MM,MM,MM,MM,1018.6,8.4,9.5,7.7,MM,-1.0,MM
2026,03,02,23,50,170,1.0,2.0,0.7,10,8.0,232,1018.6,8.4,9.5,7.6,MM,MM,MM
2026,03,02,23,40,170,1.0,2.0,MM,MM,MM,MM,1018.8,8.6,9.5,7.5,MM,MM,MM
2026,03,02,23,20,MM,0.0,1.0,0.7,8,7.9,264,1018.6,9.3,9.6,8.0,MM,MM,MM
2026,03,02,23,10,MM,0.0,1.0,0.7,MM,7.9,264,1018.7,9.4,9.6,7.8,MM,MM,MM
2026,03,02,23,00,MM,0.0,1.0,MM,MM,MM,MM,1018.8,9.3,9.5,7.6,MM,-1.4,MM
2026,03,02,22,50,60,1.0,2.0,0.7,8,7.9,238,1019.0,9.4,9.5,7.6,MM,MM,MM
2026,03,02,22,40,60,1.0,2.0,MM,MM,MM,MM,1019.0,9.2,9.5,7.1,MM,MM,MM
2026,03,02,22,30,60,2.0,3.0,MM,MM,MM,MM,1019.1,9.0,9.5,6.7,MM,MM,MM
2026,03,02,22,20,50,2.0,3.0,0.7,10,8.1,207,1019.1,8.9,9.5,6.4,MM,MM,MM
2026,03,02,22,10,50,2.0,3.0,MM,MM,MM,MM,1019.2,8.8,9.5,6.3,MM,MM,MM
2026,03,02,22,00,60,2.0,3.0,MM,MM,MM,MM,1019.3,8.8,9.4,6.3,MM,-0.3,MM
2026,03,02,21,50,70,3.0,3.0,0.7,10,7.7,238,1019.3,8.8,9.5,6.2,MM,MM,MM
2026,03,02,21,40,90,2.0,2.0,MM,MM,MM,MM,1019.4,8.6,9.5,6.0,MM,MM,MM
2026,03,02,21,30,110,2.0,3.0,MM,MM,MM,MM,1019.4,8.6,9.5,6.1,MM,MM,MM
2026,03,02,21,20,120,3.0,3.0,0.7,8,7.7,240,1019.4,8.6,9.5,5.9,MM,MM,MM
2026,03,02,21,10,130,3.0,3.0,0.7,MM,7.7,240,1019.5,8.6,9.5,6.0,MM,MM,MM
2026,03,02,21,00,130,3.0,4.0,MM,MM,MM,MM,1019.6,8.5,9.5,5.7,MM,+0.3,MM
2026,03,02,20,50,120,3.0,4.0,0.7,9,7.5,227,1019.7,8.4,9.4,5.6,MM,MM,MM
2026,03,02,20,40,120,3.0,4.0,MM,MM,MM,MM,1019.9,8.3,9.5,5.9,MM,MM,MM
2026,03,02,20,30,120,4.0,4.0,MM,MM,MM,MM,1019.8,8.2,9.4,6.1,MM,MM,MM
2026,03,02,20,20,120,4.0,4.0,0.7,8,7.6,248,1019.8,8.3,9.5,6.4,MM,MM,MM
2026,03,02,20,10,120,3.0,3.0,0.7,MM,7.6,248,1020.0,8.3,9.4,6.5,MM,MM,MM
2026,03,02,20,00,120,3.0,3.0,MM,MM,MM,MM,1020.1,8.3,9.4,6.5,MM,+1.0,MM
2026,03,02,19,50,110,3.0,3.0,0.6,9,7.1,251,1020.1,8.2,9.4,6.4,MM,MM,MM
2026,03,02,19,40,110,3.0,3.0,MM,MM,MM,MM,1020.1,8.1,9.5,6.4,MM,MM,MM
2026,03,02,19,30,110,3.0,4.0,MM,MM,MM,MM,1020.0,8.0,9.4,6.5,MM,MM,MM
2026,03,02,19,20,100,3.0,4.0,0.7,9,7.4,240,1019.8,7.9,9.4,6.5,MM,MM,MM
2026,03,02,19,10,100,3.0,4.0,MM,MM,MM,MM,1019.8,7.8,9.4,6.4,MM,MM,MM
2026,03,02,19,00,90,3.0,4.0,MM,MM,MM,MM,1019.6,7.7,9.4,6.2,MM,+0.7,MM
2026,03,02,18,50,100,4.0,4.0,0.6,9,6.7,222,1019.5,7.7,9.4,6.2,MM,MM,MM
2026,03,02,18,40,100,3.0,4.0,MM,MM,MM,MM,1019.5,7.6,9.3,6.0,MM,MM,MM
2026,03,02,18,30,90,4.0,5.0,MM,MM,MM,MM,1019.6,7.6,9.3,5.9,MM,MM,MM
2026,03,02,18,20,80,4.0,5.0,0.6,9,5.5,208,1019.5,7.5,9.3,5.7,MM,MM,MM
2026,03,02,18,10,80,5.0,5.0,0.6,MM,5.5,208,1019.4,7.4,9.3,5.5,MM,MM,MM
2026,03,02,18,00,80,5.0,6.0,MM,MM,MM,MM,1019.3,7.2,9.3,5.3,MM,+0.8,MM
2026,03,02,17,50,80,5.0,6.0,0.6,9,5.8,226,1019.3,7.2,9.3,5.3,MM,MM,MM
2026,03,02,17,40,80,5.0,6.0,0.6,MM,5.8,226,1019.2,7.2,9.3,5.3,MM,MM,MM
2026,03,02,17,30,90,5.0,6.0,MM,MM,MM,MM,1019.1,7.2,9.3,5.2,MM,MM,MM
2026,03,02,17,20,80,5.0,6.0,0.6,9,5.5,229,1019.2,7.2,9.2,5.2,MM,MM,MM
2026,03,02,17,10,80,5.0,6.0,MM,MM,MM,MM,1019.2,7.2,9.2,5.1,MM,MM,MM
2026,03,02,17,00,80,5.0,6.0,MM,MM,MM,MM,1019.2,7.4,9.2,5.1,MM,+0.7,MM
2026,03,02,16,50,90,5.0,6.0,0.7,9,5.0,243,1019.2,7.3,9.2,4.9,MM,MM,MM
2026,03,02,16,40,80,6.0,7.0,MM,MM,MM,MM,1019.0,7.0,9.2,4.8,MM,MM,MM
2026,03,02,16,30,80,7.0,8.0,MM,MM,MM,MM,1019.0,6.9,9.2,4.7,MM,MM,MM
2026,03,02,16,20,90,7.0,8.0,0.6,10,4.5,269,1018.9,6.9,9.2,4.8,MM,MM,MM
2026,03,02,16,10,90,7.0,8.0,0.6,MM,4.5,269,1018.8,7.0,9.1,4.9,MM,MM,MM
2026,03,02,16,00,90,7.0,7.0,MM,MM,MM,MM,1018.8,6.9,9.1,4.8,MM,+0.8,MM
2026,03,02,15,50,90,6.0,7.0,0.6,9,4.1,230,1018.9,6.8,9.1,4.7,MM,MM,MM
2026,03,02,15,40,80,6.0,7.0,MM,MM,MM,MM,1019.1,6.9,9.1,4.8,MM,MM,MM
2026,03,02,15,30,80,6.0,7.0,MM,MM,MM,MM,1019.0,6.8,9.1,4.6,MM,MM,MM
2026,03,02,15,20,80,6.0,7.0,0.7,9,4.5,228,1018.9,6.8,9.1,4.4,MM,MM,MM
2026,03,02,15,10,90,6.0,7.0,0.7,MM,4.5,228,1018.7,6.9,9.1,4.4,MM,MM,MM
2026,03,02,15,00,90,6.0,7.0,MM,MM,MM,MM,1018.6,7.0,9.1,4.5,MM,+0.8,MM
2026,03,02,14,50,90,6.0,7.0,0.7,9,4.7,262,1018.6,7.1,9.1,4.7,MM,MM,MM
2026,03,02,14,40,80,6.0,7.0,MM,MM,MM,MM,1018.6,7.1,9.1,4.8,MM,MM,MM
2026,03,02,14,30,80,5.0,6.0,MM,MM,MM,MM,1018.8,7.0,9.1,4.8,MM,MM,MM
2026,03,02,14,20,80,5.0,6.0,0.7,9,4.8,246,1018.6,7.0,9.1,4.8,MM,MM,MM
2026,03,02,14,10,80,5.0,6.0,0.7,MM,4.8,246,1018.7,7.0,9.1,4.9,MM,MM,MM
2026,03,02,14,00,80,5.0,6.0,MM,MM,MM,MM,1018.6,7.0,9.1,5.1,MM,+0.9,MM
2026,03,02,13,50,80,5.0,6.0,0.6,9,4.9,255,1018.6,7.2,9.1,5.3,MM,MM,MM
2026,03,02,13,40,90,5.0,6.0,MM,MM,MM,MM,1018.5,7.1,9.1,5.3,MM,MM,MM
2026,03,02,13,30,90,5.0,6.0,MM,MM,MM,MM,1018.4,7.4,9.1,5.5,MM,MM,MM
2026,03,02,13,20,90,5.0,6.0,0.6,9,5.0,246,1018.4,7.5,9.1,5.5,MM,MM,MM
2026,03,02,13,10,90,5.0,6.0,MM,MM,MM,MM,1018.3,7.6,9.1,5.4,MM,MM,MM
2026,03,02,13,00,90,5.0,6.0,MM,MM,MM,MM,1018.2,7.7,9.1,5.4,MM,+0.4,MM
2026,03,02,12,50,90,5.0,7.0,0.7,9,4.9,275,1018.0,7.7,9.1,5.4,MM,MM,MM
2026,03,02,12,40,90,5.0,6.0,MM,MM,MM,MM,1017.9,7.9,9.1,5.5,MM,MM,MM
2026,03,02,12,30,90,5.0,6.0,MM,MM,MM,MM,1017.8,8.0,9.1,5.3,MM,MM,MM
2026,03,02,12,20,90,5.0,6.0,0.7,9,4.9,253,1017.7,8.1,9.1,5.1,MM,MM,MM
2026,03,02,12,10,80,5.0,7.0,0.7,MM,4.9,253,1017.7,8.2,9.1,5.2,MM,MM,MM
2026,03,02,12,00,80,6.0,7.0,MM,MM,MM,MM,1017.7,8.1,9.1,5.2,MM,+0.0,MM
2026,03,02,11,50,80,6.0,6.0,0.7,9,5.0,239,1017.7,8.1,9.1,5.3,MM,MM,MM
2026,03,02,11,40,80,6.0,7.0,0.7,MM,5.0,239,1017.7,8.2,9.1,5.5,MM,MM,MM
2026,03,02,11,30,70,6.0,7.0,MM,MM,MM,MM,1017.7,8.1,9.1,5.6,MM,MM,MM
2026,03,02,11,20,70,6.0,7.0,0.7,9,5.1,219,1017.8,8.0,9.1,5.6,MM,MM,MM
2026,03,02,11,10,70,6.0,8.0,0.7,MM,5.1,219,1017.7,7.9,9.1,5.6,MM,MM,MM
2026,03,02,11,00,70,7.0,8.0,MM,MM,MM,MM,1017.7,7.9,9.1,5.6,MM,+0.0,MM
2026,03,02,10,50,80,7.0,8.0,0.7,9,5.2,253,1017.7,8.0,9.1,5.6,MM,MM,MM
2026,03,02,10,40,80,6.0,7.0,MM,MM,MM,MM,1017.8,7.9,9.1,5.7,MM,MM,MM
2026,03,02,10,30,80,6.0,7.0,MM,MM,MM,MM,1017.9,7.9,9.1,5.7,MM,MM,MM
2026,03,02,10,20,80,6.0,7.0,0.6,9,5.0,244,1017.8,8.1,9.2,5.8,MM,MM,MM
2026,03,02,10,10,80,6.0,8.0,MM,MM,MM,MM,1017.8,8.2,9.2,5.8,MM,MM,MM
2026,03,02,10,00,80,6.0,7.0,MM,MM,MM,MM,1017.8,8.2,9.2,5.8,MM,+0.6,MM
2026,03,02,09,50,80,6.0,8.0,0.7,8,5.3,257,1017.8,8.2,9.2,5.9,MM,MM,MM
2026,03,02,09,40,80,6.0,8.0,MM,MM,MM,MM,1017.6,8.2,9.2,5.9,MM,MM,MM
2026,03,02,09,30,70,6.0,7.0,MM,MM,MM,MM,1017.7,8.3,9.3,5.9,MM,MM,MM
2026,03,02,09,20,70,6.0,7.0,0.7,8,5.6,241,1017.7,8.3,9.3,5.8,MM,MM,MM
2026,03,02,09,10,70,6.0,7.0,MM,MM,MM,MM,1017.6,8.4,9.3,5.9,MM,MM,MM
2026,03,02,09,00,70,6.0,7.0,MM,MM,MM,MM,1017.7,8.4,9.3,5.8,MM,+0.5,MM
2026,03,02,08,50,70,6.0,7.0,0.8,9,5.8,233,1017.5,8.5,9.3,5.9,MM,MM,MM
2026,03,02,08,40,70,5.0,6.0,MM,MM,MM,MM,1017.5,8.5,9.3,6.0,MM,MM,MM
2026,03,02,08,30,80,5.0,6.0,MM,MM,MM,MM,1017.5,8.6,9.3,5.9,MM,MM,MM
2026,03,02,08,20,90,5.0,7.0,0.7,9,6.0,230,1017.4,8.6,9.2,5.7,MM,MM,MM
2026,03,02,08,10,80,5.0,6.0,0.7,MM,6.0,230,1017.5,8.6,9.2,5.9,MM,MM,MM
2026,03,02,08,00,80,5.0,6.0,MM,MM,MM,MM,1017.5,8.6,9.2,5.9,MM,-0.0,MM
2026,03,02,07,50,80,5.0,6.0,0.7,9,5.8,252,1017.3,8.6,9.2,5.8,MM,MM,MM
2026,03,02,07,40,90,5.0,6.0,MM,MM,MM,MM,1017.3,8.6,9.2,5.7,MM,MM,MM
2026,03,02,07,30,90,5.0,7.0,MM,MM,MM,MM,1017.3,8.8,9.2,5.7,MM,MM,MM
2026,03,02,07,20,90,6.0,7.0,0.7,9,5.1,252,1017.3,8.9,9.2,5.6,MM,MM,MM
2026,03,02,07,10,90,6.0,7.0,0.7,MM,5.1,252,1017.2,8.8,9.2,5.7,MM,MM,MM
2026,03,02,07,00,90,6.0,7.0,MM,MM,MM,MM,1017.1,8.9,9.2,5.9,MM,+0.0,MM
2026,03,02,06,50,90,7.0,8.0,0.8,9,5.9,241,1017.0,8.9,9.2,5.6,MM,MM,MM
2026,03,02,06,40,90,7.0,8.0,MM,MM,MM,MM,1017.0,8.9,9.2,5.7,MM,MM,MM
2026,03,02,06,30,80,6.0,7.0,MM,MM,MM,MM,1017.1,8.8,9.2,5.9,MM,MM,MM
2026,03,02,06,20,80,6.0,7.0,0.7,9,5.9,239,1017.2,8.8,9.2,6.2,MM,MM,MM
2026,03,02,06,10,80,7.0,8.0,MM,MM,MM,MM,1017.2,8.6,9.2,6.2,MM,MM,MM
2026,03,02,06,00,80,6.0,8.0,MM,MM,MM,MM,1017.2,8.6,9.3,6.3,MM,+0.0,MM
2026,03,02,05,50,70,6.0,7.0,0.8,9,6.9,237,1017.2,8.7,9.3,6.5,MM,MM,MM
2026,03,02,05,40,70,6.0,7.0,MM,MM,MM,MM,1017.2,8.6,9.3,6.5,MM,MM,MM
2026,03,02,05,30,70,6.0,7.0,MM,MM,MM,MM,1017.2,8.8,9.3,6.4,MM,MM,MM
2026,03,02,05,20,60,5.0,6.0,0.8,9,6.4,246,1017.2,9.0,9.2,6.4,MM,MM,MM
2026,03,02,05,10,60,5.0,6.0,0.8,MM,6.4,246,1017.2,9.0,9.2,6.1,MM,MM,MM
2026,03,02,05,00,70,6.0,6.0,MM,MM,MM,MM,1017.3,8.9,9.2,6.1,MM,+0.3,MM
2026,03,02,04,50,70,6.0,7.0,0.8,9,5.8,238,1017.2,8.9,9.2,6.2,MM,MM,MM
2026,03,02,04,40,70,6.0,7.0,MM,MM,MM,MM,1017.2,8.9,9.2,6.2,MM,MM,MM
2026,03,02,04,30,70,6.0,7.0,MM,MM,MM,MM,1017.2,9.0,9.2,6.3,MM,MM,MM
2026,03,02,04,20,70,6.0,7.0,0.7,9,5.5,257,1017.2,9.0,9.2,6.3,MM,MM,MM
2026,03,02,04,10,70,5.0,6.0,MM,MM,MM,MM,1017.3,9.0,9.2,6.3,MM,MM,MM
2026,03,02,04,00,70,5.0,6.0,MM,MM,MM,MM,1017.2,9.1,9.2,6.1,MM,+0.0,MM
2026,03,02,03,50,70,5.0,6.0,0.9,10,6.1,259,1017.2,9.1,9.2,6.1,MM,MM,MM
2026,03,02,03,40,70,5.0,6.0,MM,MM,MM,MM,1017.2,9.1,9.1,6.4,MM,MM,MM
2026,03,02,03,30,60,5.0,6.0,MM,MM,MM,MM,1017.3,9.1,9.1,6.3,MM,MM,MM
2026,03,02,03,20,60,5.0,6.0,0.8,10,5.6,244,1017.3,9.1,9.1,6.2,MM,MM,MM
2026,03,02,03,10,70,5.0,6.0,0.8,MM,5.6,244,1017.3,9.2,9.1,6.4,MM,MM,MM
2026,03,02,03,00,70,6.0,7.0,MM,MM,MM,MM,1017.2,9.2,9.1,6.2,MM,+0.0,MM
2026,03,02,02,50,70,6.0,7.0,0.8,10,5.5,259,1017.1,9.2,9.1,6.0,MM,MM,MM
2026,03,02,02,40,70,6.0,6.0,MM,MM,MM,MM,1017.0,9.1,9.1,6.1,MM,MM,MM
2026,03,02,02,30,70,5.0,6.0,MM,MM,MM,MM,1017.0,9.2,9.1,6.3,MM,MM,MM
2026,03,02,02,20,70,5.0,6.0,0.8,10,5.3,259,1016.9,9.1,9.1,6.2,MM,MM,MM
2026,03,02,02,10,70,5.0,6.0,0.8,MM,5.3,259,1016.9,9.1,9.1,6.2,MM,MM,MM
2026,03,02,02,00,70,5.0,6.0,MM,MM,MM,MM,1016.9,9.1,9.0,6.0,MM,-0.4,MM
2026,03,02,01,50,70,5.0,6.0,0.8,10,5.5,256,1016.9,9.1,9.0,5.7,MM,MM,MM
2026,03,02,01,40,70,5.0,6.0,MM,MM,MM,MM,1016.9,9.2,9.1,5.7,MM,MM,MM
2026,03,02,01,30,70,5.0,6.0,MM,MM,MM,MM,1017.0,9.1,9.0,5.4,MM,MM,MM
2026,03,02,01,20,70,5.0,6.0,0.8,10,4.9,266,1017.0,9.1,9.0,5.9,MM,MM,MM
2026,03,02,01,10,70,5.0,5.0,0.8,MM,4.9,266,1017.1,9.1,9.0,5.9,MM,MM,MM
2026,03,02,01,00,70,5.0,6.0,MM,MM,MM,MM,1017.1,9.0,9.0,5.8,MM,+0.0,MM
2026,03,02,00,50,70,4.0,5.0,0.9,10,5.1,258,1017.2,9.1,9.1,6.0,MM,MM,MM
2026,03,02,00,40,70,4.0,5.0,MM,MM,MM,MM,1017.2,9.0,9.2,5.8,MM,MM,MM
2026,03,02,00,30,70,4.0,5.0,MM,MM,MM,MM,1017.2,9.0,9.3,5.9,MM,MM,MM
2026,03,02,00,20,70,5.0,6.0,0.9,10,5.1,254,1017.2,9.0,9.3,5.9,MM,MM,MM
2026,03,02,00,10,70,5.0,6.0,0.9,MM,5.1,254,1017.1,9.0,9.3,5.8,MM,MM,MM
2026,03,02,00,00,70,5.0,6.0,MM,MM,MM,MM,1017.1,9.1,9.4,5.7,MM,-0.6,MM
2026,03,01,23,50,80,5.0,6.0,1.0,10,5.0,259,1017.1,9.0,9.4,5.4,MM,MM,MM
2026,03,01,23,40,80,6.0,7.0,1.0,MM,5.0,259,1017.1,8.9,9.4,5.6,MM,MM,MM
2026,03,01,23,20,80,6.0,7.0,1.0,11,4.8,247,1017.2,8.8,9.4,5.5,MM,MM,MM
2026,03,01,23,10,80,5.0,7.0,1.0,MM,4.8,247,1017.3,8.8,9.4,5.6,MM,MM,MM
2026,03,01,23,00,80,5.0,7.0,MM,MM,MM,MM,1017.4,8.8,9.4,5.5,MM,-0.5,MM
2026,03,01,22,50,90,6.0,7.0,1.1,11,5.1,254,1017.4,8.7,9.4,5.4,MM,MM,MM
2026,03,01,22,40,90,6.0,7.0,MM,MM,MM,MM,1017.4,8.7,9.5,5.5,MM,MM,MM
2026,03,01,22,30,90,6.0,7.0,MM,MM,MM,MM,1017.4,8.6,9.5,5.1,MM,MM,MM
2026,03,01,22,20,100,6.0,8.0,1.0,10,4.6,258,1017.4,8.6,9.5,5.2,MM,MM,MM
2026,03,01,22,10,100,7.0,8.0,1.0,MM,4.6,258,1017.4,8.6,9.5,5.3,MM,MM,MM
2026,03,01,22,00,100,7.0,9.0,MM,MM,MM,MM,1017.4,8.5,9.5,5.3,MM,-0.5,MM
2026,03,01,21,50,100,7.0,8.0,1.1,10,4.9,268,1017.5,8.5,9.5,5.2,MM,MM,MM
2026,03,01,21,40,100,7.0,9.0,1.1,MM,4.9,268,1017.4,8.4,9.4,5.2,MM,MM,MM
2026,03,01,21,30,110,8.0,9.0,MM,MM,MM,MM,1017.5,8.4,9.4,5.2,MM,MM,MM
2026,03,01,21,20,100,8.0,9.0,1.1,10,4.6,260,1017.6,8.2,9.4,5.1,MM,MM,MM
2026,03,01,21,10,110,7.0,9.0,MM,MM,MM,MM,1017.7,8.3,9.4,5.3,MM,MM,MM
2026,03,01,21,00,110,7.0,9.0,MM,MM,MM,MM,1017.8,8.4,9.4,5.2,MM,-0.3,MM
2026,03,01,20,50,110,7.0,9.0,1.2,10,4.7,277,1017.8,8.4,9.4,5.1,MM,MM,MM
2026,03,01,20,40,110,7.0,8.0,1.2,MM,4.7,277,1018.0,8.5,9.4,5.2,MM,MM,MM
2026,03,01,20,30,110,7.0,9.0,MM,MM,MM,MM,1018.1,8.5,9.4,5.0,MM,MM,MM
2026,03,01,20,20,120,8.0,10.0,1.2,4,4.4,118,1018.1,8.4,9.5,4.7,MM,MM,MM
2026,03,01,20,10,120,8.0,10.0,1.2,MM,4.4,118,1018.1,8.4,9.4,4.9,MM,MM,MM
2026,03,01,20,00,120,9.0,11.0,MM,MM,MM,MM,1018.0,8.3,9.4,4.7,MM,+0.0,MM
2026,03,01,19,50,120,9.0,11.0,1.3,10,4.6,280,1018.0,8.4,9.4,4.7,MM,MM,MM
2026,03,01,19,40,110,9.0,11.0,MM,MM,MM,MM,1018.0,8.3,9.4,4.3,MM,MM,MM
2026,03,01,19,30,110,9.0,11.0,MM,MM,MM,MM,1018.0,8.2,9.4,4.4,MM,MM,MM
2026,03,01,19,20,110,10.0,12.0,1.3,10,4.5,263,1018.1,8.1,9.4,4.4,MM,MM,MM
2026,03,01,19,10,110,10.0,12.0,1.3,MM,4.5,263,1018.0,8.0,9.4,4.5,MM,MM,MM
2026,03,01,19,00,110,10.0,12.0,MM,MM,MM,MM,1018.0,8.1,9.4,4.8,MM,+0.0,MM
2026,03,01,18,50,110,10.0,12.0,1.3,10,4.7,263,1018.0,8.0,9.4,4.8,MM,MM,MM
2026,03,01,18,40,110,10.0,12.0,1.3,MM,4.7,263,1018.1,7.9,9.4,4.6,MM,MM,MM
2026,03,01,18,30,110,10.0,12.0,MM,MM,MM,MM,1018.0,8.0,9.4,4.8,MM,MM,MM
2026,03,01,18,20,110,10.0,13.0,1.3,10,4.7,255,1018.1,7.9,9.4,4.6,MM,MM,MM
2026,03,01,18,10,110,10.0,12.0,MM,MM,MM,MM,1018.1,7.9,9.4,4.7,MM,MM,MM
2026,03,01,18,00,110,11.0,13.0,MM,MM,MM,MM,1018.1,7.8,9.4,4.6,MM,+0.0,MM
2026,03,01,17,50,110,11.0,13.0,1.3,10,4.5,287,1018.0,7.8,9.4,4.7,MM,MM,MM
2026,03,01,17,40,110,11.0,13.0,1.3,MM,4.5,287,1018.0,7.8,9.4,4.7,MM,MM,MM
2026,03,01,17,30,110,11.0,13.0,MM,MM,MM,MM,1018.1,7.9,9.4,4.6,MM,MM,MM
2026,03,01,17,20,110,11.0,13.0,1.3,11,4.6,291,1018.1,7.8,9.4,4.5,MM,MM,MM
2026,03,01,17,10,110,10.0,12.0,MM,MM,MM,MM,1018.0,7.8,9.4,4.5,MM,MM,MM
2026,03,01,17,00,90,9.0,11.0,MM,MM,MM,MM,1018.0,7.0,9.4,3.4,MM,+0.0,MM
2026,03,01,16,50,90,9.0,11.0,1.3,10,4.4,270,1018.0,7.3,9.4,3.8,MM,MM,MM
2026,03,01,16,40,110,10.0,12.0,MM,MM,MM,MM,1017.9,7.7,9.4,4.6,MM,MM,MM
2026,03,01,16,30,90,9.0,11.0,MM,MM,MM,MM,1018.0,6.9,9.3,3.5,MM,MM,MM
2026,03,01,16,20,90,9.0,12.0,1.3,10,4.5,255,1018.0,7.1,9.4,3.7,MM,MM,MM
2026,03,01,16,10,90,9.0,11.0,MM,MM,MM,MM,1018.0,6.9,9.4,3.8,MM,MM,MM
2026,03,01,16,00,90,8.0,10.0,MM,MM,MM,MM,1017.9,6.9,9.4,3.6,MM,-0.4,MM
2026,03,01,15,50,90,9.0,11.0,1.2,11,4.3,276,1017.9,6.6,9.4,3.3,MM,MM,MM
2026,03,01,15,40,90,9.0,11.0,1.2,MM,4.3,276,1018.0,7.0,9.3,3.6,MM,MM,MM
2026,03,01,15,30,90,9.0,11.0,MM,MM,MM,MM,1018.0,7.3,9.4,3.8,MM,MM,MM
2026,03,01,15,20,100,10.0,12.0,1.2,11,4.4,268,1018.0,7.4,9.4,4.0,MM,MM,MM
2026,03,01,15,10,90,8.0,10.0,1.2,MM,4.4,268,1018.0,6.6,9.4,3.6,MM,MM,MM
2026,03,01,15,00,90,8.0,10.0,MM,MM,MM,MM,1018.0,6.6,9.4,3.8,MM,+0.0,MM
2026,03,01,14,50,90,8.0,11.0,1.1,11,4.4,280,1018.0,7.0,9.4,4.0,MM,MM,MM
2026,03,01,14,40,90,8.0,10.0,MM,MM,MM,MM,1018.0,6.5,9.4,3.8,MM,MM,MM
2026,03,01,14,30,80,8.0,10.0,MM,MM,MM,MM,1018.0,6.5,9.3,3.3,MM,MM,MM
2026,03,01,14,20,80,9.0,10.0,1.1,11,4.6,281,1018.0,6.5,9.2,2.9,MM,MM,MM
2026,03,01,14,10,80,8.0,10.0,1.1,MM,4.6,281,1018.1,6.5,9.2,3.1,MM,MM,MM
2026,03,01,14,00,80,9.0,11.0,MM,MM,MM,MM,1018.1,6.5,MM,3.1,MM,-0.5,MM
2026,03,01,13,50,80,9.0,11.0,1.1,11,4.8,288,1018.1,6.5,9.3,3.1,MM,MM,MM
2026,03,01,13,40,80,9.0,10.0,MM,MM,MM,MM,1018.1,6.5,9.3,3.1,MM,MM,MM
2026,03,01,13,30,80,9.0,11.0,MM,MM,MM,MM,1018.1,6.5,9.3,3.2,MM,MM,MM
2026,03,01,13,20,80,9.0,11.0,1.1,11,4.9,260,1018.1,6.5,9.3,3.4,MM,MM,MM
2026,03,01,13,10,80,9.0,10.0,1.1,MM,4.9,260,1018.1,6.6,9.3,3.5,MM,MM,MM
2026,03,01,13,00,80,9.0,11.0,MM,MM,MM,MM,1018.1,6.7,9.3,3.4,MM,+0.0,MM
2026,03,01,12,50,70,9.0,12.0,1.0,11,4.7,285,1018.1,6.8,9.4,3.5,MM,MM,MM
2026,03,01,12,40,70,9.0,11.0,1.0,MM,4.7,285,1018.1,6.8,9.4,3.3,MM,MM,MM
2026,03,01,12,30,70,9.0,11.0,MM,MM,MM,MM,1018.2,6.8,9.4,3.2,MM,MM,MM
2026,03,01,12,20,70,9.0,11.0,1.1,11,5.2,271,1018.2,6.9,9.4,3.3,MM,MM,MM
2026,03,01,12,10,70,9.0,10.0,MM,MM,MM,MM,1018.2,7.1,9.3,3.4,MM,MM,MM
2026,03,01,12,00,70,9.0,11.0,MM,MM,MM,MM,1018.3,7.1,9.3,3.5,MM,-0.4,MM
2026,03,01,11,50,70,9.0,11.0,1.1,11,5.3,229,1018.3,7.2,9.3,3.6,MM,MM,MM
2026,03,01,11,40,70,9.0,10.0,MM,MM,MM,MM,1018.4,7.2,9.3,3.6,MM,MM,MM
2026,03,01,11,30,70,9.0,10.0,MM,MM,MM,MM,1018.5,7.1,9.3,3.4,MM,MM,MM
2026,03,01,11,20,70,9.0,10.0,1.1,11,5.5,292,1018.6,7.1,9.2,3.4,MM,MM,MM
2026,03,01,11,10,70,8.0,10.0,1.1,MM,5.5,292,1018.7,7.0,9.2,3.5,MM,MM,MM
2026,03,01,11,00,70,8.0,10.0,MM,MM,MM,MM,1018.6,7.2,9.3,3.7,MM,+0.0,MM
2026,03,01,10,50,70,9.0,10.0,1.1,10,5.3,295,1018.6,7.2,9.5,3.7,MM,MM,MM
2026,03,01,10,40,70,9.0,10.0,MM,MM,MM,MM,1018.7,7.0,9.4,3.6,MM,MM,MM
2026,03,01,10,30,70,9.0,11.0,MM,MM,MM,MM,1018.7,7.0,9.4,3.7,MM,MM,MM
2026,03,01,10,20,70,8.0,10.0,1.2,11,5.4,268,1018.7,7.1,9.4,3.8,MM,MM,MM
2026,03,01,10,10,70,9.0,11.0,1.2,MM,5.4,268,1018.7,7.0,9.4,4.0,MM,MM,MM
2026,03,01,10,00,70,9.0,10.0,MM,MM,MM,MM,1018.7,7.1,9.4,4.0,MM,-1.0,MM
2026,03,01,09,50,70,9.0,10.0,1.1,11,5.9,285,1018.7,7.1,9.4,4.1,MM,MM,MM
2026,03,01,09,40,70,8.0,10.0,1.1,MM,5.9,285,1018.7,7.2,9.4,4.2,MM,MM,MM
2026,03,01,09,30,70,9.0,10.0,MM,MM,MM,MM,1018.6,7.1,9.4,4.1,MM,MM,MM
2026,03,01,09,20,70,9.0,10.0,1.1,11,6.0,287,1018.7,7.0,9.4,4.1,MM,MM,MM
2026,03,01,09,10,70,9.0,10.0,1.1,MM,6.0,287,1018.8,6.9,9.4,4.3,MM,MM,MM
2026,03,01,09,00,70,8.0,10.0,MM,MM,MM,MM,1018.8,7.2,9.4,4.6,MM,-1.4,MM
2026,03,01,08,50,70,8.0,10.0,1.0,11,6.1,276,1018.8,7.1,9.4,4.3,MM,MM,MM
2026,03,01,08,40,70,9.0,10.0,MM,MM,MM,MM,1018.7,7.3,9.4,4.5,MM,MM,MM
2026,03,01,08,30,70,8.0,10.0,MM,MM,MM,MM,1018.8,7.5,9.4,4.4,MM,MM,MM
2026,03,01,08,20,70,8.0,10.0,1.2,11,6.8,290,1018.8,7.5,9.4,4.6,MM,MM,MM
2026,03,01,08,10,70,8.0,10.0,MM,MM,MM,MM,1018.9,7.4,MM,4.9,MM,MM,MM
2026,03,01,08,00,70,8.0,10.0,MM,MM,MM,MM,1018.9,7.2,9.4,4.7,MM,-1.1,MM
2026,03,01,07,50,70,8.0,10.0,1.1,11,6.8,282,1019.0,7.2,9.4,5.0,MM,MM,MM
2026,03,01,07,40,70,8.0,9.0,1.1,MM,6.8,282,1019.0,6.8,9.4,5.2,MM,MM,MM
2026,03,01,07,30,70,7.0,9.0,MM,MM,MM,MM,1019.2,6.8,9.4,5.3,MM,MM,MM
2026,03,01,07,20,70,7.0,8.0,1.2,11,7.2,260,1019.2,6.9,9.4,5.0,MM,MM,MM
2026,03,01,07,10,70,6.0,8.0,1.2,MM,7.2,260,1019.4,7.1,9.4,5.1,MM,MM,MM
2026,03,01,07,00,60,6.0,7.0,MM,MM,MM,MM,1019.5,7.2,9.4,5.0,MM,+0.0,MM
2026,03,01,06,50,60,5.0,6.0,1.1,11,6.7,292,1019.6,7.4,9.4,5.3,MM,MM,MM
2026,03,01,06,40,60,5.0,6.0,MM,MM,MM,MM,1019.7,7.3,9.4,5.3,MM,MM,MM
2026,03,01,06,30,50,5.0,6.0,MM,MM,MM,MM,1019.8,7.3,9.4,5.5,MM,MM,MM
2026,03,01,06,20,50,5.0,6.0,1.1,11,6.7,285,1019.9,7.4,9.5,5.5,MM,MM,MM
2026,03,01,06,10,60,5.0,6.0,1.1,MM,6.7,285,1019.9,7.5,9.4,5.4,MM,MM,MM
2026,03,01,06,00,50,4.0,5.0,MM,MM,MM,MM,1020.0,7.5,9.5,5.8,MM,+0.3,MM
2026,03,01,05,50,50,4.0,5.0,1.3,11,6.6,270,1019.9,7.5,9.5,5.7,MM,MM,MM
2026,03,01,05,40,60,4.0,5.0,MM,MM,MM,MM,1019.9,7.7,9.5,5.6,MM,MM,MM
2026,03,01,05,30,60,4.0,5.0,MM,MM,MM,MM,1019.9,8.0,9.5,5.8,MM,MM,MM
2026,03,01,05,20,50,3.0,4.0,1.3,11,6.7,281,1019.8,8.1,9.5,5.8,MM,MM,MM
2026,03,01,05,10,60,3.0,4.0,MM,MM,MM,MM,1019.8,8.1,9.5,5.8,MM,MM,MM
2026,03,01,05,00,60,3.0,4.0,MM,MM,MM,MM,1019.8,8.1,9.5,5.9,MM,+0.6,MM
2026,03,01,04,50,60,3.0,4.0,1.4,11,6.2,275,1019.8,8.1,9.5,5.9,MM,MM,MM
2026,03,01,04,40,60,3.0,4.0,MM,MM,MM,MM,1019.8,8.1,9.5,6.0,MM,MM,MM
2026,03,01,04,30,60,4.0,5.0,MM,MM,MM,MM,1019.8,8.4,9.5,6.1,MM,MM,MM
2026,03,01,04,20,60,4.0,5.0,1.4,12,5.9,270,1019.8,8.6,9.5,5.9,MM,MM,MM
2026,03,01,04,10,80,5.0,6.0,MM,MM,MM,MM,1019.8,8.8,9.5,5.5,MM,MM,MM
2026,03,01,04,00,90,5.0,7.0,MM,MM,MM,MM,1019.8,8.7,9.5,5.3,MM,+0.7,MM
2026,03,01,03,50,90,5.0,7.0,1.4,11,6.0,289,1019.7,8.7,9.5,5.2,MM,MM,MM
2026,03,01,03,40,90,5.0,6.0,MM,MM,MM,MM,1019.7,8.6,9.5,5.4,MM,MM,MM
2026,03,01,03,30,90,5.0,6.0,MM,MM,MM,MM,1019.8,8.6,9.4,5.4,MM,MM,MM
2026,03,01,03,20,90,5.0,7.0,1.4,11,5.6,270,1019.8,8.5,9.4,5.5,MM,MM,MM
2026,03,01,03,10,90,5.0,6.0,1.4,MM,5.6,270,1019.8,8.6,9.5,5.7,MM,MM,MM
2026,03,01,03,00,90,5.0,6.0,MM,MM,MM,MM,1019.7,8.6,9.5,5.6,MM,-0.0,MM
2026,03,01,02,50,90,5.0,6.0,1.3,12,5.7,282,1019.6,8.5,9.5,5.4,MM,MM,MM
2026,03,01,02,40,80,5.0,7.0,MM,MM,MM,MM,1019.5,8.5,9.5,5.5,MM,MM,MM
2026,03,01,02,30,80,5.0,7.0,MM,MM,MM,MM,1019.4,8.6,9.5,5.6,MM,MM,MM
2026,03,01,02,20,80,6.0,7.0,1.4,12,5.8,271,1019.4,8.6,9.5,5.5,MM,MM,MM
2026,03,01,02,10,80,6.0,7.0,1.4,MM,5.8,271,1019.3,8.5,9.5,5.2,MM,MM,MM
2026,03,01,02,00,90,6.0,7.0,MM,MM,MM,MM,1019.2,8.5,9.5,5.2,MM,-0.5,MM
2026,03,01,01,50,90,6.0,7.0,1.5,12,5.8,280,1019.1,8.5,9.5,5.1,MM,MM,MM
2026,03,01,01,40,90,6.0,7.0,MM,MM,MM,MM,1019.1,8.6,9.5,5.1,MM,MM,MM
2026,03,01,01,30,90,6.0,7.0,MM,MM,MM,MM,1019.1,8.5,9.4,5.0,MM,MM,MM
2026,03,01,01,20,90,6.0,8.0,1.4,12,5.5,300,1018.9,8.5,9.4,5.0,MM,MM,MM
2026,03,01,01,10,90,6.0,7.0,1.4,MM,5.5,300,1019.0,8.5,9.5,5.0,MM,MM,MM
2026,03,01,01,00,90,6.0,7.0,MM,MM,MM,MM,1019.0,8.5,9.5,5.0,MM,-1.4,MM
2026,03,01,00,50,90,6.0,8.0,1.3,12,5.0,269,1018.9,8.5,9.5,5.1,MM,MM,MM
2026,03,01,00,40,80,6.0,7.0,1.3,MM,5.0,269,1019.0,8.5,9.4,5.1,MM,MM,MM
2026,03,01,00,30,90,6.0,7.0,MM,MM,MM,MM,1019.1,8.4,9.4,5.0,MM,MM,MM
2026,03,01,00,20,80,6.0,7.0,1.4,12,5.4,292,1019.2,8.3,9.4,4.9,MM,MM,MM
2026,03,01,00,10,90,6.0,7.0,1.4,MM,5.4,292,1019.3,8.4,9.5,5.2,MM,MM,MM
2026,03,01,00,00,100,6.0,7.0,MM,MM,MM,MM,1019.4,8.3,9.5,4.9,MM,-1.4,MM
2026,02,28,23,50,100,6.0,7.0,1.4,12,5.2,296,1019.4,8.4,9.5,5.0,MM,MM,MM
2026,02,28,23,40,100,6.0,7.0,1.4,MM,5.2,296,1019.5,8.3,9.4,4.7,MM,MM,MM
2026,02,28,23,00,110,7.0,8.0,1.4,MM,5.3,287,1019.5,8.2,9.5,4.1,MM,-1.5,MM
2026,02,28,22,50,110,7.0,9.0,1.5,13,5.2,283,1019.6,8.2,9.5,4.5,MM,MM,MM
2026,02,28,22,40,110,7.0,9.0,MM,MM,MM,MM,1019.7,8.2,9.5,4.7,MM,MM,MM
2026,02,28,22,30,110,8.0,9.0,MM,MM,MM,MM,1019.7,8.2,9.5,4.3,MM,MM,MM
2026,02,28,22,20,120,7.0,9.0,1.5,12,5.4,297,1019.9,8.2,9.5,4.1,MM,MM,MM
2026,02,28,22,10,110,7.0,9.0,MM,MM,MM,MM,1020.1,8.1,9.5,3.9,MM,MM,MM
2026,02,28,22,00,110,8.0,10.0,MM,MM,MM,MM,1020.2,8.1,9.5,4.0,MM,-0.8,MM
2026,02,28,21,50,110,8.0,10.0,1.5,11,5.3,281,1020.2,8.2,9.5,4.0,MM,MM,MM
2026,02,28,21,40,110,8.0,10.0,MM,MM,MM,MM,1020.5,8.2,9.5,4.1,MM,MM,MM
2026,02,28,21,30,110,8.0,9.0,MM,MM,MM,MM,1020.5,8.2,9.4,4.2,MM,MM,MM
2026,02,28,21,20,120,7.0,9.0,1.5,12,5.4,289,1020.6,8.2,9.4,4.7,MM,MM,MM
2026,02,28,21,10,110,7.0,9.0,MM,MM,MM,MM,1020.7,8.1,9.4,4.8,MM,MM,MM
2026,02,28,21,00,120,8.0,9.0,MM,MM,MM,MM,1020.7,8.1,9.4,5.0,MM,-0.7,MM
2026,02,28,20,50,110,8.0,10.0,1.6,12,5.7,302,1020.6,8.2,9.4,5.0,MM,MM,MM
2026,02,28,20,40,110,9.0,11.0,MM,MM,MM,MM,1020.5,8.2,9.4,4.9,MM,MM,MM
2026,02,28,20,30,110,8.0,10.0,MM,MM,MM,MM,1020.6,8.2,9.4,4.9,MM,MM,MM
2026,02,28,20,20,110,8.0,10.0,1.4,12,5.4,296,1020.8,8.1,9.4,4.5,MM,MM,MM
2026,02,28,20,10,110,8.0,9.0,1.4,MM,5.4,296,1021.0,8.1,9.4,4.7,MM,MM,MM
2026,02,28,20,00,110,7.0,9.0,MM,MM,MM,MM,1021.1,8.0,9.4,4.4,MM,-1.1,MM
2026,02,28,19,50,110,7.0,9.0,1.5,13,5.8,298,1021.3,8.1,9.4,4.4,MM,MM,MM
2026,02,28,19,40,100,7.0,9.0,1.5,MM,5.8,298,1021.3,7.9,9.4,4.1,MM,MM,MM
2026,02,28,19,30,80,6.0,8.0,MM,MM,MM,MM,1021.3,7.6,9.4,4.4,MM,MM,MM
2026,02,28,19,20,80,7.0,8.0,1.3,12,6.4,294,1021.3,7.6,MM,4.3,MM,MM,MM
2026,02,28,19,10,80,7.0,8.0,MM,MM,MM,MM,1021.3,7.7,9.4,4.4,MM,MM,MM
2026,02,28,19,00,90,7.0,9.0,MM,MM,MM,MM,1021.2,7.6,9.4,4.1,MM,-0.9,MM
2026,02,28,18,50,90,7.0,9.0,1.5,13,6.8,286,1021.4,7.5,9.4,4.2,MM,MM,MM
2026,02,28,18,40,90,7.0,8.0,MM,MM,MM,MM,1021.5,7.4,9.4,4.0,MM,MM,MM
2026,02,28,18,30,80,7.0,8.0,MM,MM,MM,MM,1021.6,7.4,9.4,3.9,MM,MM,MM
2026,02,28,18,20,80,7.0,8.0,1.6,12,6.9,290,1021.8,7.3,9.4,3.7,MM,MM,MM
2026,02,28,18,10,70,7.0,9.0,MM,MM,MM,MM,1021.8,7.1,9.4,3.4,MM,MM,MM
2026,02,28,18,00,70,7.0,8.0,MM,MM,MM,MM,1021.8,7.3,9.4,3.7,MM,-0.8,MM
2026,02,28,17,50,70,7.0,8.0,1.6,12,7.0,286,1021.8,7.1,9.3,3.6,MM,MM,MM
2026,02,28,17,40,70,7.0,8.0,1.6,MM,7.0,286,1021.9,6.9,9.3,3.4,MM,MM,MM
2026,02,28,17,30,60,6.0,8.0,MM,MM,MM,MM,1022.1,6.7,9.3,3.4,MM,MM,MM
2026,02,28,17,20,60,6.0,7.0,1.5,11,7.3,290,1022.1,6.4,9.3,3.2,MM,MM,MM
2026,02,28,17,10,60,5.0,7.0,1.5,MM,7.3,290,1022.1,6.3,9.3,3.0,MM,MM,MM
2026,02,28,17,00,50,5.0,6.0,MM,MM,MM,MM,1022.2,6.1,9.3,2.9,MM,+0.0,MM
2026,02,28,16,50,50,5.0,6.0,1.6,11,7.5,291,1022.3,6.0,9.3,2.9,MM,MM,MM
2026,02,28,16,40,40,5.0,6.0,MM,MM,MM,MM,1022.3,5.9,9.3,2.9,MM,MM,MM
2026,02,28,16,30,50,5.0,6.0,MM,MM,MM,MM,1022.2,5.9,9.3,3.0,MM,MM,MM
2026,02,28,16,20,50,5.0,5.0,1.4,12,7.3,286,1022.1,5.7,9.3,3.0,MM,MM,MM
2026,02,28,16,10,50,5.0,6.0,1.4,MM,7.3,286,1022.1,5.7,9.3,3.1,MM,MM,MM
2026,02,28,16,00,50,5.0,6.0,MM,MM,MM,MM,1022.0,5.6,9.3,3.1,MM,-0.6,MM
2026,02,28,15,50,50,5.0,6.0,1.5,12,7.4,272,1022.0,5.5,9.3,2.9,MM,MM,MM
2026,02,28,15,40,50,5.0,6.0,1.5,MM,7.4,272,1022.0,5.5,9.3,3.0,MM,MM,MM
2026,02,28,15,30,50,5.0,7.0,MM,MM,MM,MM,1022.1,5.6,9.3,3.2,MM,MM,MM
2026,02,28,15,20,50,5.0,6.0,1.4,13,6.9,276,1022.3,5.6,9.3,3.2,MM,MM,MM
2026,02,28,15,10,60,5.0,6.0,1.4,MM,6.9,276,1022.3,5.6,9.4,3.2,MM,MM,MM
2026,02,28,15,00,60,5.0,6.0,MM,MM,MM,MM,1022.4,5.6,9.3,3.2,MM,-0.7,MM
2026,02,28,14,50,60,5.0,6.0,1.6,10,7.6,293,1022.4,5.5,9.3,3.1,MM,MM,MM
2026,02,28,14,40,60,5.0,6.0,1.6,MM,7.6,293,1022.5,5.7,9.3,3.5,MM,MM,MM
2026,02,28,14,30,60,4.0,5.0,MM,MM,MM,MM,1022.5,5.7,MM,3.2,MM,MM,MM
2026,02,28,14,20,50,3.0,5.0,1.5,11,7.4,304,1022.5,5.7,9.3,3.0,MM,MM,MM
2026,02,28,14,10,60,3.0,4.0,MM,MM,MM,MM,1022.6,5.8,9.3,3.2,MM,MM,MM
2026,02,28,14,00,60,2.0,4.0,MM,MM,MM,MM,1022.5,5.7,9.3,3.0,MM,-1.0,MM
2026,02,28,13,50,50,2.0,3.0,1.5,13,7.4,290,1022.6,5.6,9.3,2.9,MM,MM,MM
2026,02,28,13,40,50,2.0,3.0,MM,MM,MM,MM,1022.6,5.6,9.3,2.9,MM,MM,MM
2026,02,28,13,30,70,3.0,4.0,MM,MM,MM,MM,1022.5,5.6,9.3,2.9,MM,MM,MM
2026,02,28,13,20,60,3.0,4.0,1.7,11,7.9,288,1022.5,5.7,9.3,3.1,MM,MM,MM
2026,02,28,13,10,60,4.0,5.0,1.7,MM,7.9,288,1022.6,5.8,9.3,3.2,MM,MM,MM
2026,02,28,13,00,60,4.0,5.0,MM,MM,MM,MM,1022.7,6.0,9.3,3.7,MM,-1.6,MM
2026,02,28,12,50,60,4.0,5.0,1.5,13,7.5,293,1022.7,5.9,9.3,3.7,MM,MM,MM
2026,02,28,12,40,70,4.0,6.0,1.5,MM,7.5,293,1022.9,6.1,9.3,4.1,MM,MM,MM
2026,02,28,12,30,70,4.0,5.0,MM,MM,MM,MM,1023.0,6.1,9.3,4.2,MM,MM,MM
2026,02,28,12,20,60,4.0,5.0,1.4,13,7.4,316,1023.0,6.1,9.3,4.2,MM,MM,MM
2026,02,28,12,10,60,4.0,5.0,1.4,MM,7.4,316,1023.0,6.2,9.3,4.3,MM,MM,MM
2026,02,28,12,00,70,4.0,5.0,MM,MM,MM,MM,1023.1,6.3,9.3,4.2,MM,-1.7,MM
2026,02,28,11,50,70,4.0,4.0,1.7,13,7.9,290,1023.2,6.4,9.3,4.3,MM,MM,MM
2026,02,28,11,40,80,4.0,5.0,MM,MM,MM,MM,1023.1,6.3,9.3,4.3,MM,MM,MM
2026,02,28,11,30,70,3.0,5.0,MM,MM,MM,MM,1023.3,6.6,9.3,4.6,MM,MM,MM
2026,02,28,11,20,60,3.0,4.0,1.8,13,8.2,270,1023.2,6.7,9.3,4.5,MM,MM,MM
2026,02,28,11,10,50,3.0,4.0,1.8,MM,8.2,270,1023.3,6.9,9.3,4.3,MM,MM,MM
2026,02,28,11,00,30,2.0,3.0,MM,MM,MM,MM,1023.4,7.1,9.3,4.2,MM,-1.6,MM
2026,02,28,10,50,360,2.0,4.0,1.5,14,7.5,311,1023.5,7.3,9.3,4.1,MM,MM,MM
2026,02,28,10,40,340,3.0,4.0,MM,MM,MM,MM,1023.6,7.3,9.3,3.9,MM,MM,MM
2026,02,28,10,30,330,3.0,4.0,MM,MM,MM,MM,1023.8,7.3,9.3,3.8,MM,MM,MM
2026,02,28,10,20,320,2.0,3.0,1.5,11,7.6,302,1024.0,7.3,9.3,3.8,MM,MM,MM
2026,02,28,10,10,320,2.0,3.0,MM,MM,MM,MM,1024.1,7.3,9.3,3.8,MM,MM,MM
2026,02,28,10,00,330,3.0,3.0,MM,MM,MM,MM,1024.3,7.4,9.3,3.9,MM,-0.7,MM
2026,02,28,09,50,340,2.0,3.0,1.6,11,7.7,304,1024.3,7.4,9.3,3.9,MM,MM,MM
2026,02,28,09,40,340,2.0,3.0,MM,MM,MM,MM,1024.4,7.5,9.3,4.0,MM,MM,MM
2026,02,28,09,30,320,3.0,4.0,MM,MM,MM,MM,1024.5,7.5,9.3,3.9,MM,MM,MM
2026,02,28,09,20,310,3.0,4.0,1.6,14,7.3,288,1024.6,7.5,9.3,3.9,MM,MM,MM
2026,02,28,09,10,320,2.0,3.0,MM,MM,MM,MM,1024.7,7.5,9.2,4.0,MM,MM,MM
2026,02,28,09,00,320,2.0,3.0,MM,MM,MM,MM,1024.7,7.6,9.3,4.2,MM,-0.3,MM
2026,02,28,08,50,320,3.0,4.0,1.6,14,7.3,293,1024.8,7.5,9.3,4.1,MM,MM,MM
2026,02,28,08,40,330,3.0,4.0,MM,MM,MM,MM,1024.9,7.5,9.3,4.1,MM,MM,MM
2026,02,28,08,30,330,4.0,5.0,MM,MM,MM,MM,1024.9,7.6,9.4,4.1,MM,MM,MM
2026,02,28,08,20,330,3.0,4.0,1.7,14,7.3,276,1025.0,7.6,9.4,4.0,MM,MM,MM
2026,02,28,08,10,340,3.0,4.0,1.7,MM,7.3,276,1025.0,7.6,9.4,4.1,MM,MM,MM
2026,02,28,08,00,340,4.0,5.0,MM,MM,MM,MM,1025.0,7.6,9.4,4.3,MM,+0.0,MM
2026,02,28,07,50,340,4.0,5.0,1.6,13,6.8,279,1025.0,7.9,9.4,4.7,MM,MM,MM
2026,02,28,07,40,300,4.0,6.0,1.6,MM,6.8,279,1025.0,8.1,9.4,4.6,MM,MM,MM
2026,02,28,07,30,290,5.0,6.0,MM,MM,MM,MM,1025.0,8.0,9.4,4.4,MM,MM,MM
2026,02,28,07,20,290,5.0,6.0,1.6,14,6.6,273,1025.0,8.0,9.5,4.5,MM,MM,MM
2026,02,28,07,10,290,5.0,6.0,MM,MM,MM,MM,1025.0,8.1,9.5,4.5,MM,MM,MM
2026,02,28,07,00,290,5.0,6.0,MM,MM,MM,MM,1025.0,8.0,9.5,4.5,MM,+0.0,MM
2026,02,28,06,50,290,4.0,6.0,1.8,11,7.0,288,1024.9,8.0,9.5,4.6,MM,MM,MM
2026,02,28,06,40,280,5.0,6.0,MM,MM,MM,MM,1025.0,8.0,9.5,4.5,MM,MM,MM
2026,02,28,06,30,280,4.0,5.0,MM,MM,MM,MM,1025.1,8.0,9.5,4.5,MM,MM,MM
2026,02,28,06,20,290,4.0,5.0,1.7,11,6.8,291,1025.2,8.0,9.5,4.4,MM,MM,MM
2026,02,28,06,10,280,5.0,6.0,MM,MM,MM,MM,1025.2,8.1,9.5,4.4,MM,MM,MM
2026,02,28,06,00,290,5.0,6.0,MM,MM,MM,MM,1025.2,8.1,9.5,4.3,MM,+0.0,MM
2026,02,28,05,50,290,5.0,6.0,1.8,12,7.1,289,1025.2,8.1,9.5,4.3,MM,MM,MM
2026,02,28,05,40,280,5.0,6.0,1.8,MM,7.1,289,1025.2,8.1,9.5,4.5,MM,MM,MM
2026,02,28,05,30,280,5.0,7.0,MM,MM,MM,MM,1025.2,8.2,9.5,4.6,MM,MM,MM
2026,02,28,05,20,280,4.0,6.0,1.9,14,7.4,283,1025.2,8.2,9.4,4.4,MM,MM,MM
2026,02,28,05,10,280,4.0,5.0,1.9,MM,7.4,283,1025.2,8.1,9.4,4.2,MM,MM,MM
2026,02,28,05,00,280,5.0,6.0,MM,MM,MM,MM,1025.2,8.1,9.4,4.2,MM,-0.3,MM
2026,02,28,04,50,280,4.0,5.0,1.9,14,7.7,282,1025.2,8.1,9.4,4.5,MM,MM,MM
2026,02,28,04,40,280,5.0,6.0,1.9,MM,7.7,282,1025.2,8.0,9.4,4.3,MM,MM,MM
2026,02,28,04,30,280,4.0,6.0,MM,MM,MM,MM,1025.2,8.0,9.4,4.3,MM,MM,MM
2026,02,28,04,20,280,5.0,6.0,2.1,13,7.7,280,1025.2,8.0,9.4,4.2,MM,MM,MM
2026,02,28,04,10,280,5.0,6.0,2.1,MM,7.7,280,1025.2,7.9,9.4,4.2,MM,MM,MM
2026,02,28,04,00,280,5.0,6.0,MM,MM,MM,MM,1025.2,8.0,9.4,4.4,MM,-0.6,MM
2026,02,28,03,50,280,5.0,6.0,2.2,14,8.0,276,1025.2,8.0,9.4,4.4,MM,MM,MM
2026,02,28,03,40,290,5.0,6.0,MM,MM,MM,MM,1025.2,7.9,9.4,4.4,MM,MM,MM
2026,02,28,03,30,280,5.0,6.0,MM,MM,MM,MM,1025.1,7.9,9.4,4.5,MM,MM,MM
2026,02,28,03,20,280,4.0,6.0,2.0,13,7.8,267,1025.2,7.9,9.4,4.8,MM,MM,MM
2026,02,28,03,10,280,5.0,6.0,2.0,MM,7.8,267,1025.3,7.8,9.4,4.8,MM,MM,MM
2026,02,28,03,00,290,4.0,6.0,MM,MM,MM,MM,1025.4,7.7,9.4,5.1,MM,-0.7,MM
2026,02,28,02,50,300,4.0,5.0,2.0,13,7.7,281,1025.4,7.6,9.4,5.2,MM,MM,MM
2026,02,28,02,40,300,4.0,6.0,MM,MM,MM,MM,1025.5,7.6,9.4,5.5,MM,MM,MM
2026,02,28,02,30,300,4.0,6.0,MM,MM,MM,MM,1025.5,7.5,9.4,5.7,MM,MM,MM
2026,02,28,02,20,310,5.0,7.0,1.9,14,7.4,268,1025.5,7.8,9.4,5.9,MM,MM,MM
2026,02,28,02,10,300,5.0,7.0,1.9,MM,7.4,268,1025.5,7.9,9.5,5.5,MM,MM,MM
2026,02,28,02,00,290,6.0,7.0,MM,MM,MM,MM,1025.4,7.9,9.5,5.4,MM,-0.8,MM
2026,02,28,01,50,290,6.0,7.0,2.0,14,7.8,278,1025.4,7.9,9.5,5.5,MM,MM,MM
2026,02,28,01,40,290,6.0,7.0,MM,MM,MM,MM,1025.4,7.9,9.5,5.5,MM,MM,MM
2026,02,28,01,30,290,5.0,6.0,MM,MM,MM,MM,1025.5,7.8,9.5,5.7,MM,MM,MM
2026,02,28,01,20,290,5.0,6.0,2.1,13,8.3,283,1025.4,7.8,9.5,5.8,MM,MM,MM
2026,02,28,01,10,300,5.0,7.0,2.1,MM,8.3,283,1025.7,7.7,9.5,5.8,MM,MM,MM
2026,02,28,01,00,300,6.0,8.0,MM,MM,MM,MM,1025.7,7.9,9.5,5.9,MM,-0.9,MM
2026,02,28,00,50,290,6.0,7.0,2.1,11,8.3,293,1025.8,8.1,9.4,5.7,MM,MM,MM
2026,02,28,00,40,290,5.0,6.0,MM,MM,MM,MM,1025.9,7.9,9.4,5.8,MM,MM,MM
2026,02,28,00,30,300,5.0,7.0,MM,MM,MM,MM,1025.9,7.6,9.4,5.4,MM,MM,MM
2026,02,28,00,20,300,6.0,8.0,2.0,15,8.4,278,1025.9,7.6,9.4,5.8,MM,MM,MM
2026,02,28,00,10,300,7.0,9.0,2.0,MM,8.4,278,1026.0,8.0,9.4,6.1,MM,MM,MM
2026,02,28,00,00,280,6.0,8.0,MM,MM,MM,MM,1026.0,8.1,9.4,5.9,MM,-0.8,MM
2026,02,27,23,50,290,4.0,5.0,2.1,14,8.4,274,1026.0,7.9,9.4,6.0,MM,MM,MM
2026,02,27,23,40,290,4.0,5.0,MM,MM,MM,MM,1026.1,7.9,9.4,6.2,MM,MM,MM
2026,02,27,23,20,290,4.0,6.0,2.1,13,8.1,290,1026.2,7.9,9.4,6.2,MM,MM,MM
2026,02,27,23,10,290,5.0,6.0,MM,MM,MM,MM,1026.3,7.7,9.4,5.7,MM,MM,MM
2026,02,27,23,00,290,5.0,7.0,MM,MM,MM,MM,1026.3,7.7,9.4,5.5,MM,-0.8,MM
2026,02,27,22,50,290,7.0,8.0,2.0,15,8.2,283,1026.3,7.6,9.4,5.5,MM,MM,MM
2026,02,27,22,40,300,7.0,9.0,MM,MM,MM,MM,1026.6,7.7,9.4,6.1,MM,MM,MM
2026,02,27,22,30,300,7.0,8.0,MM,MM,MM,MM,1026.6,MM,MM,MM,MM,MM,MM
2026,02,27,22,20,300,6.0,8.0,2.1,15,8.1,272,1026.7,7.9,9.4,6.3,MM,MM,MM
2026,02,27,22,10,310,5.0,6.0,2.1,MM,8.1,272,1026.7,7.9,9.4,6.5,MM,MM,MM
2026,02,27,22,00,300,5.0,7.0,MM,MM,MM,MM,1026.8,8.0,9.3,6.4,MM,+0.0,MM
2026,02,27,21,50,300,5.0,7.0,2.1,14,8.5,279,1026.7,8.3,9.4,6.3,MM,MM,MM
2026,02,27,21,40,290,4.0,5.0,2.1,MM,8.5,279,1026.8,8.2,9.4,6.1,MM,MM,MM
2026,02,27,21,30,300,4.0,5.0,MM,MM,MM,MM,1026.7,8.3,9.4,6.2,MM,MM,MM
2026,02,27,21,20,280,4.0,5.0,2.0,14,7.8,275,1026.7,8.3,9.4,5.9,MM,MM,MM
2026,02,27,21,10,260,4.0,5.0,MM,MM,MM,MM,1026.7,8.3,9.3,5.8,MM,MM,MM
2026,02,27,21,00,260,3.0,4.0,MM,MM,MM,MM,1026.7,8.3,9.3,5.7,MM,+0.4,MM
2026,02,27,20,50,270,3.0,5.0,2.1,15,8.0,289,1026.8,8.2,9.3,5.5,MM,MM,MM
2026,02,27,20,40,290,4.0,5.0,MM,MM,MM,MM,1026.9,8.0,9.3,5.3,MM,MM,MM
2026,02,27,20,30,300,3.0,5.0,MM,MM,MM,MM,1027.1,7.9,9.3,5.5,MM,MM,MM
2026,02,27,20,20,300,3.0,5.0,2.1,13,7.7,289,1027.1,7.8,9.3,5.5,MM,MM,MM
2026,02,27,20,10,310,5.0,7.0,2.1,MM,7.7,289,1027.1,7.7,9.3,5.4,MM,MM,MM
2026,02,27,20,00,300,6.0,8.0,MM,MM,MM,MM,1027.1,7.8,9.3,5.3,MM,+1.0,MM
2026,02,27,19,50,290,6.0,8.0,2.1,14,7.5,281,1027.0,8.0,9.3,5.2,MM,MM,MM
2026,02,27,19,40,290,5.0,7.0,MM,MM,MM,MM,1026.9,7.8,9.3,5.3,MM,MM,MM
2026,02,27,19,30,280,6.0,8.0,MM,MM,MM,MM,1026.6,8.3,9.3,5.7,MM,MM,MM
2026,02,27,19,20,260,4.0,5.0,2.3,14,8.3,273,1026.6,8.3,9.3,5.6,MM,MM,MM
2026,02,27,19,10,260,5.0,6.0,2.3,MM,8.3,273,1026.5,8.2,9.3,5.6,MM,MM,MM
2026,02,27,19,00,260,4.0,5.0,MM,MM,MM,MM,1026.6,8.1,9.3,5.6,MM,+0.8,MM
2026,02,27,18,50,270,4.0,5.0,2.2,14,7.7,293,1026.6,7.8,9.3,6.0,MM,MM,MM
2026,02,27,18,40,270,3.0,4.0,2.2,MM,7.7,293,1026.5,7.7,9.3,6.4,MM,MM,MM
2026,02,27,18,30,280,4.0,5.0,MM,MM,MM,MM,1026.6,7.5,9.3,6.3,MM,MM,MM
2026,02,27,18,20,290,4.0,5.0,2.2,15,7.3,270,1026.7,7.4,9.3,6.2,MM,MM,MM
2026,02,27,18,10,290,5.0,6.0,2.2,MM,7.3,270,1026.6,7.4,9.3,6.2,MM,MM,MM
2026,02,27,18,00,290,6.0,8.0,MM,MM,MM,MM,1026.5,7.5,9.3,5.9,MM,+0.8,MM
2026,02,27,17,50,300,6.0,8.0,2.0,15,7.1,278,1026.3,7.6,9.3,5.9,MM,MM,MM
2026,02,27,17,40,290,7.0,9.0,MM,MM,MM,MM,1026.2,7.5,9.3,5.9,MM,MM,MM
2026,02,27,17,30,280,9.0,10.0,MM,MM,MM,MM,1026.2,7.5,9.3,6.0,MM,MM,MM
2026,02,27,17,20,280,8.0,10.0,2.0,15,7.3,274,1026.2,8.0,9.3,5.9,MM,MM,MM
2026,02,27,17,10,280,5.0,8.0,2.0,MM,7.3,274,1026.1,8.3,9.3,5.9,MM,MM,MM
2026,02,27,17,00,270,4.0,6.0,MM,MM,MM,MM,1026.1,8.1,9.3,5.0,MM,-0.0,MM
2026,02,27,16,50,260,6.0,9.0,2.1,14,7.5,273,1026.0,7.7,9.3,4.6,MM,MM,MM
2026,02,27,16,40,280,7.0,9.0,MM,MM,MM,MM,1025.9,7.9,9.3,6.2,MM,MM,MM
2026,02,27,16,30,280,6.0,9.0,MM,MM,MM,MM,1026.0,8.2,9.3,5.9,MM,MM,MM
2026,02,27,16,20,270,5.0,6.0,2.0,14,7.1,264,1026.0,8.2,9.3,5.7,MM,MM,MM
2026,02,27,16,10,260,5.0,6.0,MM,MM,MM,MM,1025.8,8.1,9.3,5.2,MM,MM,MM
2026,02,27,16,00,260,5.0,6.0,MM,MM,MM,MM,1025.6,8.0,9.3,4.8,MM,+0.3,MM
2026,02,27,15,50,270,5.0,6.0,2.0,14,6.7,263,1025.5,7.8,9.3,5.0,MM,MM,MM
2026,02,27,15,40,280,5.0,6.0,MM,MM,MM,MM,1025.5,7.6,9.3,5.3,MM,MM,MM
2026,02,27,15,30,280,6.0,7.0,MM,MM,MM,MM,1025.5,7.4,9.3,5.5,MM,MM,MM
2026,02,27,15,20,280,8.0,9.0,2.2,15,7.3,266,1025.5,7.3,9.3,6.1,MM,MM,MM
2026,02,27,15,10,280,9.0,10.0,2.2,MM,7.3,266,1025.5,7.5,9.3,6.5,MM,MM,MM
2026,02,27,15,00,280,9.0,10.0,MM,MM,MM,MM,1025.5,7.7,MM,6.5,MM,+0.0,MM
2026,02,27,14,50,280,8.0,10.0,2.2,14,7.7,282,1025.7,8.1,9.3,6.5,MM,MM,MM
2026,02,27,14,40,280,5.0,7.0,2.2,MM,7.7,282,1025.7,8.3,9.3,6.4,MM,MM,MM
2026,02,27,14,30,280,5.0,6.0,MM,MM,MM,MM,1025.8,8.2,9.3,6.4,MM,MM,MM
2026,02,27,14,20,290,5.0,7.0,2.1,11,7.7,292,1025.8,8.0,9.3,6.6,MM,MM,MM
2026,02,27,14,10,300,5.0,6.0,2.1,MM,7.7,292,1025.8,7.7,9.3,6.6,MM,MM,MM
2026,02,27,14,00,290,3.0,5.0,MM,MM,MM,MM,1025.9,7.6,9.3,6.4,MM,+0.7,MM
2026,02,27,13,50,290,2.0,3.0,2.1,13,7.9,289,1025.9,7.6,9.3,6.5,MM,MM,MM
2026,02,27,13,40,280,2.0,3.0,MM,MM,MM,MM,1025.9,7.5,9.3,6.6,MM,MM,MM
2026,02,27,13,30,280,3.0,4.0,MM,MM,MM,MM,1025.8,7.5,9.3,6.7,MM,MM,MM
2026,02,27,13,20,290,4.0,5.0,2.2,14,7.8,295,1025.7,7.6,9.3,6.7,MM,MM,MM
2026,02,27,13,10,260,5.0,7.0,MM,MM,MM,MM,1025.6,7.7,9.3,6.5,MM,MM,MM
2026,02,27,13,00,250,5.0,7.0,MM,MM,MM,MM,1025.4,7.8,9.3,6.4,MM,+0.0,MM
2026,02,27,12,50,270,4.0,5.0,2.2,13,7.9,283,1025.4,8.0,9.3,6.2,MM,MM,MM
2026,02,27,12,40,280,4.0,5.0,2.2,MM,7.9,283,1025.4,8.0,9.3,6.0,MM,MM,MM
2026,02,27,12,30,270,4.0,5.0,MM,MM,MM,MM,1025.4,8.0,9.3,6.0,MM,MM,MM
2026,02,27,12,20,290,4.0,5.0,2.3,13,8.0,282,1025.4,8.0,9.3,6.2,MM,MM,MM
2026,02,27,12,10,290,4.0,6.0,MM,MM,MM,MM,1025.4,7.9,9.3,6.3,MM,MM,MM
2026,02,27,12,00,300,5.0,6.0,MM,MM,MM,MM,1025.4,8.0,9.3,6.4,MM,+0.0,MM
2026,02,27,11,50,300,6.0,7.0,2.0,13,7.3,282,1025.3,8.0,9.3,6.1,MM,MM,MM
2026,02,27,11,40,300,6.0,7.0,2.0,MM,7.3,282,1025.1,8.2,9.4,6.3,MM,MM,MM
2026,02,27,11,30,290,5.0,6.0,MM,MM,MM,MM,1025.1,8.1,9.4,6.3,MM,MM,MM
2026,02,27,11,20,290,4.0,6.0,2.2,14,7.5,290,1025.2,8.1,9.4,6.4,MM,MM,MM
2026,02,27,11,10,290,5.0,6.0,2.2,MM,7.5,290,1025.2,8.1,9.3,6.4,MM,MM,MM
2026,02,27,11,00,290,5.0,6.0,MM,MM,MM,MM,1025.2,8.1,9.3,6.4,MM,-0.3,MM
2026,02,27,10,50,300,5.0,7.0,2.2,13,7.4,293,1025.2,8.3,9.3,6.6,MM,MM,MM
2026,02,27,10,40,300,6.0,8.0,2.2,MM,7.4,293,1025.2,8.6,9.3,6.2,MM,MM,MM
2026,02,27,10,30,270,6.0,8.0,MM,MM,MM,MM,1025.3,9.2,9.3,5.3,MM,MM,MM
2026,02,27,10,20,250,7.0,8.0,2.2,10,7.0,280,1025.3,9.2,9.3,4.9,MM,MM,MM
2026,02,27,10,10,250,7.0,9.0,2.2,MM,7.0,280,1025.4,9.2,9.3,4.7,MM,MM,MM
2026,02,27,10,00,250,7.0,9.0,MM,MM,MM,MM,1025.5,9.2,9.3,4.7,MM,+0.3,MM
2026,02,27,09,50,250,7.0,9.0,2.4,11,7.5,298,1025.5,9.2,9.3,4.6,MM,MM,MM
2026,02,27,09,40,260,6.0,8.0,2.4,MM,7.5,298,1025.6,9.1,9.3,5.0,MM,MM,MM
2026,02,27,09,30,260,5.0,7.0,MM,MM,MM,MM,1025.5,8.6,9.3,5.1,MM,MM,MM
2026,02,27,09,20,270,7.0,9.0,2.3,12,7.1,280,1025.6,8.5,9.3,5.2,MM,MM,MM
2026,02,27,09,10,280,5.0,8.0,2.3,MM,7.1,280,1025.5,8.6,9.3,5.6,MM,MM,MM
2026,02,27,09,00,230,6.0,8.0,MM,MM,MM,MM,1025.5,8.8,9.3,5.9,MM,+0.5,MM
2026,02,27,08,50,230,7.0,8.0,2.5,10,7.2,285,1025.4,8.8,9.3,5.8,MM,MM,MM
2026,02,27,08,40,230,7.0,9.0,MM,MM,MM,MM,1025.5,8.8,MM,5.5,MM,MM,MM
2026,02,27,08,30,240,7.0,9.0,MM,MM,MM,MM,1025.5,8.8,9.3,6.0,MM,MM,MM
2026,02,27,08,20,270,5.0,6.0,2.3,11,7.0,300,1025.5,8.5,9.3,6.2,MM,MM,MM
2026,02,27,08,10,280,5.0,6.0,2.3,MM,7.0,300,1025.4,8.6,9.3,6.1,MM,MM,MM
2026,02,27,08,00,260,6.0,8.0,MM,MM,MM,MM,1025.4,8.8,MM,5.4,MM,+0.8,MM
2026,02,27,07,50,250,8.0,9.0,2.2,10,6.7,288,1025.4,9.0,9.3,5.5,MM,MM,MM
2026,02,27,07,40,250,8.0,10.0,MM,MM,MM,MM,1025.4,9.2,9.3,5.4,MM,MM,MM
2026,02,27,07,30,250,8.0,9.0,MM,MM,MM,MM,1025.4,9.2,9.3,5.3,MM,MM,MM
2026,02,27,07,20,240,7.0,8.0,2.4,10,6.8,290,1025.4,9.0,9.3,5.7,MM,MM,MM
2026,02,27,07,10,260,6.0,8.0,2.4,MM,6.8,290,1025.3,9.0,9.3,6.0,MM,MM,MM
2026,02,27,07,00,250,7.0,9.0,MM,MM,MM,MM,1025.2,9.0,9.3,5.3,MM,+0.6,MM
2026,02,27,06,50,250,7.0,8.0,2.0,10,6.4,284,1025.3,9.1,9.3,5.2,MM,MM,MM
2026,02,27,06,40,240,7.0,9.0,MM,MM,MM,MM,1025.2,9.1,9.3,5.3,MM,MM,MM
2026,02,27,06,30,230,6.0,8.0,MM,MM,MM,MM,1025.2,8.7,9.3,5.3,MM,MM,MM
2026,02,27,06,20,240,7.0,9.0,2.5,10,6.7,280,1025.4,8.7,9.3,4.9,MM,MM,MM
2026,02,27,06,10,250,7.0,10.0,2.5,MM,6.7,280,1025.2,8.8,9.3,5.4,MM,MM,MM
2026,02,27,06,00,240,8.0,10.0,MM,MM,MM,MM,1025.2,9.0,9.3,5.5,MM,+0.8,MM
2026,02,27,05,50,240,8.0,10.0,2.6,10,6.7,288,1025.1,9.1,9.4,5.0,MM,MM,MM
2026,02,27,05,40,240,7.0,9.0,MM,MM,MM,MM,1025.0,9.2,9.4,5.2,MM,MM,MM
2026,02,27,05,30,240,7.0,9.0,MM,MM,MM,MM,1024.9,9.2,9.4,5.4,MM,MM,MM
2026,02,27,05,20,240,6.0,8.0,2.4,10,6.4,286,1024.9,9.1,9.4,5.3,MM,MM,MM
2026,02,27,05,10,240,7.0,9.0,MM,MM,MM,MM,1024.8,9.2,9.4,5.3,MM,MM,MM
2026,02,27,05,00,250,5.0,7.0,MM,MM,MM,MM,1024.7,9.1,9.4,5.5,MM,+0.7,MM
2026,02,27,04,50,230,5.0,6.0,2.5,10,6.9,284,1024.7,9.0,9.4,5.3,MM,MM,MM
2026,02,27,04,40,230,6.0,7.0,2.5,MM,6.9,284,1024.6,8.8,9.4,5.7,MM,MM,MM
2026,02,27,04,30,240,6.0,8.0,MM,MM,MM,MM,1024.6,8.6,9.5,5.9,MM,MM,MM
2026,02,27,04,20,230,8.0,10.0,2.4,10,6.7,285,1024.7,8.9,9.5,5.6,MM,MM,MM
2026,02,27,04,10,240,6.0,9.0,MM,MM,MM,MM,1024.6,9.2,9.5,5.7,MM,MM,MM
2026,02,27,04,00,240,6.0,7.0,MM,MM,MM,MM,1024.6,9.3,9.5,5.6,MM,+0.5,MM
2026,02,27,03,50,240,6.0,8.0,2.5,10,6.9,281,1024.6,9.3,9.5,5.5,MM,MM,MM
2026,02,27,03,40,240,6.0,8.0,2.5,MM,6.9,281,1024.6,9.3,9.5,5.4,MM,MM,MM
2026,02,27,03,30,250,6.0,8.0,MM,MM,MM,MM,1024.5,9.3,9.5,5.6,MM,MM,MM
2026,02,27,03,20,260,6.0,7.0,2.6,10,7.1,284,1024.4,9.3,9.5,5.4,MM,MM,MM
2026,02,27,03,10,260,6.0,8.0,2.6,MM,7.1,284,1024.3,9.2,9.5,5.3,MM,MM,MM
2026,02,27,03,00,250,6.0,8.0,MM,MM,MM,MM,1024.3,9.3,9.5,5.9,MM,+0.0,MM
2026,02,27,02,50,250,5.0,6.0,2.6,10,7.3,288,1024.2,9.2,9.5,5.9,MM,MM,MM
2026,02,27,02,40,250,5.0,6.0,2.6,MM,7.3,288,1024.1,8.8,9.5,5.8,MM,MM,MM
2026,02,27,02,30,240,5.0,7.0,MM,MM,MM,MM,1024.1,8.7,9.5,6.1,MM,MM,MM
2026,02,27,02,20,250,7.0,8.0,2.5,10,6.9,283,1024.1,8.7,9.5,5.9,MM,MM,MM
2026,02,27,02,10,260,6.0,8.0,2.5,MM,6.9,283,1024.0,9.1,9.5,6.1,MM,MM,MM
2026,02,27,02,00,250,6.0,8.0,MM,MM,MM,MM,1024.1,9.3,9.5,5.9,MM,+0.0,MM
2026,02,27,01,50,260,5.0,7.0,2.4,10,6.9,289,1023.9,9.3,9.5,6.1,MM,MM,MM
2026,02,27,01,40,260,5.0,7.0,MM,MM,MM,MM,1024.0,9.2,9.4,5.7,MM,MM,MM
2026,02,27,01,30,250,6.0,7.0,MM,MM,MM,MM,1023.9,9.2,9.4,5.9,MM,MM,MM
2026,02,27,01,20,250,7.0,9.0,2.5,10,7.4,279,1024.0,9.2,9.4,5.9,MM,MM,MM
2026,02,27,01,10,240,7.0,9.0,2.5,MM,7.4,279,1023.9,9.3,9.4,6.0,MM,MM,MM
2026,02,27,01,00,240,6.0,8.0,MM,MM,MM,MM,1023.9,9.3,9.4,6.1,MM,+0.0,MM
2026,02,27,00,50,240,6.0,8.0,2.3,10,7.1,283,1024.0,9.3,9.4,6.1,MM,MM,MM
2026,02,27,00,40,240,6.0,8.0,MM,MM,MM,MM,1024.1,9.3,9.4,6.2,MM,MM,MM
2026,02,27,00,30,250,6.0,8.0,MM,MM,MM,MM,1024.1,9.3,9.4,6.0,MM,MM,MM
2026,02,27,00,20,240,6.0,8.0,2.4,10,7.2,287,1024.1,9.3,9.4,6.1,MM,MM,MM
2026,02,27,00,10,250,6.0,8.0,2.4,MM,7.2,287,1024.1,9.3,9.4,5.9,MM,MM,MM
2026,02,27,00,00,250,6.0,8.0,MM,MM,MM,MM,1024.1,9.4,9.4,6.0,MM,+0.0,MM
2026,02,26,23,50,250,6.0,8.0,2.3,10,7.4,278,1024.2,9.4,9.3,5.9,MM,MM,MM
2026,02,26,23,40,250,7.0,8.0,2.3,MM,7.4,278,1024.2,9.4,9.3,5.9,MM,MM,MM
2026,02,26,23,30,260,7.0,8.0,MM,MM,MM,MM,1024.3,9.4,9.3,5.9,MM,MM,MM
2026,02,26,23,20,250,7.0,9.0,2.2,9,7.0,281,1024.3,9.4,9.3,5.7,MM,MM,MM
2026,02,26,23,10,260,7.0,9.0,MM,MM,MM,MM,1024.3,9.4,9.4,5.7,MM,MM,MM
2026,02,26,23,00,260,7.0,9.0,MM,MM,MM,MM,1024.3,9.4,9.3,5.8,MM,-0.4,MM
2026,02,26,22,50,250,8.0,10.0,2.6,9,7.4,265,1024.2,9.4,9.4,5.6,MM,MM,MM
2026,02,26,22,40,250,7.0,9.0,MM,MM,MM,MM,1024.2,9.4,9.4,5.6,MM,MM,MM
2026,02,26,22,30,250,7.0,9.0,MM,MM,MM,MM,1024.1,9.4,9.4,5.8,MM,MM,MM
2026,02,26,22,20,250,7.0,8.0,2.5,10,7.4,278,1024.1,9.3,9.4,6.3,MM,MM,MM
2026,02,26,22,10,250,7.0,8.0,2.5,MM,7.4,278,1024.0,9.4,9.3,6.7,MM,MM,MM
2026,02,26,22,00,240,7.0,8.0,MM,MM,MM,MM,1024.0,9.3,9.3,6.6,MM,-0.5,MM
2026,02,26,21,50,240,7.0,9.0,2.5,10,7.7,279,1024.1,9.4,9.3,6.6,MM,MM,MM
2026,02,26,21,40,240,7.0,8.0,MM,MM,MM,MM,1024.1,9.3,9.3,6.7,MM,MM,MM
2026,02,26,21,30,240,7.0,9.0,MM,MM,MM,MM,1024.2,9.3,9.3,6.8,MM,MM,MM
2026,02,26,21,20,230,6.0,8.0,2.3,10,7.2,285,1024.3,9.3,9.3,6.8,MM,MM,MM
2026,02,26,21,10,230,6.0,8.0,2.3,MM,7.2,285,1024.2,9.2,9.3,6.5,MM,MM,MM
2026,02,26,21,00,240,7.0,8.0,MM,MM,MM,MM,1024.2,9.3,MM,6.5,MM,+0.3,MM
2026,02,26,20,50,230,6.0,8.0,2.4,10,7.2,274,1024.3,9.3,9.3,6.6,MM,MM,MM
2026,02,26,20,40,240,6.0,8.0,MM,MM,MM,MM,1024.3,9.2,9.3,6.0,MM,MM,MM
2026,02,26,20,30,230,7.0,8.0,MM,MM,MM,MM,1024.4,9.0,9.3,6.3,MM,MM,MM
2026,02,26,20,20,230,7.0,9.0,2.5,10,7.6,283,1024.4,9.2,9.3,7.1,MM,MM,MM
2026,02,26,20,10,240,6.0,9.0,MM,MM,MM,MM,1024.6,9.2,9.3,7.1,MM,MM,MM
2026,02,26,20,00,240,6.0,8.0,MM,MM,MM,MM,1024.6,9.2,MM,6.9,MM,+1.3,MM
2026,02,26,19,50,240,7.0,8.0,2.4,10,7.1,275,1024.6,9.2,9.3,6.6,MM,MM,MM
2026,02,26,19,40,240,5.0,7.0,MM,MM,MM,MM,1024.6,9.0,9.3,6.3,MM,MM,MM
2026,02,26,19,30,250,5.0,7.0,MM,MM,MM,MM,1024.6,8.7,9.3,6.0,MM,MM,MM
2026,02,26,19,20,250,7.0,11.0,2.4,10,7.0,281,1024.5,8.8,9.3,6.2,MM,MM,MM
2026,02,26,19,10,240,7.0,10.0,2.4,MM,7.0,281,1024.5,9.1,9.3,6.7,MM,MM,MM
2026,02,26,19,00,240,6.0,8.0,MM,MM,MM,MM,1024.5,9.1,9.3,7.3,MM,+1.3,MM
2026,02,26,18,50,240,7.0,8.0,2.3,10,6.9,285,1024.3,9.1,9.3,7.1,MM,MM,MM
2026,02,26,18,40,240,6.0,8.0,2.3,MM,6.9,285,1024.3,9.1,9.2,6.9,MM,MM,MM
2026,02,26,18,30,250,6.0,7.0,MM,MM,MM,MM,1024.1,9.1,9.2,7.0,MM,MM,MM
2026,02,26,18,20,250,5.0,6.0,2.5,10,7.1,285,1024.1,8.9,9.2,7.1,MM,MM,MM
2026,02,26,18,10,250,6.0,7.0,2.5,MM,7.1,285,1024.1,8.8,9.2,7.0,MM,MM,MM
2026,02,26,18,00,250,6.0,7.0,MM,MM,MM,MM,1024.0,8.6,9.2,6.9,MM,+1.5,MM
2026,02,26,17,50,250,6.0,7.0,2.6,10,6.8,282,1023.8,8.4,9.2,6.8,MM,MM,MM
2026,02,26,17,40,260,6.0,7.0,MM,MM,MM,MM,1023.8,8.2,9.2,6.7,MM,MM,MM
2026,02,26,17,30,260,7.0,9.0,MM,MM,MM,MM,1023.6,8.4,9.2,7.0,MM,MM,MM
2026,02,26,17,20,260,7.0,9.0,2.4,10,6.7,283,1023.5,8.4,9.2,7.1,MM,MM,MM
2026,02,26,17,10,260,6.0,8.0,MM,MM,MM,MM,1023.4,8.5,9.2,7.6,MM,MM,MM
2026,02,26,17,00,270,6.0,7.0,MM,MM,MM,MM,1023.3,8.4,9.2,7.6,MM,+0.9,MM
2026,02,26,16,50,270,6.0,8.0,2.7,9,6.8,277,1023.2,8.2,9.2,7.5,MM,MM,MM
2026,02,26,16,40,280,5.0,7.0,MM,MM,MM,MM,1023.3,8.1,9.2,7.6,MM,MM,MM
2026,02,26,16,30,290,6.0,7.0,MM,MM,MM,MM,1023.2,7.9,9.2,7.4,MM,MM,MM
2026,02,26,16,20,290,7.0,10.0,2.6,10,6.5,280,1023.1,7.8,9.2,7.3,MM,MM,MM
2026,02,26,16,10,280,8.0,10.0,MM,MM,MM,MM,1023.2,7.9,9.2,7.3,MM,MM,MM
2026,02,26,16,00,290,7.0,9.0,MM,MM,MM,MM,1023.1,7.9,9.2,7.2,MM,+1.0,MM
2026,02,26,15,50,300,7.0,9.0,2.6,9,6.7,282,1022.9,8.0,9.2,7.0,MM,MM,MM
2026,02,26,15,40,290,7.0,9.0,2.6,MM,6.7,282,1022.7,8.6,9.2,7.2,MM,MM,MM
2026,02,26,15,30,250,8.0,10.0,MM,MM,MM,MM,1022.7,9.1,9.2,7.8,MM,MM,MM
2026,02,26,15,20,230,7.0,9.0,2.7,10,6.8,292,1022.5,9.0,9.2,8.1,MM,MM,MM
2026,02,26,15,10,230,8.0,9.0,2.7,MM,6.8,292,1022.5,8.9,9.2,8.0,MM,MM,MM
2026,02,26,15,00,240,8.0,9.0,MM,MM,MM,MM,1022.5,9.0,9.2,8.1,MM,+0.3,MM
2026,02,26,14,50,230,8.0,10.0,2.7,9,6.7,282,1022.4,9.0,9.2,8.0,MM,MM,MM
2026,02,26,14,40,230,8.0,9.0,MM,MM,MM,MM,1022.5,9.0,9.2,8.2,MM,MM,MM
2026,02,26,14,30,230,8.0,9.0,MM,MM,MM,MM,1022.3,8.8,9.2,8.2,MM,MM,MM
2026,02,26,14,20,230,7.0,9.0,2.5,10,6.5,288,1022.3,8.8,9.2,8.2,MM,MM,MM
2026,02,26,14,10,240,8.0,9.0,MM,MM,MM,MM,1022.4,8.7,9.2,8.0,MM,MM,MM
2026,02,26,14,00,250,8.0,11.0,MM,MM,MM,MM,1022.5,8.8,9.2,8.0,MM,+0.0,MM
2026,02,26,13,50,250,8.0,10.0,2.6,10,6.4,279,1022.5,8.8,9.2,8.1,MM,MM,MM
2026,02,26,13,40,250,8.0,10.0,MM,MM,MM,MM,1022.5,8.6,9.2,8.0,MM,MM,MM
2026,02,26,13,30,250,9.0,11.0,MM,MM,MM,MM,1022.5,8.6,9.2,7.9,MM,MM,MM
2026,02,26,13,20,260,9.0,12.0,2.6,10,6.4,286,1022.4,8.7,9.2,7.9,MM,MM,MM
2026,02,26,13,10,250,9.0,12.0,MM,MM,MM,MM,1022.4,8.8,9.2,7.9,MM,MM,MM
2026,02,26,13,00,250,9.0,11.0,MM,MM,MM,MM,1022.3,8.7,9.2,7.9,MM,+0.0,MM
2026,02,26,12,50,240,9.0,12.0,2.5,10,6.2,289,1022.2,9.0,9.2,7.9,MM,MM,MM
2026,02,26,12,40,240,9.0,11.0,2.5,MM,6.2,289,1022.2,9.0,9.2,8.0,MM,MM,MM
2026,02,26,12,30,240,8.0,11.0,MM,MM,MM,MM,1022.4,8.8,9.2,7.9,MM,MM,MM
2026,02,26,12,20,240,8.0,10.0,2.7,10,6.5,283,1022.4,8.8,9.2,8.0,MM,MM,MM
2026,02,26,12,10,240,9.0,11.0,MM,MM,MM,MM,1022.2,8.8,9.2,7.8,MM,MM,MM
2026,02,26,12,00,240,9.0,13.0,MM,MM,MM,MM,1022.2,8.8,9.2,7.4,MM,+0.0,MM
2026,02,26,11,50,240,10.0,13.0,2.5,9,6.2,286,1022.1,8.9,9.2,7.6,MM,MM,MM
2026,02,26,11,40,230,9.0,11.0,MM,MM,MM,MM,1022.2,8.8,9.2,7.7,MM,MM,MM
2026,02,26,11,30,230,9.0,12.0,MM,MM,MM,MM,1022.2,8.6,9.2,7.4,MM,MM,MM
2026,02,26,11,20,230,10.0,12.0,2.6,8,6.3,275,1022.1,8.6,9.2,7.5,MM,MM,MM
2026,02,26,11,10,230,11.0,14.0,2.6,MM,6.3,275,1022.1,8.4,9.2,7.5,MM,MM,MM
2026,02,26,11,00,230,11.0,14.0,MM,MM,MM,MM,1022.2,8.4,9.3,7.6,MM,+0.0,MM
2026,02,26,10,50,230,10.0,13.0,2.3,9,5.8,267,1022.3,8.4,9.3,7.8,MM,MM,MM
2026,02,26,10,40,230,10.0,12.0,MM,MM,MM,MM,1022.3,8.6,9.3,7.9,MM,MM,MM
2026,02,26,10,30,220,10.0,12.0,MM,MM,MM,MM,1022.3,8.6,9.3,7.7,MM,MM,MM
2026,02,26,10,20,220,10.0,12.0,2.3,9,5.9,283,1022.2,8.5,9.3,7.6,MM,MM,MM
2026,02,26,10,10,230,10.0,13.0,2.3,MM,5.9,283,1022.3,8.6,9.3,7.7,MM,MM,MM
2026,02,26,10,00,230,10.0,11.0,MM,MM,MM,MM,1022.4,8.6,9.3,7.6,MM,+0.0,MM
2026,02,26,09,50,230,10.0,12.0,2.3,8,5.7,279,1022.3,8.8,9.3,7.3,MM,MM,MM
2026,02,26,09,40,220,9.0,12.0,2.3,MM,5.7,279,1022.4,8.8,9.3,7.4,MM,MM,MM
2026,02,26,09,30,230,10.0,12.0,MM,MM,MM,MM,1022.4,8.8,9.3,7.1,MM,MM,MM
2026,02,26,09,20,220,10.0,12.0,2.5,10,5.9,280,1022.4,8.6,9.3,7.0,MM,MM,MM
2026,02,26,09,10,220,10.0,13.0,2.5,MM,5.9,280,1022.4,8.5,9.3,7.2,MM,MM,MM
2026,02,26,09,00,230,10.0,12.0,MM,MM,MM,MM,1022.5,8.6,9.3,7.0,MM,+0.5,MM
2026,02,26,08,50,230,10.0,12.0,2.2,8,5.6,279,1022.6,8.7,9.3,7.0,MM,MM,MM
2026,02,26,08,40,240,10.0,13.0,2.2,MM,5.6,279,1022.6,8.7,9.3,6.9,MM,MM,MM
2026,02,26,08,30,240,10.0,12.0,MM,MM,MM,MM,1022.7,8.8,9.3,6.3,MM,MM,MM
2026,02,26,08,20,230,11.0,14.0,2.1,6,5.5,253,1022.5,8.9,9.3,6.5,MM,MM,MM
2026,02,26,08,10,230,11.0,13.0,MM,MM,MM,MM,1022.5,8.5,9.3,6.9,MM,MM,MM
2026,02,26,08,00,240,11.0,13.0,MM,MM,MM,MM,1022.5,8.7,9.3,6.9,MM,+0.9,MM
2026,02,26,07,50,220,10.0,13.0,2.0,8,5.4,271,1022.4,8.8,9.3,6.6,MM,MM,MM
2026,02,26,07,40,220,11.0,14.0,MM,MM,MM,MM,1022.4,8.9,9.3,6.4,MM,MM,MM
2026,02,26,07,30,220,10.0,12.0,MM,MM,MM,MM,1022.3,9.0,9.3,6.6,MM,MM,MM
2026,02,26,07,20,220,10.0,11.0,2.0,8,5.4,280,1022.3,8.7,9.3,6.8,MM,MM,MM
2026,02,26,07,10,220,10.0,13.0,2.0,MM,5.4,280,1022.4,8.5,9.3,6.7,MM,MM,MM
2026,02,26,07,00,220,10.0,13.0,MM,MM,MM,MM,1022.3,8.6,9.3,6.8,MM,+0.8,MM
2026,02,26,06,50,220,10.0,12.0,1.8,6,5.3,232,1022.2,8.8,9.3,6.4,MM,MM,MM
2026,02,26,06,40,230,12.0,14.0,MM,MM,MM,MM,1022.2,9.2,9.3,6.2,MM,MM,MM
2026,02,26,06,30,230,10.0,13.0,MM,MM,MM,MM,1022.1,9.3,9.3,6.5,MM,MM,MM
2026,02,26,06,20,230,9.0,12.0,1.6,7,5.1,261,1021.9,8.8,9.3,6.4,MM,MM,MM
2026,02,26,06,10,240,9.0,11.0,1.6,MM,5.1,261,1021.9,8.4,9.3,6.6,MM,MM,MM
2026,02,26,06,00,230,9.0,12.0,MM,MM,MM,MM,1022.0,8.9,9.3,6.9,MM,+0.4,MM
2026,02,26,05,50,220,9.0,10.0,1.7,7,5.1,273,1021.8,8.9,9.3,6.9,MM,MM,MM
2026,02,26,05,40,220,9.0,11.0,MM,MM,MM,MM,1021.8,8.8,9.3,7.0,MM,MM,MM
2026,02,26,05,30,230,9.0,10.0,MM,MM,MM,MM,1021.8,8.7,9.3,6.9,MM,MM,MM
2026,02,26,05,20,230,8.0,10.0,1.7,7,5.0,279,1021.8,8.6,9.3,7.1,MM,MM,MM
2026,02,26,05,10,230,9.0,10.0,1.7,MM,5.0,279,1021.7,8.4,9.3,7.1,MM,MM,MM
2026,02,26,05,00,230,10.0,11.0,MM,MM,MM,MM,1021.7,8.6,9.3,7.2,MM,+0.3,MM
2026,02,26,04,50,220,9.0,11.0,1.6,7,4.8,261,1021.6,8.7,9.3,7.4,MM,MM,MM
2026,02,26,04,40,220,9.0,10.0,MM,MM,MM,MM,1021.6,8.6,9.3,7.5,MM,MM,MM
2026,02,26,04,30,220,9.0,11.0,MM,MM,MM,MM,1021.6,8.6,9.3,7.1,MM,MM,MM
2026,02,26,04,20,230,8.0,10.0,1.7,6,5.1,263,1021.4,8.7,9.3,7.1,MM,MM,MM
2026,02,26,04,10,230,9.0,10.0,1.7,MM,5.1,263,1021.3,8.5,9.3,7.3,MM,MM,MM
2026,02,26,04,00,240,9.0,10.0,MM,MM,MM,MM,1021.4,8.5,9.3,7.1,MM,+0.0,MM
2026,02,26,03,50,240,8.0,10.0,1.6,7,4.9,272,1021.3,8.3,9.3,7.0,MM,MM,MM
2026,02,26,03,40,240,7.0,8.0,MM,MM,MM,MM,1021.4,8.1,9.3,6.8,MM,MM,MM
2026,02,26,03,30,240,7.0,8.0,MM,MM,MM,MM,1021.5,8.0,9.3,6.6,MM,MM,MM
2026,02,26,03,20,250,7.0,9.0,1.7,7,5.1,266,1021.6,8.0,9.3,6.7,MM,MM,MM
2026,02,26,03,10,250,8.0,10.0,1.7,MM,5.1,266,1021.6,8.4,9.3,6.8,MM,MM,MM
2026,02,26,03,00,240,7.0,9.0,MM,MM,MM,MM,1021.4,8.6,9.3,7.1,MM,-0.3,MM
2026,02,26,02,50,230,9.0,11.0,1.6,6,5.1,269,1021.3,8.7,9.3,7.0,MM,MM,MM
2026,02,26,02,40,240,8.0,10.0,MM,MM,MM,MM,1021.3,8.7,9.3,7.0,MM,MM,MM
2026,02,26,02,30,240,8.0,9.0,MM,MM,MM,MM,1021.3,8.7,9.3,7.0,MM,MM,MM
2026,02,26,02,20,250,8.0,11.0,1.6,6,5.0,271,1021.2,8.5,9.3,6.8,MM,MM,MM
2026,02,26,02,10,250,8.0,10.0,1.6,MM,5.0,271,1021.2,8.4,9.3,6.8,MM,MM,MM
2026,02,26,02,00,250,9.0,11.0,MM,MM,MM,MM,1021.2,8.4,9.3,6.5,MM,-0.3,MM
2026,02,26,01,50,250,9.0,12.0,1.6,6,5.0,251,1021.3,8.5,9.3,6.3,MM,MM,MM
2026,02,26,01,40,250,9.0,13.0,MM,MM,MM,MM,1021.3,8.7,9.3,6.6,MM,MM,MM
2026,02,26,01,30,240,8.0,10.0,MM,MM,MM,MM,1021.2,8.6,9.3,6.5,MM,MM,MM
2026,02,26,01,20,240,9.0,10.0,1.6,6,5.3,258,1021.1,8.7,9.3,6.7,MM,MM,MM
2026,02,26,01,10,230,9.0,11.0,MM,MM,MM,MM,1021.1,8.7,9.3,6.4,MM,MM,MM
2026,02,26,01,00,230,8.0,11.0,MM,MM,MM,MM,1021.3,8.8,9.3,6.5,MM,-0.3,MM
2026,02,26,00,50,230,8.0,10.0,1.6,6,5.4,259,1021.3,8.8,9.3,6.6,MM,MM,MM
2026,02,26,00,40,230,8.0,10.0,1.6,MM,5.4,259,1021.3,8.7,9.3,6.5,MM,MM,MM
2026,02,26,00,30,230,8.0,10.0,MM,MM,MM,MM,1021.4,8.5,9.3,6.5,MM,MM,MM
2026,02,26,00,20,230,7.0,10.0,1.5,7,5.2,258,1021.3,8.3,9.3,6.4,MM,MM,MM
2026,02,26,00,10,240,8.0,10.0,1.5,MM,5.2,258,1021.4,8.4,9.3,6.4,MM,MM,MM
2026,02,26,00,00,230,8.0,10.0,MM,MM,MM,MM,1021.5,8.3,9.3,6.4,MM,+0.0,MM
2026,02,25,23,50,230,8.0,10.0,1.4,5,5.1,261,1021.5,8.5,9.3,6.1,MM,MM,MM
2026,02,25,23,40,240,8.0,10.0,MM,MM,MM,MM,1021.4,8.5,9.3,5.9,MM,MM,MM
2026,02,25,23,30,240,9.0,10.0,MM,MM,MM,MM,1021.5,8.5,9.3,6.0,MM,MM,MM
2026,02,25,23,20,230,8.0,10.0,1.4,7,5.3,262,1021.5,8.6,9.3,5.7,MM,MM,MM
2026,02,25,23,10,230,8.0,10.0,1.4,MM,5.3,262,1021.5,8.5,9.3,5.8,MM,MM,MM
2026,02,25,23,00,240,8.0,10.0,MM,MM,MM,MM,1021.6,8.4,9.3,5.6,MM,+0.0,MM
2026,02,25,22,50,250,9.0,11.0,1.3,6,5.3,257,1021.5,8.9,9.3,5.1,MM,MM,MM
2026,02,25,22,40,240,7.0,10.0,MM,MM,MM,MM,1021.4,8.8,9.3,5.4,MM,MM,MM
2026,02,25,22,30,250,6.0,8.0,MM,MM,MM,MM,1021.5,8.4,9.3,5.2,MM,MM,MM
2026,02,25,22,20,250,7.0,9.0,1.4,6,5.4,264,1021.6,8.0,9.3,5.1,MM,MM,MM
2026,02,25,22,10,240,8.0,11.0,1.4,MM,5.4,264,1021.6,8.5,9.3,5.0,MM,MM,MM
2026,02,25,22,00,250,7.0,9.0,MM,MM,MM,MM,1021.5,8.8,9.3,5.2,MM,+0.4,MM
2026,02,25,21,50,260,6.0,8.0,1.4,6,5.3,256,1021.6,8.6,9.3,5.0,MM,MM,MM
2026,02,25,21,40,270,6.0,8.0,MM,MM,MM,MM,1021.6,8.5,9.3,5.0,MM,MM,MM
2026,02,25,21,30,270,6.0,9.0,MM,MM,MM,MM,1021.6,7.9,9.3,4.8,MM,MM,MM
2026,02,25,21,20,280,7.0,11.0,1.4,7,5.0,258,1021.7,7.3,9.3,3.9,MM,MM,MM
2026,02,25,21,10,250,9.0,13.0,1.4,MM,5.0,258,1021.7,8.1,9.3,4.8,MM,MM,MM
2026,02,25,21,00,240,9.0,11.0,MM,MM,MM,MM,1021.6,8.0,9.3,5.7,MM,+1.1,MM
2026,02,25,20,50,240,10.0,12.0,1.4,6,5.1,267,1021.6,8.2,9.3,5.4,MM,MM,MM
2026,02,25,20,40,240,8.0,11.0,1.4,MM,5.1,267,1021.6,8.6,9.3,4.9,MM,MM,MM
2026,02,25,20,30,250,7.0,9.0,MM,MM,MM,MM,1021.6,8.6,9.2,4.5,MM,MM,MM
2026,02,25,20,20,250,7.0,8.0,1.4,6,5.0,265,1021.6,8.6,9.2,4.4,MM,MM,MM
2026,02,25,20,10,240,7.0,9.0,1.4,MM,5.0,265,1021.6,8.3,9.2,4.5,MM,MM,MM
2026,02,25,20,00,240,8.0,11.0,MM,MM,MM,MM,1021.5,8.1,9.2,5.1,MM,+1.8,MM
2026,02,25,19,50,240,9.0,11.0,1.2,5,4.8,265,1021.5,7.9,9.2,5.3,MM,MM,MM
2026,02,25,19,40,240,9.0,13.0,MM,MM,MM,MM,1021.5,8.5,9.2,5.1,MM,MM,MM
2026,02,25,19,30,250,8.0,11.0,MM,MM,MM,MM,1021.3,8.9,9.2,4.8,MM,MM,MM
2026,02,25,19,20,260,7.0,9.0,1.3,6,4.9,274,1021.3,8.8,9.2,4.3,MM,MM,MM
2026,02,25,19,10,260,7.0,9.0,1.3,MM,4.9,274,1021.1,8.7,9.2,4.2,MM,MM,MM
2026,02,25,19,00,260,7.0,9.0,MM,MM,MM,MM,1021.0,8.8,9.2,4.4,MM,+2.2,MM
2026,02,25,18,50,250,8.0,9.0,1.2,15,4.9,303,1021.0,8.8,9.2,4.3,MM,MM,MM
2026,02,25,18,40,260,9.0,11.0,MM,MM,MM,MM,1020.8,8.8,9.1,4.2,MM,MM,MM
2026,02,25,18,30,260,8.0,10.0,MM,MM,MM,MM,1020.7,8.9,9.1,4.1,MM,MM,MM
2026,02,25,18,20,260,8.0,10.0,1.2,6,5.1,269,1020.5,8.9,9.1,3.9,MM,MM,MM
2026,02,25,18,10,250,7.0,10.0,1.2,MM,5.1,269,1020.4,8.6,9.1,4.8,MM,MM,MM
2026,02,25,18,00,250,6.0,8.0,MM,MM,MM,MM,1020.3,8.5,9.1,5.0,MM,+2.1,MM
2026,02,25,17,50,250,6.0,7.0,1.2,6,4.8,271,1020.2,8.3,9.1,4.9,MM,MM,MM
2026,02,25,17,40,260,6.0,7.0,MM,MM,MM,MM,1020.0,8.4,9.0,4.7,MM,MM,MM
2026,02,25,17,30,260,7.0,8.0,MM,MM,MM,MM,1019.9,8.2,9.0,4.3,MM,MM,MM
2026,02,25,17,20,280,8.0,10.0,1.3,16,4.9,225,1019.8,7.8,9.0,4.5,MM,MM,MM
2026,02,25,17,10,280,8.0,11.0,1.3,MM,4.9,225,1019.7,7.6,9.0,4.9,MM,MM,MM
2026,02,25,17,00,270,6.0,9.0,MM,MM,MM,MM,1019.7,7.5,9.0,4.9,MM,+1.6,MM
2026,02,25,16,50,270,8.0,10.0,1.2,6,4.6,276,1019.6,7.8,9.0,5.1,MM,MM,MM
2026,02,25,16,40,260,8.0,10.0,1.2,MM,4.6,276,1019.4,7.8,9.1,5.1,MM,MM,MM
2026,02,25,16,30,270,8.0,10.0,MM,MM,MM,MM,1019.2,7.9,9.1,5.2,MM,MM,MM
2026,02,25,16,20,270,8.0,10.0,1.2,6,4.6,263,1019.2,8.3,9.1,4.7,MM,MM,MM
2026,02,25,16,10,260,6.0,7.0,1.2,MM,4.6,263,1018.9,8.5,9.1,3.9,MM,MM,MM
2026,02,25,16,00,250,5.0,8.0,MM,MM,MM,MM,1018.9,7.9,9.1,4.3,MM,+1.2,MM
2026,02,25,15,50,250,5.0,7.0,1.3,16,4.8,251,1018.8,7.6,9.1,4.2,MM,MM,MM
2026,02,25,15,40,260,9.0,13.0,1.3,MM,4.8,251,1018.8,8.3,9.1,4.3,MM,MM,MM
2026,02,25,15,30,270,7.0,9.0,MM,MM,MM,MM,1018.5,8.3,9.1,4.9,MM,MM,MM
2026,02,25,15,20,290,5.0,8.0,1.3,6,4.9,271,1018.4,8.0,9.0,5.0,MM,MM,MM
2026,02,25,15,10,290,5.0,6.0,1.3,MM,4.9,271,1018.3,8.1,9.0,5.0,MM,MM,MM
2026,02,25,15,00,290,7.0,9.0,MM,MM,MM,MM,1018.1,8.6,9.0,4.5,MM,+0.7,MM
2026,02,25,14,50,270,6.0,9.0,1.2,6,5.0,272,1018.1,8.2,9.0,4.9,MM,MM,MM
2026,02,25,14,40,290,3.0,4.0,MM,MM,MM,MM,1018.1,7.9,9.1,5.2,MM,MM,MM
2026,02,25,14,30,300,4.0,6.0,MM,MM,MM,MM,1018.1,7.9,9.1,5.1,MM,MM,MM
2026,02,25,14,20,310,5.0,6.0,1.3,8,5.2,247,1018.1,7.7,9.1,4.8,MM,MM,MM
2026,02,25,14,10,300,6.0,8.0,1.3,MM,5.2,247,1018.0,8.1,9.1,5.2,MM,MM,MM
2026,02,25,14,00,290,6.0,8.0,MM,MM,MM,MM,1018.0,7.9,9.1,5.0,MM,+0.7,MM
2026,02,25,13,50,300,4.0,5.0,1.2,8,5.1,254,1018.0,7.5,9.1,4.9,MM,MM,MM
2026,02,25,13,40,300,5.0,6.0,MM,MM,MM,MM,1017.9,7.5,9.1,5.2,MM,MM,MM
2026,02,25,13,30,310,7.0,10.0,MM,MM,MM,MM,1017.8,7.4,9.1,5.0,MM,MM,MM
2026,02,25,13,20,310,7.0,8.0,1.2,8,5.4,244,1017.8,7.5,9.0,5.4,MM,MM,MM
2026,02,25,13,10,310,7.0,9.0,1.2,MM,5.4,244,1017.8,7.4,9.1,5.5,MM,MM,MM
2026,02,25,13,00,310,6.0,10.0,MM,MM,MM,MM,1017.8,7.6,9.1,5.5,MM,+0.5,MM
2026,02,25,12,50,310,2.0,3.0,1.2,8,5.4,254,1017.5,7.7,9.1,5.4,MM,MM,MM
2026,02,25,12,40,300,2.0,3.0,MM,MM,MM,MM,1017.5,7.7,9.1,5.4,MM,MM,MM
2026,02,25,12,30,290,3.0,3.0,MM,MM,MM,MM,1017.4,7.7,9.1,5.4,MM,MM,MM
2026,02,25,12,20,290,3.0,4.0,1.3,8,5.7,255,1017.5,7.7,9.2,5.4,MM,MM,MM
2026,02,25,12,10,300,3.0,4.0,1.3,MM,5.7,255,1017.5,7.6,9.2,5.4,MM,MM,MM
2026,02,25,12,00,320,3.0,4.0,MM,MM,MM,MM,1017.5,7.4,9.2,5.2,MM,+1.0,MM
2026,02,25,11,50,330,3.0,4.0,1.2,8,5.5,252,1017.5,7.3,9.2,5.1,MM,MM,MM
2026,02,25,11,40,330,3.0,4.0,MM,MM,MM,MM,1017.5,7.4,9.2,5.1,MM,MM,MM
2026,02,25,11,30,330,3.0,4.0,MM,MM,MM,MM,1017.5,7.6,9.2,5.3,MM,MM,MM
2026,02,25,11,20,330,3.0,4.0,1.2,8,5.2,251,1017.5,7.7,9.2,5.4,MM,MM,MM
2026,02,25,11,10,320,3.0,4.0,1.2,MM,5.2,251,1017.4,7.8,9.1,5.4,MM,MM,MM
2026,02,25,11,00,320,3.0,4.0,MM,MM,MM,MM,1017.3,7.8,9.1,5.3,MM,+1.3,MM
2026,02,25,10,50,310,3.0,4.0,1.3,8,5.2,252,1017.3,7.9,9.2,5.4,MM,MM,MM
2026,02,25,10,40,310,4.0,5.0,MM,MM,MM,MM,1017.2,7.9,9.2,5.3,MM,MM,MM
2026,02,25,10,30,320,5.0,7.0,MM,MM,MM,MM,1017.3,7.9,9.2,5.3,MM,MM,MM
2026,02,25,10,20,320,4.0,7.0,1.3,8,5.3,258,1017.2,7.8,9.2,5.3,MM,MM,MM
2026,02,25,10,10,310,5.0,6.0,MM,MM,MM,MM,1017.3,7.9,9.2,5.3,MM,MM,MM
2026,02,25,10,00,300,5.0,6.0,MM,MM,MM,MM,1017.1,7.9,9.2,5.2,MM,+1.4,MM
2026,02,25,09,50,310,5.0,7.0,1.3,8,5.4,259,1016.9,7.8,9.2,5.2,MM,MM,MM
2026,02,25,09,40,300,5.0,6.0,MM,MM,MM,MM,1016.7,7.6,9.2,5.1,MM,MM,MM
2026,02,25,09,30,300,4.0,5.0,MM,MM,MM,MM,1016.7,7.5,9.2,5.3,MM,MM,MM
2026,02,25,09,20,310,3.0,4.0,1.4,8,5.6,255,1016.6,7.4,9.2,5.3,MM,MM,MM
2026,02,25,09,10,320,3.0,4.0,1.4,MM,5.6,255,1016.6,7.5,9.2,5.3,MM,MM,MM
2026,02,25,09,00,320,3.0,5.0,MM,MM,MM,MM,1016.5,7.6,9.2,5.4,MM,+1.4,MM
2026,02,25,08,50,310,3.0,5.0,1.2,8,5.3,254,1016.3,7.5,9.2,5.3,MM,MM,MM
2026,02,25,08,40,310,4.0,5.0,MM,MM,MM,MM,1016.3,7.5,MM,5.3,MM,MM,MM
2026,02,25,08,30,300,4.0,4.0,MM,MM,MM,MM,1016.1,7.5,9.3,5.2,MM,MM,MM
2026,02,25,08,20,300,4.0,5.0,1.3,8,5.4,245,1015.9,7.5,9.3,5.1,MM,MM,MM
2026,02,25,08,10,310,4.0,5.0,1.3,MM,5.4,245,1015.9,7.3,9.3,5.0,MM,MM,MM
2026,02,25,08,00,320,4.0,5.0,MM,MM,MM,MM,1015.9,7.4,9.3,5.1,MM,+1.3,MM
2026,02,25,07,50,320,4.0,5.0,1.3,6,5.2,283,1015.9,7.3,9.3,5.1,MM,MM,MM
2026,02,25,07,40,320,3.0,5.0,MM,MM,MM,MM,1015.7,7.2,9.3,5.1,MM,MM,MM
2026,02,25,07,30,330,3.0,4.0,MM,MM,MM,MM,1015.8,7.2,9.3,5.0,MM,MM,MM
2026,02,25,07,20,320,3.0,4.0,1.3,8,5.1,246,1015.7,7.2,9.3,4.9,MM,MM,MM
2026,02,25,07,10,320,5.0,6.0,1.3,MM,5.1,246,1015.6,7.2,9.3,4.9,MM,MM,MM
2026,02,25,07,00,320,5.0,7.0,MM,MM,MM,MM,1015.6,7.4,9.3,5.2,MM,+1.4,MM
2026,02,25,06,50,310,6.0,6.0,1.4,8,5.0,276,1015.6,7.6,9.3,5.3,MM,MM,MM
2026,02,25,06,40,310,6.0,7.0,MM,MM,MM,MM,1015.4,7.8,9.3,5.5,MM,MM,MM
2026,02,25,06,30,310,6.0,7.0,MM,MM,MM,MM,1015.4,7.9,9.4,5.5,MM,MM,MM
2026,02,25,06,20,310,7.0,8.0,1.4,8,5.0,272,1015.2,8.0,9.4,5.5,MM,MM,MM
2026,02,25,06,10,310,7.0,9.0,MM,MM,MM,MM,1015.1,8.2,9.4,5.6,MM,MM,MM
2026,02,25,06,00,300,8.0,11.0,MM,MM,MM,MM,1015.1,8.5,9.4,5.6,MM,+0.6,MM
2026,02,25,05,50,290,9.0,12.0,1.3,8,4.7,263,1014.8,8.7,9.3,5.5,MM,MM,MM
2026,02,25,05,40,290,10.0,12.0,MM,MM,MM,MM,1014.8,8.6,9.3,5.1,MM,MM,MM
2026,02,25,05,30,290,9.0,11.0,MM,MM,MM,MM,1014.7,8.6,9.3,5.2,MM,MM,MM
2026,02,25,05,20,290,9.0,11.0,1.3,8,4.6,274,1014.6,8.7,9.3,5.3,MM,MM,MM
2026,02,25,05,10,290,9.0,11.0,MM,MM,MM,MM,1014.5,8.6,9.3,5.2,MM,MM,MM
2026,02,25,05,00,290,9.0,10.0,MM,MM,MM,MM,1014.5,8.7,9.3,5.3,MM,+0.8,MM
2026,02,25,04,50,300,9.0,11.0,1.3,8,4.7,249,1014.4,8.6,9.3,5.0,MM,MM,MM
2026,02,25,04,40,300,9.0,11.0,MM,MM,MM,MM,1014.3,8.6,9.3,5.3,MM,MM,MM
2026,02,25,04,30,300,9.0,11.0,MM,MM,MM,MM,1014.3,8.6,9.3,5.3,MM,MM,MM
2026,02,25,04,20,300,9.0,11.0,1.3,8,5.1,258,1014.3,8.6,9.3,5.3,MM,MM,MM
2026,02,25,04,10,300,8.0,10.0,1.3,MM,5.1,258,1014.2,8.6,9.3,5.4,MM,MM,MM
2026,02,25,04,00,300,9.0,10.0,MM,MM,MM,MM,1014.2,8.6,9.3,5.4,MM,+0.5,MM
2026,02,25,03,50,300,8.0,10.0,1.2,8,5.6,249,1014.2,8.6,9.3,5.5,MM,MM,MM
2026,02,25,03,40,300,7.0,10.0,MM,MM,MM,MM,1014.2,8.5,9.3,5.5,MM,MM,MM
2026,02,25,03,30,290,7.0,8.0,MM,MM,MM,MM,1014.2,8.6,9.3,5.5,MM,MM,MM
2026,02,25,03,20,300,6.0,8.0,1.2,8,5.9,255,1014.2,8.4,9.3,5.6,MM,MM,MM
2026,02,25,03,10,300,5.0,7.0,1.2,MM,5.9,255,1014.4,8.4,9.3,5.7,MM,MM,MM
2026,02,25,03,00,300,5.0,7.0,MM,MM,MM,MM,1014.4,8.2,9.4,5.1,MM,+0.5,MM
2026,02,25,02,50,310,5.0,6.0,1.4,8,6.8,250,1014.3,8.1,9.5,4.7,MM,MM,MM
2026,02,25,02,40,300,5.0,7.0,1.4,MM,6.8,250,1014.2,8.0,9.5,4.2,MM,MM,MM
2026,02,25,02,30,300,4.0,5.0,MM,MM,MM,MM,1014.2,7.8,9.6,4.0,MM,MM,MM
2026,02,25,02,20,300,4.0,5.0,1.3,9,6.8,254,1014.0,7.8,MM,4.2,MM,MM,MM
2026,02,25,02,10,290,4.0,5.0,1.3,MM,6.8,254,1014.0,7.7,9.5,4.1,MM,MM,MM
2026,02,25,02,00,290,3.0,4.0,MM,MM,MM,MM,1014.0,7.7,9.6,4.0,MM,-0.5,MM
2026,02,25,01,50,290,3.0,4.0,1.3,8,7.0,245,1013.8,7.7,MM,3.8,MM,MM,MM
2026,02,25,01,40,290,3.0,4.0,MM,MM,MM,MM,1013.8,7.6,9.5,3.5,MM,MM,MM
2026,02,25,01,30,290,4.0,5.0,MM,MM,MM,MM,1014.0,7.7,9.5,3.6,MM,MM,MM
2026,02,25,01,20,300,4.0,5.0,1.3,9,7.2,268,1014.0,7.7,9.5,3.5,MM,MM,MM
2026,02,25,01,10,290,3.0,4.0,1.3,MM,7.2,268,1013.8,7.7,9.6,3.5,MM,MM,MM
2026,02,25,01,00,290,3.0,4.0,MM,MM,MM,MM,1013.8,7.8,9.6,3.6,MM,-0.8,MM
2026,02,25,00,50,290,3.0,5.0,1.4,8,7.2,255,1013.8,7.9,9.6,3.3,MM,MM,MM
2026,02,25,00,40,280,3.0,4.0,MM,MM,MM,MM,1013.7,7.9,9.6,2.7,MM,MM,MM
2026,02,25,00,30,270,2.0,3.0,MM,MM,MM,MM,1013.7,7.9,9.5,3.2,MM,MM,MM
2026,02,25,00,20,270,3.0,3.0,1.3,9,7.3,263,1013.7,7.9,9.5,3.7,MM,MM,MM
2026,02,25,00,10,280,2.0,3.0,1.3,MM,7.3,263,1013.8,8.0,9.4,3.5,MM,MM,MM
2026,02,25,00,00,270,2.0,3.0,MM,MM,MM,MM,1013.9,8.0,9.4,3.2,MM,-0.7,MM
2026,02,24,23,50,250,2.0,3.0,1.4,9,7.5,248,1014.0,8.2,9.4,3.3,MM,MM,MM
2026,02,24,23,40,MM,0.0,2.0,MM,MM,MM,MM,1014.0,8.4,9.4,3.3,MM,MM,MM
2026,02,24,23,30,MM,0.0,1.0,MM,MM,MM,MM,1014.2,8.3,9.4,3.2,MM,MM,MM
2026,02,24,23,20,220,1.0,1.0,1.3,9,7.4,255,1014.2,8.2,9.4,3.1,MM,MM,MM
2026,02,24,23,10,MM,0.0,2.0,MM,MM,MM,MM,1014.2,8.0,9.4,3.0,MM,MM,MM
2026,02,24,23,00,MM,0.0,1.0,MM,MM,MM,MM,1014.3,7.8,9.4,2.9,MM,-0.7,MM
2026,02,24,22,50,270,1.0,2.0,1.3,9,7.4,261,1014.3,7.7,9.4,2.6,MM,MM,MM
2026,02,24,22,40,280,1.0,2.0,MM,MM,MM,MM,1014.4,7.4,9.4,2.1,MM,MM,MM
2026,02,24,22,30,290,2.0,3.0,MM,MM,MM,MM,1014.4,7.5,9.4,2.2,MM,MM,MM
2026,02,24,22,20,290,1.0,2.0,1.2,9,7.2,255,1014.4,7.3,9.5,2.6,MM,MM,MM
2026,02,24,22,10,290,1.0,2.0,1.2,MM,7.2,255,1014.5,7.4,9.3,3.5,MM,MM,MM
2026,02,24,22,00,280,1.0,2.0,MM,MM,MM,MM,1014.5,7.5,MM,3.6,MM,-0.8,MM
2026,02,24,21,50,280,1.0,2.0,1.4,8,7.5,256,1014.5,7.7,9.4,3.6,MM,MM,MM
2026,02,24,21,40,MM,0.0,1.0,MM,MM,MM,MM,1014.4,7.7,9.5,3.5,MM,MM,MM
2026,02,24,21,30,190,1.0,2.0,MM,MM,MM,MM,1014.4,7.6,9.5,3.6,MM,MM,MM
2026,02,24,21,20,180,1.0,2.0,1.6,10,7.9,265,1014.5,7.6,9.4,3.6,MM,MM,MM
2026,02,24,21,10,MM,0.0,1.0,1.6,MM,7.9,265,1014.6,7.5,9.4,3.6,MM,MM,MM
2026,02,24,21,00,MM,0.0,1.0,MM,MM,MM,MM,1014.6,7.5,9.4,3.6,MM,-0.7,MM
2026,02,24,20,50,MM,0.0,1.0,1.4,9,7.8,249,1014.8,7.5,9.4,3.6,MM,MM,MM
2026,02,24,20,40,MM,0.0,1.0,MM,MM,MM,MM,1014.8,7.6,9.4,3.7,MM,MM,MM
2026,02,24,20,30,MM,0.0,1.0,MM,MM,MM,MM,1014.8,7.4,9.4,3.5,MM,MM,MM
2026,02,24,20,20,MM,0.0,1.0,1.4,9,7.6,243,1014.9,7.3,9.3,3.4,MM,MM,MM
2026,02,24,20,10,MM,0.0,1.0,MM,MM,MM,MM,1015.0,7.3,9.4,3.3,MM,MM,MM
2026,02,24,20,00,MM,0.0,1.0,MM,MM,MM,MM,1015.1,7.1,9.4,3.2,MM,+0.0,MM
2026,02,24,19,50,MM,0.0,1.0,1.5,9,7.8,242,1015.1,7.0,9.4,3.2,MM,MM,MM
2026,02,24,19,40,MM,0.0,1.0,MM,MM,MM,MM,1015.2,6.9,9.3,3.1,MM,MM,MM
2026,02,24,19,30,90,1.0,2.0,MM,MM,MM,MM,1015.3,6.7,9.3,2.8,MM,MM,MM
2026,02,24,19,20,90,2.0,3.0,1.2,10,7.2,242,1015.2,6.7,9.2,2.7,MM,MM,MM
2026,02,24,19,10,90,1.0,2.0,1.2,MM,7.2,242,1015.2,6.5,9.2,2.5,MM,MM,MM
2026,02,24,19,00,80,2.0,3.0,MM,MM,MM,MM,1015.3,6.5,9.2,2.2,MM,+0.0,MM
2026,02,24,18,50,70,2.0,3.0,1.3,9,7.4,247,1015.3,6.4,9.2,1.9,MM,MM,MM
2026,02,24,18,40,60,1.0,2.0,1.3,MM,7.4,247,1015.4,6.2,9.2,1.9,MM,MM,MM
2026,02,24,18,30,60,2.0,3.0,MM,MM,MM,MM,1015.3,6.2,9.2,2.3,MM,MM,MM
2026,02,24,18,20,70,2.0,3.0,1.5,9,7.5,245,1015.3,6.3,9.2,2.2,MM,MM,MM
2026,02,24,18,10,50,2.0,3.0,1.5,MM,7.5,245,1015.3,6.0,9.2,1.5,MM,MM,MM
2026,02,24,18,00,40,2.0,3.0,MM,MM,MM,MM,1015.3,5.7,9.2,1.8,MM,+0.5,MM
2026,02,24,17,50,30,2.0,3.0,1.6,9,7.4,251,1015.4,5.9,9.2,2.4,MM,MM,MM
2026,02,24,17,40,60,2.0,3.0,MM,MM,MM,MM,1015.4,6.0,9.1,2.0,MM,MM,MM
2026,02,24,17,30,60,1.0,3.0,MM,MM,MM,MM,1015.4,6.0,9.1,1.7,MM,MM,MM
2026,02,24,17,20,60,2.0,3.0,1.6,10,7.2,256,1015.5,5.8,9.1,1.6,MM,MM,MM
2026,02,24,17,10,50,3.0,4.0,1.6,MM,7.2,256,1015.4,5.7,9.1,1.7,MM,MM,MM
2026,02,24,17,00,20,3.0,4.0,MM,MM,MM,MM,1015.3,5.6,9.1,2.0,MM,+0.3,MM
2026,02,24,16,50,20,3.0,4.0,1.6,10,7.5,249,1015.3,5.6,9.1,2.0,MM,MM,MM
2026,02,24,16,40,40,3.0,4.0,MM,MM,MM,MM,1015.3,5.8,9.1,2.0,MM,MM,MM
2026,02,24,16,30,50,2.0,4.0,MM,MM,MM,MM,1015.2,5.6,9.1,2.2,MM,MM,MM
2026,02,24,16,20,30,3.0,4.0,1.5,10,7.3,256,1015.2,5.5,9.1,2.3,MM,MM,MM
2026,02,24,16,10,20,3.0,5.0,1.5,MM,7.3,256,1015.2,5.5,9.2,2.1,MM,MM,MM
2026,02,24,16,00,30,3.0,4.0,MM,MM,MM,MM,1015.3,5.8,MM,2.1,MM,-0.0,MM
2026,02,24,15,50,60,3.0,4.0,1.7,9,7.5,252,1015.1,5.8,9.2,2.1,MM,MM,MM
2026,02,24,15,40,70,4.0,5.0,MM,MM,MM,MM,1015.1,5.7,9.2,1.8,MM,MM,MM
2026,02,24,15,30,70,4.0,5.0,MM,MM,MM,MM,1015.1,5.9,9.2,2.1,MM,MM,MM
2026,02,24,15,20,60,4.0,5.0,1.6,10,7.2,259,1015.0,5.9,9.2,2.6,MM,MM,MM
2026,02,24,15,10,60,4.0,6.0,MM,MM,MM,MM,1015.0,5.8,9.2,2.1,MM,MM,MM
2026,02,24,15,00,60,4.0,5.0,MM,MM,MM,MM,1014.9,5.8,9.1,2.1,MM,-0.8,MM
2026,02,24,14,50,50,3.0,5.0,1.8,10,7.6,253,1014.9,5.5,9.1,2.0,MM,MM,MM
2026,02,24,14,40,50,3.0,5.0,MM,MM,MM,MM,1014.9,5.4,9.1,2.3,MM,MM,MM
2026,02,24,14,30,60,4.0,5.0,MM,MM,MM,MM,1015.0,5.6,9.2,2.7,MM,MM,MM
2026,02,24,14,20,60,4.0,5.0,1.9,10,7.7,254,1015.0,5.5,9.2,2.6,MM,MM,MM
2026,02,24,14,10,50,4.0,5.0,MM,MM,MM,MM,1015.1,5.4,9.1,2.6,MM,MM,MM
2026,02,24,14,00,70,4.0,5.0,MM,MM,MM,MM,1015.1,5.5,9.1,2.8,MM,-1.7,MM
2026,02,24,13,50,70,3.0,5.0,1.7,10,7.6,249,1015.1,5.5,9.2,2.8,MM,MM,MM
2026,02,24,13,40,70,4.0,6.0,MM,MM,MM,MM,1015.0,5.5,9.2,2.8,MM,MM,MM
2026,02,24,13,30,70,4.0,5.0,MM,MM,MM,MM,1015.0,5.5,9.1,2.8,MM,MM,MM
2026,02,24,13,20,60,4.0,5.0,1.9,10,7.9,255,1015.0,5.5,9.2,2.7,MM,MM,MM
2026,02,24,13,10,60,3.0,4.0,1.9,MM,7.9,255,1015.1,5.5,9.1,2.9,MM,MM,MM
2026,02,24,13,00,60,3.0,5.0,MM,MM,MM,MM,1015.2,5.5,9.2,3.1,MM,-1.8,MM
2026,02,24,12,50,60,3.0,4.0,1.8,10,7.8,246,1015.5,5.6,9.1,3.1,MM,MM,MM
2026,02,24,12,40,40,3.0,4.0,MM,MM,MM,MM,1015.5,5.5,9.1,2.8,MM,MM,MM
2026,02,24,12,30,50,3.0,4.0,MM,MM,MM,MM,1015.6,5.6,9.2,2.9,MM,MM,MM
2026,02,24,12,20,30,3.0,4.0,1.6,10,7.4,243,1015.7,5.6,9.2,2.9,MM,MM,MM
2026,02,24,12,10,30,3.0,4.0,1.6,MM,7.4,243,1015.6,5.7,9.2,3.3,MM,MM,MM
2026,02,24,12,00,30,4.0,5.0,MM,MM,MM,MM,1015.7,5.8,9.2,3.4,MM,-1.5,MM
2026,02,24,11,50,30,4.0,5.0,1.9,10,8.0,260,1015.8,5.7,9.2,3.2,MM,MM,MM
2026,02,24,11,40,30,4.0,5.0,MM,MM,MM,MM,1015.9,5.7,9.1,3.1,MM,MM,MM
2026,02,24,11,30,30,4.0,5.0,MM,MM,MM,MM,1016.1,5.9,9.2,3.1,MM,MM,MM
2026,02,24,11,20,30,4.0,5.0,1.8,10,7.5,247,1016.3,5.9,9.2,2.9,MM,MM,MM
2026,02,24,11,10,30,4.0,5.0,MM,MM,MM,MM,1016.4,6.0,9.1,3.3,MM,MM,MM
2026,02,24,11,00,20,4.0,5.0,MM,MM,MM,MM,1016.7,6.1,9.1,3.5,MM,-1.4,MM
2026,02,24,10,50,30,3.0,5.0,1.8,10,7.8,245,1016.6,6.2,9.1,3.4,MM,MM,MM
2026,02,24,10,40,20,4.0,5.0,MM,MM,MM,MM,1016.6,6.0,9.1,3.3,MM,MM,MM
2026,02,24,10,30,30,4.0,6.0,MM,MM,MM,MM,1016.6,6.1,9.1,3.7,MM,MM,MM
2026,02,24,10,20,40,5.0,6.0,1.6,10,7.3,239,1016.6,5.9,9.1,3.8,MM,MM,MM
2026,02,24,10,10,50,5.0,6.0,MM,MM,MM,MM,1016.7,5.9,9.1,3.8,MM,MM,MM
2026,02,24,10,00,60,4.0,6.0,MM,MM,MM,MM,1017.0,5.7,9.1,3.5,MM,-1.7,MM
2026,02,24,09,50,80,4.0,5.0,1.6,10,7.3,250,1017.1,5.7,9.1,3.4,MM,MM,MM
2026,02,24,09,40,80,4.0,5.0,MM,MM,MM,MM,1017.2,5.8,9.1,3.4,MM,MM,MM
2026,02,24,09,30,80,3.0,4.0,MM,MM,MM,MM,1017.2,5.8,9.1,3.4,MM,MM,MM
2026,02,24,09,20,80,2.0,4.0,1.8,11,7.9,251,1017.2,5.7,9.1,3.3,MM,MM,MM
2026,02,24,09,10,60,2.0,3.0,1.8,MM,7.9,251,1017.1,5.7,9.1,3.6,MM,MM,MM
2026,02,24,09,00,30,3.0,4.0,MM,MM,MM,MM,1017.2,5.9,9.1,4.0,MM,-1.6,MM
2026,02,24,08,50,40,3.0,4.0,1.7,10,7.8,241,1017.3,5.8,9.1,3.5,MM,MM,MM
2026,02,24,08,40,50,3.0,4.0,MM,MM,MM,MM,1017.5,5.9,9.1,4.0,MM,MM,MM
2026,02,24,08,30,60,3.0,4.0,MM,MM,MM,MM,1017.6,5.9,9.1,4.2,MM,MM,MM
2026,02,24,08,20,70,3.0,5.0,1.5,10,7.8,238,1017.8,6.0,9.1,4.0,MM,MM,MM
2026,02,24,08,10,50,3.0,4.0,1.5,MM,7.8,238,1017.9,6.2,9.1,4.0,MM,MM,MM
2026,02,24,08,00,80,2.0,3.0,MM,MM,MM,MM,1018.1,6.2,9.1,3.9,MM,-1.0,MM
2026,02,24,07,50,60,2.0,4.0,1.7,10,8.4,245,1018.3,5.9,9.1,3.8,MM,MM,MM
2026,02,24,07,40,60,2.0,4.0,MM,MM,MM,MM,1018.4,6.3,9.1,4.4,MM,MM,MM
2026,02,24,07,30,70,2.0,3.0,MM,MM,MM,MM,1018.5,6.2,9.1,4.1,MM,MM,MM
2026,02,24,07,20,70,3.0,4.0,1.4,10,7.9,246,1018.5,6.3,9.1,4.0,MM,MM,MM
2026,02,24,07,10,70,2.0,3.0,1.4,MM,7.9,246,1018.6,6.3,9.1,3.8,MM,MM,MM
2026,02,24,07,00,60,3.0,4.0,MM,MM,MM,MM,1018.7,6.2,9.1,3.8,MM,-0.3,MM
2026,02,24,06,50,40,4.0,5.0,1.6,9,7.9,236,1018.7,6.4,9.1,4.2,MM,MM,MM
2026,02,24,06,40,40,3.0,5.0,MM,MM,MM,MM,1018.7,6.5,9.1,4.3,MM,MM,MM
2026,02,24,06,30,40,3.0,5.0,MM,MM,MM,MM,1018.7,6.5,9.1,4.4,MM,MM,MM
2026,02,24,06,20,50,2.0,4.0,1.6,10,7.5,241,1018.8,6.5,9.2,4.4,MM,MM,MM
2026,02,24,06,10,50,3.0,4.0,MM,MM,MM,MM,1018.8,6.5,9.1,4.4,MM,MM,MM
2026,02,24,06,00,50,3.0,4.0,MM,MM,MM,MM,1018.7,6.6,9.3,4.5,MM,-0.3,MM
2026,02,24,05,50,70,3.0,4.0,2.1,11,8.0,228,1018.9,6.8,9.2,4.5,MM,MM,MM
2026,02,24,05,40,80,3.0,4.0,MM,MM,MM,MM,1018.9,7.1,9.3,4.2,MM,MM,MM
2026,02,24,05,30,110,2.0,3.0,MM,MM,MM,MM,1019.1,7.1,9.3,3.4,MM,MM,MM
2026,02,24,05,20,140,2.0,3.0,2.2,10,8.1,238,1019.1,7.0,9.3,3.2,MM,MM,MM
2026,02,24,05,10,170,2.0,3.0,2.2,MM,8.1,238,1018.9,6.9,9.3,3.2,MM,MM,MM
2026,02,24,05,00,190,2.0,3.0,MM,MM,MM,MM,1019.1,6.9,9.3,3.4,MM,+0.0,MM
2026,02,24,04,50,200,3.0,4.0,2.4,10,7.9,241,1018.9,7.2,9.3,3.3,MM,MM,MM
2026,02,24,04,40,210,2.0,4.0,MM,MM,MM,MM,1019.0,7.3,9.3,2.8,MM,MM,MM
2026,02,24,04,30,160,1.0,3.0,MM,MM,MM,MM,1018.9,7.4,9.3,2.7,MM,MM,MM
2026,02,24,04,20,300,2.0,3.0,2.3,10,7.6,246,1019.1,7.1,9.3,2.5,MM,MM,MM
2026,02,24,04,10,300,4.0,6.0,MM,MM,MM,MM,1018.9,6.9,9.3,3.1,MM,MM,MM
2026,02,24,04,00,290,5.0,7.0,MM,MM,MM,MM,1018.9,6.7,9.4,3.6,MM,+0.0,MM
2026,02,24,03,50,290,5.0,7.0,2.2,9,7.4,245,1019.0,6.5,9.4,4.2,MM,MM,MM
2026,02,24,03,40,290,4.0,5.0,MM,MM,MM,MM,1019.1,6.5,9.4,4.4,MM,MM,MM
2026,02,24,03,30,270,3.0,5.0,MM,MM,MM,MM,1019.1,6.7,9.4,4.4,MM,MM,MM
2026,02,24,03,20,280,4.0,7.0,2.0,10,7.3,247,1019.1,6.8,9.4,4.2,MM,MM,MM
2026,02,24,03,10,330,3.0,5.0,2.0,MM,7.3,247,1019.1,6.8,9.4,4.4,MM,MM,MM
2026,02,24,03,00,310,1.0,3.0,MM,MM,MM,MM,1019.1,6.6,9.4,4.3,MM,-0.3,MM
2026,02,24,02,50,140,2.0,4.0,2.1,10,7.2,230,1019.3,7.0,9.4,4.3,MM,MM,MM
2026,02,24,02,40,250,2.0,4.0,2.1,MM,7.2,230,1019.4,7.4,9.5,4.1,MM,MM,MM
2026,02,24,02,30,360,2.0,4.0,MM,MM,MM,MM,1019.4,7.8,9.5,4.4,MM,MM,MM
2026,02,24,02,20,20,3.0,4.0,2.5,10,7.7,246,1019.1,7.7,9.5,4.0,MM,MM,MM
2026,02,24,02,10,20,3.0,4.0,MM,MM,MM,MM,1019.2,7.7,9.5,3.8,MM,MM,MM
2026,02,24,02,00,20,3.0,4.0,MM,MM,MM,MM,1019.1,7.8,9.5,4.1,MM,+0.0,MM
2026,02,24,01,50,40,3.0,5.0,2.1,9,7.1,246,1019.0,7.9,9.5,4.1,MM,MM,MM
2026,02,24,01,40,20,3.0,4.0,2.1,MM,7.1,246,1019.1,8.1,9.5,3.5,MM,MM,MM
2026,02,24,01,30,350,2.0,3.0,MM,MM,MM,MM,1019.1,8.1,9.5,3.6,MM,MM,MM
2026,02,24,01,20,320,1.0,2.0,2.2,9,6.9,233,1019.1,8.5,9.5,2.9,MM,MM,MM
2026,02,24,01,10,260,1.0,2.0,MM,MM,MM,MM,1019.2,8.5,9.5,2.5,MM,MM,MM
2026,02,24,01,00,210,3.0,5.0,MM,MM,MM,MM,1019.0,8.3,9.4,2.6,MM,+0.0,MM
2026,02,24,00,50,250,4.0,5.0,2.5,9,6.9,232,1019.1,7.9,9.4,3.1,MM,MM,MM
2026,02,24,00,40,240,5.0,6.0,MM,MM,MM,MM,1019.2,8.0,9.5,3.2,MM,MM,MM
2026,02,24,00,30,240,4.0,6.0,MM,MM,MM,MM,1019.2,8.3,9.5,2.6,MM,MM,MM
2026,02,24,00,20,270,2.0,4.0,2.3,11,6.8,232,1019.1,8.1,9.5,2.9,MM,MM,MM
2026,02,24,00,10,260,5.0,7.0,MM,MM,MM,MM,1019.4,8.1,9.6,2.8,MM,MM,MM
2026,02,24,00,00,250,6.0,7.0,MM,MM,MM,MM,1019.5,8.0,9.6,3.7,MM,-0.0,MM
2026,02,23,23,50,260,5.0,7.0,2.7,9,7.3,241,1019.5,8.0,9.5,3.0,MM,MM,MM
2026,02,23,23,40,270,1.0,6.0,MM,MM,MM,MM,1019.4,7.9,9.5,1.9,MM,MM,MM
2026,02,23,23,20,190,5.0,11.0,2.4,10,7.0,235,1019.3,7.4,9.5,2.4,MM,MM,MM
2026,02,23,23,10,210,9.0,12.0,2.4,MM,7.0,235,1019.2,7.7,9.5,3.1,MM,MM,MM
2026,02,23,23,00,230,5.0,9.0,MM,MM,MM,MM,1019.2,7.7,9.5,3.4,MM,-0.3,MM
2026,02,23,22,50,320,4.0,6.0,2.5,10,7.6,226,1019.2,7.3,9.5,3.1,MM,MM,MM
2026,02,23,22,40,330,5.0,8.0,MM,MM,MM,MM,1019.0,7.3,9.5,2.8,MM,MM,MM
2026,02,23,22,30,310,6.0,8.0,MM,MM,MM,MM,1019.1,7.6,9.5,2.3,MM,MM,MM
2026,02,23,22,20,300,4.0,8.0,2.2,10,7.4,227,1019.0,7.9,9.5,2.4,MM,MM,MM
2026,02,23,22,10,210,4.0,9.0,2.2,MM,7.4,227,1019.2,7.8,9.5,2.2,MM,MM,MM
2026,02,23,22,00,210,7.0,10.0,MM,MM,MM,MM,1018.9,8.1,9.5,2.6,MM,+0.0,MM
2026,02,23,21,50,200,6.0,8.0,2.5,9,7.9,231,1018.9,8.4,9.5,3.7,MM,MM,MM
2026,02,23,21,40,170,3.0,6.0,MM,MM,MM,MM,1018.9,8.6,9.4,5.0,MM,MM,MM
2026,02,23,21,30,130,2.0,3.0,MM,MM,MM,MM,1019.2,8.2,9.4,4.2,MM,MM,MM
2026,02,23,21,20,120,2.0,3.0,2.5,9,8.1,241,1019.1,8.0,9.4,4.2,MM,MM,MM
2026,02,23,21,10,140,2.0,3.0,MM,MM,MM,MM,1019.3,7.9,9.3,4.2,MM,MM,MM
2026,02,23,21,00,160,3.0,4.0,MM,MM,MM,MM,1019.4,7.9,9.3,4.1,MM,+0.7,MM
2026,02,23,20,50,150,4.0,5.0,2.1,9,7.5,237,1019.2,7.9,9.3,4.2,MM,MM,MM
2026,02,23,20,40,150,4.0,6.0,MM,MM,MM,MM,1019.3,7.6,9.3,3.7,MM,MM,MM
2026,02,23,20,30,170,6.0,8.0,MM,MM,MM,MM,1019.2,7.4,9.3,4.0,MM,MM,MM
2026,02,23,20,20,180,6.0,8.0,2.2,10,7.8,239,1019.2,7.8,9.3,4.0,MM,MM,MM
2026,02,23,20,10,180,6.0,8.0,2.2,MM,7.8,239,1019.2,7.8,9.3,3.3,MM,MM,MM
2026,02,23,20,00,180,7.0,8.0,MM,MM,MM,MM,1019.2,7.5,9.3,3.2,MM,+1.0,MM
2026,02,23,19,50,190,8.0,10.0,1.9,10,7.4,234,1019.2,8.0,9.3,3.9,MM,MM,MM
2026,02,23,19,40,180,5.0,6.0,MM,MM,MM,MM,1019.2,8.4,9.3,4.9,MM,MM,MM
2026,02,23,19,30,180,5.0,7.0,MM,MM,MM,MM,1019.2,8.4,9.3,5.1,MM,MM,MM
2026,02,23,19,20,180,6.0,8.0,2.0,10,7.6,234,1019.0,8.3,9.3,5.1,MM,MM,MM
2026,02,23,19,10,180,7.0,8.0,2.0,MM,7.6,234,1019.1,8.3,9.3,5.2,MM,MM,MM
2026,02,23,19,00,170,6.0,7.0,MM,MM,MM,MM,1019.0,8.5,9.3,5.1,MM,+1.4,MM
2026,02,23,18,50,180,6.0,7.0,1.8,10,7.3,241,1018.8,8.6,9.3,4.6,MM,MM,MM
2026,02,23,18,40,190,6.0,7.0,1.8,MM,7.3,241,1018.9,8.5,9.3,4.5,MM,MM,MM
2026,02,23,18,30,190,5.0,7.0,MM,MM,MM,MM,1018.8,8.6,9.2,4.9,MM,MM,MM
2026,02,23,18,20,200,5.0,6.0,1.7,10,7.1,230,1018.4,8.5,9.2,4.5,MM,MM,MM
2026,02,23,18,10,200,5.0,6.0,1.7,MM,7.1,230,1018.3,8.5,9.2,4.6,MM,MM,MM
2026,02,23,18,00,200,5.0,7.0,MM,MM,MM,MM,1018.7,8.4,9.2,4.5,MM,+2.8,MM
2026,02,23,17,50,210,4.0,5.0,1.7,11,7.0,231,1018.2,8.5,9.2,4.5,MM,MM,MM
2026,02,23,17,40,220,5.0,7.0,MM,MM,MM,MM,1018.6,8.6,9.2,4.2,MM,MM,MM
2026,02,23,17,30,220,5.0,7.0,MM,MM,MM,MM,1018.4,8.5,9.2,4.1,MM,MM,MM
2026,02,23,17,20,230,7.0,8.0,1.6,11,6.5,227,1018.5,8.5,9.2,4.1,MM,MM,MM
2026,02,23,17,10,220,7.0,8.0,1.6,MM,6.5,227,1018.2,8.4,9.2,4.3,MM,MM,MM
2026,02,23,17,00,230,7.0,9.0,MM,MM,MM,MM,1018.1,8.5,9.2,4.3,MM,+2.4,MM
2026,02,23,16,50,230,7.0,8.0,1.8,11,6.9,228,1017.6,8.5,9.2,4.5,MM,MM,MM
2026,02,23,16,40,220,7.0,9.0,MM,MM,MM,MM,1017.3,8.5,9.2,4.5,MM,MM,MM
2026,02,23,16,30,220,8.0,9.0,MM,MM,MM,MM,1017.2,8.6,9.2,4.5,MM,MM,MM
2026,02,23,16,20,220,7.0,9.0,1.6,11,6.7,213,1017.4,8.6,9.3,4.8,MM,MM,MM
2026,02,23,16,10,220,7.0,9.0,MM,MM,MM,MM,1017.3,8.6,9.3,4.3,MM,MM,MM
2026,02,23,16,00,230,7.0,9.0,MM,MM,MM,MM,1017.3,8.6,9.3,3.7,MM,+2.4,MM
2026,02,23,15,50,220,8.0,9.0,1.6,11,6.1,212,1016.9,8.2,9.3,3.7,MM,MM,MM
2026,02,23,15,40,220,9.0,11.0,MM,MM,MM,MM,1016.8,8.7,9.3,4.6,MM,MM,MM
2026,02,23,15,30,220,8.0,9.0,MM,MM,MM,MM,1016.6,8.7,9.2,4.1,MM,MM,MM
2026,02,23,15,20,220,8.0,10.0,2.0,11,6.9,208,1016.0,8.7,9.3,4.4,MM,MM,MM
2026,02,23,15,10,220,9.0,10.0,MM,MM,MM,MM,1015.7,8.7,9.3,4.3,MM,MM,MM
2026,02,23,15,00,220,9.0,11.0,MM,MM,MM,MM,1015.7,8.5,9.5,4.6,MM,+1.6,MM
2026,02,23,14,50,210,6.0,11.0,1.7,11,6.7,224,1015.6,7.3,9.4,4.8,MM,MM,MM
2026,02,23,14,40,210,4.0,7.0,1.7,MM,6.7,224,1016.0,6.5,9.4,4.3,MM,MM,MM
2026,02,23,14,30,210,3.0,5.0,MM,MM,MM,MM,1015.8,5.9,9.4,4.0,MM,MM,MM
2026,02,23,14,20,200,6.0,9.0,1.7,11,6.5,229,1015.9,5.9,9.4,3.4,MM,MM,MM
2026,02,23,14,10,210,7.0,12.0,1.7,MM,6.5,229,1015.9,7.3,9.3,4.3,MM,MM,MM
2026,02,23,14,00,190,6.0,8.0,MM,MM,MM,MM,1015.8,7.9,9.3,4.5,MM,+2.2,MM
2026,02,23,13,50,190,7.0,9.0,1.8,11,6.3,220,1015.6,8.1,9.3,4.6,MM,MM,MM
2026,02,23,13,40,200,7.0,9.0,1.8,MM,6.3,220,1015.6,8.0,9.3,4.3,MM,MM,MM
2026,02,23,13,30,200,7.0,8.0,MM,MM,MM,MM,1015.5,7.9,9.6,4.4,MM,MM,MM
2026,02,23,13,20,200,7.0,9.0,2.1,11,6.4,229,1015.5,7.9,9.6,4.3,MM,MM,MM
2026,02,23,13,10,210,7.0,9.0,2.1,MM,6.4,229,1015.5,7.8,9.5,4.1,MM,MM,MM
2026,02,23,13,00,220,6.0,7.0,MM,MM,MM,MM,1015.2,7.6,9.5,4.1,MM,+2.7,MM
2026,02,23,12,50,230,7.0,8.0,2.1,11,5.7,223,1015.0,7.6,9.5,4.2,MM,MM,MM
2026,02,23,12,40,240,8.0,9.0,2.1,MM,5.7,223,1014.9,7.5,9.5,4.1,MM,MM,MM
2026,02,23,12,30,240,9.0,11.0,MM,MM,MM,MM,1014.7,7.4,9.4,4.6,MM,MM,MM
2026,02,23,12,20,230,11.0,13.0,2.1,12,6.2,233,1014.6,7.5,9.4,5.0,MM,MM,MM
2026,02,23,12,10,230,12.0,18.0,2.1,MM,6.2,233,1014.6,7.6,9.4,4.6,MM,MM,MM
2026,02,23,12,00,240,6.0,8.0,MM,MM,MM,MM,1014.3,8.1,9.4,4.8,MM,+1.6,MM
2026,02,23,11,50,240,7.0,10.0,2.0,11,6.3,223,1014.2,8.3,9.4,4.8,MM,MM,MM
2026,02,23,11,40,210,9.0,11.0,MM,MM,MM,MM,1014.0,8.5,9.4,4.6,MM,MM,MM
2026,02,23,11,30,220,9.0,10.0,MM,MM,MM,MM,1014.0,8.3,9.4,4.3,MM,MM,MM
2026,02,23,11,20,230,8.0,10.0,2.1,11,6.2,222,1013.7,8.0,9.3,4.3,MM,MM,MM
2026,02,23,11,10,230,8.0,10.0,MM,MM,MM,MM,1013.6,7.7,9.3,4.3,MM,MM,MM
2026,02,23,11,00,220,8.0,10.0,MM,MM,MM,MM,1013.5,7.7,9.3,4.2,MM,+0.8,MM
2026,02,23,10,50,220,10.0,14.0,1.9,9,6.4,236,1013.5,7.8,9.3,4.8,MM,MM,MM
2026,02,23,10,40,220,9.0,13.0,MM,MM,MM,MM,1013.2,7.7,9.3,4.1,MM,MM,MM
2026,02,23,10,30,230,9.0,13.0,MM,MM,MM,MM,1013.6,7.2,9.3,5.3,MM,MM,MM
2026,02,23,10,20,220,8.0,14.0,1.9,11,7.1,225,1013.1,7.7,9.3,6.3,MM,MM,MM
2026,02,23,10,10,160,4.0,5.0,MM,MM,MM,MM,1012.5,7.7,9.3,6.3,MM,MM,MM
2026,02,23,10,00,170,5.0,7.0,MM,MM,MM,MM,1012.5,7.8,9.3,6.5,MM,+0.7,MM
2026,02,23,09,50,170,5.0,6.0,1.8,11,6.6,232,1012.8,7.9,9.3,6.5,MM,MM,MM
2026,02,23,09,40,180,5.0,7.0,MM,MM,MM,MM,1012.8,7.8,9.4,6.3,MM,MM,MM
2026,02,23,09,30,190,6.0,7.0,MM,MM,MM,MM,1012.8,7.6,9.4,6.1,MM,MM,MM
2026,02,23,09,20,200,6.0,8.0,1.8,9,6.4,223,1012.6,7.4,9.4,6.0,MM,MM,MM
2026,02,23,09,10,200,7.0,8.0,1.8,MM,6.4,223,1012.8,7.2,9.3,5.9,MM,MM,MM
2026,02,23,09,00,190,7.0,8.0,MM,MM,MM,MM,1012.7,MM,MM,MM,MM,+1.0,MM
2026,02,23,08,50,180,6.0,7.0,1.6,9,5.7,231,1012.7,6.2,9.3,5.3,MM,MM,MM
2026,02,23,08,40,180,7.0,8.0,MM,MM,MM,MM,1012.5,5.8,9.3,4.8,MM,MM,MM
2026,02,23,08,30,180,8.0,10.0,MM,MM,MM,MM,1012.4,5.9,9.3,4.8,MM,MM,MM
2026,02,23,08,20,190,9.0,11.0,1.8,12,6.0,200,1012.6,6.0,9.2,4.8,MM,MM,MM
2026,02,23,08,10,210,11.0,14.0,1.8,MM,6.0,200,1012.6,6.2,9.2,4.3,MM,MM,MM
2026,02,23,08,00,180,8.0,10.0,MM,MM,MM,MM,1012.7,8.3,9.3,5.6,MM,+0.8,MM
2026,02,23,07,50,130,8.0,10.0,2.1,10,6.3,236,1011.7,8.6,9.3,6.2,MM,MM,MM
2026,02,23,07,40,130,7.0,10.0,MM,MM,MM,MM,1012.0,8.6,9.3,6.1,MM,MM,MM
2026,02,23,07,30,130,8.0,10.0,MM,MM,MM,MM,1012.0,8.6,9.3,5.9,MM,MM,MM
2026,02,23,07,20,120,9.0,11.0,1.8,10,5.8,227,1011.8,8.6,9.3,5.8,MM,MM,MM
2026,02,23,07,10,120,8.0,11.0,1.8,MM,5.8,227,1012.0,8.6,9.4,5.9,MM,MM,MM
2026,02,23,07,00,120,9.0,11.0,MM,MM,MM,MM,1011.9,8.6,9.4,6.1,MM,+0.0,MM
2026,02,23,06,50,120,9.0,12.0,1.8,10,6.3,218,1012.1,8.7,9.4,6.4,MM,MM,MM
2026,02,23,06,40,120,10.0,12.0,MM,MM,MM,MM,1012.1,8.7,9.4,5.8,MM,MM,MM
2026,02,23,06,30,120,10.0,12.0,MM,MM,MM,MM,1011.8,8.7,9.4,5.9,MM,MM,MM
2026,02,23,06,20,110,10.0,12.0,1.8,10,6.4,220,1011.7,8.6,9.4,6.2,MM,MM,MM
2026,02,23,06,10,110,9.0,11.0,1.8,MM,6.4,220,1011.7,8.6,9.4,6.3,MM,MM,MM
2026,02,23,06,00,100,9.0,12.0,MM,MM,MM,MM,1011.7,8.4,9.3,6.7,MM,+0.0,MM
2026,02,23,05,50,100,9.0,11.0,1.7,10,6.2,220,1011.7,8.5,9.3,6.5,MM,MM,MM
2026,02,23,05,40,110,9.0,11.0,MM,MM,MM,MM,1011.8,8.4,9.3,6.3,MM,MM,MM
2026,02,23,05,30,110,9.0,11.0,MM,MM,MM,MM,1012.1,8.3,9.4,6.3,MM,MM,MM
2026,02,23,05,20,120,10.0,11.0,1.6,11,6.3,226,1012.1,8.4,9.4,6.5,MM,MM,MM
2026,02,23,05,10,120,10.0,11.0,1.6,MM,6.3,226,1012.2,8.4,9.4,6.4,MM,MM,MM
2026,02,23,05,00,120,9.0,11.0,MM,MM,MM,MM,1012.3,8.5,9.4,6.5,MM,-0.0,MM
2026,02,23,04,50,120,8.0,10.0,1.9,12,6.1,199,1012.3,8.5,9.5,6.4,MM,MM,MM
2026,02,23,04,40,130,8.0,10.0,1.9,MM,6.1,199,1012.3,8.5,9.4,6.5,MM,MM,MM
2026,02,23,04,30,120,10.0,12.0,MM,MM,MM,MM,1012.1,8.3,9.4,6.7,MM,MM,MM
2026,02,23,04,20,120,10.0,13.0,2.5,11,6.8,211,1011.9,8.2,9.3,6.7,MM,MM,MM
2026,02,23,04,10,110,10.0,12.0,2.5,MM,6.8,211,1012.2,8.2,9.3,6.8,MM,MM,MM
2026,02,23,04,00,110,11.0,13.0,MM,MM,MM,MM,1011.9,8.2,9.3,6.7,MM,-0.6,MM
2026,02,23,03,50,110,10.0,12.0,2.3,12,6.9,217,1011.8,8.2,9.3,7.0,MM,MM,MM
2026,02,23,03,40,120,10.0,11.0,MM,MM,MM,MM,1012.0,8.2,9.3,6.9,MM,MM,MM
2026,02,23,03,30,120,10.0,11.0,MM,MM,MM,MM,1012.0,8.3,9.4,6.7,MM,MM,MM
2026,02,23,03,20,120,10.0,12.0,2.7,12,7.4,206,1012.1,8.3,9.4,6.6,MM,MM,MM
2026,02,23,03,10,110,10.0,12.0,MM,MM,MM,MM,1011.9,8.4,9.4,6.6,MM,MM,MM
2026,02,23,03,00,120,10.0,12.0,MM,MM,MM,MM,1011.8,8.4,9.4,6.3,MM,-1.0,MM
2026,02,23,02,50,120,9.0,11.0,2.1,13,6.7,232,1012.2,8.4,9.4,6.3,MM,MM,MM
2026,02,23,02,40,120,10.0,12.0,2.1,MM,6.7,232,1012.3,8.5,9.4,6.0,MM,MM,MM
2026,02,23,02,30,120,10.0,13.0,MM,MM,MM,MM,1012.3,8.5,9.3,5.9,MM,MM,MM
2026,02,23,02,20,120,10.0,12.0,2.1,11,6.3,200,1012.1,8.5,9.3,6.0,MM,MM,MM
2026,02,23,02,10,110,10.0,12.0,MM,MM,MM,MM,1012.2,8.6,9.3,6.4,MM,MM,MM
2026,02,23,02,00,110,10.0,13.0,MM,MM,MM,MM,1012.2,8.6,9.3,6.0,MM,-1.2,MM
2026,02,23,01,50,120,10.0,12.0,2.0,10,6.0,208,1012.1,8.6,9.3,6.0,MM,MM,MM
2026,02,23,01,40,110,10.0,13.0,MM,MM,MM,MM,1012.2,8.8,9.3,6.0,MM,MM,MM
2026,02,23,01,30,110,9.0,11.0,MM,MM,MM,MM,1012.4,8.8,9.3,6.1,MM,MM,MM
2026,02,23,01,20,110,9.0,11.0,2.1,8,6.1,208,1012.5,8.9,9.3,6.2,MM,MM,MM
2026,02,23,01,10,110,9.0,11.0,2.1,MM,6.1,208,1012.5,8.9,9.3,6.1,MM,MM,MM
2026,02,23,01,00,90,9.0,12.0,MM,MM,MM,MM,1012.3,8.6,9.3,6.0,MM,-0.9,MM
2026,02,23,00,50,80,10.0,12.0,2.1,9,5.9,207,1012.4,8.4,9.3,5.7,MM,MM,MM
2026,02,23,00,40,90,10.0,13.0,MM,MM,MM,MM,1012.4,8.3,9.3,5.8,MM,MM,MM
2026,02,23,00,30,90,9.0,11.0,MM,MM,MM,MM,1012.6,8.2,9.3,6.1,MM,MM,MM
2026,02,23,00,20,100,8.0,10.0,2.2,8,6.2,210,1013.0,8.6,9.4,5.9,MM,MM,MM
2026,02,23,00,10,110,9.0,11.0,2.2,MM,6.2,210,1013.0,8.6,9.3,5.9,MM,MM,MM
2026,02,23,00,00,110,8.0,10.0,MM,MM,MM,MM,1013.0,8.6,9.3,5.9,MM,+0.0,MM
2026,02,22,23,50,110,8.0,10.0,2.3,11,6.5,231,1013.1,8.8,9.4,5.8,MM,MM,MM
2026,02,22,23,40,120,7.0,9.0,2.3,MM,6.5,231,1013.2,8.8,9.4,5.5,MM,MM,MM
2026,02,22,23,30,140,9.0,11.0,MM,MM,MM,MM,1012.8,8.8,9.3,5.4,MM,MM,MM
2026,02,22,23,20,140,9.0,12.0,2.4,10,6.6,221,1012.9,8.5,9.3,5.4,MM,MM,MM
2026,02,22,23,10,140,10.0,12.0,MM,MM,MM,MM,1013.1,8.3,9.3,5.5,MM,MM,MM
2026,02,22,23,00,150,10.0,13.0,MM,MM,MM,MM,1013.4,8.1,9.3,5.7,MM,+0.6,MM
2026,02,22,22,50,150,11.0,16.0,2.2,9,6.5,217,1013.9,8.3,9.4,5.8,MM,MM,MM
2026,02,22,22,40,150,9.0,11.0,MM,MM,MM,MM,1013.5,8.2,9.3,5.6,MM,MM,MM
2026,02,22,22,30,140,9.0,14.0,MM,MM,MM,MM,1013.4,8.3,9.3,5.6,MM,MM,MM
2026,02,22,22,20,120,10.0,12.0,2.2,11,6.4,205,1013.5,8.7,9.4,5.7,MM,MM,MM
2026,02,22,22,10,120,7.0,9.0,2.2,MM,6.4,205,1013.1,8.6,9.4,5.7,MM,MM,MM
2026,02,22,22,00,140,8.0,10.0,MM,MM,MM,MM,1013.3,9.1,9.4,5.1,MM,+0.8,MM
2026,02,22,21,50,160,9.0,12.0,2.3,11,6.6,224,1013.1,9.5,MM,4.9,MM,MM,MM
2026,02,22,21,40,150,10.0,12.0,2.3,MM,6.6,224,1013.1,10.1,9.4,5.6,MM,MM,MM
2026,02,22,21,30,160,10.0,13.0,MM,MM,MM,MM,1013.0,10.3,9.4,5.6,MM,MM,MM
2026,02,22,21,20,160,10.0,13.0,2.2,9,6.6,196,1012.8,10.4,9.4,5.7,MM,MM,MM
2026,02,22,21,10,160,10.0,13.0,2.2,MM,6.6,196,1012.7,10.2,9.4,5.7,MM,MM,MM
2026,02,22,21,00,160,9.0,12.0,MM,MM,MM,MM,1012.7,10.1,9.4,5.7,MM,+1.3,MM
2026,02,22,20,50,160,9.0,13.0,2.4,10,6.6,218,1012.8,9.9,9.4,5.7,MM,MM,MM
2026,02,22,20,40,150,9.0,12.0,MM,MM,MM,MM,1012.9,9.7,9.5,5.6,MM,MM,MM
2026,02,22,20,30,140,9.0,11.0,MM,MM,MM,MM,1012.8,9.6,9.5,5.6,MM,MM,MM
2026,02,22,20,20,140,10.0,13.0,2.4,11,6.7,209,1012.7,9.8,9.5,5.5,MM,MM,MM
2026,02,22,20,10,150,11.0,14.0,MM,MM,MM,MM,1012.5,10.1,9.5,5.6,MM,MM,MM
2026,02,22,20,00,150,10.0,12.0,MM,MM,MM,MM,1012.5,10.1,9.5,5.7,MM,+2.6,MM
2026,02,22,19,50,150,10.0,13.0,2.3,10,6.3,201,1012.5,10.1,9.6,5.6,MM,MM,MM
2026,02,22,19,40,160,11.0,15.0,MM,MM,MM,MM,1012.3,10.1,9.6,5.5,MM,MM,MM
2026,02,22,19,30,160,11.0,14.0,MM,MM,MM,MM,1012.3,10.0,9.6,5.3,MM,MM,MM
2026,02,22,19,20,160,10.0,13.0,2.3,10,6.4,213,1012.2,9.9,9.7,5.1,MM,MM,MM
2026,02,22,19,10,160,10.0,14.0,MM,MM,MM,MM,1012.1,10.0,9.6,4.9,MM,MM,MM
2026,02,22,19,00,150,11.0,14.0,MM,MM,MM,MM,1012.1,10.0,9.5,4.9,MM,+4.3,MM
2026,02,22,18,50,150,12.0,16.0,2.5,10,6.2,211,1011.9,10.0,9.5,5.1,MM,MM,MM
2026,02,22,18,40,150,13.0,15.0,MM,MM,MM,MM,1011.7,10.0,9.5,5.2,MM,MM,MM
2026,02,22,18,30,150,11.0,14.0,MM,MM,MM,MM,1011.7,9.7,9.5,5.3,MM,MM,MM
2026,02,22,18,20,140,11.0,16.0,2.4,10,6.1,211,1011.3,9.3,9.5,5.2,MM,MM,MM
2026,02,22,18,10,140,10.0,14.0,2.4,MM,6.1,211,1011.4,9.0,9.4,5.3,MM,MM,MM
2026,02,22,18,00,130,10.0,11.0,MM,MM,MM,MM,1011.3,8.9,9.5,5.6,MM,+4.4,MM
2026,02,22,17,50,130,10.0,13.0,1.9,10,5.0,221,1011.0,8.8,9.4,5.4,MM,MM,MM
2026,02,22,17,40,130,11.0,14.0,MM,MM,MM,MM,1010.9,8.8,9.4,5.5,MM,MM,MM
2026,02,22,17,30,140,12.0,16.0,MM,MM,MM,MM,1010.6,8.9,9.4,5.3,MM,MM,MM
2026,02,22,17,20,140,12.0,16.0,1.8,14,5.6,240,1010.5,8.8,9.4,5.4,MM,MM,MM
2026,02,22,17,10,140,13.0,17.0,1.8,MM,5.6,240,1010.3,8.7,9.3,5.9,MM,MM,MM
2026,02,22,17,00,140,11.0,14.0,MM,MM,MM,MM,1010.4,8.6,9.3,6.5,MM,+3.4,MM
2026,02,22,16,50,150,11.0,13.0,1.9,15,5.2,273,1010.3,8.8,9.3,6.5,MM,MM,MM
2026,02,22,16,40,130,11.0,13.0,1.9,MM,5.2,273,1010.2,9.0,9.2,6.2,MM,MM,MM
2026,02,22,16,30,120,11.0,13.0,MM,MM,MM,MM,1009.4,9.1,9.3,6.3,MM,MM,MM
2026,02,22,16,20,120,11.0,14.0,2.1,9,5.6,212,1009.2,9.2,9.3,6.2,MM,MM,MM
2026,02,22,16,10,120,12.0,15.0,2.1,MM,5.6,212,1008.8,9.2,9.2,6.2,MM,MM,MM
2026,02,22,16,00,110,12.0,15.0,MM,MM,MM,MM,1008.5,9.2,9.2,6.0,MM,+1.3,MM
2026,02,22,15,50,120,13.0,16.0,2.0,15,5.6,249,1008.2,9.3,9.2,5.9,MM,MM,MM
2026,02,22,15,40,120,12.0,15.0,MM,MM,MM,MM,1008.1,9.5,9.2,5.9,MM,MM,MM
2026,02,22,15,30,120,12.0,15.0,MM,MM,MM,MM,1007.8,9.7,9.2,5.7,MM,MM,MM
2026,02,22,15,20,130,12.0,16.0,2.2,10,6.1,211,1007.6,9.8,9.2,5.8,MM,MM,MM
2026,02,22,15,10,120,12.0,16.0,2.2,MM,6.1,211,1007.3,9.8,9.2,5.6,MM,MM,MM
2026,02,22,15,00,120,13.0,17.0,MM,MM,MM,MM,1007.2,9.8,9.2,5.5,MM,-0.0,MM
2026,02,22,14,50,120,12.0,16.0,2.0,15,6.0,245,1007.0,9.9,9.3,5.5,MM,MM,MM
2026,02,22,14,40,120,12.0,15.0,MM,MM,MM,MM,1006.7,9.9,9.2,5.5,MM,MM,MM
2026,02,22,14,30,110,10.0,14.0,MM,MM,MM,MM,1006.4,9.5,9.2,5.6,MM,MM,MM
2026,02,22,14,20,110,10.0,11.0,2.3,11,6.3,213,1006.7,9.0,9.3,5.3,MM,MM,MM
2026,02,22,14,10,110,10.0,12.0,MM,MM,MM,MM,1006.6,8.8,9.3,5.3,MM,MM,MM
2026,02,22,14,00,100,10.0,12.0,MM,MM,MM,MM,1006.7,9.0,9.3,5.4,MM,-0.4,MM
2026,02,22,13,50,110,9.0,11.0,2.2,11,6.6,205,1006.6,9.2,9.3,5.2,MM,MM,MM
2026,02,22,13,40,100,9.0,11.0,MM,MM,MM,MM,1007.0,8.9,9.3,5.4,MM,MM,MM
2026,02,22,13,30,110,8.0,11.0,MM,MM,MM,MM,1006.8,8.8,9.3,5.5,MM,MM,MM
2026,02,22,13,20,110,8.0,11.0,2.3,10,6.6,214,1007.0,8.9,9.3,5.4,MM,MM,MM
2026,02,22,13,10,110,9.0,12.0,2.3,MM,6.6,214,1007.1,8.9,9.3,5.5,MM,MM,MM
2026,02,22,13,00,90,10.0,12.0,MM,MM,MM,MM,1006.9,8.7,9.3,5.5,MM,-0.9,MM
2026,02,22,12,50,90,10.0,12.0,2.3,10,6.7,210,1006.7,8.5,9.3,5.3,MM,MM,MM
2026,02,22,12,40,90,11.0,14.0,MM,MM,MM,MM,1006.7,8.5,9.2,5.3,MM,MM,MM
2026,02,22,12,30,90,10.0,14.0,MM,MM,MM,MM,1006.5,8.4,9.2,5.3,MM,MM,MM
2026,02,22,12,20,90,10.0,13.0,2.4,10,6.4,208,1006.7,8.7,9.2,5.5,MM,MM,MM
2026,02,22,12,10,90,10.0,13.0,2.4,MM,6.4,208,1006.9,8.3,9.3,5.4,MM,MM,MM
2026,02,22,12,00,90,10.0,13.0,MM,MM,MM,MM,1007.0,8.2,9.2,5.5,MM,-1.3,MM
2026,02,22,11,50,90,11.0,13.0,2.5,9,6.6,216,1007.2,8.3,9.2,5.4,MM,MM,MM
2026,02,22,11,40,90,11.0,14.0,MM,MM,MM,MM,1007.1,8.4,9.3,5.4,MM,MM,MM
2026,02,22,11,30,90,11.0,14.0,MM,MM,MM,MM,1007.2,8.2,9.3,5.6,MM,MM,MM
2026,02,22,11,20,90,11.0,13.0,2.4,9,6.1,217,1007.1,8.1,9.3,5.6,MM,MM,MM
2026,02,22,11,10,90,11.0,14.0,2.4,MM,6.1,217,1007.4,8.1,9.3,5.5,MM,MM,MM
2026,02,22,11,00,90,11.0,14.0,MM,MM,MM,MM,1007.2,8.2,9.3,5.5,MM,-1.1,MM
2026,02,22,10,50,90,12.0,16.0,2.3,6,5.8,128,1007.4,8.0,9.3,5.2,MM,MM,MM
2026,02,22,10,40,90,12.0,16.0,2.3,MM,5.8,128,1007.3,8.0,9.3,5.2,MM,MM,MM
2026,02,22,10,30,90,12.0,15.0,MM,MM,MM,MM,1007.5,8.0,9.3,5.2,MM,MM,MM
2026,02,22,10,20,100,12.0,16.0,2.5,10,6.4,208,1007.6,7.9,9.3,5.1,MM,MM,MM
2026,02,22,10,10,90,12.0,15.0,MM,MM,MM,MM,1007.6,7.7,9.2,5.1,MM,MM,MM
2026,02,22,10,00,90,12.0,15.0,MM,MM,MM,MM,1007.9,7.7,9.2,5.1,MM,-0.7,MM
2026,02,22,09,50,90,12.0,15.0,2.3,8,6.2,220,1007.9,7.7,9.2,5.2,MM,MM,MM
2026,02,22,09,40,90,11.0,15.0,MM,MM,MM,MM,1008.2,7.9,9.2,5.2,MM,MM,MM
2026,02,22,09,30,100,12.0,16.0,MM,MM,MM,MM,1008.2,7.7,9.2,4.9,MM,MM,MM
2026,02,22,09,20,90,12.0,16.0,2.2,8,5.9,201,1008.0,7.8,9.2,5.0,MM,MM,MM
2026,02,22,09,10,90,11.0,14.0,2.2,MM,5.9,201,1008.2,7.8,9.2,4.9,MM,MM,MM
2026,02,22,09,00,90,11.0,14.0,MM,MM,MM,MM,1008.3,7.9,9.2,5.0,MM,-0.6,MM
2026,02,22,08,50,90,11.0,15.0,2.1,10,5.8,217,1008.4,7.8,9.2,4.9,MM,MM,MM
2026,02,22,08,40,90,12.0,14.0,MM,MM,MM,MM,1008.4,8.0,9.2,4.8,MM,MM,MM
2026,02,22,08,30,90,12.0,14.0,MM,MM,MM,MM,1008.4,8.1,9.2,4.8,MM,MM,MM
2026,02,22,08,20,90,12.0,14.0,2.0,6,5.5,125,1008.6,8.0,9.2,4.8,MM,MM,MM
2026,02,22,08,10,90,12.0,15.0,2.0,MM,5.5,125,1008.2,8.0,9.2,4.7,MM,MM,MM
2026,02,22,08,00,90,11.0,14.0,MM,MM,MM,MM,1008.4,7.9,9.2,4.8,MM,-1.0,MM
2026,02,22,07,50,90,11.0,14.0,2.1,6,5.5,131,1008.4,7.8,9.2,4.7,MM,MM,MM
2026,02,22,07,40,100,11.0,14.0,2.1,MM,5.5,131,1008.4,8.2,9.2,4.9,MM,MM,MM
2026,02,22,07,30,100,11.0,15.0,MM,MM,MM,MM,1008.3,7.8,9.2,4.6,MM,MM,MM
2026,02,22,07,20,90,11.0,14.0,2.0,6,5.1,126,1008.5,8.1,9.2,4.8,MM,MM,MM
2026,02,22,07,10,100,11.0,13.0,MM,MM,MM,MM,1008.7,8.1,9.2,4.8,MM,MM,MM
2026,02,22,07,00,100,11.0,14.0,MM,MM,MM,MM,1008.7,7.9,9.2,4.7,MM,-0.8,MM
2026,02,22,06,50,100,11.0,14.0,2.1,6,5.4,121,1008.9,7.9,9.2,4.7,MM,MM,MM
2026,02,22,06,40,100,11.0,14.0,MM,MM,MM,MM,1008.8,7.7,9.2,4.6,MM,MM,MM
2026,02,22,06,30,100,12.0,15.0,MM,MM,MM,MM,1008.7,7.4,9.2,4.6,MM,MM,MM
2026,02,22,06,20,100,12.0,16.0,2.2,6,5.4,131,1008.8,7.0,9.2,4.5,MM,MM,MM
2026,02,22,06,10,90,13.0,16.0,MM,MM,MM,MM,1008.7,7.0,9.2,4.7,MM,MM,MM
2026,02,22,06,00,90,12.0,16.0,MM,MM,MM,MM,1009.1,7.0,9.1,4.9,MM,-0.3,MM
2026,02,22,05,50,90,13.0,15.0,2.2,6,5.5,120,1009.2,7.1,9.1,5.1,MM,MM,MM
2026,02,22,05,40,90,12.0,14.0,MM,MM,MM,MM,1009.2,7.2,9.1,5.2,MM,MM,MM
2026,02,22,05,30,90,12.0,15.0,MM,MM,MM,MM,1009.2,7.4,9.1,5.5,MM,MM,MM
2026,02,22,05,20,80,13.0,17.0,2.3,6,5.6,132,1009.3,7.2,9.1,5.4,MM,MM,MM
2026,02,22,05,10,90,11.0,15.0,2.3,MM,5.6,132,1009.5,7.4,9.2,5.4,MM,MM,MM
2026,02,22,05,00,90,11.0,13.0,MM,MM,MM,MM,1009.3,7.4,9.2,5.5,MM,-0.7,MM
2026,02,22,04,50,90,11.0,13.0,2.1,7,5.6,125,1009.3,7.3,9.1,5.5,MM,MM,MM
2026,02,22,04,40,90,10.0,15.0,MM,MM,MM,MM,1009.5,7.2,9.1,5.4,MM,MM,MM
2026,02,22,04,30,90,10.0,13.0,MM,MM,MM,MM,1009.7,7.1,9.0,5.3,MM,MM,MM
2026,02,22,04,20,100,10.0,11.0,2.1,6,5.6,115,1009.9,7.1,9.1,5.4,MM,MM,MM
2026,02,22,04,10,90,11.0,14.0,2.1,MM,5.6,115,1009.5,6.9,9.0,5.1,MM,MM,MM
2026,02,22,04,00,90,11.0,14.0,MM,MM,MM,MM,1009.4,7.0,8.8,5.2,MM,-1.2,MM
2026,02,22,03,50,90,12.0,14.0,2.2,7,5.7,118,1009.0,6.8,8.8,5.0,MM,MM,MM
2026,02,22,03,40,90,11.0,14.0,MM,MM,MM,MM,1009.1,6.6,8.8,4.9,MM,MM,MM
2026,02,22,03,30,90,11.0,13.0,MM,MM,MM,MM,1009.2,6.6,8.8,5.0,MM,MM,MM
2026,02,22,03,20,90,11.0,13.0,2.1,7,5.6,125,1009.4,6.6,8.8,5.0,MM,MM,MM
2026,02,22,03,10,90,11.0,14.0,2.1,MM,5.6,125,1009.6,6.4,8.8,4.8,MM,MM,MM
2026,02,22,03,00,90,11.0,13.0,MM,MM,MM,MM,1009.3,6.4,8.9,4.8,MM,-1.9,MM
2026,02,22,02,50,90,11.0,13.0,1.8,6,5.7,123,1009.5,6.4,8.9,4.9,MM,MM,MM
2026,02,22,02,40,90,10.0,13.0,1.8,MM,5.7,123,1009.5,6.4,8.9,4.9,MM,MM,MM
2026,02,22,02,30,90,11.0,14.0,MM,MM,MM,MM,1009.8,6.4,9.0,4.8,MM,MM,MM
2026,02,22,02,20,90,11.0,14.0,1.6,6,5.6,128,1009.8,6.3,8.9,4.8,MM,MM,MM
2026,02,22,02,10,90,11.0,13.0,1.6,MM,5.6,128,1009.9,6.1,8.9,4.6,MM,MM,MM
2026,02,22,02,00,80,11.0,14.0,MM,MM,MM,MM,1009.9,6.0,8.4,4.6,MM,-1.2,MM
2026,02,22,01,50,80,11.0,14.0,1.4,9,5.0,189,1010.0,6.1,8.4,4.7,MM,MM,MM
2026,02,22,01,40,80,11.0,13.0,1.4,MM,5.0,189,1010.1,6.1,8.4,4.8,MM,MM,MM
2026,02,22,01,30,90,11.0,13.0,MM,MM,MM,MM,1010.1,6.1,8.5,4.8,MM,MM,MM
2026,02,22,01,20,80,11.0,15.0,1.5,10,5.1,192,1010.4,6.0,8.5,4.6,MM,MM,MM
2026,02,22,01,10,80,11.0,14.0,MM,MM,MM,MM,1010.4,6.1,8.5,4.8,MM,MM,MM
2026,02,22,01,00,80,11.0,14.0,MM,MM,MM,MM,1010.6,6.0,8.5,4.6,MM,-0.9,MM
2026,02,22,00,50,80,11.0,14.0,1.5,10,5.0,193,1010.6,6.0,8.5,4.6,MM,MM,MM
2026,02,22,00,40,80,11.0,13.0,MM,MM,MM,MM,1010.7,6.0,8.5,4.7,MM,MM,MM
2026,02,22,00,30,80,11.0,14.0,MM,MM,MM,MM,1010.7,6.0,8.5,4.6,MM,MM,MM
2026,02,22,00,20,80,11.0,13.0,1.7,9,5.5,198,1010.8,6.0,8.5,4.7,MM,MM,MM
2026,02,22,00,10,80,11.0,13.0,MM,MM,MM,MM,1010.7,6.0,8.5,4.6,MM,MM,MM
2026,02,22,00,00,80,10.0,12.0,MM,MM,MM,MM,1010.9,6.1,8.5,4.7,MM,-0.6,MM
2026,02,21,23,50,80,11.0,13.0,1.6,8,5.4,208,1011.1,6.0,8.5,4.7,MM,MM,MM
2026,02,21,23,40,80,10.0,12.0,MM,MM,MM,MM,1010.9,6.0,8.4,4.8,MM,MM,MM
2026,02,21,23,30,80,11.0,14.0,MM,MM,MM,MM,1010.9,5.9,8.4,4.6,MM,MM,MM
2026,02,21,23,20,80,11.0,12.0,1.7,10,5.6,197,1011.0,6.0,8.4,4.7,MM,MM,MM
2026,02,21,23,10,90,10.0,13.0,1.7,MM,5.6,197,1011.1,6.0,8.4,4.6,MM,MM,MM
2026,02,21,23,00,80,10.0,13.0,MM,MM,MM,MM,1011.3,6.0,8.4,4.5,MM,-0.9,MM
2026,02,21,22,50,90,10.0,12.0,1.8,9,5.7,201,1011.3,6.0,8.5,4.5,MM,MM,MM
2026,02,21,22,40,80,10.0,12.0,MM,MM,MM,MM,1011.2,5.9,8.5,4.3,MM,MM,MM
2026,02,21,22,30,80,10.0,13.0,MM,MM,MM,MM,1011.2,6.0,8.5,4.3,MM,MM,MM
2026,02,21,22,20,80,9.0,12.0,1.7,10,5.6,196,1011.2,6.0,8.5,4.2,MM,MM,MM
2026,02,21,22,10,80,10.0,12.0,1.7,MM,5.6,196,1011.3,6.0,8.5,4.1,MM,MM,MM
2026,02,21,22,00,80,10.0,12.0,MM,MM,MM,MM,1011.4,6.1,8.5,4.0,MM,+0.0,MM
2026,02,21,21,50,80,10.0,13.0,1.9,11,5.7,210,1011.5,6.2,8.5,3.8,MM,MM,MM
2026,02,21,21,40,80,10.0,13.0,MM,MM,MM,MM,1011.6,6.3,8.6,3.9,MM,MM,MM
2026,02,21,21,30,90,11.0,13.0,MM,MM,MM,MM,1011.6,6.2,8.6,3.6,MM,MM,MM
2026,02,21,21,20,90,11.0,14.0,1.7,11,5.2,190,1011.7,6.3,8.6,3.4,MM,MM,MM
2026,02,21,21,10,90,10.0,14.0,1.7,MM,5.2,190,1011.7,6.5,8.7,3.5,MM,MM,MM
2026,02,21,21,00,90,10.0,14.0,MM,MM,MM,MM,1011.5,6.6,8.7,3.3,MM,+0.9,MM
2026,02,21,20,50,90,10.0,13.0,1.9,11,5.2,207,1011.6,6.6,8.8,3.2,MM,MM,MM
2026,02,21,20,40,80,11.0,13.0,MM,MM,MM,MM,1011.6,6.5,8.8,3.1,MM,MM,MM
2026,02,21,20,30,80,11.0,14.0,MM,MM,MM,MM,1011.6,6.9,8.9,3.2,MM,MM,MM
2026,02,21,20,20,90,11.0,13.0,1.9,11,5.2,199,1011.6,7.1,9.0,2.8,MM,MM,MM
2026,02,21,20,10,90,10.0,13.0,MM,MM,MM,MM,1011.7,7.3,9.1,2.9,MM,MM,MM
2026,02,21,20,00,90,10.0,13.0,MM,MM,MM,MM,1011.6,7.3,9.1,2.7,MM,+1.6,MM
2026,02,21,19,50,90,11.0,13.0,1.8,11,5.0,226,1011.5,7.5,9.1,2.8,MM,MM,MM
2026,02,21,19,40,90,11.0,14.0,MM,MM,MM,MM,1011.6,7.4,9.1,2.8,MM,MM,MM
2026,02,21,19,30,90,11.0,14.0,MM,MM,MM,MM,1011.4,7.3,9.1,2.8,MM,MM,MM
2026,02,21,19,20,90,11.0,15.0,2.0,10,5.0,191,1011.2,7.2,9.1,2.7,MM,MM,MM
2026,02,21,19,10,90,12.0,15.0,2.0,MM,5.0,191,1011.0,7.1,9.1,2.7,MM,MM,MM
2026,02,21,19,00,90,12.0,15.0,MM,MM,MM,MM,1011.0,7.1,9.1,2.7,MM,+1.4,MM
2026,02,21,18,50,80,13.0,16.0,2.1,9,5.2,196,1010.9,7.0,9.1,2.4,MM,MM,MM
2026,02,21,18,40,80,12.0,15.0,2.1,MM,5.2,196,1010.7,7.3,9.1,2.6,MM,MM,MM
2026,02,21,18,30,80,12.0,15.0,MM,MM,MM,MM,1010.7,7.1,9.1,2.5,MM,MM,MM
2026,02,21,18,20,80,12.0,15.0,2.2,9,5.4,200,1010.7,7.1,9.1,2.4,MM,MM,MM
2026,02,21,18,10,90,11.0,15.0,2.2,MM,5.4,200,1010.8,7.2,9.1,2.7,MM,MM,MM
2026,02,21,18,00,90,12.0,15.0,MM,MM,MM,MM,1011.0,7.2,9.1,2.4,MM,+2.1,MM
2026,02,21,17,50,90,12.0,14.0,2.0,6,5.0,128,1010.9,7.0,9.1,2.4,MM,MM,MM
2026,02,21,17,40,90,12.0,15.0,MM,MM,MM,MM,1010.9,7.0,9.1,2.5,MM,MM,MM
2026,02,21,17,30,90,12.0,15.0,MM,MM,MM,MM,1010.8,7.1,9.1,2.4,MM,MM,MM
2026,02,21,17,20,90,11.0,14.0,2.0,6,5.0,127,1010.7,7.2,9.1,2.3,MM,MM,MM
2026,02,21,17,10,90,11.0,14.0,2.0,MM,5.0,127,1010.5,7.3,9.1,2.3,MM,MM,MM
2026,02,21,17,00,90,11.0,14.0,MM,MM,MM,MM,1010.5,7.3,9.1,2.0,MM,+1.3,MM
2026,02,21,16,50,90,11.0,13.0,2.2,6,5.1,127,1010.4,7.4,9.1,2.3,MM,MM,MM
2026,02,21,16,40,90,12.0,16.0,2.2,MM,5.1,127,1010.2,7.2,9.1,2.0,MM,MM,MM
2026,02,21,16,30,90,11.0,13.0,MM,MM,MM,MM,1010.2,7.1,9.1,2.0,MM,MM,MM
2026,02,21,16,20,90,12.0,15.0,2.2,6,5.1,127,1010.1,7.0,9.0,2.0,MM,MM,MM
2026,02,21,16,10,90,11.0,14.0,2.2,MM,5.1,127,1010.1,6.8,9.0,2.4,MM,MM,MM
2026,02,21,16,00,80,12.0,15.0,MM,MM,MM,MM,1010.0,6.9,9.1,2.4,MM,+0.5,MM
2026,02,21,15,50,100,11.0,15.0,2.4,6,5.2,127,1010.0,7.3,9.1,2.3,MM,MM,MM
2026,02,21,15,40,110,13.0,17.0,2.4,MM,5.2,127,1009.7,7.3,9.1,2.0,MM,MM,MM
2026,02,21,15,30,110,15.0,18.0,MM,MM,MM,MM,1009.6,7.6,9.1,1.5,MM,MM,MM
2026,02,21,15,20,120,14.0,19.0,2.3,6,5.2,131,1009.6,7.5,9.1,1.4,MM,MM,MM
2026,02,21,15,10,110,13.0,17.0,2.3,MM,5.2,131,1009.6,7.6,9.1,1.6,MM,MM,MM
2026,02,21,15,00,110,13.0,18.0,MM,MM,MM,MM,1009.1,7.3,9.1,1.7,MM,-1.1,MM
2026,02,21,14,50,90,11.0,16.0,2.2,6,5.2,122,1009.2,6.9,9.1,2.2,MM,MM,MM
2026,02,21,14,40,100,12.0,16.0,MM,MM,MM,MM,1009.2,7.1,9.1,2.3,MM,MM,MM
2026,02,21,14,30,90,12.0,14.0,MM,MM,MM,MM,1009.2,7.1,9.1,2.2,MM,MM,MM
2026,02,21,14,20,90,12.0,14.0,1.7,6,5.0,119,1009.2,7.1,9.1,2.0,MM,MM,MM
2026,02,21,14,10,80,12.0,15.0,1.7,MM,5.0,119,1009.2,7.1,9.1,2.0,MM,MM,MM
2026,02,21,14,00,90,12.0,15.0,MM,MM,MM,MM,1009.2,7.0,9.0,1.9,MM,-1.2,MM
2026,02,21,13,50,90,13.0,15.0,1.5,6,4.6,131,1009.2,6.9,9.0,1.8,MM,MM,MM
2026,02,21,13,40,90,12.0,15.0,MM,MM,MM,MM,1009.4,6.8,9.0,2.0,MM,MM,MM
2026,02,21,13,30,80,13.0,15.0,MM,MM,MM,MM,1009.2,6.7,9.0,1.7,MM,MM,MM
2026,02,21,13,20,80,13.0,15.0,1.4,6,4.8,133,1009.3,6.7,9.0,1.7,MM,MM,MM
2026,02,21,13,10,80,12.0,14.0,1.4,MM,4.8,133,1009.4,6.6,9.0,1.8,MM,MM,MM
2026,02,21,13,00,80,11.0,14.0,MM,MM,MM,MM,1009.4,6.6,9.1,2.0,MM,-1.5,MM
2026,02,21,12,50,80,11.0,15.0,1.2,6,4.5,126,1009.5,6.7,9.1,1.9,MM,MM,MM
2026,02,21,12,40,80,11.0,13.0,1.2,MM,4.5,126,1009.6,6.7,9.1,2.2,MM,MM,MM
2026,02,21,12,30,80,11.0,14.0,MM,MM,MM,MM,1009.7,6.8,8.9,2.2,MM,MM,MM
2026,02,21,12,20,80,10.0,12.0,1.2,5,4.5,127,1009.7,6.8,8.9,2.2,MM,MM,MM
2026,02,21,12,10,80,10.0,12.0,1.2,MM,4.5,127,1009.9,7.0,8.9,2.4,MM,MM,MM
2026,02,21,12,00,80,10.0,12.0,MM,MM,MM,MM,1009.9,6.9,8.8,2.3,MM,-1.7,MM
2026,02,21,11,50,80,9.0,11.0,1.1,5,4.4,139,1010.2,7.0,8.8,2.5,MM,MM,MM
2026,02,21,11,40,90,9.0,11.0,MM,MM,MM,MM,1010.3,6.9,8.8,2.6,MM,MM,MM
2026,02,21,11,30,80,9.0,12.0,MM,MM,MM,MM,1010.3,6.7,8.8,2.5,MM,MM,MM
2026,02,21,11,20,80,10.0,12.0,1.0,9,4.3,284,1010.4,6.6,8.8,2.7,MM,MM,MM
2026,02,21,11,10,80,10.0,12.0,1.0,MM,4.3,284,1010.3,6.8,8.8,2.6,MM,MM,MM
2026,02,21,11,00,80,10.0,12.0,MM,MM,MM,MM,1010.4,6.7,8.8,2.7,MM,-1.6,MM
2026,02,21,10,50,80,10.0,12.0,1.0,5,4.2,129,1010.4,6.5,8.8,2.7,MM,MM,MM
2026,02,21,10,40,80,10.0,12.0,1.0,MM,4.2,129,1010.5,6.1,8.8,2.6,MM,MM,MM
2026,02,21,10,30,80,10.0,13.0,MM,MM,MM,MM,1010.5,6.1,8.8,2.6,MM,MM,MM
2026,02,21,10,20,80,10.0,13.0,1.0,5,4.2,116,1010.8,6.0,8.8,2.7,MM,MM,MM
2026,02,21,10,10,70,10.0,12.0,MM,MM,MM,MM,1010.8,5.9,8.8,2.6,MM,MM,MM
2026,02,21,10,00,80,10.0,12.0,MM,MM,MM,MM,1010.9,5.9,8.8,2.8,MM,-1.6,MM
2026,02,21,09,50,80,9.0,11.0,1.1,9,4.2,251,1011.2,5.8,8.8,2.9,MM,MM,MM
2026,02,21,09,40,80,9.0,11.0,1.1,MM,4.2,251,1011.4,5.9,8.8,2.8,MM,MM,MM
2026,02,21,09,30,80,9.0,10.0,MM,MM,MM,MM,1011.4,5.8,8.8,2.8,MM,MM,MM
2026,02,21,09,20,80,9.0,11.0,1.1,13,4.2,260,1011.6,5.9,8.8,2.9,MM,MM,MM
2026,02,21,09,10,80,9.0,11.0,1.1,MM,4.2,260,1011.5,5.9,8.8,3.0,MM,MM,MM
2026,02,21,09,00,80,9.0,12.0,MM,MM,MM,MM,1011.6,5.7,8.8,2.7,MM,-1.2,MM
2026,02,21,08,50,80,10.0,12.0,1.1,5,4.2,118,1011.8,5.7,8.8,2.8,MM,MM,MM
2026,02,21,08,40,80,9.0,12.0,MM,MM,MM,MM,1011.8,5.9,8.8,2.8,MM,MM,MM
2026,02,21,08,30,80,9.0,12.0,MM,MM,MM,MM,1011.8,5.7,8.8,2.7,MM,MM,MM
2026,02,21,08,20,80,9.0,12.0,1.2,5,4.2,130,1011.9,5.7,8.8,2.7,MM,MM,MM
2026,02,21,08,10,80,10.0,14.0,1.2,MM,4.2,130,1011.9,5.7,8.8,2.5,MM,MM,MM
2026,02,21,08,00,70,10.0,13.0,MM,MM,MM,MM,1012.0,5.5,8.8,2.4,MM,-0.7,MM
2026,02,21,07,50,80,10.0,12.0,1.2,4,4.3,122,1012.1,5.7,8.8,2.6,MM,MM,MM
2026,02,21,07,40,80,10.0,12.0,1.2,MM,4.3,122,1012.1,5.8,8.8,2.4,MM,MM,MM
2026,02,21,07,30,80,9.0,12.0,MM,MM,MM,MM,1012.2,5.8,8.8,2.3,MM,MM,MM
2026,02,21,07,20,80,9.0,11.0,1.2,5,4.1,118,1012.2,5.8,8.8,2.3,MM,MM,MM
2026,02,21,07,10,110,10.0,13.0,MM,MM,MM,MM,1012.3,6.2,8.8,3.2,MM,MM,MM
2026,02,21,07,00,100,10.0,13.0,MM,MM,MM,MM,1012.4,6.2,8.7,3.1,MM,+0.0,MM
2026,02,21,06,50,90,8.0,12.0,1.2,5,4.3,119,1012.4,5.8,8.7,2.5,MM,MM,MM
2026,02,21,06,40,80,9.0,12.0,MM,MM,MM,MM,1012.5,5.8,8.7,2.4,MM,MM,MM
2026,02,21,06,30,80,9.0,12.0,MM,MM,MM,MM,1012.4,5.8,8.7,2.3,MM,MM,MM
2026,02,21,06,20,80,9.0,11.0,1.3,9,4.4,250,1012.6,5.7,8.7,2.0,MM,MM,MM
2026,02,21,06,10,90,8.0,13.0,MM,MM,MM,MM,1012.6,5.8,8.7,2.5,MM,MM,MM
2026,02,21,06,00,90,9.0,13.0,MM,MM,MM,MM,1012.6,5.9,8.7,2.6,MM,+0.0,MM
2026,02,21,05,50,110,11.0,14.0,1.3,5,4.3,125,1012.5,6.3,8.6,3.1,MM,MM,MM
2026,02,21,05,40,110,12.0,14.0,MM,MM,MM,MM,1012.4,6.4,8.6,3.1,MM,MM,MM
2026,02,21,05,30,110,11.0,14.0,MM,MM,MM,MM,1012.4,6.3,8.6,2.9,MM,MM,MM
2026,02,21,05,20,100,10.0,12.0,1.3,5,4.4,134,1012.4,6.2,8.6,2.6,MM,MM,MM
2026,02,21,05,10,100,9.0,12.0,1.3,MM,4.4,134,1012.5,5.9,8.7,2.1,MM,MM,MM
2026,02,21,05,00,90,9.0,12.0,MM,MM,MM,MM,1012.6,5.8,8.7,1.6,MM,+0.0,MM
2026,02,21,04,50,90,9.0,11.0,1.4,5,4.5,122,1012.5,5.8,8.7,1.8,MM,MM,MM
2026,02,21,04,40,80,9.0,11.0,1.4,MM,4.5,122,1012.5,5.8,8.7,1.8,MM,MM,MM
2026,02,21,04,30,90,9.0,11.0,MM,MM,MM,MM,1012.5,5.7,8.7,1.8,MM,MM,MM
2026,02,21,04,20,90,9.0,11.0,1.4,5,4.6,129,1012.5,5.8,8.7,1.7,MM,MM,MM
2026,02,21,04,10,90,8.0,12.0,1.4,MM,4.6,129,1012.4,5.8,8.7,1.6,MM,MM,MM
2026,02,21,04,00,90,9.0,13.0,MM,MM,MM,MM,1012.5,5.8,8.8,1.6,MM,+0.0,MM
2026,02,21,03,50,90,8.0,12.0,1.3,5,4.6,121,1012.5,5.8,8.8,1.7,MM,MM,MM
2026,02,21,03,40,90,8.0,12.0,MM,MM,MM,MM,1012.5,5.9,8.8,2.0,MM,MM,MM
2026,02,21,03,30,100,9.0,12.0,MM,MM,MM,MM,1012.5,5.9,8.8,1.9,MM,MM,MM
2026,02,21,03,20,100,8.0,11.0,1.3,9,4.6,248,1012.7,5.8,8.8,1.8,MM,MM,MM
2026,02,21,03,10,110,10.0,13.0,MM,MM,MM,MM,1012.6,6.2,8.8,2.4,MM,MM,MM
2026,02,21,03,00,120,11.0,12.0,MM,MM,MM,MM,1012.6,6.2,8.8,2.4,MM,-0.3,MM
2026,02,21,02,50,120,11.0,14.0,1.3,9,5.0,244,1012.7,6.0,8.8,2.3,MM,MM,MM
2026,02,21,02,40,120,10.0,13.0,MM,MM,MM,MM,1012.6,6.0,8.8,2.2,MM,MM,MM
2026,02,21,02,30,120,11.0,13.0,MM,MM,MM,MM,1012.6,6.0,8.8,2.1,MM,MM,MM
2026,02,21,02,20,120,11.0,12.0,1.5,9,5.0,256,1012.6,5.9,8.8,2.0,MM,MM,MM
2026,02,21,02,10,120,10.0,12.0,1.5,MM,5.0,256,1012.7,5.9,8.8,2.1,MM,MM,MM
2026,02,21,02,00,120,10.0,12.0,MM,MM,MM,MM,1012.7,5.9,8.7,2.1,MM,+0.0,MM
2026,02,21,01,50,120,10.0,13.0,1.2,9,4.9,253,1012.6,5.9,8.8,2.2,MM,MM,MM
2026,02,21,01,40,120,10.0,12.0,MM,MM,MM,MM,1012.6,5.9,8.7,2.1,MM,MM,MM
2026,02,21,01,30,120,10.0,13.0,MM,MM,MM,MM,1012.5,5.7,8.6,1.7,MM,MM,MM
2026,02,21,01,20,120,10.0,12.0,1.3,9,5.1,254,1012.5,5.7,8.5,1.7,MM,MM,MM
2026,02,21,01,10,110,10.0,12.0,1.3,MM,5.1,254,1012.5,5.6,8.5,1.6,MM,MM,MM
2026,02,21,01,00,110,10.0,12.0,MM,MM,MM,MM,1012.4,5.6,8.5,1.6,MM,-0.3,MM
2026,02,21,00,50,110,10.0,12.0,1.2,9,4.7,248,1012.4,5.6,8.5,1.6,MM,MM,MM
2026,02,21,00,40,110,10.0,12.0,MM,MM,MM,MM,1012.4,5.7,8.5,1.9,MM,MM,MM
2026,02,21,00,30,110,10.0,12.0,MM,MM,MM,MM,1012.5,5.6,8.5,1.6,MM,MM,MM
2026,02,21,00,20,110,10.0,12.0,1.3,10,5.1,280,1012.6,5.6,8.5,1.7,MM,MM,MM
2026,02,21,00,10,110,10.0,12.0,MM,MM,MM,MM,1012.5,5.6,MM,1.6,MM,MM,MM
2026,02,21,00,00,110,10.0,12.0,MM,MM,MM,MM,1012.5,5.5,8.5,1.4,MM,-0.0,MM
2026,02,20,23,50,110,10.0,11.0,1.3,9,4.7,278,1012.5,5.5,8.5,1.3,MM,MM,MM
2026,02,20,23,40,120,10.0,12.0,MM,MM,MM,MM,1012.6,5.5,8.4,1.2,MM,MM,MM
2026,02,20,23,30,110,10.0,12.0,MM,MM,MM,MM,1012.6,5.4,8.4,1.3,MM,MM,MM
2026,02,20,23,20,120,10.0,12.0,1.3,9,4.7,254,1012.5,5.5,8.4,1.4,MM,MM,MM
2026,02,20,23,10,110,10.0,12.0,MM,MM,MM,MM,1012.6,5.4,8.5,0.8,MM,MM,MM
2026,02,20,23,00,120,10.0,12.0,MM,MM,MM,MM,1012.6,5.3,8.5,0.7,MM,-1.0,MM
2026,02,20,22,50,110,10.0,12.0,1.3,9,4.6,262,1012.6,5.4,8.5,0.7,MM,MM,MM
2026,02,20,22,40,110,10.0,12.0,MM,MM,MM,MM,1012.5,5.3,8.5,0.8,MM,MM,MM
2026,02,20,22,30,110,10.0,12.0,MM,MM,MM,MM,1012.6,5.2,8.5,0.7,MM,MM,MM
2026,02,20,22,20,120,10.0,12.0,1.2,9,4.8,258,1012.6,5.2,8.5,0.9,MM,MM,MM
2026,02,20,22,10,110,10.0,12.0,1.2,MM,4.8,258,1012.6,5.2,8.5,1.1,MM,MM,MM
2026,02,20,22,00,110,10.0,12.0,MM,MM,MM,MM,1012.7,5.1,8.5,1.2,MM,-0.9,MM
2026,02,20,21,50,120,10.0,12.0,1.2,9,4.7,256,1012.8,5.0,8.5,1.0,MM,MM,MM
2026,02,20,21,40,110,10.0,11.0,MM,MM,MM,MM,1012.7,5.0,8.6,1.1,MM,MM,MM
2026,02,20,21,30,110,10.0,12.0,MM,MM,MM,MM,1012.8,4.9,8.6,0.8,MM,MM,MM
2026,02,20,21,20,120,10.0,13.0,1.3,10,4.7,263,1012.9,4.9,8.6,0.8,MM,MM,MM
2026,02,20,21,10,110,10.0,12.0,1.3,MM,4.7,263,1012.9,4.9,8.6,0.8,MM,MM,MM
2026,02,20,21,00,110,10.0,12.0,MM,MM,MM,MM,1012.9,4.8,8.6,0.7,MM,-0.6,MM
2026,02,20,20,50,110,10.0,13.0,1.2,9,4.4,259,1012.9,4.7,8.6,0.8,MM,MM,MM
2026,02,20,20,40,110,10.0,12.0,1.2,MM,4.4,259,1012.9,4.6,8.7,0.7,MM,MM,MM
2026,02,20,20,30,110,10.0,12.0,MM,MM,MM,MM,1013.1,4.5,8.7,0.7,MM,MM,MM
2026,02,20,20,20,110,10.0,13.0,1.4,10,4.4,260,1013.1,4.5,8.7,0.7,MM,MM,MM
2026,02,20,20,10,110,10.0,12.0,1.4,MM,4.4,260,1013.0,4.5,8.8,0.5,MM,MM,MM
2026,02,20,20,00,110,10.0,12.0,MM,MM,MM,MM,1013.1,4.5,8.8,0.4,MM,+0.3,MM
2026,02,20,19,50,110,10.0,12.0,1.3,4,4.3,115,1013.2,4.5,8.8,0.4,MM,MM,MM
2026,02,20,19,40,110,10.0,13.0,MM,MM,MM,MM,1013.3,4.4,8.8,0.3,MM,MM,MM
2026,02,20,19,30,110,10.0,13.0,MM,MM,MM,MM,1013.4,4.4,8.8,0.2,MM,MM,MM
2026,02,20,19,20,110,10.0,12.0,1.3,10,4.5,271,1013.5,4.4,8.8,0.1,MM,MM,MM
2026,02,20,19,10,110,10.0,12.0,1.3,MM,4.5,271,1013.5,4.4,8.9,0.2,MM,MM,MM
2026,02,20,19,00,110,10.0,12.0,MM,MM,MM,MM,1013.4,4.3,MM,0.0,MM,+0.7,MM
2026,02,20,18,50,110,10.0,13.0,1.2,10,4.4,260,1013.4,4.3,8.9,0.0,MM,MM,MM
2026,02,20,18,40,120,10.0,12.0,1.2,MM,4.4,260,1013.5,4.2,8.9,0.3,MM,MM,MM
2026,02,20,18,30,120,10.0,12.0,MM,MM,MM,MM,1013.4,4.1,8.9,0.0,MM,MM,MM
2026,02,20,18,20,110,10.0,13.0,1.3,10,4.5,257,1013.3,4.2,8.9,0.2,MM,MM,MM
2026,02,20,18,10,110,10.0,12.0,1.3,MM,4.5,257,1013.4,4.1,9.0,0.4,MM,MM,MM
2026,02,20,18,00,120,10.0,12.0,MM,MM,MM,MM,1013.4,4.1,9.0,0.2,MM,+0.4,MM
2026,02,20,17,50,120,10.0,12.0,1.2,9,4.4,256,1013.5,4.2,9.0,0.3,MM,MM,MM
2026,02,20,17,40,110,9.0,12.0,MM,MM,MM,MM,1013.4,4.2,9.0,0.3,MM,MM,MM
2026,02,20,17,30,120,9.0,12.0,MM,MM,MM,MM,1013.4,4.1,8.9,-0.1,MM,MM,MM
2026,02,20,17,20,120,10.0,12.0,1.2,11,4.5,252,1013.4,4.0,8.9,-0.4,MM,MM,MM
2026,02,20,17,10,120,9.0,12.0,1.2,MM,4.5,252,1013.5,4.1,8.9,-0.7,MM,MM,MM
2026,02,20,17,00,110,9.0,12.0,MM,MM,MM,MM,1013.4,4.0,8.9,-0.8,MM,+0.3,MM
2026,02,20,16,50,110,9.0,12.0,1.2,11,4.8,259,1013.4,3.9,8.9,-0.8,MM,MM,MM
2026,02,20,16,40,120,9.0,11.0,1.2,MM,4.8,259,1013.4,3.9,8.8,-0.5,MM,MM,MM
2026,02,20,16,30,110,9.0,11.0,MM,MM,MM,MM,1013.3,3.7,8.8,-0.2,MM,MM,MM
2026,02,20,16,20,100,8.0,10.0,1.1,10,5.0,254,1013.3,3.5,8.8,0.2,MM,MM,MM
2026,02,20,16,10,90,9.0,10.0,MM,MM,MM,MM,1013.0,3.4,8.8,0.0,MM,MM,MM
2026,02,20,16,00,90,9.0,11.0,MM,MM,MM,MM,1013.0,3.4,8.7,-0.2,MM,+0.0,MM
2026,02,20,15,50,90,8.0,10.0,1.1,10,5.1,254,1013.0,3.3,8.7,-0.3,MM,MM,MM
2026,02,20,15,40,90,8.0,10.0,1.1,MM,5.1,254,1013.1,3.2,8.7,-0.3,MM,MM,MM
2026,02,20,15,30,90,8.0,9.0,MM,MM,MM,MM,1013.1,3.1,8.7,-0.2,MM,MM,MM
2026,02,20,15,20,90,8.0,9.0,1.0,10,4.9,270,1013.2,3.1,8.6,-0.4,MM,MM,MM
2026,02,20,15,10,90,8.0,10.0,1.0,MM,4.9,270,1013.1,3.2,8.5,-0.3,MM,MM,MM
2026,02,20,15,00,80,8.0,10.0,MM,MM,MM,MM,1013.1,3.1,8.6,-0.5,MM,+0.4,MM
2026,02,20,14,50,80,8.0,10.0,1.0,8,4.9,266,1013.0,3.0,8.5,-0.8,MM,MM,MM
2026,02,20,14,40,80,8.0,10.0,1.0,MM,4.9,266,1013.0,3.1,8.6,-0.8,MM,MM,MM
2026,02,20,14,30,80,8.0,10.0,MM,MM,MM,MM,1012.9,3.0,8.6,-0.9,MM,MM,MM
2026,02,20,14,20,80,8.0,10.0,1.0,11,5.3,237,1012.9,3.0,8.6,-0.6,MM,MM,MM
2026,02,20,14,10,80,8.0,9.0,MM,MM,MM,MM,1013.0,2.9,8.6,-0.7,MM,MM,MM
2026,02,20,14,00,80,8.0,9.0,MM,MM,MM,MM,1013.0,2.9,8.5,-0.5,MM,-0.0,MM
2026,02,20,13,50,80,8.0,9.0,1.1,10,5.1,262,1013.0,3.0,8.5,-0.4,MM,MM,MM
2026,02,20,13,40,80,8.0,9.0,1.1,MM,5.1,262,1012.9,2.9,8.5,-0.3,MM,MM,MM
2026,02,20,13,30,80,8.0,9.0,MM,MM,MM,MM,1012.9,2.9,8.5,-0.5,MM,MM,MM
2026,02,20,13,20,80,7.0,9.0,1.1,8,5.3,286,1012.9,2.9,8.5,-0.5,MM,MM,MM
2026,02,20,13,10,80,7.0,9.0,MM,MM,MM,MM,1012.9,2.9,8.4,-0.5,MM,MM,MM
2026,02,20,13,00,80,8.0,9.0,MM,MM,MM,MM,1012.9,2.8,8.4,-0.3,MM,-0.6,MM
2026,02,20,12,50,70,8.0,10.0,1.1,8,5.3,281,1012.6,3.0,8.4,0.2,MM,MM,MM
2026,02,20,12,40,80,8.0,10.0,1.1,MM,5.3,281,1012.6,2.9,8.4,-0.1,MM,MM,MM
2026,02,20,12,30,70,8.0,9.0,MM,MM,MM,MM,1012.8,2.9,8.4,-0.3,MM,MM,MM
2026,02,20,12,20,80,8.0,10.0,1.0,10,5.0,281,1012.7,2.9,8.4,-0.5,MM,MM,MM
2026,02,20,12,10,80,8.0,9.0,1.0,MM,5.0,281,1012.7,2.9,8.4,-0.7,MM,MM,MM
2026,02,20,12,00,80,8.0,10.0,MM,MM,MM,MM,1012.7,3.1,8.4,-0.6,MM,-0.5,MM
2026,02,20,11,50,80,7.0,9.0,1.0,9,5.3,290,1012.8,3.1,8.4,-0.7,MM,MM,MM
2026,02,20,11,40,80,8.0,9.0,MM,MM,MM,MM,1012.8,3.0,8.4,-0.7,MM,MM,MM
2026,02,20,11,30,80,8.0,9.0,MM,MM,MM,MM,1012.8,3.1,8.4,-0.3,MM,MM,MM
2026,02,20,11,20,80,7.0,9.0,1.0,7,5.2,280,1012.9,3.1,8.4,-0.6,MM,MM,MM
2026,02,20,11,10,80,7.0,9.0,1.0,MM,5.2,280,1012.9,3.1,8.4,-1.0,MM,MM,MM
2026,02,20,11,00,80,7.0,9.0,MM,MM,MM,MM,1013.1,3.1,8.4,-1.4,MM,+0.4,MM
2026,02,20,10,50,80,7.0,8.0,1.1,8,5.5,281,1013.0,3.1,8.4,-0.8,MM,MM,MM
2026,02,20,10,40,80,7.0,9.0,MM,MM,MM,MM,1013.0,3.0,8.4,-0.9,MM,MM,MM
2026,02,20,10,30,80,6.0,8.0,MM,MM,MM,MM,1013.0,3.1,8.4,-0.9,MM,MM,MM
2026,02,20,10,20,80,6.0,9.0,1.1,7,5.6,267,1013.2,3.1,8.4,-0.7,MM,MM,MM
2026,02,20,10,10,80,6.0,9.0,MM,MM,MM,MM,1013.2,3.1,8.4,-0.7,MM,MM,MM
2026,02,20,10,00,80,7.0,8.0,MM,MM,MM,MM,1013.1,3.2,8.4,-0.3,MM,+0.7,MM
2026,02,20,09,50,80,6.0,9.0,1.2,9,5.6,277,1013.1,3.1,8.4,-0.4,MM,MM,MM
2026,02,20,09,40,90,6.0,9.0,MM,MM,MM,MM,1013.3,3.1,8.4,-0.4,MM,MM,MM
2026,02,20,09,30,80,6.0,8.0,MM,MM,MM,MM,1013.1,3.1,8.4,-0.5,MM,MM,MM
2026,02,20,09,20,80,6.0,8.0,1.2,8,5.6,277,1013.1,3.1,8.4,-0.5,MM,MM,MM
2026,02,20,09,10,80,7.0,9.0,1.2,MM,5.6,277,1012.9,3.1,8.4,-0.4,MM,MM,MM
2026,02,20,09,00,80,7.0,8.0,MM,MM,MM,MM,1012.9,3.1,8.4,-0.6,MM,+0.3,MM
2026,02,20,08,50,80,7.0,9.0,1.4,8,5.8,274,1012.9,3.1,8.4,-0.9,MM,MM,MM
2026,02,20,08,40,80,7.0,8.0,MM,MM,MM,MM,1012.8,3.1,8.4,-0.6,MM,MM,MM
2026,02,20,08,30,70,7.0,9.0,MM,MM,MM,MM,1012.7,3.1,8.4,-0.4,MM,MM,MM
2026,02,20,08,20,80,7.0,9.0,1.2,8,5.5,268,1012.7,3.3,8.5,-0.3,MM,MM,MM
2026,02,20,08,10,80,7.0,9.0,1.2,MM,5.5,268,1012.6,3.2,8.5,-1.0,MM,MM,MM
2026,02,20,08,00,80,7.0,9.0,MM,MM,MM,MM,1012.7,3.2,8.5,-0.8,MM,-0.4,MM
2026,02,20,07,50,80,7.0,9.0,1.2,10,5.3,284,1012.6,3.3,8.5,-0.7,MM,MM,MM
2026,02,20,07,40,80,7.0,9.0,1.2,MM,5.3,284,1012.6,3.3,8.5,-0.8,MM,MM,MM
2026,02,20,07,30,80,7.0,9.0,MM,MM,MM,MM,1012.6,3.2,8.5,-0.9,MM,MM,MM
2026,02,20,07,20,70,8.0,9.0,1.4,9,5.8,285,1012.6,3.3,8.6,-0.5,MM,MM,MM
2026,02,20,07,10,70,8.0,9.0,1.4,MM,5.8,285,1012.6,3.3,8.7,-0.6,MM,MM,MM
2026,02,20,07,00,70,8.0,9.0,MM,MM,MM,MM,1012.6,3.3,8.7,-0.5,MM,-0.4,MM
2026,02,20,06,50,70,8.0,10.0,1.3,9,5.5,277,1012.7,3.2,8.8,-0.5,MM,MM,MM
2026,02,20,06,40,70,7.0,9.0,MM,MM,MM,MM,1012.7,3.5,8.8,-0.1,MM,MM,MM
2026,02,20,06,30,70,7.0,9.0,MM,MM,MM,MM,1012.8,3.4,8.8,-0.3,MM,MM,MM
2026,02,20,06,20,80,7.0,9.0,1.3,10,5.6,268,1012.8,3.6,8.8,-0.1,MM,MM,MM
2026,02,20,06,10,80,7.0,9.0,1.3,MM,5.6,268,1012.7,3.6,8.8,0.0,MM,MM,MM
2026,02,20,06,00,80,7.0,9.0,MM,MM,MM,MM,1012.7,3.6,8.8,0.0,MM,+0.4,MM
2026,02,20,05,50,80,7.0,9.0,1.4,9,5.4,287,1012.6,3.6,8.8,0.0,MM,MM,MM
2026,02,20,05,40,80,7.0,9.0,MM,MM,MM,MM,1012.6,3.8,8.8,0.1,MM,MM,MM
2026,02,20,05,30,90,7.0,9.0,MM,MM,MM,MM,1012.7,3.9,8.9,-0.2,MM,MM,MM
2026,02,20,05,20,120,7.0,8.0,1.6,8,5.8,273,1012.7,3.9,8.9,-0.5,MM,MM,MM
2026,02,20,05,10,120,7.0,8.0,1.6,MM,5.8,273,1012.8,3.8,8.9,-0.7,MM,MM,MM
2026,02,20,05,00,120,7.0,9.0,MM,MM,MM,MM,1012.8,4.0,8.9,-0.4,MM,+0.8,MM
2026,02,20,04,50,120,7.0,9.0,1.4,8,5.4,273,1012.8,3.9,8.9,-0.5,MM,MM,MM
2026,02,20,04,40,130,7.0,9.0,1.4,MM,5.4,273,1012.9,4.0,8.9,-0.4,MM,MM,MM
2026,02,20,04,30,120,7.0,8.0,MM,MM,MM,MM,1012.9,4.0,8.9,-0.5,MM,MM,MM
2026,02,20,04,20,120,7.0,10.0,1.4,10,5.4,292,1012.9,4.0,8.9,-0.4,MM,MM,MM
2026,02,20,04,10,120,7.0,8.0,MM,MM,MM,MM,1013.0,4.0,8.9,-0.5,MM,MM,MM
2026,02,20,04,00,120,7.0,9.0,MM,MM,MM,MM,1013.0,4.0,8.9,-0.5,MM,+0.8,MM
2026,02,20,03,50,120,8.0,9.0,1.5,10,5.4,275,1012.9,4.0,8.9,-0.7,MM,MM,MM
2026,02,20,03,40,120,8.0,9.0,MM,MM,MM,MM,1012.9,4.1,8.9,-0.3,MM,MM,MM
2026,02,20,03,30,120,7.0,9.0,MM,MM,MM,MM,1012.8,4.3,9.0,-0.3,MM,MM,MM
2026,02,20,03,20,120,7.0,10.0,1.6,9,5.6,283,1012.7,4.3,9.0,-0.3,MM,MM,MM
2026,02,20,03,10,120,8.0,11.0,1.6,MM,5.6,283,1012.6,4.5,9.0,-0.6,MM,MM,MM
2026,02,20,03,00,120,8.0,10.0,MM,MM,MM,MM,1012.5,4.5,9.0,-1.2,MM,+0.0,MM
2026,02,20,02,50,120,8.0,10.0,1.7,10,5.7,278,1012.5,4.5,9.0,-1.0,MM,MM,MM
2026,02,20,02,40,120,8.0,11.0,MM,MM,MM,MM,1012.4,4.5,9.0,-1.1,MM,MM,MM
2026,02,20,02,30,120,8.0,9.0,MM,MM,MM,MM,1012.4,4.5,9.0,-1.1,MM,MM,MM
2026,02,20,02,20,120,8.0,10.0,1.7,9,5.9,280,1012.3,4.5,9.0,-0.9,MM,MM,MM
2026,02,20,02,10,120,8.0,10.0,1.7,MM,5.9,280,1012.2,4.5,9.0,-0.9,MM,MM,MM
2026,02,20,02,00,120,8.0,10.0,MM,MM,MM,MM,1012.4,4.6,8.9,-0.8,MM,+0.0,MM
2026,02,20,01,50,120,8.0,10.0,1.6,9,5.8,282,1012.3,4.6,8.5,-0.9,MM,MM,MM
2026,02,20,01,40,120,8.0,10.0,MM,MM,MM,MM,1012.4,4.5,8.5,-0.8,MM,MM,MM
2026,02,20,01,30,120,8.0,10.0,MM,MM,MM,MM,1012.3,4.6,8.5,-0.6,MM,MM,MM
2026,02,20,01,20,130,8.0,10.0,1.6,11,5.7,282,1012.4,4.4,8.5,-0.9,MM,MM,MM
2026,02,20,01,10,130,8.0,10.0,1.6,MM,5.7,282,1012.5,4.5,8.5,-0.8,MM,MM,MM
2026,02,20,01,00,130,7.0,9.0,MM,MM,MM,MM,1012.4,4.5,8.5,-0.8,MM,+0.4,MM
2026,02,20,00,50,120,7.0,9.0,1.6,11,5.7,283,1012.5,4.4,8.6,-1.0,MM,MM,MM
2026,02,20,00,40,110,7.0,9.0,MM,MM,MM,MM,1012.4,4.4,8.6,-0.9,MM,MM,MM
2026,02,20,00,30,120,7.0,10.0,MM,MM,MM,MM,1012.4,4.5,8.6,-0.7,MM,MM,MM
2026,02,20,00,20,120,7.0,9.0,1.6,10,5.8,263,1012.4,4.4,8.6,-0.7,MM,MM,MM
2026,02,20,00,10,120,7.0,9.0,MM,MM,MM,MM,1012.3,4.4,8.6,-0.7,MM,MM,MM
2026,02,20,00,00,120,7.0,9.0,MM,MM,MM,MM,1012.3,4.3,8.6,-0.7,MM,-0.0,MM
2026,02,19,23,50,120,8.0,10.0,1.7,9,5.8,286,1012.3,4.4,8.6,-0.4,MM,MM,MM
2026,02,19,23,40,110,7.0,9.0,1.7,MM,5.8,286,1012.2,4.3,8.6,-0.5,MM,MM,MM
2026,02,19,23,20,110,8.0,10.0,1.7,10,5.9,275,1012.1,4.2,8.6,-0.7,MM,MM,MM
2026,02,19,23,10,110,8.0,10.0,1.7,MM,5.9,275,1012.0,4.2,8.6,-0.5,MM,MM,MM
2026,02,19,23,00,120,8.0,10.0,MM,MM,MM,MM,1012.1,4.2,8.6,-0.5,MM,+0.0,MM
2026,02,19,22,50,120,8.0,11.0,1.7,9,6.1,284,1012.1,4.2,8.6,-0.6,MM,MM,MM
2026,02,19,22,40,120,8.0,10.0,MM,MM,MM,MM,1012.1,4.2,8.6,-0.4,MM,MM,MM
2026,02,19,22,30,120,8.0,10.0,MM,MM,MM,MM,1011.9,4.2,8.6,-0.3,MM,MM,MM
2026,02,19,22,20,110,8.0,11.0,1.8,9,6.1,278,1011.9,4.2,8.6,-0.5,MM,MM,MM
2026,02,19,22,10,110,8.0,11.0,1.8,MM,6.1,278,1011.9,4.3,8.6,-0.4,MM,MM,MM
2026,02,19,22,00,110,9.0,10.0,MM,MM,MM,MM,1011.9,4.2,8.6,-0.4,MM,-0.3,MM
2026,02,19,21,50,110,8.0,11.0,1.9,8,6.2,289,1011.9,4.2,8.6,-0.4,MM,MM,MM
2026,02,19,21,40,110,8.0,10.0,MM,MM,MM,MM,1012.1,4.1,8.6,-0.6,MM,MM,MM
2026,02,19,21,30,110,9.0,11.0,MM,MM,MM,MM,1012.0,4.2,8.6,-0.5,MM,MM,MM
2026,02,19,21,20,110,8.0,11.0,1.8,9,5.7,284,1012.1,4.2,8.6,-0.7,MM,MM,MM
2026,02,19,21,10,120,8.0,10.0,1.8,MM,5.7,284,1012.2,4.2,8.6,-0.5,MM,MM,MM
2026,02,19,21,00,120,8.0,11.0,MM,MM,MM,MM,1012.1,4.1,8.6,-0.5,MM,+0.4,MM
2026,02,19,20,50,120,9.0,11.0,2.0,11,6.2,268,1012.2,4.2,8.6,-0.1,MM,MM,MM
2026,02,19,20,40,120,9.0,11.0,MM,MM,MM,MM,1012.3,4.1,8.6,-0.3,MM,MM,MM
2026,02,19,20,30,110,8.0,11.0,MM,MM,MM,MM,1012.3,4.1,8.6,-0.4,MM,MM,MM
2026,02,19,20,20,110,8.0,11.0,1.8,9,6.0,282,1012.3,4.1,8.6,-0.2,MM,MM,MM
2026,02,19,20,10,110,8.0,10.0,1.8,MM,6.0,282,1012.3,4.2,8.6,-0.1,MM,MM,MM
2026,02,19,20,00,110,8.0,10.0,MM,MM,MM,MM,1012.2,4.1,8.6,-0.4,MM,+0.7,MM
2026,02,19,19,50,100,8.0,10.0,2.1,9,6.3,280,1012.2,4.1,8.6,-0.3,MM,MM,MM
2026,02,19,19,40,110,8.0,11.0,MM,MM,MM,MM,1012.2,4.0,8.6,-0.6,MM,MM,MM
2026,02,19,19,30,110,9.0,11.0,MM,MM,MM,MM,1012.1,4.1,8.6,-0.2,MM,MM,MM
2026,02,19,19,20,110,9.0,11.0,1.8,9,5.6,282,1011.9,4.1,8.6,-0.2,MM,MM,MM
2026,02,19,19,10,100,8.0,11.0,MM,MM,MM,MM,1012.0,4.3,8.6,0.1,MM,MM,MM
2026,02,19,19,00,100,8.0,10.0,MM,MM,MM,MM,1012.0,4.2,8.6,-0.2,MM,+0.8,MM
2026,02,19,18,50,100,8.0,11.0,1.9,9,6.1,276,1012.0,4.1,8.6,-0.3,MM,MM,MM
2026,02,19,18,40,100,8.0,11.0,1.9,MM,6.1,276,1011.9,4.1,8.6,-0.3,MM,MM,MM
2026,02,19,18,30,110,9.0,11.0,MM,MM,MM,MM,1011.9,4.3,8.6,0.1,MM,MM,MM
2026,02,19,18,20,110,9.0,12.0,1.9,10,6.1,281,1011.8,4.2,8.6,-0.2,MM,MM,MM
2026,02,19,18,10,110,9.0,12.0,MM,MM,MM,MM,1011.6,4.3,8.6,0.1,MM,MM,MM
2026,02,19,18,00,110,9.0,11.0,MM,MM,MM,MM,1011.7,4.3,8.7,-0.1,MM,+0.6,MM
2026,02,19,17,50,100,8.0,10.0,1.9,10,6.1,283,1011.6,4.1,8.7,-0.4,MM,MM,MM
2026,02,19,17,40,110,9.0,12.0,1.9,MM,6.1,283,1011.7,4.2,8.7,-0.4,MM,MM,MM
2026,02,19,17,30,110,9.0,10.0,MM,MM,MM,MM,1011.7,4.1,8.8,-0.5,MM,MM,MM
2026,02,19,17,20,100,8.0,12.0,1.8,9,5.9,272,1011.6,4.2,8.8,0.1,MM,MM,MM
2026,02,19,17,10,110,8.0,10.0,1.8,MM,5.9,272,1011.6,4.1,8.8,-0.3,MM,MM,MM
2026,02,19,17,00,90,7.0,10.0,MM,MM,MM,MM,1011.6,4.0,8.8,0.1,MM,+0.5,MM
2026,02,19,16,50,90,7.0,10.0,1.8,11,6.1,270,1011.6,4.0,8.8,0.0,MM,MM,MM
2026,02,19,16,40,80,7.0,9.0,MM,MM,MM,MM,1011.7,4.0,8.8,-0.1,MM,MM,MM
2026,02,19,16,30,80,7.0,9.0,MM,MM,MM,MM,1011.7,3.9,8.7,-0.4,MM,MM,MM
2026,02,19,16,20,80,7.0,9.0,1.8,9,6.3,273,1011.6,4.0,8.6,-0.4,MM,MM,MM
2026,02,19,16,10,80,7.0,9.0,1.8,MM,6.3,273,1011.6,4.0,8.6,-0.4,MM,MM,MM
2026,02,19,16,00,80,7.0,9.0,MM,MM,MM,MM,1011.4,3.9,8.6,-0.5,MM,+0.6,MM
2026,02,19,15,50,70,7.0,9.0,1.9,11,6.3,272,1011.4,3.7,8.6,-0.6,MM,MM,MM
2026,02,19,15,40,70,7.0,9.0,MM,MM,MM,MM,1011.4,3.7,8.5,-0.9,MM,MM,MM
2026,02,19,15,30,70,7.0,9.0,MM,MM,MM,MM,1011.3,3.8,8.5,-0.7,MM,MM,MM
2026,02,19,15,20,80,7.0,9.0,1.7,11,6.7,272,1011.2,3.8,8.5,-0.7,MM,MM,MM
2026,02,19,15,10,80,7.0,9.0,1.7,MM,6.7,272,1011.1,3.9,8.4,-0.7,MM,MM,MM
2026,02,19,15,00,70,7.0,8.0,MM,MM,MM,MM,1011.1,3.9,8.4,-0.9,MM,+1.0,MM
2026,02,19,14,50,70,7.0,8.0,1.7,10,6.9,272,1011.0,4.0,8.5,-0.7,MM,MM,MM
2026,02,19,14,40,70,6.0,8.0,MM,MM,MM,MM,1011.0,4.0,8.5,-0.5,MM,MM,MM
2026,02,19,14,30,70,7.0,8.0,MM,MM,MM,MM,1011.0,3.9,8.5,-0.4,MM,MM,MM
2026,02,19,14,20,70,7.0,9.0,1.7,11,7.0,266,1011.1,3.9,8.5,-0.5,MM,MM,MM
2026,02,19,14,10,60,6.0,8.0,MM,MM,MM,MM,1011.1,3.9,8.5,-0.4,MM,MM,MM
2026,02,19,14,00,60,5.0,7.0,MM,MM,MM,MM,1011.0,3.9,8.5,-0.3,MM,+0.8,MM
2026,02,19,13,50,60,6.0,7.0,1.6,9,6.7,284,1010.9,3.9,8.5,-0.4,MM,MM,MM
2026,02,19,13,40,60,5.0,7.0,MM,MM,MM,MM,1010.8,3.9,8.5,-0.2,MM,MM,MM
2026,02,19,13,30,50,5.0,6.0,MM,MM,MM,MM,1010.7,3.9,8.5,-0.5,MM,MM,MM
2026,02,19,13,20,50,6.0,7.0,1.7,9,7.0,275,1010.7,3.9,8.5,-0.6,MM,MM,MM
2026,02,19,13,10,60,6.0,8.0,1.7,MM,7.0,275,1010.6,4.1,8.5,-0.4,MM,MM,MM
2026,02,19,13,00,60,6.0,8.0,MM,MM,MM,MM,1010.6,4.2,8.5,-0.4,MM,+1.0,MM
2026,02,19,12,50,60,7.0,8.0,1.7,9,6.9,280,1010.6,4.2,8.5,-0.7,MM,MM,MM
2026,02,19,12,40,50,6.0,8.0,MM,MM,MM,MM,1010.6,4.3,8.5,-0.5,MM,MM,MM
2026,02,19,12,30,50,6.0,8.0,MM,MM,MM,MM,1010.5,4.3,8.5,-0.6,MM,MM,MM
2026,02,19,12,20,50,6.0,8.0,1.7,9,7.0,277,1010.4,4.3,8.5,-0.5,MM,MM,MM
2026,02,19,12,10,50,6.0,8.0,MM,MM,MM,MM,1010.4,4.4,8.5,-0.5,MM,MM,MM
2026,02,19,12,00,50,5.0,8.0,MM,MM,MM,MM,1010.2,4.3,8.5,-0.5,MM,+1.0,MM
2026,02,19,11,50,50,5.0,7.0,1.6,9,6.9,278,1010.3,4.2,8.5,-0.8,MM,MM,MM
2026,02,19,11,40,50,5.0,6.0,MM,MM,MM,MM,1010.3,4.1,8.5,-0.9,MM,MM,MM
2026,02,19,11,30,40,5.0,6.0,MM,MM,MM,MM,1010.3,4.0,8.5,-1.0,MM,MM,MM
2026,02,19,11,20,40,5.0,6.0,1.6,8,6.9,287,1010.3,4.1,8.5,-0.9,MM,MM,MM
2026,02,19,11,10,30,5.0,6.0,1.6,MM,6.9,287,1010.2,4.2,8.5,-1.0,MM,MM,MM
2026,02,19,11,00,30,5.0,6.0,MM,MM,MM,MM,1010.2,4.3,8.5,-1.0,MM,+1.5,MM
2026,02,19,10,50,40,5.0,7.0,1.6,10,6.6,285,1010.1,4.3,8.5,-1.2,MM,MM,MM
2026,02,19,10,40,40,6.0,7.0,MM,MM,MM,MM,1010.0,4.3,8.5,-1.2,MM,MM,MM
2026,02,19,10,30,40,6.0,8.0,MM,MM,MM,MM,1009.9,4.4,8.5,-1.0,MM,MM,MM
2026,02,19,10,20,40,6.0,8.0,1.8,8,6.7,287,1009.9,4.4,8.6,-0.8,MM,MM,MM
2026,02,19,10,10,40,6.0,8.0,1.8,MM,6.7,287,1009.7,4.4,8.6,-0.6,MM,MM,MM
2026,02,19,10,00,50,7.0,9.0,MM,MM,MM,MM,1009.7,4.6,8.5,-0.5,MM,+1.6,MM
2026,02,19,09,50,60,7.0,9.0,1.7,10,6.4,287,1009.4,4.5,8.5,-0.6,MM,MM,MM
2026,02,19,09,40,50,7.0,10.0,1.7,MM,6.4,287,1009.4,4.5,8.5,-0.8,MM,MM,MM
2026,02,19,09,30,50,8.0,10.0,MM,MM,MM,MM,1009.4,4.5,8.5,-0.8,MM,MM,MM
2026,02,19,09,20,50,7.0,9.0,1.8,9,6.7,275,1009.3,4.4,8.5,-0.6,MM,MM,MM
2026,02,19,09,10,50,7.0,9.0,MM,MM,MM,MM,1009.3,4.5,8.5,-0.6,MM,MM,MM
2026,02,19,09,00,60,7.0,9.0,MM,MM,MM,MM,1009.3,4.7,8.5,-0.4,MM,+1.4,MM
2026,02,19,08,50,50,7.0,9.0,1.8,9,6.5,277,1009.1,4.6,8.5,-0.2,MM,MM,MM
2026,02,19,08,40,50,7.0,8.0,MM,MM,MM,MM,1009.0,4.4,8.5,-0.2,MM,MM,MM
2026,02,19,08,30,50,7.0,9.0,MM,MM,MM,MM,1009.0,4.4,8.5,-0.2,MM,MM,MM
2026,02,19,08,20,50,7.0,9.0,1.8,9,6.4,277,1009.0,4.4,8.5,-0.4,MM,MM,MM
2026,02,19,08,10,50,7.0,9.0,1.8,MM,6.4,277,1009.0,4.3,8.5,-0.5,MM,MM,MM
2026,02,19,08,00,40,7.0,9.0,MM,MM,MM,MM,1008.9,4.3,8.5,-0.5,MM,+1.4,MM
2026,02,19,07,50,50,7.0,9.0,1.8,11,6.8,278,1008.8,4.4,8.5,-0.4,MM,MM,MM
2026,02,19,07,40,50,7.0,9.0,MM,MM,MM,MM,1008.6,4.3,8.5,-0.4,MM,MM,MM
2026,02,19,07,30,50,8.0,10.0,MM,MM,MM,MM,1008.5,4.3,8.6,-0.4,MM,MM,MM
2026,02,19,07,20,50,8.0,9.0,1.6,11,6.4,278,1008.3,4.4,8.5,-0.2,MM,MM,MM
2026,02,19,07,10,50,8.0,9.0,MM,MM,MM,MM,1008.3,4.5,8.5,-0.2,MM,MM,MM
2026,02,19,07,00,50,8.0,9.0,MM,MM,MM,MM,1008.3,4.5,8.5,-0.1,MM,+1.1,MM
2026,02,19,06,50,50,7.0,9.0,1.9,9,7.0,280,1008.2,4.5,8.5,0.3,MM,MM,MM
2026,02,19,06,40,50,7.0,9.0,MM,MM,MM,MM,1008.2,4.3,8.5,0.1,MM,MM,MM
2026,02,19,06,30,50,8.0,10.0,MM,MM,MM,MM,1008.2,4.4,8.5,-0.3,MM,MM,MM
2026,02,19,06,20,50,8.0,10.0,1.9,10,6.6,274,1008.1,4.4,8.5,0.0,MM,MM,MM
2026,02,19,06,10,50,8.0,10.0,MM,MM,MM,MM,1008.1,4.3,8.5,0.1,MM,MM,MM
2026,02,19,06,00,50,9.0,10.0,MM,MM,MM,MM,1007.9,4.4,8.5,0.0,MM,+0.7,MM
2026,02,19,05,50,60,8.0,10.0,1.8,11,6.5,281,1007.8,4.5,8.5,0.3,MM,MM,MM
2026,02,19,05,40,60,8.0,10.0,MM,MM,MM,MM,1007.7,4.5,8.5,0.1,MM,MM,MM
2026,02,19,05,30,60,8.0,10.0,MM,MM,MM,MM,1007.4,4.6,8.5,0.0,MM,MM,MM
2026,02,19,05,20,70,9.0,11.0,1.7,10,6.5,278,1007.4,4.6,8.5,0.3,MM,MM,MM
2026,02,19,05,10,60,7.0,10.0,1.7,MM,6.5,278,1007.4,4.5,8.5,0.4,MM,MM,MM
2026,02,19,05,00,70,8.0,10.0,MM,MM,MM,MM,1007.4,4.6,8.5,0.4,MM,+0.9,MM
2026,02,19,04,50,70,8.0,10.0,1.7,10,7.7,275,1007.3,4.8,8.5,0.6,MM,MM,MM
2026,02,19,04,40,70,8.0,10.0,MM,MM,MM,MM,1007.2,4.8,8.5,0.9,MM,MM,MM
2026,02,19,04,30,70,8.0,9.0,MM,MM,MM,MM,1007.1,4.8,8.6,1.3,MM,MM,MM
2026,02,19,04,20,70,7.0,9.0,1.6,11,7.7,276,1007.2,4.6,8.7,1.6,MM,MM,MM
2026,02,19,04,10,70,7.0,9.0,1.6,MM,7.7,276,1007.1,4.5,8.7,1.9,MM,MM,MM
2026,02,19,04,00,80,6.0,8.0,MM,MM,MM,MM,1007.0,4.5,8.7,2.1,MM,+0.9,MM
2026,02,19,03,50,70,6.0,7.0,1.6,11,7.1,265,1007.0,4.4,8.7,2.1,MM,MM,MM
2026,02,19,03,40,80,6.0,9.0,MM,MM,MM,MM,1007.1,4.6,8.7,2.2,MM,MM,MM
2026,02,19,03,30,90,7.0,9.0,MM,MM,MM,MM,1007.0,4.6,8.7,1.9,MM,MM,MM
2026,02,19,03,20,100,7.0,8.0,1.6,12,6.7,265,1007.0,4.5,8.7,1.7,MM,MM,MM
2026,02,19,03,10,100,7.0,10.0,1.6,MM,6.7,265,1006.9,4.3,8.6,1.6,MM,MM,MM
2026,02,19,03,00,110,8.0,9.0,MM,MM,MM,MM,1006.9,4.4,8.6,1.7,MM,+1.4,MM
2026,02,19,02,50,110,7.0,9.0,1.6,12,6.8,272,1006.8,4.5,8.6,1.8,MM,MM,MM
2026,02,19,02,40,110,7.0,9.0,1.6,MM,6.8,272,1006.8,4.5,8.6,1.8,MM,MM,MM
2026,02,19,02,30,120,7.0,8.0,MM,MM,MM,MM,1006.8,4.6,8.6,1.9,MM,MM,MM
2026,02,19,02,20,120,8.0,9.0,1.7,11,7.3,263,1006.6,4.5,8.6,1.7,MM,MM,MM
2026,02,19,02,10,120,7.0,8.0,MM,MM,MM,MM,1006.4,4.5,8.6,2.0,MM,MM,MM
2026,02,19,02,00,120,7.0,8.0,MM,MM,MM,MM,1006.4,4.5,8.6,2.3,MM,+1.1,MM
2026,02,19,01,50,130,7.0,8.0,1.8,12,7.3,276,1006.4,4.4,8.6,2.2,MM,MM,MM
2026,02,19,01,40,130,7.0,9.0,MM,MM,MM,MM,1006.3,4.4,8.6,2.2,MM,MM,MM
2026,02,19,01,30,130,7.0,9.0,MM,MM,MM,MM,1006.2,4.5,8.5,2.2,MM,MM,MM
2026,02,19,01,20,130,6.0,8.0,1.7,12,7.4,281,1006.2,4.4,8.5,2.1,MM,MM,MM
2026,02,19,01,10,130,3.0,8.0,MM,MM,MM,MM,1006.1,3.9,8.6,2.1,MM,MM,MM
2026,02,19,01,00,100,1.0,4.0,MM,MM,MM,MM,1006.1,3.5,8.6,1.7,MM,+1.1,MM
2026,02,19,00,50,140,2.0,4.0,1.6,11,6.8,273,1006.1,3.5,8.6,2.0,MM,MM,MM
2026,02,19,00,40,150,1.0,3.0,MM,MM,MM,MM,1006.0,3.4,8.6,2.0,MM,MM,MM
2026,02,19,00,30,110,2.0,4.0,MM,MM,MM,MM,1006.0,3.3,8.6,1.9,MM,MM,MM
2026,02,19,00,20,40,2.0,3.0,1.8,11,7.3,282,1005.9,3.1,8.7,1.9,MM,MM,MM
2026,02,19,00,10,350,1.0,3.0,1.8,MM,7.3,282,1005.8,3.0,8.7,1.7,MM,MM,MM
2026,02,19,00,00,320,2.0,4.0,MM,MM,MM,MM,1005.7,2.8,8.6,1.4,MM,+0.8,MM
2026,02,18,23,50,230,2.0,3.0,1.9,12,7.0,278,1005.6,3.1,8.6,1.5,MM,MM,MM
2026,02,18,23,40,220,3.0,5.0,1.9,MM,7.0,278,1005.6,3.6,8.6,1.8,MM,MM,MM
2026,02,18,23,30,260,1.0,3.0,MM,MM,MM,MM,1005.5,3.8,8.6,2.3,MM,MM,MM
2026,02,18,23,20,240,1.0,3.0,2.0,12,6.9,279,1005.3,3.8,8.6,2.2,MM,MM,MM
2026,02,18,23,10,230,3.0,6.0,2.0,MM,6.9,279,1005.2,3.9,8.6,2.1,MM,MM,MM
2026,02,18,23,00,250,3.0,4.0,MM,MM,MM,MM,1005.3,4.0,8.6,1.9,MM,+0.5,MM
2026,02,18,22,50,170,3.0,5.0,1.9,11,6.8,267,1005.3,4.2,8.6,2.0,MM,MM,MM
2026,02,18,22,40,180,2.0,5.0,1.9,MM,6.8,267,1005.2,3.8,8.6,1.9,MM,MM,MM
2026,02,18,22,30,210,2.0,4.0,MM,MM,MM,MM,1005.2,3.8,8.6,1.9,MM,MM,MM
2026,02,18,22,20,150,4.0,7.0,2.3,11,7.2,271,1005.2,3.8,8.6,1.9,MM,MM,MM
2026,02,18,22,10,170,4.0,6.0,2.3,MM,7.2,271,1005.1,4.1,8.6,2.1,MM,MM,MM
2026,02,18,22,00,140,5.0,7.0,MM,MM,MM,MM,1005.0,4.4,8.6,2.4,MM,+0.0,MM
2026,02,18,21,50,130,5.0,7.0,2.2,11,7.1,269,1005.0,4.5,8.6,2.3,MM,MM,MM
2026,02,18,21,40,130,5.0,7.0,MM,MM,MM,MM,1005.0,4.7,8.6,2.0,MM,MM,MM
2026,02,18,21,30,120,5.0,7.0,MM,MM,MM,MM,1004.9,4.6,8.6,2.1,MM,MM,MM
2026,02,18,21,20,120,5.0,7.0,2.2,11,7.2,262,1004.9,4.6,8.6,2.3,MM,MM,MM
2026,02,18,21,10,130,5.0,7.0,MM,MM,MM,MM,1004.9,4.6,8.6,2.0,MM,MM,MM
2026,02,18,21,00,140,5.0,6.0,MM,MM,MM,MM,1004.9,4.5,8.6,2.0,MM,+0.0,MM
2026,02,18,20,50,140,4.0,6.0,2.1,11,7.1,280,1004.9,4.2,8.5,2.0,MM,MM,MM
2026,02,18,20,40,170,5.0,7.0,MM,MM,MM,MM,1004.9,4.1,8.5,2.1,MM,MM,MM
2026,02,18,20,30,180,6.0,7.0,MM,MM,MM,MM,1004.9,4.2,MM,2.1,MM,MM,MM
2026,02,18,20,20,160,6.0,8.0,2.1,12,7.1,275,1004.9,4.6,8.5,1.8,MM,MM,MM
2026,02,18,20,10,140,6.0,8.0,MM,MM,MM,MM,1004.8,4.6,8.5,1.9,MM,MM,MM
2026,02,18,20,00,110,7.0,10.0,MM,MM,MM,MM,1004.8,4.6,8.4,2.2,MM,+0.7,MM
2026,02,18,19,50,110,6.0,8.0,2.2,11,7.4,274,1004.7,4.5,8.4,2.5,MM,MM,MM
2026,02,18,19,40,110,7.0,9.0,MM,MM,MM,MM,1004.8,4.3,8.4,2.4,MM,MM,MM
2026,02,18,19,30,110,7.0,9.0,MM,MM,MM,MM,1004.8,4.3,8.4,2.5,MM,MM,MM
2026,02,18,19,20,110,7.0,9.0,2.3,10,7.6,274,1004.7,4.5,8.4,2.7,MM,MM,MM
2026,02,18,19,10,110,7.0,9.0,2.3,MM,7.6,274,1004.8,4.4,8.4,2.6,MM,MM,MM
2026,02,18,19,00,110,7.0,9.0,MM,MM,MM,MM,1004.7,4.3,8.5,2.5,MM,+0.9,MM
2026,02,18,18,50,110,7.0,9.0,2.5,11,7.7,266,1004.7,4.3,8.5,2.7,MM,MM,MM
2026,02,18,18,40,120,7.0,9.0,MM,MM,MM,MM,1004.5,4.3,8.5,2.6,MM,MM,MM
2026,02,18,18,30,120,7.0,9.0,MM,MM,MM,MM,1004.5,4.3,8.5,2.5,MM,MM,MM
2026,02,18,18,20,120,7.0,9.0,2.3,11,7.8,275,1004.5,4.3,8.4,2.6,MM,MM,MM
2026,02,18,18,10,110,7.0,10.0,2.3,MM,7.8,275,1004.5,4.3,8.5,2.8,MM,MM,MM
2026,02,18,18,00,110,7.0,10.0,MM,MM,MM,MM,1004.4,4.2,8.5,2.7,MM,+0.8,MM
2026,02,18,17,50,110,8.0,9.0,2.6,11,8.1,273,1004.3,4.2,8.4,2.8,MM,MM,MM
2026,02,18,17,40,100,7.0,9.0,MM,MM,MM,MM,1004.3,4.4,8.4,3.2,MM,MM,MM
2026,02,18,17,30,100,7.0,10.0,MM,MM,MM,MM,1004.2,4.4,8.4,3.2,MM,MM,MM
2026,02,18,17,20,100,7.0,9.0,2.3,13,8.1,273,1004.2,4.5,8.3,3.2,MM,MM,MM
2026,02,18,17,10,100,7.0,9.0,2.3,MM,8.1,273,1004.2,4.6,8.3,3.1,MM,MM,MM
2026,02,18,17,00,100,7.0,9.0,MM,MM,MM,MM,1004.0,4.6,8.3,3.1,MM,+0.7,MM
2026,02,18,16,50,90,6.0,8.0,2.1,12,8.0,271,1004.1,4.4,8.4,3.0,MM,MM,MM
2026,02,18,16,40,90,7.0,9.0,MM,MM,MM,MM,1004.1,4.4,8.4,2.9,MM,MM,MM
2026,02,18,16,30,100,7.0,9.0,MM,MM,MM,MM,1004.0,4.4,8.5,3.0,MM,MM,MM
2026,02,18,16,20,110,7.0,9.0,2.1,12,8.1,271,1004.1,4.5,8.5,3.1,MM,MM,MM
2026,02,18,16,10,100,7.0,8.0,2.1,MM,8.1,271,1003.9,4.7,8.5,3.2,MM,MM,MM
2026,02,18,16,00,100,6.0,9.0,MM,MM,MM,MM,1003.8,4.6,8.5,2.9,MM,+0.4,MM
2026,02,18,15,50,100,5.0,8.0,2.1,12,8.3,267,1003.9,4.6,8.6,2.5,MM,MM,MM
2026,02,18,15,40,80,5.0,9.0,2.1,MM,8.3,267,1003.9,4.4,8.5,3.0,MM,MM,MM
2026,02,18,15,30,70,6.0,9.0,MM,MM,MM,MM,1003.7,4.5,8.5,2.9,MM,MM,MM
2026,02,18,15,20,70,6.0,7.0,2.3,12,8.8,283,1003.7,4.5,8.5,2.9,MM,MM,MM
2026,02,18,15,10,80,5.0,7.0,2.3,MM,8.8,283,1003.7,4.4,8.5,2.7,MM,MM,MM
2026,02,18,15,00,80,5.0,7.0,MM,MM,MM,MM,1003.8,4.4,8.5,2.6,MM,+0.5,MM
2026,02,18,14,50,80,5.0,7.0,1.9,13,8.7,274,1003.8,4.5,8.5,2.8,MM,MM,MM
2026,02,18,14,40,110,4.0,6.0,MM,MM,MM,MM,1003.7,4.6,8.5,2.7,MM,MM,MM
2026,02,18,14,30,90,4.0,7.0,MM,MM,MM,MM,1003.7,4.6,8.5,3.1,MM,MM,MM
2026,02,18,14,20,80,4.0,6.0,1.7,10,8.3,292,1003.6,4.4,8.5,2.9,MM,MM,MM
2026,02,18,14,10,80,4.0,6.0,MM,MM,MM,MM,1003.5,4.5,8.5,2.9,MM,MM,MM
2026,02,18,14,00,90,4.0,6.0,MM,MM,MM,MM,1003.5,4.6,8.5,2.9,MM,+0.3,MM
2026,02,18,13,50,90,4.0,5.0,2.2,13,9.2,272,1003.4,4.5,8.5,2.8,MM,MM,MM
2026,02,18,13,40,80,4.0,6.0,MM,MM,MM,MM,1003.4,4.4,8.5,2.7,MM,MM,MM
2026,02,18,13,30,80,4.0,6.0,MM,MM,MM,MM,1003.5,4.5,8.6,3.0,MM,MM,MM
2026,02,18,13,20,70,4.0,6.0,2.2,13,8.8,284,1003.6,4.3,8.5,2.7,MM,MM,MM
2026,02,18,13,10,80,5.0,6.0,2.2,MM,8.8,284,1003.5,4.2,8.5,2.5,MM,MM,MM
2026,02,18,13,00,80,5.0,7.0,MM,MM,MM,MM,1003.5,4.2,8.5,2.5,MM,+0.3,MM
2026,02,18,12,50,80,4.0,6.0,1.9,14,8.8,282,1003.5,4.2,8.4,2.4,MM,MM,MM
2026,02,18,12,40,80,5.0,7.0,MM,MM,MM,MM,1003.4,4.2,8.4,2.3,MM,MM,MM
2026,02,18,12,30,80,5.0,6.0,MM,MM,MM,MM,1003.3,4.4,8.4,2.4,MM,MM,MM
2026,02,18,12,20,80,5.0,6.0,2.1,13,9.4,278,1003.3,4.3,8.3,2.0,MM,MM,MM
2026,02,18,12,10,80,4.0,6.0,2.1,MM,9.4,278,1003.2,4.4,8.4,2.2,MM,MM,MM
2026,02,18,12,00,80,4.0,6.0,MM,MM,MM,MM,1003.3,4.4,8.4,2.2,MM,+0.3,MM
2026,02,18,11,50,80,4.0,6.0,2.2,12,9.3,292,1003.3,4.3,8.4,2.0,MM,MM,MM
2026,02,18,11,40,80,4.0,6.0,MM,MM,MM,MM,1003.2,4.3,8.4,2.0,MM,MM,MM
2026,02,18,11,30,80,4.0,6.0,MM,MM,MM,MM,1003.2,4.6,8.4,2.3,MM,MM,MM
2026,02,18,11,20,80,4.0,6.0,2.0,12,8.7,285,1003.1,4.5,8.5,2.0,MM,MM,MM
2026,02,18,11,10,80,4.0,5.0,2.0,MM,8.7,285,1003.1,4.4,8.5,1.9,MM,MM,MM
2026,02,18,11,00,60,4.0,6.0,MM,MM,MM,MM,1003.1,4.4,8.4,2.1,MM,+0.0,MM
2026,02,18,10,50,60,4.0,5.0,2.1,13,8.9,284,1003.2,4.5,8.5,2.1,MM,MM,MM
2026,02,18,10,40,70,4.0,5.0,MM,MM,MM,MM,1003.2,4.6,8.4,2.2,MM,MM,MM
2026,02,18,10,30,70,3.0,5.0,MM,MM,MM,MM,1003.3,4.6,8.5,2.1,MM,MM,MM
2026,02,18,10,20,70,3.0,4.0,2.4,13,9.0,282,1003.3,4.5,8.4,2.1,MM,MM,MM
2026,02,18,10,10,70,3.0,5.0,2.4,MM,9.0,282,1003.3,4.5,8.5,2.3,MM,MM,MM
2026,02,18,10,00,70,3.0,5.0,MM,MM,MM,MM,1003.2,4.4,8.4,2.2,MM,+0.0,MM
2026,02,18,09,50,80,3.0,4.0,2.3,12,9.1,276,1003.2,4.4,8.4,2.3,MM,MM,MM
2026,02,18,09,40,80,3.0,4.0,2.3,MM,9.1,276,1003.1,4.4,8.4,2.5,MM,MM,MM
2026,02,18,09,30,80,3.0,5.0,MM,MM,MM,MM,1003.1,4.4,8.5,2.6,MM,MM,MM
2026,02,18,09,20,80,3.0,5.0,2.4,13,8.9,269,1003.0,4.4,8.4,2.5,MM,MM,MM
2026,02,18,09,10,80,3.0,4.0,2.4,MM,8.9,269,1003.0,4.5,8.4,2.6,MM,MM,MM
2026,02,18,09,00,80,3.0,4.0,MM,MM,MM,MM,1003.0,4.5,8.4,2.6,MM,+0.4,MM
2026,02,18,08,50,80,3.0,5.0,2.6,13,9.4,281,1003.0,4.5,8.4,2.6,MM,MM,MM
2026,02,18,08,40,80,3.0,5.0,MM,MM,MM,MM,1003.0,4.5,8.4,2.6,MM,MM,MM
2026,02,18,08,30,80,3.0,5.0,MM,MM,MM,MM,1003.1,4.4,8.4,2.3,MM,MM,MM
2026,02,18,08,20,80,4.0,5.0,2.4,11,8.8,277,1003.0,4.5,8.5,2.4,MM,MM,MM
2026,02,18,08,10,80,4.0,5.0,2.4,MM,8.8,277,1003.1,4.5,8.5,2.4,MM,MM,MM
2026,02,18,08,00,80,4.0,5.0,MM,MM,MM,MM,1003.1,4.5,8.4,2.3,MM,+0.9,MM
2026,02,18,07,50,80,4.0,6.0,2.5,13,9.0,275,1003.0,4.5,8.5,2.1,MM,MM,MM
2026,02,18,07,40,80,4.0,5.0,MM,MM,MM,MM,1003.1,4.5,8.4,2.3,MM,MM,MM
2026,02,18,07,30,80,3.0,5.0,MM,MM,MM,MM,1003.1,4.5,8.5,2.1,MM,MM,MM
2026,02,18,07,20,70,4.0,5.0,2.4,12,8.9,282,1003.0,4.6,8.4,2.2,MM,MM,MM
2026,02,18,07,10,60,3.0,5.0,2.4,MM,8.9,282,1003.0,4.7,8.4,2.3,MM,MM,MM
2026,02,18,07,00,70,3.0,5.0,MM,MM,MM,MM,1003.0,4.7,8.4,2.3,MM,+1.1,MM
2026,02,18,06,50,70,3.0,5.0,2.8,13,9.7,272,1002.9,4.6,8.4,2.2,MM,MM,MM
2026,02,18,06,40,70,3.0,5.0,MM,MM,MM,MM,1002.9,4.7,8.4,2.4,MM,MM,MM
2026,02,18,06,30,70,3.0,4.0,MM,MM,MM,MM,1002.8,4.7,8.4,2.4,MM,MM,MM
2026,02,18,06,20,70,3.0,5.0,2.8,13,9.7,277,1002.7,4.7,8.4,2.3,MM,MM,MM
2026,02,18,06,10,50,2.0,4.0,MM,MM,MM,MM,1002.6,4.8,8.3,2.5,MM,MM,MM
2026,02,18,06,00,40,2.0,4.0,MM,MM,MM,MM,1002.6,4.7,8.4,2.0,MM,+1.4,MM
2026,02,18,05,50,40,3.0,5.0,3.1,14,9.9,266,1002.5,4.7,8.4,1.9,MM,MM,MM
2026,02,18,05,40,50,3.0,5.0,MM,MM,MM,MM,1002.5,4.7,8.5,1.7,MM,MM,MM
2026,02,18,05,30,60,3.0,4.0,MM,MM,MM,MM,1002.3,4.7,8.5,1.7,MM,MM,MM
2026,02,18,05,20,60,3.0,5.0,3.0,14,9.9,274,1002.3,4.7,8.5,1.9,MM,MM,MM
2026,02,18,05,10,60,3.0,5.0,MM,MM,MM,MM,1002.2,4.6,8.7,1.8,MM,MM,MM
2026,02,18,05,00,60,3.0,5.0,MM,MM,MM,MM,1002.2,4.6,8.7,2.0,MM,+1.4,MM
2026,02,18,04,50,60,3.0,5.0,2.9,13,10.1,264,1002.1,4.6,8.7,2.1,MM,MM,MM
2026,02,18,04,40,70,3.0,6.0,MM,MM,MM,MM,1001.9,4.6,8.6,2.2,MM,MM,MM
2026,02,18,04,30,80,3.0,5.0,MM,MM,MM,MM,1001.9,4.6,8.6,2.1,MM,MM,MM
2026,02,18,04,20,80,1.0,3.0,2.9,14,10.0,276,1001.9,4.5,8.5,2.0,MM,MM,MM
2026,02,18,04,10,90,1.0,3.0,MM,MM,MM,MM,1001.8,4.6,8.5,2.3,MM,MM,MM
2026,02,18,04,00,90,2.0,4.0,MM,MM,MM,MM,1001.8,4.6,8.4,2.3,MM,+1.5,MM
2026,02,18,03,50,40,3.0,4.0,3.1,12,10.3,270,1001.7,4.6,8.4,2.3,MM,MM,MM
2026,02,18,03,40,30,3.0,4.0,MM,MM,MM,MM,1001.6,4.6,8.5,2.4,MM,MM,MM
2026,02,18,03,30,30,3.0,4.0,MM,MM,MM,MM,1001.6,4.7,8.5,2.4,MM,MM,MM
2026,02,18,03,20,20,3.0,4.0,2.5,14,9.8,270,1001.5,4.7,8.6,2.0,MM,MM,MM
2026,02,18,03,10,10,3.0,4.0,2.5,MM,9.8,270,1001.3,4.8,8.6,2.2,MM,MM,MM
2026,02,18,03,00,350,3.0,4.0,MM,MM,MM,MM,1001.3,4.8,8.5,2.4,MM,+1.3,MM
2026,02,18,02,50,360,3.0,4.0,2.9,14,10.2,269,1001.2,4.8,8.6,2.3,MM,MM,MM
2026,02,18,02,40,10,3.0,4.0,MM,MM,MM,MM,1001.2,4.7,8.6,2.2,MM,MM,MM
2026,02,18,02,30,10,3.0,4.0,MM,MM,MM,MM,1001.2,4.9,8.6,2.5,MM,MM,MM
2026,02,18,02,20,20,2.0,3.0,3.2,13,10.3,276,1001.1,4.8,8.6,2.3,MM,MM,MM
2026,02,18,02,10,20,2.0,4.0,3.2,MM,10.3,276,1001.0,4.7,8.6,2.4,MM,MM,MM
2026,02,18,02,00,30,3.0,4.0,MM,MM,MM,MM,1000.9,4.8,8.7,2.3,MM,+1.5,MM
2026,02,18,01,50,40,3.0,4.0,2.7,14,10.0,256,1000.8,4.8,8.7,2.1,MM,MM,MM
2026,02,18,01,40,60,3.0,5.0,2.7,MM,10.0,256,1000.7,4.9,8.7,2.1,MM,MM,MM
2026,02,18,01,30,60,3.0,5.0,MM,MM,MM,MM,1000.7,4.7,8.7,1.8,MM,MM,MM
2026,02,18,01,20,50,3.0,5.0,3.1,14,10.4,262,1000.5,4.6,8.8,1.9,MM,MM,MM
2026,02,18,01,10,50,3.0,6.0,MM,MM,MM,MM,1000.5,4.6,8.8,2.3,MM,MM,MM
2026,02,18,01,00,50,3.0,5.0,MM,MM,MM,MM,1000.4,4.5,8.8,2.4,MM,+1.8,MM
2026,02,18,00,50,50,4.0,6.0,2.9,14,9.6,263,1000.3,4.5,8.7,2.4,MM,MM,MM
2026,02,18,00,40,40,4.0,6.0,2.9,MM,9.6,263,1000.3,4.4,8.7,2.4,MM,MM,MM
2026,02,18,00,30,50,4.0,6.0,MM,MM,MM,MM,1000.2,4.3,8.7,2.4,MM,MM,MM
2026,02,18,00,20,60,5.0,7.0,3.1,13,10.1,276,1000.1,4.1,8.6,2.3,MM,MM,MM
2026,02,18,00,10,60,5.0,7.0,MM,MM,MM,MM,1000.0,4.0,8.6,2.5,MM,MM,MM
2026,02,18,00,00,60,6.0,7.0,MM,MM,MM,MM,999.9,4.2,8.6,2.6,MM,+1.6,MM
2026,02,17,23,50,60,5.0,8.0,3.1,14,10.1,267,999.7,4.1,8.6,2.6,MM,MM,MM
2026,02,17,23,40,60,5.0,7.0,MM,MM,MM,MM,999.6,4.0,8.6,2.7,MM,MM,MM
2026,02,17,23,20,60,5.0,6.0,3.3,14,10.3,262,999.5,3.7,8.6,2.5,MM,MM,MM
2026,02,17,23,10,60,4.0,6.0,3.3,MM,10.3,262,999.4,3.6,8.6,2.6,MM,MM,MM
2026,02,17,23,00,60,4.0,6.0,MM,MM,MM,MM,999.3,3.3,8.6,2.5,MM,+1.6,MM
2026,02,17,22,50,60,4.0,6.0,3.1,14,10.2,260,999.2,3.1,8.6,2.6,MM,MM,MM
2026,02,17,22,40,50,4.0,7.0,3.1,MM,10.2,260,999.1,2.9,8.6,2.7,MM,MM,MM
2026,02,17,22,30,50,5.0,7.0,MM,MM,MM,MM,999.0,2.6,8.6,2.4,MM,MM,MM
2026,02,17,22,20,50,5.0,7.0,2.7,14,9.8,259,998.8,2.6,8.6,2.5,MM,MM,MM
2026,02,17,22,10,50,4.0,6.0,2.7,MM,9.8,259,998.7,2.4,8.6,2.3,MM,MM,MM
2026,02,17,22,00,50,4.0,6.0,MM,MM,MM,MM,998.6,2.2,8.6,2.1,MM,+1.7,MM
2026,02,17,21,50,70,3.0,5.0,3.0,13,9.9,267,998.6,1.7,8.6,1.7,MM,MM,MM
2026,02,17,21,40,80,5.0,8.0,MM,MM,MM,MM,998.6,1.7,8.5,1.5,MM,MM,MM
2026,02,17,21,30,70,5.0,7.0,MM,MM,MM,MM,998.5,2.0,8.6,1.9,MM,MM,MM
2026,02,17,21,20,70,5.0,7.0,3.2,13,10.4,264,998.4,1.9,8.6,1.8,MM,MM,MM
2026,02,17,21,10,50,4.0,6.0,3.2,MM,10.4,264,998.3,1.6,8.6,1.5,MM,MM,MM
2026,02,17,21,00,70,3.0,5.0,MM,MM,MM,MM,998.3,1.5,8.6,1.3,MM,+2.5,MM
2026,02,17,20,50,80,3.0,5.0,3.3,14,10.0,263,998.3,1.7,8.7,1.4,MM,MM,MM
2026,02,17,20,40,90,3.0,5.0,MM,MM,MM,MM,998.1,1.8,8.6,1.4,MM,MM,MM
2026,02,17,20,30,90,2.0,4.0,MM,MM,MM,MM,998.0,1.7,8.6,1.3,MM,MM,MM
2026,02,17,20,20,100,2.0,4.0,3.1,14,9.5,267,997.9,1.8,8.6,1.3,MM,MM,MM
2026,02,17,20,10,100,2.0,4.0,MM,MM,MM,MM,997.8,1.8,8.6,1.2,MM,MM,MM
2026,02,17,20,00,100,2.0,4.0,MM,MM,MM,MM,997.7,1.8,8.6,1.2,MM,+2.7,MM
2026,02,17,19,50,100,2.0,4.0,3.3,13,9.6,270,997.6,1.9,8.7,1.2,MM,MM,MM
2026,02,17,19,40,120,3.0,5.0,MM,MM,MM,MM,997.5,2.1,8.7,1.3,MM,MM,MM
2026,02,17,19,30,100,3.0,5.0,MM,MM,MM,MM,997.4,2.2,8.7,1.2,MM,MM,MM
2026,02,17,19,20,90,3.0,5.0,2.8,14,9.5,270,997.4,2.5,8.7,1.3,MM,MM,MM
2026,02,17,19,10,70,3.0,5.0,2.8,MM,9.5,270,997.1,2.9,8.6,1.5,MM,MM,MM
2026,02,17,19,00,50,4.0,6.0,MM,MM,MM,MM,996.9,3.1,8.7,1.6,MM,+2.5,MM
2026,02,17,18,50,20,3.0,5.0,2.8,13,9.6,265,996.7,3.2,8.8,1.8,MM,MM,MM
2026,02,17,18,40,20,3.0,5.0,2.8,MM,9.6,265,996.5,3.0,8.7,1.6,MM,MM,MM
2026,02,17,18,30,20,4.0,5.0,MM,MM,MM,MM,996.3,3.1,8.6,1.9,MM,MM,MM
2026,02,17,18,20,30,4.0,6.0,2.7,14,9.3,259,996.1,2.9,8.7,1.6,MM,MM,MM
2026,02,17,18,10,30,4.0,6.0,2.7,MM,9.3,259,995.9,2.9,8.6,1.5,MM,MM,MM
2026,02,17,18,00,60,4.0,7.0,MM,MM,MM,MM,995.9,3.0,8.5,1.6,MM,+2.2,MM
2026,02,17,17,50,40,4.0,6.0,2.4,11,9.4,276,995.8,3.1,8.5,1.6,MM,MM,MM
2026,02,17,17,40,50,5.0,7.0,MM,MM,MM,MM,995.6,3.2,8.5,1.6,MM,MM,MM
2026,02,17,17,30,50,5.0,7.0,MM,MM,MM,MM,995.5,3.3,8.5,1.6,MM,MM,MM
2026,02,17,17,20,50,4.0,6.0,2.8,13,9.7,279,995.3,3.6,8.5,1.6,MM,MM,MM
2026,02,17,17,10,30,4.0,7.0,2.8,MM,9.7,279,995.2,3.5,8.5,1.4,MM,MM,MM
2026,02,17,17,00,20,5.0,6.0,MM,MM,MM,MM,995.1,3.4,8.5,1.1,MM,+1.8,MM
2026,02,17,16,50,30,4.0,6.0,2.6,13,9.7,269,994.9,3.6,8.5,1.1,MM,MM,MM
2026,02,17,16,40,40,3.0,5.0,MM,MM,MM,MM,994.8,3.6,8.5,0.9,MM,MM,MM
2026,02,17,16,30,50,3.0,6.0,MM,MM,MM,MM,994.7,3.7,8.5,0.9,MM,MM,MM
2026,02,17,16,20,50,3.0,4.0,2.3,12,8.9,267,994.6,3.7,8.5,0.9,MM,MM,MM
2026,02,17,16,10,70,4.0,6.0,2.3,MM,8.9,267,994.4,3.7,8.6,0.9,MM,MM,MM
2026,02,17,16,00,70,4.0,6.0,MM,MM,MM,MM,994.4,3.8,8.6,1.0,MM,+1.3,MM
2026,02,17,15,50,70,5.0,7.0,2.5,11,9.4,274,994.4,3.8,8.6,0.9,MM,MM,MM
2026,02,17,15,40,70,6.0,8.0,MM,MM,MM,MM,994.2,4.1,8.6,0.7,MM,MM,MM
2026,02,17,15,30,70,4.0,6.0,MM,MM,MM,MM,994.1,4.2,8.6,0.5,MM,MM,MM
2026,02,17,15,20,70,4.0,6.0,2.5,12,9.7,282,993.9,4.2,8.7,0.8,MM,MM,MM
2026,02,17,15,10,40,3.0,5.0,2.5,MM,9.7,282,993.8,4.1,8.6,0.3,MM,MM,MM
2026,02,17,15,00,30,4.0,5.0,MM,MM,MM,MM,993.6,4.2,8.7,0.9,MM,+1.2,MM
2026,02,17,14,50,20,3.0,4.0,2.6,12,9.4,287,993.4,4.1,8.7,0.8,MM,MM,MM
2026,02,17,14,40,10,3.0,4.0,MM,MM,MM,MM,993.4,4.1,8.7,1.4,MM,MM,MM
2026,02,17,14,30,10,3.0,4.0,MM,MM,MM,MM,993.4,3.9,8.7,1.0,MM,MM,MM
2026,02,17,14,20,10,2.0,4.0,2.2,12,8.8,273,993.3,3.8,8.7,1.2,MM,MM,MM
2026,02,17,14,10,350,1.0,2.0,2.2,MM,8.8,273,993.3,3.7,8.7,1.3,MM,MM,MM
2026,02,17,14,00,330,1.0,2.0,MM,MM,MM,MM,993.2,3.5,8.7,1.2,MM,+1.3,MM
2026,02,17,13,50,350,1.0,3.0,2.3,12,8.9,276,993.2,3.6,8.8,1.4,MM,MM,MM
2026,02,17,13,40,360,1.0,2.0,MM,MM,MM,MM,993.2,3.5,8.8,1.2,MM,MM,MM
2026,02,17,13,30,360,1.0,2.0,MM,MM,MM,MM,993.1,3.3,8.9,1.1,MM,MM,MM
2026,02,17,13,20,350,1.0,2.0,2.3,12,8.4,281,993.1,3.1,8.9,1.0,MM,MM,MM
2026,02,17,13,10,MM,0.0,2.0,2.3,MM,8.4,281,993.0,2.9,8.9,1.3,MM,MM,MM
2026,02,17,13,00,120,4.0,7.0,MM,MM,MM,MM,993.0,2.9,8.9,1.1,MM,+1.4,MM
2026,02,17,12,50,110,8.0,10.0,2.4,12,8.1,279,993.0,3.6,8.9,1.5,MM,MM,MM
2026,02,17,12,40,90,8.0,10.0,2.4,MM,8.1,279,992.7,3.9,8.9,1.3,MM,MM,MM
2026,02,17,12,30,90,8.0,11.0,MM,MM,MM,MM,992.7,4.4,8.9,1.3,MM,MM,MM
2026,02,17,12,20,70,7.0,9.0,2.4,11,8.1,270,992.5,4.6,8.9,1.3,MM,MM,MM
2026,02,17,12,10,70,7.0,9.0,MM,MM,MM,MM,992.4,4.5,8.9,1.1,MM,MM,MM
2026,02,17,12,00,70,6.0,8.0,MM,MM,MM,MM,992.3,4.5,8.9,1.1,MM,+0.9,MM
2026,02,17,11,50,70,6.0,8.0,2.4,11,7.8,277,992.3,4.5,8.9,1.4,MM,MM,MM
2026,02,17,11,40,60,5.0,8.0,2.4,MM,7.8,277,992.2,4.4,8.9,1.5,MM,MM,MM
2026,02,17,11,30,60,5.0,7.0,MM,MM,MM,MM,992.2,4.4,8.9,1.2,MM,MM,MM
2026,02,17,11,20,70,6.0,8.0,2.4,12,8.0,287,992.1,4.5,8.9,1.3,MM,MM,MM
2026,02,17,11,10,60,6.0,8.0,MM,MM,MM,MM,992.1,4.4,9.0,1.3,MM,MM,MM
2026,02,17,11,00,60,6.0,8.0,MM,MM,MM,MM,992.1,4.3,8.9,1.2,MM,+0.3,MM
2026,02,17,10,50,70,6.0,8.0,2.4,11,7.8,287,992.0,4.2,9.0,1.4,MM,MM,MM
2026,02,17,10,40,70,5.0,7.0,MM,MM,MM,MM,991.9,4.1,8.9,1.7,MM,MM,MM
2026,02,17,10,30,50,3.0,5.0,MM,MM,MM,MM,991.9,3.6,8.9,1.7,MM,MM,MM
2026,02,17,10,20,60,3.0,5.0,2.7,11,7.8,275,991.9,3.3,8.9,1.6,MM,MM,MM
2026,02,17,10,10,90,4.0,7.0,2.7,MM,7.8,275,991.9,3.6,8.9,1.7,MM,MM,MM
2026,02,17,10,00,90,5.0,7.0,MM,MM,MM,MM,991.7,4.1,8.9,1.8,MM,-0.3,MM
2026,02,17,09,50,80,4.0,6.0,2.9,12,7.9,278,991.8,4.0,9.1,1.6,MM,MM,MM
2026,02,17,09,40,80,3.0,6.0,MM,MM,MM,MM,991.8,4.1,8.9,1.5,MM,MM,MM
2026,02,17,09,30,100,3.0,6.0,MM,MM,MM,MM,991.8,3.8,8.9,1.0,MM,MM,MM
2026,02,17,09,20,80,3.0,5.0,2.7,11,8.0,280,991.7,3.7,8.9,1.4,MM,MM,MM
2026,02,17,09,10,70,3.0,5.0,2.7,MM,8.0,280,991.6,3.5,8.8,1.7,MM,MM,MM
2026,02,17,09,00,70,3.0,5.0,MM,MM,MM,MM,991.6,3.6,8.9,1.9,MM,-0.8,MM
2026,02,17,08,50,90,2.0,4.0,2.9,11,8.2,280,991.6,3.5,8.7,1.5,MM,MM,MM
2026,02,17,08,40,80,2.0,4.0,MM,MM,MM,MM,991.5,3.5,8.9,1.4,MM,MM,MM
2026,02,17,08,30,100,2.0,4.0,MM,MM,MM,MM,991.5,3.5,8.9,1.2,MM,MM,MM
2026,02,17,08,20,100,2.0,4.0,3.4,11,8.8,278,991.5,3.3,9.0,1.4,MM,MM,MM
2026,02,17,08,10,90,2.0,4.0,MM,MM,MM,MM,991.6,3.2,8.8,1.4,MM,MM,MM
2026,02,17,08,00,110,2.0,4.0,MM,MM,MM,MM,991.6,3.1,8.8,1.2,MM,-0.6,MM
2026,02,17,07,50,140,2.0,4.0,3.1,12,8.6,277,991.7,3.0,8.8,1.4,MM,MM,MM
2026,02,17,07,40,140,2.0,4.0,3.1,MM,8.6,277,991.9,2.8,8.8,1.6,MM,MM,MM
2026,02,17,07,30,100,2.0,4.0,MM,MM,MM,MM,991.9,2.7,8.8,1.6,MM,MM,MM
2026,02,17,07,20,120,1.0,3.0,3.4,12,8.7,279,991.9,2.5,8.9,1.6,MM,MM,MM
2026,02,17,07,10,150,2.0,4.0,3.4,MM,8.7,279,992.0,2.5,8.9,1.8,MM,MM,MM
2026,02,17,07,00,160,2.0,4.0,MM,MM,MM,MM,992.1,2.4,8.9,1.8,MM,+0.0,MM
2026,02,17,06,50,180,2.0,4.0,3.3,11,8.5,279,992.0,2.3,8.8,1.8,MM,MM,MM
2026,02,17,06,40,180,2.0,3.0,3.3,MM,8.5,279,992.0,2.1,8.8,1.7,MM,MM,MM
2026,02,17,06,30,190,2.0,4.0,MM,MM,MM,MM,992.0,1.9,8.9,1.5,MM,MM,MM
2026,02,17,06,20,180,3.0,4.0,3.1,12,8.7,272,992.1,2.0,8.9,1.5,MM,MM,MM
2026,02,17,06,10,170,4.0,5.0,3.1,MM,8.7,272,992.1,2.0,8.8,1.5,MM,MM,MM
2026,02,17,06,00,170,4.0,5.0,MM,MM,MM,MM,992.3,2.1,8.8,1.5,MM,+0.0,MM
2026,02,17,05,50,180,5.0,6.0,3.3,11,8.9,277,992.3,2.3,8.8,1.6,MM,MM,MM
2026,02,17,05,40,180,4.0,5.0,3.3,MM,8.9,277,992.3,2.4,8.8,1.5,MM,MM,MM
2026,02,17,05,30,220,3.0,4.0,MM,MM,MM,MM,992.4,2.6,8.8,1.7,MM,MM,MM
2026,02,17,05,20,270,2.0,5.0,3.2,11,9.1,281,992.2,2.6,8.8,1.8,MM,MM,MM
2026,02,17,05,10,170,4.0,7.0,3.2,MM,9.1,281,992.2,3.0,8.9,2.1,MM,MM,MM
2026,02,17,05,00,90,3.0,6.0,MM,MM,MM,MM,992.2,3.1,8.9,2.3,MM,+0.0,MM
2026,02,17,04,50,100,3.0,6.0,3.3,12,9.2,268,992.2,3.1,8.9,2.2,MM,MM,MM
2026,02,17,04,40,100,4.0,6.0,MM,MM,MM,MM,992.1,3.0,8.9,2.1,MM,MM,MM
2026,02,17,04,30,110,4.0,7.0,MM,MM,MM,MM,992.1,2.8,8.9,2.0,MM,MM,MM
2026,02,17,04,20,100,5.0,7.0,3.3,13,9.4,269,992.0,2.8,8.9,2.1,MM,MM,MM
2026,02,17,04,10,110,5.0,7.0,3.3,MM,9.4,269,992.1,2.7,8.9,2.1,MM,MM,MM
2026,02,17,04,00,110,5.0,7.0,MM,MM,MM,MM,992.1,2.7,8.9,2.0,MM,-0.3,MM
2026,02,17,03,50,110,6.0,9.0,3.4,12,9.5,274,991.9,2.7,8.9,2.0,MM,MM,MM
2026,02,17,03,40,120,6.0,9.0,MM,MM,MM,MM,991.9,2.9,8.8,2.1,MM,MM,MM
2026,02,17,03,30,120,6.0,9.0,MM,MM,MM,MM,991.9,2.8,8.8,1.8,MM,MM,MM
2026,02,17,03,20,130,6.0,8.0,3.1,12,9.7,275,992.0,3.1,8.8,1.8,MM,MM,MM
2026,02,17,03,10,130,5.0,6.0,3.1,MM,9.7,275,992.1,2.9,8.8,1.3,MM,MM,MM
2026,02,17,03,00,130,3.0,6.0,MM,MM,MM,MM,992.2,2.5,8.8,1.0,MM,-0.3,MM
2026,02,17,02,50,130,2.0,4.0,3.0,12,9.5,269,992.2,2.4,8.8,1.2,MM,MM,MM
2026,02,17,02,40,80,1.0,2.0,3.0,MM,9.5,269,992.3,2.2,8.8,1.1,MM,MM,MM
2026,02,17,02,30,290,2.0,5.0,MM,MM,MM,MM,992.3,2.1,8.8,0.9,MM,MM,MM
2026,02,17,02,20,270,4.0,7.0,3.0,13,9.6,266,992.4,2.5,8.8,1.0,MM,MM,MM
2026,02,17,02,10,260,6.0,8.0,MM,MM,MM,MM,992.3,2.7,8.8,1.2,MM,MM,MM
2026,02,17,02,00,270,7.0,9.0,MM,MM,MM,MM,992.4,2.8,8.9,1.5,MM,-0.5,MM
2026,02,17,01,50,270,8.0,11.0,3.0,11,9.3,264,992.3,3.2,8.9,1.5,MM,MM,MM
2026,02,17,01,40,220,3.0,8.0,3.0,MM,9.3,264,992.4,4.1,8.9,1.3,MM,MM,MM
2026,02,17,01,30,190,2.0,4.0,MM,MM,MM,MM,992.3,4.2,8.9,1.5,MM,MM,MM
2026,02,17,01,20,200,2.0,4.0,3.2,12,9.7,266,992.4,4.1,8.9,1.2,MM,MM,MM
2026,02,17,01,10,190,2.0,4.0,3.2,MM,9.7,266,992.4,4.0,8.9,1.1,MM,MM,MM
2026,02,17,01,00,190,2.0,3.0,MM,MM,MM,MM,992.5,3.8,8.9,1.0,MM,-0.5,MM
2026,02,17,00,50,180,1.0,2.0,2.9,12,9.0,271,992.5,3.7,8.9,1.2,MM,MM,MM
2026,02,17,00,40,190,2.0,3.0,2.9,MM,9.0,271,992.5,3.8,8.9,1.4,MM,MM,MM
2026,02,17,00,30,220,2.0,3.0,MM,MM,MM,MM,992.5,3.9,8.9,1.4,MM,MM,MM
2026,02,17,00,20,190,1.0,2.0,3.0,11,8.8,267,992.5,4.0,8.9,1.7,MM,MM,MM
2026,02,17,00,10,MM,0.0,1.0,3.0,MM,8.8,267,992.5,3.5,8.9,1.6,MM,MM,MM
2026,02,17,00,00,320,1.0,3.0,MM,MM,MM,MM,992.5,3.3,8.9,1.5,MM,-1.1,MM
2026,02,16,23,50,290,4.0,6.0,3.1,11,8.9,272,992.7,3.2,8.9,1.6,MM,MM,MM
2026,02,16,23,40,270,7.0,9.0,MM,MM,MM,MM,992.8,3.4,8.9,1.9,MM,MM,MM
2026,02,16,23,20,240,8.0,11.0,2.8,11,8.9,269,992.8,4.2,8.9,2.2,MM,MM,MM
2026,02,16,23,10,150,3.0,8.0,MM,MM,MM,MM,992.9,5.1,8.9,1.8,MM,MM,MM
2026,02,16,23,00,110,3.0,4.0,MM,MM,MM,MM,992.7,4.9,8.9,1.6,MM,-1.6,MM
2026,02,16,22,50,120,2.0,4.0,2.8,10,8.7,270,992.9,4.9,8.9,1.7,MM,MM,MM
2026,02,16,22,40,130,2.0,4.0,MM,MM,MM,MM,993.0,4.8,9.0,1.6,MM,MM,MM
2026,02,16,22,30,130,2.0,3.0,MM,MM,MM,MM,993.0,4.8,9.0,1.6,MM,MM,MM
2026,02,16,22,20,140,2.0,3.0,2.7,11,8.1,263,993.0,4.8,9.0,1.6,MM,MM,MM
2026,02,16,22,10,110,2.0,3.0,2.7,MM,8.1,263,993.1,4.8,9.0,1.9,MM,MM,MM
2026,02,16,22,00,100,2.0,3.0,MM,MM,MM,MM,993.0,4.7,9.0,2.0,MM,-2.6,MM
2026,02,16,21,50,80,2.0,3.0,2.8,10,7.7,263,993.0,4.7,9.0,2.1,MM,MM,MM
2026,02,16,21,40,100,2.0,4.0,2.8,MM,7.7,263,993.3,4.9,9.0,2.3,MM,MM,MM
2026,02,16,21,30,110,1.0,2.0,MM,MM,MM,MM,993.4,4.8,8.9,2.3,MM,MM,MM
2026,02,16,21,20,MM,0.0,2.0,2.6,10,7.4,268,993.5,4.5,8.9,2.2,MM,MM,MM
2026,02,16,21,10,310,1.0,2.0,2.6,MM,7.4,268,993.6,4.3,8.9,2.2,MM,MM,MM
2026,02,16,21,00,30,1.0,3.0,MM,MM,MM,MM,993.8,4.3,8.9,2.6,MM,-2.3,MM
2026,02,16,20,50,50,3.0,5.0,2.7,10,7.3,262,993.9,4.4,8.9,2.8,MM,MM,MM
2026,02,16,20,40,10,3.0,6.0,MM,MM,MM,MM,994.0,4.2,8.9,2.5,MM,MM,MM
2026,02,16,20,30,340,4.0,6.0,MM,MM,MM,MM,994.1,4.1,8.9,2.5,MM,MM,MM
2026,02,16,20,20,350,5.0,8.0,2.4,12,7.6,256,994.3,4.7,8.8,3.0,MM,MM,MM
2026,02,16,20,10,320,6.0,8.0,2.4,MM,7.6,256,994.4,4.5,8.8,2.9,MM,MM,MM
2026,02,16,20,00,270,7.0,12.0,MM,MM,MM,MM,994.4,4.7,8.9,3.0,MM,-3.1,MM
2026,02,16,19,50,90,2.0,5.0,1.9,9,7.3,264,994.7,4.7,8.9,2.6,MM,MM,MM
2026,02,16,19,40,120,1.0,3.0,MM,MM,MM,MM,994.9,4.8,8.9,2.5,MM,MM,MM
2026,02,16,19,30,160,1.0,3.0,MM,MM,MM,MM,995.0,4.8,8.9,2.5,MM,MM,MM
2026,02,16,19,20,150,3.0,4.0,1.8,11,7.3,275,995.0,4.7,8.9,2.6,MM,MM,MM
2026,02,16,19,10,180,3.0,5.0,1.8,MM,7.3,275,995.4,4.6,8.9,2.7,MM,MM,MM
2026,02,16,19,00,190,4.0,5.0,MM,MM,MM,MM,995.5,4.7,8.9,2.8,MM,-2.8,MM
2026,02,16,18,50,190,3.0,5.0,1.8,12,7.1,272,995.6,4.7,8.9,2.7,MM,MM,MM
2026,02,16,18,40,190,3.0,5.0,MM,MM,MM,MM,995.7,4.4,8.9,2.5,MM,MM,MM
2026,02,16,18,30,150,2.0,4.0,MM,MM,MM,MM,995.9,4.3,9.0,2.4,MM,MM,MM
2026,02,16,18,20,130,2.0,3.0,1.9,12,7.3,264,995.9,4.0,9.0,2.2,MM,MM,MM
2026,02,16,18,10,140,3.0,6.0,1.9,MM,7.3,264,996.0,3.9,9.0,2.3,MM,MM,MM
2026,02,16,18,00,90,4.0,6.0,MM,MM,MM,MM,996.0,3.6,9.0,2.1,MM,-2.8,MM
2026,02,16,17,50,110,3.0,8.0,1.6,11,7.0,268,996.2,3.5,9.0,2.0,MM,MM,MM
2026,02,16,17,40,180,4.0,8.0,1.6,MM,7.0,268,996.7,3.9,9.0,2.6,MM,MM,MM
2026,02,16,17,30,130,4.0,6.0,MM,MM,MM,MM,996.8,3.8,9.0,2.5,MM,MM,MM
2026,02,16,17,20,130,4.0,6.0,1.7,11,7.9,269,996.8,3.5,9.0,2.3,MM,MM,MM
2026,02,16,17,10,140,3.0,5.0,1.7,MM,7.9,269,997.1,3.3,9.0,2.4,MM,MM,MM
2026,02,16,17,00,120,4.0,6.0,MM,MM,MM,MM,997.4,3.1,9.1,2.3,MM,-2.4,MM
2026,02,16,16,50,130,5.0,7.0,1.8,11,7.7,269,997.6,3.1,9.0,2.3,MM,MM,MM
2026,02,16,16,40,130,5.0,7.0,1.8,MM,7.7,269,997.8,3.0,9.0,2.1,MM,MM,MM
2026,02,16,16,30,130,5.0,7.0,MM,MM,MM,MM,997.9,3.0,9.0,2.0,MM,MM,MM
2026,02,16,16,20,130,4.0,6.0,1.8,12,8.2,272,998.1,3.1,9.0,2.0,MM,MM,MM
2026,02,16,16,10,150,5.0,7.0,1.8,MM,8.2,272,998.3,3.0,9.0,2.0,MM,MM,MM
2026,02,16,16,00,150,5.0,7.0,MM,MM,MM,MM,998.5,2.9,8.9,1.8,MM,-2.9,MM
2026,02,16,15,50,160,5.0,8.0,1.5,11,8.0,272,998.7,3.0,8.9,1.7,MM,MM,MM
2026,02,16,15,40,170,6.0,8.0,MM,MM,MM,MM,998.8,3.4,9.0,1.8,MM,MM,MM
2026,02,16,15,30,180,7.0,8.0,MM,MM,MM,MM,998.7,4.0,9.0,2.0,MM,MM,MM
2026,02,16,15,20,170,5.0,8.0,1.8,12,8.0,270,998.7,4.3,9.0,2.1,MM,MM,MM
2026,02,16,15,10,150,6.0,9.0,1.8,MM,8.0,270,998.7,4.8,8.8,2.4,MM,MM,MM
2026,02,16,15,00,140,7.0,9.0,MM,MM,MM,MM,998.7,5.3,8.8,2.7,MM,-3.7,MM
2026,02,16,14,50,130,7.0,9.0,1.7,12,7.7,276,998.8,5.4,8.9,2.9,MM,MM,MM
2026,02,16,14,40,130,7.0,8.0,MM,MM,MM,MM,999.0,5.5,8.8,2.7,MM,MM,MM
2026,02,16,14,30,130,7.0,9.0,MM,MM,MM,MM,999.1,5.3,8.8,2.5,MM,MM,MM
2026,02,16,14,20,130,8.0,10.0,1.9,11,8.3,273,999.3,5.5,8.8,2.7,MM,MM,MM
2026,02,16,14,10,120,7.0,9.0,1.9,MM,8.3,273,999.5,5.4,8.8,2.9,MM,MM,MM
2026,02,16,14,00,130,7.0,8.0,MM,MM,MM,MM,999.8,5.4,8.9,2.7,MM,-4.3,MM
2026,02,16,13,50,130,6.0,8.0,1.8,13,8.3,264,1000.1,5.5,8.8,3.0,MM,MM,MM
2026,02,16,13,40,140,6.0,8.0,MM,MM,MM,MM,1000.4,5.5,8.8,2.7,MM,MM,MM
2026,02,16,13,30,130,6.0,8.0,MM,MM,MM,MM,1000.6,5.5,8.8,2.9,MM,MM,MM
2026,02,16,13,20,140,5.0,7.0,1.8,12,8.6,267,1000.9,5.7,8.8,2.9,MM,MM,MM
2026,02,16,13,10,150,4.0,5.0,1.8,MM,8.6,267,1001.1,5.6,8.8,2.9,MM,MM,MM
2026,02,16,13,00,140,3.0,5.0,MM,MM,MM,MM,1001.3,5.5,8.8,2.8,MM,-4.0,MM
2026,02,16,12,50,170,5.0,6.0,1.6,12,7.9,279,1001.6,5.8,8.8,3.1,MM,MM,MM
2026,02,16,12,40,140,4.0,6.0,MM,MM,MM,MM,1001.7,6.0,8.8,3.4,MM,MM,MM
2026,02,16,12,30,120,5.0,7.0,MM,MM,MM,MM,1001.9,6.0,8.8,3.5,MM,MM,MM
2026,02,16,12,20,110,5.0,6.0,1.8,12,8.1,261,1002.1,5.9,8.8,3.4,MM,MM,MM
2026,02,16,12,10,110,4.0,6.0,MM,MM,MM,MM,1002.4,5.9,8.8,3.3,MM,MM,MM
2026,02,16,12,00,90,5.0,7.0,MM,MM,MM,MM,1002.5,5.8,8.8,3.3,MM,-4.0,MM
2026,02,16,11,50,110,4.0,7.0,1.9,12,8.5,270,1002.8,6.0,8.8,3.7,MM,MM,MM
2026,02,16,11,40,100,3.0,5.0,1.9,MM,8.5,270,1003.1,6.0,8.8,3.6,MM,MM,MM
2026,02,16,11,30,90,4.0,6.0,MM,MM,MM,MM,1003.4,6.0,8.8,3.6,MM,MM,MM
2026,02,16,11,20,90,4.0,5.0,1.8,12,8.1,284,1003.7,6.2,8.8,3.6,MM,MM,MM
2026,02,16,11,10,100,4.0,6.0,1.8,MM,8.1,284,1003.9,6.2,8.8,3.4,MM,MM,MM
2026,02,16,11,00,120,3.0,5.0,MM,MM,MM,MM,1004.1,6.3,8.8,3.1,MM,-3.2,MM
2026,02,16,10,50,130,2.0,4.0,1.8,12,8.1,282,1004.4,6.4,8.8,2.8,MM,MM,MM
2026,02,16,10,40,120,2.0,3.0,MM,MM,MM,MM,1004.6,6.3,8.8,2.5,MM,MM,MM
2026,02,16,10,30,150,2.0,3.0,MM,MM,MM,MM,1004.8,6.3,8.8,2.4,MM,MM,MM
2026,02,16,10,20,140,2.0,3.0,2.0,12,8.7,284,1005.0,6.3,8.8,2.4,MM,MM,MM
2026,02,16,10,10,150,2.0,4.0,2.0,MM,8.7,284,1005.1,6.3,8.8,2.4,MM,MM,MM
2026,02,16,10,00,140,3.0,4.0,MM,MM,MM,MM,1005.3,6.3,8.8,2.3,MM,-3.2,MM
2026,02,16,09,50,130,2.0,4.0,1.9,11,7.8,285,1005.4,6.3,8.8,2.2,MM,MM,MM
2026,02,16,09,40,120,3.0,4.0,MM,MM,MM,MM,1005.7,6.3,8.8,2.2,MM,MM,MM
2026,02,16,09,30,130,3.0,4.0,MM,MM,MM,MM,1005.9,6.3,8.8,2.1,MM,MM,MM
2026,02,16,09,20,130,3.0,4.0,1.9,13,7.8,270,1006.1,6.2,8.8,2.1,MM,MM,MM
2026,02,16,09,10,130,3.0,5.0,1.9,MM,7.8,270,1006.3,6.2,8.8,2.6,MM,MM,MM
2026,02,16,09,00,90,4.0,5.0,MM,MM,MM,MM,1006.5,6.2,8.8,3.5,MM,-2.9,MM
2026,02,16,08,50,90,4.0,6.0,2.0,12,8.1,286,1006.7,6.2,8.8,3.4,MM,MM,MM
2026,02,16,08,40,90,4.0,5.0,MM,MM,MM,MM,1006.8,6.2,8.8,3.2,MM,MM,MM
2026,02,16,08,30,90,3.0,5.0,MM,MM,MM,MM,1006.9,6.2,8.8,3.2,MM,MM,MM
2026,02,16,08,20,90,4.0,5.0,1.8,12,8.0,276,1007.0,6.2,8.8,3.2,MM,MM,MM
2026,02,16,08,10,80,4.0,6.0,MM,MM,MM,MM,1007.1,6.3,8.8,3.4,MM,MM,MM
2026,02,16,08,00,80,3.0,5.0,MM,MM,MM,MM,1007.3,6.3,8.8,3.1,MM,-2.9,MM
2026,02,16,07,50,90,4.0,5.0,2.0,12,8.2,272,1007.6,6.2,8.8,3.0,MM,MM,MM
2026,02,16,07,40,90,4.0,5.0,MM,MM,MM,MM,1007.8,6.3,8.8,3.2,MM,MM,MM
2026,02,16,07,30,100,4.0,5.0,MM,MM,MM,MM,1008.0,6.4,8.8,3.3,MM,MM,MM
2026,02,16,07,20,100,3.0,5.0,2.1,12,8.1,268,1008.2,6.4,8.8,3.0,MM,MM,MM
2026,02,16,07,10,90,3.0,4.0,2.1,MM,8.1,268,1008.4,MM,MM,MM,MM,MM,MM
2026,02,16,07,00,90,3.0,6.0,MM,MM,MM,MM,1008.5,6.4,8.8,3.2,MM,-2.4,MM
2026,02,16,06,50,90,3.0,4.0,2.3,12,8.7,266,1008.6,6.5,8.8,3.1,MM,MM,MM
2026,02,16,06,40,80,3.0,5.0,MM,MM,MM,MM,1008.8,6.4,8.9,2.9,MM,MM,MM
2026,02,16,06,30,80,3.0,5.0,MM,MM,MM,MM,1009.0,6.5,8.8,3.1,MM,MM,MM
2026,02,16,06,20,80,3.0,5.0,2.3,13,9.0,276,1009.1,6.5,8.8,2.7,MM,MM,MM
2026,02,16,06,10,80,3.0,4.0,2.3,MM,9.0,276,1009.3,6.4,8.8,2.3,MM,MM,MM
2026,02,16,06,00,70,3.0,4.0,MM,MM,MM,MM,1009.4,6.4,8.8,2.3,MM,-2.2,MM
2026,02,16,05,50,70,2.0,4.0,2.3,12,8.8,264,1009.6,6.6,8.8,2.4,MM,MM,MM
2026,02,16,05,40,100,1.0,4.0,MM,MM,MM,MM,1009.7,6.5,8.8,1.6,MM,MM,MM
2026,02,16,05,30,MM,0.0,1.0,MM,MM,MM,MM,1009.8,6.5,8.8,1.5,MM,MM,MM
2026,02,16,05,20,MM,0.0,1.0,2.4,12,9.4,260,1009.9,6.5,8.8,1.4,MM,MM,MM
2026,02,16,05,10,MM,0.0,2.0,2.4,MM,9.4,260,1010.0,6.5,8.8,1.5,MM,MM,MM
2026,02,16,05,00,MM,0.0,1.0,MM,MM,MM,MM,1010.2,6.5,8.8,1.6,MM,-2.1,MM
2026,02,16,04,50,200,1.0,2.0,2.4,13,9.8,253,1010.3,6.5,8.8,1.5,MM,MM,MM
2026,02,16,04,40,MM,0.0,2.0,MM,MM,MM,MM,1010.4,6.5,8.8,1.8,MM,MM,MM
2026,02,16,04,30,MM,0.0,1.0,MM,MM,MM,MM,1010.5,6.5,8.8,1.7,MM,MM,MM
2026,02,16,04,20,MM,0.0,1.0,2.4,13,9.9,277,1010.7,6.5,8.9,1.7,MM,MM,MM
2026,02,16,04,10,MM,0.0,2.0,MM,MM,MM,MM,1010.8,6.5,8.9,1.6,MM,MM,MM
2026,02,16,04,00,MM,0.0,2.0,MM,MM,MM,MM,1010.8,6.5,8.9,1.6,MM,-1.8,MM
2026,02,16,03,50,MM,0.0,2.0,2.5,12,9.8,270,1011.0,6.5,8.9,1.6,MM,MM,MM
2026,02,16,03,40,MM,0.0,2.0,2.5,MM,9.8,270,1011.1,6.5,9.0,1.6,MM,MM,MM
2026,02,16,03,30,260,1.0,3.0,MM,MM,MM,MM,1011.3,6.6,9.0,1.7,MM,MM,MM
2026,02,16,03,20,290,1.0,3.0,2.3,12,10.0,278,1011.4,6.6,9.0,1.8,MM,MM,MM
2026,02,16,03,10,300,1.0,4.0,2.3,MM,10.0,278,1011.6,6.5,9.1,1.6,MM,MM,MM
2026,02,16,03,00,320,1.0,2.0,MM,MM,MM,MM,1011.6,6.5,9.1,1.4,MM,-1.8,MM
2026,02,16,02,50,290,1.0,3.0,2.2,14,10.1,269,1011.6,6.6,9.1,1.6,MM,MM,MM
2026,02,16,02,40,270,1.0,3.0,MM,MM,MM,MM,1011.8,6.5,9.1,1.4,MM,MM,MM
2026,02,16,02,30,300,1.0,2.0,MM,MM,MM,MM,1012.0,6.6,9.1,1.5,MM,MM,MM
2026,02,16,02,20,300,1.0,3.0,1.9,12,9.3,271,1012.1,6.6,9.1,1.4,MM,MM,MM
2026,02,16,02,10,300,2.0,3.0,1.9,MM,9.3,271,1012.2,6.6,9.1,1.4,MM,MM,MM
2026,02,16,02,00,280,2.0,3.0,MM,MM,MM,MM,1012.3,6.6,9.1,1.5,MM,-1.8,MM
2026,02,16,01,50,300,2.0,3.0,2.3,14,10.6,262,1012.3,6.6,9.2,1.3,MM,MM,MM
2026,02,16,01,40,290,2.0,4.0,MM,MM,MM,MM,1012.3,6.6,9.3,1.0,MM,MM,MM
2026,02,16,01,30,270,2.0,4.0,MM,MM,MM,MM,1012.4,6.6,9.3,1.0,MM,MM,MM
2026,02,16,01,20,270,2.0,3.0,2.2,13,10.4,276,1012.6,6.5,9.2,0.8,MM,MM,MM
2026,02,16,01,10,270,1.0,2.0,2.2,MM,10.4,276,1012.5,6.6,9.2,0.9,MM,MM,MM
2026,02,16,01,00,290,1.0,2.0,MM,MM,MM,MM,1012.7,6.5,9.2,0.4,MM,-2.1,MM
2026,02,16,00,50,280,1.0,2.0,2.4,13,10.3,268,1012.8,6.6,9.4,0.3,MM,MM,MM
2026,02,16,00,40,MM,0.0,2.0,MM,MM,MM,MM,1012.9,6.8,9.2,0.3,MM,MM,MM
2026,02,16,00,30,MM,0.0,2.0,MM,MM,MM,MM,1013.0,7.1,9.3,0.6,MM,MM,MM
2026,02,16,00,20,MM,0.0,1.0,2.1,14,9.8,273,1013.1,7.2,9.3,0.6,MM,MM,MM
2026,02,16,00,10,MM,0.0,2.0,MM,MM,MM,MM,1013.2,7.1,9.4,0.5,MM,MM,MM
2026,02,16,00,00,300,1.0,2.0,MM,MM,MM,MM,1013.3,6.8,9.5,0.4,MM,-2.6,MM
2026,02,15,23,50,320,1.0,2.0,2.2,14,9.8,271,1013.4,6.8,9.5,0.5,MM,MM,MM
2026,02,15,23,40,MM,0.0,2.0,MM,MM,MM,MM,1013.6,6.7,9.5,0.6,MM,MM,MM
2026,02,15,23,30,MM,0.0,2.0,MM,MM,MM,MM,1013.8,7.0,9.5,1.0,MM,MM,MM
2026,02,15,23,20,MM,0.0,2.0,2.2,13,9.2,275,1013.9,7.3,9.5,1.2,MM,MM,MM
2026,02,15,23,10,MM,0.0,1.0,2.2,MM,9.2,275,1013.9,7.2,9.5,1.3,MM,MM,MM
2026,02,15,23,00,90,1.0,2.0,MM,MM,MM,MM,1014.0,7.0,9.5,1.1,MM,-2.9,MM
2026,02,15,22,50,110,2.0,3.0,2.2,13,9.8,279,1014.1,6.8,9.5,1.2,MM,MM,MM
2026,02,15,22,40,120,2.0,4.0,MM,MM,MM,MM,1014.2,6.8,MM,1.4,MM,MM,MM
2026,02,15,22,30,120,2.0,3.0,MM,MM,MM,MM,1014.2,6.8,9.5,1.7,MM,MM,MM
2026,02,15,22,20,120,2.0,3.0,2.3,14,9.6,275,1014.4,6.8,9.5,1.5,MM,MM,MM
2026,02,15,22,10,100,2.0,3.0,2.3,MM,9.6,275,1014.6,6.7,9.5,1.3,MM,MM,MM
2026,02,15,22,00,110,3.0,4.0,MM,MM,MM,MM,1014.7,6.6,9.5,1.1,MM,-2.3,MM
2026,02,15,21,50,110,3.0,4.0,2.1,13,9.1,268,1014.9,6.6,9.5,1.0,MM,MM,MM
2026,02,15,21,40,120,3.0,4.0,MM,MM,MM,MM,1015.1,6.4,9.5,1.2,MM,MM,MM
2026,02,15,21,30,120,4.0,5.0,MM,MM,MM,MM,1015.4,6.4,9.5,1.4,MM,MM,MM
2026,02,15,21,20,120,4.0,5.0,2.7,14,10.0,268,1015.5,6.4,9.5,1.6,MM,MM,MM
2026,02,15,21,10,120,4.0,5.0,2.7,MM,10.0,268,1015.7,6.4,9.5,1.9,MM,MM,MM
2026,02,15,21,00,130,4.0,6.0,MM,MM,MM,MM,1015.9,6.4,9.5,1.9,MM,-1.4,MM
2026,02,15,20,50,110,3.0,5.0,2.2,15,9.3,280,1016.0,6.4,9.4,1.7,MM,MM,MM
2026,02,15,20,40,120,4.0,6.0,MM,MM,MM,MM,1016.1,6.4,9.4,1.5,MM,MM,MM
2026,02,15,20,30,120,4.0,5.0,MM,MM,MM,MM,1016.4,6.3,9.4,1.1,MM,MM,MM
2026,02,15,20,20,120,4.0,5.0,2.4,14,9.5,267,1016.6,6.4,9.3,1.5,MM,MM,MM
2026,02,15,20,10,130,4.0,5.0,MM,MM,MM,MM,1016.7,6.3,9.3,1.6,MM,MM,MM
2026,02,15,20,00,120,4.0,5.0,MM,MM,MM,MM,1016.9,6.3,9.3,1.6,MM,-0.5,MM
2026,02,15,19,50,120,4.0,6.0,2.6,14,9.3,273,1016.8,6.2,9.3,1.7,MM,MM,MM
2026,02,15,19,40,120,5.0,7.0,2.6,MM,9.3,273,1016.9,6.2,9.3,2.4,MM,MM,MM
2026,02,15,19,30,110,5.0,7.0,MM,MM,MM,MM,1016.8,6.1,9.3,2.7,MM,MM,MM
2026,02,15,19,20,90,4.0,6.0,2.5,14,9.6,271,1016.9,5.9,9.3,2.7,MM,MM,MM
2026,02,15,19,10,100,4.0,6.0,2.5,MM,9.6,271,1016.9,5.9,9.4,2.8,MM,MM,MM
2026,02,15,19,00,90,4.0,6.0,MM,MM,MM,MM,1016.9,5.7,9.4,2.5,MM,-0.8,MM
2026,02,15,18,50,90,4.0,6.0,2.5,13,9.4,276,1017.0,5.7,9.4,2.4,MM,MM,MM
2026,02,15,18,40,90,4.0,6.0,2.5,MM,9.4,276,1017.1,5.6,9.4,2.3,MM,MM,MM
2026,02,15,18,30,90,4.0,6.0,MM,MM,MM,MM,1017.1,5.6,9.4,2.4,MM,MM,MM
2026,02,15,18,20,80,4.0,6.0,2.3,14,9.2,268,1017.2,5.5,9.4,2.2,MM,MM,MM
2026,02,15,18,10,70,4.0,6.0,2.3,MM,9.2,268,1017.3,5.5,9.4,2.1,MM,MM,MM
2026,02,15,18,00,70,4.0,6.0,MM,MM,MM,MM,1017.3,5.5,9.4,2.0,MM,-0.3,MM
2026,02,15,17,50,70,4.0,6.0,2.3,15,9.0,268,1017.4,5.5,9.4,2.1,MM,MM,MM
2026,02,15,17,40,70,4.0,6.0,MM,MM,MM,MM,1017.4,5.4,9.4,2.1,MM,MM,MM
2026,02,15,17,30,70,5.0,6.0,MM,MM,MM,MM,1017.4,5.2,9.5,2.2,MM,MM,MM
2026,02,15,17,20,70,4.0,7.0,2.5,15,9.9,270,1017.4,5.1,9.5,2.3,MM,MM,MM
2026,02,15,17,10,70,4.0,6.0,MM,MM,MM,MM,1017.5,4.9,9.5,2.2,MM,MM,MM
2026,02,15,17,00,70,4.0,5.0,MM,MM,MM,MM,1017.5,4.9,9.5,2.2,MM,-0.4,MM
2026,02,15,16,50,80,4.0,6.0,2.4,15,9.8,275,1017.6,5.1,9.5,2.2,MM,MM,MM
2026,02,15,16,40,80,4.0,6.0,MM,MM,MM,MM,1017.6,5.1,9.5,1.9,MM,MM,MM
2026,02,15,16,30,70,3.0,5.0,MM,MM,MM,MM,1017.7,5.0,9.5,1.8,MM,MM,MM
2026,02,15,16,20,60,3.0,4.0,2.4,14,9.7,275,1017.8,4.9,9.5,1.5,MM,MM,MM
2026,02,15,16,10,60,2.0,4.0,2.4,MM,9.7,275,1017.8,4.9,9.4,1.3,MM,MM,MM
2026,02,15,16,00,50,3.0,4.0,MM,MM,MM,MM,1017.8,5.0,9.4,1.4,MM,+0.0,MM
2026,02,15,15,50,30,3.0,4.0,2.3,11,9.4,277,1017.9,4.9,9.4,1.7,MM,MM,MM
2026,02,15,15,40,20,4.0,5.0,2.3,MM,9.4,277,1017.9,4.7,9.5,1.6,MM,MM,MM
2026,02,15,15,30,20,4.0,5.0,MM,MM,MM,MM,1017.8,4.7,9.5,1.5,MM,MM,MM
2026,02,15,15,20,20,4.0,5.0,2.2,13,9.4,268,1017.8,4.6,9.5,1.2,MM,MM,MM
2026,02,15,15,10,20,3.0,4.0,2.2,MM,9.4,268,1017.8,4.8,9.5,1.1,MM,MM,MM
2026,02,15,15,00,30,3.0,5.0,MM,MM,MM,MM,1017.7,4.8,9.5,0.8,MM,-0.6,MM
2026,02,15,14,50,40,3.0,5.0,2.6,15,10.0,268,1017.7,4.9,9.5,0.8,MM,MM,MM
2026,02,15,14,40,40,3.0,5.0,MM,MM,MM,MM,1017.6,5.0,9.5,1.3,MM,MM,MM
2026,02,15,14,30,50,3.0,4.0,MM,MM,MM,MM,1017.7,4.9,9.4,1.2,MM,MM,MM
2026,02,15,14,20,50,3.0,5.0,2.4,14,9.3,260,1017.8,4.9,9.4,1.3,MM,MM,MM
2026,02,15,14,10,50,4.0,5.0,2.4,MM,9.3,260,1017.8,4.8,9.4,1.4,MM,MM,MM
2026,02,15,14,00,60,4.0,6.0,MM,MM,MM,MM,1017.9,5.0,9.3,1.2,MM,-0.6,MM
2026,02,15,13,50,60,4.0,6.0,2.4,15,9.4,263,1017.9,5.0,9.0,1.4,MM,MM,MM
2026,02,15,13,40,60,4.0,5.0,MM,MM,MM,MM,1017.9,5.0,9.1,1.5,MM,MM,MM
2026,02,15,13,30,60,4.0,6.0,MM,MM,MM,MM,1017.8,5.0,9.1,1.6,MM,MM,MM
2026,02,15,13,20,70,4.0,6.0,2.2,14,9.5,269,1017.8,5.0,9.2,2.0,MM,MM,MM
2026,02,15,13,10,70,4.0,6.0,2.2,MM,9.5,269,1017.9,5.1,9.1,2.3,MM,MM,MM
2026,02,15,13,00,80,4.0,6.0,MM,MM,MM,MM,1017.9,5.2,9.1,2.0,MM,-0.8,MM
2026,02,15,12,50,80,4.0,6.0,2.2,14,9.2,257,1017.9,5.1,9.2,1.9,MM,MM,MM
2026,02,15,12,40,80,4.0,6.0,2.2,MM,9.2,257,1018.0,5.1,9.1,2.0,MM,MM,MM
2026,02,15,12,30,90,4.0,5.0,MM,MM,MM,MM,1018.1,5.3,9.1,2.2,MM,MM,MM
2026,02,15,12,20,80,2.0,4.0,2.4,14,9.5,266,1018.2,5.6,9.1,1.3,MM,MM,MM
2026,02,15,12,10,80,3.0,4.0,2.4,MM,9.5,266,1018.2,5.5,9.1,0.8,MM,MM,MM
2026,02,15,12,00,80,2.0,4.0,MM,MM,MM,MM,1018.3,5.4,9.1,1.0,MM,-0.5,MM
2026,02,15,11,50,80,3.0,5.0,2.5,14,9.8,265,1018.3,5.4,9.1,1.0,MM,MM,MM
2026,02,15,11,40,90,2.0,4.0,MM,MM,MM,MM,1018.4,5.3,9.1,1.1,MM,MM,MM
2026,02,15,11,30,50,2.0,3.0,MM,MM,MM,MM,1018.5,5.3,9.1,1.6,MM,MM,MM
2026,02,15,11,20,60,2.0,4.0,2.4,15,9.6,273,1018.4,5.3,9.1,1.3,MM,MM,MM
2026,02,15,11,10,30,3.0,4.0,MM,MM,MM,MM,1018.5,5.2,9.1,1.1,MM,MM,MM
2026,02,15,11,00,30,3.0,4.0,MM,MM,MM,MM,1018.5,5.4,9.1,1.6,MM,-0.3,MM
2026,02,15,10,50,40,2.0,4.0,2.6,15,9.6,266,1018.6,5.5,9.1,1.6,MM,MM,MM
2026,02,15,10,40,40,2.0,3.0,MM,MM,MM,MM,1018.6,5.4,9.1,1.5,MM,MM,MM
2026,02,15,10,30,50,2.0,4.0,MM,MM,MM,MM,1018.7,5.5,9.1,1.9,MM,MM,MM
2026,02,15,10,20,50,3.0,4.0,2.4,14,9.2,274,1018.8,5.4,9.2,1.9,MM,MM,MM
2026,02,15,10,10,50,3.0,5.0,2.4,MM,9.2,274,1018.7,5.4,9.2,1.9,MM,MM,MM
2026,02,15,10,00,60,4.0,6.0,MM,MM,MM,MM,1018.7,5.5,9.2,2.3,MM,+0.0,MM
2026,02,15,09,50,60,4.0,6.0,2.5,15,9.3,274,1018.8,5.6,9.2,2.3,MM,MM,MM
2026,02,15,09,40,60,5.0,6.0,MM,MM,MM,MM,1018.6,5.4,9.2,1.7,MM,MM,MM
2026,02,15,09,30,60,4.0,6.0,MM,MM,MM,MM,1018.7,5.5,9.2,1.9,MM,MM,MM
2026,02,15,09,20,60,4.0,5.0,2.4,11,8.9,290,1018.7,5.5,9.2,2.0,MM,MM,MM
2026,02,15,09,10,50,4.0,6.0,MM,MM,MM,MM,1018.7,5.5,9.2,2.3,MM,MM,MM
2026,02,15,09,00,60,5.0,7.0,MM,MM,MM,MM,1018.8,5.6,9.2,2.9,MM,+0.0,MM
2026,02,15,08,50,50,6.0,7.0,2.4,14,9.0,268,1018.7,5.8,9.2,3.3,MM,MM,MM
2026,02,15,08,40,60,6.0,8.0,MM,MM,MM,MM,1018.8,5.9,9.2,3.3,MM,MM,MM
2026,02,15,08,30,70,6.0,8.0,MM,MM,MM,MM,1018.6,6.1,9.3,3.1,MM,MM,MM
2026,02,15,08,20,70,5.0,7.0,2.7,14,9.2,263,1018.7,6.2,9.2,2.7,MM,MM,MM
2026,02,15,08,10,60,5.0,6.0,2.7,MM,9.2,263,1018.7,6.1,9.3,2.7,MM,MM,MM
2026,02,15,08,00,50,5.0,7.0,MM,MM,MM,MM,1018.9,5.9,9.3,3.4,MM,-0.3,MM
2026,02,15,07,50,50,5.0,7.0,2.3,15,8.6,279,1018.9,5.8,9.2,3.3,MM,MM,MM
2026,02,15,07,40,50,5.0,6.0,2.3,MM,8.6,279,1018.9,5.9,9.2,3.1,MM,MM,MM
2026,02,15,07,30,60,5.0,7.0,MM,MM,MM,MM,1018.8,6.0,9.3,2.4,MM,MM,MM
2026,02,15,07,20,50,5.0,7.0,2.6,14,8.6,274,1018.8,6.0,9.3,2.4,MM,MM,MM
2026,02,15,07,10,40,5.0,7.0,2.6,MM,8.6,274,1018.9,6.0,9.3,3.1,MM,MM,MM
2026,02,15,07,00,50,5.0,7.0,MM,MM,MM,MM,1018.8,6.1,9.2,3.2,MM,+0.0,MM
2026,02,15,06,50,50,5.0,7.0,2.7,14,9.3,271,1018.6,6.1,9.2,2.9,MM,MM,MM
2026,02,15,06,40,50,5.0,7.0,MM,MM,MM,MM,1018.6,6.2,9.2,3.2,MM,MM,MM
2026,02,15,06,30,50,5.0,7.0,MM,MM,MM,MM,1018.7,6.2,9.2,3.4,MM,MM,MM
2026,02,15,06,20,60,5.0,7.0,2.7,12,9.2,275,1018.6,6.1,9.2,3.0,MM,MM,MM
2026,02,15,06,10,60,4.0,6.0,MM,MM,MM,MM,1018.7,6.1,9.2,2.7,MM,MM,MM
2026,02,15,06,00,50,4.0,6.0,MM,MM,MM,MM,1018.8,6.1,9.2,2.8,MM,+0.0,MM
2026,02,15,05,50,50,4.0,5.0,2.9,14,9.9,269,1019.0,6.2,9.2,3.0,MM,MM,MM
2026,02,15,05,40,70,4.0,6.0,2.9,MM,9.9,269,1019.0,6.2,9.2,2.3,MM,MM,MM
2026,02,15,05,30,60,3.0,5.0,MM,MM,MM,MM,1019.0,6.2,9.2,3.0,MM,MM,MM
2026,02,15,05,20,50,3.0,4.0,2.7,15,9.9,262,1019.0,6.3,9.2,3.6,MM,MM,MM
2026,02,15,05,10,70,3.0,5.0,MM,MM,MM,MM,1019.1,6.3,9.3,3.6,MM,MM,MM
2026,02,15,05,00,80,3.0,6.0,MM,MM,MM,MM,1019.1,6.3,9.2,3.9,MM,+0.6,MM
2026,02,15,04,50,70,4.0,5.0,2.7,13,9.7,276,1019.0,6.4,9.3,4.0,MM,MM,MM
2026,02,15,04,40,70,3.0,5.0,2.7,MM,9.7,276,1019.0,6.6,9.3,3.9,MM,MM,MM
2026,02,15,04,30,50,3.0,5.0,MM,MM,MM,MM,1019.0,6.4,9.4,3.5,MM,MM,MM
2026,02,15,04,20,40,4.0,6.0,2.8,12,9.4,268,1018.9,6.5,9.3,3.7,MM,MM,MM
2026,02,15,04,10,30,3.0,5.0,2.8,MM,9.4,268,1018.8,6.7,9.3,3.9,MM,MM,MM
2026,02,15,04,00,20,3.0,4.0,MM,MM,MM,MM,1018.7,7.0,9.3,4.2,MM,+0.0,MM
2026,02,15,03,50,360,3.0,4.0,2.8,13,9.8,273,1018.8,7.2,9.4,4.2,MM,MM,MM
2026,02,15,03,40,360,4.0,6.0,2.8,MM,9.8,273,1018.9,7.5,9.4,4.0,MM,MM,MM
2026,02,15,03,30,320,5.0,6.0,MM,MM,MM,MM,1018.8,7.7,9.4,3.6,MM,MM,MM
2026,02,15,03,20,320,5.0,6.0,2.4,14,9.1,264,1018.7,7.6,9.3,3.3,MM,MM,MM
2026,02,15,03,10,310,5.0,7.0,2.4,MM,9.1,264,1018.6,7.7,MM,3.7,MM,MM,MM
2026,02,15,03,00,310,5.0,6.0,MM,MM,MM,MM,1018.6,7.7,9.3,3.5,MM,+0.0,MM
2026,02,15,02,50,310,5.0,7.0,2.5,13,9.0,271,1018.6,7.7,9.3,3.4,MM,MM,MM
2026,02,15,02,40,310,6.0,7.0,MM,MM,MM,MM,1018.6,7.7,9.3,3.4,MM,MM,MM
2026,02,15,02,30,310,5.0,7.0,MM,MM,MM,MM,1018.6,7.7,9.3,3.3,MM,MM,MM
2026,02,15,02,20,310,5.0,7.0,2.7,14,9.3,269,1018.5,7.8,9.2,3.3,MM,MM,MM
2026,02,15,02,10,300,6.0,7.0,MM,MM,MM,MM,1018.5,7.7,9.2,2.9,MM,MM,MM
2026,02,15,02,00,310,6.0,7.0,MM,MM,MM,MM,1018.5,7.7,9.2,3.0,MM,-0.5,MM
2026,02,15,01,50,310,5.0,7.0,2.5,15,9.3,259,1018.5,7.8,9.3,2.9,MM,MM,MM
2026,02,15,01,40,300,6.0,7.0,2.5,MM,9.3,259,1018.6,7.7,9.3,2.9,MM,MM,MM
2026,02,15,01,30,300,6.0,7.0,MM,MM,MM,MM,1018.5,7.7,9.3,2.9,MM,MM,MM
2026,02,15,01,20,300,5.0,7.0,2.7,14,9.6,268,1018.5,7.7,9.3,2.5,MM,MM,MM
2026,02,15,01,10,300,5.0,6.0,MM,MM,MM,MM,1018.5,7.7,9.3,2.6,MM,MM,MM
2026,02,15,01,00,300,4.0,5.0,MM,MM,MM,MM,1018.5,7.7,9.3,2.3,MM,-0.6,MM
2026,02,15,00,50,300,4.0,5.0,2.6,15,9.3,268,1018.6,7.7,9.3,2.6,MM,MM,MM
2026,02,15,00,40,300,4.0,6.0,MM,MM,MM,MM,1018.5,7.7,9.3,2.8,MM,MM,MM
2026,02,15,00,30,300,5.0,7.0,MM,MM,MM,MM,1018.5,7.7,9.3,2.6,MM,MM,MM
2026,02,15,00,20,300,5.0,6.0,2.3,14,8.8,281,1018.6,7.7,9.3,2.6,MM,MM,MM
2026,02,15,00,10,290,5.0,6.0,2.3,MM,8.8,281,1018.7,7.7,9.3,2.8,MM,MM,MM
2026,02,15,00,00,290,5.0,7.0,MM,MM,MM,MM,1018.8,7.7,9.3,2.8,MM,-0.9,MM
2026,02,14,23,50,290,5.0,7.0,2.6,12,9.2,275,1018.8,7.6,9.2,2.9,MM,MM,MM
2026,02,14,23,40,290,5.0,7.0,2.6,MM,9.2,275,1018.8,7.7,9.2,3.1,MM,MM,MM
2026,02,14,23,30,290,5.0,6.0,MM,MM,MM,MM,1018.8,7.6,9.2,2.5,MM,MM,MM
2026,02,14,23,20,300,5.0,6.0,2.5,14,8.8,269,1018.8,7.6,9.2,2.6,MM,MM,MM
2026,02,14,23,10,290,5.0,7.0,2.5,MM,8.8,269,1018.9,7.6,9.2,2.7,MM,MM,MM
2026,02,14,23,00,300,5.0,7.0,MM,MM,MM,MM,1019.0,7.6,9.3,3.0,MM,-0.5,MM
2026,02,14,22,50,300,5.0,6.0,2.6,12,9.0,271,1019.0,7.6,9.3,3.0,MM,MM,MM
2026,02,14,22,40,300,4.0,6.0,MM,MM,MM,MM,1019.0,7.6,9.3,2.8,MM,MM,MM
2026,02,14,22,30,300,4.0,6.0,MM,MM,MM,MM,1019.0,7.5,9.3,2.5,MM,MM,MM
2026,02,14,22,20,310,4.0,6.0,2.6,13,8.9,279,1019.0,7.5,9.4,2.8,MM,MM,MM
2026,02,14,22,10,310,4.0,6.0,2.6,MM,8.9,279,1019.0,7.5,9.3,3.2,MM,MM,MM
2026,02,14,22,00,300,3.0,5.0,MM,MM,MM,MM,1019.1,7.4,9.3,3.3,MM,+0.0,MM
2026,02,14,21,50,290,3.0,5.0,2.6,11,8.6,274,1019.2,7.3,9.3,3.0,MM,MM,MM
2026,02,14,21,40,300,3.0,5.0,2.6,MM,8.6,274,1019.3,7.3,9.4,2.7,MM,MM,MM
2026,02,14,21,30,290,4.0,5.0,MM,MM,MM,MM,1019.4,7.4,9.4,2.9,MM,MM,MM
2026,02,14,21,20,290,3.0,4.0,2.4,13,8.6,262,1019.4,7.4,9.4,2.9,MM,MM,MM
2026,02,14,21,10,290,3.0,5.0,MM,MM,MM,MM,1019.5,7.4,9.4,2.9,MM,MM,MM
2026,02,14,21,00,290,3.0,4.0,MM,MM,MM,MM,1019.6,7.3,9.4,3.0,MM,+0.8,MM
2026,02,14,20,50,290,2.0,4.0,2.4,11,8.6,283,1019.6,7.2,9.4,2.9,MM,MM,MM
2026,02,14,20,40,270,3.0,4.0,MM,MM,MM,MM,1019.7,7.1,9.4,2.7,MM,MM,MM
2026,02,14,20,30,250,4.0,6.0,MM,MM,MM,MM,1019.6,6.8,9.4,2.1,MM,MM,MM
2026,02,14,20,20,230,4.0,6.0,2.7,14,9.3,277,1019.6,7.1,9.4,3.2,MM,MM,MM
2026,02,14,20,10,220,4.0,6.0,2.7,MM,9.3,277,1019.5,7.2,9.4,3.6,MM,MM,MM
2026,02,14,20,00,210,4.0,6.0,MM,MM,MM,MM,1019.4,7.2,9.4,3.5,MM,+1.2,MM
2026,02,14,19,50,210,4.0,5.0,2.5,13,8.9,273,1019.5,7.2,9.4,3.6,MM,MM,MM
2026,02,14,19,40,230,4.0,5.0,MM,MM,MM,MM,1019.5,7.1,9.4,3.7,MM,MM,MM
2026,02,14,19,30,220,4.0,5.0,MM,MM,MM,MM,1019.6,7.1,9.4,3.5,MM,MM,MM
2026,02,14,19,20,220,3.0,4.0,2.3,14,8.8,265,1019.5,7.1,9.3,3.3,MM,MM,MM
2026,02,14,19,10,220,3.0,5.0,2.3,MM,8.8,265,1019.4,7.0,9.2,3.0,MM,MM,MM
2026,02,14,19,00,230,3.0,4.0,MM,MM,MM,MM,1019.3,6.9,9.2,3.2,MM,+1.2,MM
2026,02,14,18,50,220,3.0,4.0,2.5,12,9.1,265,1019.2,6.7,9.2,3.0,MM,MM,MM
2026,02,14,18,40,260,2.0,4.0,MM,MM,MM,MM,1019.2,6.5,9.1,3.1,MM,MM,MM
2026,02,14,18,30,250,3.0,5.0,MM,MM,MM,MM,1019.1,6.3,9.1,3.0,MM,MM,MM
2026,02,14,18,20,230,4.0,7.0,2.5,14,9.4,255,1019.1,6.7,9.1,3.0,MM,MM,MM
2026,02,14,18,10,230,4.0,6.0,2.5,MM,9.4,255,1019.1,6.9,9.1,2.7,MM,MM,MM
2026,02,14,18,00,240,4.0,5.0,MM,MM,MM,MM,1018.9,7.1,9.1,2.8,MM,+1.7,MM
2026,02,14,17,50,240,4.0,5.0,2.8,12,9.3,276,1018.8,6.9,9.1,2.5,MM,MM,MM
2026,02,14,17,40,230,4.0,6.0,2.8,MM,9.3,276,1018.7,7.1,9.1,2.6,MM,MM,MM
2026,02,14,17,30,250,3.0,5.0,MM,MM,MM,MM,1018.6,7.1,9.1,2.6,MM,MM,MM
2026,02,14,17,20,240,4.0,5.0,2.6,13,9.0,272,1018.5,6.9,9.1,2.4,MM,MM,MM
2026,02,14,17,10,240,4.0,5.0,2.6,MM,9.0,272,1018.4,7.0,9.1,2.7,MM,MM,MM
2026,02,14,17,00,240,4.0,6.0,MM,MM,MM,MM,1018.2,6.7,9.1,2.6,MM,+1.4,MM
2026,02,14,16,50,240,5.0,7.0,2.8,12,9.5,267,1018.1,6.7,9.0,3.2,MM,MM,MM
2026,02,14,16,40,250,5.0,8.0,MM,MM,MM,MM,1018.0,6.7,9.1,3.4,MM,MM,MM
2026,02,14,16,30,210,2.0,5.0,MM,MM,MM,MM,1018.0,6.3,9.0,3.1,MM,MM,MM
2026,02,14,16,20,230,2.0,4.0,2.7,13,9.4,269,1018.1,6.2,9.0,3.0,MM,MM,MM
2026,02,14,16,10,240,2.0,4.0,2.7,MM,9.4,269,1018.1,5.9,9.1,2.9,MM,MM,MM
2026,02,14,16,00,280,2.0,3.0,MM,MM,MM,MM,1018.1,5.3,9.1,2.5,MM,+1.9,MM
2026,02,14,15,50,290,2.0,4.0,2.9,13,9.3,272,1017.9,4.9,9.0,2.5,MM,MM,MM
2026,02,14,15,40,330,3.0,6.0,2.9,MM,9.3,272,1017.9,5.1,9.0,1.9,MM,MM,MM
2026,02,14,15,30,350,5.0,9.0,MM,MM,MM,MM,1017.8,5.7,9.0,1.9,MM,MM,MM
2026,02,14,15,20,260,3.0,5.0,2.9,14,9.8,264,1017.6,6.2,9.1,2.7,MM,MM,MM
2026,02,14,15,10,300,3.0,4.0,2.9,MM,9.8,264,1017.4,6.1,9.1,3.2,MM,MM,MM
2026,02,14,15,00,350,3.0,5.0,MM,MM,MM,MM,1017.2,6.0,9.1,3.1,MM,+1.0,MM
2026,02,14,14,50,300,6.0,7.0,2.5,14,8.9,271,1017.1,6.4,9.1,2.8,MM,MM,MM
2026,02,14,14,40,260,6.0,9.0,MM,MM,MM,MM,1017.0,6.0,9.1,2.6,MM,MM,MM
2026,02,14,14,30,40,2.0,5.0,MM,MM,MM,MM,1017.0,6.2,9.1,3.7,MM,MM,MM
2026,02,14,14,20,40,1.0,2.0,2.3,14,8.9,266,1017.0,6.2,9.1,3.7,MM,MM,MM
2026,02,14,14,10,20,1.0,2.0,2.3,MM,8.9,266,1016.9,6.2,9.1,3.6,MM,MM,MM
2026,02,14,14,00,320,1.0,2.0,MM,MM,MM,MM,1016.9,6.2,9.1,3.6,MM,+1.0,MM
2026,02,14,13,50,310,1.0,2.0,2.5,14,9.4,275,1016.8,6.1,9.2,3.6,MM,MM,MM
2026,02,14,13,40,300,1.0,2.0,2.5,MM,9.4,275,1016.8,6.0,9.2,3.5,MM,MM,MM
2026,02,14,13,30,300,2.0,3.0,MM,MM,MM,MM,1016.7,5.9,9.2,3.5,MM,MM,MM
2026,02,14,13,20,320,2.0,3.0,2.7,15,10.0,266,1016.5,5.8,9.2,3.9,MM,MM,MM
2026,02,14,13,10,330,2.0,3.0,2.7,MM,10.0,266,1016.4,5.7,9.2,4.1,MM,MM,MM
2026,02,14,13,00,330,3.0,5.0,MM,MM,MM,MM,1016.2,5.8,9.2,4.3,MM,+0.9,MM
2026,02,14,12,50,330,4.0,5.0,2.8,13,9.8,271,1016.2,5.9,9.2,4.1,MM,MM,MM
2026,02,14,12,40,330,4.0,5.0,MM,MM,MM,MM,1016.1,6.0,9.3,3.8,MM,MM,MM
2026,02,14,12,30,320,4.0,6.0,MM,MM,MM,MM,1016.2,6.1,9.3,3.7,MM,MM,MM
2026,02,14,12,20,290,3.0,5.0,3.0,12,10.0,260,1016.2,6.2,9.4,3.6,MM,MM,MM
2026,02,14,12,10,290,3.0,6.0,3.0,MM,10.0,260,1016.2,6.1,9.4,3.3,MM,MM,MM
2026,02,14,12,00,280,3.0,5.0,MM,MM,MM,MM,1016.2,6.2,9.4,3.6,MM,+1.2,MM
2026,02,14,11,50,290,3.0,4.0,2.5,12,9.3,281,1016.1,6.1,9.4,3.5,MM,MM,MM
2026,02,14,11,40,300,3.0,4.0,2.5,MM,9.3,281,1016.0,6.0,9.4,3.7,MM,MM,MM
2026,02,14,11,30,300,3.0,5.0,MM,MM,MM,MM,1015.9,6.0,9.4,3.8,MM,MM,MM
2026,02,14,11,20,290,4.0,6.0,2.7,13,9.5,267,1015.9,6.1,9.3,3.9,MM,MM,MM
2026,02,14,11,10,280,4.0,6.0,2.7,MM,9.5,267,1015.9,5.9,9.3,3.9,MM,MM,MM
2026,02,14,11,00,270,3.0,5.0,MM,MM,MM,MM,1015.8,5.8,9.3,4.3,MM,+1.4,MM
2026,02,14,10,50,290,3.0,5.0,2.7,12,9.3,270,1015.8,5.8,9.3,4.3,MM,MM,MM
2026,02,14,10,40,300,4.0,6.0,MM,MM,MM,MM,1015.8,6.1,9.3,4.1,MM,MM,MM
2026,02,14,10,30,300,3.0,4.0,MM,MM,MM,MM,1015.7,6.2,9.2,4.0,MM,MM,MM
2026,02,14,10,20,300,3.0,5.0,2.8,14,9.3,278,1015.6,6.2,9.2,3.8,MM,MM,MM
2026,02,14,10,10,280,3.0,5.0,2.8,MM,9.3,278,1015.5,6.3,9.2,3.8,MM,MM,MM
2026,02,14,10,00,280,3.0,5.0,MM,MM,MM,MM,1015.4,6.1,9.2,3.6,MM,+1.3,MM
2026,02,14,09,50,290,3.0,5.0,2.9,12,9.5,273,1015.2,6.1,9.2,3.8,MM,MM,MM
2026,02,14,09,40,280,4.0,5.0,2.9,MM,9.5,273,1015.1,6.1,9.2,4.0,MM,MM,MM
2026,02,14,09,30,290,3.0,5.0,MM,MM,MM,MM,1015.0,6.0,9.2,4.1,MM,MM,MM
2026,02,14,09,20,280,3.0,5.0,3.0,14,9.3,269,1015.0,5.9,9.3,4.2,MM,MM,MM
2026,02,14,09,10,290,4.0,5.0,3.0,MM,9.3,269,1014.9,5.9,9.3,4.3,MM,MM,MM
2026,02,14,09,00,280,5.0,7.0,MM,MM,MM,MM,1014.9,6.0,9.4,4.0,MM,+1.2,MM
2026,02,14,08,50,280,4.0,6.0,2.8,14,9.2,265,1014.8,5.9,9.4,3.8,MM,MM,MM
2026,02,14,08,40,280,3.0,5.0,MM,MM,MM,MM,1014.7,5.7,9.2,4.3,MM,MM,MM
2026,02,14,08,30,260,4.0,5.0,MM,MM,MM,MM,1014.7,5.7,9.3,4.8,MM,MM,MM
2026,02,14,08,20,260,3.0,4.0,2.9,13,9.1,281,1014.7,5.6,9.3,5.0,MM,MM,MM
2026,02,14,08,10,260,2.0,4.0,2.9,MM,9.1,281,1014.6,5.7,9.3,5.2,MM,MM,MM
2026,02,14,08,00,210,3.0,5.0,MM,MM,MM,MM,1014.5,5.7,9.3,5.2,MM,+0.6,MM
2026,02,14,07,50,190,4.0,5.0,2.9,13,9.0,270,1014.4,5.5,9.2,4.6,MM,MM,MM
2026,02,14,07,40,190,3.0,6.0,MM,MM,MM,MM,1014.3,5.8,9.1,4.8,MM,MM,MM
2026,02,14,07,30,180,2.0,4.0,MM,MM,MM,MM,1014.2,5.8,9.1,4.7,MM,MM,MM
2026,02,14,07,20,210,3.0,5.0,3.1,12,8.9,290,1014.2,5.8,9.1,4.5,MM,MM,MM
2026,02,14,07,10,210,3.0,5.0,3.1,MM,8.9,290,1014.2,5.8,9.1,4.5,MM,MM,MM
2026,02,14,07,00,220,3.0,4.0,MM,MM,MM,MM,1014.1,5.7,9.1,4.5,MM,-0.0,MM
2026,02,14,06,50,230,4.0,5.0,3.0,15,8.9,265,1014.2,5.9,9.1,4.7,MM,MM,MM
2026,02,14,06,40,230,4.0,5.0,MM,MM,MM,MM,1014.2,5.9,9.1,4.6,MM,MM,MM
2026,02,14,06,30,240,4.0,6.0,MM,MM,MM,MM,1014.2,5.7,9.2,4.1,MM,MM,MM
2026,02,14,06,20,240,5.0,8.0,3.1,14,8.9,270,1014.1,5.6,9.2,4.0,MM,MM,MM
2026,02,14,06,10,240,7.0,10.0,MM,MM,MM,MM,1014.1,6.2,9.2,4.0,MM,MM,MM
2026,02,14,06,00,170,6.0,9.0,MM,MM,MM,MM,1014.0,7.4,9.2,4.8,MM,+0.0,MM
2026,02,14,05,50,150,5.0,8.0,2.9,13,8.9,273,1013.9,7.5,9.2,4.9,MM,MM,MM
2026,02,14,05,40,150,6.0,8.0,MM,MM,MM,MM,1013.8,7.4,9.2,4.7,MM,MM,MM
2026,02,14,05,30,160,6.0,9.0,MM,MM,MM,MM,1013.8,7.5,9.2,4.6,MM,MM,MM
2026,02,14,05,20,160,6.0,8.0,3.1,14,9.3,269,1013.8,7.5,9.2,4.5,MM,MM,MM
2026,02,14,05,10,160,6.0,8.0,3.1,MM,9.3,269,1013.8,7.4,9.2,4.3,MM,MM,MM
2026,02,14,05,00,160,7.0,9.0,MM,MM,MM,MM,1013.9,7.3,9.1,4.5,MM,+0.0,MM
2026,02,14,04,50,160,7.0,9.0,3.1,14,9.6,268,1013.8,7.3,9.1,4.7,MM,MM,MM
2026,02,14,04,40,170,7.0,9.0,MM,MM,MM,MM,1013.8,7.3,9.1,4.7,MM,MM,MM
2026,02,14,04,30,170,7.0,9.0,MM,MM,MM,MM,1013.9,7.3,9.1,4.8,MM,MM,MM
2026,02,14,04,20,170,7.0,8.0,3.3,14,10.1,264,1013.8,7.2,9.2,4.8,MM,MM,MM
2026,02,14,04,10,180,7.0,8.0,3.3,MM,10.1,264,1013.8,7.2,9.2,4.8,MM,MM,MM
2026,02,14,04,00,180,7.0,8.0,MM,MM,MM,MM,1013.8,7.2,9.2,4.9,MM,-0.7,MM
2026,02,14,03,50,180,7.0,8.0,3.3,15,10.2,266,1013.9,7.2,9.2,5.1,MM,MM,MM
2026,02,14,03,40,180,7.0,8.0,MM,MM,MM,MM,1013.9,7.2,9.2,5.1,MM,MM,MM
2026,02,14,03,30,180,7.0,8.0,MM,MM,MM,MM,1013.9,7.1,9.2,5.0,MM,MM,MM
2026,02,14,03,20,180,6.0,8.0,3.3,13,10.0,259,1013.9,7.2,9.2,5.1,MM,MM,MM
2026,02,14,03,10,180,6.0,8.0,MM,MM,MM,MM,1013.9,7.2,9.3,5.2,MM,MM,MM
2026,02,14,03,00,180,6.0,8.0,MM,MM,MM,MM,1013.9,7.2,9.3,5.2,MM,-0.9,MM
2026,02,14,02,50,180,6.0,7.0,3.1,15,9.8,258,1014.0,7.4,9.3,5.2,MM,MM,MM
2026,02,14,02,40,180,7.0,8.0,MM,MM,MM,MM,1013.9,7.5,9.4,5.1,MM,MM,MM
2026,02,14,02,30,190,7.0,8.0,MM,MM,MM,MM,1014.0,7.5,9.5,5.1,MM,MM,MM
2026,02,14,02,20,190,7.0,8.0,3.1,12,9.4,264,1014.0,7.5,9.5,5.1,MM,MM,MM
2026,02,14,02,10,190,6.0,8.0,3.1,MM,9.4,264,1014.1,7.5,9.6,5.0,MM,MM,MM
2026,02,14,02,00,190,6.0,8.0,MM,MM,MM,MM,1014.1,7.4,9.6,4.9,MM,-1.1,MM
2026,02,14,01,50,190,6.0,8.0,3.7,15,10.4,261,1014.1,7.4,9.6,4.9,MM,MM,MM
2026,02,14,01,40,190,6.0,8.0,MM,MM,MM,MM,1014.2,7.4,9.6,4.8,MM,MM,MM
2026,02,14,01,30,190,6.0,8.0,MM,MM,MM,MM,1014.3,7.4,9.6,5.0,MM,MM,MM
2026,02,14,01,20,190,6.0,8.0,3.0,13,9.4,263,1014.4,7.5,9.5,5.2,MM,MM,MM
2026,02,14,01,10,190,6.0,7.0,3.0,MM,9.4,263,1014.4,7.5,9.5,5.0,MM,MM,MM
2026,02,14,01,00,190,6.0,7.0,MM,MM,MM,MM,1014.6,7.4,9.5,4.7,MM,-0.9,MM
2026,02,14,00,50,190,6.0,7.0,3.2,15,9.8,254,1014.6,7.4,9.5,4.6,MM,MM,MM
2026,02,14,00,40,190,6.0,8.0,MM,MM,MM,MM,1014.6,7.5,9.5,4.9,MM,MM,MM
2026,02,14,00,30,190,6.0,7.0,MM,MM,MM,MM,1014.7,7.5,9.5,5.2,MM,MM,MM
2026,02,14,00,20,190,6.0,7.0,3.4,13,10.2,274,1014.7,7.5,9.4,5.1,MM,MM,MM
2026,02,14,00,10,200,6.0,7.0,3.4,MM,10.2,274,1014.8,7.5,9.4,4.9,MM,MM,MM
2026,02,14,00,00,190,6.0,7.0,MM,MM,MM,MM,1014.9,7.6,9.4,4.9,MM,-0.9,MM
2026,02,13,23,50,200,6.0,7.0,3.1,12,9.8,273,1015.0,7.6,9.5,4.7,MM,MM,MM
2026,02,13,23,40,200,6.0,7.0,MM,MM,MM,MM,1014.9,7.6,9.5,4.2,MM,MM,MM
2026,02,13,23,30,200,5.0,6.0,MM,MM,MM,MM,1015.1,7.7,9.5,3.9,MM,MM,MM
2026,02,13,23,20,200,5.0,6.0,3.2,15,10.4,256,1014.9,7.7,9.5,4.0,MM,MM,MM
2026,02,13,23,10,190,5.0,6.0,MM,MM,MM,MM,1015.0,7.6,9.5,4.0,MM,MM,MM
2026,02,13,23,00,190,5.0,6.0,MM,MM,MM,MM,1015.1,7.6,9.5,4.3,MM,-1.3,MM
2026,02,13,22,50,190,5.0,6.0,3.3,15,10.2,244,1015.1,7.6,9.5,4.2,MM,MM,MM
2026,02,13,22,40,190,5.0,6.0,MM,MM,MM,MM,1015.1,7.7,9.5,4.1,MM,MM,MM
2026,02,13,22,30,190,5.0,6.0,MM,MM,MM,MM,1015.2,7.6,9.5,3.8,MM,MM,MM
2026,02,13,22,20,190,5.0,6.0,3.2,14,9.7,268,1015.2,7.4,9.5,3.7,MM,MM,MM
2026,02,13,22,10,190,5.0,6.0,3.2,MM,9.7,268,1015.2,7.2,9.5,3.7,MM,MM,MM
2026,02,13,22,00,190,6.0,7.0,MM,MM,MM,MM,1015.4,7.3,9.4,3.9,MM,-1.4,MM
2026,02,13,21,50,200,6.0,8.0,3.6,14,10.0,268,1015.5,7.5,9.4,3.8,MM,MM,MM
2026,02,13,21,40,190,6.0,8.0,3.6,MM,10.0,268,1015.6,7.7,9.4,3.9,MM,MM,MM
2026,02,13,21,30,210,5.0,7.0,MM,MM,MM,MM,1015.6,8.4,9.4,4.6,MM,MM,MM
2026,02,13,21,20,240,4.0,6.0,3.5,12,9.8,273,1015.6,8.6,9.4,4.7,MM,MM,MM
2026,02,13,21,10,250,3.0,5.0,3.5,MM,9.8,273,1015.7,8.4,9.4,5.1,MM,MM,MM
2026,02,13,21,00,270,4.0,7.0,MM,MM,MM,MM,1015.8,7.9,9.4,4.9,MM,-1.6,MM
2026,02,13,20,50,260,5.0,8.0,3.5,12,9.9,275,1015.9,8.2,9.4,5.0,MM,MM,MM
2026,02,13,20,40,210,4.0,6.0,MM,MM,MM,MM,1016.0,8.7,9.4,4.6,MM,MM,MM
2026,02,13,20,30,200,3.0,4.0,MM,MM,MM,MM,1016.1,8.7,9.4,4.1,MM,MM,MM
2026,02,13,20,20,200,3.0,4.0,3.6,14,10.1,271,1016.3,8.7,9.3,4.0,MM,MM,MM
2026,02,13,20,10,200,3.0,4.0,3.6,MM,10.1,271,1016.3,8.7,9.3,3.9,MM,MM,MM
2026,02,13,20,00,210,3.0,5.0,MM,MM,MM,MM,1016.4,8.6,MM,3.6,MM,-0.9,MM
2026,02,13,19,50,210,3.0,4.0,3.6,15,10.1,265,1016.5,8.7,9.3,3.6,MM,MM,MM
2026,02,13,19,40,210,3.0,5.0,MM,MM,MM,MM,1016.7,8.7,9.3,3.8,MM,MM,MM
2026,02,13,19,30,220,3.0,5.0,MM,MM,MM,MM,1016.7,8.6,9.2,3.7,MM,MM,MM
2026,02,13,19,20,220,3.0,4.0,3.7,14,10.3,273,1016.7,8.4,9.3,4.2,MM,MM,MM
2026,02,13,19,10,180,2.0,3.0,MM,MM,MM,MM,1016.9,8.4,9.3,5.6,MM,MM,MM
2026,02,13,19,00,190,2.0,3.0,MM,MM,MM,MM,1016.8,8.2,9.3,5.8,MM,-0.6,MM
2026,02,13,18,50,180,3.0,4.0,3.8,15,10.7,264,1017.0,8.4,9.3,6.4,MM,MM,MM
2026,02,13,18,40,180,3.0,4.0,3.8,MM,10.7,264,1017.0,MM,MM,MM,MM,MM,MM
2026,02,13,18,30,170,3.0,4.0,MM,MM,MM,MM,1017.1,8.4,9.3,6.0,MM,MM,MM
2026,02,13,18,20,160,4.0,5.0,3.9,16,10.5,264,1017.1,8.3,9.2,5.7,MM,MM,MM
2026,02,13,18,10,170,3.0,5.0,3.9,MM,10.5,264,1017.2,8.3,9.3,6.0,MM,MM,MM
2026,02,13,18,00,180,4.0,5.0,MM,MM,MM,MM,1017.3,8.2,9.3,6.1,MM,+0.0,MM
2026,02,13,17,50,180,3.0,5.0,4.3,15,11.2,264,1017.3,8.0,9.3,6.2,MM,MM,MM
2026,02,13,17,40,120,2.0,4.0,MM,MM,MM,MM,1017.2,8.1,9.3,6.7,MM,MM,MM
2026,02,13,17,30,110,2.0,4.0,MM,MM,MM,MM,1017.2,8.1,9.3,6.7,MM,MM,MM
2026,02,13,17,20,100,1.0,4.0,3.7,15,10.1,261,1017.2,8.0,9.3,6.5,MM,MM,MM
2026,02,13,17,10,70,1.0,3.0,3.7,MM,10.1,261,1017.3,8.2,9.3,6.6,MM,MM,MM
2026,02,13,17,00,30,1.0,3.0,MM,MM,MM,MM,1017.3,8.1,9.3,6.2,MM,-0.7,MM
2026,02,13,16,50,10,2.0,3.0,3.8,15,10.8,260,1017.3,8.2,9.4,6.2,MM,MM,MM
2026,02,13,16,40,350,2.0,3.0,3.8,MM,10.8,260,1017.3,8.4,9.4,6.4,MM,MM,MM
2026,02,13,16,30,340,2.0,4.0,MM,MM,MM,MM,1017.4,8.6,9.3,5.9,MM,MM,MM
2026,02,13,16,20,320,2.0,4.0,4.2,15,11.5,266,1017.5,8.6,9.3,5.2,MM,MM,MM
2026,02,13,16,10,320,2.0,4.0,4.2,MM,11.5,266,1017.5,8.7,9.2,4.7,MM,MM,MM
2026,02,13,16,00,320,2.0,4.0,MM,MM,MM,MM,1017.5,8.7,9.3,4.5,MM,-0.7,MM
2026,02,13,15,50,320,2.0,4.0,4.2,14,11.1,273,1017.6,8.6,9.2,4.6,MM,MM,MM
2026,02,13,15,40,320,2.0,4.0,MM,MM,MM,MM,1017.5,8.7,9.2,4.9,MM,MM,MM
2026,02,13,15,30,310,2.0,4.0,MM,MM,MM,MM,1017.6,8.8,9.3,5.0,MM,MM,MM
2026,02,13,15,20,310,2.0,4.0,4.1,15,11.3,266,1017.5,8.7,9.3,4.9,MM,MM,MM
2026,02,13,15,10,320,2.0,4.0,4.1,MM,11.3,266,1017.5,8.7,MM,5.4,MM,MM,MM
2026,02,13,15,00,320,2.0,4.0,MM,MM,MM,MM,1017.6,8.6,9.4,5.7,MM,-1.1,MM
2026,02,13,14,50,330,2.0,4.0,4.2,16,11.7,276,1017.7,8.6,9.3,5.7,MM,MM,MM
2026,02,13,14,40,330,2.0,4.0,MM,MM,MM,MM,1017.7,8.5,9.3,5.7,MM,MM,MM
2026,02,13,14,30,330,3.0,4.0,MM,MM,MM,MM,1017.7,8.6,9.3,6.1,MM,MM,MM
2026,02,13,14,20,330,3.0,4.0,3.8,16,11.1,264,1017.8,8.8,9.3,5.9,MM,MM,MM
2026,02,13,14,10,330,4.0,5.0,3.8,MM,11.1,264,1017.7,8.8,9.2,5.0,MM,MM,MM
2026,02,13,14,00,320,4.0,5.0,MM,MM,MM,MM,1018.0,8.9,9.2,4.7,MM,-1.2,MM
2026,02,13,13,50,310,4.0,6.0,4.0,15,11.5,267,1018.0,8.9,9.2,4.5,MM,MM,MM
2026,02,13,13,40,320,4.0,6.0,4.0,MM,11.5,267,1018.0,8.9,9.3,4.6,MM,MM,MM
2026,02,13,13,30,320,4.0,5.0,MM,MM,MM,MM,1017.9,8.8,9.3,4.5,MM,MM,MM
2026,02,13,13,20,310,4.0,5.0,3.8,16,11.2,255,1018.1,8.8,9.4,4.6,MM,MM,MM
2026,02,13,13,10,310,3.0,5.0,3.8,MM,11.2,255,1018.2,8.8,9.6,4.8,MM,MM,MM
2026,02,13,13,00,300,3.0,5.0,MM,MM,MM,MM,1018.1,8.8,9.6,4.8,MM,-1.4,MM
2026,02,13,12,50,300,3.0,5.0,3.7,16,10.7,257,1018.2,8.8,9.6,4.9,MM,MM,MM
2026,02,13,12,40,300,3.0,5.0,MM,MM,MM,MM,1018.3,8.8,9.6,4.9,MM,MM,MM
2026,02,13,12,30,300,3.0,5.0,MM,MM,MM,MM,1018.4,8.7,9.6,5.1,MM,MM,MM
2026,02,13,12,20,300,3.0,5.0,3.8,16,11.2,266,1018.5,8.6,9.6,5.5,MM,MM,MM
2026,02,13,12,10,310,3.0,5.0,3.8,MM,11.2,266,1018.6,8.4,9.6,6.0,MM,MM,MM
2026,02,13,12,00,310,3.0,5.0,MM,MM,MM,MM,1018.6,8.3,MM,6.3,MM,-0.9,MM
2026,02,13,11,50,300,3.0,5.0,3.7,16,10.8,265,1018.8,8.2,9.6,6.6,MM,MM,MM
2026,02,13,11,40,300,4.0,5.0,MM,MM,MM,MM,1018.9,8.2,9.6,6.7,MM,MM,MM
2026,02,13,11,30,310,4.0,6.0,MM,MM,MM,MM,1019.0,8.4,9.6,6.9,MM,MM,MM
2026,02,13,11,20,310,4.0,5.0,3.8,16,10.8,260,1019.1,8.4,9.6,7.0,MM,MM,MM
2026,02,13,11,10,310,4.0,5.0,3.8,MM,10.8,260,1019.2,8.3,9.6,7.2,MM,MM,MM
2026,02,13,11,00,260,4.0,9.0,MM,MM,MM,MM,1019.2,8.5,9.6,7.7,MM,-1.1,MM
2026,02,13,10,50,190,7.0,8.0,3.5,14,10.3,265,1019.2,8.7,9.6,8.0,MM,MM,MM
2026,02,13,10,40,180,7.0,9.0,MM,MM,MM,MM,1019.3,8.7,9.5,7.9,MM,MM,MM
2026,02,13,10,30,180,7.0,10.0,MM,MM,MM,MM,1019.3,8.7,9.5,8.0,MM,MM,MM
2026,02,13,10,20,180,8.0,9.0,3.3,16,10.2,252,1019.3,8.7,9.5,7.9,MM,MM,MM
2026,02,13,10,10,180,7.0,9.0,3.3,MM,10.2,252,1019.5,8.8,9.5,7.9,MM,MM,MM
2026,02,13,10,00,180,7.0,8.0,MM,MM,MM,MM,1019.6,8.8,9.5,7.9,MM,-1.2,MM
2026,02,13,09,50,170,7.0,9.0,3.2,16,10.2,266,1019.6,8.7,9.5,7.7,MM,MM,MM
2026,02,13,09,40,180,7.0,9.0,3.2,MM,10.2,266,1019.7,8.8,9.5,7.6,MM,MM,MM
2026,02,13,09,30,180,8.0,10.0,MM,MM,MM,MM,1019.7,9.0,9.5,7.6,MM,MM,MM
2026,02,13,09,20,180,7.0,9.0,2.9,17,9.5,236,1019.7,8.9,9.5,7.7,MM,MM,MM
2026,02,13,09,10,180,7.0,9.0,MM,MM,MM,MM,1019.7,8.7,9.5,7.9,MM,MM,MM
2026,02,13,09,00,180,8.0,10.0,MM,MM,MM,MM,1019.7,8.7,9.5,7.7,MM,-1.5,MM
2026,02,13,08,50,180,7.0,9.0,2.6,16,8.7,263,1019.8,8.8,9.5,7.7,MM,MM,MM
2026,02,13,08,40,180,7.0,9.0,2.6,MM,8.7,263,1019.9,8.7,9.5,7.8,MM,MM,MM
2026,02,13,08,30,180,7.0,8.0,MM,MM,MM,MM,1020.1,8.7,9.5,7.8,MM,MM,MM
2026,02,13,08,20,180,7.0,9.0,2.8,17,8.9,250,1020.2,8.7,9.5,7.8,MM,MM,MM
2026,02,13,08,10,180,8.0,9.0,MM,MM,MM,MM,1020.3,8.6,9.4,7.6,MM,MM,MM
2026,02,13,08,00,190,8.0,9.0,MM,MM,MM,MM,1020.4,8.5,MM,7.6,MM,-1.5,MM
2026,02,13,07,50,180,8.0,9.0,2.3,17,8.1,267,1020.5,8.5,9.4,7.7,MM,MM,MM
2026,02,13,07,40,180,8.0,10.0,MM,MM,MM,MM,1020.6,8.4,MM,7.7,MM,MM,MM
2026,02,13,07,30,180,7.0,9.0,MM,MM,MM,MM,1020.7,8.3,9.4,7.8,MM,MM,MM
2026,02,13,07,20,180,7.0,9.0,2.3,17,7.7,253,1020.7,8.2,9.3,7.8,MM,MM,MM
2026,02,13,07,10,180,8.0,9.0,2.3,MM,7.7,253,1020.9,8.2,9.4,7.7,MM,MM,MM
2026,02,13,07,00,180,8.0,10.0,MM,MM,MM,MM,1020.9,8.4,9.5,7.7,MM,-1.5,MM
2026,02,13,06,50,180,8.0,10.0,2.4,12,7.7,276,1021.0,8.6,9.7,7.5,MM,MM,MM
2026,02,13,06,40,190,7.0,8.0,2.4,MM,7.7,276,1021.1,8.7,9.8,7.6,MM,MM,MM
2026,02,13,06,30,180,7.0,8.0,MM,MM,MM,MM,1021.1,8.6,9.8,7.5,MM,MM,MM
2026,02,13,06,20,180,7.0,8.0,2.3,11,7.3,279,1021.1,8.7,9.8,7.6,MM,MM,MM
2026,02,13,06,10,180,7.0,9.0,2.3,MM,7.3,279,1021.2,8.7,9.8,7.6,MM,MM,MM
2026,02,13,06,00,180,7.0,9.0,MM,MM,MM,MM,1021.2,8.9,9.8,7.7,MM,-1.5,MM
2026,02,13,05,50,180,7.0,9.0,2.3,17,7.6,271,1021.3,8.8,9.8,7.7,MM,MM,MM
2026,02,13,05,40,180,7.0,8.0,MM,MM,MM,MM,1021.5,8.7,9.8,7.7,MM,MM,MM
2026,02,13,05,30,170,7.0,8.0,MM,MM,MM,MM,1021.6,8.6,9.8,7.6,MM,MM,MM
2026,02,13,05,20,170,7.0,8.0,2.3,11,7.8,278,1021.9,8.8,9.8,7.6,MM,MM,MM
2026,02,13,05,10,170,6.0,8.0,2.3,MM,7.8,278,1022.0,8.8,9.8,7.5,MM,MM,MM
2026,02,13,05,00,160,6.0,7.0,MM,MM,MM,MM,1021.9,8.8,9.8,7.7,MM,-1.1,MM
2026,02,13,04,50,170,5.0,7.0,2.2,10,7.8,280,1022.0,8.5,9.8,7.8,MM,MM,MM
2026,02,13,04,40,160,4.0,6.0,2.2,MM,7.8,280,1022.0,8.4,9.8,8.0,MM,MM,MM
2026,02,13,04,30,170,6.0,8.0,MM,MM,MM,MM,1022.0,8.3,9.8,7.8,MM,MM,MM
2026,02,13,04,20,150,5.0,8.0,2.3,11,7.8,269,1022.2,8.5,9.8,8.0,MM,MM,MM
2026,02,13,04,10,170,5.0,7.0,2.3,MM,7.8,269,1022.3,8.5,9.8,8.0,MM,MM,MM
2026,02,13,04,00,170,6.0,8.0,MM,MM,MM,MM,1022.2,8.5,9.7,8.0,MM,-0.9,MM
2026,02,13,03,50,170,7.0,9.0,2.4,10,7.8,270,1022.3,8.5,9.7,8.0,MM,MM,MM
2026,02,13,03,40,170,6.0,8.0,MM,MM,MM,MM,1022.3,8.5,9.7,8.0,MM,MM,MM
2026,02,13,03,30,180,7.0,10.0,MM,MM,MM,MM,1022.4,8.5,9.7,7.9,MM,MM,MM
2026,02,13,03,20,180,7.0,8.0,2.4,10,7.9,274,1022.3,8.5,9.7,8.0,MM,MM,MM
2026,02,13,03,10,180,6.0,9.0,MM,MM,MM,MM,1022.4,8.4,9.7,8.0,MM,MM,MM
2026,02,13,03,00,170,7.0,8.0,MM,MM,MM,MM,1022.4,8.4,9.7,8.1,MM,-0.7,MM
2026,02,13,02,50,170,7.0,9.0,2.5,11,8.3,271,1022.4,8.4,9.8,8.1,MM,MM,MM
2026,02,13,02,40,180,8.0,10.0,2.5,MM,8.3,271,1022.6,8.4,9.8,8.1,MM,MM,MM
2026,02,13,02,30,180,7.0,8.0,MM,MM,MM,MM,1022.7,8.3,9.7,8.0,MM,MM,MM
2026,02,13,02,20,180,7.0,9.0,2.3,10,8.3,272,1022.7,8.3,9.6,8.0,MM,MM,MM
2026,02,13,02,10,180,8.0,9.0,2.3,MM,8.3,272,1022.6,8.2,9.6,8.0,MM,MM,MM
2026,02,13,02,00,170,8.0,9.0,MM,MM,MM,MM,1022.7,8.1,9.4,7.9,MM,-0.6,MM
2026,02,13,01,50,170,7.0,9.0,2.2,9,8.4,262,1022.6,8.2,9.5,8.0,MM,MM,MM
2026,02,13,01,40,170,7.0,9.0,2.2,MM,8.4,262,1022.7,8.2,9.3,8.0,MM,MM,MM
2026,02,13,01,30,170,7.0,8.0,MM,MM,MM,MM,1022.8,8.1,9.3,7.9,MM,MM,MM
2026,02,13,01,20,170,6.0,8.0,2.2,10,8.4,279,1022.9,8.1,9.3,7.8,MM,MM,MM
2026,02,13,01,10,170,6.0,7.0,2.2,MM,8.4,279,1023.0,8.1,9.4,7.8,MM,MM,MM
2026,02,13,01,00,170,7.0,8.0,MM,MM,MM,MM,1023.0,8.1,9.6,7.7,MM,-1.0,MM
2026,02,13,00,50,170,7.0,8.0,2.1,11,8.6,270,1023.0,8.1,9.6,7.7,MM,MM,MM
2026,02,13,00,40,170,6.0,8.0,MM,MM,MM,MM,1023.1,8.2,9.6,7.8,MM,MM,MM
2026,02,13,00,30,170,6.0,8.0,MM,MM,MM,MM,1023.1,8.2,9.6,7.7,MM,MM,MM
2026,02,13,00,20,170,6.0,8.0,2.0,10,8.7,269,1023.2,8.1,MM,7.6,MM,MM,MM
2026,02,13,00,10,160,5.0,7.0,MM,MM,MM,MM,1023.1,8.0,9.3,7.5,MM,MM,MM
2026,02,13,00,00,160,5.0,7.0,MM,MM,MM,MM,1023.2,8.0,9.2,7.4,MM,-1.2,MM
2026,02,12,23,50,170,6.0,7.0,2.0,11,8.7,273,1023.4,8.2,9.2,7.1,MM,MM,MM
2026,02,12,23,40,170,6.0,8.0,MM,MM,MM,MM,1023.4,8.4,9.3,6.9,MM,MM,MM
2026,02,12,23,20,170,6.0,8.0,2.0,11,8.7,278,1023.5,8.6,9.5,6.8,MM,MM,MM
2026,02,12,23,10,160,6.0,8.0,MM,MM,MM,MM,1023.6,8.7,9.6,6.9,MM,MM,MM
2026,02,12,23,00,170,6.0,8.0,MM,MM,MM,MM,1023.6,8.9,9.5,6.8,MM,-1.3,MM
2026,02,12,22,50,170,7.0,9.0,1.9,11,9.0,265,1023.7,8.9,9.5,6.7,MM,MM,MM
2026,02,12,22,40,170,6.0,8.0,1.9,MM,9.0,265,1023.8,9.0,9.5,7.0,MM,MM,MM
2026,02,12,22,30,170,5.0,7.0,MM,MM,MM,MM,1023.9,8.9,9.5,7.1,MM,MM,MM
2026,02,12,22,20,160,4.0,6.0,1.9,14,9.2,272,1023.9,8.7,9.5,7.1,MM,MM,MM
2026,02,12,22,10,130,2.0,4.0,1.9,MM,9.2,272,1024.0,8.5,9.6,7.0,MM,MM,MM
2026,02,12,22,00,120,2.0,3.0,MM,MM,MM,MM,1024.1,8.4,9.6,6.9,MM,-0.8,MM
2026,02,12,21,50,110,2.0,4.0,1.8,11,9.2,286,1024.2,8.4,9.6,6.9,MM,MM,MM
2026,02,12,21,40,100,2.0,3.0,MM,MM,MM,MM,1024.3,8.4,9.6,6.9,MM,MM,MM
2026,02,12,21,30,100,3.0,4.0,MM,MM,MM,MM,1024.3,8.5,9.6,6.9,MM,MM,MM
2026,02,12,21,20,110,2.0,4.0,1.8,11,9.0,282,1024.5,8.5,9.6,6.9,MM,MM,MM
2026,02,12,21,10,150,3.0,5.0,1.8,MM,9.0,282,1024.5,8.7,9.6,7.0,MM,MM,MM
2026,02,12,21,00,180,4.0,5.0,MM,MM,MM,MM,1024.5,8.7,MM,7.1,MM,-0.4,MM
2026,02,12,20,50,170,5.0,6.0,1.7,10,8.6,260,1024.5,8.6,9.6,7.1,MM,MM,MM
2026,02,12,20,40,180,4.0,5.0,MM,MM,MM,MM,1024.7,8.6,9.6,7.2,MM,MM,MM
2026,02,12,20,30,180,4.0,5.0,MM,MM,MM,MM,1024.7,8.5,9.6,7.1,MM,MM,MM
2026,02,12,20,20,180,5.0,6.0,1.8,11,9.1,286,1024.8,8.5,9.6,7.0,MM,MM,MM
2026,02,12,20,10,180,4.0,6.0,1.8,MM,9.1,286,1024.8,8.5,9.6,7.1,MM,MM,MM
2026,02,12,20,00,190,5.0,5.0,MM,MM,MM,MM,1024.9,8.4,9.6,7.0,MM,+0.5,MM
2026,02,12,19,50,190,5.0,5.0,1.7,11,8.9,279,1025.1,8.5,9.7,7.2,MM,MM,MM
2026,02,12,19,40,200,4.0,5.0,1.7,MM,8.9,279,1025.1,8.4,9.7,7.1,MM,MM,MM
2026,02,12,19,30,200,4.0,5.0,MM,MM,MM,MM,1025.1,8.4,9.7,7.1,MM,MM,MM
2026,02,12,19,20,200,4.0,4.0,1.6,11,8.9,276,1025.1,8.4,9.7,7.0,MM,MM,MM
2026,02,12,19,10,180,3.0,3.0,1.6,MM,8.9,276,1025.1,8.3,9.7,7.0,MM,MM,MM
2026,02,12,19,00,170,2.0,3.0,MM,MM,MM,MM,1024.9,8.1,9.7,6.9,MM,+1.0,MM
2026,02,12,18,50,140,1.0,2.0,1.6,10,8.4,258,1024.9,8.0,9.7,6.9,MM,MM,MM
2026,02,12,18,40,70,1.0,2.0,1.6,MM,8.4,258,1024.9,7.9,9.7,6.8,MM,MM,MM
2026,02,12,18,30,90,2.0,3.0,MM,MM,MM,MM,1024.9,7.8,9.7,6.7,MM,MM,MM
2026,02,12,18,20,80,2.0,3.0,1.6,10,8.4,275,1024.9,7.7,MM,6.6,MM,MM,MM
2026,02,12,18,10,80,2.0,3.0,MM,MM,MM,MM,1024.9,7.7,9.7,6.7,MM,MM,MM
2026,02,12,18,00,90,3.0,3.0,MM,MM,MM,MM,1024.8,7.6,9.7,6.6,MM,+0.8,MM
2026,02,12,17,50,90,3.0,4.0,1.7,10,8.4,273,1024.7,7.6,9.7,6.6,MM,MM,MM
2026,02,12,17,40,80,3.0,4.0,1.7,MM,8.4,273,1024.7,7.6,9.7,6.6,MM,MM,MM
2026,02,12,17,30,80,3.0,4.0,MM,MM,MM,MM,1024.6,7.6,9.7,6.6,MM,MM,MM
2026,02,12,17,20,90,3.0,4.0,1.7,11,8.9,277,1024.4,7.6,9.7,6.6,MM,MM,MM
2026,02,12,17,10,80,3.0,4.0,1.7,MM,8.9,277,1024.5,7.5,9.6,6.5,MM,MM,MM
2026,02,12,17,00,90,4.0,5.0,MM,MM,MM,MM,1024.3,7.6,9.6,6.4,MM,-0.0,MM
2026,02,12,16,50,100,4.0,5.0,1.6,10,8.9,278,1024.2,7.7,9.6,6.6,MM,MM,MM
2026,02,12,16,40,100,5.0,6.0,MM,MM,MM,MM,1024.0,7.7,9.6,6.4,MM,MM,MM
2026,02,12,16,30,100,4.0,6.0,MM,MM,MM,MM,1023.9,8.0,9.6,6.2,MM,MM,MM
2026,02,12,16,20,120,3.0,4.0,1.7,10,9.0,278,1024.0,8.1,9.7,6.2,MM,MM,MM
2026,02,12,16,10,110,3.0,4.0,MM,MM,MM,MM,1024.0,8.1,9.7,6.2,MM,MM,MM
2026,02,12,16,00,110,3.0,4.0,MM,MM,MM,MM,1024.0,8.1,9.6,6.2,MM,+0.0,MM
2026,02,12,15,50,100,2.0,4.0,1.6,11,8.7,276,1023.9,7.9,9.6,5.9,MM,MM,MM
2026,02,12,15,40,110,2.0,3.0,MM,MM,MM,MM,1024.1,7.9,9.6,6.0,MM,MM,MM
2026,02,12,15,30,100,2.0,3.0,MM,MM,MM,MM,1024.1,7.9,9.6,6.0,MM,MM,MM
2026,02,12,15,20,100,2.0,3.0,1.7,10,8.7,274,1024.0,7.9,9.7,6.0,MM,MM,MM
2026,02,12,15,10,80,2.0,3.0,1.7,MM,8.7,274,1023.9,7.7,9.8,5.8,MM,MM,MM
2026,02,12,15,00,50,2.0,3.0,MM,MM,MM,MM,1024.0,7.7,9.7,5.9,MM,+0.7,MM
2026,02,12,14,50,30,2.0,3.0,1.6,10,8.4,267,1024.2,7.6,9.8,5.8,MM,MM,MM
2026,02,12,14,40,10,2.0,3.0,1.6,MM,8.4,267,1024.2,7.8,9.8,6.0,MM,MM,MM
2026,02,12,14,30,10,1.0,2.0,MM,MM,MM,MM,1024.3,7.7,9.8,5.9,MM,MM,MM
2026,02,12,14,20,10,1.0,2.0,1.6,11,8.5,282,1024.3,7.7,9.8,6.0,MM,MM,MM
2026,02,12,14,10,10,1.0,2.0,1.6,MM,8.5,282,1024.3,7.7,9.8,6.0,MM,MM,MM
2026,02,12,14,00,MM,0.0,1.0,MM,MM,MM,MM,1024.4,7.6,9.8,6.0,MM,+1.2,MM
2026,02,12,13,50,MM,0.0,1.0,1.5,11,8.3,269,1024.4,7.5,9.8,6.0,MM,MM,MM
2026,02,12,13,40,MM,0.0,2.0,1.5,MM,8.3,269,1024.3,7.5,9.8,6.1,MM,MM,MM
2026,02,12,13,30,70,1.0,2.0,MM,MM,MM,MM,1024.1,7.5,9.8,6.1,MM,MM,MM
2026,02,12,13,20,60,2.0,3.0,1.7,11,8.5,276,1024.0,7.4,9.8,6.1,MM,MM,MM
2026,02,12,13,10,80,2.0,3.0,1.7,MM,8.5,276,1024.1,7.4,9.8,6.1,MM,MM,MM
2026,02,12,13,00,80,3.0,5.0,MM,MM,MM,MM,1023.8,7.4,9.8,6.2,MM,+0.6,MM
2026,02,12,12,50,80,3.0,4.0,1.7,11,8.6,275,1023.7,7.4,9.8,6.2,MM,MM,MM
2026,02,12,12,40,80,4.0,5.0,MM,MM,MM,MM,1023.5,7.4,9.8,6.2,MM,MM,MM
2026,02,12,12,30,90,4.0,5.0,MM,MM,MM,MM,1023.2,7.3,9.8,6.0,MM,MM,MM
2026,02,12,12,20,90,4.0,6.0,1.6,11,8.5,267,1023.3,7.3,9.8,5.9,MM,MM,MM
2026,02,12,12,10,80,4.0,5.0,1.6,MM,8.5,267,1023.4,7.3,9.7,5.9,MM,MM,MM
2026,02,12,12,00,80,5.0,6.0,MM,MM,MM,MM,1023.3,MM,MM,MM,MM,+0.3,MM
2026,02,12,11,50,80,5.0,6.0,1.6,11,8.5,274,1023.0,7.5,9.7,5.8,MM,MM,MM
2026,02,12,11,40,80,5.0,6.0,MM,MM,MM,MM,1023.1,7.4,9.7,5.6,MM,MM,MM
2026,02,12,11,30,80,5.0,7.0,MM,MM,MM,MM,1023.0,7.5,9.7,5.6,MM,MM,MM
2026,02,12,11,20,80,5.0,6.0,1.7,10,8.8,280,1022.9,7.4,9.7,5.6,MM,MM,MM
2026,02,12,11,10,90,5.0,6.0,1.7,MM,8.8,280,1023.1,7.4,9.7,5.4,MM,MM,MM
2026,02,12,11,00,90,5.0,6.0,MM,MM,MM,MM,1023.0,7.4,9.7,5.4,MM,+0.3,MM
2026,02,12,10,50,90,4.0,5.0,1.7,10,8.7,277,1023.4,7.6,9.7,5.6,MM,MM,MM
2026,02,12,10,40,80,3.0,4.0,MM,MM,MM,MM,1023.4,7.5,9.7,5.5,MM,MM,MM
2026,02,12,10,30,80,2.0,3.0,MM,MM,MM,MM,1023.5,7.4,9.7,5.6,MM,MM,MM
2026,02,12,10,20,90,2.0,3.0,1.6,10,8.6,267,1023.5,7.5,9.8,5.7,MM,MM,MM
2026,02,12,10,10,90,2.0,3.0,1.6,MM,8.6,267,1023.5,7.5,9.8,5.7,MM,MM,MM
2026,02,12,10,00,100,2.0,3.0,MM,MM,MM,MM,1023.3,7.6,9.8,5.8,MM,+0.6,MM
2026,02,12,09,50,90,2.0,3.0,1.6,10,8.5,282,1023.2,7.5,9.8,5.8,MM,MM,MM
2026,02,12,09,40,100,2.0,3.0,1.6,MM,8.5,282,1023.2,7.5,9.8,5.8,MM,MM,MM
2026,02,12,09,30,110,2.0,3.0,MM,MM,MM,MM,1023.2,7.5,9.8,6.0,MM,MM,MM
2026,02,12,09,20,110,3.0,4.0,1.6,10,8.6,273,1023.2,7.4,9.6,6.1,MM,MM,MM
2026,02,12,09,10,100,3.0,4.0,1.6,MM,8.6,273,1023.1,7.5,9.6,6.2,MM,MM,MM
2026,02,12,09,00,100,3.0,4.0,MM,MM,MM,MM,1023.0,7.8,9.7,6.1,MM,+0.6,MM
2026,02,12,08,50,MM,0.0,2.0,1.5,10,8.1,275,1023.0,7.8,9.7,5.8,MM,MM,MM
2026,02,12,08,40,70,1.0,2.0,MM,MM,MM,MM,1023.0,7.9,9.7,6.0,MM,MM,MM
2026,02,12,08,30,MM,0.0,1.0,MM,MM,MM,MM,1023.0,7.9,9.7,6.1,MM,MM,MM
2026,02,12,08,20,70,1.0,2.0,1.8,11,9.0,272,1022.7,7.8,9.8,6.0,MM,MM,MM
2026,02,12,08,10,90,1.0,2.0,1.8,MM,9.0,272,1022.8,7.8,9.8,6.0,MM,MM,MM
2026,02,12,08,00,MM,0.0,1.0,MM,MM,MM,MM,1022.8,7.9,9.7,6.0,MM,+0.7,MM
2026,02,12,07,50,MM,0.0,1.0,1.7,11,8.7,277,1022.8,7.8,9.6,5.8,MM,MM,MM
2026,02,12,07,40,MM,0.0,1.0,MM,MM,MM,MM,1022.5,7.8,9.9,5.8,MM,MM,MM
2026,02,12,07,30,360,1.0,2.0,MM,MM,MM,MM,1022.4,7.8,9.8,5.9,MM,MM,MM
2026,02,12,07,20,350,1.0,2.0,1.8,11,8.6,286,1022.5,7.8,9.9,6.0,MM,MM,MM
2026,02,12,07,10,340,1.0,2.0,1.8,MM,8.6,286,1022.6,7.9,9.8,6.3,MM,MM,MM
2026,02,12,07,00,340,1.0,2.0,MM,MM,MM,MM,1022.6,7.9,9.7,6.3,MM,+0.6,MM
2026,02,12,06,50,330,2.0,2.0,1.6,11,8.4,285,1022.7,7.8,9.7,6.1,MM,MM,MM
2026,02,12,06,40,350,1.0,2.0,1.6,MM,8.4,285,1022.6,7.8,9.7,5.9,MM,MM,MM
2026,02,12,06,30,360,2.0,2.0,MM,MM,MM,MM,1022.6,7.8,9.7,5.9,MM,MM,MM
2026,02,12,06,20,360,2.0,2.0,1.7,11,8.2,287,1022.5,7.8,9.7,5.8,MM,MM,MM
2026,02,12,06,10,350,2.0,3.0,1.7,MM,8.2,287,1022.5,7.9,9.7,5.8,MM,MM,MM
2026,02,12,06,00,350,2.0,2.0,MM,MM,MM,MM,1022.5,7.8,9.8,5.8,MM,+0.8,MM
2026,02,12,05,50,350,2.0,3.0,1.7,11,8.1,284,1022.4,7.8,9.8,6.1,MM,MM,MM
2026,02,12,05,40,10,2.0,2.0,MM,MM,MM,MM,1022.4,7.8,9.8,6.2,MM,MM,MM
2026,02,12,05,30,40,2.0,3.0,MM,MM,MM,MM,1022.2,7.9,9.8,6.3,MM,MM,MM
2026,02,12,05,20,40,2.0,3.0,1.8,11,8.4,280,1022.2,7.9,9.8,6.2,MM,MM,MM
2026,02,12,05,10,40,2.0,3.0,1.8,MM,8.4,280,1022.1,8.0,9.8,6.3,MM,MM,MM
2026,02,12,05,00,30,2.0,2.0,MM,MM,MM,MM,1022.1,8.0,9.8,6.3,MM,+0.9,MM
2026,02,12,04,50,20,2.0,3.0,1.6,11,7.9,277,1022.2,8.1,9.8,6.4,MM,MM,MM
2026,02,12,04,40,10,2.0,2.0,MM,MM,MM,MM,1022.2,8.0,9.8,6.3,MM,MM,MM
2026,02,12,04,30,30,2.0,2.0,MM,MM,MM,MM,1022.2,8.1,9.8,6.5,MM,MM,MM
2026,02,12,04,20,20,2.0,2.0,1.6,10,8.0,267,1022.1,8.1,9.8,6.5,MM,MM,MM
2026,02,12,04,10,20,2.0,2.0,1.6,MM,8.0,267,1022.2,8.1,9.8,6.6,MM,MM,MM
2026,02,12,04,00,50,2.0,3.0,MM,MM,MM,MM,1022.0,8.1,9.8,6.5,MM,-0.0,MM
2026,02,12,03,50,70,2.0,3.0,1.6,11,7.8,284,1021.8,8.2,9.8,6.5,MM,MM,MM
2026,02,12,03,40,50,2.0,3.0,MM,MM,MM,MM,1021.8,8.5,9.8,6.6,MM,MM,MM
2026,02,12,03,30,30,1.0,2.0,MM,MM,MM,MM,1021.8,8.4,9.8,5.7,MM,MM,MM
2026,02,12,03,20,10,1.0,2.0,1.8,11,8.0,272,1021.7,8.4,9.8,5.5,MM,MM,MM
2026,02,12,03,10,10,2.0,3.0,1.8,MM,8.0,272,1021.7,8.4,9.8,5.4,MM,MM,MM
2026,02,12,03,00,10,1.0,2.0,MM,MM,MM,MM,1021.7,8.5,9.8,5.4,MM,+0.5,MM
2026,02,12,02,50,10,2.0,3.0,1.6,11,7.4,289,1021.7,8.5,9.8,5.3,MM,MM,MM
2026,02,12,02,40,40,2.0,3.0,MM,MM,MM,MM,1021.6,8.5,9.8,5.4,MM,MM,MM
2026,02,12,02,30,80,2.0,3.0,MM,MM,MM,MM,1021.4,8.5,9.8,5.4,MM,MM,MM
2026,02,12,02,20,90,2.0,3.0,1.7,10,7.4,270,1021.3,8.5,9.8,5.4,MM,MM,MM
2026,02,12,02,10,90,2.0,3.0,1.7,MM,7.4,270,1021.3,8.4,9.8,5.4,MM,MM,MM
2026,02,12,02,00,80,2.0,3.0,MM,MM,MM,MM,1021.3,8.4,9.8,5.5,MM,+0.3,MM
2026,02,12,01,50,80,1.0,3.0,1.8,11,7.5,272,1021.4,8.3,9.8,5.5,MM,MM,MM
2026,02,12,01,40,70,1.0,3.0,MM,MM,MM,MM,1021.5,8.3,9.8,5.6,MM,MM,MM
2026,02,12,01,30,50,1.0,3.0,MM,MM,MM,MM,1021.6,8.4,9.8,5.8,MM,MM,MM
2026,02,12,01,20,50,1.0,2.0,1.8,11,7.5,269,1021.8,8.4,9.8,5.8,MM,MM,MM
2026,02,12,01,10,30,2.0,3.0,1.8,MM,7.5,269,1021.8,8.5,9.8,5.7,MM,MM,MM
2026,02,12,01,00,30,2.0,3.0,MM,MM,MM,MM,1021.8,8.5,9.9,5.4,MM,+0.6,MM
2026,02,12,00,50,70,2.0,4.0,1.6,11,7.1,266,1021.7,8.5,9.9,5.4,MM,MM,MM
2026,02,12,00,40,80,3.0,4.0,1.6,MM,7.1,266,1021.4,8.5,9.9,5.5,MM,MM,MM
2026,02,12,00,30,90,3.0,4.0,MM,MM,MM,MM,1021.3,8.5,9.9,5.5,MM,MM,MM
2026,02,12,00,20,100,3.0,5.0,1.6,11,6.7,282,1021.3,8.6,9.9,5.7,MM,MM,MM
2026,02,12,00,10,100,4.0,5.0,1.6,MM,6.7,282,1021.3,8.6,9.9,5.6,MM,MM,MM
2026,02,12,00,00,100,4.0,6.0,MM,MM,MM,MM,1021.1,8.6,9.9,5.4,MM,+0.0,MM
2026,02,11,23,50,100,5.0,6.0,1.7,11,6.8,267,1021.0,8.5,9.9,5.6,MM,MM,MM
2026,02,11,23,40,100,5.0,6.0,1.7,MM,6.8,267,1021.0,8.5,10.0,5.8,MM,MM,MM
2026,02,11,23,30,100,5.0,6.0,MM,MM,MM,MM,1020.8,8.5,10.0,5.8,MM,MM,MM
2026,02,11,23,20,100,5.0,7.0,1.8,10,6.9,270,1020.9,8.5,10.0,5.7,MM,MM,MM
2026,02,11,23,10,110,6.0,7.0,MM,MM,MM,MM,1020.8,8.5,10.0,5.7,MM,MM,MM
2026,02,11,23,00,110,6.0,8.0,MM,MM,MM,MM,1020.8,8.5,10.0,5.8,MM,-0.3,MM
2026,02,11,22,50,110,6.0,8.0,1.6,10,6.7,273,1020.8,8.5,10.0,5.9,MM,MM,MM
2026,02,11,22,40,110,6.0,8.0,MM,MM,MM,MM,1020.8,8.4,10.0,5.8,MM,MM,MM
2026,02,11,22,30,110,6.0,8.0,MM,MM,MM,MM,1020.8,8.3,10.0,5.7,MM,MM,MM
2026,02,11,22,20,100,6.0,7.0,1.7,11,6.9,271,1020.9,8.2,10.0,6.0,MM,MM,MM
2026,02,11,22,10,100,6.0,7.0,MM,MM,MM,MM,1021.0,8.2,10.0,6.0,MM,MM,MM
2026,02,11,22,00,100,5.0,7.0,MM,MM,MM,MM,1021.2,8.1,10.0,5.9,MM,+0.0,MM
2026,02,11,21,50,100,5.0,7.0,1.7,11,6.9,275,1021.2,8.0,10.0,5.8,MM,MM,MM
2026,02,11,21,40,100,5.0,7.0,MM,MM,MM,MM,1021.4,8.0,10.0,5.9,MM,MM,MM
2026,02,11,21,30,100,5.0,7.0,MM,MM,MM,MM,1021.3,8.0,10.0,5.9,MM,MM,MM
2026,02,11,21,20,100,5.0,7.0,1.7,10,6.8,274,1021.2,8.0,10.0,5.9,MM,MM,MM
2026,02,11,21,10,100,5.0,7.0,1.7,MM,6.8,274,1021.3,8.0,10.0,5.8,MM,MM,MM
2026,02,11,21,00,100,5.0,7.0,MM,MM,MM,MM,1021.3,8.1,10.0,5.9,MM,+0.9,MM
2026,02,11,20,50,90,5.0,7.0,1.7,10,6.6,277,1021.3,8.0,10.0,5.7,MM,MM,MM
2026,02,11,20,40,100,5.0,7.0,MM,MM,MM,MM,1021.3,8.1,10.0,6.0,MM,MM,MM
2026,02,11,20,30,100,6.0,7.0,MM,MM,MM,MM,1021.3,8.1,10.0,6.1,MM,MM,MM
2026,02,11,20,20,100,6.0,8.0,1.8,10,6.9,271,1021.3,8.0,10.0,6.0,MM,MM,MM
2026,02,11,20,10,100,6.0,8.0,1.8,MM,6.9,271,1021.3,8.1,10.0,6.2,MM,MM,MM
2026,02,11,20,00,110,7.0,8.0,MM,MM,MM,MM,1021.2,7.9,10.0,6.2,MM,+0.5,MM
2026,02,11,19,50,100,7.0,9.0,1.8,10,6.9,272,1021.2,7.9,10.0,6.5,MM,MM,MM
2026,02,11,19,40,90,6.0,8.0,MM,MM,MM,MM,1021.3,7.9,10.0,6.5,MM,MM,MM
2026,02,11,19,30,90,7.0,8.0,MM,MM,MM,MM,1021.3,7.7,10.0,6.2,MM,MM,MM
2026,02,11,19,20,90,6.0,9.0,1.8,10,6.9,275,1021.4,7.7,10.0,6.2,MM,MM,MM
2026,02,11,19,10,80,6.0,8.0,1.8,MM,6.9,275,1021.2,7.5,10.0,6.1,MM,MM,MM
2026,02,11,19,00,80,6.0,8.0,MM,MM,MM,MM,1021.1,7.2,10.0,5.7,MM,+1.1,MM
2026,02,11,18,50,80,7.0,8.0,1.7,11,6.7,271,1020.9,7.1,10.0,5.6,MM,MM,MM
2026,02,11,18,40,80,7.0,8.0,1.7,MM,6.7,271,1020.8,7.1,10.0,5.5,MM,MM,MM
2026,02,11,18,30,80,7.0,8.0,MM,MM,MM,MM,1020.8,7.3,10.0,5.7,MM,MM,MM
2026,02,11,18,20,80,7.0,8.0,1.7,10,6.8,271,1020.6,7.4,10.0,5.7,MM,MM,MM
2026,02,11,18,10,80,7.0,8.0,1.7,MM,6.8,271,1020.5,7.3,10.0,5.3,MM,MM,MM
2026,02,11,18,00,80,7.0,8.0,MM,MM,MM,MM,1020.6,7.2,10.0,5.0,MM,+0.4,MM
2026,02,11,17,50,80,6.0,8.0,1.6,11,6.9,264,1020.7,7.2,10.0,4.9,MM,MM,MM
2026,02,11,17,40,80,6.0,8.0,1.6,MM,6.9,264,1020.8,7.2,MM,4.8,MM,MM,MM
2026,02,11,17,30,70,6.0,7.0,MM,MM,MM,MM,1020.8,7.0,9.9,4.7,MM,MM,MM
2026,02,11,17,20,70,6.0,7.0,1.7,10,7.1,274,1020.7,7.0,9.9,4.6,MM,MM,MM
2026,02,11,17,10,60,6.0,7.0,1.7,MM,7.1,274,1020.8,6.7,9.9,4.3,MM,MM,MM
2026,02,11,17,00,60,6.0,7.0,MM,MM,MM,MM,1020.8,6.7,9.8,4.4,MM,+1.2,MM
2026,02,11,16,50,60,6.0,7.0,1.8,10,7.3,272,1020.8,6.7,9.9,4.4,MM,MM,MM
2026,02,11,16,40,60,6.0,7.0,MM,MM,MM,MM,1020.7,6.9,9.9,4.8,MM,MM,MM
2026,02,11,16,30,70,7.0,8.0,MM,MM,MM,MM,1020.5,6.8,9.9,4.8,MM,MM,MM
2026,02,11,16,20,70,7.0,8.0,1.6,11,6.8,275,1020.3,6.8,9.9,4.8,MM,MM,MM
2026,02,11,16,10,70,7.0,8.0,1.6,MM,6.8,275,1020.1,6.8,9.9,4.8,MM,MM,MM
2026,02,11,16,00,70,6.0,8.0,MM,MM,MM,MM,1020.1,6.9,9.9,4.9,MM,+0.9,MM
2026,02,11,15,50,80,6.0,8.0,1.5,11,7.0,259,1020.0,7.2,9.9,5.0,MM,MM,MM
2026,02,11,15,40,70,6.0,8.0,MM,MM,MM,MM,1020.0,7.4,9.9,5.1,MM,MM,MM
2026,02,11,15,30,70,6.0,7.0,MM,MM,MM,MM,1020.2,7.4,9.9,5.0,MM,MM,MM
2026,02,11,15,20,60,6.0,7.0,1.5,11,7.2,266,1020.4,7.4,10.0,5.0,MM,MM,MM
2026,02,11,15,10,60,6.0,7.0,MM,MM,MM,MM,1020.2,7.3,10.0,4.9,MM,MM,MM
2026,02,11,15,00,60,6.0,8.0,MM,MM,MM,MM,1020.1,7.3,10.0,4.9,MM,+1.1,MM
2026,02,11,14,50,70,6.0,7.0,1.6,11,7.6,269,1020.1,7.4,10.0,4.9,MM,MM,MM
2026,02,11,14,40,70,6.0,7.0,1.6,MM,7.6,269,1019.8,7.5,10.0,4.8,MM,MM,MM
2026,02,11,14,30,70,5.0,7.0,MM,MM,MM,MM,1019.6,7.5,10.0,4.7,MM,MM,MM
2026,02,11,14,20,70,6.0,7.0,1.7,11,7.9,261,1019.6,7.5,10.1,4.7,MM,MM,MM
2026,02,11,14,10,60,6.0,8.0,1.7,MM,7.9,261,1019.5,7.5,10.1,4.7,MM,MM,MM
2026,02,11,14,00,60,6.0,7.0,MM,MM,MM,MM,1019.7,7.6,10.1,4.8,MM,-0.0,MM
2026,02,11,13,50,60,6.0,8.0,1.5,11,7.3,262,1019.8,7.6,10.1,4.8,MM,MM,MM
2026,02,11,13,40,60,6.0,7.0,1.5,MM,7.3,262,1019.6,7.6,10.1,4.7,MM,MM,MM
2026,02,11,13,30,60,6.0,7.0,MM,MM,MM,MM,1019.6,7.6,10.1,4.7,MM,MM,MM
2026,02,11,13,20,60,5.0,7.0,1.6,11,7.6,269,1019.4,7.5,10.1,4.8,MM,MM,MM
2026,02,11,13,10,60,6.0,7.0,1.6,MM,7.6,269,1019.3,7.3,10.1,4.6,MM,MM,MM
2026,02,11,13,00,60,6.0,7.0,MM,MM,MM,MM,1019.2,7.3,10.1,4.6,MM,+0.0,MM
2026,02,11,12,50,60,6.0,7.0,1.7,11,7.8,262,1019.2,7.3,10.1,4.7,MM,MM,MM
2026,02,11,12,40,70,6.0,7.0,1.7,MM,7.8,262,1019.2,7.2,10.1,4.8,MM,MM,MM
2026,02,11,12,30,70,6.0,7.0,MM,MM,MM,MM,1019.1,7.0,10.1,4.6,MM,MM,MM
2026,02,11,12,20,60,6.0,7.0,1.8,11,8.1,265,1019.2,7.1,10.1,4.5,MM,MM,MM
2026,02,11,12,10,60,6.0,7.0,1.8,MM,8.1,265,1019.1,7.3,10.1,4.6,MM,MM,MM
2026,02,11,12,00,60,5.0,6.0,MM,MM,MM,MM,1019.0,7.5,10.1,4.8,MM,+0.0,MM
2026,02,11,11,50,60,5.0,6.0,1.8,11,8.3,264,1019.2,7.5,10.1,4.6,MM,MM,MM
2026,02,11,11,40,60,5.0,6.0,1.8,MM,8.3,264,1019.3,7.5,10.1,4.5,MM,MM,MM
2026,02,11,11,30,60,4.0,5.0,MM,MM,MM,MM,1019.3,7.5,10.0,4.4,MM,MM,MM
2026,02,11,11,20,50,4.0,5.0,1.9,11,8.4,264,1019.4,7.5,10.0,4.7,MM,MM,MM
2026,02,11,11,10,50,4.0,5.0,1.9,MM,8.4,264,1019.3,7.5,10.0,4.6,MM,MM,MM
2026,02,11,11,00,40,4.0,6.0,MM,MM,MM,MM,1019.4,7.5,10.0,4.7,MM,+0.5,MM
2026,02,11,10,50,50,4.0,6.0,1.7,11,7.8,257,1019.4,7.6,10.0,4.8,MM,MM,MM
2026,02,11,10,40,40,4.0,6.0,MM,MM,MM,MM,1019.3,7.6,10.0,4.6,MM,MM,MM
2026,02,11,10,30,40,4.0,5.0,MM,MM,MM,MM,1019.4,7.5,10.0,4.6,MM,MM,MM
2026,02,11,10,20,40,5.0,6.0,1.9,11,8.1,252,1019.4,7.5,9.9,4.7,MM,MM,MM
2026,02,11,10,10,50,5.0,6.0,MM,MM,MM,MM,1019.3,7.5,10.0,5.0,MM,MM,MM
2026,02,11,10,00,50,5.0,6.0,MM,MM,MM,MM,1019.0,7.5,10.0,5.0,MM,+0.3,MM
2026,02,11,09,50,50,5.0,6.0,1.8,11,7.8,259,1019.0,7.5,10.0,5.1,MM,MM,MM
2026,02,11,09,40,50,5.0,6.0,MM,MM,MM,MM,1019.0,7.4,10.0,5.2,MM,MM,MM
2026,02,11,09,30,60,5.0,7.0,MM,MM,MM,MM,1018.9,7.5,10.0,5.4,MM,MM,MM
2026,02,11,09,20,70,5.0,7.0,2.0,11,8.4,264,1018.8,7.5,10.0,5.4,MM,MM,MM
2026,02,11,09,10,60,5.0,7.0,2.0,MM,8.4,264,1018.9,7.5,10.0,5.4,MM,MM,MM
2026,02,11,09,00,70,4.0,6.0,MM,MM,MM,MM,1018.9,7.5,10.0,5.6,MM,+0.7,MM
2026,02,11,08,50,70,4.0,5.0,2.0,11,8.3,255,1019.0,7.5,9.9,5.4,MM,MM,MM
2026,02,11,08,40,80,4.0,5.0,MM,MM,MM,MM,1019.1,7.8,10.0,5.7,MM,MM,MM
2026,02,11,08,30,70,3.0,5.0,MM,MM,MM,MM,1019.0,7.9,10.0,5.7,MM,MM,MM
2026,02,11,08,20,60,4.0,5.0,2.1,12,8.3,258,1019.0,7.7,10.0,5.3,MM,MM,MM
2026,02,11,08,10,50,4.0,5.0,MM,MM,MM,MM,1018.9,7.7,10.0,5.5,MM,MM,MM
2026,02,11,08,00,50,3.0,5.0,MM,MM,MM,MM,1018.9,7.7,10.0,5.7,MM,+0.9,MM
2026,02,11,07,50,50,2.0,4.0,2.0,11,8.1,256,1019.0,7.9,10.0,6.2,MM,MM,MM
2026,02,11,07,40,50,2.0,4.0,2.0,MM,8.1,256,1019.1,7.8,10.0,5.8,MM,MM,MM
2026,02,11,07,30,30,2.0,3.0,MM,MM,MM,MM,1019.2,7.8,10.0,5.9,MM,MM,MM
2026,02,11,07,20,30,2.0,3.0,2.1,11,8.1,260,1019.0,8.0,10.1,6.3,MM,MM,MM
2026,02,11,07,10,60,2.0,3.0,MM,MM,MM,MM,1018.9,7.9,10.0,6.3,MM,MM,MM
2026,02,11,07,00,90,2.0,4.0,MM,MM,MM,MM,1018.7,8.0,10.0,6.3,MM,+1.0,MM
2026,02,11,06,50,90,2.0,4.0,2.2,10,8.1,266,1018.4,8.2,9.9,6.3,MM,MM,MM
2026,02,11,06,40,50,3.0,4.0,MM,MM,MM,MM,1018.2,8.1,9.9,5.8,MM,MM,MM
2026,02,11,06,30,40,4.0,5.0,MM,MM,MM,MM,1017.9,7.9,10.0,6.0,MM,MM,MM
2026,02,11,06,20,50,3.0,4.0,2.3,11,8.3,261,1017.8,7.9,9.9,6.4,MM,MM,MM
2026,02,11,06,10,50,2.0,4.0,MM,MM,MM,MM,1017.9,8.1,10.0,6.5,MM,MM,MM
2026,02,11,06,00,20,2.0,3.0,MM,MM,MM,MM,1018.2,8.0,10.1,6.5,MM,+0.7,MM
2026,02,11,05,50,20,2.0,4.0,2.1,11,8.0,275,1018.3,8.1,10.0,6.7,MM,MM,MM
2026,02,11,05,40,10,2.0,3.0,MM,MM,MM,MM,1018.3,8.2,10.0,6.8,MM,MM,MM
2026,02,11,05,30,10,2.0,4.0,MM,MM,MM,MM,1018.3,8.3,10.0,7.0,MM,MM,MM
2026,02,11,05,20,30,2.0,3.0,2.1,11,8.0,259,1018.2,8.3,10.0,6.9,MM,MM,MM
2026,02,11,05,10,40,2.0,3.0,MM,MM,MM,MM,1018.1,8.3,10.0,7.0,MM,MM,MM
2026,02,11,05,00,50,3.0,4.0,MM,MM,MM,MM,1018.0,8.3,10.0,7.0,MM,+0.7,MM
2026,02,11,04,50,50,3.0,4.0,2.3,10,8.2,266,1018.0,8.4,10.0,7.1,MM,MM,MM
2026,02,11,04,40,50,3.0,4.0,MM,MM,MM,MM,1018.0,8.4,10.0,7.1,MM,MM,MM
2026,02,11,04,30,60,3.0,5.0,MM,MM,MM,MM,1017.9,8.4,10.0,7.0,MM,MM,MM
2026,02,11,04,20,60,3.0,4.0,2.4,12,8.0,273,1017.9,8.5,10.0,7.2,MM,MM,MM
2026,02,11,04,10,60,3.0,4.0,2.4,MM,8.0,273,1017.9,8.5,10.0,7.2,MM,MM,MM
2026,02,11,04,00,80,3.0,5.0,MM,MM,MM,MM,1017.8,8.5,10.0,7.2,MM,+0.5,MM
2026,02,11,03,50,70,4.0,5.0,2.5,10,8.0,274,1017.7,8.6,MM,7.3,MM,MM,MM
2026,02,11,03,40,70,4.0,5.0,MM,MM,MM,MM,1017.7,8.7,10.0,7.3,MM,MM,MM
2026,02,11,03,30,80,4.0,5.0,MM,MM,MM,MM,1017.7,9.0,10.0,7.1,MM,MM,MM
2026,02,11,03,20,100,4.0,6.0,2.6,11,8.5,269,1017.7,9.0,10.0,7.1,MM,MM,MM
2026,02,11,03,10,90,4.0,6.0,2.6,MM,8.5,269,1017.6,9.0,MM,6.8,MM,MM,MM
2026,02,11,03,00,90,4.0,5.0,MM,MM,MM,MM,1017.5,9.0,10.0,6.7,MM,+0.4,MM
2026,02,11,02,50,90,4.0,5.0,2.3,11,8.0,269,1017.5,8.9,10.0,6.5,MM,MM,MM
2026,02,11,02,40,100,4.0,5.0,MM,MM,MM,MM,1017.4,9.0,10.0,6.7,MM,MM,MM
2026,02,11,02,30,100,4.0,5.0,MM,MM,MM,MM,1017.3,8.9,10.1,6.4,MM,MM,MM
2026,02,11,02,20,110,4.0,5.0,2.4,11,8.6,262,1017.4,8.9,10.1,6.7,MM,MM,MM
2026,02,11,02,10,110,4.0,5.0,2.4,MM,8.6,262,1017.4,8.9,10.1,6.7,MM,MM,MM
2026,02,11,02,00,110,4.0,5.0,MM,MM,MM,MM,1017.3,8.8,10.0,6.7,MM,+0.0,MM
2026,02,11,01,50,100,4.0,6.0,2.5,11,8.6,279,1017.2,8.8,10.1,6.8,MM,MM,MM
2026,02,11,01,40,110,4.0,5.0,MM,MM,MM,MM,1017.3,8.8,10.1,6.9,MM,MM,MM
2026,02,11,01,30,110,3.0,5.0,MM,MM,MM,MM,1017.2,8.8,10.1,6.8,MM,MM,MM
2026,02,11,01,20,110,3.0,5.0,2.5,11,8.5,259,1017.2,8.8,10.1,6.8,MM,MM,MM
2026,02,11,01,10,100,3.0,4.0,2.5,MM,8.5,259,1017.1,8.8,10.1,6.7,MM,MM,MM
2026,02,11,01,00,110,3.0,4.0,MM,MM,MM,MM,1017.1,8.8,10.1,6.8,MM,-0.0,MM
2026,02,11,00,50,110,3.0,4.0,2.2,11,8.4,267,1017.2,8.7,10.1,6.7,MM,MM,MM
2026,02,11,00,40,110,2.0,3.0,MM,MM,MM,MM,1017.4,8.7,10.1,6.8,MM,MM,MM
2026,02,11,00,30,110,2.0,3.0,MM,MM,MM,MM,1017.3,8.7,10.2,6.9,MM,MM,MM
2026,02,11,00,20,110,3.0,4.0,2.3,12,8.6,254,1017.2,8.7,10.2,6.9,MM,MM,MM
2026,02,11,00,10,110,3.0,4.0,MM,MM,MM,MM,1017.1,8.7,10.3,6.9,MM,MM,MM
2026,02,11,00,00,110,3.0,4.0,MM,MM,MM,MM,1017.0,8.7,10.3,6.8,MM,-0.5,MM
2026,02,10,23,50,110,2.0,4.0,2.5,11,9.0,267,1017.0,8.6,10.3,6.5,MM,MM,MM
2026,02,10,23,40,110,3.0,4.0,MM,MM,MM,MM,1017.0,8.7,10.2,6.6,MM,MM,MM
2026,02,10,23,30,110,2.0,4.0,MM,MM,MM,MM,1017.1,8.7,10.3,6.7,MM,MM,MM
2026,02,10,23,20,120,3.0,5.0,2.7,12,8.8,256,1017.1,8.7,10.3,6.6,MM,MM,MM
2026,02,10,23,10,110,3.0,5.0,2.7,MM,8.8,256,1017.1,8.7,10.3,6.6,MM,MM,MM
2026,02,10,23,00,100,3.0,5.0,MM,MM,MM,MM,1017.0,8.7,10.3,6.6,MM,-0.9,MM
2026,02,10,22,50,100,3.0,4.0,2.2,12,8.5,260,1017.0,8.7,10.3,6.4,MM,MM,MM
2026,02,10,22,40,90,2.0,4.0,2.2,MM,8.5,260,1017.1,8.7,10.3,6.3,MM,MM,MM
2026,02,10,22,30,80,2.0,3.0,MM,MM,MM,MM,1017.2,8.7,10.3,6.3,MM,MM,MM
2026,02,10,22,20,70,2.0,3.0,2.5,11,8.8,259,1017.3,8.7,10.2,6.3,MM,MM,MM
2026,02,10,22,10,80,2.0,4.0,2.5,MM,8.8,259,1017.3,8.6,10.2,6.0,MM,MM,MM
2026,02,10,22,00,100,3.0,4.0,MM,MM,MM,MM,1017.2,8.6,10.2,6.2,MM,-1.2,MM
2026,02,10,21,50,100,3.0,4.0,2.5,12,9.1,256,1017.3,8.6,10.2,6.4,MM,MM,MM
2026,02,10,21,40,110,3.0,4.0,MM,MM,MM,MM,1017.3,8.5,10.2,6.5,MM,MM,MM
2026,02,10,21,30,100,3.0,4.0,MM,MM,MM,MM,1017.3,8.4,10.2,6.6,MM,MM,MM
2026,02,10,21,20,110,3.0,5.0,2.4,10,9.0,260,1017.4,8.4,10.2,6.7,MM,MM,MM
2026,02,10,21,10,120,3.0,5.0,MM,MM,MM,MM,1017.5,8.4,10.2,6.7,MM,MM,MM
2026,02,10,21,00,110,4.0,5.0,MM,MM,MM,MM,1017.5,8.3,10.2,6.5,MM,-0.6,MM
2026,02,10,20,50,110,4.0,5.0,2.3,13,8.9,245,1017.5,8.3,10.2,6.6,MM,MM,MM
2026,02,10,20,40,110,4.0,6.0,2.3,MM,8.9,245,1017.6,8.2,10.2,6.7,MM,MM,MM
2026,02,10,20,30,110,3.0,5.0,MM,MM,MM,MM,1017.7,8.2,10.2,6.8,MM,MM,MM
2026,02,10,20,20,110,3.0,5.0,2.4,11,8.8,257,1017.9,8.2,10.2,6.8,MM,MM,MM
2026,02,10,20,10,110,4.0,5.0,2.4,MM,8.8,257,1018.0,8.1,10.2,6.7,MM,MM,MM
2026,02,10,20,00,110,4.0,6.0,MM,MM,MM,MM,1018.0,8.1,10.1,6.8,MM,-0.5,MM
2026,02,10,19,50,100,4.0,6.0,2.4,12,8.9,258,1018.0,8.1,10.1,6.8,MM,MM,MM
2026,02,10,19,40,100,4.0,6.0,MM,MM,MM,MM,1018.0,8.1,10.1,6.8,MM,MM,MM
2026,02,10,19,30,100,4.0,6.0,MM,MM,MM,MM,1018.0,8.1,10.0,6.8,MM,MM,MM
2026,02,10,19,20,100,4.0,6.0,2.4,11,8.5,261,1018.2,8.2,10.0,6.8,MM,MM,MM
2026,02,10,19,10,90,4.0,7.0,2.4,MM,8.5,261,1018.5,8.2,9.9,6.7,MM,MM,MM
2026,02,10,19,00,110,5.0,6.0,MM,MM,MM,MM,1018.5,8.1,9.9,6.4,MM,-0.0,MM
2026,02,10,18,50,110,4.0,7.0,2.3,12,8.4,246,1018.7,8.2,10.0,6.6,MM,MM,MM
2026,02,10,18,40,100,5.0,7.0,2.3,MM,8.4,246,1018.6,8.2,10.0,6.8,MM,MM,MM
2026,02,10,18,30,100,5.0,7.0,MM,MM,MM,MM,1018.5,8.3,10.0,6.9,MM,MM,MM
2026,02,10,18,20,110,6.0,8.0,2.3,11,8.1,260,1018.4,8.1,10.0,6.7,MM,MM,MM
2026,02,10,18,10,120,6.0,9.0,2.3,MM,8.1,260,1018.3,8.3,10.0,6.9,MM,MM,MM
2026,02,10,18,00,120,6.0,8.0,MM,MM,MM,MM,1018.2,8.3,10.0,6.7,MM,+0.0,MM
2026,02,10,17,50,120,7.0,8.0,2.4,12,8.5,255,1018.3,8.3,10.0,6.9,MM,MM,MM
2026,02,10,17,40,120,6.0,8.0,2.4,MM,8.5,255,1018.3,8.4,10.0,6.9,MM,MM,MM
2026,02,10,17,30,110,6.0,7.0,MM,MM,MM,MM,1018.4,8.5,10.0,7.2,MM,MM,MM
2026,02,10,17,20,100,5.0,7.0,2.6,11,8.6,257,1018.4,8.5,10.0,7.5,MM,MM,MM
2026,02,10,17,10,110,5.0,7.0,MM,MM,MM,MM,1018.4,8.6,10.0,7.3,MM,MM,MM
2026,02,10,17,00,110,5.0,7.0,MM,MM,MM,MM,1018.5,8.5,10.0,7.1,MM,+0.0,MM
2026,02,10,16,50,110,5.0,7.0,2.6,13,8.6,248,1018.4,8.6,10.0,7.1,MM,MM,MM
2026,02,10,16,40,100,5.0,7.0,MM,MM,MM,MM,1018.5,8.6,10.0,7.2,MM,MM,MM
2026,02,10,16,30,100,5.0,7.0,MM,MM,MM,MM,1018.5,8.7,10.0,7.3,MM,MM,MM
2026,02,10,16,20,100,5.0,7.0,2.5,12,8.4,248,1018.4,8.5,10.0,7.0,MM,MM,MM
2026,02,10,16,10,100,5.0,7.0,2.5,MM,8.4,248,1018.3,8.6,10.0,7.3,MM,MM,MM
2026,02,10,16,00,110,5.0,6.0,MM,MM,MM,MM,1018.4,8.7,10.0,7.3,MM,+0.0,MM
2026,02,10,15,50,110,5.0,7.0,2.7,13,8.6,250,1018.4,8.6,10.0,7.2,MM,MM,MM
2026,02,10,15,40,110,5.0,7.0,2.7,MM,8.6,250,1018.3,8.7,10.0,7.1,MM,MM,MM
2026,02,10,15,30,120,5.0,7.0,MM,MM,MM,MM,1018.3,8.5,9.9,6.6,MM,MM,MM
2026,02,10,15,20,120,5.0,7.0,2.6,13,8.2,250,1018.3,8.5,10.0,6.8,MM,MM,MM
2026,02,10,15,10,120,6.0,7.0,MM,MM,MM,MM,1018.3,8.5,10.0,6.6,MM,MM,MM
2026,02,10,15,00,120,6.0,7.0,MM,MM,MM,MM,1018.2,8.6,10.0,6.6,MM,-0.7,MM
2026,02,10,14,50,120,5.0,7.0,2.9,12,8.5,247,1018.2,8.6,9.9,6.8,MM,MM,MM
2026,02,10,14,40,130,6.0,8.0,2.9,MM,8.5,247,1018.3,8.6,9.9,6.9,MM,MM,MM
2026,02,10,14,30,120,6.0,8.0,MM,MM,MM,MM,1018.3,8.7,9.9,6.9,MM,MM,MM
2026,02,10,14,20,130,6.0,8.0,3.0,12,8.5,250,1018.3,8.7,9.9,6.8,MM,MM,MM
2026,02,10,14,10,130,6.0,9.0,3.0,MM,8.5,250,1018.4,8.7,9.9,6.9,MM,MM,MM
2026,02,10,14,00,120,6.0,9.0,MM,MM,MM,MM,1018.4,8.7,9.9,7.0,MM,-1.2,MM
2026,02,10,13,50,130,6.0,8.0,2.6,12,7.7,250,1018.4,8.6,9.9,6.7,MM,MM,MM
2026,02,10,13,40,120,6.0,8.0,MM,MM,MM,MM,1018.4,8.6,9.9,6.9,MM,MM,MM
2026,02,10,13,30,120,6.0,7.0,MM,MM,MM,MM,1018.4,8.6,9.9,7.1,MM,MM,MM
2026,02,10,13,20,130,6.0,7.0,2.8,12,8.0,241,1018.5,8.6,9.8,7.1,MM,MM,MM
2026,02,10,13,10,130,6.0,7.0,2.8,MM,8.0,241,1018.6,8.7,9.8,7.1,MM,MM,MM
2026,02,10,13,00,140,6.0,9.0,MM,MM,MM,MM,1018.6,8.8,9.8,7.0,MM,-1.3,MM
2026,02,10,12,50,130,6.0,8.0,2.9,11,8.3,253,1018.6,8.7,9.8,7.0,MM,MM,MM
2026,02,10,12,40,130,6.0,8.0,MM,MM,MM,MM,1018.7,8.8,9.8,7.1,MM,MM,MM
2026,02,10,12,30,130,6.0,7.0,MM,MM,MM,MM,1018.7,8.9,9.9,7.0,MM,MM,MM
2026,02,10,12,20,130,5.0,7.0,2.8,12,8.0,258,1018.8,8.9,9.8,7.0,MM,MM,MM
2026,02,10,12,10,140,5.0,7.0,2.8,MM,8.0,258,1018.9,9.0,9.9,7.0,MM,MM,MM
2026,02,10,12,00,140,5.0,6.0,MM,MM,MM,MM,1018.9,9.1,9.9,7.1,MM,-1.3,MM
2026,02,10,11,50,150,5.0,6.0,2.5,12,8.1,246,1019.0,9.0,9.9,7.0,MM,MM,MM
2026,02,10,11,40,150,4.0,5.0,2.5,MM,8.1,246,1019.1,9.0,9.9,7.2,MM,MM,MM
2026,02,10,11,30,150,5.0,6.0,MM,MM,MM,MM,1019.1,9.0,9.9,7.1,MM,MM,MM
2026,02,10,11,20,150,5.0,7.0,2.8,12,8.4,256,1019.2,9.1,9.9,7.3,MM,MM,MM
2026,02,10,11,10,150,5.0,6.0,MM,MM,MM,MM,1019.4,9.1,9.9,7.3,MM,MM,MM
2026,02,10,11,00,140,4.0,6.0,MM,MM,MM,MM,1019.5,9.1,9.9,7.4,MM,-1.1,MM
2026,02,10,10,50,150,5.0,6.0,2.5,11,8.1,256,1019.7,9.1,9.9,7.4,MM,MM,MM
2026,02,10,10,40,140,5.0,6.0,MM,MM,MM,MM,1019.8,9.3,9.9,7.6,MM,MM,MM
2026,02,10,10,30,170,5.0,6.0,MM,MM,MM,MM,1019.7,9.4,9.9,7.7,MM,MM,MM
2026,02,10,10,20,170,6.0,6.0,2.6,13,8.3,257,1019.7,9.4,9.9,7.7,MM,MM,MM
2026,02,10,10,10,170,6.0,7.0,2.6,MM,8.3,257,1019.8,9.4,9.9,7.8,MM,MM,MM
2026,02,10,10,00,170,6.0,7.0,MM,MM,MM,MM,1019.8,9.3,10.0,8.0,MM,-0.9,MM
2026,02,10,09,50,170,6.0,7.0,2.4,11,7.9,261,1019.9,9.3,10.0,7.9,MM,MM,MM
2026,02,10,09,40,170,6.0,8.0,MM,MM,MM,MM,1020.0,9.3,9.9,7.9,MM,MM,MM
2026,02,10,09,30,170,6.0,7.0,MM,MM,MM,MM,1020.1,9.3,9.9,7.8,MM,MM,MM
2026,02,10,09,20,170,5.0,6.0,2.4,13,8.0,257,1020.2,9.3,9.9,7.8,MM,MM,MM
2026,02,10,09,10,170,6.0,7.0,2.4,MM,8.0,257,1020.2,9.3,9.9,7.8,MM,MM,MM
2026,02,10,09,00,170,6.0,7.0,MM,MM,MM,MM,1020.2,9.3,10.0,7.6,MM,-0.9,MM
2026,02,10,08,50,170,5.0,6.0,2.3,11,8.2,255,1020.3,9.3,10.1,7.4,MM,MM,MM
2026,02,10,08,40,180,5.0,6.0,2.3,MM,8.2,255,1020.5,9.1,10.1,7.2,MM,MM,MM
2026,02,10,08,30,170,6.0,7.0,MM,MM,MM,MM,1020.5,9.0,10.1,7.5,MM,MM,MM
2026,02,10,08,20,170,5.0,7.0,2.5,13,8.7,251,1020.6,8.6,10.1,7.5,MM,MM,MM
2026,02,10,08,10,160,4.0,5.0,2.5,MM,8.7,251,1020.7,8.7,10.1,7.2,MM,MM,MM
2026,02,10,08,00,200,4.0,8.0,MM,MM,MM,MM,1020.6,9.0,10.1,6.5,MM,-0.6,MM
2026,02,10,07,50,200,7.0,12.0,2.5,13,8.5,257,1020.7,8.6,10.1,6.5,MM,MM,MM
2026,02,10,07,40,180,5.0,6.0,MM,MM,MM,MM,1020.6,8.4,10.1,6.5,MM,MM,MM
2026,02,10,07,30,190,6.0,9.0,MM,MM,MM,MM,1020.6,8.5,10.2,6.7,MM,MM,MM
2026,02,10,07,20,180,7.0,9.0,2.5,13,8.1,262,1020.8,9.2,10.1,7.6,MM,MM,MM
2026,02,10,07,10,170,6.0,7.0,2.5,MM,8.1,262,1020.7,9.1,10.2,7.5,MM,MM,MM
2026,02,10,07,00,170,6.0,7.0,MM,MM,MM,MM,1020.7,9.1,10.2,7.7,MM,-0.9,MM
2026,02,10,06,50,180,6.0,8.0,2.9,13,8.4,255,1020.8,9.0,10.1,7.7,MM,MM,MM
2026,02,10,06,40,180,6.0,8.0,MM,MM,MM,MM,1020.9,8.9,10.1,7.7,MM,MM,MM
2026,02,10,06,30,180,7.0,9.0,MM,MM,MM,MM,1020.9,9.1,10.1,7.8,MM,MM,MM
2026,02,10,06,20,180,6.0,8.0,2.7,11,8.3,249,1021.0,9.2,10.2,7.8,MM,MM,MM
2026,02,10,06,10,180,5.0,7.0,2.7,MM,8.3,249,1021.0,9.3,10.1,7.9,MM,MM,MM
2026,02,10,06,00,190,6.0,8.0,MM,MM,MM,MM,1021.0,9.0,10.1,7.9,MM,-0.7,MM
2026,02,10,05,50,160,6.0,8.0,2.5,13,8.2,257,1021.0,8.9,10.1,7.6,MM,MM,MM
2026,02,10,05,40,150,5.0,8.0,2.5,MM,8.2,257,1021.0,9.1,10.1,7.9,MM,MM,MM
2026,02,10,05,30,140,4.0,6.0,MM,MM,MM,MM,1020.9,9.3,10.0,7.7,MM,MM,MM
2026,02,10,05,20,140,5.0,6.0,2.6,12,8.2,256,1021.0,9.2,10.0,7.6,MM,MM,MM
2026,02,10,05,10,130,5.0,7.0,2.6,MM,8.2,256,1021.1,9.2,10.0,7.7,MM,MM,MM
2026,02,10,05,00,160,6.0,7.0,MM,MM,MM,MM,1021.2,9.5,10.0,7.8,MM,-0.8,MM
2026,02,10,04,50,160,6.0,8.0,2.5,13,7.6,254,1021.2,9.5,10.0,7.9,MM,MM,MM
2026,02,10,04,40,170,5.0,6.0,2.5,MM,7.6,254,1021.2,9.5,10.0,7.9,MM,MM,MM
2026,02,10,04,30,160,5.0,5.0,MM,MM,MM,MM,1021.3,9.4,10.0,7.7,MM,MM,MM
2026,02,10,04,20,170,5.0,6.0,2.5,12,7.5,261,1021.4,9.4,10.0,7.2,MM,MM,MM
2026,02,10,04,10,180,5.0,6.0,2.5,MM,7.5,261,1021.5,9.4,10.1,6.9,MM,MM,MM
2026,02,10,04,00,170,5.0,7.0,MM,MM,MM,MM,1021.6,9.3,10.1,6.7,MM,-0.7,MM
2026,02,10,03,50,170,6.0,7.0,2.7,13,7.6,260,1021.5,9.4,10.1,7.1,MM,MM,MM
2026,02,10,03,40,180,6.0,8.0,2.7,MM,7.6,260,1021.7,9.4,10.1,7.2,MM,MM,MM
2026,02,10,03,30,180,7.0,9.0,MM,MM,MM,MM,1021.6,9.6,10.1,7.8,MM,MM,MM
2026,02,10,03,20,190,6.0,7.0,2.8,13,7.7,258,1021.7,9.7,10.1,7.9,MM,MM,MM
2026,02,10,03,10,190,6.0,8.0,2.8,MM,7.7,258,1021.7,9.7,10.1,7.9,MM,MM,MM
2026,02,10,03,00,200,7.0,8.0,MM,MM,MM,MM,1021.8,9.8,10.1,7.9,MM,-0.9,MM
2026,02,10,02,50,190,6.0,8.0,2.8,12,7.8,276,1021.8,9.7,10.1,7.3,MM,MM,MM
2026,02,10,02,40,200,6.0,7.0,MM,MM,MM,MM,1021.8,9.5,10.1,6.4,MM,MM,MM
2026,02,10,02,30,210,6.0,8.0,MM,MM,MM,MM,1021.9,10.0,10.1,7.8,MM,MM,MM
2026,02,10,02,20,210,4.0,6.0,2.8,13,7.6,267,1022.0,9.6,10.1,7.0,MM,MM,MM
2026,02,10,02,10,220,5.0,6.0,2.8,MM,7.6,267,1022.0,9.6,10.1,6.5,MM,MM,MM
2026,02,10,02,00,210,7.0,10.0,MM,MM,MM,MM,1022.0,9.2,10.1,5.8,MM,-0.9,MM
2026,02,10,01,50,220,8.0,10.0,2.6,12,7.7,257,1022.0,9.3,10.1,6.3,MM,MM,MM
2026,02,10,01,40,190,6.0,7.0,2.6,MM,7.7,257,1022.0,9.9,10.1,8.0,MM,MM,MM
2026,02,10,01,30,190,5.0,7.0,MM,MM,MM,MM,1022.2,9.8,10.1,8.0,MM,MM,MM
2026,02,10,01,20,190,5.0,7.0,2.7,11,7.8,263,1022.2,9.7,10.1,7.9,MM,MM,MM
2026,02,10,01,10,200,6.0,7.0,MM,MM,MM,MM,1022.2,9.6,10.1,7.1,MM,MM,MM
2026,02,10,01,00,200,6.0,8.0,MM,MM,MM,MM,1022.3,9.8,10.1,7.6,MM,-1.1,MM
2026,02,10,00,50,200,5.0,7.0,3.0,12,8.6,273,1022.4,10.0,10.1,7.7,MM,MM,MM
2026,02,10,00,40,210,5.0,7.0,3.0,MM,8.6,273,1022.5,10.0,10.1,7.7,MM,MM,MM
2026,02,10,00,30,200,5.0,7.0,MM,MM,MM,MM,1022.6,10.0,10.1,7.6,MM,MM,MM
2026,02,10,00,20,200,5.0,7.0,2.7,11,8.3,260,1022.6,10.0,10.1,7.5,MM,MM,MM
2026,02,10,00,10,200,6.0,7.0,2.7,MM,8.3,260,1022.6,9.8,10.1,7.8,MM,MM,MM
2026,02,10,00,00,180,5.0,7.0,MM,MM,MM,MM,1022.7,9.7,10.1,7.7,MM,-0.9,MM
2026,02,09,23,50,180,6.0,8.0,2.8,14,8.6,257,1022.7,9.7,10.1,7.4,MM,MM,MM
2026,02,09,23,40,190,7.0,8.0,MM,MM,MM,MM,1022.7,9.7,10.2,7.7,MM,MM,MM
2026,02,09,23,30,190,6.0,8.0,MM,MM,MM,MM,1022.7,9.8,10.2,8.0,MM,MM,MM
2026,02,09,23,20,200,4.0,7.0,2.9,14,9.1,262,1022.7,9.4,10.2,7.7,MM,MM,MM
2026,02,09,23,10,170,2.0,3.0,2.9,MM,9.1,262,1022.7,8.5,10.2,6.6,MM,MM,MM
2026,02,09,23,00,170,3.0,5.0,MM,MM,MM,MM,1022.8,8.5,10.2,6.7,MM,-0.9,MM
2026,02,09,22,50,200,5.0,6.0,2.9,12,8.7,270,1022.9,8.8,10.2,7.1,MM,MM,MM
2026,02,09,22,40,200,5.0,7.0,2.9,MM,8.7,270,1023.0,9.0,10.2,7.2,MM,MM,MM
2026,02,09,22,30,210,5.0,6.0,MM,MM,MM,MM,1023.0,9.0,10.3,6.9,MM,MM,MM
2026,02,09,22,20,210,5.0,6.0,2.9,13,8.7,250,1023.0,8.7,10.3,6.7,MM,MM,MM
2026,02,09,22,10,200,5.0,6.0,MM,MM,MM,MM,1023.1,8.8,10.3,6.9,MM,MM,MM
2026,02,09,22,00,190,5.0,6.0,MM,MM,MM,MM,1023.3,8.8,10.2,7.0,MM,-0.5,MM
2026,02,09,21,50,210,5.0,7.0,2.9,14,8.9,257,1023.3,8.9,10.2,6.6,MM,MM,MM
2026,02,09,21,40,230,5.0,8.0,MM,MM,MM,MM,1023.2,8.6,10.3,6.2,MM,MM,MM
2026,02,09,21,30,220,8.0,11.0,MM,MM,MM,MM,1023.3,9.2,10.3,7.2,MM,MM,MM
2026,02,09,21,20,190,6.0,8.0,3.0,13,9.2,258,1023.2,9.6,10.3,7.4,MM,MM,MM
2026,02,09,21,10,190,6.0,8.0,3.0,MM,9.2,258,1023.2,9.5,10.3,7.2,MM,MM,MM
2026,02,09,21,00,200,6.0,8.0,MM,MM,MM,MM,1023.4,9.7,10.3,7.4,MM,+0.0,MM
2026,02,09,20,50,220,6.0,8.0,2.9,13,9.6,254,1023.4,9.7,10.3,7.6,MM,MM,MM
2026,02,09,20,40,160,3.0,5.0,MM,MM,MM,MM,1023.5,9.2,10.2,7.5,MM,MM,MM
2026,02,09,20,30,160,4.0,5.0,MM,MM,MM,MM,1023.6,9.4,10.2,7.4,MM,MM,MM
2026,02,09,20,20,180,3.0,5.0,2.6,14,9.3,251,1023.7,9.2,10.2,7.3,MM,MM,MM
2026,02,09,20,10,180,4.0,6.0,2.6,MM,9.3,251,1023.7,9.1,10.2,7.2,MM,MM,MM
2026,02,09,20,00,170,4.0,5.0,MM,MM,MM,MM,1023.8,9.0,10.1,7.2,MM,+1.0,MM
2026,02,09,19,50,170,4.0,5.0,2.8,12,9.8,255,1023.7,8.8,10.1,6.9,MM,MM,MM
2026,02,09,19,40,160,4.0,5.0,MM,MM,MM,MM,1023.7,8.6,10.1,6.8,MM,MM,MM
2026,02,09,19,30,180,5.0,6.0,MM,MM,MM,MM,1023.8,8.9,10.1,7.0,MM,MM,MM
2026,02,09,19,20,180,4.0,5.0,3.0,13,10.2,264,1023.8,8.9,10.1,6.8,MM,MM,MM
2026,02,09,19,10,190,3.0,4.0,3.0,MM,10.2,264,1023.8,8.8,10.1,6.6,MM,MM,MM
2026,02,09,19,00,200,4.0,6.0,MM,MM,MM,MM,1023.8,8.5,10.1,6.3,MM,+1.5,MM
2026,02,09,18,50,200,4.0,6.0,2.5,14,9.6,258,1023.8,8.8,10.1,6.9,MM,MM,MM
2026,02,09,18,40,190,4.0,5.0,2.5,MM,9.6,258,1023.7,8.9,10.1,6.8,MM,MM,MM
2026,02,09,18,30,190,5.0,5.0,MM,MM,MM,MM,1023.6,8.9,10.1,6.6,MM,MM,MM
2026,02,09,18,20,190,5.0,6.0,2.6,13,9.3,256,1023.5,8.9,10.1,6.5,MM,MM,MM
2026,02,09,18,10,190,5.0,6.0,2.6,MM,9.3,256,1023.5,8.7,10.1,6.5,MM,MM,MM
2026,02,09,18,00,190,5.0,6.0,MM,MM,MM,MM,1023.3,8.5,10.1,6.5,MM,+1.2,MM
2026,02,09,17,50,190,6.0,7.0,2.4,14,8.8,258,1023.2,8.5,10.1,6.6,MM,MM,MM
2026,02,09,17,40,190,6.0,7.0,2.4,MM,8.8,258,1023.1,8.4,10.1,6.7,MM,MM,MM
2026,02,09,17,30,210,7.0,8.0,MM,MM,MM,MM,1023.0,8.7,10.1,7.1,MM,MM,MM
2026,02,09,17,20,210,7.0,9.0,2.5,11,9.1,253,1022.8,8.8,10.1,6.8,MM,MM,MM
2026,02,09,17,10,210,6.0,8.0,2.5,MM,9.1,253,1022.8,8.8,10.1,6.6,MM,MM,MM
2026,02,09,17,00,200,7.0,8.0,MM,MM,MM,MM,1022.8,8.5,10.1,6.1,MM,+0.8,MM
2026,02,09,16,50,190,7.0,9.0,2.3,13,9.3,249,1022.7,8.5,10.1,6.4,MM,MM,MM
2026,02,09,16,40,180,7.0,8.0,MM,MM,MM,MM,1022.6,8.5,MM,6.5,MM,MM,MM
2026,02,09,16,30,180,6.0,7.0,MM,MM,MM,MM,1022.5,8.5,10.0,6.4,MM,MM,MM
2026,02,09,16,20,180,5.0,6.0,2.7,12,9.7,258,1022.5,8.6,10.1,6.4,MM,MM,MM
2026,02,09,16,10,170,5.0,6.0,2.7,MM,9.7,258,1022.4,8.6,10.0,6.2,MM,MM,MM
2026,02,09,16,00,170,5.0,6.0,MM,MM,MM,MM,1022.3,8.7,10.1,6.1,MM,+0.9,MM
2026,02,09,15,50,170,5.0,6.0,2.2,13,8.5,252,1022.4,8.7,10.0,6.0,MM,MM,MM
2026,02,09,15,40,180,5.0,6.0,MM,MM,MM,MM,1022.4,8.7,10.1,5.9,MM,MM,MM
2026,02,09,15,30,190,5.0,5.0,MM,MM,MM,MM,1022.4,9.0,10.1,6.3,MM,MM,MM
2026,02,09,15,20,190,4.0,6.0,2.6,13,9.3,256,1022.3,8.7,10.1,6.0,MM,MM,MM
2026,02,09,15,10,190,4.0,5.0,2.6,MM,9.3,256,1022.2,8.5,10.1,5.8,MM,MM,MM
2026,02,09,15,00,190,4.0,5.0,MM,MM,MM,MM,1022.1,8.5,10.1,5.6,MM,+0.8,MM
2026,02,09,14,50,210,4.0,5.0,2.2,13,8.7,253,1022.1,8.6,10.1,5.6,MM,MM,MM
2026,02,09,14,40,210,4.0,5.0,MM,MM,MM,MM,1022.0,8.5,10.1,5.4,MM,MM,MM
2026,02,09,14,30,200,4.0,5.0,MM,MM,MM,MM,1022.0,8.3,10.1,5.7,MM,MM,MM
2026,02,09,14,20,210,5.0,7.0,2.5,13,8.7,260,1021.9,8.1,10.1,6.0,MM,MM,MM
2026,02,09,14,10,200,7.0,10.0,MM,MM,MM,MM,1021.9,8.4,10.1,6.9,MM,MM,MM
2026,02,09,14,00,190,6.0,9.0,MM,MM,MM,MM,1022.0,8.7,10.0,7.1,MM,+0.6,MM
2026,02,09,13,50,180,6.0,8.0,2.6,13,8.8,267,1021.7,8.8,10.0,7.0,MM,MM,MM
2026,02,09,13,40,190,6.0,7.0,MM,MM,MM,MM,1021.6,8.9,10.0,6.9,MM,MM,MM
2026,02,09,13,30,180,6.0,8.0,MM,MM,MM,MM,1021.7,8.8,10.0,7.0,MM,MM,MM
2026,02,09,13,20,180,6.0,8.0,2.5,12,8.4,261,1021.6,8.6,10.0,7.2,MM,MM,MM
2026,02,09,13,10,180,6.0,8.0,2.5,MM,8.4,261,1021.6,8.2,10.0,7.0,MM,MM,MM
2026,02,09,13,00,180,7.0,8.0,MM,MM,MM,MM,1021.5,8.3,10.0,7.0,MM,+0.0,MM
2026,02,09,12,50,180,6.0,7.0,2.7,11,8.6,258,1021.5,8.3,10.0,7.1,MM,MM,MM
2026,02,09,12,40,170,6.0,7.0,2.7,MM,8.6,258,1021.6,8.4,10.0,7.0,MM,MM,MM
2026,02,09,12,30,170,6.0,7.0,MM,MM,MM,MM,1021.5,8.3,10.0,7.0,MM,MM,MM
2026,02,09,12,20,170,6.0,7.0,2.7,11,8.9,256,1021.4,8.2,10.0,6.9,MM,MM,MM
2026,02,09,12,10,170,6.0,7.0,2.7,MM,8.9,256,1021.5,8.2,10.0,6.8,MM,MM,MM
2026,02,09,12,00,170,6.0,7.0,MM,MM,MM,MM,1021.5,8.2,10.0,6.9,MM,+0.6,MM
2026,02,09,11,50,170,5.0,7.0,2.8,13,8.9,265,1021.5,8.1,10.0,6.8,MM,MM,MM
2026,02,09,11,40,160,5.0,7.0,MM,MM,MM,MM,1021.5,8.0,10.0,6.4,MM,MM,MM
2026,02,09,11,30,140,4.0,6.0,MM,MM,MM,MM,1021.5,8.0,10.0,6.3,MM,MM,MM
2026,02,09,11,20,150,5.0,6.0,2.7,11,8.5,257,1021.5,8.1,10.0,6.1,MM,MM,MM
2026,02,09,11,10,160,5.0,7.0,MM,MM,MM,MM,1021.4,8.2,10.0,5.9,MM,MM,MM
2026,02,09,11,00,170,6.0,7.0,MM,MM,MM,MM,1021.4,8.1,10.0,5.7,MM,+0.5,MM
2026,02,09,10,50,170,6.0,8.0,2.7,12,8.7,252,1021.4,8.1,10.0,5.4,MM,MM,MM
2026,02,09,10,40,180,7.0,9.0,2.7,MM,8.7,252,1021.4,8.2,10.0,5.3,MM,MM,MM
2026,02,09,10,30,190,7.0,9.0,MM,MM,MM,MM,1021.5,8.3,9.9,5.7,MM,MM,MM
2026,02,09,10,20,180,6.0,8.0,2.6,13,8.7,261,1021.3,8.3,10.0,6.4,MM,MM,MM
2026,02,09,10,10,180,6.0,8.0,2.6,MM,8.7,261,1021.4,8.1,10.0,6.0,MM,MM,MM
2026,02,09,10,00,190,6.0,7.0,MM,MM,MM,MM,1021.2,8.0,10.0,6.0,MM,+0.6,MM
2026,02,09,09,50,200,6.0,8.0,2.6,12,9.4,260,1021.2,8.0,10.0,6.0,MM,MM,MM
2026,02,09,09,40,200,7.0,9.0,MM,MM,MM,MM,1021.2,8.0,10.0,6.3,MM,MM,MM
2026,02,09,09,30,180,6.0,9.0,MM,MM,MM,MM,1021.1,8.3,10.0,6.8,MM,MM,MM
2026,02,09,09,20,170,5.0,7.0,2.4,14,9.8,255,1021.0,8.4,10.1,6.7,MM,MM,MM
2026,02,09,09,10,130,6.0,8.0,2.4,MM,9.8,255,1021.0,8.3,10.0,6.7,MM,MM,MM
2026,02,09,09,00,100,5.0,7.0,MM,MM,MM,MM,1020.8,8.3,10.0,6.6,MM,+0.4,MM
2026,02,09,08,50,100,5.0,7.0,2.3,14,9.8,265,1020.7,8.3,10.1,6.4,MM,MM,MM
2026,02,09,08,40,120,5.0,7.0,2.3,MM,9.8,265,1020.7,8.5,10.1,6.3,MM,MM,MM
2026,02,09,08,30,140,5.0,7.0,MM,MM,MM,MM,1020.7,8.6,10.1,6.1,MM,MM,MM
2026,02,09,08,20,130,4.0,6.0,2.4,14,10.1,257,1020.8,8.5,10.1,6.5,MM,MM,MM
2026,02,09,08,10,130,4.0,5.0,2.4,MM,10.1,257,1020.9,8.4,9.8,6.7,MM,MM,MM
2026,02,09,08,00,110,4.0,6.0,MM,MM,MM,MM,1020.8,8.3,9.8,6.7,MM,+0.6,MM
2026,02,09,07,50,100,4.0,6.0,2.4,13,10.3,251,1020.8,8.3,10.1,6.7,MM,MM,MM
2026,02,09,07,40,100,4.0,5.0,MM,MM,MM,MM,1020.8,8.3,10.1,6.6,MM,MM,MM
2026,02,09,07,30,100,4.0,6.0,MM,MM,MM,MM,1020.8,8.2,10.1,6.4,MM,MM,MM
2026,02,09,07,20,120,3.0,5.0,2.4,14,10.0,256,1020.7,8.6,10.1,5.9,MM,MM,MM
2026,02,09,07,10,150,3.0,5.0,2.4,MM,10.0,256,1020.6,8.7,10.2,5.3,MM,MM,MM
2026,02,09,07,00,150,3.0,4.0,MM,MM,MM,MM,1020.7,8.6,10.0,5.1,MM,+0.4,MM
2026,02,09,06,50,140,3.0,4.0,2.3,14,9.6,256,1020.7,8.6,10.0,5.6,MM,MM,MM
2026,02,09,06,40,120,2.0,4.0,MM,MM,MM,MM,1020.6,8.4,10.1,6.1,MM,MM,MM
2026,02,09,06,30,100,3.0,5.0,MM,MM,MM,MM,1020.6,8.4,10.1,6.9,MM,MM,MM
2026,02,09,06,20,110,3.0,5.0,2.4,14,9.7,255,1020.5,8.6,10.0,6.6,MM,MM,MM
2026,02,09,06,10,130,3.0,4.0,MM,MM,MM,MM,1020.4,8.6,10.0,5.7,MM,MM,MM
2026,02,09,06,00,140,3.0,4.0,MM,MM,MM,MM,1020.4,8.6,10.0,5.7,MM,+0.3,MM
2026,02,09,05,50,150,3.0,4.0,2.6,11,9.7,232,1020.3,8.6,10.1,5.8,MM,MM,MM
2026,02,09,05,40,160,3.0,4.0,MM,MM,MM,MM,1020.3,8.6,10.1,6.0,MM,MM,MM
2026,02,09,05,30,160,3.0,4.0,MM,MM,MM,MM,1020.3,8.6,10.0,6.2,MM,MM,MM
2026,02,09,05,20,160,3.0,4.0,2.4,14,9.2,248,1020.3,8.7,10.0,6.3,MM,MM,MM
2026,02,09,05,10,180,3.0,4.0,2.4,MM,9.2,248,1020.3,8.9,10.0,5.9,MM,MM,MM
2026,02,09,05,00,190,3.0,4.0,MM,MM,MM,MM,1020.3,8.7,10.0,5.3,MM,+0.4,MM
2026,02,09,04,50,200,3.0,4.0,2.2,13,8.8,249,1020.3,8.7,10.1,6.1,MM,MM,MM
2026,02,09,04,40,170,1.0,2.0,MM,MM,MM,MM,1020.2,8.7,10.1,6.3,MM,MM,MM
2026,02,09,04,30,210,1.0,2.0,MM,MM,MM,MM,1020.4,8.6,10.1,6.2,MM,MM,MM
2026,02,09,04,20,240,1.0,2.0,2.3,11,8.7,246,1020.3,8.6,10.1,6.2,MM,MM,MM
2026,02,09,04,10,210,2.0,3.0,2.3,MM,8.7,246,1020.3,8.6,10.1,6.1,MM,MM,MM
2026,02,09,04,00,220,3.0,4.0,MM,MM,MM,MM,1020.2,8.7,10.0,6.2,MM,+0.7,MM
2026,02,09,03,50,210,3.0,4.0,2.3,11,8.6,244,1020.2,8.7,10.0,6.0,MM,MM,MM
2026,02,09,03,40,220,3.0,4.0,MM,MM,MM,MM,1020.1,8.8,10.1,6.1,MM,MM,MM
2026,02,09,03,30,220,3.0,4.0,MM,MM,MM,MM,1020.1,8.8,10.1,6.3,MM,MM,MM
2026,02,09,03,20,220,3.0,4.0,2.3,11,8.3,245,1020.1,8.9,10.1,6.8,MM,MM,MM
2026,02,09,03,10,190,1.0,3.0,MM,MM,MM,MM,1020.1,8.9,10.1,7.0,MM,MM,MM
2026,02,09,03,00,130,2.0,5.0,MM,MM,MM,MM,1020.1,8.8,10.1,7.0,MM,-0.0,MM
2026,02,09,02,50,100,4.0,6.0,2.3,13,8.5,256,1020.0,8.6,10.1,6.9,MM,MM,MM
2026,02,09,02,40,100,5.0,6.0,2.3,MM,8.5,256,1020.0,8.6,10.1,6.8,MM,MM,MM
2026,02,09,02,30,100,5.0,6.0,MM,MM,MM,MM,1019.9,8.5,10.2,6.5,MM,MM,MM
2026,02,09,02,20,90,4.0,5.0,2.2,11,8.1,253,1019.8,8.6,10.2,6.6,MM,MM,MM
2026,02,09,02,10,90,4.0,5.0,2.2,MM,8.1,253,1019.8,8.5,10.2,6.3,MM,MM,MM
2026,02,09,02,00,100,3.0,5.0,MM,MM,MM,MM,1019.8,8.5,10.2,6.2,MM,-0.0,MM
2026,02,09,01,50,100,3.0,5.0,2.3,10,8.3,239,1019.9,8.6,10.2,6.1,MM,MM,MM
2026,02,09,01,40,100,3.0,5.0,MM,MM,MM,MM,1019.7,8.6,10.2,6.0,MM,MM,MM
2026,02,09,01,30,90,3.0,5.0,MM,MM,MM,MM,1019.6,8.6,10.2,5.9,MM,MM,MM
2026,02,09,01,20,80,3.0,5.0,2.3,9,8.2,237,1019.6,8.6,10.2,5.8,MM,MM,MM
2026,02,09,01,10,70,3.0,5.0,MM,MM,MM,MM,1019.5,8.5,10.2,5.7,MM,MM,MM
2026,02,09,01,00,70,3.0,5.0,MM,MM,MM,MM,1019.6,8.5,10.2,5.8,MM,-0.7,MM
2026,02,09,00,50,80,3.0,4.0,2.2,12,8.3,261,1019.6,8.5,10.2,5.8,MM,MM,MM
2026,02,09,00,40,80,2.0,4.0,2.2,MM,8.3,261,1019.6,8.5,10.2,5.7,MM,MM,MM
2026,02,09,00,30,90,2.0,3.0,MM,MM,MM,MM,1019.7,8.6,10.3,5.7,MM,MM,MM
2026,02,09,00,20,100,2.0,3.0,2.4,11,8.9,240,1019.7,8.6,10.3,5.6,MM,MM,MM
2026,02,09,00,10,100,1.0,2.0,2.4,MM,8.9,240,1019.8,8.6,10.3,5.5,MM,MM,MM
2026,02,09,00,00,120,2.0,3.0,MM,MM,MM,MM,1019.8,8.5,10.2,5.3,MM,-0.9,MM
2026,02,08,23,50,110,3.0,4.0,2.3,12,8.8,248,1019.8,8.4,10.2,5.4,MM,MM,MM
2026,02,08,23,40,120,3.0,4.0,MM,MM,MM,MM,1019.8,8.4,10.2,5.8,MM,MM,MM
2026,02,08,23,30,100,3.0,5.0,MM,MM,MM,MM,1019.9,8.4,10.3,6.2,MM,MM,MM
2026,02,08,23,20,90,4.0,5.0,2.4,12,8.8,255,1019.7,8.4,10.3,6.2,MM,MM,MM
2026,02,08,23,10,90,4.0,5.0,2.4,MM,8.8,255,1019.8,8.4,10.3,6.3,MM,MM,MM
2026,02,08,23,00,90,5.0,6.0,MM,MM,MM,MM,1019.7,8.2,10.3,6.3,MM,-1.4,MM
2026,02,08,22,50,90,5.0,6.0,2.2,11,9.0,245,1019.7,8.2,10.3,6.8,MM,MM,MM
2026,02,08,22,40,90,5.0,6.0,2.2,MM,9.0,245,1019.8,8.2,10.3,7.0,MM,MM,MM
2026,02,08,22,30,80,5.0,6.0,MM,MM,MM,MM,1019.9,8.1,10.3,7.0,MM,MM,MM
2026,02,08,22,20,80,4.0,6.0,2.0,11,8.7,232,1020.0,8.1,10.3,7.0,MM,MM,MM
2026,02,08,22,10,80,3.0,5.0,2.0,MM,8.7,232,1020.1,8.0,10.2,6.9,MM,MM,MM
2026,02,08,22,00,90,4.0,5.0,MM,MM,MM,MM,1020.2,8.1,10.3,7.0,MM,-1.1,MM
2026,02,08,21,50,100,3.0,5.0,2.0,12,8.8,241,1020.3,8.2,10.3,7.0,MM,MM,MM
2026,02,08,21,40,110,4.0,5.0,2.0,MM,8.8,241,1020.4,8.2,10.3,6.8,MM,MM,MM
2026,02,08,21,30,110,3.0,4.0,MM,MM,MM,MM,1020.6,8.1,10.3,6.6,MM,MM,MM
2026,02,08,21,20,110,3.0,4.0,1.8,13,8.6,243,1020.6,8.2,10.3,6.7,MM,MM,MM
2026,02,08,21,10,120,3.0,4.0,MM,MM,MM,MM,1020.7,8.2,10.3,6.7,MM,MM,MM
2026,02,08,21,00,120,3.0,4.0,MM,MM,MM,MM,1020.7,8.3,10.2,6.8,MM,-1.3,MM
2026,02,08,20,50,120,3.0,4.0,1.8,12,8.5,246,1020.7,8.4,10.2,6.9,MM,MM,MM
2026,02,08,20,40,120,3.0,4.0,MM,MM,MM,MM,1020.7,8.4,10.2,6.7,MM,MM,MM
2026,02,08,20,30,130,2.0,4.0,MM,MM,MM,MM,1020.7,8.5,10.1,6.5,MM,MM,MM
2026,02,08,20,20,130,3.0,4.0,1.9,12,8.7,236,1020.9,8.3,10.1,6.2,MM,MM,MM
2026,02,08,20,10,120,3.0,4.0,1.9,MM,8.7,236,1021.0,8.1,10.2,5.8,MM,MM,MM
2026,02,08,20,00,110,4.0,5.0,MM,MM,MM,MM,1021.2,7.9,10.1,5.1,MM,-1.0,MM
2026,02,08,19,50,110,4.0,6.0,2.0,13,8.5,246,1021.3,8.0,10.1,5.6,MM,MM,MM
2026,02,08,19,40,100,5.0,6.0,MM,MM,MM,MM,1021.3,7.8,10.1,5.7,MM,MM,MM
2026,02,08,19,30,90,5.0,6.0,MM,MM,MM,MM,1021.3,7.8,10.1,5.7,MM,MM,MM
2026,02,08,19,20,90,5.0,7.0,1.9,11,8.2,243,1021.3,7.7,10.0,5.6,MM,MM,MM
2026,02,08,19,10,90,5.0,7.0,1.9,MM,8.2,243,1021.3,7.8,10.1,5.6,MM,MM,MM
2026,02,08,19,00,90,5.0,6.0,MM,MM,MM,MM,1021.3,7.7,10.1,5.5,MM,-0.7,MM
2026,02,08,18,50,90,5.0,6.0,1.9,14,8.3,238,1021.5,7.7,10.1,5.7,MM,MM,MM
2026,02,08,18,40,90,4.0,6.0,1.9,MM,8.3,238,1021.8,7.5,10.1,5.7,MM,MM,MM
2026,02,08,18,30,90,3.0,5.0,MM,MM,MM,MM,1021.8,7.6,10.1,6.1,MM,MM,MM
2026,02,08,18,20,80,3.0,4.0,1.9,10,8.3,233,1021.8,7.8,10.1,6.3,MM,MM,MM
2026,02,08,18,10,80,3.0,4.0,1.9,MM,8.3,233,1022.0,7.6,10.0,6.1,MM,MM,MM
2026,02,08,18,00,80,4.0,6.0,MM,MM,MM,MM,1022.0,7.5,10.1,6.2,MM,+0.0,MM
2026,02,08,17,50,80,5.0,6.0,1.6,14,7.3,250,1022.0,7.3,10.1,6.3,MM,MM,MM
2026,02,08,17,40,80,5.0,6.0,1.6,MM,7.3,250,1022.1,7.4,10.1,6.5,MM,MM,MM
2026,02,08,17,30,80,6.0,7.0,MM,MM,MM,MM,1022.2,7.5,10.0,6.3,MM,MM,MM
2026,02,08,17,20,80,6.0,8.0,1.7,11,7.6,249,1022.1,7.3,10.0,5.7,MM,MM,MM
2026,02,08,17,10,80,6.0,8.0,MM,MM,MM,MM,1022.2,7.2,10.0,5.5,MM,MM,MM
2026,02,08,17,00,80,6.0,7.0,MM,MM,MM,MM,1022.2,7.3,MM,5.6,MM,+0.0,MM
2026,02,08,16,50,80,5.0,7.0,1.7,11,8.0,239,1022.2,7.4,10.0,5.4,MM,MM,MM
2026,02,08,16,40,70,6.0,7.0,MM,MM,MM,MM,1022.2,7.3,10.0,5.5,MM,MM,MM
2026,02,08,16,30,80,5.0,7.0,MM,MM,MM,MM,1022.1,7.3,10.0,5.7,MM,MM,MM
2026,02,08,16,20,80,4.0,6.0,1.8,11,8.4,241,1022.1,7.4,10.1,6.0,MM,MM,MM
2026,02,08,16,10,80,5.0,6.0,1.8,MM,8.4,241,1022.0,7.3,10.1,5.9,MM,MM,MM
2026,02,08,16,00,80,3.0,5.0,MM,MM,MM,MM,1022.1,7.5,10.2,6.1,MM,+0.0,MM
2026,02,08,15,50,90,3.0,4.0,1.7,12,8.3,236,1021.9,7.6,9.9,6.2,MM,MM,MM
2026,02,08,15,40,100,4.0,5.0,MM,MM,MM,MM,1021.9,7.5,10.1,6.1,MM,MM,MM
2026,02,08,15,30,80,3.0,5.0,MM,MM,MM,MM,1022.0,7.7,10.1,6.1,MM,MM,MM
2026,02,08,15,20,70,3.0,4.0,1.7,10,8.1,234,1022.0,7.8,10.1,6.2,MM,MM,MM
2026,02,08,15,10,40,3.0,4.0,1.7,MM,8.1,234,1022.0,7.7,10.0,6.0,MM,MM,MM
2026,02,08,15,00,360,3.0,4.0,MM,MM,MM,MM,1022.0,7.6,10.1,5.9,MM,+0.4,MM
2026,02,08,14,50,10,3.0,4.0,1.9,11,8.4,236,1021.8,7.9,10.1,6.3,MM,MM,MM
2026,02,08,14,40,50,3.0,4.0,1.9,MM,8.4,236,1021.9,7.9,10.1,6.3,MM,MM,MM
2026,02,08,14,30,60,4.0,5.0,MM,MM,MM,MM,1021.9,7.9,10.1,6.3,MM,MM,MM
2026,02,08,14,20,60,4.0,5.0,1.8,11,8.2,234,1021.9,7.8,10.1,6.3,MM,MM,MM
2026,02,08,14,10,60,4.0,5.0,1.8,MM,8.2,234,1022.0,7.8,10.1,6.6,MM,MM,MM
2026,02,08,14,00,70,4.0,6.0,MM,MM,MM,MM,1022.1,8.0,10.1,6.8,MM,+0.6,MM
2026,02,08,13,50,70,5.0,7.0,1.9,11,7.7,240,1022.0,8.0,10.1,6.8,MM,MM,MM
2026,02,08,13,40,70,5.0,6.0,MM,MM,MM,MM,1022.1,8.0,10.0,6.8,MM,MM,MM
2026,02,08,13,30,70,5.0,6.0,MM,MM,MM,MM,1022.1,8.0,10.0,6.8,MM,MM,MM
2026,02,08,13,20,70,6.0,7.0,2.0,9,7.7,228,1022.2,7.9,10.0,6.7,MM,MM,MM
2026,02,08,13,10,70,6.0,8.0,2.0,MM,7.7,228,1022.1,7.9,10.0,6.8,MM,MM,MM
2026,02,08,13,00,80,6.0,7.0,MM,MM,MM,MM,1022.1,7.9,10.0,6.9,MM,+0.6,MM
2026,02,08,12,50,90,5.0,7.0,2.0,9,7.6,226,1022.2,7.9,10.0,7.0,MM,MM,MM
2026,02,08,12,40,90,5.0,6.0,MM,MM,MM,MM,1022.3,7.9,9.9,7.0,MM,MM,MM
2026,02,08,12,30,90,5.0,6.0,MM,MM,MM,MM,1022.1,7.9,9.8,7.2,MM,MM,MM
2026,02,08,12,20,80,5.0,6.0,2.2,9,7.8,232,1021.9,7.9,10.0,7.2,MM,MM,MM
2026,02,08,12,10,90,5.0,6.0,2.2,MM,7.8,232,1021.8,8.1,10.0,7.5,MM,MM,MM
2026,02,08,12,00,90,4.0,6.0,MM,MM,MM,MM,1021.6,8.5,MM,7.8,MM,+0.3,MM
2026,02,08,11,50,80,3.0,5.0,2.2,10,8.0,228,1021.5,9.0,10.1,7.8,MM,MM,MM
2026,02,08,11,40,80,1.0,2.0,2.2,MM,8.0,228,1021.4,9.3,10.1,7.8,MM,MM,MM
2026,02,08,11,30,MM,0.0,2.0,MM,MM,MM,MM,1021.3,9.3,10.1,6.9,MM,MM,MM
2026,02,08,11,20,MM,0.0,1.0,2.1,11,7.8,242,1021.4,9.3,10.2,6.8,MM,MM,MM
2026,02,08,11,10,260,1.0,2.0,2.1,MM,7.8,242,1021.4,9.3,10.2,6.8,MM,MM,MM
2026,02,08,11,00,270,1.0,2.0,MM,MM,MM,MM,1021.4,9.4,10.2,7.0,MM,-0.0,MM
2026,02,08,10,50,260,2.0,3.0,2.2,10,8.2,229,1021.5,9.4,10.2,6.9,MM,MM,MM
2026,02,08,10,40,260,2.0,3.0,MM,MM,MM,MM,1021.6,9.5,10.2,7.0,MM,MM,MM
2026,02,08,10,30,260,2.0,3.0,MM,MM,MM,MM,1021.5,9.4,9.9,6.9,MM,MM,MM
2026,02,08,10,20,260,2.0,3.0,2.3,9,7.9,231,1021.4,9.4,9.6,7.1,MM,MM,MM
2026,02,08,10,10,260,2.0,3.0,2.3,MM,7.9,231,1021.4,9.4,9.6,7.4,MM,MM,MM
2026,02,08,10,00,260,2.0,3.0,MM,MM,MM,MM,1021.4,9.3,9.5,7.4,MM,+0.4,MM
2026,02,08,09,50,260,2.0,3.0,2.4,11,8.1,229,1021.5,9.3,9.4,7.7,MM,MM,MM
2026,02,08,09,40,250,2.0,3.0,MM,MM,MM,MM,1021.5,9.3,9.4,7.9,MM,MM,MM
2026,02,08,09,30,260,2.0,3.0,MM,MM,MM,MM,1021.5,9.3,MM,7.8,MM,MM,MM
2026,02,08,09,20,270,2.0,3.0,2.2,11,7.7,242,1021.3,9.3,9.4,7.7,MM,MM,MM
2026,02,08,09,10,270,2.0,3.0,2.2,MM,7.7,242,1021.4,9.3,9.4,7.7,MM,MM,MM
2026,02,08,09,00,280,2.0,3.0,MM,MM,MM,MM,1021.2,9.4,9.5,7.7,MM,+1.0,MM
2026,02,08,08,50,280,3.0,4.0,2.1,11,7.6,237,1021.2,9.4,9.5,7.7,MM,MM,MM
2026,02,08,08,40,270,2.0,3.0,MM,MM,MM,MM,1021.4,9.4,9.5,7.7,MM,MM,MM
2026,02,08,08,30,270,2.0,3.0,MM,MM,MM,MM,1021.4,9.4,9.5,7.7,MM,MM,MM
2026,02,08,08,20,250,3.0,4.0,2.7,10,8.3,232,1021.5,9.5,9.5,7.8,MM,MM,MM
2026,02,08,08,10,250,3.0,4.0,MM,MM,MM,MM,1021.6,9.5,9.5,7.8,MM,MM,MM
2026,02,08,08,00,250,4.0,5.0,MM,MM,MM,MM,1021.6,9.5,9.5,7.8,MM,+2.4,MM
2026,02,08,07,50,240,3.0,4.0,2.5,11,7.8,233,1021.5,9.6,9.5,7.9,MM,MM,MM
2026,02,08,07,40,250,4.0,5.0,2.5,MM,7.8,233,1021.4,9.5,9.5,7.6,MM,MM,MM
2026,02,08,07,30,240,4.0,6.0,MM,MM,MM,MM,1021.4,9.6,9.5,7.8,MM,MM,MM
2026,02,08,07,20,240,4.0,5.0,2.5,11,7.9,234,1021.2,9.6,9.5,7.8,MM,MM,MM
2026,02,08,07,10,240,4.0,6.0,MM,MM,MM,MM,1021.1,9.6,9.5,7.8,MM,MM,MM
2026,02,08,07,00,240,4.0,5.0,MM,MM,MM,MM,1021.0,9.6,9.5,7.8,MM,+2.6,MM
2026,02,08,06,50,240,3.0,5.0,2.5,11,7.7,223,1020.8,9.6,9.5,7.8,MM,MM,MM
2026,02,08,06,40,250,3.0,5.0,MM,MM,MM,MM,1020.7,9.6,9.5,7.7,MM,MM,MM
2026,02,08,06,30,260,3.0,5.0,MM,MM,MM,MM,1020.5,9.5,9.5,7.7,MM,MM,MM
2026,02,08,06,20,270,3.0,5.0,2.7,11,8.0,228,1020.4,9.6,9.5,7.9,MM,MM,MM
2026,02,08,06,10,270,3.0,5.0,2.7,MM,8.0,228,1020.3,9.6,9.5,7.8,MM,MM,MM
2026,02,08,06,00,270,4.0,6.0,MM,MM,MM,MM,1020.3,9.6,9.5,7.6,MM,+3.0,MM
2026,02,08,05,50,270,4.0,6.0,2.9,11,7.8,230,1020.1,9.6,9.5,7.6,MM,MM,MM
2026,02,08,05,40,270,4.0,6.0,2.9,MM,7.8,230,1020.1,9.6,9.5,7.6,MM,MM,MM
2026,02,08,05,30,270,5.0,6.0,MM,MM,MM,MM,1019.7,9.6,9.5,7.6,MM,MM,MM
2026,02,08,05,20,270,5.0,6.0,2.9,11,7.8,231,1019.6,9.6,9.5,7.7,MM,MM,MM
2026,02,08,05,10,270,5.0,6.0,2.9,MM,7.8,231,1019.4,9.7,9.4,7.8,MM,MM,MM
2026,02,08,05,00,270,6.0,7.0,MM,MM,MM,MM,1019.2,9.7,9.4,7.6,MM,+3.1,MM
2026,02,08,04,50,270,6.0,8.0,3.0,11,8.0,226,1018.9,9.7,9.4,7.7,MM,MM,MM
2026,02,08,04,40,270,6.0,7.0,MM,MM,MM,MM,1018.9,9.8,9.4,7.7,MM,MM,MM
2026,02,08,04,30,270,6.0,9.0,MM,MM,MM,MM,1018.8,9.9,9.5,7.6,MM,MM,MM
2026,02,08,04,20,260,7.0,8.0,2.9,11,7.6,229,1018.8,9.8,9.5,7.7,MM,MM,MM
2026,02,08,04,10,260,7.0,9.0,2.9,MM,7.6,229,1018.7,9.8,9.5,7.8,MM,MM,MM
2026,02,08,04,00,260,7.0,8.0,MM,MM,MM,MM,1018.6,9.8,9.5,7.8,MM,+4.1,MM
2026,02,08,03,50,260,7.0,9.0,3.0,10,7.6,218,1018.4,9.8,9.5,7.6,MM,MM,MM
2026,02,08,03,40,260,7.0,9.0,MM,MM,MM,MM,1018.1,9.8,9.5,7.7,MM,MM,MM
2026,02,08,03,30,270,7.0,9.0,MM,MM,MM,MM,1017.9,9.8,9.5,7.9,MM,MM,MM
2026,02,08,03,20,270,7.0,9.0,3.0,11,7.8,230,1017.8,9.8,9.5,8.1,MM,MM,MM
2026,02,08,03,10,270,7.0,9.0,3.0,MM,7.8,230,1017.6,9.9,9.6,7.9,MM,MM,MM
2026,02,08,03,00,280,8.0,10.0,MM,MM,MM,MM,1017.3,9.7,9.6,7.4,MM,+3.4,MM
2026,02,08,02,50,280,8.0,11.0,2.6,11,6.9,231,1017.0,9.7,9.5,8.2,MM,MM,MM
2026,02,08,02,40,280,8.0,10.0,2.6,MM,6.9,231,1016.9,9.5,9.5,8.5,MM,MM,MM
2026,02,08,02,30,280,9.0,11.0,MM,MM,MM,MM,1016.7,9.4,9.5,8.9,MM,MM,MM
2026,02,08,02,20,270,9.0,12.0,3.0,11,7.6,224,1016.6,9.7,9.5,9.1,MM,MM,MM
2026,02,08,02,10,270,8.0,9.0,3.0,MM,7.6,224,1016.3,9.8,9.5,9.1,MM,MM,MM
2026,02,08,02,00,270,8.0,11.0,MM,MM,MM,MM,1016.1,9.8,9.5,9.2,MM,+3.0,MM
2026,02,08,01,50,280,8.0,10.0,3.0,10,7.9,226,1015.8,9.7,9.5,9.4,MM,MM,MM
2026,02,08,01,40,270,9.0,11.0,MM,MM,MM,MM,1015.7,9.7,9.5,9.6,MM,MM,MM
2026,02,08,01,30,270,9.0,11.0,MM,MM,MM,MM,1015.4,9.6,9.4,9.6,MM,MM,MM
2026,02,08,01,20,260,10.0,12.0,3.4,11,8.5,229,1015.2,9.7,9.4,9.7,MM,MM,MM
2026,02,08,01,10,250,10.0,12.0,3.4,MM,8.5,229,1014.9,10.1,9.4,10.1,MM,MM,MM
2026,02,08,01,00,250,9.0,12.0,MM,MM,MM,MM,1014.6,10.2,9.5,10.2,MM,+1.4,MM
2026,02,08,00,50,240,8.0,9.0,3.0,11,8.3,225,1014.5,10.3,9.5,10.3,MM,MM,MM
2026,02,08,00,40,240,8.0,10.0,MM,MM,MM,MM,1014.5,10.3,9.5,10.3,MM,MM,MM
2026,02,08,00,30,230,7.0,9.0,MM,MM,MM,MM,1014.3,10.4,9.5,10.4,MM,MM,MM
2026,02,08,00,20,230,7.0,8.0,3.0,11,8.3,237,1014.1,10.4,9.5,10.4,MM,MM,MM
2026,02,08,00,10,220,7.0,8.0,3.0,MM,8.3,237,1014.1,10.4,9.5,10.4,MM,MM,MM
2026,02,08,00,00,220,7.0,9.0,MM,MM,MM,MM,1013.9,10.5,9.5,10.5,MM,+1.1,MM
2026,02,07,23,50,210,7.0,8.0,3.0,12,8.4,244,1013.7,10.4,9.5,10.4,MM,MM,MM
2026,02,07,23,40,200,7.0,9.0,MM,MM,MM,MM,1013.5,10.4,9.5,10.4,MM,MM,MM
2026,02,07,23,20,190,8.0,10.0,3.1,10,8.5,242,1013.3,10.4,9.6,10.4,MM,MM,MM
2026,02,07,23,10,190,8.0,10.0,MM,MM,MM,MM,1013.1,10.5,9.6,10.5,MM,MM,MM
2026,02,07,23,00,190,8.0,10.0,MM,MM,MM,MM,1013.1,10.5,9.6,10.5,MM,-0.3,MM
2026,02,07,22,50,190,8.0,11.0,3.3,10,8.4,225,1013.1,10.6,9.6,10.5,MM,MM,MM
2026,02,07,22,40,200,8.0,10.0,MM,MM,MM,MM,1013.0,10.6,9.6,10.4,MM,MM,MM
2026,02,07,22,30,190,8.0,11.0,MM,MM,MM,MM,1013.1,10.7,9.6,10.6,MM,MM,MM
2026,02,07,22,20,190,8.0,10.0,3.3,11,8.2,237,1013.0,10.6,9.6,10.5,MM,MM,MM
2026,02,07,22,10,190,8.0,11.0,3.3,MM,8.2,237,1013.0,10.5,9.5,10.4,MM,MM,MM
2026,02,07,22,00,200,9.0,11.0,MM,MM,MM,MM,1012.9,10.5,9.5,10.4,MM,+0.4,MM
2026,02,07,21,50,200,8.0,11.0,3.2,9,7.8,228,1013.2,10.6,9.5,10.4,MM,MM,MM
2026,02,07,21,40,190,8.0,11.0,3.2,MM,7.8,228,1013.1,10.6,9.5,10.3,MM,MM,MM
2026,02,07,21,30,190,9.0,11.0,MM,MM,MM,MM,1013.2,10.7,9.5,10.4,MM,MM,MM
2026,02,07,21,20,190,8.0,10.0,3.1,11,7.6,235,1013.1,10.7,9.5,10.3,MM,MM,MM
2026,02,07,21,10,180,8.0,10.0,3.1,MM,7.6,235,1013.0,10.8,9.5,10.5,MM,MM,MM
2026,02,07,21,00,180,10.0,12.0,MM,MM,MM,MM,1012.6,10.8,9.7,10.5,MM,-0.7,MM
2026,02,07,20,50,180,11.0,13.0,3.3,9,7.2,230,1012.8,10.9,9.7,10.5,MM,MM,MM
2026,02,07,20,40,180,10.0,14.0,MM,MM,MM,MM,1012.9,10.9,9.6,10.4,MM,MM,MM
2026,02,07,20,30,180,10.0,13.0,MM,MM,MM,MM,1012.9,10.8,9.6,10.3,MM,MM,MM
2026,02,07,20,20,180,11.0,13.0,3.2,12,7.2,253,1013.0,10.9,9.6,10.3,MM,MM,MM
2026,02,07,20,10,180,10.0,13.0,MM,MM,MM,MM,1013.1,11.0,9.7,10.2,MM,MM,MM
2026,02,07,20,00,180,11.0,14.0,MM,MM,MM,MM,1012.9,11.0,9.7,10.1,MM,-0.0,MM
2026,02,07,19,50,180,11.0,14.0,3.4,12,7.5,245,1012.9,11.1,9.7,10.1,MM,MM,MM
2026,02,07,19,40,180,11.0,14.0,3.4,MM,7.5,245,1012.9,11.1,9.7,10.1,MM,MM,MM
2026,02,07,19,30,180,11.0,13.0,MM,MM,MM,MM,1013.0,11.1,9.7,10.1,MM,MM,MM
2026,02,07,19,20,180,11.0,13.0,3.2,11,6.8,239,1012.9,11.1,9.7,10.1,MM,MM,MM
2026,02,07,19,10,180,11.0,15.0,3.2,MM,6.8,239,1012.9,11.1,9.7,10.0,MM,MM,MM
2026,02,07,19,00,180,11.0,14.0,MM,MM,MM,MM,1012.7,11.2,9.7,9.9,MM,+0.0,MM
2026,02,07,18,50,170,11.0,13.0,2.9,9,6.5,216,1012.7,11.3,9.7,9.9,MM,MM,MM
2026,02,07,18,40,170,11.0,14.0,MM,MM,MM,MM,1012.8,11.5,9.6,9.9,MM,MM,MM
2026,02,07,18,30,170,12.0,16.0,MM,MM,MM,MM,1012.8,11.5,9.5,9.9,MM,MM,MM
2026,02,07,18,20,170,11.0,15.0,2.9,12,6.8,231,1012.7,11.5,9.6,9.9,MM,MM,MM
2026,02,07,18,10,170,12.0,15.0,2.9,MM,6.8,231,1012.8,11.6,9.6,9.9,MM,MM,MM
2026,02,07,18,00,170,12.0,15.0,MM,MM,MM,MM,1012.9,11.5,9.5,10.0,MM,+1.1,MM
2026,02,07,17,50,170,12.0,15.0,2.3,10,6.2,227,1012.9,11.4,9.4,9.9,MM,MM,MM
2026,02,07,17,40,170,11.0,14.0,2.3,MM,6.2,227,1012.8,11.4,9.4,9.8,MM,MM,MM
2026,02,07,17,30,160,11.0,14.0,MM,MM,MM,MM,1012.9,11.4,9.4,9.6,MM,MM,MM
2026,02,07,17,20,160,11.0,15.0,2.7,13,6.7,225,1013.0,11.4,9.4,9.6,MM,MM,MM
2026,02,07,17,10,160,11.0,15.0,MM,MM,MM,MM,1013.1,11.4,9.4,9.7,MM,MM,MM
2026,02,07,17,00,160,11.0,15.0,MM,MM,MM,MM,1013.2,11.3,9.4,9.8,MM,+0.4,MM
2026,02,07,16,50,160,11.0,18.0,2.7,13,7.1,246,1013.2,10.7,9.5,10.0,MM,MM,MM
2026,02,07,16,40,130,8.0,12.0,2.7,MM,7.1,246,1013.5,9.4,9.4,9.1,MM,MM,MM
2026,02,07,16,30,130,7.0,10.0,MM,MM,MM,MM,1013.4,9.3,9.5,9.0,MM,MM,MM
2026,02,07,16,20,120,8.0,11.0,3.1,13,7.3,248,1013.3,9.2,9.6,8.8,MM,MM,MM
2026,02,07,16,10,120,9.0,12.0,3.1,MM,7.3,248,1012.9,9.4,9.7,9.0,MM,MM,MM
2026,02,07,16,00,110,9.0,12.0,MM,MM,MM,MM,1012.7,9.4,9.7,9.1,MM,-1.7,MM
2026,02,07,15,50,110,10.0,13.0,2.8,13,6.9,250,1012.7,9.4,9.7,8.9,MM,MM,MM
2026,02,07,15,40,110,10.0,13.0,2.8,MM,6.9,250,1012.6,9.6,9.7,9.0,MM,MM,MM
2026,02,07,15,30,110,10.0,13.0,MM,MM,MM,MM,1012.7,9.8,9.7,9.0,MM,MM,MM
2026,02,07,15,20,110,10.0,13.0,2.4,10,6.6,232,1012.8,9.7,9.7,9.0,MM,MM,MM
2026,02,07,15,10,100,10.0,12.0,2.4,MM,6.6,232,1012.6,9.7,9.7,8.9,MM,MM,MM
2026,02,07,15,00,100,9.0,12.0,MM,MM,MM,MM,1012.7,9.7,9.8,9.0,MM,-2.5,MM
2026,02,07,14,50,100,9.0,12.0,2.7,12,7.5,255,1012.7,9.7,9.8,9.1,MM,MM,MM
2026,02,07,14,40,100,9.0,12.0,MM,MM,MM,MM,1012.7,9.6,9.8,9.1,MM,MM,MM
2026,02,07,14,30,100,9.0,11.0,MM,MM,MM,MM,1012.6,9.7,9.8,9.1,MM,MM,MM
2026,02,07,14,20,100,9.0,11.0,2.6,13,7.3,251,1012.9,9.8,9.9,9.1,MM,MM,MM
2026,02,07,14,10,100,8.0,11.0,2.6,MM,7.3,251,1013.1,9.8,9.9,9.2,MM,MM,MM
2026,02,07,14,00,100,7.0,10.0,MM,MM,MM,MM,1013.3,9.8,9.8,9.2,MM,-2.6,MM
2026,02,07,13,50,90,7.0,9.0,2.5,11,7.1,238,1013.6,10.0,9.6,9.3,MM,MM,MM
2026,02,07,13,40,80,7.0,9.0,2.5,MM,7.1,238,1013.9,10.2,9.4,9.3,MM,MM,MM
2026,02,07,13,30,90,7.0,9.0,MM,MM,MM,MM,1014.0,10.4,9.4,9.3,MM,MM,MM
2026,02,07,13,20,90,7.0,9.0,2.6,12,7.1,240,1014.0,10.4,9.4,9.3,MM,MM,MM
2026,02,07,13,10,100,7.0,9.0,2.6,MM,7.1,240,1014.4,10.4,9.5,9.1,MM,MM,MM
2026,02,07,13,00,100,7.0,9.0,MM,MM,MM,MM,1014.3,10.4,9.5,9.1,MM,-1.8,MM
2026,02,07,12,50,100,7.0,11.0,2.6,12,7.3,256,1014.6,10.4,9.5,9.2,MM,MM,MM
2026,02,07,12,40,100,7.0,9.0,2.6,MM,7.3,256,1014.5,10.1,9.4,9.1,MM,MM,MM
2026,02,07,12,30,100,7.0,10.0,MM,MM,MM,MM,1014.6,10.0,9.4,9.2,MM,MM,MM
2026,02,07,12,20,100,6.0,10.0,2.6,13,7.3,238,1014.8,9.8,9.4,9.2,MM,MM,MM
2026,02,07,12,10,100,6.0,8.0,2.6,MM,7.3,238,1014.8,9.9,9.4,9.0,MM,MM,MM
2026,02,07,12,00,100,6.0,9.0,MM,MM,MM,MM,1014.9,9.9,MM,9.1,MM,-1.6,MM
2026,02,07,11,50,110,6.0,8.0,2.8,13,7.5,242,1015.1,9.9,9.4,8.9,MM,MM,MM
2026,02,07,11,40,110,6.0,8.0,2.8,MM,7.5,242,1015.2,10.0,9.4,8.8,MM,MM,MM
2026,02,07,11,30,120,5.0,7.0,MM,MM,MM,MM,1015.3,10.1,9.4,9.0,MM,MM,MM
2026,02,07,11,20,120,5.0,7.0,2.6,11,7.4,244,1015.4,10.1,9.4,8.8,MM,MM,MM
2026,02,07,11,10,110,5.0,7.0,2.6,MM,7.4,244,1015.5,10.2,9.4,8.8,MM,MM,MM
2026,02,07,11,00,110,4.0,6.0,MM,MM,MM,MM,1015.8,10.4,9.4,8.9,MM,-1.6,MM
2026,02,07,10,50,120,5.0,6.0,2.6,13,7.8,250,1015.7,10.5,9.4,8.9,MM,MM,MM
2026,02,07,10,40,140,5.0,8.0,2.6,MM,7.8,250,1015.9,10.8,9.4,9.0,MM,MM,MM
2026,02,07,10,30,130,5.0,8.0,MM,MM,MM,MM,1015.9,10.6,9.4,8.9,MM,MM,MM
2026,02,07,10,20,120,5.0,6.0,2.6,13,8.4,249,1015.9,10.3,9.4,8.7,MM,MM,MM
2026,02,07,10,10,110,5.0,6.0,2.6,MM,8.4,249,1016.0,10.3,9.4,8.7,MM,MM,MM
2026,02,07,10,00,100,5.0,6.0,MM,MM,MM,MM,1016.0,10.3,9.4,8.7,MM,-1.2,MM
2026,02,07,09,50,100,5.0,7.0,2.6,12,8.5,247,1016.0,10.6,9.4,8.6,MM,MM,MM
2026,02,07,09,40,110,4.0,6.0,MM,MM,MM,MM,1016.3,10.6,9.4,8.7,MM,MM,MM
2026,02,07,09,30,100,4.0,6.0,MM,MM,MM,MM,1016.3,10.5,9.4,8.6,MM,MM,MM
2026,02,07,09,20,100,4.0,6.0,2.5,13,8.2,252,1016.3,10.4,9.4,8.7,MM,MM,MM
2026,02,07,09,10,100,4.0,6.0,2.5,MM,8.2,252,1016.4,10.3,9.4,8.6,MM,MM,MM
2026,02,07,09,00,110,3.0,5.0,MM,MM,MM,MM,1016.5,10.7,9.4,8.6,MM,-0.7,MM
2026,02,07,08,50,120,4.0,5.0,2.5,13,8.9,243,1016.7,10.8,9.4,8.5,MM,MM,MM
2026,02,07,08,40,130,4.0,6.0,2.5,MM,8.9,243,1016.8,10.6,9.4,8.7,MM,MM,MM
2026,02,07,08,30,110,4.0,5.0,MM,MM,MM,MM,1017.0,10.3,9.5,8.7,MM,MM,MM
2026,02,07,08,20,130,4.0,6.0,2.2,13,9.1,261,1017.0,10.8,9.5,8.8,MM,MM,MM
2026,02,07,08,10,130,4.0,6.0,MM,MM,MM,MM,1017.0,10.4,9.5,8.8,MM,MM,MM
2026,02,07,08,00,110,3.0,5.0,MM,MM,MM,MM,1017.2,10.1,9.5,8.7,MM,+0.4,MM
2026,02,07,07,50,110,3.0,4.0,2.1,12,9.1,245,1017.3,10.2,9.4,8.8,MM,MM,MM
2026,02,07,07,40,110,4.0,5.0,2.1,MM,9.1,245,1017.3,10.0,9.4,8.7,MM,MM,MM
2026,02,07,07,30,110,4.0,6.0,MM,MM,MM,MM,1017.3,9.9,9.4,8.8,MM,MM,MM
2026,02,07,07,20,100,4.0,5.0,2.4,13,9.3,246,1017.3,9.9,9.4,8.9,MM,MM,MM
2026,02,07,07,10,110,4.0,5.0,2.4,MM,9.3,246,1017.3,9.8,9.4,8.9,MM,MM,MM
2026,02,07,07,00,110,4.0,5.0,MM,MM,MM,MM,1017.2,9.6,9.4,9.0,MM,+0.0,MM
2026,02,07,06,50,90,3.0,5.0,2.2,15,9.3,240,1017.2,9.4,9.5,8.9,MM,MM,MM
2026,02,07,06,40,90,3.0,4.0,MM,MM,MM,MM,1017.3,9.5,9.5,8.7,MM,MM,MM
2026,02,07,06,30,100,4.0,5.0,MM,MM,MM,MM,1017.1,9.6,9.5,8.7,MM,MM,MM
2026,02,07,06,20,100,4.0,5.0,2.2,15,9.5,243,1017.0,9.4,9.5,8.8,MM,MM,MM
2026,02,07,06,10,100,4.0,5.0,MM,MM,MM,MM,1017.1,9.1,9.5,8.5,MM,MM,MM
2026,02,07,06,00,110,3.0,5.0,MM,MM,MM,MM,1017.2,9.1,9.5,8.6,MM,-0.5,MM
2026,02,07,05,50,130,4.0,6.0,2.7,14,9.7,241,1017.1,8.9,9.5,8.7,MM,MM,MM
2026,02,07,05,40,140,3.0,5.0,MM,MM,MM,MM,1017.2,8.9,9.5,8.7,MM,MM,MM
2026,02,07,05,30,150,3.0,4.0,MM,MM,MM,MM,1017.3,9.0,9.5,8.7,MM,MM,MM
2026,02,07,05,20,130,3.0,5.0,2.2,12,8.9,239,1017.0,9.3,9.5,9.0,MM,MM,MM
2026,02,07,05,10,140,4.0,5.0,2.2,MM,8.9,239,1017.0,9.3,9.5,8.9,MM,MM,MM
2026,02,07,05,00,130,4.0,5.0,MM,MM,MM,MM,1016.9,9.5,9.5,9.2,MM,+0.0,MM
2026,02,07,04,50,90,3.0,5.0,2.3,12,9.3,227,1016.6,9.3,9.5,9.0,MM,MM,MM
2026,02,07,04,40,80,4.0,5.0,MM,MM,MM,MM,1016.7,9.4,9.5,9.0,MM,MM,MM
2026,02,07,04,30,90,3.0,5.0,MM,MM,MM,MM,1016.8,9.7,9.5,9.1,MM,MM,MM
2026,02,07,04,20,90,3.0,4.0,2.4,12,9.4,235,1017.0,9.5,9.5,9.1,MM,MM,MM
2026,02,07,04,10,90,3.0,5.0,MM,MM,MM,MM,1016.9,9.2,9.5,8.8,MM,MM,MM
2026,02,07,04,00,90,3.0,5.0,MM,MM,MM,MM,1017.1,9.1,9.5,8.7,MM,+0.0,MM
2026,02,07,03,50,90,3.0,5.0,2.3,15,9.4,251,1017.2,9.0,9.5,8.6,MM,MM,MM
2026,02,07,03,40,90,3.0,5.0,MM,MM,MM,MM,1017.3,8.9,9.5,8.5,MM,MM,MM
2026,02,07,03,30,110,3.0,4.0,MM,MM,MM,MM,1017.4,8.8,9.5,8.4,MM,MM,MM
2026,02,07,03,20,120,2.0,4.0,2.3,12,9.3,239,1017.6,8.7,9.5,8.4,MM,MM,MM
2026,02,07,03,10,140,2.0,4.0,2.3,MM,9.3,239,1017.7,8.7,9.5,8.4,MM,MM,MM
2026,02,07,03,00,150,3.0,4.0,MM,MM,MM,MM,1017.7,8.7,9.5,8.4,MM,+0.5,MM
2026,02,07,02,50,140,4.0,5.0,2.5,15,9.3,255,1017.7,8.7,9.5,8.4,MM,MM,MM
2026,02,07,02,40,130,4.0,5.0,2.5,MM,9.3,255,1017.5,8.8,9.5,8.7,MM,MM,MM
2026,02,07,02,30,120,4.0,5.0,MM,MM,MM,MM,1017.3,8.8,9.5,8.7,MM,MM,MM
2026,02,07,02,20,120,4.0,6.0,2.5,11,9.1,237,1017.2,8.8,9.5,8.7,MM,MM,MM
2026,02,07,02,10,110,4.0,6.0,2.5,MM,9.1,237,1017.0,8.8,9.5,8.7,MM,MM,MM
2026,02,07,02,00,100,5.0,8.0,MM,MM,MM,MM,1016.9,8.9,9.5,8.7,MM,+0.0,MM
2026,02,07,01,50,90,5.0,7.0,2.6,12,9.0,247,1016.8,9.0,9.5,8.8,MM,MM,MM
2026,02,07,01,40,90,4.0,6.0,MM,MM,MM,MM,1016.9,9.4,9.5,8.8,MM,MM,MM
2026,02,07,01,30,130,3.0,5.0,MM,MM,MM,MM,1017.1,9.9,9.5,9.4,MM,MM,MM
2026,02,07,01,20,160,3.0,5.0,2.8,14,9.2,254,1017.2,9.8,9.5,9.7,MM,MM,MM
2026,02,07,01,10,130,2.0,3.0,2.8,MM,9.2,254,1017.1,9.6,9.5,9.5,MM,MM,MM
2026,02,07,01,00,150,1.0,3.0,MM,MM,MM,MM,1017.2,9.2,9.5,9.2,MM,+0.3,MM
2026,02,07,00,50,10,1.0,2.0,2.7,14,9.0,247,1017.3,8.8,9.5,8.8,MM,MM,MM
2026,02,07,00,40,90,1.0,2.0,2.7,MM,9.0,247,1017.3,8.7,9.5,8.7,MM,MM,MM
2026,02,07,00,30,80,1.0,3.0,MM,MM,MM,MM,1017.2,8.5,9.5,8.5,MM,MM,MM
2026,02,07,00,20,90,1.0,3.0,2.6,11,9.4,241,1017.1,8.3,9.5,8.3,MM,MM,MM
2026,02,07,00,10,90,2.0,3.0,2.6,MM,9.4,241,1017.2,8.1,9.5,8.1,MM,MM,MM
2026,02,07,00,00,100,2.0,4.0,MM,MM,MM,MM,1017.1,8.1,9.5,8.1,MM,-0.0,MM
2026,02,06,23,50,120,2.0,4.0,2.2,14,9.4,248,1017.0,8.0,9.5,8.0,MM,MM,MM
2026,02,06,23,40,120,2.0,3.0,2.2,MM,9.4,248,1017.0,8.0,9.5,8.0,MM,MM,MM
2026,02,06,23,20,110,3.0,4.0,2.3,13,9.6,243,1016.8,8.0,9.5,8.0,MM,MM,MM
2026,02,06,23,10,120,3.0,4.0,2.3,MM,9.6,243,1016.8,8.0,9.5,8.0,MM,MM,MM
2026,02,06,23,00,110,3.0,4.0,MM,MM,MM,MM,1016.7,8.0,9.5,8.0,MM,-1.0,MM
2026,02,06,22,50,100,3.0,5.0,3.1,12,10.4,248,1016.8,8.0,9.5,8.0,MM,MM,MM
2026,02,06,22,40,110,3.0,4.0,MM,MM,MM,MM,1016.9,7.9,9.5,7.9,MM,MM,MM
2026,02,06,22,30,100,3.0,5.0,MM,MM,MM,MM,1017.1,7.9,9.5,7.9,MM,MM,MM
2026,02,06,22,20,90,3.0,5.0,2.9,13,10.5,237,1017.1,7.9,9.5,7.9,MM,MM,MM
2026,02,06,22,10,90,4.0,6.0,2.9,MM,10.5,237,1017.1,7.8,9.5,7.8,MM,MM,MM
2026,02,06,22,00,90,4.0,6.0,MM,MM,MM,MM,1016.9,7.9,9.5,7.9,MM,-1.0,MM
2026,02,06,21,50,100,4.0,5.0,2.7,12,10.5,238,1017.1,7.9,9.5,7.9,MM,MM,MM
2026,02,06,21,40,100,4.0,5.0,MM,MM,MM,MM,1017.0,7.9,9.5,7.9,MM,MM,MM
2026,02,06,21,30,120,4.0,5.0,MM,MM,MM,MM,1017.0,8.0,9.5,8.0,MM,MM,MM
2026,02,06,21,20,120,4.0,5.0,2.4,12,10.4,240,1017.1,7.9,9.5,7.9,MM,MM,MM
2026,02,06,21,10,130,4.0,5.0,2.4,MM,10.4,240,1017.1,7.9,9.5,7.9,MM,MM,MM
2026,02,06,21,00,140,4.0,5.0,MM,MM,MM,MM,1017.3,7.9,9.5,7.9,MM,-0.7,MM
2026,02,06,20,50,140,4.0,4.0,2.6,12,10.5,242,1017.4,7.9,9.5,7.8,MM,MM,MM
2026,02,06,20,40,130,4.0,5.0,2.6,MM,10.5,242,1017.5,7.9,9.4,7.7,MM,MM,MM
2026,02,06,20,30,130,5.0,6.0,MM,MM,MM,MM,1017.5,8.0,9.4,7.6,MM,MM,MM
2026,02,06,20,20,130,5.0,6.0,2.4,14,10.1,222,1017.3,8.7,9.4,7.8,MM,MM,MM
2026,02,06,20,10,140,4.0,5.0,2.4,MM,10.1,222,1017.4,9.3,9.4,7.8,MM,MM,MM
2026,02,06,20,00,120,3.0,4.0,MM,MM,MM,MM,1017.7,9.2,9.4,7.0,MM,+0.0,MM
2026,02,06,19,50,100,4.0,5.0,2.4,14,10.4,235,1017.9,9.2,9.5,7.1,MM,MM,MM
2026,02,06,19,40,110,4.0,6.0,2.4,MM,10.4,235,1017.9,9.2,9.5,7.3,MM,MM,MM
2026,02,06,19,30,110,5.0,7.0,MM,MM,MM,MM,1017.7,9.1,9.5,7.0,MM,MM,MM
2026,02,06,19,20,110,6.0,7.0,2.1,12,9.8,242,1017.8,9.2,9.5,6.9,MM,MM,MM
2026,02,06,19,10,110,5.0,7.0,2.1,MM,9.8,242,1017.8,9.3,9.5,7.0,MM,MM,MM
2026,02,06,19,00,100,4.0,6.0,MM,MM,MM,MM,1017.9,9.2,9.5,7.2,MM,+0.4,MM
2026,02,06,18,50,110,5.0,7.0,2.3,14,10.1,223,1017.8,9.0,9.5,7.1,MM,MM,MM
2026,02,06,18,40,110,4.0,6.0,MM,MM,MM,MM,1018.0,9.0,9.5,6.9,MM,MM,MM
2026,02,06,18,30,110,5.0,6.0,MM,MM,MM,MM,1018.1,8.9,9.5,6.7,MM,MM,MM
2026,02,06,18,20,110,5.0,6.0,2.2,14,9.9,251,1018.0,8.5,9.5,6.6,MM,MM,MM
2026,02,06,18,10,100,4.0,6.0,2.2,MM,9.9,251,1018.2,8.3,9.5,6.7,MM,MM,MM
2026,02,06,18,00,90,5.0,7.0,MM,MM,MM,MM,1018.0,8.3,9.5,6.9,MM,+1.6,MM
2026,02,06,17,50,90,6.0,8.0,2.6,13,10.5,236,1017.6,8.6,9.5,7.0,MM,MM,MM
2026,02,06,17,40,90,6.0,7.0,MM,MM,MM,MM,1017.6,8.7,9.4,7.2,MM,MM,MM
2026,02,06,17,30,100,5.0,7.0,MM,MM,MM,MM,1018.0,8.6,9.4,7.2,MM,MM,MM
2026,02,06,17,20,90,5.0,7.0,2.4,13,9.9,241,1018.1,8.7,9.4,7.5,MM,MM,MM
2026,02,06,17,10,90,6.0,8.0,2.4,MM,9.9,241,1018.0,8.7,9.4,7.6,MM,MM,MM
2026,02,06,17,00,90,6.0,8.0,MM,MM,MM,MM,1017.9,8.7,9.4,7.7,MM,+2.2,MM
2026,02,06,16,50,80,6.0,8.0,2.2,13,9.7,232,1017.7,8.6,9.4,7.7,MM,MM,MM
2026,02,06,16,40,90,6.0,8.0,MM,MM,MM,MM,1017.8,8.5,9.4,7.7,MM,MM,MM
2026,02,06,16,30,90,6.0,8.0,MM,MM,MM,MM,1017.8,8.5,9.4,7.7,MM,MM,MM
2026,02,06,16,20,90,6.0,7.0,2.6,12,10.1,226,1017.7,8.8,9.4,8.2,MM,MM,MM
2026,02,06,16,10,100,5.0,6.0,2.6,MM,10.1,226,1017.8,8.8,9.4,8.2,MM,MM,MM
2026,02,06,16,00,100,5.0,7.0,MM,MM,MM,MM,1017.7,8.8,9.4,8.2,MM,+1.2,MM
2026,02,06,15,50,90,6.0,7.0,2.4,14,9.5,237,1017.5,8.7,9.4,8.1,MM,MM,MM
2026,02,06,15,40,100,6.0,8.0,MM,MM,MM,MM,1017.3,8.7,9.4,8.2,MM,MM,MM
2026,02,06,15,30,100,6.0,8.0,MM,MM,MM,MM,1017.1,8.7,9.4,8.2,MM,MM,MM
2026,02,06,15,20,100,8.0,9.0,2.7,12,9.5,224,1016.6,8.7,9.4,8.2,MM,MM,MM
2026,02,06,15,10,100,7.0,9.0,MM,MM,MM,MM,1016.5,8.7,9.4,8.2,MM,MM,MM
2026,02,06,15,00,110,7.0,8.0,MM,MM,MM,MM,1016.5,8.8,9.4,8.3,MM,+0.3,MM
2026,02,06,14,50,110,7.0,9.0,2.5,13,9.1,234,1016.3,8.8,9.4,8.3,MM,MM,MM
2026,02,06,14,40,110,7.0,9.0,MM,MM,MM,MM,1016.3,8.8,9.4,8.2,MM,MM,MM
2026,02,06,14,30,100,8.0,9.0,MM,MM,MM,MM,1015.9,8.8,9.4,8.0,MM,MM,MM
2026,02,06,14,20,110,8.0,10.0,2.6,13,9.3,234,1015.9,8.8,9.4,7.9,MM,MM,MM
2026,02,06,14,10,110,8.0,10.0,2.6,MM,9.3,234,1016.0,8.7,9.4,7.8,MM,MM,MM
2026,02,06,14,00,100,8.0,11.0,MM,MM,MM,MM,1015.8,8.8,9.4,8.0,MM,-0.9,MM
2026,02,06,13,50,100,9.0,11.0,2.5,11,9.4,218,1015.5,8.7,9.4,8.0,MM,MM,MM
2026,02,06,13,40,100,8.0,10.0,MM,MM,MM,MM,1015.8,8.7,9.4,8.2,MM,MM,MM
2026,02,06,13,30,100,8.0,10.0,MM,MM,MM,MM,1016.0,8.8,9.4,8.4,MM,MM,MM
2026,02,06,13,20,100,8.0,10.0,2.8,12,9.4,222,1016.3,8.8,9.4,8.5,MM,MM,MM
2026,02,06,13,10,90,8.0,10.0,2.8,MM,9.4,222,1016.2,8.8,9.4,8.5,MM,MM,MM
2026,02,06,13,00,100,7.0,9.0,MM,MM,MM,MM,1016.3,8.7,9.4,8.3,MM,-1.0,MM
2026,02,06,12,50,100,7.0,9.0,3.0,12,9.5,235,1016.5,8.8,9.4,8.4,MM,MM,MM
2026,02,06,12,40,110,7.0,9.0,MM,MM,MM,MM,1016.5,8.8,9.4,8.2,MM,MM,MM
2026,02,06,12,30,110,7.0,8.0,MM,MM,MM,MM,1016.4,9.0,9.4,8.3,MM,MM,MM
2026,02,06,12,20,110,7.0,8.0,3.3,12,9.6,230,1016.3,9.1,9.5,8.0,MM,MM,MM
2026,02,06,12,10,110,7.0,8.0,3.3,MM,9.6,230,1016.2,9.2,9.4,7.7,MM,MM,MM
2026,02,06,12,00,110,6.0,9.0,MM,MM,MM,MM,1016.2,9.2,9.5,7.5,MM,-1.3,MM
2026,02,06,11,50,110,6.0,8.0,2.7,12,8.9,236,1016.1,9.1,9.5,7.4,MM,MM,MM
2026,02,06,11,40,100,7.0,9.0,2.7,MM,8.9,236,1016.1,9.1,9.5,7.2,MM,MM,MM
2026,02,06,11,30,100,7.0,9.0,MM,MM,MM,MM,1016.1,9.1,9.5,7.1,MM,MM,MM
2026,02,06,11,20,100,7.0,9.0,2.9,12,9.5,230,1016.4,8.9,9.5,7.1,MM,MM,MM
2026,02,06,11,10,90,7.0,8.0,MM,MM,MM,MM,1016.4,8.9,9.5,7.0,MM,MM,MM
2026,02,06,11,00,90,7.0,8.0,MM,MM,MM,MM,1016.6,8.9,9.5,6.9,MM,-0.6,MM
2026,02,06,10,50,80,7.0,9.0,2.7,13,9.4,238,1016.6,8.9,9.5,6.9,MM,MM,MM
2026,02,06,10,40,80,7.0,9.0,2.7,MM,9.4,238,1016.8,8.9,9.5,6.9,MM,MM,MM
2026,02,06,10,30,90,6.0,9.0,MM,MM,MM,MM,1017.1,9.4,9.5,7.3,MM,MM,MM
2026,02,06,10,20,90,6.0,8.0,2.9,13,9.7,234,1017.4,9.5,9.5,7.6,MM,MM,MM
2026,02,06,10,10,90,6.0,7.0,2.9,MM,9.7,234,1017.4,9.5,9.5,7.5,MM,MM,MM
2026,02,06,10,00,100,6.0,7.0,MM,MM,MM,MM,1017.4,9.5,9.5,7.4,MM,+0.4,MM
2026,02,06,09,50,100,6.0,8.0,3.1,12,9.9,237,1017.7,9.5,9.5,7.4,MM,MM,MM
2026,02,06,09,40,100,6.0,8.0,3.1,MM,9.9,237,1017.7,9.4,9.5,7.3,MM,MM,MM
2026,02,06,09,30,100,6.0,8.0,MM,MM,MM,MM,1017.7,9.4,9.5,7.2,MM,MM,MM
2026,02,06,09,20,100,6.0,8.0,2.9,13,9.6,237,1017.5,9.4,9.5,7.3,MM,MM,MM
2026,02,06,09,10,90,6.0,8.0,2.9,MM,9.6,237,1017.5,9.4,9.5,7.6,MM,MM,MM
2026,02,06,09,00,100,6.0,8.0,MM,MM,MM,MM,1017.5,9.3,9.5,7.6,MM,+0.9,MM
2026,02,06,08,50,100,6.0,8.0,2.7,11,9.4,229,1017.4,9.1,9.5,7.5,MM,MM,MM
2026,02,06,08,40,90,6.0,8.0,MM,MM,MM,MM,1017.3,9.1,9.5,7.5,MM,MM,MM
2026,02,06,08,30,100,6.0,8.0,MM,MM,MM,MM,1017.3,9.3,9.5,7.7,MM,MM,MM
2026,02,06,08,20,100,6.0,8.0,2.8,13,10.0,231,1017.3,9.5,9.5,7.7,MM,MM,MM
2026,02,06,08,10,90,6.0,8.0,2.8,MM,10.0,231,1017.3,9.6,9.5,7.8,MM,MM,MM
2026,02,06,08,00,90,6.0,9.0,MM,MM,MM,MM,1017.2,9.7,9.5,7.8,MM,+1.3,MM
2026,02,06,07,50,80,7.0,10.0,2.8,13,10.0,233,1017.2,9.7,9.5,7.6,MM,MM,MM
2026,02,06,07,40,80,7.0,10.0,MM,MM,MM,MM,1017.1,9.6,9.5,7.7,MM,MM,MM
2026,02,06,07,30,80,6.0,8.0,MM,MM,MM,MM,1017.2,9.6,9.6,7.9,MM,MM,MM
2026,02,06,07,20,90,7.0,8.0,2.6,12,9.6,233,1017.3,9.9,9.6,7.8,MM,MM,MM
2026,02,06,07,10,90,7.0,9.0,2.6,MM,9.6,233,1017.1,9.9,9.6,7.9,MM,MM,MM
2026,02,06,07,00,100,7.0,9.0,MM,MM,MM,MM,1017.0,9.9,9.5,8.0,MM,+1.4,MM
2026,02,06,06,50,100,7.0,8.0,2.3,13,9.1,227,1016.9,9.8,9.5,8.0,MM,MM,MM
2026,02,06,06,40,110,6.0,8.0,MM,MM,MM,MM,1016.9,9.9,9.5,8.2,MM,MM,MM
2026,02,06,06,30,100,7.0,8.0,MM,MM,MM,MM,1016.7,10.0,9.5,8.1,MM,MM,MM
2026,02,06,06,20,110,7.0,9.0,2.6,12,9.2,234,1016.4,10.2,9.5,8.0,MM,MM,MM
2026,02,06,06,10,100,7.0,9.0,MM,MM,MM,MM,1016.6,10.3,9.5,7.7,MM,MM,MM
2026,02,06,06,00,100,7.0,9.0,MM,MM,MM,MM,1016.5,10.2,9.5,7.8,MM,+1.0,MM
2026,02,06,05,50,90,7.0,9.0,2.6,13,9.0,237,1016.4,10.1,9.5,7.9,MM,MM,MM
2026,02,06,05,40,90,8.0,10.0,MM,MM,MM,MM,1016.3,10.1,9.5,8.0,MM,MM,MM
2026,02,06,05,30,90,8.0,10.0,MM,MM,MM,MM,1016.1,10.0,9.5,8.3,MM,MM,MM
2026,02,06,05,20,90,8.0,10.0,2.5,13,8.8,226,1016.1,10.0,9.5,8.4,MM,MM,MM
2026,02,06,05,10,90,8.0,10.0,MM,MM,MM,MM,1015.9,10.1,9.5,8.2,MM,MM,MM
2026,02,06,05,00,80,8.0,10.0,MM,MM,MM,MM,1016.0,10.5,9.6,7.7,MM,+0.5,MM
2026,02,06,04,50,90,8.0,10.0,2.4,13,8.6,223,1015.8,10.5,9.6,7.5,MM,MM,MM
2026,02,06,04,40,90,8.0,10.0,MM,MM,MM,MM,1015.8,10.5,9.6,7.7,MM,MM,MM
2026,02,06,04,30,100,8.0,11.0,MM,MM,MM,MM,1015.8,10.6,9.6,7.5,MM,MM,MM
2026,02,06,04,20,100,8.0,10.0,2.7,12,8.8,224,1015.8,10.6,9.6,7.5,MM,MM,MM
2026,02,06,04,10,100,9.0,10.0,2.7,MM,8.8,224,1015.7,10.6,9.6,7.6,MM,MM,MM
2026,02,06,04,00,100,9.0,10.0,MM,MM,MM,MM,1015.6,10.6,9.6,7.6,MM,+0.4,MM
2026,02,06,03,50,90,8.0,10.0,2.6,13,9.1,230,1015.7,10.4,9.6,7.8,MM,MM,MM
2026,02,06,03,40,90,9.0,11.0,MM,MM,MM,MM,1015.6,10.6,9.6,7.7,MM,MM,MM
2026,02,06,03,30,90,9.0,10.0,MM,MM,MM,MM,1015.6,10.7,9.6,7.6,MM,MM,MM
2026,02,06,03,20,90,9.0,11.0,2.7,13,8.8,225,1015.7,10.7,9.6,7.7,MM,MM,MM
2026,02,06,03,10,90,9.0,11.0,2.7,MM,8.8,225,1015.7,10.6,9.6,7.6,MM,MM,MM
2026,02,06,03,00,90,8.0,10.0,MM,MM,MM,MM,1015.7,10.3,9.6,8.1,MM,+0.3,MM
2026,02,06,02,50,90,8.0,10.0,2.9,13,8.7,219,1015.7,10.3,9.6,7.9,MM,MM,MM
2026,02,06,02,40,90,8.0,11.0,2.9,MM,8.7,219,1015.8,10.9,9.6,7.0,MM,MM,MM
2026,02,06,02,30,90,9.0,12.0,MM,MM,MM,MM,1015.5,11.0,9.6,6.7,MM,MM,MM
2026,02,06,02,20,90,10.0,12.0,2.7,13,8.4,223,1015.5,11.0,9.6,6.7,MM,MM,MM
2026,02,06,02,10,90,9.0,11.0,2.7,MM,8.4,223,1015.5,10.8,9.6,7.1,MM,MM,MM
2026,02,06,02,00,90,8.0,11.0,MM,MM,MM,MM,1015.6,10.5,9.6,7.7,MM,+0.4,MM
2026,02,06,01,50,80,8.0,10.0,2.6,13,7.9,238,1015.6,10.7,9.6,7.5,MM,MM,MM
2026,02,06,01,40,80,8.0,11.0,MM,MM,MM,MM,1015.6,10.7,9.6,7.5,MM,MM,MM
2026,02,06,01,30,80,9.0,11.0,MM,MM,MM,MM,1015.5,10.5,9.6,7.6,MM,MM,MM
2026,02,06,01,20,90,8.0,11.0,2.9,13,8.5,219,1015.5,10.5,9.6,7.7,MM,MM,MM
2026,02,06,01,10,90,8.0,10.0,2.9,MM,8.5,219,1015.5,10.5,9.6,7.6,MM,MM,MM
2026,02,06,01,00,90,8.0,11.0,MM,MM,MM,MM,1015.3,10.4,9.6,7.8,MM,-0.3,MM
2026,02,06,00,50,80,8.0,11.0,3.0,13,8.7,232,1015.5,10.3,9.6,7.8,MM,MM,MM
2026,02,06,00,40,80,8.0,10.0,MM,MM,MM,MM,1015.5,10.5,9.6,7.8,MM,MM,MM
2026,02,06,00,30,80,8.0,10.0,MM,MM,MM,MM,1015.6,10.4,9.6,7.8,MM,MM,MM
2026,02,06,00,20,80,8.0,11.0,2.9,12,8.3,234,1015.6,10.4,9.6,7.8,MM,MM,MM
2026,02,06,00,10,80,9.0,12.0,MM,MM,MM,MM,1015.4,10.5,9.6,7.7,MM,MM,MM
2026,02,06,00,00,80,10.0,12.0,MM,MM,MM,MM,1015.3,10.5,9.6,7.8,MM,-1.2,MM
2026,02,05,23,50,80,10.0,12.0,2.9,12,8.2,226,1015.3,10.4,9.6,7.7,MM,MM,MM
2026,02,05,23,40,80,10.0,12.0,MM,MM,MM,MM,1015.3,10.5,9.6,7.8,MM,MM,MM
2026,02,05,23,30,80,10.0,12.0,MM,MM,MM,MM,1015.3,10.7,9.6,7.6,MM,MM,MM
2026,02,05,23,20,90,10.0,12.0,3.4,13,8.8,240,1015.3,10.6,9.6,7.6,MM,MM,MM
2026,02,05,23,10,90,10.0,12.0,3.4,MM,8.8,240,1015.1,10.6,9.6,7.7,MM,MM,MM
2026,02,05,23,00,90,10.0,13.0,MM,MM,MM,MM,1015.1,10.5,9.6,7.6,MM,-2.3,MM
2026,02,05,22,50,90,10.0,13.0,3.0,12,8.0,218,1015.1,10.6,9.6,7.5,MM,MM,MM
2026,02,05,22,40,90,10.0,13.0,3.0,MM,8.0,218,1015.2,10.7,9.6,7.6,MM,MM,MM
2026,02,05,22,30,90,10.0,13.0,MM,MM,MM,MM,1015.2,10.7,9.6,7.7,MM,MM,MM
2026,02,05,22,20,90,10.0,13.0,2.9,13,7.9,230,1015.3,10.7,9.6,7.8,MM,MM,MM
2026,02,05,22,10,90,11.0,14.0,2.9,MM,7.9,230,1015.4,10.7,9.6,7.7,MM,MM,MM
2026,02,05,22,00,90,11.0,13.0,MM,MM,MM,MM,1015.6,10.8,9.6,7.7,MM,-2.9,MM
2026,02,05,21,50,90,11.0,14.0,3.1,13,7.9,226,1015.8,10.7,9.6,7.7,MM,MM,MM
2026,02,05,21,40,90,11.0,14.0,MM,MM,MM,MM,1015.9,10.6,9.6,7.8,MM,MM,MM
2026,02,05,21,30,90,11.0,14.0,MM,MM,MM,MM,1016.2,10.6,9.6,7.7,MM,MM,MM
2026,02,05,21,20,100,11.0,14.0,3.0,13,8.3,227,1016.1,10.5,9.6,7.7,MM,MM,MM
2026,02,05,21,10,100,11.0,15.0,3.0,MM,8.3,227,1016.3,10.4,9.6,7.8,MM,MM,MM
2026,02,05,21,00,100,11.0,14.0,MM,MM,MM,MM,1016.6,10.4,9.5,7.8,MM,-2.3,MM
2026,02,05,20,50,90,11.0,14.0,2.7,11,7.4,226,1016.8,10.4,9.6,7.8,MM,MM,MM
2026,02,05,20,40,100,11.0,14.0,2.7,MM,7.4,226,1016.9,10.6,9.6,7.8,MM,MM,MM
2026,02,05,20,30,100,12.0,14.0,MM,MM,MM,MM,1017.0,10.9,9.6,7.5,MM,MM,MM
2026,02,05,20,20,110,11.0,13.0,3.0,12,8.2,221,1017.2,10.8,9.6,7.4,MM,MM,MM
2026,02,05,20,10,100,11.0,14.0,MM,MM,MM,MM,1017.4,10.4,9.5,7.8,MM,MM,MM
2026,02,05,20,00,100,11.0,14.0,MM,MM,MM,MM,1017.6,10.3,9.5,8.0,MM,-1.2,MM
2026,02,05,19,50,100,10.0,14.0,2.9,12,7.9,216,1017.7,10.3,9.5,8.2,MM,MM,MM
2026,02,05,19,40,100,11.0,13.0,MM,MM,MM,MM,1017.9,10.4,9.6,8.0,MM,MM,MM
2026,02,05,19,30,110,12.0,14.0,MM,MM,MM,MM,1017.9,10.8,9.6,7.7,MM,MM,MM
2026,02,05,19,20,120,12.0,15.0,2.9,12,8.1,226,1018.0,11.0,9.6,7.6,MM,MM,MM
2026,02,05,19,10,110,12.0,14.0,2.9,MM,8.1,226,1018.0,10.7,9.6,7.9,MM,MM,MM
2026,02,05,19,00,100,12.0,15.0,MM,MM,MM,MM,1018.3,10.5,9.6,8.0,MM,-0.4,MM
2026,02,05,18,50,110,12.0,15.0,2.7,13,7.6,214,1018.3,10.5,9.6,8.0,MM,MM,MM
2026,02,05,18,40,100,12.0,15.0,2.7,MM,7.6,214,1018.4,10.1,9.6,8.2,MM,MM,MM
2026,02,05,18,30,100,12.0,14.0,MM,MM,MM,MM,1018.5,10.0,9.6,8.3,MM,MM,MM
2026,02,05,18,20,90,11.0,14.0,2.7,13,7.6,221,1018.5,9.8,9.6,8.5,MM,MM,MM
2026,02,05,18,10,90,11.0,13.0,2.7,MM,7.6,221,1018.8,9.7,9.6,8.5,MM,MM,MM
2026,02,05,18,00,90,11.0,14.0,MM,MM,MM,MM,1018.7,9.7,9.6,8.5,MM,-0.3,MM
2026,02,05,17,50,90,12.0,14.0,2.9,13,8.4,233,1018.7,9.7,9.6,8.6,MM,MM,MM
2026,02,05,17,40,90,11.0,14.0,2.9,MM,8.4,233,1018.7,9.7,9.6,8.6,MM,MM,MM
2026,02,05,17,30,90,12.0,15.0,MM,MM,MM,MM,1018.8,9.8,9.6,8.7,MM,MM,MM
2026,02,05,17,20,100,11.0,13.0,2.6,13,8.1,223,1018.9,9.8,9.6,8.7,MM,MM,MM
2026,02,05,17,10,100,11.0,13.0,2.6,MM,8.1,223,1019.0,9.7,9.6,8.7,MM,MM,MM
2026,02,05,17,00,100,11.0,14.0,MM,MM,MM,MM,1018.8,9.6,9.6,8.7,MM,-1.1,MM
2026,02,05,16,50,100,11.0,13.0,2.5,13,7.9,224,1018.7,9.6,9.6,8.8,MM,MM,MM
2026,02,05,16,40,100,11.0,13.0,2.5,MM,7.9,224,1018.7,9.6,9.6,8.8,MM,MM,MM
2026,02,05,16,30,100,11.0,14.0,MM,MM,MM,MM,1018.8,9.6,9.6,8.9,MM,MM,MM
2026,02,05,16,20,100,10.0,12.0,2.6,13,8.5,230,1018.9,9.5,9.6,8.9,MM,MM,MM
2026,02,05,16,10,100,10.0,12.0,2.6,MM,8.5,230,1019.1,9.5,9.6,8.9,MM,MM,MM
2026,02,05,16,00,100,10.0,13.0,MM,MM,MM,MM,1019.0,9.5,9.6,8.9,MM,-1.5,MM
2026,02,05,15,50,100,10.0,12.0,2.7,13,8.6,226,1019.0,9.4,9.6,8.8,MM,MM,MM
2026,02,05,15,40,90,10.0,13.0,2.7,MM,8.6,226,1019.0,9.4,9.6,8.8,MM,MM,MM
2026,02,05,15,30,90,10.0,12.0,MM,MM,MM,MM,1019.1,9.5,9.6,8.9,MM,MM,MM
2026,02,05,15,20,90,10.0,12.0,3.2,13,9.4,229,1019.1,9.5,9.6,8.8,MM,MM,MM
2026,02,05,15,10,100,10.0,12.0,3.2,MM,9.4,229,1019.1,9.6,9.6,9.0,MM,MM,MM
2026,02,05,15,00,100,10.0,13.0,MM,MM,MM,MM,1019.2,9.6,9.5,8.8,MM,-2.0,MM
2026,02,05,14,50,100,10.0,12.0,2.8,13,8.9,230,1019.4,9.8,9.5,8.9,MM,MM,MM
2026,02,05,14,40,100,10.0,13.0,MM,MM,MM,MM,1019.4,9.9,9.5,8.7,MM,MM,MM
2026,02,05,14,30,100,11.0,13.0,MM,MM,MM,MM,1019.4,10.0,9.5,8.8,MM,MM,MM
2026,02,05,14,20,100,10.0,12.0,2.8,13,8.6,222,1019.6,9.9,9.5,8.9,MM,MM,MM
2026,02,05,14,10,100,10.0,12.0,2.8,MM,8.6,222,1019.7,9.9,9.5,8.9,MM,MM,MM
2026,02,05,14,00,100,10.0,13.0,MM,MM,MM,MM,1019.8,9.8,9.5,8.9,MM,-2.2,MM
2026,02,05,13,50,100,10.0,12.0,2.8,13,8.6,237,1019.9,9.6,9.5,8.9,MM,MM,MM
2026,02,05,13,40,90,10.0,12.0,2.8,MM,8.6,237,1020.0,9.5,9.5,8.8,MM,MM,MM
2026,02,05,13,30,90,9.0,12.0,MM,MM,MM,MM,1020.1,9.5,9.5,8.9,MM,MM,MM
2026,02,05,13,20,90,9.0,12.0,2.9,12,9.0,238,1020.2,9.5,9.5,8.9,MM,MM,MM
2026,02,05,13,10,90,9.0,12.0,2.9,MM,9.0,238,1020.3,9.6,9.5,9.0,MM,MM,MM
2026,02,05,13,00,90,9.0,12.0,MM,MM,MM,MM,1020.3,9.6,9.5,8.9,MM,-1.8,MM
2026,02,05,12,50,90,9.0,13.0,3.4,12,9.3,234,1020.4,9.6,9.5,8.9,MM,MM,MM
2026,02,05,12,40,90,9.0,13.0,MM,MM,MM,MM,1020.6,9.7,9.5,9.0,MM,MM,MM
2026,02,05,12,30,90,8.0,11.0,MM,MM,MM,MM,1020.7,9.6,9.5,9.1,MM,MM,MM
2026,02,05,12,20,90,9.0,11.0,3.1,13,8.9,226,1020.9,9.6,9.5,9.1,MM,MM,MM
2026,02,05,12,10,90,9.0,13.0,3.1,MM,8.9,226,1021.0,9.6,9.5,9.1,MM,MM,MM
2026,02,05,12,00,90,9.0,11.0,MM,MM,MM,MM,1021.2,9.6,9.5,9.0,MM,-1.6,MM
2026,02,05,11,50,90,10.0,13.0,3.2,13,8.9,240,1021.3,9.6,9.5,8.9,MM,MM,MM
2026,02,05,11,40,90,9.0,12.0,3.2,MM,8.9,240,1021.4,9.6,9.5,8.8,MM,MM,MM
2026,02,05,11,30,80,9.0,12.0,MM,MM,MM,MM,1021.5,9.7,9.5,8.8,MM,MM,MM
2026,02,05,11,20,80,10.0,12.0,3.1,13,8.6,231,1021.6,9.7,9.5,8.8,MM,MM,MM
2026,02,05,11,10,80,9.0,12.0,3.1,MM,8.6,231,1021.8,9.6,9.5,8.8,MM,MM,MM
2026,02,05,11,00,90,9.0,12.0,MM,MM,MM,MM,1021.9,9.6,9.5,8.9,MM,-1.5,MM
2026,02,05,10,50,90,9.0,11.0,3.5,12,8.9,232,1022.0,9.6,9.5,9.0,MM,MM,MM
2026,02,05,10,40,80,9.0,11.0,MM,MM,MM,MM,1022.1,9.6,9.5,8.8,MM,MM,MM
2026,02,05,10,30,90,9.0,11.0,MM,MM,MM,MM,1022.1,9.6,9.5,8.7,MM,MM,MM
2026,02,05,10,20,90,9.0,11.0,3.5,13,9.4,231,1022.2,9.6,9.5,8.8,MM,MM,MM
2026,02,05,10,10,90,8.0,11.0,3.5,MM,9.4,231,1022.2,9.7,9.5,8.9,MM,MM,MM
2026,02,05,10,00,90,8.0,11.0,MM,MM,MM,MM,1022.3,9.7,9.5,8.8,MM,-1.9,MM
2026,02,05,09,50,90,8.0,10.0,3.6,12,9.5,230,1022.4,9.8,9.5,8.8,MM,MM,MM
2026,02,05,09,40,90,8.0,10.0,MM,MM,MM,MM,1022.6,9.9,9.5,8.9,MM,MM,MM
2026,02,05,09,30,90,8.0,10.0,MM,MM,MM,MM,1022.6,10.0,9.5,8.8,MM,MM,MM
2026,02,05,09,20,90,8.0,10.0,3.4,13,9.3,238,1022.7,10.0,9.5,8.9,MM,MM,MM
2026,02,05,09,10,90,7.0,9.0,3.4,MM,9.3,238,1022.8,9.9,9.5,8.8,MM,MM,MM
2026,02,05,09,00,90,8.0,10.0,MM,MM,MM,MM,1022.8,9.9,9.5,8.8,MM,-1.7,MM
2026,02,05,08,50,90,7.0,9.0,3.4,13,9.6,233,1022.9,10.0,9.5,8.9,MM,MM,MM
2026,02,05,08,40,90,7.0,10.0,MM,MM,MM,MM,1023.0,10.1,9.5,8.8,MM,MM,MM
2026,02,05,08,30,90,7.0,8.0,MM,MM,MM,MM,1023.1,10.1,9.5,8.9,MM,MM,MM
2026,02,05,08,20,90,6.0,9.0,3.0,12,9.1,224,1023.2,10.1,9.5,9.0,MM,MM,MM
2026,02,05,08,10,90,7.0,9.0,3.0,MM,9.1,224,1023.3,10.0,9.5,9.0,MM,MM,MM
2026,02,05,08,00,90,7.0,8.0,MM,MM,MM,MM,1023.4,9.9,9.5,9.0,MM,-0.9,MM
2026,02,05,07,50,90,6.0,8.0,3.5,13,10.2,223,1023.6,9.7,9.5,9.0,MM,MM,MM
2026,02,05,07,40,90,6.0,8.0,MM,MM,MM,MM,1023.7,9.8,9.5,9.2,MM,MM,MM
2026,02,05,07,30,90,6.0,8.0,MM,MM,MM,MM,1023.7,9.8,9.5,9.2,MM,MM,MM
2026,02,05,07,20,90,6.0,8.0,3.0,14,10.0,228,1023.9,9.9,9.5,9.3,MM,MM,MM
2026,02,05,07,10,100,6.0,8.0,3.0,MM,10.0,228,1023.9,9.9,9.5,9.3,MM,MM,MM
2026,02,05,07,00,90,6.0,8.0,MM,MM,MM,MM,1024.0,9.7,9.5,9.2,MM,-0.4,MM
2026,02,05,06,50,90,6.0,8.0,2.9,12,9.6,229,1024.2,9.7,9.5,9.2,MM,MM,MM
2026,02,05,06,40,90,6.0,8.0,MM,MM,MM,MM,1024.2,9.8,9.5,9.2,MM,MM,MM
2026,02,05,06,30,80,5.0,7.0,MM,MM,MM,MM,1024.2,10.0,9.5,9.4,MM,MM,MM
2026,02,05,06,20,80,6.0,8.0,3.2,13,10.4,222,1024.3,10.1,9.5,9.5,MM,MM,MM
2026,02,05,06,10,80,6.0,8.0,MM,MM,MM,MM,1024.3,10.1,9.5,9.6,MM,MM,MM
2026,02,05,06,00,80,6.0,7.0,MM,MM,MM,MM,1024.3,10.0,9.6,9.6,MM,+0.0,MM
2026,02,05,05,50,80,5.0,7.0,3.4,14,10.7,230,1024.4,10.1,9.6,9.7,MM,MM,MM
2026,02,05,05,40,80,5.0,8.0,3.4,MM,10.7,230,1024.5,10.1,9.6,9.6,MM,MM,MM
2026,02,05,05,30,80,5.0,8.0,MM,MM,MM,MM,1024.5,10.2,9.6,9.6,MM,MM,MM
2026,02,05,05,20,70,5.0,7.0,3.0,14,10.1,217,1024.4,10.3,9.6,9.6,MM,MM,MM
2026,02,05,05,10,80,6.0,8.0,3.0,MM,10.1,217,1024.2,10.2,9.6,9.5,MM,MM,MM
2026,02,05,05,00,80,6.0,8.0,MM,MM,MM,MM,1024.2,10.2,9.5,9.5,MM,+0.0,MM
2026,02,05,04,50,90,5.0,8.0,2.7,13,9.7,221,1024.3,10.2,9.5,9.4,MM,MM,MM
2026,02,05,04,40,90,6.0,7.0,MM,MM,MM,MM,1024.3,10.2,9.6,9.3,MM,MM,MM
2026,02,05,04,30,80,5.0,7.0,MM,MM,MM,MM,1024.4,10.1,9.6,9.3,MM,MM,MM
2026,02,05,04,20,80,6.0,8.0,3.0,13,9.7,232,1024.5,10.1,9.6,9.4,MM,MM,MM
2026,02,05,04,10,90,6.0,8.0,MM,MM,MM,MM,1024.2,10.1,9.6,9.4,MM,MM,MM
2026,02,05,04,00,90,6.0,8.0,MM,MM,MM,MM,1024.3,10.1,9.6,9.2,MM,+0.0,MM
2026,02,05,03,50,90,6.0,8.0,3.5,13,10.0,236,1024.2,10.3,9.6,9.1,MM,MM,MM
2026,02,05,03,40,90,7.0,8.0,MM,MM,MM,MM,1024.1,10.5,9.6,9.2,MM,MM,MM
2026,02,05,03,30,100,7.0,9.0,MM,MM,MM,MM,1024.1,10.5,9.6,9.2,MM,MM,MM
2026,02,05,03,20,100,7.0,9.0,2.9,14,9.5,236,1024.1,10.5,9.6,9.1,MM,MM,MM
2026,02,05,03,10,100,7.0,8.0,2.9,MM,9.5,236,1024.3,10.5,9.6,9.1,MM,MM,MM
2026,02,05,03,00,100,7.0,9.0,MM,MM,MM,MM,1024.3,10.5,9.6,9.1,MM,-0.4,MM
2026,02,05,02,50,100,7.0,10.0,3.2,13,10.0,231,1024.2,10.4,9.6,9.2,MM,MM,MM
2026,02,05,02,40,90,7.0,9.0,MM,MM,MM,MM,1024.2,10.3,9.6,9.2,MM,MM,MM
2026,02,05,02,30,90,6.0,8.0,MM,MM,MM,MM,1024.5,10.3,9.6,9.2,MM,MM,MM
2026,02,05,02,20,90,7.0,9.0,3.3,12,9.8,228,1024.5,10.4,9.6,9.2,MM,MM,MM
2026,02,05,02,10,90,7.0,8.0,MM,MM,MM,MM,1024.2,10.4,9.6,9.2,MM,MM,MM
2026,02,05,02,00,90,6.0,8.0,MM,MM,MM,MM,1024.4,10.3,9.6,9.3,MM,+0.0,MM
2026,02,05,01,50,90,7.0,8.0,3.1,13,9.4,240,1024.4,10.2,9.6,9.3,MM,MM,MM
2026,02,05,01,40,90,7.0,8.0,MM,MM,MM,MM,1024.3,10.1,9.6,9.3,MM,MM,MM
2026,02,05,01,30,90,6.0,8.0,MM,MM,MM,MM,1024.3,10.1,9.6,9.4,MM,MM,MM
2026,02,05,01,20,90,6.0,8.0,3.7,13,10.1,236,1024.3,10.1,9.6,9.4,MM,MM,MM
2026,02,05,01,10,90,6.0,9.0,MM,MM,MM,MM,1024.4,10.1,9.6,9.4,MM,MM,MM
2026,02,05,01,00,90,6.0,8.0,MM,MM,MM,MM,1024.5,10.1,9.6,9.4,MM,+0.0,MM
2026,02,05,00,50,100,6.0,8.0,3.5,13,9.7,233,1024.6,10.1,9.6,9.4,MM,MM,MM
2026,02,05,00,40,90,6.0,8.0,MM,MM,MM,MM,1024.6,10.0,9.6,9.4,MM,MM,MM
2026,02,05,00,30,90,6.0,8.0,MM,MM,MM,MM,1024.4,10.1,9.6,9.4,MM,MM,MM
2026,02,05,00,20,100,6.0,8.0,3.4,13,9.5,236,1024.5,10.1,MM,9.4,MM,MM,MM
2026,02,05,00,10,90,6.0,8.0,3.4,MM,9.5,236,1024.6,10.1,9.6,9.4,MM,MM,MM
2026,02,05,00,00,80,6.0,8.0,MM,MM,MM,MM,1024.7,10.1,9.6,9.4,MM,-0.3,MM
2026,02,04,23,50,90,6.0,8.0,3.7,13,10.0,233,1024.5,10.2,9.6,9.4,MM,MM,MM
2026,02,04,23,40,90,7.0,9.0,MM,MM,MM,MM,1024.5,10.1,9.6,9.4,MM,MM,MM
2026,02,04,23,20,90,7.0,10.0,3.6,14,9.4,247,1024.4,10.1,9.6,9.5,MM,MM,MM
2026,02,04,23,10,90,7.0,10.0,MM,MM,MM,MM,1024.4,10.2,9.6,9.4,MM,MM,MM
2026,02,04,23,00,90,7.0,10.0,MM,MM,MM,MM,1024.5,10.3,9.6,9.4,MM,-1.0,MM
2026,02,04,22,50,100,7.0,10.0,3.6,13,9.7,232,1024.5,10.2,9.6,9.4,MM,MM,MM
2026,02,04,22,40,90,7.0,9.0,MM,MM,MM,MM,1024.4,10.1,9.6,9.4,MM,MM,MM
2026,02,04,22,30,100,7.0,9.0,MM,MM,MM,MM,1024.5,10.0,9.6,9.3,MM,MM,MM
2026,02,04,22,20,100,8.0,10.0,3.6,13,9.7,235,1024.1,10.1,9.6,9.4,MM,MM,MM
2026,02,04,22,10,100,7.0,10.0,3.6,MM,9.7,235,1024.4,9.9,9.6,9.4,MM,MM,MM
2026,02,04,22,00,100,7.0,10.0,MM,MM,MM,MM,1024.5,9.9,9.6,9.4,MM,-1.5,MM
2026,02,04,21,50,100,8.0,10.0,3.4,12,9.4,229,1024.4,9.9,9.6,9.4,MM,MM,MM
2026,02,04,21,40,90,8.0,10.0,3.4,MM,9.4,229,1024.3,9.9,9.6,9.4,MM,MM,MM
2026,02,04,21,30,100,7.0,9.0,MM,MM,MM,MM,1024.5,10.0,9.6,9.4,MM,MM,MM
2026,02,04,21,20,100,7.0,9.0,3.4,13,9.5,229,1024.6,10.1,9.6,9.5,MM,MM,MM
2026,02,04,21,10,100,7.0,10.0,3.4,MM,9.5,229,1024.6,10.1,9.6,9.4,MM,MM,MM
2026,02,04,21,00,100,7.0,10.0,MM,MM,MM,MM,1024.9,10.0,9.6,9.5,MM,-0.5,MM
2026,02,04,20,50,100,7.0,10.0,3.4,13,9.6,234,1025.0,9.8,9.6,9.6,MM,MM,MM
2026,02,04,20,40,110,8.0,11.0,MM,MM,MM,MM,1024.8,9.6,9.6,9.5,MM,MM,MM
2026,02,04,20,30,110,8.0,11.0,MM,MM,MM,MM,1024.8,9.5,9.6,9.4,MM,MM,MM
2026,02,04,20,20,100,8.0,10.0,3.7,14,10.4,234,1024.9,9.6,9.6,9.5,MM,MM,MM
2026,02,04,20,10,100,8.0,10.0,3.7,MM,10.4,234,1025.0,9.6,9.6,9.4,MM,MM,MM
2026,02,04,20,00,100,7.0,10.0,MM,MM,MM,MM,1025.3,9.6,9.6,9.3,MM,+0.4,MM
2026,02,04,19,50,100,8.0,10.0,3.3,13,9.6,224,1025.5,9.7,9.6,9.4,MM,MM,MM
2026,02,04,19,40,100,8.0,10.0,MM,MM,MM,MM,1025.6,9.8,9.6,9.4,MM,MM,MM
2026,02,04,19,30,90,7.0,10.0,MM,MM,MM,MM,1025.6,9.9,9.6,9.5,MM,MM,MM
2026,02,04,19,20,90,7.0,9.0,3.5,13,10.3,222,1025.9,9.9,9.6,9.4,MM,MM,MM
2026,02,04,19,10,100,8.0,10.0,3.5,MM,10.3,222,1025.9,10.0,9.6,9.4,MM,MM,MM
2026,02,04,19,00,100,8.0,11.0,MM,MM,MM,MM,1025.8,10.1,9.6,9.4,MM,+1.1,MM
2026,02,04,18,50,90,8.0,11.0,3.0,13,10.0,228,1025.6,10.1,9.6,9.3,MM,MM,MM
2026,02,04,18,40,100,8.0,11.0,3.0,MM,10.0,228,1025.2,10.1,9.6,9.3,MM,MM,MM
2026,02,04,18,30,90,8.0,10.0,MM,MM,MM,MM,1025.3,10.1,9.6,9.3,MM,MM,MM
2026,02,04,18,20,90,7.0,9.0,2.9,13,9.9,234,1025.3,10.2,9.6,9.3,MM,MM,MM
2026,02,04,18,10,90,7.0,9.0,2.9,MM,9.9,234,1025.4,10.2,9.6,9.4,MM,MM,MM
2026,02,04,18,00,100,8.0,11.0,MM,MM,MM,MM,1025.3,10.1,9.6,9.3,MM,+0.6,MM
2026,02,04,17,50,100,9.0,10.0,2.6,14,9.5,233,1024.8,10.0,9.5,9.3,MM,MM,MM
2026,02,04,17,40,90,7.0,9.0,MM,MM,MM,MM,1025.1,10.1,9.5,9.3,MM,MM,MM
2026,02,04,17,30,90,8.0,10.0,MM,MM,MM,MM,1025.2,10.2,9.5,9.2,MM,MM,MM
2026,02,04,17,20,90,9.0,11.0,3.1,15,10.4,237,1024.8,10.1,9.5,9.3,MM,MM,MM
2026,02,04,17,10,90,8.0,10.0,MM,MM,MM,MM,1024.8,10.0,9.5,9.2,MM,MM,MM
2026,02,04,17,00,90,8.0,10.0,MM,MM,MM,MM,1025.0,9.9,9.5,9.1,MM,-0.0,MM
2026,02,04,16,50,90,8.0,10.0,3.1,13,10.0,241,1025.0,10.1,9.5,9.2,MM,MM,MM
2026,02,04,16,40,90,7.0,10.0,3.1,MM,10.0,241,1025.2,10.1,9.5,9.2,MM,MM,MM
2026,02,04,16,30,90,8.0,10.0,MM,MM,MM,MM,1025.3,10.0,9.5,9.1,MM,MM,MM
2026,02,04,16,20,90,8.0,11.0,2.9,13,9.8,231,1024.9,10.0,9.5,9.2,MM,MM,MM
2026,02,04,16,10,90,8.0,10.0,2.9,MM,9.8,231,1025.0,10.0,9.5,9.2,MM,MM,MM
2026,02,04,16,00,90,8.0,10.0,MM,MM,MM,MM,1025.0,10.0,9.5,9.3,MM,-0.4,MM
2026,02,04,15,50,80,7.0,9.0,3.3,12,10.2,232,1025.2,10.0,9.5,9.3,MM,MM,MM
2026,02,04,15,40,90,7.0,10.0,MM,MM,MM,MM,1025.1,10.0,9.5,9.3,MM,MM,MM
2026,02,04,15,30,90,8.0,10.0,MM,MM,MM,MM,1025.0,10.0,9.5,9.3,MM,MM,MM
2026,02,04,15,20,80,8.0,11.0,3.0,14,9.5,243,1024.7,10.1,9.5,9.4,MM,MM,MM
2026,02,04,15,10,80,8.0,10.0,3.0,MM,9.5,243,1024.9,10.2,9.5,9.3,MM,MM,MM
2026,02,04,15,00,90,8.0,11.0,MM,MM,MM,MM,1024.7,10.2,9.5,9.4,MM,-0.3,MM
2026,02,04,14,50,90,8.0,10.0,2.9,14,9.9,235,1024.6,10.2,9.5,9.4,MM,MM,MM
2026,02,04,14,40,90,7.0,9.0,MM,MM,MM,MM,1024.9,10.1,9.5,9.3,MM,MM,MM
2026,02,04,14,30,80,7.0,9.0,MM,MM,MM,MM,1024.8,10.2,9.5,9.3,MM,MM,MM
2026,02,04,14,20,80,7.0,9.0,3.5,12,10.4,239,1025.2,10.3,9.5,9.4,MM,MM,MM
2026,02,04,14,10,80,7.0,9.0,3.5,MM,10.4,239,1025.2,10.4,9.5,9.4,MM,MM,MM
2026,02,04,14,00,90,7.0,9.0,MM,MM,MM,MM,1025.2,10.4,9.5,9.4,MM,+0.0,MM
2026,02,04,13,50,90,7.0,9.0,3.2,12,10.2,235,1025.0,10.4,9.5,9.4,MM,MM,MM
2026,02,04,13,40,90,8.0,10.0,MM,MM,MM,MM,1025.1,10.4,9.5,9.4,MM,MM,MM
2026,02,04,13,30,90,7.0,10.0,MM,MM,MM,MM,1024.9,10.2,9.5,9.4,MM,MM,MM
2026,02,04,13,20,90,8.0,10.0,3.0,13,9.5,246,1024.8,10.2,9.5,9.4,MM,MM,MM
2026,02,04,13,10,80,8.0,10.0,MM,MM,MM,MM,1025.1,10.3,9.5,9.4,MM,MM,MM
2026,02,04,13,00,80,7.0,10.0,MM,MM,MM,MM,1025.2,10.4,9.5,9.4,MM,+0.3,MM
2026,02,04,12,50,80,8.0,10.0,3.2,13,9.6,245,1025.3,10.4,9.5,9.4,MM,MM,MM
2026,02,04,12,40,80,8.0,10.0,3.2,MM,9.6,245,1025.2,10.4,9.5,9.4,MM,MM,MM
2026,02,04,12,30,80,8.0,10.0,MM,MM,MM,MM,1025.1,10.4,9.5,9.5,MM,MM,MM
2026,02,04,12,20,80,7.0,10.0,2.8,13,9.4,251,1025.1,10.3,9.5,9.5,MM,MM,MM
2026,02,04,12,10,80,7.0,10.0,MM,MM,MM,MM,1025.3,10.2,9.5,9.6,MM,MM,MM
2026,02,04,12,00,80,7.0,10.0,MM,MM,MM,MM,1025.2,10.2,9.5,9.5,MM,-0.0,MM
2026,02,04,11,50,80,7.0,9.0,3.0,11,9.5,242,1025.1,10.4,9.5,9.6,MM,MM,MM
2026,02,04,11,40,90,7.0,10.0,MM,MM,MM,MM,1025.2,10.3,9.5,9.6,MM,MM,MM
2026,02,04,11,30,90,7.0,10.0,MM,MM,MM,MM,1025.1,10.3,9.5,9.6,MM,MM,MM
2026,02,04,11,20,90,7.0,10.0,3.5,12,9.6,239,1025.2,10.2,9.5,9.6,MM,MM,MM
2026,02,04,11,10,90,7.0,9.0,MM,MM,MM,MM,1025.5,10.1,9.5,9.6,MM,MM,MM
2026,02,04,11,00,90,7.0,9.0,MM,MM,MM,MM,1025.5,10.0,9.5,9.6,MM,-0.4,MM
2026,02,04,10,50,90,8.0,10.0,3.3,14,9.5,242,1025.5,10.0,9.5,9.6,MM,MM,MM
2026,02,04,10,40,90,7.0,9.0,MM,MM,MM,MM,1025.6,9.9,9.5,9.6,MM,MM,MM
2026,02,04,10,30,90,7.0,9.0,MM,MM,MM,MM,1025.6,9.9,9.5,9.6,MM,MM,MM
2026,02,04,10,20,90,7.0,9.0,2.9,13,9.0,245,1025.6,9.8,9.5,9.6,MM,MM,MM
2026,02,04,10,10,90,8.0,10.0,2.9,MM,9.0,245,1025.4,9.8,9.5,9.6,MM,MM,MM
2026,02,04,10,00,100,8.0,10.0,MM,MM,MM,MM,1025.1,9.8,9.5,9.6,MM,-0.9,MM
2026,02,04,09,50,100,8.0,11.0,3.0,11,9.0,241,1025.0,9.7,9.5,9.5,MM,MM,MM
2026,02,04,09,40,100,8.0,10.0,MM,MM,MM,MM,1024.9,9.7,9.5,9.5,MM,MM,MM
2026,02,04,09,30,100,7.0,9.0,MM,MM,MM,MM,1025.2,9.7,9.5,9.5,MM,MM,MM
2026,02,04,09,20,100,7.0,9.0,2.9,12,9.5,247,1025.3,9.7,9.5,9.5,MM,MM,MM
2026,02,04,09,10,100,7.0,9.0,2.9,MM,9.5,247,1025.1,9.7,9.5,9.5,MM,MM,MM
2026,02,04,09,00,100,6.0,8.0,MM,MM,MM,MM,1025.3,9.7,9.5,9.5,MM,-0.3,MM
2026,02,04,08,50,100,6.0,8.0,2.5,9,8.7,239,1025.4,9.6,9.5,9.5,MM,MM,MM
2026,02,04,08,40,100,6.0,9.0,2.5,MM,8.7,239,1025.4,9.6,9.5,9.5,MM,MM,MM
2026,02,04,08,30,100,7.0,9.0,MM,MM,MM,MM,1024.8,9.6,9.5,9.4,MM,MM,MM
2026,02,04,08,20,100,6.0,8.0,2.5,11,9.1,248,1025.3,9.7,9.5,9.5,MM,MM,MM
2026,02,04,08,10,110,6.0,8.0,MM,MM,MM,MM,1025.8,9.7,9.5,9.4,MM,MM,MM
2026,02,04,08,00,110,6.0,8.0,MM,MM,MM,MM,1025.9,9.8,9.5,9.5,MM,+0.0,MM
2026,02,04,07,50,100,6.0,8.0,2.6,11,8.9,237,1025.7,9.8,9.5,9.4,MM,MM,MM
2026,02,04,07,40,110,6.0,7.0,MM,MM,MM,MM,1026.0,9.8,9.5,9.4,MM,MM,MM
2026,02,04,07,30,110,5.0,7.0,MM,MM,MM,MM,1026.0,9.9,9.5,9.4,MM,MM,MM
2026,02,04,07,20,120,5.0,7.0,2.3,11,8.2,242,1026.1,9.9,9.6,9.4,MM,MM,MM
2026,02,04,07,10,110,6.0,7.0,2.3,MM,8.2,242,1026.1,9.9,9.6,9.4,MM,MM,MM
2026,02,04,07,00,110,5.0,7.0,MM,MM,MM,MM,1025.7,9.9,9.5,9.4,MM,+0.4,MM
2026,02,04,06,50,100,6.0,8.0,2.3,10,7.8,243,1025.8,9.8,9.5,9.3,MM,MM,MM
2026,02,04,06,40,100,6.0,8.0,MM,MM,MM,MM,1025.4,9.8,9.5,9.3,MM,MM,MM
2026,02,04,06,30,100,7.0,9.0,MM,MM,MM,MM,1025.3,9.8,9.5,9.2,MM,MM,MM
2026,02,04,06,20,100,6.0,8.0,2.2,11,8.0,237,1025.6,9.9,9.5,9.3,MM,MM,MM
2026,02,04,06,10,90,6.0,8.0,MM,MM,MM,MM,1025.7,9.8,9.5,9.2,MM,MM,MM
2026,02,04,06,00,90,7.0,10.0,MM,MM,MM,MM,1025.5,9.9,MM,9.3,MM,+0.6,MM
2026,02,04,05,50,80,8.0,11.0,2.1,11,7.5,240,1025.1,9.9,9.5,9.3,MM,MM,MM
2026,02,04,05,40,80,9.0,11.0,MM,MM,MM,MM,1024.9,9.8,9.5,9.2,MM,MM,MM
2026,02,04,05,30,80,9.0,11.0,MM,MM,MM,MM,1025.0,9.9,9.5,9.2,MM,MM,MM
2026,02,04,05,20,80,8.0,10.0,2.0,10,7.3,245,1025.2,9.8,9.6,9.1,MM,MM,MM
2026,02,04,05,10,80,8.0,11.0,2.0,MM,7.3,245,1025.3,10.0,9.6,9.2,MM,MM,MM
2026,02,04,05,00,70,7.0,9.0,MM,MM,MM,MM,1025.6,10.0,9.6,9.1,MM,-0.0,MM
2026,02,04,04,50,80,5.0,7.0,1.9,11,7.2,240,1026.2,10.1,9.6,9.1,MM,MM,MM
2026,02,04,04,40,90,6.0,8.0,1.9,MM,7.2,240,1026.0,10.2,9.6,9.0,MM,MM,MM
2026,02,04,04,30,100,7.0,8.0,MM,MM,MM,MM,1025.6,10.4,9.6,9.1,MM,MM,MM
2026,02,04,04,20,100,8.0,10.0,1.9,11,7.5,241,1025.7,10.3,9.6,9.0,MM,MM,MM
2026,02,04,04,10,100,8.0,10.0,1.9,MM,7.5,241,1025.1,10.2,9.6,9.1,MM,MM,MM
2026,02,04,04,00,110,7.0,9.0,MM,MM,MM,MM,1025.2,10.1,9.6,9.1,MM,+0.5,MM
2026,02,04,03,50,120,7.0,9.0,1.6,11,6.0,261,1025.7,10.0,9.6,9.1,MM,MM,MM
2026,02,04,03,40,130,7.0,9.0,1.6,MM,6.0,261,1025.6,9.9,9.6,9.0,MM,MM,MM
2026,02,04,03,30,110,8.0,10.0,MM,MM,MM,MM,1025.6,9.9,9.6,9.1,MM,MM,MM
2026,02,04,03,20,110,8.0,11.0,1.8,11,6.0,239,1025.7,9.9,9.6,9.1,MM,MM,MM
2026,02,04,03,10,110,10.0,12.0,MM,MM,MM,MM,1024.9,9.8,9.6,9.0,MM,MM,MM
2026,02,04,03,00,110,10.0,12.0,MM,MM,MM,MM,1024.7,9.8,9.6,9.2,MM,-1.3,MM
2026,02,04,02,50,100,10.0,12.0,1.6,10,6.4,232,1025.0,9.7,9.6,9.2,MM,MM,MM
2026,02,04,02,40,100,10.0,12.0,1.6,MM,6.4,232,1024.7,9.6,9.6,9.1,MM,MM,MM
2026,02,04,02,30,110,9.0,11.0,MM,MM,MM,MM,1025.6,9.6,9.6,9.0,MM,MM,MM
2026,02,04,02,20,110,9.0,11.0,1.5,11,5.9,248,1025.7,9.7,9.6,9.1,MM,MM,MM
2026,02,04,02,10,110,9.0,11.0,1.5,MM,5.9,248,1025.8,9.6,9.6,9.0,MM,MM,MM
2026,02,04,02,00,100,9.0,11.0,MM,MM,MM,MM,1025.7,9.7,9.6,9.0,MM,-0.4,MM
2026,02,04,01,50,100,10.0,12.0,1.5,10,6.0,240,1025.4,9.8,9.6,8.9,MM,MM,MM
2026,02,04,01,40,100,10.0,12.0,MM,MM,MM,MM,1025.3,9.8,9.6,8.9,MM,MM,MM
2026,02,04,01,30,100,11.0,12.0,MM,MM,MM,MM,1025.0,9.8,9.6,9.0,MM,MM,MM
2026,02,04,01,20,90,10.0,13.0,1.5,12,6.1,236,1024.9,9.7,9.6,9.0,MM,MM,MM
2026,02,04,01,10,90,10.0,12.0,1.5,MM,6.1,236,1024.8,9.7,9.6,9.0,MM,MM,MM
2026,02,04,01,00,100,9.0,11.0,MM,MM,MM,MM,1025.1,9.7,9.6,9.1,MM,-1.3,MM
2026,02,04,00,50,100,9.0,10.0,1.5,10,6.7,241,1026.0,9.7,9.6,9.1,MM,MM,MM
2026,02,04,00,40,110,8.0,10.0,1.5,MM,6.7,241,1026.2,9.7,9.6,9.0,MM,MM,MM
2026,02,04,00,30,110,8.0,10.0,MM,MM,MM,MM,1026.2,9.8,9.6,9.1,MM,MM,MM
2026,02,04,00,20,100,8.0,10.0,1.7,11,6.8,242,1026.5,9.8,9.6,9.1,MM,MM,MM
2026,02,04,00,10,100,8.0,9.0,1.7,MM,6.8,242,1026.5,9.8,9.6,9.0,MM,MM,MM
2026,02,04,00,00,110,8.0,10.0,MM,MM,MM,MM,1026.5,9.8,9.6,9.1,MM,+0.0,MM
2026,02,03,23,50,100,8.0,10.0,1.7,10,7.0,243,1026.4,9.8,9.6,9.2,MM,MM,MM
2026,02,03,23,40,100,9.0,11.0,1.7,MM,7.0,243,1026.0,9.8,9.6,9.1,MM,MM,MM
2026,02,03,23,10,100,8.0,10.0,1.6,MM,6.6,244,1026.3,9.8,9.6,9.1,MM,MM,MM
2026,02,03,23,00,100,9.0,10.0,MM,MM,MM,MM,1026.2,9.8,9.6,9.1,MM,-0.5,MM
2026,02,03,22,50,100,8.0,10.0,1.7,10,7.0,238,1026.4,9.7,9.6,9.2,MM,MM,MM
2026,02,03,22,40,100,8.0,10.0,MM,MM,MM,MM,1026.3,9.7,9.6,9.2,MM,MM,MM
2026,02,03,22,30,100,8.0,10.0,MM,MM,MM,MM,1026.2,9.6,9.6,9.1,MM,MM,MM
2026,02,03,22,20,100,8.0,10.0,2.0,10,7.4,242,1026.1,9.6,9.6,9.1,MM,MM,MM
2026,02,03,22,10,100,8.0,10.0,2.0,MM,7.4,242,1026.0,9.6,9.6,9.2,MM,MM,MM
2026,02,03,22,00,100,8.0,10.0,MM,MM,MM,MM,1026.2,9.6,9.6,9.3,MM,-0.3,MM
2026,02,03,21,50,100,8.0,10.0,1.8,11,6.6,241,1026.1,9.6,9.6,9.3,MM,MM,MM
2026,02,03,21,40,100,8.0,10.0,MM,MM,MM,MM,1026.2,9.6,9.6,9.4,MM,MM,MM
2026,02,03,21,30,100,8.0,10.0,MM,MM,MM,MM,1026.0,9.6,9.6,9.3,MM,MM,MM
2026,02,03,21,20,100,9.0,11.0,1.9,11,6.8,234,1026.2,9.7,9.6,9.3,MM,MM,MM
2026,02,03,21,10,100,9.0,10.0,1.9,MM,6.8,234,1026.3,9.7,9.6,9.3,MM,MM,MM
2026,02,03,21,00,100,9.0,10.0,MM,MM,MM,MM,1026.4,9.7,9.6,9.3,MM,+0.0,MM
2026,02,03,20,50,100,9.0,10.0,1.8,10,6.5,231,1026.5,9.7,9.6,9.3,MM,MM,MM
2026,02,03,20,40,110,9.0,10.0,1.8,MM,6.5,231,1026.5,9.8,9.6,9.4,MM,MM,MM
2026,02,03,20,30,110,9.0,10.0,MM,MM,MM,MM,1026.7,9.8,9.6,9.5,MM,MM,MM
2026,02,03,20,20,110,9.0,11.0,1.8,11,6.4,250,1026.7,9.7,9.6,9.4,MM,MM,MM
2026,02,03,20,10,110,8.0,10.0,1.8,MM,6.4,250,1026.8,9.8,9.6,9.5,MM,MM,MM
2026,02,03,20,00,110,8.0,10.0,MM,MM,MM,MM,1026.7,9.8,9.6,9.5,MM,+0.9,MM
2026,02,03,19,50,110,8.0,11.0,1.9,11,6.6,254,1026.8,9.6,9.5,9.4,MM,MM,MM
2026,02,03,19,40,100,8.0,10.0,1.9,MM,6.6,254,1026.9,9.6,9.5,9.4,MM,MM,MM
2026,02,03,19,30,100,8.0,10.0,MM,MM,MM,MM,1026.9,9.7,9.5,9.4,MM,MM,MM
2026,02,03,19,20,110,8.0,10.0,1.7,11,6.1,245,1026.9,9.7,9.5,9.5,MM,MM,MM
2026,02,03,19,10,110,9.0,11.0,1.7,MM,6.1,245,1026.7,9.7,9.5,9.5,MM,MM,MM
2026,02,03,19,00,110,10.0,12.0,MM,MM,MM,MM,1026.7,9.6,9.6,9.4,MM,+0.9,MM
2026,02,03,18,50,110,10.0,13.0,1.8,MM,5.7,242,1026.6,9.6,9.6,9.5,MM,MM,MM
2026,02,03,18,40,MM,MM,MM,1.8,11,5.7,242,MM,MM,MM,MM,MM,MM,MM
2026,02,03,18,30,120,10.0,12.0,MM,MM,MM,MM,1026.7,9.7,9.6,9.5,MM,MM,MM
2026,02,03,18,20,120,10.0,13.0,1.9,11,5.8,249,1026.4,9.7,9.6,9.3,MM,MM,MM
2026,02,03,18,10,120,11.0,13.0,1.9,MM,5.8,249,1026.4,9.8,9.6,9.3,MM,MM,MM
2026,02,03,18,00,120,10.0,12.0,MM,MM,MM,MM,1026.5,9.8,9.6,9.2,MM,+0.5,MM
2026,02,03,17,50,130,11.0,13.0,2.0,12,5.9,232,1026.5,9.8,9.6,9.2,MM,MM,MM
2026,02,03,17,40,120,10.0,13.0,MM,MM,MM,MM,1026.3,9.7,9.6,9.1,MM,MM,MM
2026,02,03,17,30,110,10.0,12.0,MM,MM,MM,MM,1026.1,9.8,9.5,9.3,MM,MM,MM
2026,02,03,17,20,110,10.0,12.0,1.9,11,6.3,250,1026.1,9.7,9.5,9.2,MM,MM,MM
2026,02,03,17,10,110,10.0,12.0,1.9,MM,6.3,250,1025.9,9.8,9.5,9.4,MM,MM,MM
2026,02,03,17,00,110,10.0,12.0,MM,MM,MM,MM,1025.9,9.8,9.5,9.3,MM,-0.5,MM
2026,02,03,16,50,110,10.0,12.0,1.9,12,6.1,261,1025.8,9.8,9.5,9.3,MM,MM,MM
2026,02,03,16,40,110,10.0,12.0,1.9,MM,6.1,261,1025.8,9.8,9.5,9.4,MM,MM,MM
2026,02,03,16,30,110,10.0,12.0,MM,MM,MM,MM,1025.7,9.8,9.5,9.4,MM,MM,MM
2026,02,03,16,20,110,9.0,12.0,2.0,11,6.4,260,1025.9,9.8,9.5,9.3,MM,MM,MM
2026,02,03,16,10,120,11.0,13.0,2.0,MM,6.4,260,1025.7,9.8,9.5,9.2,MM,MM,MM
2026,02,03,16,00,120,10.0,12.0,MM,MM,MM,MM,1025.8,9.9,9.5,9.2,MM,-0.3,MM
2026,02,03,15,50,120,10.0,13.0,2.2,11,7.5,248,1025.9,9.9,9.5,9.2,MM,MM,MM
2026,02,03,15,40,120,11.0,13.0,MM,MM,MM,MM,1025.9,9.8,9.5,9.3,MM,MM,MM
2026,02,03,15,30,120,10.0,12.0,MM,MM,MM,MM,1025.8,9.8,9.5,9.5,MM,MM,MM
2026,02,03,15,20,120,10.0,13.0,2.1,11,7.2,237,1026.2,9.9,9.5,9.6,MM,MM,MM
2026,02,03,15,10,120,10.0,13.0,MM,MM,MM,MM,1026.1,9.9,9.5,9.5,MM,MM,MM
2026,02,03,15,00,120,10.0,12.0,MM,MM,MM,MM,1025.8,9.9,9.5,9.6,MM,-0.3,MM
2026,02,03,14,50,120,10.0,12.0,2.1,11,7.1,250,1026.0,9.8,9.5,9.6,MM,MM,MM
2026,02,03,14,40,120,10.0,12.0,MM,MM,MM,MM,1025.9,9.8,9.5,9.7,MM,MM,MM
2026,02,03,14,30,120,10.0,12.0,MM,MM,MM,MM,1025.9,9.8,9.5,9.7,MM,MM,MM
2026,02,03,14,20,110,9.0,12.0,2.4,11,8.1,251,1025.8,9.7,9.5,9.7,MM,MM,MM
2026,02,03,14,10,110,9.0,11.0,2.4,MM,8.1,251,1026.1,9.7,9.5,9.6,MM,MM,MM
2026,02,03,14,00,110,9.0,12.0,MM,MM,MM,MM,1026.2,9.7,9.5,9.6,MM,-0.8,MM
2026,02,03,13,50,110,10.0,12.0,2.2,11,8.1,256,1025.9,9.7,9.5,9.7,MM,MM,MM
2026,02,03,13,40,110,9.0,11.0,MM,MM,MM,MM,1026.0,9.6,9.5,9.6,MM,MM,MM
2026,02,03,13,30,110,9.0,11.0,MM,MM,MM,MM,1026.2,9.6,9.5,9.6,MM,MM,MM
2026,02,03,13,20,110,9.0,11.0,2.1,11,8.1,256,1026.2,9.6,9.5,9.6,MM,MM,MM
2026,02,03,13,10,100,8.0,11.0,MM,MM,MM,MM,1026.0,9.5,9.5,9.5,MM,MM,MM
2026,02,03,13,00,100,8.0,10.0,MM,MM,MM,MM,1025.9,9.5,9.5,9.5,MM,-1.2,MM
2026,02,03,12,50,110,8.0,10.0,2.3,11,8.4,251,1026.0,9.5,9.5,9.5,MM,MM,MM
2026,02,03,12,40,110,9.0,11.0,MM,MM,MM,MM,1025.9,9.5,9.5,9.5,MM,MM,MM
2026,02,03,12,30,100,9.0,11.0,MM,MM,MM,MM,1025.9,9.4,9.5,9.4,MM,MM,MM
2026,02,03,12,20,100,10.0,12.0,2.4,12,8.7,256,1025.9,9.5,9.5,9.5,MM,MM,MM
2026,02,03,12,10,100,9.0,11.0,MM,MM,MM,MM,1026.0,9.5,9.5,9.5,MM,MM,MM
2026,02,03,12,00,100,9.0,11.0,MM,MM,MM,MM,1026.1,9.5,9.5,9.5,MM,-1.1,MM
2026,02,03,11,50,100,9.0,11.0,2.7,11,8.4,263,1026.3,9.5,9.5,9.5,MM,MM,MM
2026,02,03,11,40,100,8.0,11.0,MM,MM,MM,MM,1026.7,9.5,9.5,9.5,MM,MM,MM
2026,02,03,11,30,110,7.0,9.0,MM,MM,MM,MM,1027.1,9.5,9.5,9.5,MM,MM,MM
2026,02,03,11,20,110,7.0,8.0,2.9,11,8.6,253,1027.1,9.5,9.5,9.5,MM,MM,MM
2026,02,03,11,10,110,6.0,8.0,2.9,MM,8.6,253,1027.1,9.4,9.5,9.4,MM,MM,MM
2026,02,03,11,00,110,6.0,9.0,MM,MM,MM,MM,1027.0,9.4,9.5,9.4,MM,+0.3,MM
2026,02,03,10,50,110,7.0,8.0,2.7,12,8.1,257,1027.1,9.4,9.5,9.4,MM,MM,MM
2026,02,03,10,40,100,7.0,9.0,2.7,MM,8.1,257,1027.1,9.4,9.5,9.4,MM,MM,MM
2026,02,03,10,30,90,7.0,8.0,MM,MM,MM,MM,1027.0,9.4,9.5,9.4,MM,MM,MM
2026,02,03,10,20,90,7.0,8.0,2.8,10,8.4,253,1027.2,9.4,9.5,9.4,MM,MM,MM
2026,02,03,10,10,90,6.0,8.0,MM,MM,MM,MM,1027.1,9.4,9.5,9.4,MM,MM,MM
2026,02,03,10,00,100,6.0,8.0,MM,MM,MM,MM,1027.1,9.4,9.5,9.4,MM,+1.1,MM
2026,02,03,09,50,100,6.0,8.0,3.1,12,8.3,254,1027.1,9.4,9.5,9.4,MM,MM,MM
2026,02,03,09,40,100,6.0,7.0,MM,MM,MM,MM,1027.0,9.4,9.5,9.4,MM,MM,MM
2026,02,03,09,30,100,5.0,7.0,MM,MM,MM,MM,1026.9,9.5,9.5,9.5,MM,MM,MM
2026,02,03,09,20,100,5.0,7.0,3.1,12,8.1,258,1026.9,9.5,9.5,9.5,MM,MM,MM
2026,02,03,09,10,90,5.0,6.0,3.1,MM,8.1,258,1027.0,9.5,9.5,9.5,MM,MM,MM
2026,02,03,09,00,100,4.0,6.0,MM,MM,MM,MM,1027.1,9.5,9.5,9.5,MM,+0.6,MM
2026,02,03,08,50,100,4.0,6.0,3.0,11,8.3,254,1027.2,9.5,9.5,9.5,MM,MM,MM
2026,02,03,08,40,90,4.0,6.0,MM,MM,MM,MM,1027.1,9.5,9.5,9.5,MM,MM,MM
2026,02,03,08,30,90,4.0,6.0,MM,MM,MM,MM,1026.9,9.5,9.5,9.5,MM,MM,MM
2026,02,03,08,20,90,4.0,6.0,2.7,11,8.5,261,1026.8,9.5,9.5,9.5,MM,MM,MM
2026,02,03,08,10,90,5.0,6.0,MM,MM,MM,MM,1026.6,9.6,9.5,9.6,MM,MM,MM
2026,02,03,08,00,90,5.0,8.0,MM,MM,MM,MM,1026.6,9.6,9.5,9.6,MM,+0.4,MM
2026,02,03,07,50,100,5.0,7.0,2.8,12,8.7,254,1026.5,9.6,9.5,9.6,MM,MM,MM
2026,02,03,07,40,100,6.0,7.0,2.8,MM,8.7,254,1026.5,9.6,9.5,9.6,MM,MM,MM
2026,02,03,07,30,110,6.0,8.0,MM,MM,MM,MM,1026.5,9.6,9.5,9.6,MM,MM,MM
2026,02,03,07,20,110,6.0,8.0,2.8,11,8.6,245,1026.2,9.6,9.5,9.6,MM,MM,MM
2026,02,03,07,10,110,6.0,8.0,2.8,MM,8.6,245,1026.1,9.5,9.5,9.5,MM,MM,MM
2026,02,03,07,00,110,7.0,9.0,MM,MM,MM,MM,1026.0,9.4,9.5,9.4,MM,+0.6,MM
2026,02,03,06,50,110,6.0,9.0,2.9,12,8.7,254,1025.6,9.3,9.5,9.3,MM,MM,MM
2026,02,03,06,40,110,6.0,8.0,MM,MM,MM,MM,1025.7,9.2,9.5,9.2,MM,MM,MM
2026,02,03,06,30,120,6.0,8.0,MM,MM,MM,MM,1026.0,9.2,9.5,9.2,MM,MM,MM
2026,02,03,06,20,120,7.0,8.0,2.6,11,8.3,243,1026.3,9.3,9.5,9.3,MM,MM,MM
2026,02,03,06,10,130,7.0,8.0,MM,MM,MM,MM,1026.3,9.3,9.5,9.3,MM,MM,MM
2026,02,03,06,00,120,6.0,8.0,MM,MM,MM,MM,1026.3,9.3,MM,9.3,MM,+1.6,MM
2026,02,03,05,50,120,6.0,9.0,3.1,12,8.9,253,1026.5,9.2,9.5,9.2,MM,MM,MM
2026,02,03,05,40,120,7.0,9.0,3.1,MM,8.9,253,1026.4,9.1,9.5,9.1,MM,MM,MM
2026,02,03,05,30,120,7.0,9.0,MM,MM,MM,MM,1026.3,9.0,9.5,9.0,MM,MM,MM
2026,02,03,05,20,110,7.0,8.0,2.8,13,9.0,241,1026.3,9.0,9.5,9.0,MM,MM,MM
2026,02,03,05,10,120,6.0,8.0,MM,MM,MM,MM,1026.2,9.1,9.5,9.1,MM,MM,MM
2026,02,03,05,00,120,6.0,8.0,MM,MM,MM,MM,1026.2,9.1,9.5,9.1,MM,+2.2,MM
2026,02,03,04,50,110,6.0,8.0,3.0,13,9.0,247,1025.9,9.0,9.5,9.0,MM,MM,MM
2026,02,03,04,40,110,7.0,9.0,MM,MM,MM,MM,1025.7,9.0,9.5,9.0,MM,MM,MM
2026,02,03,04,30,110,6.0,8.0,MM,MM,MM,MM,1025.4,9.1,9.5,9.1,MM,MM,MM
2026,02,03,04,20,120,6.0,7.0,2.7,13,9.0,241,1025.5,9.2,9.5,9.2,MM,MM,MM
2026,02,03,04,10,130,5.0,7.0,2.7,MM,9.0,241,1025.6,9.3,9.4,9.3,MM,MM,MM
2026,02,03,04,00,120,5.0,7.0,MM,MM,MM,MM,1025.3,9.2,9.4,9.2,MM,+1.9,MM
2026,02,03,03,50,120,6.0,8.0,2.5,14,8.7,245,1025.1,9.2,9.4,9.2,MM,MM,MM
2026,02,03,03,40,120,7.0,8.0,MM,MM,MM,MM,1025.0,9.1,9.4,9.1,MM,MM,MM
2026,02,03,03,30,120,6.0,8.0,MM,MM,MM,MM,1024.9,9.1,9.4,9.1,MM,MM,MM
2026,02,03,03,20,120,7.0,8.0,2.4,14,8.7,247,1024.7,9.1,9.4,9.1,MM,MM,MM
2026,02,03,03,10,120,7.0,9.0,2.4,MM,8.7,247,1024.7,9.1,9.4,9.1,MM,MM,MM
2026,02,03,03,00,130,6.0,8.0,MM,MM,MM,MM,1024.9,9.1,9.4,9.1,MM,+2.0,MM
2026,02,03,02,50,130,6.0,8.0,2.5,14,8.8,249,1024.9,9.1,9.4,9.1,MM,MM,MM
2026,02,03,02,40,120,7.0,8.0,MM,MM,MM,MM,1024.7,9.0,9.4,9.0,MM,MM,MM
2026,02,03,02,30,120,6.0,8.0,MM,MM,MM,MM,1024.7,9.1,9.4,9.1,MM,MM,MM
2026,02,03,02,20,120,6.0,8.0,2.8,14,9.3,256,1024.4,9.1,9.4,9.1,MM,MM,MM
2026,02,03,02,10,120,6.0,9.0,2.8,MM,9.3,256,1024.4,9.1,9.4,9.1,MM,MM,MM
2026,02,03,02,00,120,6.0,8.0,MM,MM,MM,MM,1024.2,9.2,9.4,9.2,MM,+1.9,MM
2026,02,03,01,50,120,6.0,8.0,2.6,11,9.2,246,1024.1,9.1,9.4,9.1,MM,MM,MM
2026,02,03,01,40,120,6.0,7.0,MM,MM,MM,MM,1023.8,9.1,9.4,9.1,MM,MM,MM
2026,02,03,01,30,110,6.0,8.0,MM,MM,MM,MM,1023.6,9.2,9.4,9.2,MM,MM,MM
2026,02,03,01,20,110,5.0,7.0,2.9,14,9.4,253,1023.5,9.2,9.4,9.2,MM,MM,MM
2026,02,03,01,10,110,5.0,7.0,MM,MM,MM,MM,1023.4,9.3,9.4,9.3,MM,MM,MM
2026,02,03,01,00,100,5.0,7.0,MM,MM,MM,MM,1023.3,9.3,9.4,9.3,MM,+2.3,MM
2026,02,03,00,50,100,4.0,6.0,3.0,14,8.9,248,1023.3,9.3,9.4,9.3,MM,MM,MM
2026,02,03,00,40,110,5.0,6.0,3.0,MM,8.9,248,1023.2,9.2,9.4,9.2,MM,MM,MM
2026,02,03,00,30,110,5.0,6.0,MM,MM,MM,MM,1023.2,9.2,9.4,9.2,MM,MM,MM
2026,02,03,00,20,110,5.0,7.0,3.2,14,9.5,255,1023.1,9.2,9.4,9.2,MM,MM,MM
2026,02,03,00,10,110,5.0,6.0,3.2,MM,9.5,255,1023.1,9.2,9.4,9.2,MM,MM,MM
2026,02,03,00,00,110,5.0,6.0,MM,MM,MM,MM,1022.9,9.2,9.4,9.2,MM,+1.7,MM
2026,02,02,23,50,110,5.0,6.0,2.8,14,8.9,254,1022.7,9.2,9.4,9.2,MM,MM,MM
2026,02,02,23,40,110,4.0,6.0,MM,MM,MM,MM,1022.7,9.2,9.4,9.2,MM,MM,MM
2026,02,02,23,20,110,4.0,5.0,2.9,11,8.7,250,1022.4,9.2,9.4,9.2,MM,MM,MM
2026,02,02,23,10,120,4.0,6.0,2.9,MM,8.7,250,1022.3,9.2,9.4,9.2,MM,MM,MM
2026,02,02,23,00,110,4.0,6.0,MM,MM,MM,MM,1022.1,9.1,9.4,9.1,MM,+0.9,MM
2026,02,02,22,50,120,3.0,5.0,2.8,14,8.8,252,1021.9,9.0,9.4,9.0,MM,MM,MM
2026,02,02,22,40,110,4.0,7.0,2.8,MM,8.8,252,1021.7,8.9,9.5,8.9,MM,MM,MM
2026,02,02,22,30,90,5.0,7.0,MM,MM,MM,MM,1021.6,8.9,9.5,8.9,MM,MM,MM
2026,02,02,22,20,90,6.0,8.0,3.1,14,8.4,251,1021.6,8.9,9.6,8.9,MM,MM,MM
2026,02,02,22,10,90,6.0,7.0,3.1,MM,8.4,251,1021.3,8.8,9.5,8.8,MM,MM,MM
2026,02,02,22,00,90,6.0,8.0,MM,MM,MM,MM,1021.3,8.7,9.5,8.7,MM,+0.6,MM
2026,02,02,21,50,80,6.0,8.0,3.3,12,8.2,242,1021.2,8.7,9.5,8.7,MM,MM,MM
2026,02,02,21,40,80,6.0,8.0,MM,MM,MM,MM,1021.3,8.6,9.5,8.6,MM,MM,MM
2026,02,02,21,30,80,6.0,8.0,MM,MM,MM,MM,1021.5,8.5,9.5,8.5,MM,MM,MM
2026,02,02,21,20,90,6.0,8.0,3.0,15,8.4,238,1021.5,8.4,9.5,8.4,MM,MM,MM
2026,02,02,21,10,80,6.0,7.0,MM,MM,MM,MM,1021.4,8.4,9.5,8.4,MM,MM,MM
2026,02,02,21,00,90,6.0,8.0,MM,MM,MM,MM,1021.3,8.4,9.5,8.4,MM,+1.4,MM
2026,02,02,20,50,100,6.0,8.0,3.2,14,8.4,253,1021.3,8.4,9.5,8.4,MM,MM,MM
2026,02,02,20,40,90,6.0,8.0,3.2,MM,8.4,253,1021.2,8.4,9.5,8.4,MM,MM,MM
2026,02,02,20,30,90,7.0,9.0,MM,MM,MM,MM,1021.2,8.2,9.5,8.2,MM,MM,MM
2026,02,02,20,20,90,7.0,9.0,3.4,14,8.8,258,1021.2,8.2,9.5,8.2,MM,MM,MM
2026,02,02,20,10,90,7.0,9.0,3.4,MM,8.8,258,1021.1,8.1,9.5,8.1,MM,MM,MM
2026,02,02,20,00,90,7.0,9.0,MM,MM,MM,MM,1021.3,8.1,9.5,8.1,MM,+2.0,MM
2026,02,02,19,50,90,7.0,9.0,3.2,14,8.4,250,1021.3,8.1,9.5,8.1,MM,MM,MM
2026,02,02,19,40,90,7.0,9.0,MM,MM,MM,MM,1021.1,8.3,9.4,8.3,MM,MM,MM
2026,02,02,19,30,100,7.0,9.0,MM,MM,MM,MM,1021.0,8.5,9.4,8.5,MM,MM,MM
2026,02,02,19,20,110,7.0,9.0,3.4,14,8.7,250,1020.8,8.5,9.4,8.5,MM,MM,MM
2026,02,02,19,10,110,7.0,9.0,3.4,MM,8.7,250,1020.6,8.5,9.4,8.5,MM,MM,MM
2026,02,02,19,00,110,7.0,9.0,MM,MM,MM,MM,1020.6,8.4,9.4,8.4,MM,+1.6,MM
2026,02,02,18,50,110,7.0,9.0,3.4,14,8.7,242,1020.5,8.4,9.4,8.4,MM,MM,MM
2026,02,02,18,40,120,8.0,9.0,MM,MM,MM,MM,1020.3,8.4,9.4,8.4,MM,MM,MM
2026,02,02,18,30,120,8.0,10.0,MM,MM,MM,MM,1020.2,8.4,9.4,8.4,MM,MM,MM
2026,02,02,18,20,110,8.0,10.0,3.2,14,8.8,251,1020.1,8.4,9.4,8.4,MM,MM,MM
2026,02,02,18,10,110,8.0,10.0,3.2,MM,8.8,251,1020.1,8.2,9.4,8.2,MM,MM,MM
2026,02,02,18,00,110,8.0,10.0,MM,MM,MM,MM,1019.9,8.2,9.4,8.2,MM,+1.1,MM
2026,02,02,17,50,110,8.0,10.0,3.2,14,8.8,249,1019.8,8.2,9.4,8.2,MM,MM,MM
2026,02,02,17,40,110,8.0,10.0,3.2,MM,8.8,249,1019.7,8.2,9.4,8.2,MM,MM,MM
2026,02,02,17,30,110,8.0,10.0,MM,MM,MM,MM,1019.5,8.2,9.4,8.2,MM,MM,MM
2026,02,02,17,20,100,9.0,11.0,2.9,14,7.9,254,1019.4,8.2,9.4,8.0,MM,MM,MM
2026,02,02,17,10,100,9.0,11.0,2.9,MM,7.9,254,1019.4,8.3,9.4,7.8,MM,MM,MM
2026,02,02,17,00,100,9.0,12.0,MM,MM,MM,MM,1019.3,8.3,9.4,7.6,MM,-0.0,MM
2026,02,02,16,50,100,9.0,12.0,2.9,15,8.0,261,1019.4,8.4,9.4,7.6,MM,MM,MM
2026,02,02,16,40,100,9.0,12.0,MM,MM,MM,MM,1019.3,8.4,9.4,7.5,MM,MM,MM
2026,02,02,16,30,100,9.0,12.0,MM,MM,MM,MM,1019.3,8.5,9.4,7.6,MM,MM,MM
2026,02,02,16,20,90,10.0,12.0,2.5,14,7.3,243,1019.2,8.5,9.4,7.6,MM,MM,MM
2026,02,02,16,10,90,10.0,13.0,2.5,MM,7.3,243,1019.1,8.5,9.4,7.6,MM,MM,MM
2026,02,02,16,00,90,10.0,13.0,MM,MM,MM,MM,1019.0,8.6,9.4,7.8,MM,-0.5,MM
2026,02,02,15,50,90,10.0,12.0,2.7,14,8.3,252,1018.9,8.6,9.4,7.7,MM,MM,MM
2026,02,02,15,40,80,10.0,13.0,MM,MM,MM,MM,1018.9,8.6,9.4,7.8,MM,MM,MM
2026,02,02,15,30,90,10.0,13.0,MM,MM,MM,MM,1018.7,8.8,9.4,7.9,MM,MM,MM
2026,02,02,15,20,90,10.0,13.0,2.5,15,8.2,253,1018.8,8.8,9.4,8.0,MM,MM,MM
2026,02,02,15,10,90,10.0,12.0,MM,MM,MM,MM,1018.6,8.8,9.5,8.3,MM,MM,MM
2026,02,02,15,00,90,9.0,12.0,MM,MM,MM,MM,1018.9,8.9,9.5,8.7,MM,-1.6,MM
2026,02,02,14,50,100,9.0,11.0,2.9,14,8.7,246,1018.9,8.9,9.5,8.7,MM,MM,MM
2026,02,02,14,40,100,9.0,11.0,2.9,MM,8.7,246,1018.9,9.0,9.5,8.8,MM,MM,MM
2026,02,02,14,30,100,9.0,11.0,MM,MM,MM,MM,1019.0,9.1,9.5,8.8,MM,MM,MM
2026,02,02,14,20,100,8.0,11.0,2.8,15,9.0,242,1019.0,9.1,9.5,8.7,MM,MM,MM
2026,02,02,14,10,100,9.0,11.0,2.8,MM,9.0,242,1019.1,9.2,9.5,8.4,MM,MM,MM
2026,02,02,14,00,100,9.0,12.0,MM,MM,MM,MM,1019.3,9.2,9.5,8.5,MM,-1.5,MM
2026,02,02,13,50,100,10.0,12.0,3.1,15,9.5,252,1019.2,9.1,9.6,8.7,MM,MM,MM
2026,02,02,13,40,100,9.0,12.0,MM,MM,MM,MM,1019.2,9.1,9.7,9.0,MM,MM,MM
2026,02,02,13,30,100,9.0,12.0,MM,MM,MM,MM,1019.2,9.1,9.7,9.1,MM,MM,MM
2026,02,02,13,20,100,9.0,12.0,3.4,15,9.6,244,1019.4,9.1,9.7,9.1,MM,MM,MM
2026,02,02,13,10,110,8.0,11.0,MM,MM,MM,MM,1019.5,9.1,9.7,9.0,MM,MM,MM
2026,02,02,13,00,100,7.0,11.0,MM,MM,MM,MM,1019.6,9.2,9.7,9.1,MM,-1.8,MM
2026,02,02,12,50,110,6.0,7.0,2.9,15,8.8,249,1019.9,9.3,9.7,9.2,MM,MM,MM
2026,02,02,12,40,110,6.0,8.0,MM,MM,MM,MM,1020.0,9.4,9.7,9.1,MM,MM,MM
2026,02,02,12,30,120,6.0,9.0,MM,MM,MM,MM,1020.1,9.5,9.7,8.9,MM,MM,MM
2026,02,02,12,20,140,5.0,8.0,3.2,14,9.6,242,1020.2,9.7,9.7,8.9,MM,MM,MM
2026,02,02,12,10,140,5.0,8.0,MM,MM,MM,MM,1020.2,9.9,9.6,8.9,MM,MM,MM
2026,02,02,12,00,130,5.0,9.0,MM,MM,MM,MM,1020.2,9.9,9.6,8.9,MM,-0.9,MM
2026,02,02,11,50,130,5.0,7.0,3.1,15,9.6,248,1020.3,10.1,9.6,8.8,MM,MM,MM
2026,02,02,11,40,140,5.0,8.0,MM,MM,MM,MM,1020.4,10.1,9.6,8.7,MM,MM,MM
2026,02,02,11,30,140,6.0,7.0,MM,MM,MM,MM,1020.3,10.1,9.6,8.7,MM,MM,MM
2026,02,02,11,20,130,5.0,6.0,3.6,15,9.7,249,1020.3,10.0,9.7,8.7,MM,MM,MM
2026,02,02,11,10,130,5.0,7.0,MM,MM,MM,MM,1020.4,10.3,9.7,8.5,MM,MM,MM
2026,02,02,11,00,130,6.0,8.0,MM,MM,MM,MM,1020.5,10.4,9.6,8.3,MM,-0.7,MM
2026,02,02,10,50,120,6.0,10.0,3.4,15,9.0,247,1020.5,10.3,9.6,8.4,MM,MM,MM
2026,02,02,10,40,120,5.0,7.0,3.4,MM,9.0,247,1020.6,10.2,9.6,8.6,MM,MM,MM
2026,02,02,10,30,120,5.0,7.0,MM,MM,MM,MM,1020.8,10.0,9.6,8.7,MM,MM,MM
2026,02,02,10,20,130,4.0,5.0,3.1,15,8.9,254,1021.1,10.0,9.7,8.9,MM,MM,MM
2026,02,02,10,10,120,4.0,5.0,MM,MM,MM,MM,1021.3,10.1,9.7,8.9,MM,MM,MM
2026,02,02,10,00,120,4.0,5.0,3.1,MM,8.9,254,1021.2,10.2,9.7,8.7,MM,+0.0,MM
2026,02,02,09,50,120,3.0,5.0,3.3,15,9.1,246,1020.9,10.2,9.7,8.9,MM,MM,MM
2026,02,02,09,40,110,4.0,5.0,3.3,MM,9.1,246,1020.8,10.2,9.7,8.9,MM,MM,MM
2026,02,02,09,30,120,4.0,7.0,MM,MM,MM,MM,1020.9,10.5,9.7,8.8,MM,MM,MM
2026,02,02,09,20,140,5.0,7.0,2.8,15,7.7,256,1021.1,10.5,9.7,8.8,MM,MM,MM
2026,02,02,09,10,130,4.0,6.0,2.8,MM,7.7,256,1021.2,10.2,9.7,9.0,MM,MM,MM
2026,02,02,09,00,120,4.0,6.0,MM,MM,MM,MM,1021.2,10.1,9.7,9.1,MM,+0.0,MM
2026,02,02,08,50,130,4.0,5.0,3.4,15,8.6,239,1021.3,10.1,9.7,9.2,MM,MM,MM
2026,02,02,08,40,130,4.0,6.0,3.4,MM,8.6,239,1021.3,10.1,9.7,9.4,MM,MM,MM
2026,02,02,08,30,130,4.0,6.0,MM,MM,MM,MM,1021.4,10.0,9.7,9.4,MM,MM,MM
2026,02,02,08,20,120,5.0,6.0,3.1,16,8.7,268,1021.3,10.0,9.7,9.4,MM,MM,MM
2026,02,02,08,10,130,5.0,6.0,MM,MM,MM,MM,1021.2,9.9,9.7,9.4,MM,MM,MM
2026,02,02,08,00,130,5.0,7.0,MM,MM,MM,MM,1021.3,9.8,9.7,9.4,MM,+0.0,MM
2026,02,02,07,50,110,5.0,7.0,3.0,16,8.8,243,1021.1,9.9,9.7,9.5,MM,MM,MM
2026,02,02,07,40,130,3.0,6.0,3.0,MM,8.8,243,1021.2,9.9,9.7,9.6,MM,MM,MM
2026,02,02,07,30,130,4.0,6.0,MM,MM,MM,MM,1021.5,9.9,9.7,9.5,MM,MM,MM
2026,02,02,07,20,120,4.0,6.0,2.9,11,8.8,233,1021.5,10.0,9.7,9.4,MM,MM,MM
2026,02,02,07,10,120,4.0,5.0,2.9,MM,8.8,233,1021.5,10.1,9.7,9.4,MM,MM,MM
2026,02,02,07,00,110,4.0,5.0,MM,MM,MM,MM,1021.5,10.3,9.7,9.3,MM,+0.3,MM
2026,02,02,06,50,140,5.0,6.0,2.9,11,8.8,228,1021.4,10.7,9.7,9.1,MM,MM,MM
2026,02,02,06,40,150,4.0,6.0,2.9,MM,8.8,228,1021.4,10.6,9.7,9.3,MM,MM,MM
2026,02,02,06,30,160,5.0,6.0,MM,MM,MM,MM,1021.5,10.7,9.7,9.4,MM,MM,MM
2026,02,02,06,20,170,6.0,8.0,2.8,11,8.8,240,1021.6,10.7,9.7,9.6,MM,MM,MM
2026,02,02,06,10,170,6.0,8.0,2.8,MM,8.8,240,1021.5,10.7,9.7,9.8,MM,MM,MM
2026,02,02,06,00,170,6.0,8.0,MM,MM,MM,MM,1021.4,10.6,9.7,9.9,MM,+0.7,MM
2026,02,02,05,50,170,6.0,8.0,2.8,11,9.1,233,1021.3,10.6,9.7,10.0,MM,MM,MM
2026,02,02,05,40,170,6.0,8.0,MM,MM,MM,MM,1021.3,10.6,9.7,10.1,MM,MM,MM
2026,02,02,05,30,170,6.0,8.0,MM,MM,MM,MM,1021.3,10.5,9.7,10.0,MM,MM,MM
2026,02,02,05,20,170,6.0,8.0,2.9,10,9.1,227,1021.3,10.5,9.7,10.0,MM,MM,MM
2026,02,02,05,10,170,6.0,7.0,2.9,MM,9.1,227,1021.4,10.5,9.7,10.0,MM,MM,MM
2026,02,02,05,00,180,6.0,8.0,MM,MM,MM,MM,1021.5,10.5,9.7,10.1,MM,+1.5,MM
2026,02,02,04,50,180,6.0,8.0,2.5,14,8.9,246,1021.5,10.5,9.7,10.1,MM,MM,MM
2026,02,02,04,40,180,6.0,7.0,MM,MM,MM,MM,1021.5,10.4,9.7,10.1,MM,MM,MM
2026,02,02,04,30,180,6.0,7.0,MM,MM,MM,MM,1021.4,10.4,9.7,10.1,MM,MM,MM
2026,02,02,04,20,180,6.0,7.0,2.8,11,9.3,240,1021.3,10.4,9.7,10.1,MM,MM,MM
2026,02,02,04,10,180,6.0,8.0,2.8,MM,9.3,240,1021.2,10.4,9.7,10.0,MM,MM,MM
2026,02,02,04,00,180,6.0,8.0,MM,MM,MM,MM,1021.3,10.4,9.7,10.0,MM,+2.2,MM
2026,02,02,03,50,180,6.0,8.0,2.3,11,8.7,238,1021.2,10.4,9.7,10.0,MM,MM,MM
2026,02,02,03,40,180,7.0,8.0,2.3,MM,8.7,238,1021.2,10.4,9.7,10.0,MM,MM,MM
2026,02,02,03,30,180,6.0,8.0,MM,MM,MM,MM,1021.1,10.4,9.7,10.0,MM,MM,MM
2026,02,02,03,20,180,7.0,8.0,2.8,12,9.4,235,1020.9,10.4,9.7,10.0,MM,MM,MM
2026,02,02,03,10,180,7.0,8.0,2.8,MM,9.4,235,1020.8,10.4,9.7,10.0,MM,MM,MM
2026,02,02,03,00,180,7.0,8.0,MM,MM,MM,MM,1020.7,10.4,9.7,10.0,MM,+2.4,MM
2026,02,02,02,50,190,6.0,9.0,2.4,12,9.1,248,1020.5,10.5,9.7,10.1,MM,MM,MM
2026,02,02,02,40,180,7.0,9.0,MM,MM,MM,MM,1020.3,10.4,9.7,10.1,MM,MM,MM
2026,02,02,02,30,180,6.0,8.0,MM,MM,MM,MM,1020.2,10.3,9.7,10.1,MM,MM,MM
2026,02,02,02,20,180,6.0,8.0,2.4,11,9.4,234,1020.2,10.3,9.7,10.1,MM,MM,MM
2026,02,02,02,10,180,6.0,8.0,2.4,MM,9.4,234,1019.9,10.3,9.6,10.1,MM,MM,MM
2026,02,02,02,00,190,6.0,8.0,MM,MM,MM,MM,1019.8,10.3,9.6,10.1,MM,+2.3,MM
2026,02,02,01,50,190,7.0,8.0,2.1,14,8.4,275,1019.7,10.3,9.6,10.1,MM,MM,MM
2026,02,02,01,40,190,6.0,8.0,MM,MM,MM,MM,1019.5,10.3,9.6,10.1,MM,MM,MM
2026,02,02,01,30,180,6.0,7.0,MM,MM,MM,MM,1019.4,10.3,9.6,10.1,MM,MM,MM
2026,02,02,01,20,180,6.0,7.0,2.0,11,8.2,249,1019.3,10.2,9.6,10.0,MM,MM,MM
2026,02,02,01,10,180,6.0,7.0,2.0,MM,8.2,249,1019.2,10.2,9.6,10.0,MM,MM,MM
2026,02,02,01,00,190,6.0,7.0,MM,MM,MM,MM,1019.1,10.2,9.6,10.1,MM,+2.0,MM
2026,02,02,00,50,190,6.0,7.0,2.2,14,8.2,252,1019.0,10.3,9.6,10.1,MM,MM,MM
2026,02,02,00,40,200,6.0,8.0,MM,MM,MM,MM,1018.8,10.4,9.6,10.2,MM,MM,MM
2026,02,02,00,30,200,7.0,8.0,MM,MM,MM,MM,1018.7,10.4,9.6,10.2,MM,MM,MM
2026,02,02,00,20,200,7.0,8.0,2.6,13,9.3,259,1018.5,10.3,9.6,10.1,MM,MM,MM
2026,02,02,00,10,200,6.0,8.0,2.6,MM,9.3,259,1018.4,10.3,9.6,10.1,MM,MM,MM
2026,02,02,00,00,200,7.0,8.0,MM,MM,MM,MM,1018.3,10.3,9.6,10.1,MM,+1.7,MM
2026,02,01,23,50,200,7.0,9.0,2.3,13,8.4,249,1018.2,10.3,9.6,10.1,MM,MM,MM
2026,02,01,23,40,200,7.0,8.0,2.3,MM,8.4,249,1018.0,10.2,9.6,10.1,MM,MM,MM
2026,02,01,23,20,200,6.0,7.0,2.4,11,8.4,226,1017.8,10.2,9.6,10.2,MM,MM,MM
2026,02,01,23,10,200,6.0,8.0,2.4,MM,8.4,226,1017.7,10.3,9.6,10.3,MM,MM,MM
2026,02,01,23,00,200,6.0,8.0,MM,MM,MM,MM,1017.7,10.3,9.6,10.2,MM,+1.7,MM
2026,02,01,22,50,200,6.0,8.0,2.3,11,8.4,229,1017.7,10.3,9.6,10.2,MM,MM,MM
2026,02,01,22,40,200,6.0,7.0,MM,MM,MM,MM,1017.4,10.2,9.6,10.2,MM,MM,MM
2026,02,01,22,30,200,5.0,6.0,MM,MM,MM,MM,1017.3,10.1,9.6,10.1,MM,MM,MM
2026,02,01,22,20,200,5.0,6.0,2.3,11,8.5,229,1017.2,10.1,9.6,10.1,MM,MM,MM
2026,02,01,22,10,190,5.0,6.0,2.3,MM,8.5,229,1017.0,10.1,9.7,10.1,MM,MM,MM
2026,02,01,22,00,190,5.0,6.0,MM,MM,MM,MM,1016.9,10.2,9.6,10.1,MM,+1.9,MM
2026,02,01,21,50,200,4.0,6.0,2.6,12,8.7,226,1016.9,10.2,9.6,10.1,MM,MM,MM
2026,02,01,21,40,200,5.0,6.0,MM,MM,MM,MM,1016.9,10.2,9.6,10.1,MM,MM,MM
2026,02,01,21,30,200,5.0,6.0,MM,MM,MM,MM,1016.9,10.2,9.6,10.1,MM,MM,MM
2026,02,01,21,20,200,5.0,7.0,2.5,11,8.0,220,1016.8,10.2,9.6,10.1,MM,MM,MM
2026,02,01,21,10,200,6.0,7.0,2.5,MM,8.0,220,1016.7,10.3,9.6,10.1,MM,MM,MM
2026,02,01,21,00,200,6.0,8.0,MM,MM,MM,MM,1016.6,10.3,9.6,10.2,MM,+2.4,MM
2026,02,01,20,50,200,6.0,8.0,2.9,12,8.6,239,1016.5,10.2,9.6,10.2,MM,MM,MM
2026,02,01,20,40,190,6.0,7.0,2.9,MM,8.6,239,1016.4,10.1,9.6,10.1,MM,MM,MM
2026,02,01,20,30,200,6.0,8.0,MM,MM,MM,MM,1016.2,10.2,9.7,10.2,MM,MM,MM
2026,02,01,20,20,200,7.0,8.0,2.9,11,8.6,224,1016.1,10.1,9.6,10.1,MM,MM,MM
2026,02,01,20,10,200,6.0,8.0,2.9,MM,8.6,224,1016.0,10.0,9.6,10.0,MM,MM,MM
2026,02,01,20,00,200,6.0,8.0,MM,MM,MM,MM,1015.9,9.9,9.6,9.9,MM,+2.4,MM
2026,02,01,19,50,190,6.0,8.0,2.7,12,8.8,238,1015.7,9.8,9.6,9.8,MM,MM,MM
2026,02,01,19,40,200,5.0,6.0,2.7,MM,8.8,238,1015.6,9.8,9.6,9.8,MM,MM,MM
2026,02,01,19,30,200,5.0,6.0,MM,MM,MM,MM,1015.4,9.8,9.6,9.8,MM,MM,MM
2026,02,01,19,20,200,5.0,7.0,2.8,11,8.8,232,1015.3,9.8,9.6,9.8,MM,MM,MM
2026,02,01,19,10,200,5.0,6.0,2.8,MM,8.8,232,1015.2,9.8,9.6,9.8,MM,MM,MM
2026,02,01,19,00,200,5.0,6.0,MM,MM,MM,MM,1015.1,9.8,9.6,9.8,MM,+2.3,MM
2026,02,01,18,50,200,4.0,6.0,2.8,MM,8.6,224,1014.9,9.8,9.6,9.8,MM,MM,MM
2026,02,01,18,40,MM,MM,MM,2.8,12,8.6,224,MM,MM,MM,MM,MM,MM,MM
2026,02,01,18,30,190,3.0,4.0,MM,MM,MM,MM,1014.6,9.8,9.6,9.8,MM,MM,MM
2026,02,01,18,20,190,2.0,4.0,2.8,13,8.9,240,1014.6,9.8,9.6,9.8,MM,MM,MM
2026,02,01,18,10,210,3.0,4.0,MM,MM,MM,MM,1014.4,9.8,9.6,9.8,MM,MM,MM
2026,02,01,18,00,230,3.0,4.0,MM,MM,MM,MM,1014.1,9.9,9.6,9.9,MM,+2.2,MM
2026,02,01,17,50,230,4.0,6.0,2.7,12,9.0,234,1013.9,9.9,9.5,9.9,MM,MM,MM
2026,02,01,17,40,220,5.0,6.0,2.7,MM,9.0,234,1013.9,9.9,9.5,9.9,MM,MM,MM
2026,02,01,17,30,220,4.0,6.0,MM,MM,MM,MM,1013.7,9.9,9.5,9.9,MM,MM,MM
2026,02,01,17,20,200,4.0,5.0,2.4,13,8.8,247,1013.5,9.9,9.6,9.9,MM,MM,MM
2026,02,01,17,10,200,4.0,5.0,2.4,MM,8.8,247,1013.4,9.9,9.6,9.9,MM,MM,MM
2026,02,01,17,00,190,4.0,5.0,MM,MM,MM,MM,1013.4,9.9,9.6,9.9,MM,+1.9,MM
2026,02,01,16,50,190,4.0,5.0,2.2,13,8.1,238,1013.5,9.9,9.6,9.9,MM,MM,MM
2026,02,01,16,40,190,4.0,5.0,2.2,MM,8.1,238,1013.3,9.9,9.6,9.9,MM,MM,MM
2026,02,01,16,30,180,4.0,5.0,MM,MM,MM,MM,1013.3,9.9,9.6,9.9,MM,MM,MM
2026,02,01,16,20,170,4.0,5.0,2.4,11,8.7,235,1013.1,10.0,9.6,10.0,MM,MM,MM
2026,02,01,16,10,150,4.0,5.0,2.4,MM,8.7,235,1013.0,9.8,9.6,9.8,MM,MM,MM
2026,02,01,16,00,120,5.0,6.0,MM,MM,MM,MM,1012.8,9.5,9.6,9.5,MM,+1.1,MM
2026,02,01,15,50,130,4.0,5.0,2.4,11,9.0,237,1012.5,9.7,9.6,9.7,MM,MM,MM
2026,02,01,15,40,150,4.0,5.0,MM,MM,MM,MM,1012.4,9.9,9.6,9.9,MM,MM,MM
2026,02,01,15,30,170,5.0,6.0,MM,MM,MM,MM,1012.2,10.0,9.5,10.0,MM,MM,MM
2026,02,01,15,20,170,4.0,6.0,2.1,11,8.2,243,1012.0,10.1,9.5,10.1,MM,MM,MM
2026,02,01,15,10,160,5.0,6.0,2.1,MM,8.2,243,1011.9,10.1,9.5,10.1,MM,MM,MM
2026,02,01,15,00,160,4.0,6.0,MM,MM,MM,MM,1011.9,10.0,9.5,9.9,MM,-0.0,MM
2026,02,01,14,50,150,4.0,5.0,2.2,11,8.2,234,1011.9,9.9,9.4,9.7,MM,MM,MM
2026,02,01,14,40,160,4.0,6.0,2.2,MM,8.2,234,1011.8,9.8,9.4,9.6,MM,MM,MM
2026,02,01,14,30,150,4.0,6.0,MM,MM,MM,MM,1011.8,9.8,9.4,9.6,MM,MM,MM
2026,02,01,14,20,140,4.0,6.0,2.0,11,7.9,238,1011.6,9.8,9.5,9.6,MM,MM,MM
2026,02,01,14,10,150,4.0,5.0,2.0,MM,7.9,238,1011.5,9.9,9.5,9.6,MM,MM,MM
2026,02,01,14,00,150,5.0,7.0,MM,MM,MM,MM,1011.6,9.9,9.4,9.5,MM,-0.6,MM
2026,02,01,13,50,150,3.0,6.0,2.3,11,7.8,239,1011.6,9.9,9.4,9.5,MM,MM,MM
2026,02,01,13,40,150,4.0,6.0,2.3,MM,7.8,239,1011.8,9.8,9.4,9.4,MM,MM,MM
2026,02,01,13,30,140,4.0,5.0,MM,MM,MM,MM,1011.7,9.6,9.4,9.3,MM,MM,MM
2026,02,01,13,20,140,4.0,6.0,2.3,12,7.9,248,1011.7,9.6,9.4,9.3,MM,MM,MM
2026,02,01,13,10,130,6.0,8.0,2.3,MM,7.9,248,1011.7,9.5,9.4,9.2,MM,MM,MM
2026,02,01,13,00,100,6.0,9.0,MM,MM,MM,MM,1011.7,9.3,9.4,9.1,MM,-0.9,MM
2026,02,01,12,50,90,6.0,9.0,1.9,11,7.9,238,1011.5,9.3,9.5,9.1,MM,MM,MM
2026,02,01,12,40,90,6.0,8.0,MM,MM,MM,MM,1011.5,9.4,9.5,9.3,MM,MM,MM
2026,02,01,12,30,100,6.0,8.0,MM,MM,MM,MM,1011.7,9.4,9.5,9.3,MM,MM,MM
2026,02,01,12,20,90,6.0,8.0,2.1,11,8.2,237,1011.8,9.4,9.5,9.3,MM,MM,MM
2026,02,01,12,10,80,5.0,7.0,2.1,MM,8.2,237,1011.9,9.5,9.5,9.4,MM,MM,MM
2026,02,01,12,00,110,5.0,7.0,MM,MM,MM,MM,1012.0,9.5,9.4,9.3,MM,-0.3,MM
2026,02,01,11,50,140,5.0,8.0,2.5,14,8.6,263,1012.1,9.4,9.4,9.1,MM,MM,MM
2026,02,01,11,40,120,5.0,7.0,MM,MM,MM,MM,1012.4,9.5,9.4,9.1,MM,MM,MM
2026,02,01,11,30,110,6.0,7.0,MM,MM,MM,MM,1012.0,9.5,9.5,9.2,MM,MM,MM
2026,02,01,11,20,100,6.0,8.0,2.1,11,8.0,237,1011.8,9.6,9.5,9.3,MM,MM,MM
2026,02,01,11,10,110,6.0,7.0,MM,MM,MM,MM,1012.1,9.5,9.5,9.2,MM,MM,MM
2026,02,01,11,00,110,5.0,7.0,MM,MM,MM,MM,1012.2,9.5,9.5,9.4,MM,-0.5,MM
2026,02,01,10,50,90,4.0,5.0,2.4,11,8.1,231,1012.3,9.7,9.5,9.6,MM,MM,MM
2026,02,01,10,40,110,4.0,5.0,2.4,MM,8.1,231,1012.5,9.6,9.5,9.4,MM,MM,MM
2026,02,01,10,30,110,4.0,6.0,MM,MM,MM,MM,1012.5,9.6,9.5,9.4,MM,MM,MM
2026,02,01,10,20,110,4.0,6.0,2.4,11,8.0,232,1012.5,9.7,9.5,9.6,MM,MM,MM
2026,02,01,10,10,130,5.0,6.0,MM,MM,MM,MM,1012.5,9.7,9.5,9.5,MM,MM,MM
2026,02,01,10,00,130,4.0,5.0,MM,MM,MM,MM,1012.5,9.7,9.5,9.6,MM,-0.4,MM
2026,02,01,09,50,140,4.0,6.0,2.7,11,8.6,238,1012.6,9.8,9.5,9.6,MM,MM,MM
2026,02,01,09,40,140,5.0,6.0,MM,MM,MM,MM,1012.6,9.8,9.5,9.6,MM,MM,MM
2026,02,01,09,30,120,4.0,6.0,MM,MM,MM,MM,1012.6,9.9,9.5,9.7,MM,MM,MM
2026,02,01,09,20,120,5.0,7.0,2.5,11,8.2,238,1012.2,9.9,9.5,9.7,MM,MM,MM
2026,02,01,09,10,120,5.0,6.0,2.5,MM,8.2,238,1012.4,9.9,9.5,9.7,MM,MM,MM
2026,02,01,09,00,110,5.0,7.0,MM,MM,MM,MM,1012.2,9.8,9.5,9.6,MM,-1.1,MM
2026,02,01,08,50,100,6.0,7.0,2.7,11,8.5,230,1012.3,9.8,9.5,9.6,MM,MM,MM
2026,02,01,08,40,100,7.0,9.0,2.7,MM,8.5,230,1012.3,9.8,9.5,9.6,MM,MM,MM
2026,02,01,08,30,110,6.0,8.0,MM,MM,MM,MM,1012.7,9.8,9.5,9.6,MM,MM,MM
2026,02,01,08,20,110,7.0,9.0,3.0,10,8.6,235,1012.7,9.8,9.5,9.6,MM,MM,MM
2026,02,01,08,10,110,6.0,10.0,3.0,MM,8.6,235,1012.9,9.7,9.5,9.6,MM,MM,MM
2026,02,01,08,00,100,7.0,10.0,MM,MM,MM,MM,1012.7,9.8,9.5,9.6,MM,-1.5,MM
2026,02,01,07,50,110,8.0,9.0,2.8,MM,7.9,228,1012.8,9.8,9.5,9.7,MM,MM,MM
2026,02,01,07,40,MM,MM,MM,2.8,11,7.9,228,MM,MM,MM,MM,MM,MM,MM
2026,02,01,07,30,100,7.0,9.0,MM,MM,MM,MM,1012.7,9.7,9.5,9.6,MM,MM,MM
2026,02,01,07,20,100,7.0,9.0,3.0,9,8.2,231,1012.9,9.7,9.5,9.7,MM,MM,MM
2026,02,01,07,10,100,7.0,9.0,MM,MM,MM,MM,1013.0,9.7,9.5,9.7,MM,MM,MM
2026,02,01,07,00,100,7.0,9.0,MM,MM,MM,MM,1013.1,9.6,9.5,9.6,MM,-2.1,MM
2026,02,01,06,50,110,6.0,8.0,3.2,11,8.4,234,1013.2,9.6,9.5,9.6,MM,MM,MM
2026,02,01,06,40,110,7.0,8.0,3.2,MM,8.4,234,1013.3,9.7,9.5,9.7,MM,MM,MM
2026,02,01,06,30,100,7.0,9.0,MM,MM,MM,MM,1013.2,9.6,9.5,9.6,MM,MM,MM
2026,02,01,06,20,100,8.0,9.0,3.0,11,8.5,234,1013.2,9.6,9.5,9.6,MM,MM,MM
2026,02,01,06,10,110,8.0,10.0,MM,MM,MM,MM,1013.3,9.6,9.4,9.5,MM,MM,MM
2026,02,01,06,00,110,8.0,10.0,MM,MM,MM,MM,1013.4,9.6,9.4,9.6,MM,-2.7,MM
2026,02,01,05,50,100,7.0,9.0,3.0,10,8.7,226,1013.5,9.6,9.4,9.5,MM,MM,MM
2026,02,01,05,40,100,6.0,8.0,MM,MM,MM,MM,1013.7,9.7,9.4,9.4,MM,MM,MM
2026,02,01,05,30,100,6.0,8.0,MM,MM,MM,MM,1014.1,9.8,9.4,9.5,MM,MM,MM
2026,02,01,05,20,110,6.0,8.0,2.6,11,8.3,222,1014.1,9.8,9.4,9.5,MM,MM,MM
2026,02,01,05,10,100,6.0,8.0,2.6,MM,8.3,222,1014.1,9.8,9.4,9.6,MM,MM,MM
2026,02,01,05,00,120,6.0,8.0,MM,MM,MM,MM,1014.2,9.7,9.5,9.6,MM,-1.8,MM
2026,02,01,04,50,120,6.0,8.0,2.9,11,8.3,231,1014.5,9.7,9.5,9.7,MM,MM,MM
2026,02,01,04,40,130,6.0,8.0,2.9,MM,8.3,231,1014.7,9.6,9.5,9.6,MM,MM,MM
2026,02,01,04,30,130,7.0,9.0,MM,MM,MM,MM,1014.8,9.6,9.5,9.6,MM,MM,MM
2026,02,01,04,20,140,7.0,9.0,2.7,11,8.3,226,1014.7,9.6,9.5,9.5,MM,MM,MM
2026,02,01,04,10,120,7.0,9.0,2.7,MM,8.3,226,1014.7,9.7,9.5,9.5,MM,MM,MM
2026,02,01,04,00,110,8.0,10.0,MM,MM,MM,MM,1014.9,9.7,9.5,9.4,MM,-2.0,MM
2026,02,01,03,50,90,7.0,9.0,2.6,11,8.1,219,1014.8,9.6,9.5,9.6,MM,MM,MM
2026,02,01,03,40,90,8.0,10.0,MM,MM,MM,MM,1015.0,9.6,9.5,9.6,MM,MM,MM
2026,02,01,03,30,90,7.0,10.0,MM,MM,MM,MM,1015.2,9.7,9.5,9.7,MM,MM,MM
2026,02,01,03,20,90,8.0,10.0,2.7,11,8.4,219,1015.5,9.7,9.5,9.7,MM,MM,MM
2026,02,01,03,10,100,8.0,10.0,2.7,MM,8.4,219,1015.8,9.7,9.5,9.7,MM,MM,MM
2026,02,01,03,00,100,8.0,10.0,MM,MM,MM,MM,1015.8,9.7,9.5,9.7,MM,-0.5,MM
2026,02,01,02,50,100,8.0,11.0,2.7,11,8.6,222,1016.0,9.8,9.5,9.8,MM,MM,MM
2026,02,01,02,40,100,8.0,10.0,2.7,MM,8.6,222,1016.2,9.8,9.5,9.8,MM,MM,MM
2026,02,01,02,30,100,7.0,9.0,MM,MM,MM,MM,1016.5,9.7,9.5,9.7,MM,MM,MM
2026,02,01,02,20,100,7.0,9.0,2.3,11,7.9,230,1016.7,9.8,9.5,9.7,MM,MM,MM
2026,02,01,02,10,90,7.0,10.0,MM,MM,MM,MM,1017.1,9.8,9.5,9.8,MM,MM,MM
2026,02,01,02,00,90,9.0,11.0,MM,MM,MM,MM,1016.0,9.8,9.5,9.8,MM,-0.8,MM
2026,02,01,01,50,90,7.0,9.0,1.9,11,7.4,225,1016.2,9.8,9.5,9.8,MM,MM,MM
2026,02,01,01,40,90,7.0,9.0,MM,MM,MM,MM,1016.5,9.8,9.5,9.8,MM,MM,MM
2026,02,01,01,30,100,8.0,11.0,MM,MM,MM,MM,1016.2,9.8,9.5,9.8,MM,MM,MM
2026,02,01,01,20,100,9.0,11.0,2.0,11,7.4,225,1016.3,9.9,9.5,9.8,MM,MM,MM
2026,02,01,01,10,110,8.0,10.0,2.0,MM,7.4,225,1016.9,9.9,9.5,9.8,MM,MM,MM
2026,02,01,01,00,100,9.0,11.0,MM,MM,MM,MM,1017.0,10.0,9.5,9.8,MM,-0.0,MM
2026,02,01,00,50,100,10.0,12.0,1.9,11,6.9,239,1016.2,10.1,9.4,9.8,MM,MM,MM
2026,02,01,00,40,110,10.0,13.0,1.9,MM,6.9,239,1016.3,10.1,9.4,9.8,MM,MM,MM
2026,02,01,00,30,100,10.0,12.0,MM,MM,MM,MM,1016.2,10.0,9.4,9.8,MM,MM,MM
2026,02,01,00,20,110,11.0,12.0,1.9,11,7.0,227,1016.4,10.0,9.4,9.8,MM,MM,MM
2026,02,01,00,10,110,10.0,13.0,1.9,MM,7.0,227,1016.7,9.9,9.4,9.8,MM,MM,MM
2026,02,01,00,00,110,10.0,13.0,MM,MM,MM,MM,1016.7,9.9,9.4,9.9,MM,-1.8,MM
2026,01,31,23,50,110,10.0,12.0,1.9,11,7.9,227,1016.9,9.9,9.4,9.9,MM,MM,MM
2026,01,31,23,40,110,10.0,12.0,MM,MM,MM,MM,1016.7,9.8,9.4,9.8,MM,MM,MM
2026,01,31,23,00,110,8.0,9.0,2.0,MM,8.3,236,1016.9,9.9,9.4,9.7,MM,-1.9,MM
2026,01,31,22,50,110,7.0,9.0,1.8,11,8.5,230,1017.0,9.8,9.4,9.7,MM,MM,MM
2026,01,31,22,40,110,7.0,9.0,MM,MM,MM,MM,1017.1,9.8,9.4,9.8,MM,MM,MM
2026,01,31,22,30,110,6.0,8.0,MM,MM,MM,MM,1017.0,9.8,9.4,9.8,MM,MM,MM
2026,01,31,22,20,100,7.0,8.0,1.8,11,8.4,236,1017.2,9.8,9.4,9.8,MM,MM,MM
2026,01,31,22,10,100,7.0,8.0,MM,MM,MM,MM,1017.2,9.8,9.4,9.8,MM,MM,MM
2026,01,31,22,00,100,7.0,8.0,MM,MM,MM,MM,1017.2,9.8,9.4,9.7,MM,-1.7,MM
2026,01,31,21,50,100,7.0,8.0,1.8,11,8.4,237,1017.5,9.8,9.4,9.8,MM,MM,MM
2026,01,31,21,40,100,6.0,8.0,MM,MM,MM,MM,1017.6,9.8,9.4,9.8,MM,MM,MM
2026,01,31,21,30,90,5.0,7.0,MM,MM,MM,MM,1017.9,9.8,9.5,9.8,MM,MM,MM
2026,01,31,21,20,110,5.0,6.0,2.0,11,8.5,222,1018.0,9.9,9.5,9.9,MM,MM,MM
2026,01,31,21,10,100,5.0,7.0,2.0,MM,8.5,222,1018.4,9.9,9.5,9.8,MM,MM,MM
2026,01,31,21,00,110,6.0,7.0,MM,MM,MM,MM,1018.3,9.9,9.5,9.8,MM,-1.1,MM
2026,01,31,20,50,110,6.0,7.0,1.7,11,7.6,254,1018.2,9.8,9.5,9.7,MM,MM,MM
2026,01,31,20,40,110,6.0,8.0,MM,MM,MM,MM,1018.2,9.9,9.5,9.8,MM,MM,MM
2026,01,31,20,30,110,6.0,7.0,MM,MM,MM,MM,1018.5,9.9,9.5,9.7,MM,MM,MM
2026,01,31,20,20,110,7.0,8.0,2.2,11,8.6,233,1018.5,9.9,9.5,9.7,MM,MM,MM
2026,01,31,20,10,110,7.0,9.0,MM,MM,MM,MM,1018.7,9.9,9.5,9.6,MM,MM,MM
2026,01,31,20,00,120,7.0,9.0,MM,MM,MM,MM,1018.7,10.0,9.4,9.6,MM,-0.7,MM
2026,01,31,19,50,130,6.0,8.0,2.2,11,8.2,252,1019.2,10.4,9.4,9.2,MM,MM,MM
2026,01,31,19,40,100,5.0,7.0,MM,MM,MM,MM,1019.2,11.0,9.4,8.9,MM,MM,MM
2026,01,31,19,30,90,5.0,6.0,MM,MM,MM,MM,1019.3,10.9,9.4,9.0,MM,MM,MM
2026,01,31,19,20,90,5.0,7.0,2.1,11,7.6,244,1019.3,10.5,9.4,9.2,MM,MM,MM
2026,01,31,19,10,90,6.0,8.0,2.1,MM,7.6,244,1019.2,9.9,9.4,9.7,MM,MM,MM
2026,01,31,19,00,90,7.0,9.0,MM,MM,MM,MM,1019.0,9.5,9.3,9.5,MM,-0.4,MM
2026,01,31,18,50,80,7.0,11.0,2.2,11,7.9,243,1019.1,9.5,9.3,9.5,MM,MM,MM
2026,01,31,18,40,90,6.0,9.0,MM,MM,MM,MM,1019.2,9.4,9.3,9.4,MM,MM,MM
2026,01,31,18,30,90,7.0,9.0,MM,MM,MM,MM,1019.2,9.5,9.3,9.5,MM,MM,MM
2026,01,31,18,20,90,7.0,9.0,2.3,11,8.0,236,1019.3,9.6,9.3,9.6,MM,MM,MM
2026,01,31,18,10,110,7.0,9.0,2.3,MM,8.0,236,1019.5,9.6,9.3,9.6,MM,MM,MM
2026,01,31,18,00,120,8.0,10.0,MM,MM,MM,MM,1019.5,9.6,9.3,9.6,MM,+0.4,MM
2026,01,31,17,50,130,8.0,10.0,1.8,11,7.1,235,1019.6,9.7,9.3,9.7,MM,MM,MM
2026,01,31,17,40,130,8.0,10.0,1.8,MM,7.1,235,1019.8,9.6,9.3,9.6,MM,MM,MM
2026,01,31,17,30,120,8.0,10.0,MM,MM,MM,MM,1019.4,9.6,9.3,9.6,MM,MM,MM
2026,01,31,17,20,130,7.0,10.0,2.0,11,7.6,245,1019.4,9.6,9.3,9.6,MM,MM,MM
2026,01,31,17,10,120,7.0,8.0,MM,MM,MM,MM,1019.5,9.6,9.3,9.6,MM,MM,MM
2026,01,31,17,00,120,6.0,8.0,MM,MM,MM,MM,1019.4,9.6,9.3,9.6,MM,-0.4,MM
2026,01,31,16,50,120,7.0,9.0,1.8,11,7.1,247,1019.4,9.6,9.3,9.6,MM,MM,MM
2026,01,31,16,40,130,7.0,9.0,1.8,MM,7.1,247,1019.3,9.7,9.3,9.7,MM,MM,MM
2026,01,31,16,30,120,7.0,9.0,MM,MM,MM,MM,1019.3,9.6,9.3,9.6,MM,MM,MM
2026,01,31,16,20,120,7.0,9.0,2.1,11,7.5,242,1019.1,9.6,9.3,9.6,MM,MM,MM
2026,01,31,16,10,120,8.0,9.0,MM,MM,MM,MM,1019.2,9.7,9.3,9.7,MM,MM,MM
2026,01,31,16,00,130,8.0,9.0,MM,MM,MM,MM,1019.4,9.7,9.3,9.7,MM,-1.0,MM
2026,01,31,15,50,130,8.0,10.0,1.8,11,7.0,238,1019.4,9.6,9.3,9.6,MM,MM,MM
2026,01,31,15,40,120,9.0,10.0,1.8,MM,7.0,238,1018.7,9.6,9.3,9.6,MM,MM,MM
2026,01,31,15,30,120,9.0,11.0,MM,MM,MM,MM,1018.7,9.6,9.3,9.6,MM,MM,MM
2026,01,31,15,20,110,9.0,11.0,1.7,11,7.0,252,1018.7,9.6,9.3,9.6,MM,MM,MM
2026,01,31,15,10,120,8.0,10.0,1.7,MM,7.0,252,1019.2,9.6,9.3,9.6,MM,MM,MM
2026,01,31,15,00,110,8.0,10.0,MM,MM,MM,MM,1019.1,9.7,9.3,9.7,MM,-2.2,MM
2026,01,31,14,50,120,8.0,10.0,1.8,11,7.0,236,1019.3,9.7,9.3,9.7,MM,MM,MM
2026,01,31,14,40,120,9.0,11.0,1.8,MM,7.0,236,1019.5,9.7,9.3,9.7,MM,MM,MM
2026,01,31,14,30,130,9.0,11.0,MM,MM,MM,MM,1019.6,9.8,9.3,9.8,MM,MM,MM
2026,01,31,14,20,130,8.0,11.0,2.1,11,8.1,237,1019.9,9.8,9.3,9.8,MM,MM,MM
2026,01,31,14,10,120,8.0,10.0,2.1,MM,8.1,237,1020.0,9.7,9.3,9.7,MM,MM,MM
2026,01,31,14,00,120,9.0,11.0,MM,MM,MM,MM,1019.9,9.7,9.3,9.7,MM,-2.2,MM
2026,01,31,13,50,120,9.0,11.0,2.0,12,7.8,244,1019.5,9.8,9.3,9.8,MM,MM,MM
2026,01,31,13,40,150,8.0,9.0,2.0,MM,7.8,244,1020.8,9.9,9.3,9.9,MM,MM,MM
2026,01,31,13,30,140,8.0,10.0,MM,MM,MM,MM,1021.0,9.9,9.3,9.9,MM,MM,MM
2026,01,31,13,20,130,8.0,10.0,1.7,11,7.2,247,1020.6,9.9,9.3,9.9,MM,MM,MM
2026,01,31,13,10,120,8.0,10.0,1.7,MM,7.2,247,1020.3,9.8,9.3,9.8,MM,MM,MM
2026,01,31,13,00,120,8.0,9.0,MM,MM,MM,MM,1020.3,9.8,9.2,9.8,MM,-1.8,MM
2026,01,31,12,50,120,7.0,9.0,1.7,11,7.7,246,1020.6,9.7,9.3,9.7,MM,MM,MM
2026,01,31,12,40,110,7.0,8.0,1.7,MM,7.7,246,1020.8,9.7,9.3,9.7,MM,MM,MM
2026,01,31,12,30,110,7.0,9.0,MM,MM,MM,MM,1020.9,9.8,9.3,9.8,MM,MM,MM
2026,01,31,12,20,120,8.0,10.0,1.9,10,7.9,232,1020.9,9.9,9.3,9.9,MM,MM,MM
2026,01,31,12,10,120,8.0,10.0,1.9,MM,7.9,232,1021.2,9.9,9.3,9.9,MM,MM,MM
2026,01,31,12,00,120,8.0,9.0,MM,MM,MM,MM,1021.3,9.8,9.2,9.8,MM,-1.2,MM
2026,01,31,11,50,110,8.0,9.0,1.9,11,8.1,242,1021.3,9.8,9.2,9.8,MM,MM,MM
2026,01,31,11,40,110,7.0,9.0,MM,MM,MM,MM,1021.5,9.8,9.2,9.8,MM,MM,MM
2026,01,31,11,30,110,7.0,9.0,MM,MM,MM,MM,1021.7,9.7,9.2,9.7,MM,MM,MM
2026,01,31,11,20,110,7.0,9.0,1.9,12,8.4,255,1021.8,9.7,9.2,9.7,MM,MM,MM
2026,01,31,11,10,120,7.0,9.0,1.9,MM,8.4,255,1021.9,9.7,9.3,9.7,MM,MM,MM
2026,01,31,11,00,120,7.0,9.0,MM,MM,MM,MM,1022.0,9.7,9.3,9.7,MM,-1.0,MM
2026,01,31,10,50,120,7.0,9.0,2.1,11,8.6,235,1021.9,9.6,9.3,9.6,MM,MM,MM
2026,01,31,10,40,110,8.0,10.0,2.1,MM,8.6,235,1021.8,9.6,9.3,9.6,MM,MM,MM
2026,01,31,10,30,110,8.0,10.0,MM,MM,MM,MM,1021.6,9.6,9.3,9.6,MM,MM,MM
2026,01,31,10,20,110,7.0,9.0,2.1,11,8.5,244,1021.7,9.5,9.3,9.5,MM,MM,MM
2026,01,31,10,10,120,7.0,9.0,2.1,MM,8.5,244,1021.8,9.5,9.4,9.5,MM,MM,MM
2026,01,31,10,00,120,6.0,8.0,MM,MM,MM,MM,1022.1,9.5,9.4,9.5,MM,-0.8,MM
2026,01,31,09,50,110,7.0,8.0,2.5,11,8.8,246,1022.2,9.5,9.4,9.5,MM,MM,MM
2026,01,31,09,40,110,6.0,8.0,2.5,MM,8.8,246,1022.2,9.6,9.4,9.6,MM,MM,MM
2026,01,31,09,30,110,6.0,7.0,MM,MM,MM,MM,1022.3,9.5,9.5,9.5,MM,MM,MM
2026,01,31,09,20,100,6.0,7.0,2.5,11,8.5,234,1022.3,9.7,9.5,9.7,MM,MM,MM
2026,01,31,09,10,90,5.0,7.0,2.5,MM,8.5,234,1022.3,9.7,9.5,9.7,MM,MM,MM
2026,01,31,09,00,90,5.0,7.0,MM,MM,MM,MM,1022.3,9.7,9.5,9.7,MM,+0.0,MM
2026,01,31,08,50,90,5.0,7.0,2.6,11,8.1,253,1022.4,9.6,9.5,9.6,MM,MM,MM
2026,01,31,08,40,90,5.0,7.0,2.6,MM,8.1,253,1022.8,9.6,9.5,9.6,MM,MM,MM
2026,01,31,08,30,90,5.0,6.0,MM,MM,MM,MM,1022.8,9.6,9.5,9.6,MM,MM,MM
2026,01,31,08,20,90,5.0,7.0,2.7,11,7.9,235,1023.0,9.6,9.5,9.6,MM,MM,MM
2026,01,31,08,10,90,4.0,6.0,MM,MM,MM,MM,1023.0,9.6,9.5,9.6,MM,MM,MM
2026,01,31,08,00,90,4.0,6.0,MM,MM,MM,MM,1023.0,9.5,9.5,9.5,MM,+1.1,MM
2026,01,31,07,50,90,4.0,6.0,3.0,11,8.6,244,1022.9,9.7,9.5,9.7,MM,MM,MM
2026,01,31,07,40,90,4.0,5.0,MM,MM,MM,MM,1022.9,9.7,9.5,9.7,MM,MM,MM
2026,01,31,07,30,100,4.0,5.0,MM,MM,MM,MM,1022.8,9.7,9.5,9.7,MM,MM,MM
2026,01,31,07,20,100,4.0,6.0,2.8,11,8.4,236,1022.8,9.8,9.5,9.8,MM,MM,MM
2026,01,31,07,10,100,4.0,5.0,2.8,MM,8.4,236,1022.8,9.8,9.5,9.8,MM,MM,MM
2026,01,31,07,00,110,3.0,5.0,MM,MM,MM,MM,1022.8,9.9,9.5,9.9,MM,+1.1,MM
2026,01,31,06,50,90,3.0,5.0,3.2,11,8.6,239,1022.8,9.8,9.5,9.8,MM,MM,MM
2026,01,31,06,40,100,3.0,5.0,MM,MM,MM,MM,1022.8,9.9,9.5,9.9,MM,MM,MM
2026,01,31,06,30,110,3.0,5.0,MM,MM,MM,MM,1022.7,9.9,9.5,9.9,MM,MM,MM
2026,01,31,06,20,120,2.0,3.0,3.6,11,9.0,244,1022.8,9.9,9.5,9.9,MM,MM,MM
2026,01,31,06,10,100,2.0,4.0,3.6,MM,9.0,244,1022.7,9.9,9.5,9.9,MM,MM,MM
2026,01,31,06,00,100,3.0,5.0,MM,MM,MM,MM,1022.6,10.0,9.5,10.0,MM,+0.9,MM
2026,01,31,05,50,110,3.0,5.0,3.2,12,9.1,251,1022.6,10.0,9.5,10.0,MM,MM,MM
2026,01,31,05,40,110,2.0,4.0,MM,MM,MM,MM,1022.4,10.0,9.5,10.0,MM,MM,MM
2026,01,31,05,30,80,2.0,4.0,MM,MM,MM,MM,1022.3,10.1,9.5,10.1,MM,MM,MM
2026,01,31,05,20,80,2.0,4.0,3.3,11,9.3,250,1022.2,10.1,9.5,10.1,MM,MM,MM
2026,01,31,05,10,70,2.0,4.0,3.3,MM,9.3,250,1022.0,10.2,9.5,10.2,MM,MM,MM
2026,01,31,05,00,50,3.0,5.0,MM,MM,MM,MM,1021.9,10.2,9.5,10.2,MM,+0.7,MM
2026,01,31,04,50,50,3.0,5.0,3.0,12,9.0,253,1021.7,10.1,9.5,10.1,MM,MM,MM
2026,01,31,04,40,50,2.0,4.0,MM,MM,MM,MM,1021.7,10.1,9.5,10.1,MM,MM,MM
2026,01,31,04,30,40,2.0,4.0,MM,MM,MM,MM,1021.6,10.0,9.5,10.0,MM,MM,MM
2026,01,31,04,20,40,2.0,5.0,3.3,12,9.6,243,1021.6,10.0,9.5,10.0,MM,MM,MM
2026,01,31,04,10,40,3.0,5.0,3.3,MM,9.6,243,1021.6,10.0,9.5,10.0,MM,MM,MM
2026,01,31,04,00,40,2.0,5.0,MM,MM,MM,MM,1021.8,10.0,9.6,10.0,MM,+0.9,MM
2026,01,31,03,50,40,2.0,4.0,3.4,12,9.3,232,1021.8,9.9,9.5,9.9,MM,MM,MM
2026,01,31,03,40,60,2.0,4.0,MM,MM,MM,MM,1021.9,9.8,9.5,9.8,MM,MM,MM
2026,01,31,03,30,110,2.0,3.0,MM,MM,MM,MM,1021.9,10.0,9.5,10.0,MM,MM,MM
2026,01,31,03,20,110,2.0,3.0,2.9,11,9.0,244,1021.9,10.1,9.5,10.1,MM,MM,MM
2026,01,31,03,10,160,2.0,3.0,2.9,MM,9.0,244,1021.8,10.1,9.5,10.1,MM,MM,MM
2026,01,31,03,00,150,1.0,2.0,MM,MM,MM,MM,1021.7,9.9,9.5,9.9,MM,+1.3,MM
2026,01,31,02,50,150,1.0,3.0,3.2,12,9.6,239,1021.6,9.8,9.5,9.8,MM,MM,MM
2026,01,31,02,40,150,2.0,3.0,MM,MM,MM,MM,1021.4,9.9,9.5,9.9,MM,MM,MM
2026,01,31,02,30,180,2.0,3.0,MM,MM,MM,MM,1021.3,10.0,9.5,10.0,MM,MM,MM
2026,01,31,02,20,190,3.0,4.0,2.9,12,9.5,234,1021.3,10.0,9.5,10.0,MM,MM,MM
2026,01,31,02,10,190,3.0,4.0,2.9,MM,9.5,234,1021.3,10.0,9.5,10.0,MM,MM,MM
2026,01,31,02,00,190,3.0,4.0,MM,MM,MM,MM,1021.2,10.0,9.5,10.0,MM,+1.8,MM
2026,01,31,01,50,190,3.0,5.0,3.1,11,9.5,236,1021.0,10.1,9.5,10.1,MM,MM,MM
2026,01,31,01,40,190,4.0,6.0,MM,MM,MM,MM,1020.9,10.1,9.5,10.1,MM,MM,MM
2026,01,31,01,30,200,4.0,6.0,MM,MM,MM,MM,1020.9,10.1,9.5,10.1,MM,MM,MM
2026,01,31,01,20,200,4.0,6.0,3.2,12,9.8,242,1020.9,10.0,9.5,10.0,MM,MM,MM
2026,01,31,01,10,200,4.0,6.0,3.2,MM,9.8,242,1020.9,10.1,9.5,10.1,MM,MM,MM
2026,01,31,01,00,190,5.0,6.0,MM,MM,MM,MM,1020.8,10.1,9.5,10.1,MM,+2.4,MM
2026,01,31,00,50,190,4.0,6.0,2.8,12,9.4,242,1020.8,10.1,9.5,10.1,MM,MM,MM
2026,01,31,00,40,190,4.0,6.0,2.8,MM,9.4,242,1020.6,10.1,9.5,10.1,MM,MM,MM
2026,01,31,00,30,190,5.0,6.0,MM,MM,MM,MM,1020.5,10.1,9.5,10.1,MM,MM,MM
2026,01,31,00,20,200,5.0,6.0,2.7,12,9.5,242,1020.5,10.1,9.5,10.1,MM,MM,MM
2026,01,31,00,10,190,4.0,6.0,2.7,MM,9.5,242,1020.5,10.0,9.5,10.0,MM,MM,MM
2026,01,31,00,00,190,4.0,5.0,MM,MM,MM,MM,1020.3,9.9,9.5,9.9,MM,+3.7,MM
2026,01,30,23,50,200,4.0,6.0,2.6,12,9.1,241,1020.2,9.9,9.5,9.9,MM,MM,MM
2026,01,30,23,40,200,4.0,5.0,2.6,MM,9.1,241,1020.1,9.9,9.5,9.9,MM,MM,MM
2026,01,30,23,10,200,5.0,6.0,2.7,MM,9.1,251,1019.6,10.1,9.5,10.1,MM,MM,MM
2026,01,30,23,00,200,5.0,6.0,MM,MM,MM,MM,1019.3,9.9,9.5,9.9,MM,+3.4,MM
2026,01,30,22,50,200,5.0,6.0,2.4,11,8.8,241,1019.1,9.9,9.5,9.9,MM,MM,MM
2026,01,30,22,40,200,6.0,7.0,MM,MM,MM,MM,1019.0,9.9,9.5,9.9,MM,MM,MM
2026,01,30,22,30,190,6.0,7.0,MM,MM,MM,MM,1018.7,10.0,9.5,10.0,MM,MM,MM
2026,01,30,22,20,200,7.0,8.0,2.8,12,9.2,238,1018.7,10.0,9.5,10.0,MM,MM,MM
2026,01,30,22,10,200,7.0,10.0,2.8,MM,9.2,238,1018.6,10.1,9.5,10.1,MM,MM,MM
2026,01,30,22,00,210,6.0,8.0,MM,MM,MM,MM,1018.4,10.1,9.5,10.1,MM,+2.8,MM
2026,01,30,21,50,200,6.0,8.0,3.1,11,9.4,237,1018.2,10.1,9.5,10.1,MM,MM,MM
2026,01,30,21,40,200,7.0,9.0,3.1,MM,9.4,237,1017.9,10.1,9.5,10.1,MM,MM,MM
2026,01,30,21,30,200,8.0,9.0,MM,MM,MM,MM,1017.8,10.2,9.4,10.2,MM,MM,MM
2026,01,30,21,20,200,9.0,11.0,2.9,11,9.0,244,1017.7,10.4,9.4,10.4,MM,MM,MM
2026,01,30,21,10,190,7.0,9.0,2.9,MM,9.0,244,1017.1,10.3,9.4,10.3,MM,MM,MM
2026,01,30,21,00,190,8.0,10.0,MM,MM,MM,MM,1016.7,10.4,9.4,10.4,MM,+2.8,MM
2026,01,30,20,50,190,10.0,12.0,2.8,12,8.7,244,1017.1,10.4,9.4,10.4,MM,MM,MM
2026,01,30,20,40,190,10.0,12.0,MM,MM,MM,MM,1017.0,10.5,9.4,10.5,MM,MM,MM
2026,01,30,20,30,190,10.0,12.0,MM,MM,MM,MM,1016.7,10.6,9.4,10.6,MM,MM,MM
2026,01,30,20,20,190,10.0,12.0,2.8,11,8.4,237,1016.4,10.6,9.5,10.6,MM,MM,MM
2026,01,30,20,10,190,9.0,12.0,MM,MM,MM,MM,1016.3,10.5,9.5,10.5,MM,MM,MM
2026,01,30,20,00,190,9.0,10.0,MM,MM,MM,MM,1016.0,10.5,9.5,10.5,MM,+2.7,MM
2026,01,30,19,50,190,10.0,12.0,3.4,13,8.4,248,1016.2,10.5,9.5,10.4,MM,MM,MM
2026,01,30,19,40,190,10.0,12.0,3.4,MM,8.4,248,1016.2,10.6,9.5,10.4,MM,MM,MM
2026,01,30,19,30,200,10.0,13.0,MM,MM,MM,MM,1016.1,10.8,9.5,10.6,MM,MM,MM
2026,01,30,19,20,190,11.0,13.0,3.1,MM,7.5,249,1016.0,10.6,9.5,10.4,MM,MM,MM
2026,01,30,19,10,MM,MM,MM,3.1,12,7.5,249,MM,MM,MM,MM,MM,MM,MM
2026,01,30,19,00,190,13.0,16.0,MM,MM,MM,MM,1015.8,10.8,9.5,10.5,MM,+2.9,MM
2026,01,30,18,50,190,14.0,17.0,2.9,12,7.2,252,1015.4,10.9,9.5,10.4,MM,MM,MM
2026,01,30,18,40,190,13.0,18.0,2.9,MM,7.2,252,1015.1,10.8,9.5,10.3,MM,MM,MM
2026,01,30,18,30,190,13.0,17.0,MM,MM,MM,MM,1015.2,10.8,9.5,10.2,MM,MM,MM
2026,01,30,18,20,190,14.0,16.0,3.3,12,7.1,247,1014.5,10.8,9.5,10.1,MM,MM,MM
2026,01,30,18,10,180,14.0,18.0,3.3,MM,7.1,247,1014.4,10.9,9.5,10.0,MM,MM,MM
2026,01,30,18,00,180,15.0,18.0,MM,MM,MM,MM,1014.0,10.9,9.5,9.8,MM,+0.7,MM
2026,01,30,17,50,180,15.0,19.0,3.0,12,6.7,251,1013.9,11.1,9.5,9.7,MM,MM,MM
2026,01,30,17,40,180,15.0,19.0,3.0,MM,6.7,251,1013.7,11.4,9.5,9.7,MM,MM,MM
2026,01,30,17,30,180,14.0,19.0,MM,MM,MM,MM,1013.5,11.5,9.5,9.5,MM,MM,MM
2026,01,30,17,20,180,15.0,20.0,3.0,12,6.7,249,1013.5,11.6,9.5,9.5,MM,MM,MM
2026,01,30,17,10,180,14.0,18.0,3.0,MM,6.7,249,1013.5,11.6,9.5,9.4,MM,MM,MM
2026,01,30,17,00,180,14.0,18.0,MM,MM,MM,MM,1013.5,11.6,9.5,9.3,MM,-0.6,MM
2026,01,30,16,50,170,13.0,17.0,3.2,10,7.2,234,1013.3,11.4,9.5,9.3,MM,MM,MM
2026,01,30,16,40,170,13.0,16.0,3.2,MM,7.2,234,1013.3,11.4,9.5,9.3,MM,MM,MM
2026,01,30,16,30,170,13.0,16.0,MM,MM,MM,MM,1013.2,11.4,9.5,9.1,MM,MM,MM
2026,01,30,16,20,160,14.0,17.0,2.9,13,6.7,244,1012.8,11.5,9.6,9.0,MM,MM,MM
2026,01,30,16,10,160,14.0,19.0,2.9,MM,6.7,244,1013.0,11.5,9.5,8.9,MM,MM,MM
2026,01,30,16,00,160,14.0,18.0,MM,MM,MM,MM,1013.0,11.7,9.5,9.0,MM,-1.8,MM
2026,01,30,15,50,160,14.0,19.0,3.1,13,7.5,243,1013.1,11.8,9.6,9.1,MM,MM,MM
2026,01,30,15,40,160,13.0,21.0,3.1,MM,7.5,243,1013.1,11.8,9.5,9.0,MM,MM,MM
2026,01,30,15,30,150,12.0,19.0,MM,MM,MM,MM,1013.1,11.6,9.5,8.9,MM,MM,MM
2026,01,30,15,20,150,12.0,16.0,2.7,13,7.2,247,1013.2,11.5,9.5,8.9,MM,MM,MM
2026,01,30,15,10,150,12.0,18.0,2.7,MM,7.2,247,1013.6,11.5,9.5,8.9,MM,MM,MM
2026,01,30,15,00,160,12.0,16.0,MM,MM,MM,MM,1013.7,11.4,9.5,8.9,MM,-2.9,MM
2026,01,30,14,50,140,10.0,15.0,2.6,12,7.9,240,1013.8,10.8,9.5,9.3,MM,MM,MM
2026,01,30,14,40,140,6.0,9.0,MM,MM,MM,MM,1014.1,10.2,9.4,9.2,MM,MM,MM
2026,01,30,14,30,130,7.0,11.0,MM,MM,MM,MM,1014.1,10.1,9.4,9.1,MM,MM,MM
2026,01,30,14,20,120,8.0,10.0,2.5,13,7.9,245,1014.1,10.0,9.4,9.0,MM,MM,MM
2026,01,30,14,10,120,8.0,10.0,MM,MM,MM,MM,1014.0,10.0,9.4,8.9,MM,MM,MM
2026,01,30,14,00,110,8.0,10.0,MM,MM,MM,MM,1013.9,9.9,9.4,8.8,MM,-2.5,MM
2026,01,30,13,50,110,8.0,10.0,2.7,13,7.9,250,1014.2,10.0,9.4,8.8,MM,MM,MM
2026,01,30,13,40,120,7.0,9.0,MM,MM,MM,MM,1014.8,10.2,9.4,8.6,MM,MM,MM
2026,01,30,13,30,120,10.0,12.0,MM,MM,MM,MM,1014.5,10.8,9.4,8.3,MM,MM,MM
2026,01,30,13,20,130,11.0,13.0,2.4,12,7.5,243,1014.3,11.0,9.4,8.2,MM,MM,MM
2026,01,30,13,10,120,10.0,12.0,MM,MM,MM,MM,1014.7,11.0,9.4,8.2,MM,MM,MM
2026,01,30,13,00,130,10.0,12.0,MM,MM,MM,MM,1014.8,11.3,9.4,8.1,MM,-2.5,MM
2026,01,30,12,50,130,9.0,13.0,2.3,13,7.3,256,1015.1,11.5,9.4,8.1,MM,MM,MM
2026,01,30,12,40,150,10.0,13.0,MM,MM,MM,MM,1015.4,11.6,9.4,8.2,MM,MM,MM
2026,01,30,12,30,150,10.0,13.0,MM,MM,MM,MM,1016.0,11.9,9.5,8.0,MM,MM,MM
2026,01,30,12,20,140,10.0,12.0,2.6,13,8.0,245,1016.2,12.0,9.5,7.8,MM,MM,MM
2026,01,30,12,10,140,10.0,13.0,2.6,MM,8.0,245,1016.1,11.9,9.5,7.7,MM,MM,MM
2026,01,30,12,00,150,9.0,15.0,MM,MM,MM,MM,1016.3,11.8,9.5,7.8,MM,-1.2,MM
2026,01,30,11,50,150,9.0,13.0,2.4,13,7.0,256,1016.4,11.9,9.5,7.8,MM,MM,MM
2026,01,30,11,40,150,10.0,13.0,MM,MM,MM,MM,1016.5,11.9,9.5,7.5,MM,MM,MM
2026,01,30,11,30,150,11.0,14.0,MM,MM,MM,MM,1016.7,12.1,9.5,7.3,MM,MM,MM
2026,01,30,11,20,160,10.0,15.0,2.3,12,7.3,252,1016.8,12.2,9.5,7.0,MM,MM,MM
2026,01,30,11,10,150,11.0,14.0,2.3,MM,7.3,252,1016.8,12.2,9.5,6.8,MM,MM,MM
2026,01,30,11,00,150,12.0,16.0,MM,MM,MM,MM,1016.6,12.2,9.5,6.8,MM,-1.2,MM
2026,01,30,10,50,150,11.0,15.0,2.2,13,7.5,248,1016.8,12.2,9.5,6.6,MM,MM,MM
2026,01,30,10,40,150,11.0,15.0,MM,MM,MM,MM,1017.2,12.2,9.5,6.8,MM,MM,MM
2026,01,30,10,30,150,9.0,13.0,MM,MM,MM,MM,1017.1,11.9,9.5,7.3,MM,MM,MM
2026,01,30,10,20,140,7.0,10.0,2.4,12,7.9,267,1017.1,11.7,9.5,7.5,MM,MM,MM
2026,01,30,10,10,140,8.0,10.0,MM,MM,MM,MM,1017.2,11.7,9.5,7.5,MM,MM,MM
2026,01,30,10,00,150,8.0,11.0,MM,MM,MM,MM,1017.2,11.9,9.5,7.6,MM,-0.9,MM
2026,01,30,09,50,140,9.0,12.0,2.3,13,7.3,265,1017.2,12.0,9.6,7.6,MM,MM,MM
2026,01,30,09,40,150,9.0,11.0,2.3,MM,7.3,265,1017.3,11.8,9.6,7.7,MM,MM,MM
2026,01,30,09,30,140,9.0,13.0,MM,MM,MM,MM,1017.1,11.9,9.6,7.8,MM,MM,MM
2026,01,30,09,20,150,10.0,14.0,2.4,13,7.7,264,1017.1,11.8,9.6,8.1,MM,MM,MM
2026,01,30,09,10,160,11.0,14.0,MM,MM,MM,MM,1017.5,11.7,9.6,8.3,MM,MM,MM
2026,01,30,09,00,160,10.0,14.0,MM,MM,MM,MM,1017.4,11.6,9.7,8.4,MM,-1.4,MM
2026,01,30,08,50,160,11.0,15.0,2.6,13,7.7,262,1017.5,11.8,9.6,8.3,MM,MM,MM
2026,01,30,08,40,160,12.0,15.0,2.6,MM,7.7,262,1017.5,12.0,9.7,8.1,MM,MM,MM
2026,01,30,08,30,160,11.0,15.0,MM,MM,MM,MM,1017.4,11.9,9.6,8.2,MM,MM,MM
2026,01,30,08,20,160,11.0,14.0,3.2,12,7.7,239,1017.4,11.9,9.6,8.4,MM,MM,MM
2026,01,30,08,10,160,12.0,16.0,MM,MM,MM,MM,1017.3,11.8,9.6,8.4,MM,MM,MM
2026,01,30,08,00,160,11.0,14.0,MM,MM,MM,MM,1017.7,11.6,9.3,8.5,MM,-1.0,MM
2026,01,30,07,50,160,11.0,15.0,2.9,13,7.0,260,1018.0,11.7,9.3,8.5,MM,MM,MM
2026,01,30,07,40,160,11.0,15.0,2.9,MM,7.0,260,1017.8,11.7,9.3,8.7,MM,MM,MM
2026,01,30,07,30,160,11.0,13.0,MM,MM,MM,MM,1017.9,11.4,9.4,8.8,MM,MM,MM
2026,01,30,07,20,170,10.0,13.0,3.5,13,7.6,250,1018.2,11.3,9.3,8.9,MM,MM,MM
2026,01,30,07,10,160,12.0,16.0,MM,MM,MM,MM,1018.0,11.4,9.4,9.1,MM,MM,MM
2026,01,30,07,00,170,11.0,14.0,MM,MM,MM,MM,1018.3,11.5,9.4,9.3,MM,-0.3,MM
2026,01,30,06,50,170,11.0,15.0,3.7,13,8.0,245,1018.5,11.4,9.4,9.5,MM,MM,MM
2026,01,30,06,40,170,11.0,14.0,MM,MM,MM,MM,1018.5,11.5,9.4,9.7,MM,MM,MM
2026,01,30,06,30,170,10.0,15.0,MM,MM,MM,MM,1018.6,11.7,9.4,9.7,MM,MM,MM
2026,01,30,06,20,160,11.0,15.0,3.6,11,7.9,244,1018.4,11.8,9.4,9.7,MM,MM,MM
2026,01,30,06,10,160,9.0,13.0,3.6,MM,7.9,244,1018.8,11.6,9.4,9.7,MM,MM,MM
2026,01,30,06,00,160,9.0,12.0,MM,MM,MM,MM,1018.8,11.6,9.4,9.9,MM,-0.0,MM
2026,01,30,05,50,160,9.0,11.0,3.5,11,7.7,241,1019.0,11.4,9.4,10.0,MM,MM,MM
2026,01,30,05,40,150,9.0,12.0,MM,MM,MM,MM,1018.8,11.4,9.4,10.0,MM,MM,MM
2026,01,30,05,30,150,8.0,11.0,MM,MM,MM,MM,1018.6,10.8,9.4,10.2,MM,MM,MM
2026,01,30,05,20,130,6.0,9.0,4.0,11,8.6,249,1018.7,10.2,9.4,10.0,MM,MM,MM
2026,01,30,05,10,130,6.0,11.0,4.0,MM,8.6,249,1018.8,9.9,9.4,9.8,MM,MM,MM
2026,01,30,05,00,120,6.0,9.0,MM,MM,MM,MM,1018.6,9.7,9.4,9.7,MM,-0.7,MM
2026,01,30,04,50,110,8.0,12.0,3.7,12,8.6,246,1018.5,9.7,9.4,9.7,MM,MM,MM
2026,01,30,04,40,110,8.0,11.0,MM,MM,MM,MM,1018.3,9.7,9.4,9.7,MM,MM,MM
2026,01,30,04,30,140,6.0,9.0,MM,MM,MM,MM,1018.4,9.6,9.4,9.6,MM,MM,MM
2026,01,30,04,20,110,8.0,11.0,3.6,13,9.0,247,1018.6,9.7,9.4,9.7,MM,MM,MM
2026,01,30,04,10,110,9.0,11.0,3.6,MM,9.0,247,1018.3,9.7,9.4,9.7,MM,MM,MM
2026,01,30,04,00,120,9.0,11.0,MM,MM,MM,MM,1018.5,9.6,9.4,9.6,MM,-1.5,MM
2026,01,30,03,50,120,9.0,11.0,3.3,13,8.9,246,1018.4,9.6,9.4,9.6,MM,MM,MM
2026,01,30,03,40,120,9.0,12.0,3.3,MM,8.9,246,1018.6,9.6,9.4,9.6,MM,MM,MM
2026,01,30,03,30,120,9.0,12.0,MM,MM,MM,MM,1018.5,9.6,9.4,9.6,MM,MM,MM
2026,01,30,03,20,120,9.0,11.0,4.0,13,9.5,239,1018.6,9.6,9.4,9.6,MM,MM,MM
2026,01,30,03,10,120,9.0,12.0,MM,MM,MM,MM,1018.8,9.6,9.4,9.6,MM,MM,MM
2026,01,30,03,00,120,9.0,12.0,MM,MM,MM,MM,1018.7,9.5,9.4,9.5,MM,-1.5,MM
2026,01,30,02,50,110,9.0,12.0,3.4,13,8.9,234,1018.8,9.5,9.4,9.5,MM,MM,MM
2026,01,30,02,40,120,9.0,11.0,MM,MM,MM,MM,1018.9,9.5,9.4,9.5,MM,MM,MM
2026,01,30,02,30,110,9.0,12.0,MM,MM,MM,MM,1019.0,9.4,9.4,9.4,MM,MM,MM
2026,01,30,02,20,110,8.0,11.0,4.3,13,10.0,235,1019.1,9.4,9.4,9.4,MM,MM,MM
2026,01,30,02,10,110,7.0,10.0,4.3,MM,10.0,235,1019.3,9.4,9.4,9.4,MM,MM,MM
2026,01,30,02,00,100,7.0,11.0,MM,MM,MM,MM,1019.3,9.3,9.4,9.3,MM,-1.2,MM
2026,01,30,01,50,100,8.0,10.0,3.6,12,10.0,235,1019.4,9.4,9.4,9.4,MM,MM,MM
2026,01,30,01,40,100,8.0,11.0,3.6,MM,10.0,235,1019.3,9.4,9.4,9.4,MM,MM,MM
2026,01,30,01,30,110,8.0,10.0,MM,MM,MM,MM,1019.5,9.4,9.4,9.4,MM,MM,MM
2026,01,30,01,20,110,8.0,10.0,3.5,13,9.8,223,1019.6,9.4,9.4,9.4,MM,MM,MM
2026,01,30,01,10,110,8.0,10.0,3.5,MM,9.8,223,1019.8,9.4,9.4,9.4,MM,MM,MM
2026,01,30,01,00,110,8.0,11.0,MM,MM,MM,MM,1019.7,9.4,9.4,9.4,MM,-0.7,MM
2026,01,30,00,50,110,8.0,10.0,3.7,13,10.5,226,1019.7,9.4,9.4,9.4,MM,MM,MM
2026,01,30,00,40,110,8.0,11.0,3.7,MM,10.5,226,1019.7,9.3,9.4,9.3,MM,MM,MM
2026,01,30,00,30,110,8.0,10.0,MM,MM,MM,MM,1019.7,9.3,9.4,9.3,MM,MM,MM
2026,01,30,00,20,100,8.0,10.0,3.5,12,10.4,228,1019.8,9.4,9.4,9.4,MM,MM,MM
2026,01,30,00,10,100,7.0,10.0,3.5,MM,10.4,228,1019.9,9.4,9.4,9.4,MM,MM,MM
2026,01,30,00,00,100,8.0,11.0,MM,MM,MM,MM,1020.0,9.5,9.5,9.5,MM,-0.6,MM
2026,01,29,23,50,100,8.0,11.0,4.1,13,11.2,228,1020.1,9.5,9.5,9.5,MM,MM,MM
2026,01,29,23,40,100,7.0,10.0,4.1,MM,11.2,228,1020.2,9.6,9.4,9.6,MM,MM,MM
2026,01,29,23,30,100,7.0,9.0,MM,MM,MM,MM,1020.3,9.9,9.4,9.9,MM,MM,MM
2026,01,29,23,20,90,5.0,8.0,3.5,13,10.6,232,1020.4,10.1,9.4,10.1,MM,MM,MM
2026,01,29,23,10,100,5.0,9.0,3.5,MM,10.6,232,1020.5,10.1,9.6,10.1,MM,MM,MM
2026,01,29,23,00,110,5.0,7.0,MM,MM,MM,MM,1020.5,10.2,9.7,10.2,MM,-0.8,MM
2026,01,29,22,50,110,5.0,8.0,3.2,14,10.1,238,1020.7,10.1,9.7,10.1,MM,MM,MM
2026,01,29,22,40,110,4.0,6.0,3.2,MM,10.1,238,1020.8,10.2,9.7,10.2,MM,MM,MM
2026,01,29,22,30,110,4.0,6.0,MM,MM,MM,MM,1020.9,10.2,9.7,10.2,MM,MM,MM
2026,01,29,22,20,110,5.0,8.0,3.3,13,10.1,242,1020.9,10.3,9.7,10.3,MM,MM,MM
2026,01,29,22,10,100,5.0,9.0,3.3,MM,10.1,242,1020.8,10.3,9.7,10.3,MM,MM,MM
2026,01,29,22,00,110,5.0,7.0,MM,MM,MM,MM,1020.5,10.2,9.7,10.2,MM,-0.7,MM
2026,01,29,21,50,100,6.0,8.0,3.3,14,10.4,236,1020.4,10.3,9.6,10.3,MM,MM,MM
2026,01,29,21,40,110,5.0,7.0,3.3,MM,10.4,236,1020.5,10.2,9.6,10.2,MM,MM,MM
2026,01,29,21,30,110,5.0,7.0,MM,MM,MM,MM,1020.5,10.2,9.6,10.2,MM,MM,MM
2026,01,29,21,20,100,5.0,7.0,3.4,13,10.0,246,1020.5,10.2,9.7,10.2,MM,MM,MM
2026,01,29,21,10,100,4.0,7.0,MM,MM,MM,MM,1020.6,10.1,9.7,10.1,MM,MM,MM
2026,01,29,21,00,90,5.0,7.0,MM,MM,MM,MM,1020.7,10.1,9.7,10.1,MM,+0.0,MM
2026,01,29,20,50,100,5.0,6.0,3.7,13,10.6,238,1020.7,10.0,9.7,10.0,MM,MM,MM
2026,01,29,20,40,90,5.0,7.0,MM,MM,MM,MM,1020.7,9.9,9.6,9.9,MM,MM,MM
2026,01,29,20,30,100,4.0,7.0,MM,MM,MM,MM,1020.8,10.0,9.6,10.0,MM,MM,MM
2026,01,29,20,20,110,4.0,6.0,3.3,14,9.8,239,1020.9,9.9,9.5,9.9,MM,MM,MM
2026,01,29,20,10,110,3.0,5.0,3.3,MM,9.8,239,1021.1,10.0,9.5,10.0,MM,MM,MM
2026,01,29,20,00,130,2.0,4.0,MM,MM,MM,MM,1021.3,10.0,9.5,10.0,MM,+1.8,MM
2026,01,29,19,50,140,2.0,4.0,3.0,13,9.2,252,1021.4,10.1,9.5,10.1,MM,MM,MM
2026,01,29,19,40,130,3.0,4.0,MM,MM,MM,MM,1021.5,10.0,9.4,10.0,MM,MM,MM
2026,01,29,19,30,120,3.0,5.0,MM,MM,MM,MM,1021.5,10.0,9.4,10.0,MM,MM,MM
2026,01,29,19,20,120,4.0,5.0,3.4,13,9.3,241,1021.4,10.0,9.4,9.9,MM,MM,MM
2026,01,29,19,10,110,4.0,6.0,MM,MM,MM,MM,1021.4,10.0,9.4,9.9,MM,MM,MM
2026,01,29,19,00,120,4.0,7.0,MM,MM,MM,MM,1021.2,10.0,9.4,10.0,MM,+2.7,MM
2026,01,29,18,50,120,5.0,6.0,3.6,13,9.5,239,1021.3,10.0,9.4,9.9,MM,MM,MM
2026,01,29,18,40,120,5.0,7.0,MM,MM,MM,MM,1021.1,10.0,9.4,10.0,MM,MM,MM
2026,01,29,18,30,130,5.0,7.0,MM,MM,MM,MM,1020.9,10.0,9.4,10.0,MM,MM,MM
2026,01,29,18,20,120,6.0,8.0,3.4,12,8.8,237,1020.9,9.9,9.4,9.9,MM,MM,MM
2026,01,29,18,10,120,5.0,8.0,3.4,MM,8.8,237,1020.8,9.9,9.4,9.9,MM,MM,MM
2026,01,29,18,00,120,5.0,7.0,MM,MM,MM,MM,1020.6,9.8,9.4,9.8,MM,+3.1,MM
2026,01,29,17,50,110,6.0,7.0,3.5,13,8.7,244,1020.5,9.9,9.5,9.9,MM,MM,MM
2026,01,29,17,40,110,6.0,8.0,MM,MM,MM,MM,1020.4,9.9,9.6,9.9,MM,MM,MM
2026,01,29,17,30,120,5.0,7.0,MM,MM,MM,MM,1020.0,9.9,9.6,9.9,MM,MM,MM
2026,01,29,17,20,120,6.0,8.0,3.8,13,8.6,246,1020.0,9.9,9.6,9.9,MM,MM,MM
2026,01,29,17,10,110,6.0,8.0,3.8,MM,8.6,246,1019.8,9.7,9.6,9.7,MM,MM,MM
2026,01,29,17,00,110,5.0,8.0,MM,MM,MM,MM,1019.6,9.7,9.5,9.7,MM,+1.7,MM
2026,01,29,16,50,120,5.0,7.0,4.0,13,8.6,243,1019.3,9.7,9.4,9.6,MM,MM,MM
2026,01,29,16,40,120,5.0,8.0,MM,MM,MM,MM,1019.2,9.7,9.3,9.6,MM,MM,MM
2026,01,29,16,30,110,5.0,8.0,MM,MM,MM,MM,1019.1,9.9,9.3,9.6,MM,MM,MM
2026,01,29,16,20,140,5.0,7.0,3.8,12,8.6,242,1018.8,10.0,9.3,9.9,MM,MM,MM
2026,01,29,16,10,140,5.0,8.0,3.8,MM,8.6,242,1018.8,9.8,9.3,9.7,MM,MM,MM
2026,01,29,16,00,130,5.0,8.0,MM,MM,MM,MM,1018.5,9.6,9.3,9.6,MM,+1.2,MM
2026,01,29,15,50,120,6.0,9.0,4.1,12,8.9,233,1018.6,9.5,9.3,9.5,MM,MM,MM
2026,01,29,15,40,110,7.0,9.0,4.1,MM,8.9,233,1018.2,9.2,9.3,9.2,MM,MM,MM
2026,01,29,15,30,110,7.0,9.0,MM,MM,MM,MM,1017.9,9.3,9.3,9.3,MM,MM,MM
2026,01,29,15,20,110,7.0,9.0,3.8,14,8.9,240,1017.6,9.3,9.4,9.3,MM,MM,MM
2026,01,29,15,10,110,7.0,11.0,MM,MM,MM,MM,1017.7,9.3,9.3,9.3,MM,MM,MM
2026,01,29,15,00,110,8.0,12.0,MM,MM,MM,MM,1017.6,9.4,9.3,9.4,MM,+0.3,MM
2026,01,29,14,50,120,8.0,11.0,3.8,13,8.9,238,1017.5,9.5,9.4,9.4,MM,MM,MM
2026,01,29,14,40,120,8.0,10.0,3.8,MM,8.9,238,1017.7,9.5,9.4,9.5,MM,MM,MM
2026,01,29,14,30,120,7.0,12.0,MM,MM,MM,MM,1017.9,9.4,9.3,9.4,MM,MM,MM
2026,01,29,14,20,130,8.0,10.0,3.4,12,8.4,235,1018.1,9.4,9.4,9.4,MM,MM,MM
2026,01,29,14,10,140,7.0,10.0,3.4,MM,8.4,235,1018.1,9.4,9.6,9.4,MM,MM,MM
2026,01,29,14,00,130,7.0,9.0,MM,MM,MM,MM,1017.9,9.4,9.5,9.4,MM,+0.4,MM
2026,01,29,13,50,130,7.0,8.0,3.3,11,8.3,237,1017.9,9.3,9.5,9.3,MM,MM,MM
2026,01,29,13,40,140,8.0,9.0,3.3,MM,8.3,237,1017.8,9.3,9.6,9.3,MM,MM,MM
2026,01,29,13,30,130,8.0,10.0,MM,MM,MM,MM,1017.7,9.3,9.5,9.3,MM,MM,MM
2026,01,29,13,20,130,8.0,10.0,3.0,11,7.7,236,1017.6,9.2,9.5,9.2,MM,MM,MM
2026,01,29,13,10,140,8.0,11.0,MM,MM,MM,MM,1017.6,9.2,9.5,9.2,MM,MM,MM
2026,01,29,13,00,130,8.0,11.0,MM,MM,MM,MM,1017.4,9.0,9.5,9.0,MM,-0.4,MM
2026,01,29,12,50,130,9.0,11.0,2.9,11,7.7,235,1017.4,9.1,9.4,9.1,MM,MM,MM
2026,01,29,12,40,120,9.0,12.0,MM,MM,MM,MM,1017.4,9.1,9.4,9.1,MM,MM,MM
2026,01,29,12,30,120,9.0,12.0,MM,MM,MM,MM,1017.5,9.1,9.4,9.1,MM,MM,MM
2026,01,29,12,20,120,10.0,13.0,2.9,11,8.0,234,1017.4,9.2,9.4,9.2,MM,MM,MM
2026,01,29,12,10,120,9.0,12.0,2.9,MM,8.0,234,1017.4,9.3,9.4,9.3,MM,MM,MM
2026,01,29,12,00,110,10.0,13.0,MM,MM,MM,MM,1017.3,9.4,9.4,9.3,MM,-1.7,MM
2026,01,29,11,50,110,10.0,12.0,2.8,11,8.3,233,1017.4,9.3,9.4,9.1,MM,MM,MM
2026,01,29,11,40,110,9.0,11.0,2.8,MM,8.3,233,1017.4,9.4,9.4,9.2,MM,MM,MM
2026,01,29,11,30,100,9.0,12.0,MM,MM,MM,MM,1017.5,9.4,9.3,9.0,MM,MM,MM
2026,01,29,11,20,100,10.0,12.0,2.6,11,7.7,235,1017.5,9.6,9.3,9.0,MM,MM,MM
2026,01,29,11,10,110,9.0,12.0,MM,MM,MM,MM,1017.5,9.6,9.3,9.0,MM,MM,MM
2026,01,29,11,00,110,10.0,12.0,MM,MM,MM,MM,1017.6,9.5,9.3,8.9,MM,-1.9,MM
2026,01,29,10,50,110,10.0,13.0,2.3,12,7.9,237,1017.6,9.5,9.3,8.9,MM,MM,MM
2026,01,29,10,40,110,10.0,13.0,2.3,MM,7.9,237,1017.8,9.3,9.3,8.9,MM,MM,MM
2026,01,29,10,30,110,10.0,13.0,MM,MM,MM,MM,1017.8,9.2,9.3,8.8,MM,MM,MM
2026,01,29,10,20,110,10.0,13.0,2.4,11,7.9,255,1017.8,9.2,9.3,8.8,MM,MM,MM
2026,01,29,10,10,100,10.0,13.0,2.4,MM,7.9,255,1017.9,9.1,9.3,8.9,MM,MM,MM
2026,01,29,10,00,100,10.0,14.0,MM,MM,MM,MM,1017.9,9.0,9.3,8.8,MM,-2.0,MM
2026,01,29,09,50,110,10.0,13.0,2.4,11,8.0,242,1018.3,9.1,9.3,8.9,MM,MM,MM
2026,01,29,09,40,130,9.0,11.0,MM,MM,MM,MM,1018.9,9.1,9.3,9.0,MM,MM,MM
2026,01,29,09,30,130,8.0,11.0,MM,MM,MM,MM,1019.2,9.2,9.3,9.1,MM,MM,MM
2026,01,29,09,20,120,7.0,9.0,2.5,11,8.1,244,1019.2,9.1,9.3,9.1,MM,MM,MM
2026,01,29,09,10,120,7.0,9.0,2.5,MM,8.1,244,1019.3,9.1,9.3,9.1,MM,MM,MM
2026,01,29,09,00,110,8.0,10.0,MM,MM,MM,MM,1018.9,9.1,9.3,9.0,MM,-0.8,MM
2026,01,29,08,50,110,8.0,10.0,2.1,11,7.4,250,1019.1,9.1,9.3,9.0,MM,MM,MM
2026,01,29,08,40,110,8.0,10.0,2.1,MM,7.4,250,1019.3,9.1,9.3,9.0,MM,MM,MM
2026,01,29,08,30,110,8.0,10.0,MM,MM,MM,MM,1019.2,9.0,9.4,8.8,MM,MM,MM
2026,01,29,08,20,110,8.0,10.0,2.3,12,7.6,237,1019.3,9.0,9.4,8.8,MM,MM,MM
2026,01,29,08,10,110,8.0,10.0,2.3,MM,7.6,237,1019.3,9.1,9.4,8.8,MM,MM,MM
2026,01,29,08,00,110,8.0,11.0,MM,MM,MM,MM,1019.4,9.1,9.4,8.8,MM,-0.8,MM
2026,01,29,07,50,120,8.0,10.0,2.1,11,6.9,228,1019.5,9.1,9.4,8.8,MM,MM,MM
2026,01,29,07,40,110,8.0,10.0,MM,MM,MM,MM,1019.6,9.1,9.4,8.8,MM,MM,MM
2026,01,29,07,30,120,8.0,10.0,MM,MM,MM,MM,1019.6,9.0,9.5,8.8,MM,MM,MM
2026,01,29,07,20,130,9.0,11.0,2.6,11,7.1,240,1019.8,9.0,9.4,8.8,MM,MM,MM
2026,01,29,07,10,130,8.0,10.0,2.6,MM,7.1,240,1019.7,8.9,9.3,8.8,MM,MM,MM
2026,01,29,07,00,120,9.0,12.0,MM,MM,MM,MM,1019.8,8.9,9.4,8.9,MM,-0.7,MM
2026,01,29,06,50,120,9.0,11.0,2.7,11,7.3,241,1019.5,8.9,9.3,8.8,MM,MM,MM
2026,01,29,06,40,120,9.0,11.0,MM,MM,MM,MM,1019.5,8.9,9.4,8.7,MM,MM,MM
2026,01,29,06,30,120,8.0,11.0,MM,MM,MM,MM,1019.5,8.9,9.4,8.6,MM,MM,MM
2026,01,29,06,20,110,8.0,10.0,3.0,11,7.6,230,1019.5,8.8,9.4,8.5,MM,MM,MM
2026,01,29,06,10,110,8.0,11.0,3.0,MM,7.6,230,1019.7,8.7,9.4,8.4,MM,MM,MM
2026,01,29,06,00,110,8.0,10.0,MM,MM,MM,MM,1019.8,8.7,9.4,8.4,MM,-0.3,MM
2026,01,29,05,50,110,8.0,10.0,3.1,11,7.4,238,1019.9,8.7,9.4,8.4,MM,MM,MM
2026,01,29,05,40,110,8.0,11.0,MM,MM,MM,MM,1020.0,8.7,9.5,8.3,MM,MM,MM
2026,01,29,05,30,110,8.0,11.0,MM,MM,MM,MM,1020.0,8.8,9.3,8.4,MM,MM,MM
2026,01,29,05,20,120,7.0,9.0,3.1,11,7.3,242,1020.2,8.8,9.3,8.4,MM,MM,MM
2026,01,29,05,10,110,7.0,10.0,MM,MM,MM,MM,1020.3,8.8,9.3,8.2,MM,MM,MM
2026,01,29,05,00,110,8.0,10.0,MM,MM,MM,MM,1020.3,8.8,9.3,8.2,MM,+0.0,MM
2026,01,29,04,50,110,9.0,11.0,2.9,10,6.9,222,1020.0,8.8,9.3,8.1,MM,MM,MM
2026,01,29,04,40,110,9.0,11.0,MM,MM,MM,MM,1020.1,8.8,9.4,8.0,MM,MM,MM
2026,01,29,04,30,120,8.0,11.0,MM,MM,MM,MM,1020.3,8.8,9.4,8.0,MM,MM,MM
2026,01,29,04,20,120,8.0,10.0,3.0,11,7.0,243,1020.4,8.8,9.4,8.1,MM,MM,MM
2026,01,29,04,10,120,8.0,11.0,3.0,MM,7.0,243,1020.4,8.8,9.4,8.1,MM,MM,MM
2026,01,29,04,00,120,9.0,11.0,MM,MM,MM,MM,1020.6,8.8,9.4,8.1,MM,-0.3,MM
2026,01,29,03,50,120,10.0,12.0,2.9,11,7.3,260,1020.3,8.9,9.4,8.2,MM,MM,MM
2026,01,29,03,40,110,9.0,11.0,2.9,MM,7.3,260,1020.1,8.8,9.4,8.3,MM,MM,MM
2026,01,29,03,30,120,9.0,13.0,MM,MM,MM,MM,1020.5,8.9,9.4,8.5,MM,MM,MM
2026,01,29,03,20,120,9.0,11.0,3.0,11,7.3,246,1020.3,8.9,9.4,8.4,MM,MM,MM
2026,01,29,03,10,120,9.0,11.0,3.0,MM,7.3,246,1020.3,8.9,9.4,8.3,MM,MM,MM
2026,01,29,03,00,120,9.0,12.0,MM,MM,MM,MM,1020.3,8.9,9.4,8.4,MM,-0.8,MM
2026,01,29,02,50,110,10.0,13.0,2.9,11,7.2,249,1020.2,9.0,9.4,8.5,MM,MM,MM
2026,01,29,02,40,120,9.0,14.0,2.9,MM,7.2,249,1020.3,9.0,9.4,8.6,MM,MM,MM
2026,01,29,02,30,120,9.0,12.0,MM,MM,MM,MM,1020.3,9.1,9.4,8.7,MM,MM,MM
2026,01,29,02,20,120,10.0,13.0,2.3,12,6.4,268,1020.3,9.1,9.4,8.7,MM,MM,MM
2026,01,29,02,10,120,10.0,14.0,MM,MM,MM,MM,1020.4,9.0,9.4,8.6,MM,MM,MM
2026,01,29,02,00,120,10.0,12.0,MM,MM,MM,MM,1020.6,9.0,9.4,8.5,MM,+0.0,MM
2026,01,29,01,50,120,10.0,13.0,2.5,11,6.7,237,1020.6,9.0,9.4,8.4,MM,MM,MM
2026,01,29,01,40,110,10.0,14.0,MM,MM,MM,MM,1020.3,8.9,9.4,8.3,MM,MM,MM
2026,01,29,01,30,110,11.0,14.0,MM,MM,MM,MM,1020.4,8.9,9.4,8.3,MM,MM,MM
2026,01,29,01,20,110,10.0,13.0,2.4,12,7.1,236,1020.7,9.0,9.4,8.5,MM,MM,MM
2026,01,29,01,10,110,9.0,12.0,MM,MM,MM,MM,1020.7,9.1,9.4,8.6,MM,MM,MM
2026,01,29,01,00,120,9.0,13.0,MM,MM,MM,MM,1020.8,9.0,9.4,8.6,MM,-0.0,MM
2026,01,29,00,50,120,9.0,12.0,2.3,12,7.4,243,1021.0,8.9,9.4,8.6,MM,MM,MM
2026,01,29,00,40,120,9.0,11.0,2.3,MM,7.4,243,1021.0,8.8,9.3,8.6,MM,MM,MM
2026,01,29,00,30,120,9.0,12.0,MM,MM,MM,MM,1021.1,8.7,9.3,8.6,MM,MM,MM
2026,01,29,00,20,130,9.0,11.0,2.2,11,7.3,231,1021.3,8.6,9.3,8.6,MM,MM,MM
2026,01,29,00,10,120,9.0,12.0,2.2,MM,7.3,231,1021.0,8.7,9.3,8.6,MM,MM,MM
2026,01,29,00,00,120,9.0,11.0,MM,MM,MM,MM,1021.1,8.9,9.3,8.8,MM,-1.3,MM
2026,01,28,23,50,120,8.0,10.0,1.7,12,6.3,233,1021.0,9.1,9.3,8.8,MM,MM,MM
2026,01,28,23,40,110,8.0,10.0,MM,MM,MM,MM,1020.8,9.5,9.3,8.9,MM,MM,MM
2026,01,28,23,30,100,8.0,10.0,MM,MM,MM,MM,1020.9,9.6,9.3,9.0,MM,MM,MM
2026,01,28,23,20,100,8.0,11.0,1.6,10,6.1,229,1020.9,9.6,9.3,8.9,MM,MM,MM
2026,01,28,23,10,90,8.0,10.0,1.6,MM,6.1,229,1020.9,9.5,9.3,8.7,MM,MM,MM
2026,01,28,23,00,90,9.0,11.0,MM,MM,MM,MM,1020.6,9.3,9.3,8.7,MM,-1.3,MM
2026,01,28,22,50,90,9.0,11.0,1.8,12,6.5,239,1020.7,9.1,9.3,8.7,MM,MM,MM
2026,01,28,22,40,90,9.0,11.0,1.8,MM,6.5,239,1020.7,9.0,9.3,8.6,MM,MM,MM
2026,01,28,22,30,90,9.0,11.0,MM,MM,MM,MM,1020.7,8.8,9.3,8.5,MM,MM,MM
2026,01,28,22,20,100,9.0,11.0,1.6,14,6.2,242,1020.9,8.8,9.3,8.5,MM,MM,MM
2026,01,28,22,10,100,9.0,12.0,1.6,MM,6.2,242,1020.7,8.8,9.4,8.4,MM,MM,MM
2026,01,28,22,00,110,9.0,11.0,MM,MM,MM,MM,1021.0,8.9,9.4,8.3,MM,-0.8,MM
2026,01,28,21,50,110,8.0,10.0,1.9,14,6.8,246,1021.4,9.0,9.4,8.5,MM,MM,MM
2026,01,28,21,40,110,7.0,10.0,1.9,MM,6.8,246,1021.8,8.9,9.4,8.5,MM,MM,MM
2026,01,28,21,30,120,7.0,10.0,MM,MM,MM,MM,1022.0,9.0,9.4,8.6,MM,MM,MM
2026,01,28,21,20,120,7.0,9.0,1.9,11,6.4,217,1022.3,8.8,9.4,8.5,MM,MM,MM
2026,01,28,21,10,120,8.0,10.0,1.9,MM,6.4,217,1022.1,8.8,9.4,8.4,MM,MM,MM
2026,01,28,21,00,120,7.0,9.0,MM,MM,MM,MM,1022.2,8.8,9.4,8.3,MM,+0.8,MM
2026,01,28,20,50,120,8.0,10.0,1.7,11,6.4,216,1022.2,8.8,9.4,8.3,MM,MM,MM
2026,01,28,20,40,120,8.0,10.0,MM,MM,MM,MM,1022.2,8.8,9.4,8.2,MM,MM,MM
2026,01,28,20,30,120,8.0,10.0,MM,MM,MM,MM,1022.3,8.8,9.4,8.2,MM,MM,MM
2026,01,28,20,20,120,8.0,9.0,1.7,13,6.2,233,1022.3,8.9,9.5,8.3,MM,MM,MM
2026,01,28,20,10,120,8.0,10.0,MM,MM,MM,MM,1022.2,8.8,9.5,8.1,MM,MM,MM
2026,01,28,20,00,120,9.0,11.0,MM,MM,MM,MM,1021.9,8.8,9.4,8.0,MM,+0.9,MM
2026,01,28,19,50,120,8.0,11.0,1.7,11,6.4,217,1022.0,8.7,9.4,8.0,MM,MM,MM
2026,01,28,19,40,120,9.0,11.0,1.7,MM,6.4,217,1021.9,8.8,9.4,8.2,MM,MM,MM
2026,01,28,19,30,120,9.0,12.0,MM,MM,MM,MM,1021.8,8.8,9.5,8.2,MM,MM,MM
2026,01,28,19,20,120,8.0,10.0,1.6,11,6.4,214,1021.7,9.0,9.5,8.3,MM,MM,MM
2026,01,28,19,10,120,8.0,11.0,MM,MM,MM,MM,1021.8,9.0,9.5,8.2,MM,MM,MM
2026,01,28,19,00,120,9.0,11.0,MM,MM,MM,MM,1021.8,8.9,9.5,8.1,MM,+1.0,MM
2026,01,28,18,50,120,9.0,12.0,1.6,14,7.0,271,1021.8,8.8,9.5,8.0,MM,MM,MM
2026,01,28,18,40,120,8.0,11.0,MM,MM,MM,MM,1021.6,8.9,9.5,8.3,MM,MM,MM
2026,01,28,18,30,130,7.0,10.0,MM,MM,MM,MM,1021.9,8.8,9.5,8.3,MM,MM,MM
2026,01,28,18,20,130,8.0,12.0,1.8,11,7.3,221,1021.7,8.9,9.5,8.3,MM,MM,MM
2026,01,28,18,10,130,8.0,12.0,1.8,MM,7.3,221,1021.7,9.0,9.5,8.4,MM,MM,MM
2026,01,28,18,00,130,8.0,10.0,MM,MM,MM,MM,1021.5,9.1,9.5,8.3,MM,+1.1,MM
2026,01,28,17,50,120,7.0,9.0,1.6,11,7.0,217,1021.3,9.3,9.5,8.4,MM,MM,MM
2026,01,28,17,40,120,7.0,9.0,1.6,MM,7.0,217,1021.2,9.6,9.5,8.6,MM,MM,MM
2026,01,28,17,30,120,7.0,9.0,MM,MM,MM,MM,1021.0,9.6,9.5,8.6,MM,MM,MM
2026,01,28,17,20,120,6.0,8.0,1.7,11,7.6,210,1021.0,9.6,9.5,8.6,MM,MM,MM
2026,01,28,17,10,120,6.0,7.0,1.7,MM,7.6,210,1021.1,9.8,9.5,8.6,MM,MM,MM
2026,01,28,17,00,130,6.0,7.0,MM,MM,MM,MM,1020.9,9.9,9.5,8.5,MM,+1.1,MM
2026,01,28,16,50,130,6.0,7.0,1.7,11,7.1,229,1020.8,9.9,9.5,8.6,MM,MM,MM
2026,01,28,16,40,130,6.0,7.0,1.7,MM,7.1,229,1020.8,9.9,9.5,8.7,MM,MM,MM
2026,01,28,16,30,130,6.0,7.0,MM,MM,MM,MM,1020.8,10.0,9.4,8.6,MM,MM,MM
2026,01,28,16,20,140,5.0,7.0,1.7,11,7.3,211,1020.9,10.0,9.4,8.4,MM,MM,MM
2026,01,28,16,10,140,6.0,7.0,1.7,MM,7.3,211,1020.8,10.1,9.5,8.4,MM,MM,MM
2026,01,28,16,00,140,6.0,8.0,MM,MM,MM,MM,1020.7,10.1,9.4,8.5,MM,+1.6,MM
2026,01,28,15,50,140,5.0,7.0,1.8,11,7.1,234,1020.6,9.8,9.4,8.4,MM,MM,MM
2026,01,28,15,40,140,5.0,7.0,MM,MM,MM,MM,1020.6,9.8,9.4,8.4,MM,MM,MM
2026,01,28,15,30,150,6.0,8.0,MM,MM,MM,MM,1020.6,10.1,9.4,8.6,MM,MM,MM
2026,01,28,15,20,150,7.0,8.0,1.9,11,6.8,223,1020.5,10.2,9.4,8.3,MM,MM,MM
2026,01,28,15,10,160,7.0,8.0,1.9,MM,6.8,223,1020.4,10.2,9.4,8.4,MM,MM,MM
2026,01,28,15,00,160,7.0,9.0,MM,MM,MM,MM,1020.3,10.3,9.4,8.5,MM,+1.3,MM
2026,01,28,14,50,170,8.0,9.0,2.0,11,6.8,223,1020.4,10.3,9.3,8.7,MM,MM,MM
2026,01,28,14,40,170,8.0,10.0,MM,MM,MM,MM,1020.2,10.2,9.3,8.9,MM,MM,MM
2026,01,28,14,30,170,8.0,9.0,MM,MM,MM,MM,1020.1,10.1,9.3,8.9,MM,MM,MM
2026,01,28,14,20,180,8.0,11.0,2.0,11,7.2,224,1020.0,10.1,9.3,9.0,MM,MM,MM
2026,01,28,14,10,180,7.0,9.0,2.0,MM,7.2,224,1020.0,10.1,9.3,9.0,MM,MM,MM
2026,01,28,14,00,180,7.0,9.0,MM,MM,MM,MM,1019.9,10.1,9.3,8.9,MM,+1.6,MM
2026,01,28,13,50,180,7.0,9.0,2.1,10,6.8,224,1019.8,10.1,9.3,8.9,MM,MM,MM
2026,01,28,13,40,180,7.0,9.0,2.1,MM,6.8,224,1019.7,10.1,9.3,8.9,MM,MM,MM
2026,01,28,13,30,180,8.0,10.0,MM,MM,MM,MM,1019.6,10.1,9.2,8.9,MM,MM,MM
2026,01,28,13,20,180,8.0,9.0,2.3,11,7.4,219,1019.6,10.1,9.2,8.9,MM,MM,MM
2026,01,28,13,10,190,8.0,10.0,2.3,MM,7.4,219,1019.4,10.0,9.3,8.8,MM,MM,MM
2026,01,28,13,00,180,8.0,10.0,MM,MM,MM,MM,1019.3,10.0,9.3,8.9,MM,+2.4,MM
2026,01,28,12,50,180,8.0,10.0,2.3,11,7.5,219,1019.2,10.0,9.3,8.9,MM,MM,MM
2026,01,28,12,40,180,8.0,11.0,MM,MM,MM,MM,1019.1,9.8,9.3,8.8,MM,MM,MM
2026,01,28,12,30,180,8.0,9.0,MM,MM,MM,MM,1018.9,9.8,9.3,8.8,MM,MM,MM
2026,01,28,12,20,180,7.0,9.0,2.2,11,7.3,226,1019.0,9.8,9.3,8.8,MM,MM,MM
2026,01,28,12,10,180,7.0,9.0,2.2,MM,7.3,226,1019.0,9.9,9.2,8.9,MM,MM,MM
2026,01,28,12,00,180,7.0,9.0,MM,MM,MM,MM,1019.0,9.9,9.2,8.8,MM,+3.4,MM
2026,01,28,11,50,190,8.0,10.0,2.3,11,7.6,216,1019.0,9.9,9.2,8.7,MM,MM,MM
2026,01,28,11,40,190,9.0,11.0,2.3,MM,7.6,216,1018.8,9.9,9.2,8.8,MM,MM,MM
2026,01,28,11,30,180,9.0,11.0,MM,MM,MM,MM,1018.6,9.8,9.2,8.9,MM,MM,MM
2026,01,28,11,20,190,9.0,11.0,2.4,11,7.3,222,1018.6,9.7,9.2,8.9,MM,MM,MM
2026,01,28,11,10,190,10.0,12.0,MM,MM,MM,MM,1018.4,9.8,9.2,9.0,MM,MM,MM
2026,01,28,11,00,190,9.0,12.0,MM,MM,MM,MM,1018.3,9.8,9.2,9.1,MM,+3.6,MM
2026,01,28,10,50,190,9.0,10.0,2.4,11,6.4,220,1018.2,9.7,9.2,9.2,MM,MM,MM
2026,01,28,10,40,190,9.0,11.0,MM,MM,MM,MM,1018.1,9.5,9.2,9.0,MM,MM,MM
2026,01,28,10,30,190,10.0,13.0,MM,MM,MM,MM,1017.8,9.4,9.2,9.0,MM,MM,MM
2026,01,28,10,20,190,10.0,12.0,2.4,11,6.4,223,1017.5,9.3,9.2,9.1,MM,MM,MM
2026,01,28,10,10,180,10.0,13.0,2.4,MM,6.4,223,1017.3,9.2,9.1,8.9,MM,MM,MM
2026,01,28,10,00,180,10.0,13.0,MM,MM,MM,MM,1017.0,9.2,9.1,8.7,MM,+1.8,MM
2026,01,28,09,50,180,10.0,13.0,2.5,11,6.6,224,1016.9,9.3,9.1,8.5,MM,MM,MM
2026,01,28,09,40,180,10.0,13.0,MM,MM,MM,MM,1016.7,9.4,9.1,8.3,MM,MM,MM
2026,01,28,09,30,180,11.0,14.0,MM,MM,MM,MM,1016.4,9.6,8.9,8.1,MM,MM,MM
2026,01,28,09,20,170,10.0,14.0,2.8,9,6.9,201,1016.0,9.8,8.8,7.9,MM,MM,MM
2026,01,28,09,10,170,10.0,13.0,MM,MM,MM,MM,1015.9,10.0,8.8,7.7,MM,MM,MM
2026,01,28,09,00,170,11.0,15.0,MM,MM,MM,MM,1015.6,10.4,8.8,7.6,MM,+0.8,MM
2026,01,28,08,50,160,10.0,13.0,2.7,10,7.1,212,1015.4,10.5,8.8,7.5,MM,MM,MM
2026,01,28,08,40,160,11.0,14.0,2.7,MM,7.1,212,1015.3,10.6,8.8,7.3,MM,MM,MM
2026,01,28,08,30,160,11.0,14.0,MM,MM,MM,MM,1015.2,10.6,8.8,7.2,MM,MM,MM
2026,01,28,08,20,160,11.0,15.0,2.3,9,6.7,201,1015.1,10.7,8.8,7.2,MM,MM,MM
2026,01,28,08,10,160,11.0,16.0,MM,MM,MM,MM,1015.0,10.8,8.8,7.1,MM,MM,MM
2026,01,28,08,00,160,11.0,15.0,MM,MM,MM,MM,1014.9,10.9,8.8,7.1,MM,+0.0,MM
2026,01,28,07,50,150,11.0,15.0,2.5,11,6.8,216,1015.0,10.8,8.8,7.1,MM,MM,MM
2026,01,28,07,40,150,11.0,14.0,MM,MM,MM,MM,1014.9,10.8,8.8,7.1,MM,MM,MM
2026,01,28,07,30,150,11.0,16.0,MM,MM,MM,MM,1014.9,10.8,8.8,7.1,MM,MM,MM
2026,01,28,07,20,150,10.0,15.0,2.4,10,6.8,208,1015.0,10.7,8.8,7.0,MM,MM,MM
2026,01,28,07,10,140,8.0,12.0,2.4,MM,6.8,208,1015.0,10.4,8.8,7.0,MM,MM,MM
2026,01,28,07,00,130,8.0,11.0,MM,MM,MM,MM,1015.1,10.3,8.7,6.8,MM,+0.8,MM
2026,01,28,06,50,120,8.0,9.0,2.4,9,7.0,201,1015.0,10.2,8.7,6.5,MM,MM,MM
2026,01,28,06,40,130,8.0,12.0,2.4,MM,7.0,201,1015.0,10.2,8.7,6.5,MM,MM,MM
2026,01,28,06,30,130,8.0,12.0,MM,MM,MM,MM,1015.0,10.0,8.7,6.2,MM,MM,MM
2026,01,28,06,20,130,8.0,12.0,2.6,9,7.3,199,1015.0,10.1,8.7,6.2,MM,MM,MM
2026,01,28,06,10,120,8.0,10.0,2.6,MM,7.3,199,1014.8,10.0,8.7,6.0,MM,MM,MM
2026,01,28,06,00,120,8.0,11.0,MM,MM,MM,MM,1014.5,9.8,8.7,6.1,MM,+0.4,MM
2026,01,28,05,50,100,8.0,10.0,2.1,10,6.6,203,1014.5,9.3,8.7,6.2,MM,MM,MM
2026,01,28,05,40,100,8.0,11.0,MM,MM,MM,MM,1014.3,9.1,8.7,5.9,MM,MM,MM
2026,01,28,05,30,110,9.0,11.0,MM,MM,MM,MM,1014.5,9.2,8.7,5.9,MM,MM,MM
2026,01,28,05,20,100,8.0,10.0,2.0,9,6.2,194,1014.5,8.6,8.7,6.0,MM,MM,MM
2026,01,28,05,10,110,8.0,10.0,2.0,MM,6.2,194,1014.4,8.5,8.8,5.9,MM,MM,MM
2026,01,28,05,00,100,9.0,10.0,MM,MM,MM,MM,1014.3,8.4,8.8,5.9,MM,-0.9,MM
2026,01,28,04,50,110,8.0,9.0,2.1,9,6.2,200,1014.3,8.5,8.8,6.3,MM,MM,MM
2026,01,28,04,40,110,8.0,10.0,MM,MM,MM,MM,1014.4,8.5,8.8,6.5,MM,MM,MM
2026,01,28,04,30,110,8.0,10.0,MM,MM,MM,MM,1014.2,8.3,8.8,6.3,MM,MM,MM
2026,01,28,04,20,110,9.0,11.0,1.9,8,6.0,202,1014.3,8.3,8.8,6.1,MM,MM,MM
2026,01,28,04,10,110,8.0,10.0,1.9,MM,6.0,202,1014.2,8.3,8.8,6.3,MM,MM,MM
2026,01,28,04,00,100,9.0,11.0,MM,MM,MM,MM,1014.1,8.2,8.8,6.0,MM,-0.8,MM
2026,01,28,03,50,90,9.0,12.0,1.7,8,5.5,205,1014.0,8.0,8.8,6.0,MM,MM,MM
2026,01,28,03,40,90,10.0,11.0,1.7,MM,5.5,205,1014.0,7.7,8.8,5.9,MM,MM,MM
2026,01,28,03,30,90,10.0,12.0,MM,MM,MM,MM,1014.2,7.9,8.8,6.2,MM,MM,MM
2026,01,28,03,20,90,10.0,12.0,1.5,8,5.5,207,1014.1,8.1,8.8,5.7,MM,MM,MM
2026,01,28,03,10,90,10.0,12.0,MM,MM,MM,MM,1014.2,8.1,8.8,5.3,MM,MM,MM
2026,01,28,03,00,90,10.0,12.0,MM,MM,MM,MM,1014.4,8.1,8.8,5.3,MM,-0.9,MM
2026,01,28,02,50,90,10.0,12.0,1.4,8,5.5,205,1014.5,8.1,8.8,5.1,MM,MM,MM
2026,01,28,02,40,100,10.0,12.0,1.4,MM,5.5,205,1014.6,8.1,8.8,5.0,MM,MM,MM
2026,01,28,02,30,100,9.0,12.0,MM,MM,MM,MM,1014.7,8.0,8.8,4.7,MM,MM,MM
2026,01,28,02,20,110,8.0,10.0,1.1,8,5.6,207,1015.1,8.1,8.8,4.8,MM,MM,MM
2026,01,28,02,10,110,9.0,11.0,MM,MM,MM,MM,1015.3,8.2,8.8,5.4,MM,MM,MM
2026,01,28,02,00,110,8.0,10.0,MM,MM,MM,MM,1015.2,8.2,8.8,5.3,MM,-0.3,MM
2026,01,28,01,50,100,8.0,10.0,1.2,8,5.6,215,1015.1,8.3,8.7,5.4,MM,MM,MM
2026,01,28,01,40,100,8.0,10.0,1.2,MM,5.6,215,1014.9,8.3,8.7,5.5,MM,MM,MM
2026,01,28,01,30,100,9.0,11.0,MM,MM,MM,MM,1015.0,8.3,8.7,5.2,MM,MM,MM
2026,01,28,01,20,100,9.0,11.0,1.5,8,5.4,219,1014.8,8.3,8.7,5.3,MM,MM,MM
2026,01,28,01,10,100,10.0,12.0,1.5,MM,5.4,219,1014.6,8.3,8.7,5.2,MM,MM,MM
2026,01,28,01,00,100,10.0,12.0,MM,MM,MM,MM,1014.7,8.3,8.7,4.9,MM,-1.5,MM
2026,01,28,00,50,100,10.0,11.0,1.3,8,5.4,215,1014.9,8.3,8.7,5.0,MM,MM,MM
2026,01,28,00,40,100,10.0,12.0,1.3,MM,5.4,215,1014.9,8.3,8.7,4.9,MM,MM,MM
2026,01,28,00,30,90,10.0,12.0,MM,MM,MM,MM,1014.8,8.5,8.7,5.1,MM,MM,MM
2026,01,28,00,20,90,9.0,11.0,1.3,8,5.4,209,1014.9,8.6,8.7,4.7,MM,MM,MM
2026,01,28,00,10,90,9.0,10.0,1.3,MM,5.4,209,1014.9,8.5,8.7,4.9,MM,MM,MM
2026,01,28,00,00,90,9.0,11.0,MM,MM,MM,MM,1015.1,8.5,8.7,4.9,MM,-2.0,MM
2026,01,27,23,50,90,9.0,11.0,1.0,8,5.0,224,1015.4,8.3,8.7,4.8,MM,MM,MM
2026,01,27,23,40,90,9.0,11.0,1.0,MM,5.0,224,1015.5,8.3,8.7,4.5,MM,MM,MM
2026,01,27,23,30,100,10.0,12.0,MM,MM,MM,MM,1015.1,8.2,8.7,4.4,MM,MM,MM
2026,01,27,23,20,110,10.0,12.0,1.0,8,5.2,207,1015.6,8.0,8.7,4.3,MM,MM,MM
2026,01,27,23,10,110,10.0,12.0,1.0,MM,5.2,207,1015.4,8.0,8.7,4.4,MM,MM,MM
2026,01,27,23,00,120,11.0,13.0,MM,MM,MM,MM,1015.4,8.0,8.7,4.4,MM,-3.1,MM
2026,01,27,22,50,120,11.0,13.0,1.1,8,5.2,208,1015.3,7.9,8.7,4.1,MM,MM,MM
2026,01,27,22,40,120,11.0,13.0,MM,MM,MM,MM,1015.4,7.9,8.7,4.4,MM,MM,MM
2026,01,27,22,30,120,10.0,11.0,MM,MM,MM,MM,1015.3,7.8,8.7,4.5,MM,MM,MM
2026,01,27,22,20,120,10.0,12.0,1.2,8,5.2,212,1015.6,7.8,8.7,4.6,MM,MM,MM
2026,01,27,22,10,120,10.0,11.0,MM,MM,MM,MM,1015.9,7.8,8.7,4.7,MM,MM,MM
2026,01,27,22,00,120,10.0,12.0,MM,MM,MM,MM,1016.2,7.7,8.7,4.7,MM,-2.7,MM
2026,01,27,21,50,120,9.0,11.0,1.1,8,5.0,221,1016.3,7.8,8.7,4.9,MM,MM,MM
2026,01,27,21,40,110,10.0,12.0,1.1,MM,5.0,221,1016.4,7.7,8.6,4.6,MM,MM,MM
2026,01,27,21,30,100,11.0,12.0,MM,MM,MM,MM,1016.5,7.6,8.6,4.5,MM,MM,MM
2026,01,27,21,20,90,10.0,12.0,1.0,7,5.0,217,1016.7,7.7,8.6,4.6,MM,MM,MM
2026,01,27,21,10,90,10.0,12.0,MM,MM,MM,MM,1017.1,7.7,8.6,4.1,MM,MM,MM
2026,01,27,21,00,90,10.0,12.0,MM,MM,MM,MM,1017.3,7.7,8.7,4.2,MM,-1.7,MM
2026,01,27,20,50,90,9.0,11.0,1.1,8,5.0,215,1017.8,7.7,8.6,4.3,MM,MM,MM
2026,01,27,20,40,90,9.0,11.0,MM,MM,MM,MM,1018.2,7.7,8.6,4.0,MM,MM,MM
2026,01,27,20,30,90,9.0,11.0,MM,MM,MM,MM,1018.3,7.7,8.6,4.0,MM,MM,MM
2026,01,27,20,20,90,9.0,10.0,1.1,7,4.4,214,1018.5,7.7,8.9,4.0,MM,MM,MM
2026,01,27,20,10,100,8.0,10.0,1.1,MM,4.4,214,1018.7,7.7,8.9,4.0,MM,MM,MM
2026,01,27,20,00,100,8.0,10.0,MM,MM,MM,MM,1018.9,7.6,8.8,3.9,MM,-0.4,MM
2026,01,27,19,50,100,8.0,10.0,1.0,8,4.3,227,1019.1,7.6,8.8,3.9,MM,MM,MM
2026,01,27,19,40,100,9.0,10.0,MM,MM,MM,MM,1019.1,7.6,8.8,3.7,MM,MM,MM
2026,01,27,19,30,100,9.0,10.0,MM,MM,MM,MM,1019.1,7.6,8.8,3.6,MM,MM,MM
2026,01,27,19,20,110,8.0,10.0,1.0,8,4.1,217,1019.3,7.6,8.8,3.7,MM,MM,MM
2026,01,27,19,10,110,9.0,10.0,1.0,MM,4.1,217,1019.3,7.6,8.8,3.7,MM,MM,MM
2026,01,27,19,00,110,9.0,10.0,MM,MM,MM,MM,1019.3,7.6,8.8,3.8,MM,+0.0,MM
2026,01,27,18,50,110,9.0,11.0,1.1,8,4.1,226,1019.3,7.5,8.8,3.7,MM,MM,MM
2026,01,27,18,40,110,9.0,10.0,1.1,MM,4.1,226,1019.3,7.5,8.8,3.8,MM,MM,MM
2026,01,27,18,30,110,9.0,11.0,MM,MM,MM,MM,1019.2,7.5,8.8,3.8,MM,MM,MM
2026,01,27,18,20,110,10.0,11.0,1.1,12,4.3,231,1019.2,7.4,8.8,3.8,MM,MM,MM
2026,01,27,18,10,110,10.0,12.0,1.1,MM,4.3,231,1019.3,7.4,8.8,4.1,MM,MM,MM
2026,01,27,18,00,110,10.0,12.0,MM,MM,MM,MM,1019.2,7.4,8.7,4.2,MM,-0.5,MM
2026,01,27,17,50,110,11.0,12.0,1.1,13,4.2,244,1019.2,7.3,8.6,4.0,MM,MM,MM
2026,01,27,17,40,110,10.0,12.0,MM,MM,MM,MM,1019.2,7.3,8.6,4.0,MM,MM,MM
2026,01,27,17,30,110,10.0,12.0,MM,MM,MM,MM,1019.4,7.2,8.6,4.0,MM,MM,MM
2026,01,27,17,20,110,10.0,12.0,1.1,4,4.2,127,1019.4,7.2,8.6,4.1,MM,MM,MM
2026,01,27,17,10,110,10.0,12.0,1.1,MM,4.2,127,1019.5,7.2,8.6,4.2,MM,MM,MM
2026,01,27,17,00,110,10.0,12.0,MM,MM,MM,MM,1019.4,7.1,8.6,4.1,MM,-0.6,MM
2026,01,27,16,50,120,10.0,12.0,1.1,4,4.3,117,1019.3,7.1,8.6,4.3,MM,MM,MM
2026,01,27,16,40,110,11.0,13.0,MM,MM,MM,MM,1019.2,7.1,8.6,4.2,MM,MM,MM
2026,01,27,16,30,120,11.0,12.0,MM,MM,MM,MM,1019.2,7.1,8.6,4.1,MM,MM,MM
2026,01,27,16,20,110,11.0,13.0,1.1,4,4.1,126,1019.2,7.1,8.6,4.3,MM,MM,MM
2026,01,27,16,10,120,10.0,13.0,1.1,MM,4.1,126,1019.3,7.1,8.6,4.6,MM,MM,MM
2026,01,27,16,00,110,10.0,12.0,MM,MM,MM,MM,1019.4,7.3,8.6,4.7,MM,-0.7,MM
2026,01,27,15,50,110,10.0,12.0,1.1,13,4.3,229,1019.4,7.3,8.6,4.5,MM,MM,MM
2026,01,27,15,40,110,10.0,12.0,MM,MM,MM,MM,1019.4,7.3,8.6,4.4,MM,MM,MM
2026,01,27,15,30,110,10.0,12.0,MM,MM,MM,MM,1019.6,7.3,MM,4.6,MM,MM,MM
2026,01,27,15,20,110,10.0,12.0,1.0,4,4.0,122,1019.6,7.2,8.5,4.4,MM,MM,MM
2026,01,27,15,10,110,10.0,12.0,1.0,MM,4.0,122,1019.6,7.2,8.5,4.5,MM,MM,MM
2026,01,27,15,00,110,10.0,12.0,MM,MM,MM,MM,1019.7,7.2,8.5,4.4,MM,-0.9,MM
2026,01,27,14,50,110,10.0,12.0,1.0,13,4.2,351,1019.7,7.2,8.5,4.3,MM,MM,MM
2026,01,27,14,40,110,10.0,12.0,1.0,MM,4.2,351,1019.7,7.2,8.5,4.2,MM,MM,MM
2026,01,27,14,30,110,10.0,11.0,MM,MM,MM,MM,1019.9,7.1,8.5,4.1,MM,MM,MM
2026,01,27,14,20,110,10.0,12.0,1.1,14,4.4,225,1019.9,7.0,8.5,4.2,MM,MM,MM
2026,01,27,14,10,110,9.0,11.0,MM,MM,MM,MM,1020.0,7.0,8.5,4.2,MM,MM,MM
2026,01,27,14,00,110,10.0,12.0,MM,MM,MM,MM,1020.1,7.0,8.5,4.0,MM,-1.3,MM
2026,01,27,13,50,120,10.0,12.0,1.0,14,4.1,227,1020.2,6.9,8.5,3.9,MM,MM,MM
2026,01,27,13,40,120,10.0,12.0,1.0,MM,4.1,227,1020.1,6.9,8.5,3.9,MM,MM,MM
2026,01,27,13,30,110,10.0,12.0,MM,MM,MM,MM,1020.2,6.9,8.5,3.8,MM,MM,MM
2026,01,27,13,20,110,10.0,13.0,1.0,13,4.5,229,1020.1,6.9,8.5,3.8,MM,MM,MM
2026,01,27,13,10,120,11.0,13.0,1.0,MM,4.5,229,1020.3,6.8,8.5,3.5,MM,MM,MM
2026,01,27,13,00,120,11.0,13.0,MM,MM,MM,MM,1020.2,6.9,8.5,3.6,MM,-1.5,MM
2026,01,27,12,50,120,11.0,13.0,1.0,14,4.3,168,1020.2,6.9,8.5,3.4,MM,MM,MM
2026,01,27,12,40,110,10.0,12.0,1.0,MM,4.3,168,1020.3,6.8,8.5,3.4,MM,MM,MM
2026,01,27,12,30,110,10.0,12.0,MM,MM,MM,MM,1020.3,6.8,8.5,3.6,MM,MM,MM
2026,01,27,12,20,120,10.0,12.0,1.0,13,4.2,246,1020.3,6.7,8.5,3.7,MM,MM,MM
2026,01,27,12,10,120,10.0,12.0,1.0,MM,4.2,246,1020.5,6.8,8.5,3.9,MM,MM,MM
2026,01,27,12,00,110,9.0,12.0,MM,MM,MM,MM,1020.6,6.9,8.5,3.9,MM,-1.4,MM
2026,01,27,11,50,110,9.0,11.0,1.0,14,4.2,252,1020.8,6.8,8.5,3.9,MM,MM,MM
2026,01,27,11,40,120,10.0,12.0,1.0,MM,4.2,252,1020.5,6.8,8.5,4.2,MM,MM,MM
2026,01,27,11,30,120,10.0,11.0,MM,MM,MM,MM,1020.9,6.8,8.5,4.3,MM,MM,MM
2026,01,27,11,20,120,10.0,12.0,1.0,14,4.4,266,1021.0,6.7,8.5,4.2,MM,MM,MM
2026,01,27,11,10,110,9.0,11.0,1.0,MM,4.4,266,1021.0,6.8,8.5,4.4,MM,MM,MM
2026,01,27,11,00,120,10.0,12.0,MM,MM,MM,MM,1021.3,6.8,8.5,4.2,MM,-0.5,MM
2026,01,27,10,50,120,10.0,11.0,1.0,14,4.4,249,1021.4,6.7,8.5,4.2,MM,MM,MM
2026,01,27,10,40,120,9.0,12.0,1.0,MM,4.4,249,1021.5,6.8,8.5,4.3,MM,MM,MM
2026,01,27,10,30,120,10.0,12.0,MM,MM,MM,MM,1021.7,6.8,8.5,4.1,MM,MM,MM
2026,01,27,10,20,120,10.0,12.0,1.0,14,4.6,287,1021.6,6.8,8.5,3.8,MM,MM,MM
2026,01,27,10,10,120,10.0,12.0,1.0,MM,4.6,287,1021.6,6.8,8.5,3.7,MM,MM,MM
2026,01,27,10,00,110,10.0,12.0,MM,MM,MM,MM,1021.6,6.7,8.5,3.7,MM,-0.5,MM
2026,01,27,09,50,110,10.0,12.0,1.1,14,4.5,267,1021.6,6.7,8.5,3.6,MM,MM,MM
2026,01,27,09,40,110,10.0,11.0,1.1,MM,4.5,267,1021.7,6.7,8.5,3.6,MM,MM,MM
2026,01,27,09,30,120,10.0,12.0,MM,MM,MM,MM,1021.7,6.6,8.5,3.4,MM,MM,MM
2026,01,27,09,20,120,10.0,11.0,1.2,14,5.0,256,1021.8,6.6,8.5,3.4,MM,MM,MM
2026,01,27,09,10,120,9.0,11.0,MM,MM,MM,MM,1021.9,6.6,8.5,3.3,MM,MM,MM
2026,01,27,09,00,120,9.0,11.0,MM,MM,MM,MM,1021.9,6.7,8.5,3.5,MM,+0.0,MM
2026,01,27,08,50,120,9.0,11.0,1.1,14,4.7,238,1022.0,6.7,8.6,3.4,MM,MM,MM
2026,01,27,08,40,120,10.0,11.0,MM,MM,MM,MM,1021.9,6.7,8.6,3.5,MM,MM,MM
2026,01,27,08,30,120,10.0,11.0,MM,MM,MM,MM,1022.0,6.7,8.6,3.6,MM,MM,MM
2026,01,27,08,20,120,10.0,11.0,1.1,13,4.7,233,1021.8,6.7,8.6,3.6,MM,MM,MM
2026,01,27,08,10,120,10.0,11.0,MM,MM,MM,MM,1021.9,6.7,8.6,3.5,MM,MM,MM
2026,01,27,08,00,120,10.0,12.0,MM,MM,MM,MM,1021.9,6.7,8.5,3.5,MM,-0.5,MM
2026,01,27,07,50,120,10.0,12.0,1.1,14,4.7,245,1022.0,6.7,8.6,3.6,MM,MM,MM
2026,01,27,07,40,120,10.0,12.0,MM,MM,MM,MM,1022.2,6.7,8.5,3.7,MM,MM,MM
2026,01,27,07,30,120,10.0,12.0,MM,MM,MM,MM,1022.3,6.7,8.6,3.7,MM,MM,MM
2026,01,27,07,20,120,10.0,11.0,1.1,15,5.0,231,1022.3,6.7,8.5,3.8,MM,MM,MM
2026,01,27,07,10,120,10.0,11.0,MM,MM,MM,MM,1022.1,6.8,8.6,3.9,MM,MM,MM
2026,01,27,07,00,120,10.0,12.0,MM,MM,MM,MM,1022.2,6.9,8.6,3.8,MM,+0.0,MM
2026,01,27,06,50,110,10.0,12.0,1.1,14,4.7,298,1021.9,7.1,8.6,3.8,MM,MM,MM
2026,01,27,06,40,110,10.0,12.0,MM,MM,MM,MM,1022.0,7.1,8.6,3.6,MM,MM,MM
2026,01,27,06,30,120,11.0,12.0,MM,MM,MM,MM,1022.1,7.0,8.6,3.4,MM,MM,MM
2026,01,27,06,20,120,10.0,13.0,1.1,9,4.6,260,1022.1,7.0,8.6,3.5,MM,MM,MM
2026,01,27,06,10,120,10.0,13.0,1.1,MM,4.6,260,1022.3,6.9,8.7,3.8,MM,MM,MM
2026,01,27,06,00,110,10.0,13.0,MM,MM,MM,MM,1022.3,6.8,8.7,3.5,MM,+0.0,MM
2026,01,27,05,50,110,11.0,12.0,1.1,14,4.8,232,1022.1,6.8,8.7,3.5,MM,MM,MM
2026,01,27,05,40,110,10.0,12.0,1.1,MM,4.8,232,1022.2,6.8,8.7,3.6,MM,MM,MM
2026,01,27,05,30,110,10.0,12.0,MM,MM,MM,MM,1022.1,6.7,8.8,3.6,MM,MM,MM
2026,01,27,05,20,110,10.0,12.0,1.2,14,5.0,222,1022.3,6.7,8.7,3.7,MM,MM,MM
2026,01,27,05,10,110,10.0,12.0,1.2,MM,5.0,222,1022.3,6.6,8.8,3.4,MM,MM,MM
2026,01,27,05,00,110,10.0,12.0,MM,MM,MM,MM,1022.4,6.5,8.7,3.1,MM,+0.3,MM
2026,01,27,04,50,110,9.0,11.0,1.2,9,4.9,243,1022.4,6.6,8.8,3.3,MM,MM,MM
2026,01,27,04,40,110,9.0,10.0,1.2,MM,4.9,243,1022.4,6.5,MM,3.2,MM,MM,MM
2026,01,27,04,30,120,9.0,11.0,MM,MM,MM,MM,1022.6,6.7,8.7,3.5,MM,MM,MM
2026,01,27,04,20,120,9.0,11.0,1.2,10,4.8,231,1022.3,6.9,8.7,3.5,MM,MM,MM
2026,01,27,04,10,120,11.0,12.0,MM,MM,MM,MM,1022.4,7.0,8.7,2.7,MM,MM,MM
2026,01,27,04,00,120,10.0,12.0,MM,MM,MM,MM,1022.3,7.0,8.7,3.1,MM,+0.4,MM
2026,01,27,03,50,120,11.0,12.0,1.1,14,4.9,266,1022.1,7.0,8.7,3.0,MM,MM,MM
2026,01,27,03,40,120,11.0,13.0,1.1,MM,4.9,266,1022.0,6.9,8.7,3.2,MM,MM,MM
2026,01,27,03,30,120,11.0,13.0,MM,MM,MM,MM,1022.0,6.8,8.7,3.4,MM,MM,MM
2026,01,27,03,20,110,11.0,13.0,1.2,14,4.5,229,1021.8,6.9,8.7,3.8,MM,MM,MM
2026,01,27,03,10,120,11.0,13.0,1.2,MM,4.5,229,1021.8,6.8,8.7,3.9,MM,MM,MM
2026,01,27,03,00,120,11.0,13.0,MM,MM,MM,MM,1022.1,6.8,8.7,3.9,MM,-0.6,MM
2026,01,27,02,50,110,11.0,13.0,1.2,14,4.8,239,1022.0,6.6,8.8,4.0,MM,MM,MM
2026,01,27,02,40,120,11.0,13.0,MM,MM,MM,MM,1022.0,6.7,8.8,3.9,MM,MM,MM
2026,01,27,02,30,110,11.0,12.0,MM,MM,MM,MM,1022.1,6.8,8.8,3.9,MM,MM,MM
2026,01,27,02,20,110,10.0,12.0,1.2,14,4.8,245,1022.1,6.9,8.8,3.7,MM,MM,MM
2026,01,27,02,10,110,10.0,12.0,MM,MM,MM,MM,1022.1,6.9,8.8,3.4,MM,MM,MM
2026,01,27,02,00,110,10.0,12.0,MM,MM,MM,MM,1021.9,6.9,8.8,3.4,MM,-0.6,MM
2026,01,27,01,50,110,10.0,12.0,1.3,14,4.9,273,1021.9,6.9,8.8,3.4,MM,MM,MM
2026,01,27,01,40,110,10.0,12.0,MM,MM,MM,MM,1021.9,6.9,8.8,3.2,MM,MM,MM
2026,01,27,01,30,110,10.0,12.0,MM,MM,MM,MM,1021.9,6.9,8.8,3.1,MM,MM,MM
2026,01,27,01,20,110,10.0,12.0,1.1,14,4.6,208,1021.8,6.9,8.8,3.1,MM,MM,MM
2026,01,27,01,10,110,10.0,12.0,1.1,MM,4.6,208,1021.6,6.9,8.8,3.0,MM,MM,MM
2026,01,27,01,00,110,10.0,12.0,MM,MM,MM,MM,1021.7,6.9,8.7,3.2,MM,-0.7,MM
2026,01,27,00,50,110,10.0,12.0,1.2,10,4.8,239,1021.9,6.9,8.8,3.9,MM,MM,MM
2026,01,27,00,40,110,10.0,12.0,1.2,MM,4.8,239,1021.9,6.8,8.8,3.6,MM,MM,MM
2026,01,27,00,30,110,10.0,12.0,MM,MM,MM,MM,1022.1,6.7,8.8,3.6,MM,MM,MM
2026,01,27,00,20,110,10.0,12.0,1.2,14,5.2,193,1022.2,6.7,8.8,3.7,MM,MM,MM
2026,01,27,00,10,110,10.0,12.0,1.2,MM,5.2,193,1022.3,6.7,8.8,3.9,MM,MM,MM
2026,01,27,00,00,110,10.0,12.0,MM,MM,MM,MM,1022.4,6.6,8.8,3.9,MM,+0.0,MM
